example_id,agent,update_ms,read_ms,generation_ms,end_to_end_ms,model_loading_policy
conv-26-qa-0,lalm,2.834971859318733,15.84990000264952,157.7894499987451,176.47432186071336,one shared preloaded model
conv-26-qa-1,lalm,2.834971859318733,6.720699995639734,157.7894499987451,167.34512185370357,one shared preloaded model
conv-26-qa-2,lalm,2.834971859318733,5.561599995417055,157.7894499987451,166.1860218534809,one shared preloaded model
conv-26-qa-3,lalm,2.834971859318733,5.507200003194157,157.7894499987451,166.131621861258,one shared preloaded model
conv-26-qa-4,lalm,2.834971859318733,6.473699999332894,162.4451499992574,171.75382185790903,one shared preloaded model
conv-26-qa-5,lalm,2.834971859318733,6.599500004085712,162.4451499992574,171.87962186266185,one shared preloaded model
conv-26-qa-6,lalm,2.834971859318733,5.5126000006566755,162.4451499992574,170.7927218592328,one shared preloaded model
conv-26-qa-7,lalm,2.834971859318733,5.399599998781923,162.4451499992574,170.67972185735806,one shared preloaded model
conv-26-qa-8,lalm,2.834971859318733,7.102100003976375,114.96140000053856,124.89847186383366,one shared preloaded model
conv-26-qa-9,lalm,2.834971859318733,10.690900002373382,114.96140000053856,128.48727186223067,one shared preloaded model
conv-26-qa-10,lalm,2.834971859318733,9.918300005665515,114.96140000053856,127.7146718655228,one shared preloaded model
conv-26-qa-11,lalm,2.834971859318733,9.806499998376239,114.96140000053856,127.60287185823353,one shared preloaded model
conv-26-qa-12,lalm,2.834971859318733,6.650199997238815,82.22154999930353,91.70672185586108,one shared preloaded model
conv-26-qa-13,lalm,2.834971859318733,5.68310000380734,82.22154999930353,90.7396218624296,one shared preloaded model
conv-26-qa-14,lalm,2.834971859318733,5.75599999865517,82.22154999930353,90.81252185727743,one shared preloaded model
conv-26-qa-15,lalm,2.834971859318733,6.330700001853984,82.22154999930353,91.38722186047625,one shared preloaded model
conv-26-qa-16,lalm,2.834971859318733,6.0798999984399416,155.59972499977448,164.51459685753315,one shared preloaded model
conv-26-qa-17,lalm,2.834971859318733,5.381499999202788,155.59972499977448,163.816196858296,one shared preloaded model
conv-26-qa-18,lalm,2.834971859318733,7.067899998219218,155.59972499977448,165.50259685731243,one shared preloaded model
conv-26-qa-19,lalm,2.834971859318733,6.133900002168957,155.59972499977448,164.56859686126217,one shared preloaded model
conv-26-qa-20,lalm,2.834971859318733,7.132899998396169,85.01710000018647,94.98497185790137,one shared preloaded model
conv-26-qa-21,lalm,2.834971859318733,6.506300000182819,85.01710000018647,94.35837185968802,one shared preloaded model
conv-26-qa-22,lalm,2.834971859318733,6.889099997351877,85.01710000018647,94.74117185685708,one shared preloaded model
conv-26-qa-23,lalm,2.834971859318733,5.9268000040901825,85.01710000018647,93.77887186359538,one shared preloaded model
conv-26-qa-24,lalm,2.834971859318733,8.443799997621682,184.74905000039143,196.02782185733184,one shared preloaded model
conv-26-qa-25,lalm,2.834971859318733,10.191000001213979,184.74905000039143,197.77502186092414,one shared preloaded model
conv-26-qa-26,lalm,2.834971859318733,9.235700003046077,184.74905000039143,196.81972186275624,one shared preloaded model
conv-26-qa-27,lalm,2.834971859318733,9.378499999002088,184.74905000039143,196.96252185871225,one shared preloaded model
conv-26-qa-28,lalm,2.834971859318733,6.677500001387671,159.12672499871405,168.63919685942045,one shared preloaded model
conv-26-qa-29,lalm,2.834971859318733,5.674799998814706,159.12672499871405,167.6364968568475,one shared preloaded model
conv-26-qa-30,lalm,2.834971859318733,6.840699999884237,159.12672499871405,168.80239685791702,one shared preloaded model
conv-26-qa-31,lalm,2.834971859318733,6.4897999982349575,159.12672499871405,168.45149685626774,one shared preloaded model
conv-26-qa-32,lalm,2.834971859318733,7.2904000044218265,115.12829999992391,125.25367186366447,one shared preloaded model
conv-26-qa-33,lalm,2.834971859318733,5.962099996395409,115.12829999992391,123.92537185563805,one shared preloaded model
conv-26-qa-34,lalm,2.834971859318733,5.439300002763048,115.12829999992391,123.40257186200569,one shared preloaded model
conv-26-qa-35,lalm,2.834971859318733,6.022900000971276,115.12829999992391,123.98617186021391,one shared preloaded model
conv-26-qa-36,lalm,2.834971859318733,6.8905000007362105,158.14895000039542,167.87442186045035,one shared preloaded model
conv-26-qa-37,lalm,2.834971859318733,9.473300000536256,158.14895000039542,170.4572218602504,one shared preloaded model
conv-26-qa-38,lalm,2.834971859318733,9.588000000803731,158.14895000039542,170.57192186051788,one shared preloaded model
conv-26-qa-39,lalm,2.834971859318733,9.107199999561999,158.14895000039542,170.09112185927614,one shared preloaded model
conv-26-qa-40,lalm,2.834971859318733,6.266200005484279,86.38407499893219,95.4852468637352,one shared preloaded model
conv-26-qa-41,lalm,2.834971859318733,5.439900000055786,86.38407499893219,94.6589468583067,one shared preloaded model
conv-26-qa-42,lalm,2.834971859318733,6.784899997001048,86.38407499893219,96.00394685525197,one shared preloaded model
conv-26-qa-43,lalm,2.834971859318733,6.213000000570901,86.38407499893219,95.43204685882182,one shared preloaded model
conv-26-qa-44,lalm,2.834971859318733,6.345900001178961,115.14734999946086,124.32822185995855,one shared preloaded model
conv-26-qa-45,lalm,2.834971859318733,9.904200000164565,115.14734999946086,127.88652185894415,one shared preloaded model
conv-26-qa-46,lalm,2.834971859318733,9.640800002671313,115.14734999946086,127.6231218614509,one shared preloaded model
conv-26-qa-47,lalm,2.834971859318733,7.893699999840464,115.14734999946086,125.87602185862005,one shared preloaded model
conv-26-qa-48,lalm,2.834971859318733,6.296499996096827,164.78997500053083,173.92144685594639,one shared preloaded model
conv-26-qa-49,lalm,2.834971859318733,9.769199998117983,164.78997500053083,177.39414685796754,one shared preloaded model
conv-26-qa-50,lalm,2.834971859318733,10.10639999731211,164.78997500053083,177.73134685716167,one shared preloaded model
conv-26-qa-51,lalm,2.834971859318733,9.705600001325365,164.78997500053083,177.33054686117492,one shared preloaded model
conv-26-qa-52,lalm,2.834971859318733,5.993599996145349,156.08789999896544,164.91647185442952,one shared preloaded model
conv-26-qa-53,lalm,2.834971859318733,5.336800000804942,156.08789999896544,164.2596718590891,one shared preloaded model
conv-26-qa-54,lalm,2.834971859318733,5.278299999190494,156.08789999896544,164.20117185747466,one shared preloaded model
conv-26-qa-55,lalm,2.834971859318733,7.193500001449138,156.08789999896544,166.1163718597333,one shared preloaded model
conv-26-qa-56,lalm,2.834971859318733,6.206199999724049,159.76947499984817,168.81064685889095,one shared preloaded model
conv-26-qa-57,lalm,2.834971859318733,5.314200003340375,159.76947499984817,167.91864686250727,one shared preloaded model
conv-26-qa-58,lalm,2.834971859318733,5.627200000162702,159.76947499984817,168.2316468593296,one shared preloaded model
conv-26-qa-59,lalm,2.834971859318733,6.321100001514424,159.76947499984817,168.92554686068132,one shared preloaded model
conv-26-qa-60,lalm,2.834971859318733,6.634099998336751,239.75412500112725,249.22319685878273,one shared preloaded model
conv-26-qa-61,lalm,2.834971859318733,9.771500001079403,239.75412500112725,252.36059686152538,one shared preloaded model
conv-26-qa-62,lalm,2.834971859318733,9.432999999262393,239.75412500112725,252.02209685970837,one shared preloaded model
conv-26-qa-63,lalm,2.834971859318733,10.813900000357535,239.75412500112725,253.4029968608035,one shared preloaded model
conv-26-qa-64,lalm,2.834971859318733,6.996800002525561,91.9468499996583,101.77862186150259,one shared preloaded model
conv-26-qa-65,lalm,2.834971859318733,9.764299997186754,91.9468499996583,104.54612185616378,one shared preloaded model
conv-26-qa-66,lalm,2.834971859318733,9.815199999138713,91.9468499996583,104.59702185811574,one shared preloaded model
conv-26-qa-67,lalm,2.834971859318733,10.037899999588262,91.9468499996583,104.81972185856529,one shared preloaded model
conv-26-qa-68,lalm,2.834971859318733,6.173300003865734,162.2213999999076,171.22967186309205,one shared preloaded model
conv-26-qa-69,lalm,2.834971859318733,5.955799999355804,162.2213999999076,171.01217185858212,one shared preloaded model
conv-26-qa-70,lalm,2.834971859318733,6.42909999442054,162.2213999999076,171.48547185364686,one shared preloaded model
conv-26-qa-71,lalm,2.834971859318733,6.1160000041127205,162.2213999999076,171.17237186333904,one shared preloaded model
conv-26-qa-72,lalm,2.834971859318733,6.13129999692319,158.05604999877687,167.0223218550188,one shared preloaded model
conv-26-qa-73,lalm,2.834971859318733,9.864999999990687,158.05604999877687,170.75602185808629,one shared preloaded model
conv-26-qa-74,lalm,2.834971859318733,9.397800000442658,158.05604999877687,170.28882185853826,one shared preloaded model
conv-26-qa-75,lalm,2.834971859318733,9.35139999637613,158.05604999877687,170.24242185447173,one shared preloaded model
conv-26-qa-76,lalm,2.834971859318733,6.163499994727317,182.311225000376,191.30969685442204,one shared preloaded model
conv-26-qa-77,lalm,2.834971859318733,5.934599997999612,182.311225000376,191.08079685769434,one shared preloaded model
conv-26-qa-78,lalm,2.834971859318733,6.078600003093015,182.311225000376,191.22479686278774,one shared preloaded model
conv-26-qa-79,lalm,2.834971859318733,8.547000004909933,182.311225000376,193.69319686460466,one shared preloaded model
conv-26-qa-80,lalm,2.834971859318733,6.227300000318792,179.4184000009409,188.4806718605784,one shared preloaded model
conv-26-qa-81,lalm,2.834971859318733,8.696099997905549,179.4184000009409,190.94947185816517,one shared preloaded model
conv-26-qa-82,lalm,2.834971859318733,9.36350000120001,179.4184000009409,191.61687186145963,one shared preloaded model
conv-26-qa-83,lalm,2.834971859318733,9.181199995509814,179.4184000009409,191.43457185576943,one shared preloaded model
conv-26-qa-84,lalm,2.834971859318733,8.679800004756544,115.67592499886814,127.19069686294341,one shared preloaded model
conv-26-qa-85,lalm,2.834971859318733,6.659799997578375,115.67592499886814,125.17069685576524,one shared preloaded model
conv-26-qa-86,lalm,2.834971859318733,5.678000001353212,115.67592499886814,124.18889685954008,one shared preloaded model
conv-26-qa-87,lalm,2.834971859318733,9.581700003764126,115.67592499886814,128.092596861951,one shared preloaded model
conv-26-qa-88,lalm,2.834971859318733,7.2403000012855045,236.7940500007535,246.86932186135772,one shared preloaded model
conv-26-qa-89,lalm,2.834971859318733,6.500199997390155,236.7940500007535,246.12922185746237,one shared preloaded model
conv-26-qa-90,lalm,2.834971859318733,5.312400004186202,236.7940500007535,244.94142186425842,one shared preloaded model
conv-26-qa-91,lalm,2.834971859318733,6.22270000167191,236.7940500007535,245.85172186174412,one shared preloaded model
conv-26-qa-92,lalm,2.834971859318733,7.295100003830157,178.91674999918905,189.04682186233794,one shared preloaded model
conv-26-qa-93,lalm,2.834971859318733,9.253300006093923,178.91674999918905,191.0050218646017,one shared preloaded model
conv-26-qa-94,lalm,2.834971859318733,5.5694999973638915,178.91674999918905,187.32122185587167,one shared preloaded model
conv-26-qa-95,lalm,2.834971859318733,6.204199999046978,178.91674999918905,187.95592185755476,one shared preloaded model
conv-26-qa-96,lalm,2.834971859318733,5.989099998259917,248.45335000100022,257.27742185857886,one shared preloaded model
conv-26-qa-97,lalm,2.834971859318733,6.793499997002073,248.45335000100022,258.081821857321,one shared preloaded model
conv-26-qa-98,lalm,2.834971859318733,6.073700002161786,248.45335000100022,257.36202186248073,one shared preloaded model
conv-26-qa-99,lalm,2.834971859318733,6.321699998807162,248.45335000100022,257.6100218591261,one shared preloaded model
conv-26-qa-100,lalm,2.834971859318733,6.149299995740876,215.86910000041826,224.85337185547786,one shared preloaded model
conv-26-qa-101,lalm,2.834971859318733,6.367800000589341,215.86910000041826,225.07187186032633,one shared preloaded model
conv-26-qa-102,lalm,2.834971859318733,6.100400001741946,215.86910000041826,224.80447186147893,one shared preloaded model
conv-26-qa-103,lalm,2.834971859318733,6.88609999633627,215.86910000041826,225.59017185607325,one shared preloaded model
conv-26-qa-104,lalm,2.834971859318733,6.49390000035055,199.6703749991866,208.99924685885588,one shared preloaded model
conv-26-qa-105,lalm,2.834971859318733,10.188500004005618,199.6703749991866,212.69384686251095,one shared preloaded model
conv-26-qa-106,lalm,2.834971859318733,10.269400001561735,199.6703749991866,212.77474686006707,one shared preloaded model
conv-26-qa-107,lalm,2.834971859318733,9.585100000549573,199.6703749991866,212.0904468590549,one shared preloaded model
conv-26-qa-108,lalm,2.834971859318733,6.027100003848318,83.82505000008678,92.68712186325382,one shared preloaded model
conv-26-qa-109,lalm,2.834971859318733,5.774299999757204,83.82505000008678,92.43432185916271,one shared preloaded model
conv-26-qa-110,lalm,2.834971859318733,5.4726000016671605,83.82505000008678,92.13262186107266,one shared preloaded model
conv-26-qa-111,lalm,2.834971859318733,5.3343000035965815,83.82505000008678,91.99432186300209,one shared preloaded model
conv-26-qa-112,lalm,2.834971859318733,6.342000000586268,175.73227499997301,184.909246859878,one shared preloaded model
conv-26-qa-113,lalm,2.834971859318733,9.900900004140567,175.73227499997301,188.4681468634323,one shared preloaded model
conv-26-qa-114,lalm,2.834971859318733,6.238200003281236,175.73227499997301,184.80544686257298,one shared preloaded model
conv-26-qa-115,lalm,2.834971859318733,5.90609999926528,175.73227499997301,184.47334685855702,one shared preloaded model
conv-26-qa-116,lalm,2.834971859318733,6.365599998389371,178.74740000115708,187.94797185886517,one shared preloaded model
conv-26-qa-117,lalm,2.834971859318733,9.972300002118573,178.74740000115708,191.55467186259438,one shared preloaded model
conv-26-qa-118,lalm,2.834971859318733,7.382699994195718,178.74740000115708,188.96507185467152,one shared preloaded model
conv-26-qa-119,lalm,2.834971859318733,5.079099995782599,178.74740000115708,186.6614718562584,one shared preloaded model
conv-26-qa-120,lalm,2.834971859318733,6.216699999640696,124.15832499937096,133.20999685833038,one shared preloaded model
conv-26-qa-121,lalm,2.834971859318733,9.489499992923811,124.15832499937096,136.4827968516135,one shared preloaded model
conv-26-qa-122,lalm,2.834971859318733,9.783800000150222,124.15832499937096,136.7770968588399,one shared preloaded model
conv-26-qa-123,lalm,2.834971859318733,9.09490000049118,124.15832499937096,136.08819685918087,one shared preloaded model
conv-26-qa-124,lalm,2.834971859318733,6.5747000044211745,85.92117499938468,95.33084686312458,one shared preloaded model
conv-26-qa-125,lalm,2.834971859318733,9.645600002841093,85.92117499938468,98.4017468615445,one shared preloaded model
conv-26-qa-126,lalm,2.834971859318733,10.111000003234949,85.92117499938468,98.86714686193835,one shared preloaded model
conv-26-qa-127,lalm,2.834971859318733,9.265199994842988,85.92117499938468,98.02134685354639,one shared preloaded model
conv-26-qa-128,lalm,2.834971859318733,5.870199995115399,230.45607500171172,239.16124685614585,one shared preloaded model
conv-26-qa-129,lalm,2.834971859318733,5.288000000291504,230.45607500171172,238.57904686132196,one shared preloaded model
conv-26-qa-130,lalm,2.834971859318733,6.282999995164573,230.45607500171172,239.57404685619503,one shared preloaded model
conv-26-qa-131,lalm,2.834971859318733,5.815199998323806,230.45607500171172,239.10624685935426,one shared preloaded model
conv-26-qa-132,lalm,2.834971859318733,6.645900000876281,276.0256000001391,285.5064718603341,one shared preloaded model
conv-26-qa-133,lalm,2.834971859318733,9.881400001177099,276.0256000001391,288.7419718606349,one shared preloaded model
conv-26-qa-134,lalm,2.834971859318733,9.300900004745927,276.0256000001391,288.16147186420375,one shared preloaded model
conv-26-qa-135,lalm,2.834971859318733,9.341199998743832,276.0256000001391,288.20177185820165,one shared preloaded model
conv-26-qa-136,lalm,2.834971859318733,6.064099994546268,85.66824999979872,94.56732185366371,one shared preloaded model
conv-26-qa-137,lalm,2.834971859318733,6.063699998776428,85.66824999979872,94.56692185789387,one shared preloaded model
conv-26-qa-138,lalm,2.834971859318733,6.16489999811165,85.66824999979872,94.6681218572291,one shared preloaded model
conv-26-qa-139,lalm,2.834971859318733,6.310700002359226,85.66824999979872,94.81392186147667,one shared preloaded model
conv-26-qa-140,lalm,2.834971859318733,6.945599998289254,107.72904999976163,117.50962185736961,one shared preloaded model
conv-26-qa-141,lalm,2.834971859318733,9.523599997919519,107.72904999976163,120.08762185699987,one shared preloaded model
conv-26-qa-142,lalm,2.834971859318733,10.073199999169447,107.72904999976163,120.6372218582498,one shared preloaded model
conv-26-qa-143,lalm,2.834971859318733,9.197799998219125,107.72904999976163,119.76182185729948,one shared preloaded model
conv-26-qa-144,lalm,2.834971859318733,6.389099995431025,187.49510000088776,196.7191718556375,one shared preloaded model
conv-26-qa-145,lalm,2.834971859318733,9.909499996865634,187.49510000088776,200.23957185707212,one shared preloaded model
conv-26-qa-146,lalm,2.834971859318733,9.471299999859184,187.49510000088776,199.80137186006567,one shared preloaded model
conv-26-qa-147,lalm,2.834971859318733,9.169800003292039,187.49510000088776,199.49987186349853,one shared preloaded model
conv-26-qa-148,lalm,2.834971859318733,6.3738000026205555,154.2773249984748,163.48609686041408,one shared preloaded model
conv-26-qa-149,lalm,2.834971859318733,6.106200002250262,154.2773249984748,163.21849686004379,one shared preloaded model
conv-26-qa-150,lalm,2.834971859318733,6.186300000990741,154.2773249984748,163.29859685878426,one shared preloaded model
conv-26-qa-151,lalm,2.834971859318733,6.910900003276765,154.2773249984748,164.0231968610703,one shared preloaded model
conv-26-qa-152,lalm,2.834971859318733,6.1741999961668625,84.64992500012158,93.65909685560717,one shared preloaded model
conv-26-qa-153,lalm,2.834971859318733,6.19649999862304,84.64992500012158,93.68139685806335,one shared preloaded model
conv-26-qa-154,lalm,2.834971859318733,6.143799997516908,84.64992500012158,93.62869685695722,one shared preloaded model
conv-26-qa-155,lalm,2.834971859318733,6.918200000654906,84.64992500012158,94.40309686009522,one shared preloaded model
conv-26-qa-156,lalm,2.834971859318733,6.5773000023909844,249.05765000039537,258.4699218621051,one shared preloaded model
conv-26-qa-157,lalm,2.834971859318733,9.714700005133636,249.05765000039537,261.60732186484773,one shared preloaded model
conv-26-qa-158,lalm,2.834971859318733,10.041100002126768,249.05765000039537,261.93372186184087,one shared preloaded model
conv-26-qa-159,lalm,2.834971859318733,9.428000004845671,249.05765000039537,261.32062186455977,one shared preloaded model
conv-26-qa-160,lalm,2.834971859318733,6.403799998224713,173.6250249996374,182.86379685718083,one shared preloaded model
conv-26-qa-161,lalm,2.834971859318733,9.552800001983996,173.6250249996374,186.0127968609401,one shared preloaded model
conv-26-qa-162,lalm,2.834971859318733,10.247099999105558,173.6250249996374,186.70709685806167,one shared preloaded model
conv-26-qa-163,lalm,2.834971859318733,9.564899999531917,173.6250249996374,186.02489685848803,one shared preloaded model
conv-26-qa-164,lalm,2.834971859318733,5.892100001801737,157.04832499977783,165.7753968608983,one shared preloaded model
conv-26-qa-165,lalm,2.834971859318733,5.2211000001989305,157.04832499977783,165.1043968592955,one shared preloaded model
conv-26-qa-166,lalm,2.834971859318733,6.164200000057463,157.04832499977783,166.04749685915402,one shared preloaded model
conv-26-qa-167,lalm,2.834971859318733,6.049499999789987,157.04832499977783,165.93279685888655,one shared preloaded model
conv-26-qa-168,lalm,2.834971859318733,6.136600000900216,168.5311000001093,177.50267186032823,one shared preloaded model
conv-26-qa-169,lalm,2.834971859318733,9.808800001337659,168.5311000001093,181.17487186076568,one shared preloaded model
conv-26-qa-170,lalm,2.834971859318733,10.69429999915883,168.5311000001093,182.06037185858685,one shared preloaded model
conv-26-qa-171,lalm,2.834971859318733,9.69930000428576,168.5311000001093,181.06537186371378,one shared preloaded model
conv-26-qa-172,lalm,2.834971859318733,6.226600002264604,151.14610000091488,160.20767186249822,one shared preloaded model
conv-26-qa-173,lalm,2.834971859318733,9.57810000545578,151.14610000091488,163.5591718656894,one shared preloaded model
conv-26-qa-174,lalm,2.834971859318733,9.413300002051983,151.14610000091488,163.3943718622856,one shared preloaded model
conv-26-qa-175,lalm,2.834971859318733,9.306100000685547,151.14610000091488,163.28717186091916,one shared preloaded model
conv-26-qa-176,lalm,2.834971859318733,6.671399998595007,157.77582499868004,167.28219685659377,one shared preloaded model
conv-26-qa-177,lalm,2.834971859318733,8.674699995026458,157.77582499868004,169.28549685302522,one shared preloaded model
conv-26-qa-178,lalm,2.834971859318733,9.602500002074521,157.77582499868004,170.21329686007329,one shared preloaded model
conv-26-qa-179,lalm,2.834971859318733,9.130300000833813,157.77582499868004,169.74109685883258,one shared preloaded model
conv-26-qa-180,lalm,2.834971859318733,6.433000002289191,107.94129999885627,117.20927186046418,one shared preloaded model
conv-26-qa-181,lalm,2.834971859318733,9.836599994741846,107.94129999885627,120.61287185291684,one shared preloaded model
conv-26-qa-182,lalm,2.834971859318733,9.859800004051067,107.94129999885627,120.63607186222606,one shared preloaded model
conv-26-qa-183,lalm,2.834971859318733,9.696499997517094,107.94129999885627,120.47277185569209,one shared preloaded model
conv-26-qa-184,lalm,2.834971859318733,6.094299998949282,186.56629999895813,195.49557185722614,one shared preloaded model
conv-26-qa-185,lalm,2.834971859318733,5.164900001545902,186.56629999895813,194.56617185982276,one shared preloaded model
conv-26-qa-186,lalm,2.834971859318733,6.32489999406971,186.56629999895813,195.72617185234657,one shared preloaded model
conv-26-qa-187,lalm,2.834971859318733,5.885600003239233,186.56629999895813,195.2868718615161,one shared preloaded model
conv-26-qa-188,lalm,2.834971859318733,6.54719999874942,84.48632499857922,93.86849685664737,one shared preloaded model
conv-26-qa-189,lalm,2.834971859318733,6.116900003689807,84.48632499857922,93.43819686158776,one shared preloaded model
conv-26-qa-190,lalm,2.834971859318733,6.640200001129415,84.48632499857922,93.96149685902736,one shared preloaded model
conv-26-qa-191,lalm,2.834971859318733,5.438399995910004,84.48632499857922,92.75969685380795,one shared preloaded model
conv-26-qa-192,lalm,2.834971859318733,6.746599996404257,154.57190000051924,164.15347185624222,one shared preloaded model
conv-26-qa-193,lalm,2.834971859318733,9.949799998139497,154.57190000051924,167.35667185797746,one shared preloaded model
conv-26-qa-194,lalm,2.834971859318733,9.424900003068615,154.57190000051924,166.83177186290658,one shared preloaded model
conv-26-qa-195,lalm,2.834971859318733,9.066899998288136,154.57190000051924,166.4737718581261,one shared preloaded model
conv-26-qa-196,lalm,2.834971859318733,6.242499999643769,430.21730000085273,439.2947718598152,one shared preloaded model
conv-26-qa-197,lalm,2.834971859318733,9.894700000586454,430.21730000085273,442.9469718607579,one shared preloaded model
conv-26-qa-198,lalm,2.834971859318733,9.691299994301517,430.21730000085273,442.743571854473,one shared preloaded model
conv-30-qa-0,lalm,3.1456076190113977,9.729099998367019,145.69209999899613,158.56680761637455,one shared preloaded model
conv-30-qa-1,lalm,3.1456076190113977,9.817300000577234,145.69209999899613,158.65500761858476,one shared preloaded model
conv-30-qa-2,lalm,3.1456076190113977,9.68519999878481,145.69209999899613,158.52290761679234,one shared preloaded model
conv-30-qa-3,lalm,3.1456076190113977,9.62969999818597,145.69209999899613,158.4674076161935,one shared preloaded model
conv-30-qa-4,lalm,3.1456076190113977,5.847400003403891,205.3067500000907,214.29975762250598,one shared preloaded model
conv-30-qa-5,lalm,3.1456076190113977,5.284599996230099,205.3067500000907,213.7369576153322,one shared preloaded model
conv-30-qa-6,lalm,3.1456076190113977,5.237199999100994,205.3067500000907,213.68955761820308,one shared preloaded model
conv-30-qa-7,lalm,3.1456076190113977,6.499400005850475,205.3067500000907,214.95175762495256,one shared preloaded model
conv-30-qa-8,lalm,3.1456076190113977,6.38279999839142,114.12367500088294,123.65208261828576,one shared preloaded model
conv-30-qa-9,lalm,3.1456076190113977,10.663799999747425,114.12367500088294,127.93308261964177,one shared preloaded model
conv-30-qa-10,lalm,3.1456076190113977,9.575800002494361,114.12367500088294,126.8450826223887,one shared preloaded model
conv-30-qa-11,lalm,3.1456076190113977,9.306899999501184,114.12367500088294,126.57618261939552,one shared preloaded model
conv-30-qa-12,lalm,3.1456076190113977,7.054200003040023,158.31855000033102,168.51835762238244,one shared preloaded model
conv-30-qa-13,lalm,3.1456076190113977,9.447200005524792,158.31855000033102,170.9113576248672,one shared preloaded model
conv-30-qa-14,lalm,3.1456076190113977,9.926799997629132,158.31855000033102,171.39095761697155,one shared preloaded model
conv-30-qa-15,lalm,3.1456076190113977,9.333200003311504,158.31855000033102,170.79735762265392,one shared preloaded model
conv-30-qa-16,lalm,3.1456076190113977,6.889800002682023,237.25487499905284,247.29028262074627,one shared preloaded model
conv-30-qa-17,lalm,3.1456076190113977,10.048500000266358,237.25487499905284,250.4489826183306,one shared preloaded model
conv-30-qa-18,lalm,3.1456076190113977,10.180599994782824,237.25487499905284,250.58108261284707,one shared preloaded model
conv-30-qa-19,lalm,3.1456076190113977,9.771299999556504,237.25487499905284,250.17178261762075,one shared preloaded model
conv-30-qa-20,lalm,3.1456076190113977,5.81160000001546,237.66685000009602,246.62405761912288,one shared preloaded model
conv-30-qa-21,lalm,3.1456076190113977,5.372500003431924,237.66685000009602,246.18495762253934,one shared preloaded model
conv-30-qa-22,lalm,3.1456076190113977,5.915600006119348,237.66685000009602,246.72805762522677,one shared preloaded model
conv-30-qa-23,lalm,3.1456076190113977,5.973100000119302,237.66685000009602,246.78555761922672,one shared preloaded model
conv-30-qa-24,lalm,3.1456076190113977,6.3339999978779815,218.42292499968607,227.90253261657546,one shared preloaded model
conv-30-qa-25,lalm,3.1456076190113977,9.708500001579523,218.42292499968607,231.277032620277,one shared preloaded model
conv-30-qa-26,lalm,3.1456076190113977,9.96379999560304,218.42292499968607,231.53233261430051,one shared preloaded model
conv-30-qa-27,lalm,3.1456076190113977,9.379799994349014,218.42292499968607,230.9483326130465,one shared preloaded model
conv-30-qa-28,lalm,3.1456076190113977,7.27539999934379,151.62827499989362,162.0492826182488,one shared preloaded model
conv-30-qa-29,lalm,3.1456076190113977,9.480200002144556,151.62827499989362,164.25408262104958,one shared preloaded model
conv-30-qa-30,lalm,3.1456076190113977,9.773300000233576,151.62827499989362,164.5471826191386,one shared preloaded model
conv-30-qa-31,lalm,3.1456076190113977,9.682600000815,151.62827499989362,164.45648261972002,one shared preloaded model
conv-30-qa-32,lalm,3.1456076190113977,6.752100001904182,151.3388000003033,161.2365076212189,one shared preloaded model
conv-30-qa-33,lalm,3.1456076190113977,5.946999997831881,151.3388000003033,160.4314076171466,one shared preloaded model
conv-30-qa-34,lalm,3.1456076190113977,6.635500001721084,151.3388000003033,161.1199076210358,one shared preloaded model
conv-30-qa-35,lalm,3.1456076190113977,6.085900000471156,151.3388000003033,160.57030761978586,one shared preloaded model
conv-30-qa-36,lalm,3.1456076190113977,5.888200001209043,81.60867500009772,90.64248262031816,one shared preloaded model
conv-30-qa-37,lalm,3.1456076190113977,7.257299999764655,81.60867500009772,92.01158261887377,one shared preloaded model
conv-30-qa-38,lalm,3.1456076190113977,10.486200000741519,81.60867500009772,95.24048261985064,one shared preloaded model
conv-30-qa-39,lalm,3.1456076190113977,9.349400002975017,81.60867500009772,94.10368262208414,one shared preloaded model
conv-30-qa-40,lalm,3.1456076190113977,6.345800000417512,179.2601500001183,188.7515576195472,one shared preloaded model
conv-30-qa-41,lalm,3.1456076190113977,8.967100002337247,179.2601500001183,191.37285762146695,one shared preloaded model
conv-30-qa-42,lalm,3.1456076190113977,6.671000002825167,179.2601500001183,189.07675762195487,one shared preloaded model
conv-30-qa-43,lalm,3.1456076190113977,9.809100003622007,179.2601500001183,192.2148576227517,one shared preloaded model
conv-30-qa-44,lalm,3.1456076190113977,6.329499999992549,156.29735000038636,165.7724576193903,one shared preloaded model
conv-30-qa-45,lalm,3.1456076190113977,9.859899997536559,156.29735000038636,169.30285761693432,one shared preloaded model
conv-30-qa-46,lalm,3.1456076190113977,9.696100001747254,156.29735000038636,169.139057621145,one shared preloaded model
conv-30-qa-47,lalm,3.1456076190113977,10.135600001376588,156.29735000038636,169.57855762077435,one shared preloaded model
conv-30-qa-48,lalm,3.1456076190113977,6.235100001504179,287.03732500071055,296.41803262122613,one shared preloaded model
conv-30-qa-49,lalm,3.1456076190113977,11.555999997653998,287.03732500071055,301.73893261737595,one shared preloaded model
conv-30-qa-50,lalm,3.1456076190113977,10.344800000893883,287.03732500071055,300.52773262061584,one shared preloaded model
conv-30-qa-51,lalm,3.1456076190113977,10.309199999028351,287.03732500071055,300.4921326187503,one shared preloaded model
conv-30-qa-52,lalm,3.1456076190113977,5.888899999263231,284.060275000229,293.09478261850364,one shared preloaded model
conv-30-qa-53,lalm,3.1456076190113977,6.436800002120435,284.060275000229,293.64268262136085,one shared preloaded model
conv-30-qa-54,lalm,3.1456076190113977,6.001599998853635,284.060275000229,293.20748261809405,one shared preloaded model
conv-30-qa-55,lalm,3.1456076190113977,5.2834000016446225,284.060275000229,292.48928262088504,one shared preloaded model
conv-30-qa-56,lalm,3.1456076190113977,6.353099997795653,162.92227499980072,172.42098261660777,one shared preloaded model
conv-30-qa-57,lalm,3.1456076190113977,9.398999995028134,162.92227499980072,175.46688261384026,one shared preloaded model
conv-30-qa-58,lalm,3.1456076190113977,9.609499997168314,162.92227499980072,175.67738261598043,one shared preloaded model
conv-30-qa-59,lalm,3.1456076190113977,9.328299995104317,162.92227499980072,175.39618261391644,one shared preloaded model
conv-30-qa-60,lalm,3.1456076190113977,6.488400002126582,305.11022499922547,314.74423262036345,one shared preloaded model
conv-30-qa-61,lalm,3.1456076190113977,5.052100001194049,305.11022499922547,313.3079326194309,one shared preloaded model
conv-30-qa-62,lalm,3.1456076190113977,5.372700004954822,305.11022499922547,313.6285326231917,one shared preloaded model
conv-30-qa-63,lalm,3.1456076190113977,6.11419999768259,305.11022499922547,314.37003261591946,one shared preloaded model
conv-30-qa-64,lalm,3.1456076190113977,6.383399995684158,184.00152499998512,193.53053261468068,one shared preloaded model
conv-30-qa-65,lalm,3.1456076190113977,9.841799997957423,184.00152499998512,196.98893261695395,one shared preloaded model
conv-30-qa-66,lalm,3.1456076190113977,6.130599998869002,184.00152499998512,193.27773261786552,one shared preloaded model
conv-30-qa-67,lalm,3.1456076190113977,6.316999999398831,184.00152499998512,193.46413261839535,one shared preloaded model
conv-30-qa-68,lalm,3.1456076190113977,6.5818000002764165,234.31527499997173,244.04268261925955,one shared preloaded model
conv-30-qa-69,lalm,3.1456076190113977,9.962200005247723,234.31527499997173,247.42308262423086,one shared preloaded model
conv-30-qa-70,lalm,3.1456076190113977,9.62699999945471,234.31527499997173,247.08788261843785,one shared preloaded model
conv-30-qa-71,lalm,3.1456076190113977,9.40719999925932,234.31527499997173,246.86808261824245,one shared preloaded model
conv-30-qa-72,lalm,3.1456076190113977,6.169800006318837,159.497274999012,168.81268262434224,one shared preloaded model
conv-30-qa-73,lalm,3.1456076190113977,8.27969999954803,159.497274999012,170.92258261757144,one shared preloaded model
conv-30-qa-74,lalm,3.1456076190113977,7.309799999347888,159.497274999012,169.9526826173713,one shared preloaded model
conv-30-qa-75,lalm,3.1456076190113977,6.827199998951983,159.497274999012,169.4700826169754,one shared preloaded model
conv-30-qa-76,lalm,3.1456076190113977,6.998299999395385,126.34467499992752,136.4885826183343,one shared preloaded model
conv-30-qa-77,lalm,3.1456076190113977,9.667699996498413,126.34467499992752,139.15798261543733,one shared preloaded model
conv-30-qa-78,lalm,3.1456076190113977,10.112900003150571,126.34467499992752,139.6031826220895,one shared preloaded model
conv-30-qa-79,lalm,3.1456076190113977,9.265100001357496,126.34467499992752,138.75538262029642,one shared preloaded model
conv-30-qa-80,lalm,3.1456076190113977,6.062399996153545,162.84430000087013,172.05230761603508,one shared preloaded model
conv-30-qa-81,lalm,3.1456076190113977,9.789800002181437,162.84430000087013,175.77970762206297,one shared preloaded model
conv-30-qa-82,lalm,3.1456076190113977,9.259099999326281,162.84430000087013,175.24900761920782,one shared preloaded model
conv-30-qa-83,lalm,3.1456076190113977,9.739699999045115,162.84430000087013,175.72960761892665,one shared preloaded model
conv-30-qa-84,lalm,3.1456076190113977,6.421700003556907,229.66052500123624,239.22783262380455,one shared preloaded model
conv-30-qa-85,lalm,3.1456076190113977,9.296699994592927,229.66052500123624,242.10283261484057,one shared preloaded model
conv-30-qa-86,lalm,3.1456076190113977,5.391799997596536,229.66052500123624,238.19793261784417,one shared preloaded model
conv-30-qa-87,lalm,3.1456076190113977,6.711099995300174,229.66052500123624,239.5172326155478,one shared preloaded model
conv-30-qa-88,lalm,3.1456076190113977,6.108900000981521,220.85424999932002,230.10875761931294,one shared preloaded model
conv-30-qa-89,lalm,3.1456076190113977,10.039599997980986,220.85424999932002,234.0394576163124,one shared preloaded model
conv-30-qa-90,lalm,3.1456076190113977,9.88369999686256,220.85424999932002,233.88355761519398,one shared preloaded model
conv-30-qa-91,lalm,3.1456076190113977,9.52809999580495,220.85424999932002,233.52795761413637,one shared preloaded model
conv-30-qa-92,lalm,3.1456076190113977,7.104099997377489,111.50855000050797,121.75825761689686,one shared preloaded model
conv-30-qa-93,lalm,3.1456076190113977,6.703299994114786,111.50855000050797,121.35745761363415,one shared preloaded model
conv-30-qa-94,lalm,3.1456076190113977,8.469500004139263,111.50855000050797,123.12365762365863,one shared preloaded model
conv-30-qa-95,lalm,3.1456076190113977,9.601400000974536,111.50855000050797,124.2555576204939,one shared preloaded model
conv-30-qa-96,lalm,3.1456076190113977,6.160500000987668,126.0896000003413,135.39570762034037,one shared preloaded model
conv-30-qa-97,lalm,3.1456076190113977,9.399399998073932,126.0896000003413,138.63460761742664,one shared preloaded model
conv-30-qa-98,lalm,3.1456076190113977,9.649899999203626,126.0896000003413,138.88510761855633,one shared preloaded model
conv-30-qa-99,lalm,3.1456076190113977,9.528900001896545,126.0896000003413,138.76410762124925,one shared preloaded model
conv-30-qa-100,lalm,3.1456076190113977,6.286499999987427,72.58385000022827,82.0159576192271,one shared preloaded model
conv-30-qa-101,lalm,3.1456076190113977,9.335200003988575,72.58385000022827,85.06465762322824,one shared preloaded model
conv-30-qa-102,lalm,3.1456076190113977,10.04570000077365,72.58385000022827,85.77515762001332,one shared preloaded model
conv-30-qa-103,lalm,3.1456076190113977,9.438399996724911,72.58385000022827,85.16785761596458,one shared preloaded model
conv-30-qa-104,lalm,3.1456076190113977,6.42379999771947,561.5919999981998,571.1614076149306,one shared preloaded model
conv-41-qa-0,lalm,3.112456994809794,9.737399996083695,82.59792499848118,95.44778198937466,one shared preloaded model
conv-41-qa-1,lalm,3.112456994809794,9.620899996662047,82.59792499848118,95.33128198995301,one shared preloaded model
conv-41-qa-2,lalm,3.112456994809794,9.572599999955855,82.59792499848118,95.28298199324682,one shared preloaded model
conv-41-qa-3,lalm,3.112456994809794,9.315600000263657,82.59792499848118,95.02598199355462,one shared preloaded model
conv-41-qa-4,lalm,3.112456994809794,6.817800000135321,231.41457499878015,241.34483199372528,one shared preloaded model
conv-41-qa-5,lalm,3.112456994809794,9.778300001926254,231.41457499878015,244.3053319955162,one shared preloaded model
conv-41-qa-6,lalm,3.112456994809794,9.819799997785594,231.41457499878015,244.34683199137555,one shared preloaded model
conv-41-qa-7,lalm,3.112456994809794,9.318999997049104,231.41457499878015,243.84603199063906,one shared preloaded model
conv-41-qa-8,lalm,3.112456994809794,6.3402999949175864,152.32540000033623,161.77815699006362,one shared preloaded model
conv-41-qa-9,lalm,3.112456994809794,5.7923999993363395,152.32540000033623,161.23025699448237,one shared preloaded model
conv-41-qa-10,lalm,3.112456994809794,6.606499999179505,152.32540000033623,162.04435699432554,one shared preloaded model
conv-41-qa-11,lalm,3.112456994809794,5.789399998320732,152.32540000033623,161.22725699346677,one shared preloaded model
conv-41-qa-12,lalm,3.112456994809794,6.341199994494673,93.31220000058238,102.76585698988684,one shared preloaded model
conv-41-qa-13,lalm,3.112456994809794,6.832600003690459,93.31220000058238,103.25725699908263,one shared preloaded model
conv-41-qa-14,lalm,3.112456994809794,9.916599999996834,93.31220000058238,106.341256995389,one shared preloaded model
conv-41-qa-15,lalm,3.112456994809794,8.207699997001328,93.31220000058238,104.6323569923935,one shared preloaded model
conv-41-qa-16,lalm,3.112456994809794,6.137200005468912,208.77522499904444,218.02488199932316,one shared preloaded model
conv-41-qa-17,lalm,3.112456994809794,5.3960000004735775,208.77522499904444,217.28368199432782,one shared preloaded model
conv-41-qa-18,lalm,3.112456994809794,5.112600003485568,208.77522499904444,217.0002819973398,one shared preloaded model
conv-41-qa-19,lalm,3.112456994809794,7.637800001248252,208.77522499904444,219.5254819951025,one shared preloaded model
conv-41-qa-20,lalm,3.112456994809794,6.197199996677227,151.83737499864947,161.1470319901365,one shared preloaded model
conv-41-qa-21,lalm,3.112456994809794,10.435099997266661,151.83737499864947,165.38493199072593,one shared preloaded model
conv-41-qa-22,lalm,3.112456994809794,9.88599999982398,151.83737499864947,164.83583199328325,one shared preloaded model
conv-41-qa-23,lalm,3.112456994809794,9.163599999737926,151.83737499864947,164.1134319931972,one shared preloaded model
conv-41-qa-24,lalm,3.112456994809794,6.229799997527152,154.63574999921548,163.97800699155243,one shared preloaded model
conv-41-qa-25,lalm,3.112456994809794,9.934500005329028,154.63574999921548,167.6827069993543,one shared preloaded model
conv-41-qa-26,lalm,3.112456994809794,9.356599999591708,154.63574999921548,167.104806993617,one shared preloaded model
conv-41-qa-27,lalm,3.112456994809794,9.457300002395641,154.63574999921548,167.20550699642092,one shared preloaded model
conv-41-qa-28,lalm,3.112456994809794,6.734599999617785,89.8209750012029,99.66803199563047,one shared preloaded model
conv-41-qa-29,lalm,3.112456994809794,9.603699996659998,89.8209750012029,102.53713199267268,one shared preloaded model
conv-41-qa-30,lalm,3.112456994809794,9.667199999967124,89.8209750012029,102.60063199597981,one shared preloaded model
conv-41-qa-31,lalm,3.112456994809794,9.929399995598942,89.8209750012029,102.86283199161163,one shared preloaded model
conv-41-qa-32,lalm,3.112456994809794,7.3671999998623505,88.39172499938286,98.871381994055,one shared preloaded model
conv-41-qa-33,lalm,3.112456994809794,11.00880000012694,88.39172499938286,102.51298199431959,one shared preloaded model
conv-41-qa-34,lalm,3.112456994809794,10.305499999958556,88.39172499938286,101.8096819941512,one shared preloaded model
conv-41-qa-35,lalm,3.112456994809794,10.493699999642558,88.39172499938286,101.99788199383521,one shared preloaded model
conv-41-qa-36,lalm,3.112456994809794,7.066199999826495,148.49737500117044,158.67603199580674,one shared preloaded model
conv-41-qa-37,lalm,3.112456994809794,8.231800005887635,148.49737500117044,159.84163200186788,one shared preloaded model
conv-41-qa-38,lalm,3.112456994809794,8.393800002522767,148.49737500117044,160.003631998503,one shared preloaded model
conv-41-qa-39,lalm,3.112456994809794,9.299699995608535,148.49737500117044,160.90953199158878,one shared preloaded model
conv-41-qa-40,lalm,3.112456994809794,7.732300000498071,109.35452499870735,120.19928199401521,one shared preloaded model
conv-41-qa-41,lalm,3.112456994809794,9.58109999919543,109.35452499870735,122.04808199271257,one shared preloaded model
conv-41-qa-42,lalm,3.112456994809794,5.501699997694232,109.35452499870735,117.96868199121137,one shared preloaded model
conv-41-qa-43,lalm,3.112456994809794,5.455099999380764,109.35452499870735,117.9220819928979,one shared preloaded model
conv-41-qa-44,lalm,3.112456994809794,6.10420000157319,152.15012499902514,161.36678199540813,one shared preloaded model
conv-41-qa-45,lalm,3.112456994809794,6.247800003620796,152.15012499902514,161.51038199745574,one shared preloaded model
conv-41-qa-46,lalm,3.112456994809794,6.853099999716505,152.15012499902514,162.11568199355145,one shared preloaded model
conv-41-qa-47,lalm,3.112456994809794,6.61240000044927,152.15012499902514,161.8749819942842,one shared preloaded model
conv-41-qa-48,lalm,3.112456994809794,6.158099997264799,154.96209999946586,164.23265699154047,one shared preloaded model
conv-41-qa-49,lalm,3.112456994809794,10.160300000279676,154.96209999946586,168.23485699455534,one shared preloaded model
conv-41-qa-50,lalm,3.112456994809794,9.870299996691756,154.96209999946586,167.94485699096742,one shared preloaded model
conv-41-qa-51,lalm,3.112456994809794,9.211700002197176,154.96209999946586,167.28625699647284,one shared preloaded model
conv-41-qa-52,lalm,3.112456994809794,6.616799997573253,146.7237249999016,156.45298199228466,one shared preloaded model
conv-41-qa-53,lalm,3.112456994809794,10.094999997818377,146.7237249999016,159.9311819925298,one shared preloaded model
conv-41-qa-54,lalm,3.112456994809794,9.36329999967711,146.7237249999016,159.19948199438852,one shared preloaded model
conv-41-qa-55,lalm,3.112456994809794,9.536800003843382,146.7237249999016,159.3729819985548,one shared preloaded model
conv-41-qa-56,lalm,3.112456994809794,7.227699999930337,163.29430000041611,173.63445699515626,one shared preloaded model
conv-41-qa-57,lalm,3.112456994809794,6.685700005618855,163.29430000041611,173.09245700084477,one shared preloaded model
conv-41-qa-58,lalm,3.112456994809794,5.963499999779742,163.29430000041611,172.37025699500566,one shared preloaded model
conv-41-qa-59,lalm,3.112456994809794,6.503099997644313,163.29430000041611,172.90985699287023,one shared preloaded model
conv-41-qa-60,lalm,3.112456994809794,6.301599998550955,79.30297500024608,88.71703199360682,one shared preloaded model
conv-41-qa-61,lalm,3.112456994809794,9.824900000239722,79.30297500024608,92.24033199529559,one shared preloaded model
conv-41-qa-62,lalm,3.112456994809794,9.17660000413889,79.30297500024608,91.59203199919476,one shared preloaded model
conv-41-qa-63,lalm,3.112456994809794,9.517999998934101,79.30297500024608,91.93343199398997,one shared preloaded model
conv-41-qa-64,lalm,3.112456994809794,6.272500002523884,156.07282500059227,165.45778199792596,one shared preloaded model
conv-41-qa-65,lalm,3.112456994809794,9.748600001330487,156.07282500059227,168.93388199673257,one shared preloaded model
conv-41-qa-66,lalm,3.112456994809794,10.472699999809265,156.07282500059227,169.65798199521134,one shared preloaded model
conv-41-qa-67,lalm,3.112456994809794,10.022800001024734,156.07282500059227,169.2080819964268,one shared preloaded model
conv-41-qa-68,lalm,3.112456994809794,6.976399999985006,237.48555000020133,247.57440699499614,one shared preloaded model
conv-41-qa-69,lalm,3.112456994809794,10.044800001196563,237.48555000020133,250.6428069962077,one shared preloaded model
conv-41-qa-70,lalm,3.112456994809794,10.363100001995917,237.48555000020133,250.96110699700705,one shared preloaded model
conv-41-qa-71,lalm,3.112456994809794,11.364799996954389,237.48555000020133,251.96280699196552,one shared preloaded model
conv-41-qa-72,lalm,3.112456994809794,7.105500000761822,279.3088500002341,289.5268069958057,one shared preloaded model
conv-41-qa-73,lalm,3.112456994809794,10.313400001905393,279.3088500002341,292.7347069969493,one shared preloaded model
conv-41-qa-74,lalm,3.112456994809794,10.34530000470113,279.3088500002341,292.766606999745,one shared preloaded model
conv-41-qa-75,lalm,3.112456994809794,9.169099997961894,279.3088500002341,291.5904069930058,one shared preloaded model
conv-41-qa-76,lalm,3.112456994809794,6.797399997594766,156.0747250005079,165.98458199291247,one shared preloaded model
conv-41-qa-77,lalm,3.112456994809794,6.148999993456528,156.0747250005079,165.33618198877423,one shared preloaded model
conv-41-qa-78,lalm,3.112456994809794,8.784000005107373,156.0747250005079,167.97118200042507,one shared preloaded model
conv-41-qa-79,lalm,3.112456994809794,9.701700000732671,156.0747250005079,168.88888199605037,one shared preloaded model
conv-41-qa-80,lalm,3.112456994809794,6.264700001338497,106.68565000014496,116.06280699629325,one shared preloaded model
conv-41-qa-81,lalm,3.112456994809794,9.358099996461533,106.68565000014496,119.15620699141628,one shared preloaded model
conv-41-qa-82,lalm,3.112456994809794,9.662900003604591,106.68565000014496,119.46100699855934,one shared preloaded model
conv-41-qa-83,lalm,3.112456994809794,9.779299994988833,106.68565000014496,119.57740698994358,one shared preloaded model
conv-41-qa-84,lalm,3.112456994809794,6.393099996785168,333.5343999988254,343.03995699042036,one shared preloaded model
conv-41-qa-85,lalm,3.112456994809794,7.569599998532794,333.5343999988254,344.216456992168,one shared preloaded model
conv-41-qa-86,lalm,3.112456994809794,9.704700001748279,333.5343999988254,346.3515569953835,one shared preloaded model
conv-41-qa-87,lalm,3.112456994809794,9.221600004821084,333.5343999988254,345.8684569984563,one shared preloaded model
conv-41-qa-88,lalm,3.112456994809794,6.37540000025183,164.63377500076604,174.12163199582767,one shared preloaded model
conv-41-qa-89,lalm,3.112456994809794,7.434099999954924,164.63377500076604,175.18033199553076,one shared preloaded model
conv-41-qa-90,lalm,3.112456994809794,6.996899996011052,164.63377500076604,174.7431319915869,one shared preloaded model
conv-41-qa-91,lalm,3.112456994809794,6.721900004777126,164.63377500076604,174.46813200035297,one shared preloaded model
conv-41-qa-92,lalm,3.112456994809794,6.282499998633284,336.2619250001444,345.6568819935875,one shared preloaded model
conv-41-qa-93,lalm,3.112456994809794,10.35779999801889,336.2619250001444,349.7321819929731,one shared preloaded model
conv-41-qa-94,lalm,3.112456994809794,10.515100002521649,336.2619250001444,349.88948199747585,one shared preloaded model
conv-41-qa-95,lalm,3.112456994809794,9.192199999233708,336.2619250001444,348.5665819941879,one shared preloaded model
conv-41-qa-96,lalm,3.112456994809794,6.021200002578553,367.8935999996611,377.02725699704945,one shared preloaded model
conv-41-qa-97,lalm,3.112456994809794,5.461499997181818,367.8935999996611,376.4675569916527,one shared preloaded model
conv-41-qa-98,lalm,3.112456994809794,6.475399997725617,367.8935999996611,377.4814569921965,one shared preloaded model
conv-41-qa-99,lalm,3.112456994809794,5.56749999668682,367.8935999996611,376.5735569911577,one shared preloaded model
conv-41-qa-100,lalm,3.112456994809794,6.130599998869002,307.97742499999003,317.22048199366884,one shared preloaded model
conv-41-qa-101,lalm,3.112456994809794,10.27299999987008,307.97742499999003,321.3628819946699,one shared preloaded model
conv-41-qa-102,lalm,3.112456994809794,10.516499998630024,307.97742499999003,321.60638199342986,one shared preloaded model
conv-41-qa-103,lalm,3.112456994809794,10.133900002983864,307.97742499999003,321.2237819977837,one shared preloaded model
conv-41-qa-104,lalm,3.112456994809794,6.688800000119954,191.3587250001001,201.15998199502985,one shared preloaded model
conv-41-qa-105,lalm,3.112456994809794,10.233100001642015,191.3587250001001,204.7042819965519,one shared preloaded model
conv-41-qa-106,lalm,3.112456994809794,10.564299998804927,191.3587250001001,205.03548199371482,one shared preloaded model
conv-41-qa-107,lalm,3.112456994809794,9.946899997885339,191.3587250001001,204.41808199279524,one shared preloaded model
conv-41-qa-108,lalm,3.112456994809794,6.197999995492864,295.672200001718,304.9826569920207,one shared preloaded model
conv-41-qa-109,lalm,3.112456994809794,9.802099993976299,295.672200001718,308.5867569905041,one shared preloaded model
conv-41-qa-110,lalm,3.112456994809794,10.068600000522565,295.672200001718,308.8532569970504,one shared preloaded model
conv-41-qa-111,lalm,3.112456994809794,8.731999994779471,295.672200001718,307.5166569913073,one shared preloaded model
conv-41-qa-112,lalm,3.112456994809794,6.140999998024199,216.49287499894854,225.74633199178254,one shared preloaded model
conv-41-qa-113,lalm,3.112456994809794,9.23569999577012,216.49287499894854,228.84103198952846,one shared preloaded model
conv-41-qa-114,lalm,3.112456994809794,10.482400000910275,216.49287499894854,230.08773199466862,one shared preloaded model
conv-41-qa-115,lalm,3.112456994809794,10.37190000351984,216.49287499894854,229.97723199727818,one shared preloaded model
conv-41-qa-116,lalm,3.112456994809794,6.753100002242718,201.48107500062906,211.34663199768158,one shared preloaded model
conv-41-qa-117,lalm,3.112456994809794,9.941699994669762,201.48107500062906,214.53523199010863,one shared preloaded model
conv-41-qa-118,lalm,3.112456994809794,9.44819999858737,201.48107500062906,214.04173199402624,one shared preloaded model
conv-41-qa-119,lalm,3.112456994809794,9.794600002351217,201.48107500062906,214.38813199779008,one shared preloaded model
conv-41-qa-120,lalm,3.112456994809794,7.274299998243805,210.5136999998649,220.90045699291852,one shared preloaded model
conv-41-qa-121,lalm,3.112456994809794,9.83960000303341,210.5136999998649,223.46575699770813,one shared preloaded model
conv-41-qa-122,lalm,3.112456994809794,10.372099997766782,210.5136999998649,223.9982569924415,one shared preloaded model
conv-41-qa-123,lalm,3.112456994809794,10.12790000095265,210.5136999998649,223.75405699562737,one shared preloaded model
conv-41-qa-124,lalm,3.112456994809794,7.180599997809622,146.06587500020396,156.3589319928234,one shared preloaded model
conv-41-qa-125,lalm,3.112456994809794,9.853999996266793,146.06587500020396,159.03233199128056,one shared preloaded model
conv-41-qa-126,lalm,3.112456994809794,10.070299998915289,146.06587500020396,159.24863199392905,one shared preloaded model
conv-41-qa-127,lalm,3.112456994809794,9.911199995258357,146.06587500020396,159.08953199027212,one shared preloaded model
conv-41-qa-128,lalm,3.112456994809794,6.95869999617571,196.18755000010424,206.25870699108975,one shared preloaded model
conv-41-qa-129,lalm,3.112456994809794,10.271600003761705,196.18755000010424,209.57160699867575,one shared preloaded model
conv-41-qa-130,lalm,3.112456994809794,9.853100003965665,196.18755000010424,209.1531069988797,one shared preloaded model
conv-41-qa-131,lalm,3.112456994809794,10.549200000241399,196.18755000010424,209.84920699515544,one shared preloaded model
conv-41-qa-132,lalm,3.112456994809794,6.437299998651724,318.90779999957886,328.4575569930404,one shared preloaded model
conv-41-qa-133,lalm,3.112456994809794,10.60420000430895,318.90779999957886,332.6244569986976,one shared preloaded model
conv-41-qa-134,lalm,3.112456994809794,6.4281000013579614,318.90779999957886,328.4483569957466,one shared preloaded model
conv-41-qa-135,lalm,3.112456994809794,6.250200000067707,318.90779999957886,328.27045699445637,one shared preloaded model
conv-41-qa-136,lalm,3.112456994809794,6.445999999414198,143.7371499996516,153.2956069938756,one shared preloaded model
conv-41-qa-137,lalm,3.112456994809794,5.269599998428021,143.7371499996516,152.11920699288942,one shared preloaded model
conv-41-qa-138,lalm,3.112456994809794,5.792500000097789,143.7371499996516,152.64210699455919,one shared preloaded model
conv-41-qa-139,lalm,3.112456994809794,6.767500002752058,143.7371499996516,153.61710699721345,one shared preloaded model
conv-41-qa-140,lalm,3.112456994809794,6.500999996205792,280.565575001674,290.1790319926896,one shared preloaded model
conv-41-qa-141,lalm,3.112456994809794,11.06910000089556,280.565575001674,294.74713199737937,one shared preloaded model
conv-41-qa-142,lalm,3.112456994809794,9.947099999408238,280.565575001674,293.62513199589205,one shared preloaded model
conv-41-qa-143,lalm,3.112456994809794,9.914700000081211,280.565575001674,293.592731996565,one shared preloaded model
conv-41-qa-144,lalm,3.112456994809794,6.792400003178045,234.00980000042182,243.91465699840967,one shared preloaded model
conv-41-qa-145,lalm,3.112456994809794,9.913900001265574,234.00980000042182,247.0361569964972,one shared preloaded model
conv-41-qa-146,lalm,3.112456994809794,9.998900000937283,234.00980000042182,247.1211569961689,one shared preloaded model
conv-41-qa-147,lalm,3.112456994809794,9.453699996811338,234.00980000042182,246.57595699204296,one shared preloaded model
conv-41-qa-148,lalm,3.112456994809794,6.518100002722349,143.3945999997377,153.02515699726985,one shared preloaded model
conv-41-qa-149,lalm,3.112456994809794,5.116400003316812,143.3945999997377,151.6234569978643,one shared preloaded model
conv-41-qa-150,lalm,3.112456994809794,6.989299996348564,143.3945999997377,153.49635699089606,one shared preloaded model
conv-41-qa-151,lalm,3.112456994809794,10.238500006380491,143.3945999997377,156.745557000928,one shared preloaded model
conv-41-qa-152,lalm,3.112456994809794,7.1783000021241605,149.7090749999188,159.99983199685278,one shared preloaded model
conv-41-qa-153,lalm,3.112456994809794,9.623500001907814,149.7090749999188,162.44503199663643,one shared preloaded model
conv-41-qa-154,lalm,3.112456994809794,10.387000002083369,149.7090749999188,163.20853199681198,one shared preloaded model
conv-41-qa-155,lalm,3.112456994809794,9.857299999566749,149.7090749999188,162.67883199429536,one shared preloaded model
conv-41-qa-156,lalm,3.112456994809794,6.459899996116292,81.94742500018037,91.51978199110646,one shared preloaded model
conv-41-qa-157,lalm,3.112456994809794,10.299499997927342,81.94742500018037,95.3593819929175,one shared preloaded model
conv-41-qa-158,lalm,3.112456994809794,9.347700004582293,81.94742500018037,94.40758199957246,one shared preloaded model
conv-41-qa-159,lalm,3.112456994809794,10.024000002886169,81.94742500018037,95.08388199787633,one shared preloaded model
conv-41-qa-160,lalm,3.112456994809794,6.787300000723917,206.46395000039774,216.36370699593147,one shared preloaded model
conv-41-qa-161,lalm,3.112456994809794,9.369500003231224,206.46395000039774,218.94590699843877,one shared preloaded model
conv-41-qa-162,lalm,3.112456994809794,10.07489999756217,206.46395000039774,219.65130699276972,one shared preloaded model
conv-41-qa-163,lalm,3.112456994809794,9.63919999776408,206.46395000039774,219.21560699297163,one shared preloaded model
conv-41-qa-164,lalm,3.112456994809794,6.471400003647432,168.62684999978228,178.21070699823952,one shared preloaded model
conv-41-qa-165,lalm,3.112456994809794,5.213199998252094,168.62684999978228,176.95250699284418,one shared preloaded model
conv-41-qa-166,lalm,3.112456994809794,6.42389999848092,168.62684999978228,178.163206993073,one shared preloaded model
conv-41-qa-167,lalm,3.112456994809794,6.809099999372847,168.62684999978228,178.54840699396493,one shared preloaded model
conv-41-qa-168,lalm,3.112456994809794,6.080699997255579,205.62847499968484,214.82163199175022,one shared preloaded model
conv-41-qa-169,lalm,3.112456994809794,10.118700003658887,205.62847499968484,218.85963199815353,one shared preloaded model
conv-41-qa-170,lalm,3.112456994809794,9.408400001120754,205.62847499968484,218.1493319956154,one shared preloaded model
conv-41-qa-171,lalm,3.112456994809794,9.297499993408564,205.62847499968484,218.0384319879032,one shared preloaded model
conv-41-qa-172,lalm,3.112456994809794,7.170400000177324,130.20125000002736,140.48410699501449,one shared preloaded model
conv-41-qa-173,lalm,3.112456994809794,9.8541000043042,130.20125000002736,143.16780699914136,one shared preloaded model
conv-41-qa-174,lalm,3.112456994809794,10.160999998333864,130.20125000002736,143.47470699317103,one shared preloaded model
conv-41-qa-175,lalm,3.112456994809794,9.427299999515526,130.20125000002736,142.7410069943527,one shared preloaded model
conv-41-qa-176,lalm,3.112456994809794,6.404600004316308,316.7983250004909,326.315381999617,one shared preloaded model
conv-41-qa-177,lalm,3.112456994809794,8.143400002154522,316.7983250004909,328.0541819974552,one shared preloaded model
conv-41-qa-178,lalm,3.112456994809794,5.828499997733161,316.7983250004909,325.73928199303384,one shared preloaded model
conv-41-qa-179,lalm,3.112456994809794,5.53570000192849,316.7983250004909,325.44648199722917,one shared preloaded model
conv-41-qa-180,lalm,3.112456994809794,6.312500001513399,245.45347500134085,254.87843199766405,one shared preloaded model
conv-41-qa-181,lalm,3.112456994809794,9.94370000262279,245.45347500134085,258.50963199877344,one shared preloaded model
conv-41-qa-182,lalm,3.112456994809794,10.19260000612121,245.45347500134085,258.75853200227186,one shared preloaded model
conv-41-qa-183,lalm,3.112456994809794,5.552399998123292,245.45347500134085,254.11833199427394,one shared preloaded model
conv-41-qa-184,lalm,3.112456994809794,9.276800003135577,81.20190000045113,93.5911569983965,one shared preloaded model
conv-41-qa-185,lalm,3.112456994809794,6.365600005665328,81.20190000045113,90.67995700092625,one shared preloaded model
conv-41-qa-186,lalm,3.112456994809794,6.112700000812765,81.20190000045113,90.42705699607369,one shared preloaded model
conv-41-qa-187,lalm,3.112456994809794,6.310400000074878,81.20190000045113,90.6247569953358,one shared preloaded model
conv-41-qa-188,lalm,3.112456994809794,7.216500001959503,144.4572500004142,154.7862069971835,one shared preloaded model
conv-41-qa-189,lalm,3.112456994809794,10.506300000997726,144.4572500004142,158.07600699622174,one shared preloaded model
conv-41-qa-190,lalm,3.112456994809794,8.107499998004641,144.4572500004142,155.67720699322865,one shared preloaded model
conv-41-qa-191,lalm,3.112456994809794,9.417799999937415,144.4572500004142,156.98750699516143,one shared preloaded model
conv-41-qa-192,lalm,3.112456994809794,6.638599996222183,627.0386999967741,636.7897569878061,one shared preloaded model
conv-42-qa-0,lalm,2.2752565384647685,9.637900002417155,224.6766749995004,236.5898315403823,one shared preloaded model
conv-42-qa-1,lalm,2.2752565384647685,9.396400004334282,224.6766749995004,236.34833154229943,one shared preloaded model
conv-42-qa-2,lalm,2.2752565384647685,10.205799997493159,224.6766749995004,237.1577315354583,one shared preloaded model
conv-42-qa-3,lalm,2.2752565384647685,9.512000004178844,224.6766749995004,236.463931542144,one shared preloaded model
conv-42-qa-4,lalm,2.2752565384647685,9.097500005736947,111.24992500117514,122.62268154537686,one shared preloaded model
conv-42-qa-5,lalm,2.2752565384647685,7.301900004677009,111.24992500117514,120.82708154431693,one shared preloaded model
conv-42-qa-6,lalm,2.2752565384647685,7.424799994623754,111.24992500117514,120.94998153426367,one shared preloaded model
conv-42-qa-7,lalm,2.2752565384647685,6.025599999702536,111.24992500117514,119.55078153934245,one shared preloaded model
conv-42-qa-8,lalm,2.2752565384647685,6.694499999866821,107.18200000155775,116.15175653988935,one shared preloaded model
conv-42-qa-9,lalm,2.2752565384647685,8.831700004520826,107.18200000155775,118.28895654454335,one shared preloaded model
conv-42-qa-10,lalm,2.2752565384647685,5.265200001304038,107.18200000155775,114.72245654132657,one shared preloaded model
conv-42-qa-11,lalm,2.2752565384647685,5.132699996465817,107.18200000155775,114.58995653648834,one shared preloaded model
conv-42-qa-12,lalm,2.2752565384647685,6.346699999994598,149.18885000042792,157.81080653888728,one shared preloaded model
conv-42-qa-13,lalm,2.2752565384647685,6.430000001273584,149.18885000042792,157.89410654016626,one shared preloaded model
conv-42-qa-14,lalm,2.2752565384647685,5.54079999710666,149.18885000042792,157.00490653599934,one shared preloaded model
conv-42-qa-15,lalm,2.2752565384647685,6.419100005587097,149.18885000042792,157.88320654447978,one shared preloaded model
conv-42-qa-16,lalm,2.2752565384647685,6.421999998565298,126.47060000017518,135.16785653720524,one shared preloaded model
conv-42-qa-17,lalm,2.2752565384647685,6.263099996431265,126.47060000017518,135.0089565350712,one shared preloaded model
conv-42-qa-18,lalm,2.2752565384647685,6.2867999949958175,126.47060000017518,135.03265653363576,one shared preloaded model
conv-42-qa-19,lalm,2.2752565384647685,6.022700006724335,126.47060000017518,134.76855654536428,one shared preloaded model
conv-42-qa-20,lalm,2.2752565384647685,6.732599998940714,112.16987499938114,121.17773153678662,one shared preloaded model
conv-42-qa-21,lalm,2.2752565384647685,10.452900001837406,112.16987499938114,124.89803153968332,one shared preloaded model
conv-42-qa-22,lalm,2.2752565384647685,9.831200004555285,112.16987499938114,124.2763315424012,one shared preloaded model
conv-42-qa-23,lalm,2.2752565384647685,9.423899995454121,112.16987499938114,123.86903153330003,one shared preloaded model
conv-42-qa-24,lalm,2.2752565384647685,6.323900001007132,145.37005000056524,153.96920654003713,one shared preloaded model
conv-42-qa-25,lalm,2.2752565384647685,9.953200002200902,145.37005000056524,157.5985065412309,one shared preloaded model
conv-42-qa-26,lalm,2.2752565384647685,9.392899999511428,145.37005000056524,157.03820653854143,one shared preloaded model
conv-42-qa-27,lalm,2.2752565384647685,9.709499994642101,145.37005000056524,157.3548065336721,one shared preloaded model
conv-42-qa-28,lalm,2.2752565384647685,6.720199999108445,160.77567499996803,169.77113153754124,one shared preloaded model
conv-42-qa-29,lalm,2.2752565384647685,6.299500004388392,160.77567499996803,169.35043154282118,one shared preloaded model
conv-42-qa-30,lalm,2.2752565384647685,5.587999999988824,160.77567499996803,168.63893153842162,one shared preloaded model
conv-42-qa-31,lalm,2.2752565384647685,7.81509999796981,160.77567499996803,170.8660315364026,one shared preloaded model
conv-42-qa-32,lalm,2.2752565384647685,6.218100003025029,158.01009999995586,166.50345654144564,one shared preloaded model
conv-42-qa-33,lalm,2.2752565384647685,5.093699997814838,158.01009999995586,165.37905653623545,one shared preloaded model
conv-42-qa-34,lalm,2.2752565384647685,5.754699996032286,158.01009999995586,166.0400565344529,one shared preloaded model
conv-42-qa-35,lalm,2.2752565384647685,6.471200002124533,158.01009999995586,166.75655654054515,one shared preloaded model
conv-42-qa-36,lalm,2.2752565384647685,5.9419000026537105,154.74415000062436,162.96130654174283,one shared preloaded model
conv-42-qa-37,lalm,2.2752565384647685,5.243999999947846,154.74415000062436,162.26340653903696,one shared preloaded model
conv-42-qa-38,lalm,2.2752565384647685,6.07020000461489,154.74415000062436,163.089606543704,one shared preloaded model
conv-42-qa-39,lalm,2.2752565384647685,6.026099996233825,154.74415000062436,163.04550653532294,one shared preloaded model
conv-42-qa-40,lalm,2.2752565384647685,6.127000000560656,155.73527500055206,164.13753153957748,one shared preloaded model
conv-42-qa-41,lalm,2.2752565384647685,6.114900003012735,155.73527500055206,164.12543154202956,one shared preloaded model
conv-42-qa-42,lalm,2.2752565384647685,9.80379999964498,155.73527500055206,167.8143315386618,one shared preloaded model
conv-42-qa-43,lalm,2.2752565384647685,8.62339999730466,155.73527500055206,166.63393153632148,one shared preloaded model
conv-42-qa-44,lalm,2.2752565384647685,7.343299999774899,180.82074999983888,190.43930653807854,one shared preloaded model
conv-42-qa-45,lalm,2.2752565384647685,9.766099996340927,180.82074999983888,192.86210653464457,one shared preloaded model
conv-42-qa-46,lalm,2.2752565384647685,9.839699996518902,180.82074999983888,192.93570653482254,one shared preloaded model
conv-42-qa-47,lalm,2.2752565384647685,9.200799999234732,180.82074999983888,192.29680653753837,one shared preloaded model
conv-42-qa-48,lalm,2.2752565384647685,8.970399998361245,201.71962499989604,212.96528153672205,one shared preloaded model
conv-42-qa-49,lalm,2.2752565384647685,5.729500000597909,201.71962499989604,209.7243815389587,one shared preloaded model
conv-42-qa-50,lalm,2.2752565384647685,6.102899998950306,201.71962499989604,210.0977815373111,one shared preloaded model
conv-42-qa-51,lalm,2.2752565384647685,6.122300001152325,201.71962499989604,210.11718153951313,one shared preloaded model
conv-42-qa-52,lalm,2.2752565384647685,6.8278999970061705,91.15819999897212,100.26135653444307,one shared preloaded model
conv-42-qa-53,lalm,2.2752565384647685,10.024699993664399,91.15819999897212,103.4581565311013,one shared preloaded model
conv-42-qa-54,lalm,2.2752565384647685,11.16360000014538,91.15819999897212,104.59705653758228,one shared preloaded model
conv-42-qa-55,lalm,2.2752565384647685,10.177199997997377,91.15819999897212,103.61065653543427,one shared preloaded model
conv-42-qa-56,lalm,2.2752565384647685,8.437299999059178,109.18875000061234,119.9013065381363,one shared preloaded model
conv-42-qa-57,lalm,2.2752565384647685,10.307399999874178,109.18875000061234,121.7714065389513,one shared preloaded model
conv-42-qa-58,lalm,2.2752565384647685,9.614499998860992,109.18875000061234,121.07850653793811,one shared preloaded model
conv-42-qa-59,lalm,2.2752565384647685,8.709399997314904,109.18875000061234,120.17340653639202,one shared preloaded model
conv-42-qa-60,lalm,2.2752565384647685,6.324699999822769,92.0277499990334,100.62770653732095,one shared preloaded model
conv-42-qa-61,lalm,2.2752565384647685,6.524799995531794,92.0277499990334,100.82780653302997,one shared preloaded model
conv-42-qa-62,lalm,2.2752565384647685,6.325700000161305,92.0277499990334,100.62870653765948,one shared preloaded model
conv-42-qa-63,lalm,2.2752565384647685,5.931699997745454,92.0277499990334,100.23470653524363,one shared preloaded model
conv-42-qa-64,lalm,2.2752565384647685,8.962200001406018,93.0964250001125,104.3338815399833,one shared preloaded model
conv-42-qa-65,lalm,2.2752565384647685,5.333200002496596,93.0964250001125,100.70488154107387,one shared preloaded model
conv-42-qa-66,lalm,2.2752565384647685,5.666500001098029,93.0964250001125,101.0381815396753,one shared preloaded model
conv-42-qa-67,lalm,2.2752565384647685,5.895900001632981,93.0964250001125,101.26758154021026,one shared preloaded model
conv-42-qa-68,lalm,2.2752565384647685,6.458300005760975,95.76004999871657,104.49360654294232,one shared preloaded model
conv-42-qa-69,lalm,2.2752565384647685,7.171599994762801,95.76004999871657,105.20690653194414,one shared preloaded model
conv-42-qa-70,lalm,2.2752565384647685,8.016400002816226,95.76004999871657,106.05170653999757,one shared preloaded model
conv-42-qa-71,lalm,2.2752565384647685,9.38250000035623,95.76004999871657,107.41780653753757,one shared preloaded model
conv-42-qa-72,lalm,2.2752565384647685,6.317600003967527,79.2601499997545,87.8530065421868,one shared preloaded model
conv-42-qa-73,lalm,2.2752565384647685,5.270000001473818,79.2601499997545,86.8054065396931,one shared preloaded model
conv-42-qa-74,lalm,2.2752565384647685,5.259900004602969,79.2601499997545,86.79530654282225,one shared preloaded model
conv-42-qa-75,lalm,2.2752565384647685,5.779600003734231,79.2601499997545,87.31500654195351,one shared preloaded model
conv-42-qa-76,lalm,2.2752565384647685,6.591600002138875,251.88250000064727,260.7493565412509,one shared preloaded model
conv-42-qa-77,lalm,2.2752565384647685,5.478699997183867,251.88250000064727,259.6364565362959,one shared preloaded model
conv-42-qa-78,lalm,2.2752565384647685,6.361899999319576,251.88250000064727,260.5196565384316,one shared preloaded model
conv-42-qa-79,lalm,2.2752565384647685,5.795999997644685,251.88250000064727,259.9537565367567,one shared preloaded model
conv-42-qa-80,lalm,2.2752565384647685,7.361900003161281,228.79250000005413,238.42965654168017,one shared preloaded model
conv-42-qa-81,lalm,2.2752565384647685,5.646900004649069,228.79250000005413,236.71465654316796,one shared preloaded model
conv-42-qa-82,lalm,2.2752565384647685,9.679300004791003,228.79250000005413,240.7470565433099,one shared preloaded model
conv-42-qa-83,lalm,2.2752565384647685,9.395699999004137,228.79250000005413,240.46345653752303,one shared preloaded model
conv-42-qa-84,lalm,2.2752565384647685,8.010100005776621,119.71282500053348,129.99818154477487,one shared preloaded model
conv-42-qa-85,lalm,2.2752565384647685,11.007499997504056,119.71282500053348,132.9955815365023,one shared preloaded model
conv-42-qa-86,lalm,2.2752565384647685,9.45299999875715,119.71282500053348,131.4410815377554,one shared preloaded model
conv-42-qa-87,lalm,2.2752565384647685,7.167199997638818,119.71282500053348,129.15528153663706,one shared preloaded model
conv-42-qa-88,lalm,2.2752565384647685,6.579699998837896,234.56749999968451,243.42245653698717,one shared preloaded model
conv-42-qa-89,lalm,2.2752565384647685,9.957700000086334,234.56749999968451,246.8004565382356,one shared preloaded model
conv-42-qa-90,lalm,2.2752565384647685,9.691499995824415,234.56749999968451,246.5342565339737,one shared preloaded model
conv-42-qa-91,lalm,2.2752565384647685,9.326300001703203,234.56749999968451,246.16905653985248,one shared preloaded model
conv-42-qa-92,lalm,2.2752565384647685,8.45409999601543,205.73192499978177,216.46128153426196,one shared preloaded model
conv-42-qa-93,lalm,2.2752565384647685,5.498899998201523,205.73192499978177,213.50608153644805,one shared preloaded model
conv-42-qa-94,lalm,2.2752565384647685,10.864600000786595,205.73192499978177,218.87178153903312,one shared preloaded model
conv-42-qa-95,lalm,2.2752565384647685,9.710099999210797,205.73192499978177,217.71728153745732,one shared preloaded model
conv-42-qa-96,lalm,2.2752565384647685,6.282399997871835,93.63972500068485,102.19738153702146,one shared preloaded model
conv-42-qa-97,lalm,2.2752565384647685,5.363199998100754,93.63972500068485,101.27818153725038,one shared preloaded model
conv-42-qa-98,lalm,2.2752565384647685,9.403199997905176,93.63972500068485,105.3181815370548,one shared preloaded model
conv-42-qa-99,lalm,2.2752565384647685,9.94449999416247,93.63972500068485,105.85948153331209,one shared preloaded model
conv-42-qa-100,lalm,2.2752565384647685,6.011799996485934,243.52542500128038,251.81248153623108,one shared preloaded model
conv-42-qa-101,lalm,2.2752565384647685,10.068600000522565,243.52542500128038,255.8692815402677,one shared preloaded model
conv-42-qa-102,lalm,2.2752565384647685,10.154000003240071,243.52542500128038,255.9546815429852,one shared preloaded model
conv-42-qa-103,lalm,2.2752565384647685,10.114600001543295,243.52542500128038,255.91528154128844,one shared preloaded model
conv-42-qa-104,lalm,2.2752565384647685,6.0424999974202365,292.77462500067486,301.09238153655986,one shared preloaded model
conv-42-qa-105,lalm,2.2752565384647685,5.495599994901568,292.77462500067486,300.5454815340412,one shared preloaded model
conv-42-qa-106,lalm,2.2752565384647685,5.141000001458451,292.77462500067486,300.19088154059807,one shared preloaded model
conv-42-qa-107,lalm,2.2752565384647685,8.452499998384155,292.77462500067486,303.5023815375238,one shared preloaded model
conv-42-qa-108,lalm,2.2752565384647685,10.002800001529977,142.78394999928423,155.06200653927897,one shared preloaded model
conv-42-qa-109,lalm,2.2752565384647685,9.803200002352241,142.78394999928423,154.86240654010123,one shared preloaded model
conv-42-qa-110,lalm,2.2752565384647685,9.095100002014078,142.78394999928423,154.15430653976307,one shared preloaded model
conv-42-qa-111,lalm,2.2752565384647685,9.49870000476949,142.78394999928423,154.55790654251848,one shared preloaded model
conv-42-qa-112,lalm,2.2752565384647685,7.384600001387298,186.40975000016624,196.0696065400183,one shared preloaded model
conv-42-qa-113,lalm,2.2752565384647685,9.746199997607619,186.40975000016624,198.43120653623862,one shared preloaded model
conv-42-qa-114,lalm,2.2752565384647685,9.738399996422231,186.40975000016624,198.42340653505323,one shared preloaded model
conv-42-qa-115,lalm,2.2752565384647685,9.31230000423966,186.40975000016624,197.99730654287066,one shared preloaded model
conv-42-qa-116,lalm,2.2752565384647685,6.710800000291783,123.26782499985711,132.25388153861365,one shared preloaded model
conv-42-qa-117,lalm,2.2752565384647685,10.099899998749606,123.26782499985711,135.64298153707148,one shared preloaded model
conv-42-qa-118,lalm,2.2752565384647685,10.676600002625491,123.26782499985711,136.21968154094736,one shared preloaded model
conv-42-qa-119,lalm,2.2752565384647685,10.049600001366343,123.26782499985711,135.59268153968821,one shared preloaded model
conv-42-qa-120,lalm,2.2752565384647685,6.376700002874713,195.97040000007837,204.62235654141784,one shared preloaded model
conv-42-qa-121,lalm,2.2752565384647685,9.620600001653656,195.97040000007837,207.8662565401968,one shared preloaded model
conv-42-qa-122,lalm,2.2752565384647685,10.45900000463007,195.97040000007837,208.7046565431732,one shared preloaded model
conv-42-qa-123,lalm,2.2752565384647685,9.729800003697164,195.97040000007837,207.9754565422403,one shared preloaded model
conv-42-qa-124,lalm,2.2752565384647685,7.057499999064021,267.13317500070843,276.4659315382372,one shared preloaded model
conv-42-qa-125,lalm,2.2752565384647685,10.528400001931004,267.13317500070843,279.9368315411042,one shared preloaded model
conv-42-qa-126,lalm,2.2752565384647685,9.802000000490807,267.13317500070843,279.210431539664,one shared preloaded model
conv-42-qa-127,lalm,2.2752565384647685,9.624800004530698,267.13317500070843,279.0332315437039,one shared preloaded model
conv-42-qa-128,lalm,2.2752565384647685,6.6690000021480955,195.69844999932684,204.6427065399397,one shared preloaded model
conv-42-qa-129,lalm,2.2752565384647685,9.918600000673905,195.69844999932684,207.8923065384655,one shared preloaded model
conv-42-qa-130,lalm,2.2752565384647685,9.817700003623031,195.69844999932684,207.79140654141463,one shared preloaded model
conv-42-qa-131,lalm,2.2752565384647685,9.672300002421252,195.69844999932684,207.64600654021285,one shared preloaded model
conv-42-qa-132,lalm,2.2752565384647685,8.263999996415805,321.0349500004668,331.57420653534734,one shared preloaded model
conv-42-qa-133,lalm,2.2752565384647685,10.332600002584513,321.0349500004668,333.64280654151605,one shared preloaded model
conv-42-qa-134,lalm,2.2752565384647685,9.620199998607859,321.0349500004668,332.9304065375394,one shared preloaded model
conv-42-qa-135,lalm,2.2752565384647685,9.358000002976041,321.0349500004668,332.6682065419076,one shared preloaded model
conv-42-qa-136,lalm,2.2752565384647685,9.079800001927651,146.53460000045015,157.88965654084257,one shared preloaded model
conv-42-qa-137,lalm,2.2752565384647685,7.461100001819432,146.53460000045015,156.27095654073435,one shared preloaded model
conv-42-qa-138,lalm,2.2752565384647685,6.6038000004482456,146.53460000045015,155.41365653936316,one shared preloaded model
conv-42-qa-139,lalm,2.2752565384647685,6.202399999892805,146.53460000045015,155.01225653880772,one shared preloaded model
conv-42-qa-140,lalm,2.2752565384647685,6.3588999983039685,149.70055000048887,158.3347065372576,one shared preloaded model
conv-42-qa-141,lalm,2.2752565384647685,9.947699996700976,149.70055000048887,161.9235065356546,one shared preloaded model
conv-42-qa-142,lalm,2.2752565384647685,10.204899997916073,149.70055000048887,162.1807065368697,one shared preloaded model
conv-42-qa-143,lalm,2.2752565384647685,10.27079999767011,149.70055000048887,162.24660653662374,one shared preloaded model
conv-42-qa-144,lalm,2.2752565384647685,6.291300000157207,133.48444999974163,142.0510065383636,one shared preloaded model
conv-42-qa-145,lalm,2.2752565384647685,10.515400004805997,133.48444999974163,146.27510654301238,one shared preloaded model
conv-42-qa-146,lalm,2.2752565384647685,9.25959999585757,133.48444999974163,145.01930653406396,one shared preloaded model
conv-42-qa-147,lalm,2.2752565384647685,9.970599996449891,133.48444999974163,145.73030653465628,one shared preloaded model
conv-42-qa-148,lalm,2.2752565384647685,6.782600001315586,296.09787499975937,305.1557315395397,one shared preloaded model
conv-42-qa-149,lalm,2.2752565384647685,10.143300001800526,296.09787499975937,308.51643154002466,one shared preloaded model
conv-42-qa-150,lalm,2.2752565384647685,10.256699999445118,296.09787499975937,308.62983153766925,one shared preloaded model
conv-42-qa-151,lalm,2.2752565384647685,5.838000004587229,296.09787499975937,304.21113154281136,one shared preloaded model
conv-42-qa-152,lalm,2.2752565384647685,6.304499998805113,141.08664999912435,149.66640653639422,one shared preloaded model
conv-42-qa-153,lalm,2.2752565384647685,9.710400001495145,141.08664999912435,153.07230653908425,one shared preloaded model
conv-42-qa-154,lalm,2.2752565384647685,10.266599994793069,141.08664999912435,153.62850653238218,one shared preloaded model
conv-42-qa-155,lalm,2.2752565384647685,9.254199998395052,141.08664999912435,152.61610653598416,one shared preloaded model
conv-42-qa-156,lalm,2.2752565384647685,6.383299994922709,181.80820000088715,190.46675653427462,one shared preloaded model
conv-42-qa-157,lalm,2.2752565384647685,7.083799995598383,181.80820000088715,191.1672565349503,one shared preloaded model
conv-42-qa-158,lalm,2.2752565384647685,6.473699999332894,181.80820000088715,190.5571565386848,one shared preloaded model
conv-42-qa-159,lalm,2.2752565384647685,6.997099997533951,181.80820000088715,191.08055653688587,one shared preloaded model
conv-42-qa-160,lalm,2.2752565384647685,7.164700000430457,119.14242500097316,128.58238153986838,one shared preloaded model
conv-42-qa-161,lalm,2.2752565384647685,9.888600005069748,119.14242500097316,131.30628154450767,one shared preloaded model
conv-42-qa-162,lalm,2.2752565384647685,9.580500001902692,119.14242500097316,130.9981815413406,one shared preloaded model
conv-42-qa-163,lalm,2.2752565384647685,4.963699997460935,119.14242500097316,126.38138153689887,one shared preloaded model
conv-42-qa-164,lalm,2.2752565384647685,10.152599999855738,237.5534750008228,249.9813315391433,one shared preloaded model
conv-42-qa-165,lalm,2.2752565384647685,10.370700001658406,237.5534750008228,250.19943154094597,one shared preloaded model
conv-42-qa-166,lalm,2.2752565384647685,9.734400002344046,237.5534750008228,249.5631315416316,one shared preloaded model
conv-42-qa-167,lalm,2.2752565384647685,9.160900001006667,237.5534750008228,248.98963154029423,one shared preloaded model
conv-42-qa-168,lalm,2.2752565384647685,8.135099997161888,241.97127499974158,252.38163153536823,one shared preloaded model
conv-42-qa-169,lalm,2.2752565384647685,9.9874000006821,241.97127499974158,254.23393153888844,one shared preloaded model
conv-42-qa-170,lalm,2.2752565384647685,9.65639999776613,241.97127499974158,253.90293153597247,one shared preloaded model
conv-42-qa-171,lalm,2.2752565384647685,9.439800000109244,241.97127499974158,253.68633153831559,one shared preloaded model
conv-42-qa-172,lalm,2.2752565384647685,6.783500000892673,122.52099999932398,131.5797565386814,one shared preloaded model
conv-42-qa-173,lalm,2.2752565384647685,5.946400000539143,122.52099999932398,130.74265653832788,one shared preloaded model
conv-42-qa-174,lalm,2.2752565384647685,6.173800000397023,122.52099999932398,130.97005653818576,one shared preloaded model
conv-42-qa-175,lalm,2.2752565384647685,9.32969999848865,122.52099999932398,134.12595653627739,one shared preloaded model
conv-42-qa-176,lalm,2.2752565384647685,6.92690000141738,236.48782500094967,245.6899815408318,one shared preloaded model
conv-42-qa-177,lalm,2.2752565384647685,6.040200001734775,236.48782500094967,244.8032815411492,one shared preloaded model
conv-42-qa-178,lalm,2.2752565384647685,6.557599997904617,236.48782500094967,245.32068153731905,one shared preloaded model
conv-42-qa-179,lalm,2.2752565384647685,11.119399998278823,236.48782500094967,249.88248153769325,one shared preloaded model
conv-42-qa-180,lalm,2.2752565384647685,5.906000005779788,134.26930000059656,142.4505565448411,one shared preloaded model
conv-42-qa-181,lalm,2.2752565384647685,6.5418000012869015,134.26930000059656,143.08635654034822,one shared preloaded model
conv-42-qa-182,lalm,2.2752565384647685,7.186599999840837,134.26930000059656,143.73115653890216,one shared preloaded model
conv-42-qa-183,lalm,2.2752565384647685,5.5382999998983,134.26930000059656,142.08285653895962,one shared preloaded model
conv-42-qa-184,lalm,2.2752565384647685,6.507199999759905,92.7544999995007,101.53695653772537,one shared preloaded model
conv-42-qa-185,lalm,2.2752565384647685,9.936100002960302,92.7544999995007,104.96585654092577,one shared preloaded model
conv-42-qa-186,lalm,2.2752565384647685,8.299500004795846,92.7544999995007,103.32925654276131,one shared preloaded model
conv-42-qa-187,lalm,2.2752565384647685,5.488699993293267,92.7544999995007,100.51845653125874,one shared preloaded model
conv-42-qa-188,lalm,2.2752565384647685,6.5485999948577955,185.74532499951601,194.56918153283857,one shared preloaded model
conv-42-qa-189,lalm,2.2752565384647685,9.984199998143595,185.74532499951601,198.00478153612437,one shared preloaded model
conv-42-qa-190,lalm,2.2752565384647685,9.971600004064385,185.74532499951601,197.99218154204516,one shared preloaded model
conv-42-qa-191,lalm,2.2752565384647685,9.466999996220693,185.74532499951601,197.48758153420147,one shared preloaded model
conv-42-qa-192,lalm,2.2752565384647685,8.759299998928327,173.75657499906083,184.79113153645392,one shared preloaded model
conv-42-qa-193,lalm,2.2752565384647685,5.645299999741837,173.75657499906083,181.67713153726743,one shared preloaded model
conv-42-qa-194,lalm,2.2752565384647685,8.76330000028247,173.75657499906083,184.79513153780806,one shared preloaded model
conv-42-qa-195,lalm,2.2752565384647685,10.238800001388881,173.75657499906083,186.27063153891447,one shared preloaded model
conv-42-qa-196,lalm,2.2752565384647685,6.335899997793604,137.7676000010979,146.37875653735625,one shared preloaded model
conv-42-qa-197,lalm,2.2752565384647685,9.661999996751547,137.7676000010979,149.7048565363142,one shared preloaded model
conv-42-qa-198,lalm,2.2752565384647685,10.738400000263937,137.7676000010979,150.7812565398266,one shared preloaded model
conv-42-qa-199,lalm,2.2752565384647685,9.854900003119837,137.7676000010979,149.8977565426825,one shared preloaded model
conv-42-qa-200,lalm,2.2752565384647685,6.147300002339762,124.8730000006617,133.29555654146623,one shared preloaded model
conv-42-qa-201,lalm,2.2752565384647685,9.307300002546981,124.8730000006617,136.45555654167345,one shared preloaded model
conv-42-qa-202,lalm,2.2752565384647685,9.62699999945471,124.8730000006617,136.77525653858117,one shared preloaded model
conv-42-qa-203,lalm,2.2752565384647685,10.010500001953915,124.8730000006617,137.15875654108038,one shared preloaded model
conv-42-qa-204,lalm,2.2752565384647685,6.368800000927877,200.20937499975844,208.85343153915107,one shared preloaded model
conv-42-qa-205,lalm,2.2752565384647685,9.896600000502076,200.20937499975844,212.38123153872527,one shared preloaded model
conv-42-qa-206,lalm,2.2752565384647685,9.230700001353398,200.20937499975844,211.7153315395766,one shared preloaded model
conv-42-qa-207,lalm,2.2752565384647685,9.749099997861777,200.20937499975844,212.23373153608497,one shared preloaded model
conv-42-qa-208,lalm,2.2752565384647685,6.4028999986476265,190.38302499939164,199.06118153650402,one shared preloaded model
conv-42-qa-209,lalm,2.2752565384647685,10.05750000331318,190.38302499939164,202.71578154116958,one shared preloaded model
conv-42-qa-210,lalm,2.2752565384647685,10.247700003674254,190.38302499939164,202.90598154153065,one shared preloaded model
conv-42-qa-211,lalm,2.2752565384647685,9.292800001276191,190.38302499939164,201.9510815391326,one shared preloaded model
conv-42-qa-212,lalm,2.2752565384647685,6.154299997433554,126.04352500056848,134.4730815364668,one shared preloaded model
conv-42-qa-213,lalm,2.2752565384647685,5.507900001248345,126.04352500056848,133.82668154028158,one shared preloaded model
conv-42-qa-214,lalm,2.2752565384647685,6.531300001370255,126.04352500056848,134.8500815404035,one shared preloaded model
conv-42-qa-215,lalm,2.2752565384647685,5.945900004007854,126.04352500056848,134.2646815430411,one shared preloaded model
conv-42-qa-216,lalm,2.2752565384647685,6.448300002375618,79.91390000097454,88.63745654181493,one shared preloaded model
conv-42-qa-217,lalm,2.2752565384647685,10.426200002257247,79.91390000097454,92.61535654169656,one shared preloaded model
conv-42-qa-218,lalm,2.2752565384647685,9.39920000382699,79.91390000097454,91.5883565432663,one shared preloaded model
conv-42-qa-219,lalm,2.2752565384647685,9.4842000034987,79.91390000097454,91.67335654293801,one shared preloaded model
conv-42-qa-220,lalm,2.2752565384647685,6.079600003431551,122.25779999971564,130.61265654161195,one shared preloaded model
conv-42-qa-221,lalm,2.2752565384647685,5.083800002466887,122.25779999971564,129.6168565406473,one shared preloaded model
conv-42-qa-222,lalm,2.2752565384647685,6.334099998639431,122.25779999971564,130.86715653681983,one shared preloaded model
conv-42-qa-223,lalm,2.2752565384647685,6.113399998866953,122.25779999971564,130.64645653704736,one shared preloaded model
conv-42-qa-224,lalm,2.2752565384647685,5.91790000180481,91.21692500048084,99.41008154075043,one shared preloaded model
conv-42-qa-225,lalm,2.2752565384647685,5.298099997162353,91.21692500048084,98.79028153610797,one shared preloaded model
conv-42-qa-226,lalm,2.2752565384647685,5.742000001191627,91.21692500048084,99.23418154013724,one shared preloaded model
conv-42-qa-227,lalm,2.2752565384647685,6.718100004945882,91.21692500048084,100.2102815438915,one shared preloaded model
conv-42-qa-228,lalm,2.2752565384647685,7.230199997138698,88.35102500052017,97.85648153612364,one shared preloaded model
conv-42-qa-229,lalm,2.2752565384647685,6.320100001175888,88.35102500052017,96.94638154016083,one shared preloaded model
conv-42-qa-230,lalm,2.2752565384647685,10.066499999084044,88.35102500052017,100.69278153806899,one shared preloaded model
conv-42-qa-231,lalm,2.2752565384647685,11.542899999767542,88.35102500052017,102.16918153875248,one shared preloaded model
conv-42-qa-232,lalm,2.2752565384647685,6.14050000149291,293.15444999883766,301.57020653879533,one shared preloaded model
conv-42-qa-233,lalm,2.2752565384647685,5.32559999555815,293.15444999883766,300.7553065328606,one shared preloaded model
conv-42-qa-234,lalm,2.2752565384647685,7.875600000261329,293.15444999883766,303.30530653756375,one shared preloaded model
conv-42-qa-235,lalm,2.2752565384647685,6.89060000149766,293.15444999883766,302.3203065388001,one shared preloaded model
conv-42-qa-236,lalm,2.2752565384647685,6.661100000201259,302.16242500137014,311.09878154003616,one shared preloaded model
conv-42-qa-237,lalm,2.2752565384647685,10.530999999900814,302.16242500137014,314.9686815397357,one shared preloaded model
conv-42-qa-238,lalm,2.2752565384647685,10.325200004444923,302.16242500137014,314.7628815442798,one shared preloaded model
conv-42-qa-239,lalm,2.2752565384647685,9.710699996503536,302.16242500137014,314.14838153633843,one shared preloaded model
conv-42-qa-240,lalm,2.2752565384647685,6.258800000068732,158.8614749998669,167.3955315384004,one shared preloaded model
conv-42-qa-241,lalm,2.2752565384647685,5.2614000014727935,158.8614749998669,166.39813153980447,one shared preloaded model
conv-42-qa-242,lalm,2.2752565384647685,5.22379999893019,158.8614749998669,166.36053153726186,one shared preloaded model
conv-42-qa-243,lalm,2.2752565384647685,6.439300006604753,158.8614749998669,167.57603154493643,one shared preloaded model
conv-42-qa-244,lalm,2.2752565384647685,7.5853000016650185,133.8551249991724,143.71568153930218,one shared preloaded model
conv-42-qa-245,lalm,2.2752565384647685,10.24199999665143,133.8551249991724,146.3723815342886,one shared preloaded model
conv-42-qa-246,lalm,2.2752565384647685,10.0144999960321,133.8551249991724,146.14488153366926,one shared preloaded model
conv-42-qa-247,lalm,2.2752565384647685,9.716299995488953,133.8551249991724,145.84668153312612,one shared preloaded model
conv-42-qa-248,lalm,2.2752565384647685,7.854299998143688,71.29892500051938,81.42848153712784,one shared preloaded model
conv-42-qa-249,lalm,2.2752565384647685,10.043199996289331,71.29892500051938,83.61738153527348,one shared preloaded model
conv-42-qa-250,lalm,2.2752565384647685,6.096299999626353,71.29892500051938,79.6704815386105,one shared preloaded model
conv-42-qa-251,lalm,2.2752565384647685,6.4282999956049025,71.29892500051938,80.00248153458905,one shared preloaded model
conv-42-qa-252,lalm,2.2752565384647685,6.597799998417031,169.73680000046443,178.60985653734622,one shared preloaded model
conv-42-qa-253,lalm,2.2752565384647685,6.410699999833014,169.73680000046443,178.4227565387622,one shared preloaded model
conv-42-qa-254,lalm,2.2752565384647685,6.261299997277092,169.73680000046443,178.27335653620628,one shared preloaded model
conv-42-qa-255,lalm,2.2752565384647685,6.373199998051859,169.73680000046443,178.38525653698105,one shared preloaded model
conv-42-qa-256,lalm,2.2752565384647685,6.675200005702209,267.0133999999962,275.96385654416315,one shared preloaded model
conv-42-qa-257,lalm,2.2752565384647685,9.732799997436814,267.0133999999962,279.02145653589776,one shared preloaded model
conv-42-qa-258,lalm,2.2752565384647685,10.095199999341276,267.0133999999962,279.3838565378022,one shared preloaded model
conv-42-qa-259,lalm,2.2752565384647685,9.705600001325365,267.0133999999962,278.9942565397863,one shared preloaded model
conv-43-qa-0,lalm,2.6677537190295904,6.513799999083858,381.70014999923296,390.8817037173464,one shared preloaded model
conv-43-qa-1,lalm,2.6677537190295904,6.688399997074157,381.70014999923296,391.0563037153367,one shared preloaded model
conv-43-qa-2,lalm,2.6677537190295904,6.5774999966379255,381.70014999923296,390.94540371490046,one shared preloaded model
conv-43-qa-3,lalm,2.6677537190295904,6.3735000003362074,381.70014999923296,390.74140371859875,one shared preloaded model
conv-43-qa-4,lalm,2.6677537190295904,6.175800001074094,114.49347500092699,123.33702872103068,one shared preloaded model
conv-43-qa-5,lalm,2.6677537190295904,10.92380000045523,114.49347500092699,128.0850287204118,one shared preloaded model
conv-43-qa-6,lalm,2.6677537190295904,10.257399997499306,114.49347500092699,127.41862871745589,one shared preloaded model
conv-43-qa-7,lalm,2.6677537190295904,8.79729999724077,114.49347500092699,125.95852871719735,one shared preloaded model
conv-43-qa-8,lalm,2.6677537190295904,6.233399995835498,244.48035000023083,253.3815037150959,one shared preloaded model
conv-43-qa-9,lalm,2.6677537190295904,9.869599998637568,244.48035000023083,257.017703717898,one shared preloaded model
conv-43-qa-10,lalm,2.6677537190295904,9.250399998563807,244.48035000023083,256.3985037178242,one shared preloaded model
conv-43-qa-11,lalm,2.6677537190295904,9.865100000752136,244.48035000023083,257.01320372001254,one shared preloaded model
conv-43-qa-12,lalm,2.6677537190295904,5.827499997394625,177.89532499955385,186.39057871597805,one shared preloaded model
conv-43-qa-13,lalm,2.6677537190295904,5.288000000291504,177.89532499955385,185.85107871887493,one shared preloaded model
conv-43-qa-14,lalm,2.6677537190295904,8.978199999546632,177.89532499955385,189.54127871813006,one shared preloaded model
conv-43-qa-15,lalm,2.6677537190295904,9.76529999752529,177.89532499955385,190.32837871610872,one shared preloaded model
conv-43-qa-16,lalm,2.6677537190295904,6.537300003401469,131.15239999933692,140.35745372176797,one shared preloaded model
conv-43-qa-17,lalm,2.6677537190295904,10.180500001297332,131.15239999933692,144.00065371966383,one shared preloaded model
conv-43-qa-18,lalm,2.6677537190295904,9.788399998797104,131.15239999933692,143.6085537171636,one shared preloaded model
conv-43-qa-19,lalm,2.6677537190295904,9.94910000008531,131.15239999933692,143.7692537184518,one shared preloaded model
conv-43-qa-20,lalm,2.6677537190295904,6.635500001721084,110.11247500027821,119.41572872102888,one shared preloaded model
conv-43-qa-21,lalm,2.6677537190295904,10.982899999362417,110.11247500027821,123.76312871867022,one shared preloaded model
conv-43-qa-22,lalm,2.6677537190295904,5.529699999897275,110.11247500027821,118.30992871920508,one shared preloaded model
conv-43-qa-23,lalm,2.6677537190295904,6.529099999170285,110.11247500027821,119.30932871847808,one shared preloaded model
conv-43-qa-24,lalm,2.6677537190295904,6.036800004949328,104.7847499994532,113.48930372343212,one shared preloaded model
conv-43-qa-25,lalm,2.6677537190295904,5.564099999901373,104.7847499994532,113.01660371838416,one shared preloaded model
conv-43-qa-26,lalm,2.6677537190295904,5.483600005391054,104.7847499994532,112.93610372387384,one shared preloaded model
conv-43-qa-27,lalm,2.6677537190295904,6.642299995291978,104.7847499994532,114.09480371377477,one shared preloaded model
conv-43-qa-28,lalm,2.6677537190295904,9.846099994319957,259.776150000107,272.29000371345654,one shared preloaded model
conv-43-qa-29,lalm,2.6677537190295904,6.408300003386103,259.776150000107,268.8522037225227,one shared preloaded model
conv-43-qa-30,lalm,2.6677537190295904,9.936299997207243,259.776150000107,272.38020371634383,one shared preloaded model
conv-43-qa-31,lalm,2.6677537190295904,9.305799998401199,259.776150000107,271.7497037175378,one shared preloaded model
conv-43-qa-32,lalm,2.6677537190295904,7.4401000019861385,252.25422499897832,262.36207871999403,one shared preloaded model
conv-43-qa-33,lalm,2.6677537190295904,10.023899994848762,252.25422499897832,264.94587871285665,one shared preloaded model
conv-43-qa-34,lalm,2.6677537190295904,10.163899998588022,252.25422499897832,265.0858787165959,one shared preloaded model
conv-43-qa-35,lalm,2.6677537190295904,9.61779999488499,252.25422499897832,264.5397787128929,one shared preloaded model
conv-43-qa-36,lalm,2.6677537190295904,6.395900003553834,114.47822500122129,123.54187872380471,one shared preloaded model
conv-43-qa-37,lalm,2.6677537190295904,10.362200002418831,114.47822500122129,127.50817872266971,one shared preloaded model
conv-43-qa-38,lalm,2.6677537190295904,9.618900003260933,114.47822500122129,126.76487872351181,one shared preloaded model
conv-43-qa-39,lalm,2.6677537190295904,9.322099998826161,114.47822500122129,126.46807871907704,one shared preloaded model
conv-43-qa-40,lalm,2.6677537190295904,6.690599999274127,246.8640500010224,256.2224037193261,one shared preloaded model
conv-43-qa-41,lalm,2.6677537190295904,5.275000003166497,246.8640500010224,254.80680372321848,one shared preloaded model
conv-43-qa-42,lalm,2.6677537190295904,5.339499999536201,246.8640500010224,254.87130371958818,one shared preloaded model
conv-43-qa-43,lalm,2.6677537190295904,8.23889999446692,246.8640500010224,257.7707037145189,one shared preloaded model
conv-43-qa-44,lalm,2.6677537190295904,8.285999996587634,145.42217499911203,156.37592871472924,one shared preloaded model
conv-43-qa-45,lalm,2.6677537190295904,9.709499994642101,145.42217499911203,157.7994287127837,one shared preloaded model
conv-43-qa-46,lalm,2.6677537190295904,10.078899998916313,145.42217499911203,158.16882871705792,one shared preloaded model
conv-43-qa-47,lalm,2.6677537190295904,9.122700001171324,145.42217499911203,157.21262871931293,one shared preloaded model
conv-43-qa-48,lalm,2.6677537190295904,6.153399997856468,160.68914999959816,169.5103037164842,one shared preloaded model
conv-43-qa-49,lalm,2.6677537190295904,5.396399996243417,160.68914999959816,168.75330371487115,one shared preloaded model
conv-43-qa-50,lalm,2.6677537190295904,5.983800001558848,160.68914999959816,169.34070372018658,one shared preloaded model
conv-43-qa-51,lalm,2.6677537190295904,6.9587999969371594,160.68914999959816,170.3157037155649,one shared preloaded model
conv-43-qa-52,lalm,2.6677537190295904,6.3343000001623295,110.09044999991602,119.09250371910794,one shared preloaded model
conv-43-qa-53,lalm,2.6677537190295904,9.267900000850204,110.09044999991602,122.02610371979581,one shared preloaded model
conv-43-qa-54,lalm,2.6677537190295904,6.967499997699633,110.09044999991602,119.72570371664524,one shared preloaded model
conv-43-qa-55,lalm,2.6677537190295904,7.231899995531421,110.09044999991602,119.99010371447703,one shared preloaded model
conv-43-qa-56,lalm,2.6677537190295904,7.150099998398218,154.44652499900258,164.26437871643037,one shared preloaded model
conv-43-qa-57,lalm,2.6677537190295904,10.168300002987962,154.44652499900258,167.28257872102012,one shared preloaded model
conv-43-qa-58,lalm,2.6677537190295904,9.476799998083152,154.44652499900258,166.5910787161153,one shared preloaded model
conv-43-qa-59,lalm,2.6677537190295904,9.222000000590924,154.44652499900258,166.33627871862308,one shared preloaded model
conv-43-qa-60,lalm,2.6677537190295904,6.730100001732353,157.1577000013349,166.55555372209682,one shared preloaded model
conv-43-qa-61,lalm,2.6677537190295904,9.83529999939492,157.1577000013349,169.66075371975938,one shared preloaded model
conv-43-qa-62,lalm,2.6677537190295904,9.44069999968633,157.1577000013349,169.2661537200508,one shared preloaded model
conv-43-qa-63,lalm,2.6677537190295904,9.744800001499243,157.1577000013349,169.5702537218637,one shared preloaded model
conv-43-qa-64,lalm,2.6677537190295904,6.327700000838377,145.99497500057623,154.99042872044419,one shared preloaded model
conv-43-qa-65,lalm,2.6677537190295904,9.760999993886799,145.99497500057623,158.4237287134926,one shared preloaded model
conv-43-qa-66,lalm,2.6677537190295904,10.057900006358977,145.99497500057623,158.7206287259648,one shared preloaded model
conv-43-qa-67,lalm,2.6677537190295904,10.523600001761224,145.99497500057623,159.18632872136703,one shared preloaded model
conv-43-qa-68,lalm,2.6677537190295904,6.754400004865602,146.54457500000717,155.96672872390235,one shared preloaded model
conv-43-qa-69,lalm,2.6677537190295904,6.090100003348198,146.54457500000717,155.30242872238495,one shared preloaded model
conv-43-qa-70,lalm,2.6677537190295904,5.416799998783972,146.54457500000717,154.62912871782072,one shared preloaded model
conv-43-qa-71,lalm,2.6677537190295904,6.34130000253208,146.54457500000717,155.55362872156883,one shared preloaded model
conv-43-qa-72,lalm,2.6677537190295904,7.1786000044085085,159.4234250005684,169.26977872400647,one shared preloaded model
conv-43-qa-73,lalm,2.6677537190295904,9.744300004967954,159.4234250005684,171.83547872456592,one shared preloaded model
conv-43-qa-74,lalm,2.6677537190295904,10.642400004144292,159.4234250005684,172.73357872374226,one shared preloaded model
conv-43-qa-75,lalm,2.6677537190295904,9.404300006281119,159.4234250005684,171.49547872587908,one shared preloaded model
conv-43-qa-76,lalm,2.6677537190295904,6.169599997519981,152.0894750010484,160.92682871759797,one shared preloaded model
conv-43-qa-77,lalm,2.6677537190295904,5.266300002404023,152.0894750010484,160.023528722482,one shared preloaded model
conv-43-qa-78,lalm,2.6677537190295904,6.6507000010460615,152.0894750010484,161.40792872112405,one shared preloaded model
conv-43-qa-79,lalm,2.6677537190295904,6.388500005414244,152.0894750010484,161.14572872549223,one shared preloaded model
conv-43-qa-80,lalm,2.6677537190295904,6.271899997955188,118.08287500025472,127.0225287172395,one shared preloaded model
conv-43-qa-81,lalm,2.6677537190295904,9.805699999560602,118.08287500025472,130.5563287188449,one shared preloaded model
conv-43-qa-82,lalm,2.6677537190295904,9.785000002011657,118.08287500025472,130.53562872129595,one shared preloaded model
conv-43-qa-83,lalm,2.6677537190295904,9.475899998506065,118.08287500025472,130.22652871779036,one shared preloaded model
conv-43-qa-84,lalm,2.6677537190295904,6.34379999974044,199.79095000053348,208.8025037193035,one shared preloaded model
conv-43-qa-85,lalm,2.6677537190295904,9.996300002967473,199.79095000053348,212.45500372253053,one shared preloaded model
conv-43-qa-86,lalm,2.6677537190295904,9.66369999514427,199.79095000053348,212.12240371470733,one shared preloaded model
conv-43-qa-87,lalm,2.6677537190295904,9.26699999399716,199.79095000053348,211.72570371356022,one shared preloaded model
conv-43-qa-88,lalm,2.6677537190295904,9.877600001345854,301.66875000031723,314.21410372069266,one shared preloaded model
conv-43-qa-89,lalm,2.6677537190295904,10.189900000113994,301.66875000031723,314.5264037194608,one shared preloaded model
conv-43-qa-90,lalm,2.6677537190295904,10.264099997584708,301.66875000031723,314.6006037169315,one shared preloaded model
conv-43-qa-91,lalm,2.6677537190295904,10.189100001298357,301.66875000031723,314.52560372064517,one shared preloaded model
conv-43-qa-92,lalm,2.6677537190295904,7.303899998078123,444.45660000019416,454.42825371730186,one shared preloaded model
conv-43-qa-93,lalm,2.6677537190295904,6.22789999761153,444.45660000019416,453.35225371683526,one shared preloaded model
conv-43-qa-94,lalm,2.6677537190295904,5.446099996333942,444.45660000019416,452.5704537155577,one shared preloaded model
conv-43-qa-95,lalm,2.6677537190295904,5.842400001711212,444.45660000019416,452.96675372093495,one shared preloaded model
conv-43-qa-96,lalm,2.6677537190295904,8.113600000797305,232.82647500127496,243.60782872110184,one shared preloaded model
conv-43-qa-97,lalm,2.6677537190295904,5.795099998067599,232.82647500127496,241.28932871837213,one shared preloaded model
conv-43-qa-98,lalm,2.6677537190295904,7.631100001162849,232.82647500127496,243.12532872146738,one shared preloaded model
conv-43-qa-99,lalm,2.6677537190295904,6.699999998090789,232.82647500127496,242.19422871839532,one shared preloaded model
conv-43-qa-100,lalm,2.6677537190295904,9.514999997918494,329.3988999994326,341.5816537163807,one shared preloaded model
conv-43-qa-101,lalm,2.6677537190295904,9.945699996023905,329.3988999994326,342.0123537144861,one shared preloaded model
conv-43-qa-102,lalm,2.6677537190295904,9.891300003801007,329.3988999994326,341.9579537222632,one shared preloaded model
conv-43-qa-103,lalm,2.6677537190295904,9.390699997311458,329.3988999994326,341.45735371577365,one shared preloaded model
conv-43-qa-104,lalm,2.6677537190295904,6.845200005045626,92.98909999961325,102.50205372368846,one shared preloaded model
conv-43-qa-105,lalm,2.6677537190295904,10.04570000077365,92.98909999961325,105.70255371941649,one shared preloaded model
conv-43-qa-106,lalm,2.6677537190295904,9.609499997168314,92.98909999961325,105.26635371581115,one shared preloaded model
conv-43-qa-107,lalm,2.6677537190295904,6.048900002497248,92.98909999961325,101.70575372114008,one shared preloaded model
conv-43-qa-108,lalm,2.6677537190295904,6.797000001824927,319.4779749992449,328.9427287200994,one shared preloaded model
conv-43-qa-109,lalm,2.6677537190295904,9.767700001248159,319.4779749992449,331.91342871952264,one shared preloaded model
conv-43-qa-110,lalm,2.6677537190295904,9.748600001330487,319.4779749992449,331.89432871960497,one shared preloaded model
conv-43-qa-111,lalm,2.6677537190295904,10.32429999759188,319.4779749992449,332.47002871586636,one shared preloaded model
conv-43-qa-112,lalm,2.6677537190295904,5.842100006702822,193.4956750010315,202.00552872676388,one shared preloaded model
conv-43-qa-113,lalm,2.6677537190295904,5.587299994658679,193.4956750010315,201.75072871471974,one shared preloaded model
conv-43-qa-114,lalm,2.6677537190295904,5.951200000708923,193.4956750010315,202.11462872076999,one shared preloaded model
conv-43-qa-115,lalm,2.6677537190295904,5.986799995298497,193.4956750010315,202.15022871535956,one shared preloaded model
conv-43-qa-116,lalm,2.6677537190295904,6.601900000532623,358.6005249999289,367.8701787194911,one shared preloaded model
conv-43-qa-117,lalm,2.6677537190295904,5.505000000994187,358.6005249999289,366.77327871995266,one shared preloaded model
conv-43-qa-118,lalm,2.6677537190295904,5.6714999955147505,358.6005249999289,366.9397787144732,one shared preloaded model
conv-43-qa-119,lalm,2.6677537190295904,10.266199999023229,358.6005249999289,371.5344787179817,one shared preloaded model
conv-43-qa-120,lalm,2.6677537190295904,6.859300003270619,132.98690000010538,142.51395372240557,one shared preloaded model
conv-43-qa-121,lalm,2.6677537190295904,9.919000003719702,132.98690000010538,145.57365372285466,one shared preloaded model
conv-43-qa-122,lalm,2.6677537190295904,9.39989999460522,132.98690000010538,145.05455371374018,one shared preloaded model
conv-43-qa-123,lalm,2.6677537190295904,9.27939999382943,132.98690000010538,144.93405371296438,one shared preloaded model
conv-43-qa-124,lalm,2.6677537190295904,6.179600000905339,213.91545000005863,222.76280371999354,one shared preloaded model
conv-43-qa-125,lalm,2.6677537190295904,5.10260000010021,213.91545000005863,221.6858037191884,one shared preloaded model
conv-43-qa-126,lalm,2.6677537190295904,6.567299999005627,213.91545000005863,223.15050371809383,one shared preloaded model
conv-43-qa-127,lalm,2.6677537190295904,6.413100003555883,213.91545000005863,222.9963037226441,one shared preloaded model
conv-43-qa-128,lalm,2.6677537190295904,8.435199997620657,380.57129999833705,391.6742537149873,one shared preloaded model
conv-43-qa-129,lalm,2.6677537190295904,7.542700004705694,380.57129999833705,390.7817537220723,one shared preloaded model
conv-43-qa-130,lalm,2.6677537190295904,7.026999999652617,380.57129999833705,390.26605371701925,one shared preloaded model
conv-43-qa-131,lalm,2.6677537190295904,6.799100003263447,380.57129999833705,390.0381537206301,one shared preloaded model
conv-43-qa-132,lalm,2.6677537190295904,6.396199998562224,370.3800749990478,379.4440287166396,one shared preloaded model
conv-43-qa-133,lalm,2.6677537190295904,10.081499996886123,370.3800749990478,383.1293287149635,one shared preloaded model
conv-43-qa-134,lalm,2.6677537190295904,9.988999998313375,370.3800749990478,383.03682871639074,one shared preloaded model
conv-43-qa-135,lalm,2.6677537190295904,9.376499998325016,370.3800749990478,382.4243287164024,one shared preloaded model
conv-43-qa-136,lalm,2.6677537190295904,6.050399999367073,238.72119999941788,247.43935371781453,one shared preloaded model
conv-43-qa-137,lalm,2.6677537190295904,8.840499998768792,238.72119999941788,250.22945371721624,one shared preloaded model
conv-43-qa-138,lalm,2.6677537190295904,8.431200003542472,238.72119999941788,249.82015372198993,one shared preloaded model
conv-43-qa-139,lalm,2.6677537190295904,10.264099997584708,238.72119999941788,251.65305371603216,one shared preloaded model
conv-43-qa-140,lalm,2.6677537190295904,8.847400000377093,271.62815000156115,283.1433037209678,one shared preloaded model
conv-43-qa-141,lalm,2.6677537190295904,7.105299999238923,271.62815000156115,281.40120371982965,one shared preloaded model
conv-43-qa-142,lalm,2.6677537190295904,7.740799999737646,271.62815000156115,282.0367037203284,one shared preloaded model
conv-43-qa-143,lalm,2.6677537190295904,7.068700004310813,271.62815000156115,281.36460372490154,one shared preloaded model
conv-43-qa-144,lalm,2.6677537190295904,6.351500000164378,84.89522499985469,93.91447871904866,one shared preloaded model
conv-43-qa-145,lalm,2.6677537190295904,9.863399995083455,84.89522499985469,97.42637871396774,one shared preloaded model
conv-43-qa-146,lalm,2.6677537190295904,10.51020000159042,84.89522499985469,98.0731787204747,one shared preloaded model
conv-43-qa-147,lalm,2.6677537190295904,9.510299998510163,84.89522499985469,97.07327871739444,one shared preloaded model
conv-43-qa-148,lalm,2.6677537190295904,6.258400004298892,154.81152499887685,163.73767872220532,one shared preloaded model
conv-43-qa-149,lalm,2.6677537190295904,6.2620000026072375,154.81152499887685,163.74127872051366,one shared preloaded model
conv-43-qa-150,lalm,2.6677537190295904,6.265899995923974,154.81152499887685,163.7451787138304,one shared preloaded model
conv-43-qa-151,lalm,2.6677537190295904,6.75279999995837,154.81152499887685,164.2320787178648,one shared preloaded model
conv-43-qa-152,lalm,2.6677537190295904,7.282099999429192,322.87587500104564,332.8257287195044,one shared preloaded model
conv-43-qa-153,lalm,2.6677537190295904,10.562799994659144,322.87587500104564,336.10642871473436,one shared preloaded model
conv-43-qa-154,lalm,2.6677537190295904,9.870400004729163,322.87587500104564,335.4140287248044,one shared preloaded model
conv-43-qa-155,lalm,2.6677537190295904,9.205499998643063,322.87587500104564,334.7491287187183,one shared preloaded model
conv-43-qa-156,lalm,2.6677537190295904,6.288399999903049,88.3011499990971,97.25730371802975,one shared preloaded model
conv-43-qa-157,lalm,2.6677537190295904,9.090899999137037,88.3011499990971,100.05980371726373,one shared preloaded model
conv-43-qa-158,lalm,2.6677537190295904,10.025499999755993,88.3011499990971,100.99440371788269,one shared preloaded model
conv-43-qa-159,lalm,2.6677537190295904,9.442700000363402,88.3011499990971,100.4116037184901,one shared preloaded model
conv-43-qa-160,lalm,2.6677537190295904,6.707699998514727,228.8490749997436,238.2245287172879,one shared preloaded model
conv-43-qa-161,lalm,2.6677537190295904,10.22279999597231,228.8490749997436,241.7396287147455,one shared preloaded model
conv-43-qa-162,lalm,2.6677537190295904,9.621199998946395,228.8490749997436,241.13802871771958,one shared preloaded model
conv-43-qa-163,lalm,2.6677537190295904,9.425700001884252,228.8490749997436,240.94252872065744,one shared preloaded model
conv-43-qa-164,lalm,2.6677537190295904,6.006100004015025,280.40340000006836,289.07725372311296,one shared preloaded model
conv-43-qa-165,lalm,2.6677537190295904,8.046299997658934,280.40340000006836,291.11745371675687,one shared preloaded model
conv-43-qa-166,lalm,2.6677537190295904,6.180500000482425,280.40340000006836,289.25165371958036,one shared preloaded model
conv-43-qa-167,lalm,2.6677537190295904,9.122399998886976,280.40340000006836,292.1935537179849,one shared preloaded model
conv-43-qa-168,lalm,2.6677537190295904,6.41199999517994,166.3024499994208,175.3822037136303,one shared preloaded model
conv-43-qa-169,lalm,2.6677537190295904,10.189300002821255,166.3024499994208,179.15950372127162,one shared preloaded model
conv-43-qa-170,lalm,2.6677537190295904,10.358400002587587,166.3024499994208,179.32860372103795,one shared preloaded model
conv-43-qa-171,lalm,2.6677537190295904,9.278199999243952,166.3024499994208,178.24840371769432,one shared preloaded model
conv-43-qa-172,lalm,2.6677537190295904,6.6977999958908185,83.0754500002513,92.4410037151717,one shared preloaded model
conv-43-qa-173,lalm,2.6677537190295904,9.706899996672291,83.0754500002513,95.45010371595318,one shared preloaded model
conv-43-qa-174,lalm,2.6677537190295904,9.601799996744376,83.0754500002513,95.34500371602526,one shared preloaded model
conv-43-qa-175,lalm,2.6677537190295904,9.407300000020768,83.0754500002513,95.15050371930165,one shared preloaded model
conv-43-qa-176,lalm,2.6677537190295904,6.760600001143757,279.4451999998273,288.87355372000064,one shared preloaded model
conv-43-qa-177,lalm,2.6677537190295904,6.412599999748636,279.4451999998273,288.5255537186055,one shared preloaded model
conv-43-qa-178,lalm,2.6677537190295904,6.380999999237247,279.4451999998273,288.49395371809413,one shared preloaded model
conv-43-qa-179,lalm,2.6677537190295904,5.949500002316199,279.4451999998273,288.0624537211731,one shared preloaded model
conv-43-qa-180,lalm,2.6677537190295904,7.189299998572096,243.09532499864872,252.9523787162504,one shared preloaded model
conv-43-qa-181,lalm,2.6677537190295904,9.301400001277216,243.09532499864872,255.0644787189555,one shared preloaded model
conv-43-qa-182,lalm,2.6677537190295904,10.542300005909055,243.09532499864872,256.30537872358735,one shared preloaded model
conv-43-qa-183,lalm,2.6677537190295904,9.619500000553671,243.09532499864872,255.38257871823197,one shared preloaded model
conv-43-qa-184,lalm,2.6677537190295904,6.175399998028297,81.9656749990827,90.80882871614058,one shared preloaded model
conv-43-qa-185,lalm,2.6677537190295904,9.588400003849529,81.9656749990827,94.22182872196181,one shared preloaded model
conv-43-qa-186,lalm,2.6677537190295904,9.273499999835622,81.9656749990827,93.9069287179479,one shared preloaded model
conv-43-qa-187,lalm,2.6677537190295904,9.396400004334282,81.9656749990827,94.02982872244657,one shared preloaded model
conv-43-qa-188,lalm,2.6677537190295904,6.5634999991743825,89.1343750008673,98.36562871907127,one shared preloaded model
conv-43-qa-189,lalm,2.6677537190295904,5.231299997831229,89.1343750008673,97.03342871772811,one shared preloaded model
conv-43-qa-190,lalm,2.6677537190295904,6.350499999825843,89.1343750008673,98.15262871972273,one shared preloaded model
conv-43-qa-191,lalm,2.6677537190295904,6.0432999962358736,89.1343750008673,97.84542871613276,one shared preloaded model
conv-43-qa-192,lalm,2.6677537190295904,7.309000000532251,161.81977500127687,171.7965287208387,one shared preloaded model
conv-43-qa-193,lalm,2.6677537190295904,9.70930000039516,161.81977500127687,174.1968287207016,one shared preloaded model
conv-43-qa-194,lalm,2.6677537190295904,6.715700001223013,161.81977500127687,171.20322872152946,one shared preloaded model
conv-43-qa-195,lalm,2.6677537190295904,5.866600004083011,161.81977500127687,170.35412872438945,one shared preloaded model
conv-43-qa-196,lalm,2.6677537190295904,6.453699999838136,84.78239999931247,93.9038537181802,one shared preloaded model
conv-43-qa-197,lalm,2.6677537190295904,10.546800003794488,84.78239999931247,97.99695372213655,one shared preloaded model
conv-43-qa-198,lalm,2.6677537190295904,9.845300002780277,84.78239999931247,97.29545372112234,one shared preloaded model
conv-43-qa-199,lalm,2.6677537190295904,9.60309999936726,84.78239999931247,97.05325371770932,one shared preloaded model
conv-43-qa-200,lalm,2.6677537190295904,7.016099996690173,136.07305000005,145.75690371576974,one shared preloaded model
conv-43-qa-201,lalm,2.6677537190295904,9.891599998809397,136.07305000005,148.63240371788896,one shared preloaded model
conv-43-qa-202,lalm,2.6677537190295904,9.701100003439933,136.07305000005,148.4419037225195,one shared preloaded model
conv-43-qa-203,lalm,2.6677537190295904,9.664100005466025,136.07305000005,148.4049037245456,one shared preloaded model
conv-43-qa-204,lalm,2.6677537190295904,6.337899998470675,157.3734499997954,166.37910371729566,one shared preloaded model
conv-43-qa-205,lalm,2.6677537190295904,10.117899997567292,157.3734499997954,170.15910371639228,one shared preloaded model
conv-43-qa-206,lalm,2.6677537190295904,10.69949999509845,157.3734499997954,170.74070371392344,one shared preloaded model
conv-43-qa-207,lalm,2.6677537190295904,9.722900002088863,157.3734499997954,169.76410372091385,one shared preloaded model
conv-43-qa-208,lalm,2.6677537190295904,6.7519000003812835,114.82347499986645,124.24312871927732,one shared preloaded model
conv-43-qa-209,lalm,2.6677537190295904,9.772900004463736,114.82347499986645,127.26412872335978,one shared preloaded model
conv-43-qa-210,lalm,2.6677537190295904,9.154100000159815,114.82347499986645,126.64532871905585,one shared preloaded model
conv-43-qa-211,lalm,2.6677537190295904,9.57370000105584,114.82347499986645,127.06492871995188,one shared preloaded model
conv-43-qa-212,lalm,2.6677537190295904,6.299500004388392,230.41645000012068,239.38370372353864,one shared preloaded model
conv-43-qa-213,lalm,2.6677537190295904,9.647200000472367,230.41645000012068,242.73140371962262,one shared preloaded model
conv-43-qa-214,lalm,2.6677537190295904,9.629899999708869,230.41645000012068,242.71410371885912,one shared preloaded model
conv-43-qa-215,lalm,2.6677537190295904,9.277299999666866,230.41645000012068,242.36150371881712,one shared preloaded model
conv-43-qa-216,lalm,2.6677537190295904,6.549600002472289,300.35422499895503,309.5715787204569,one shared preloaded model
conv-43-qa-217,lalm,2.6677537190295904,10.393100004876032,300.35422499895503,313.41507872286064,one shared preloaded model
conv-43-qa-218,lalm,2.6677537190295904,10.241699994367082,300.35422499895503,313.2636787123517,one shared preloaded model
conv-43-qa-219,lalm,2.6677537190295904,9.823500004131347,300.35422499895503,312.84547872211596,one shared preloaded model
conv-43-qa-220,lalm,2.6677537190295904,6.9810999993933365,224.8156250007014,234.46447871912432,one shared preloaded model
conv-43-qa-221,lalm,2.6677537190295904,10.36020000174176,224.8156250007014,237.84357872147274,one shared preloaded model
conv-43-qa-222,lalm,2.6677537190295904,8.215200003178325,224.8156250007014,235.6985787229093,one shared preloaded model
conv-43-qa-223,lalm,2.6677537190295904,5.688700002792757,224.8156250007014,233.17207872252374,one shared preloaded model
conv-43-qa-224,lalm,2.6677537190295904,6.448300002375618,138.0657000008796,147.18175372228478,one shared preloaded model
conv-43-qa-225,lalm,2.6677537190295904,9.931300002790522,138.0657000008796,150.6647537226997,one shared preloaded model
conv-43-qa-226,lalm,2.6677537190295904,9.838700003456324,138.0657000008796,150.5721537233655,one shared preloaded model
conv-43-qa-227,lalm,2.6677537190295904,9.879999997792765,138.0657000008796,150.61345371770193,one shared preloaded model
conv-43-qa-228,lalm,2.6677537190295904,6.738900003256276,116.53144999945653,125.9381037217424,one shared preloaded model
conv-43-qa-229,lalm,2.6677537190295904,9.843899999395944,116.53144999945653,129.04310371788205,one shared preloaded model
conv-43-qa-230,lalm,2.6677537190295904,10.062900000775699,116.53144999945653,129.2621037192618,one shared preloaded model
conv-43-qa-231,lalm,2.6677537190295904,7.945299999846611,116.53144999945653,127.14450371833273,one shared preloaded model
conv-43-qa-232,lalm,2.6677537190295904,6.548999997903593,181.38494999948307,190.60170371641624,one shared preloaded model
conv-43-qa-233,lalm,2.6677537190295904,9.70930000039516,181.38494999948307,193.7620037189078,one shared preloaded model
conv-43-qa-234,lalm,2.6677537190295904,9.53039999876637,181.38494999948307,193.58310371727902,one shared preloaded model
conv-43-qa-235,lalm,2.6677537190295904,9.511999996902887,181.38494999948307,193.56470371541553,one shared preloaded model
conv-43-qa-236,lalm,2.6677537190295904,5.916800000704825,245.90177500067512,254.48632872040952,one shared preloaded model
conv-43-qa-237,lalm,2.6677537190295904,5.260700003418606,245.90177500067512,253.8302287231233,one shared preloaded model
conv-43-qa-238,lalm,2.6677537190295904,7.102600000507664,245.90177500067512,255.67212872021236,one shared preloaded model
conv-43-qa-239,lalm,2.6677537190295904,6.36089999898104,245.90177500067512,254.93042871868573,one shared preloaded model
conv-43-qa-240,lalm,2.6677537190295904,6.604499998502433,126.87875000119675,136.15100371872876,one shared preloaded model
conv-43-qa-241,lalm,2.6677537190295904,8.593500002461951,126.87875000119675,138.14000372268828,one shared preloaded model
conv-44-qa-0,lalm,4.208237974690067,9.857699995336588,157.89582500110555,171.9617629711322,one shared preloaded model
conv-44-qa-1,lalm,4.208237974690067,9.49659999605501,157.89582500110555,171.60066297185062,one shared preloaded model
conv-44-qa-2,lalm,4.208237974690067,9.839899998041801,157.89582500110555,171.94396297383742,one shared preloaded model
conv-44-qa-3,lalm,4.208237974690067,10.083500004839152,157.89582500110555,172.18756298063477,one shared preloaded model
conv-44-qa-4,lalm,4.208237974690067,7.704499999817926,155.6468250000762,167.5595629745842,one shared preloaded model
conv-44-qa-5,lalm,4.208237974690067,9.543200001644436,155.6468250000762,169.3982629764107,one shared preloaded model
conv-44-qa-6,lalm,4.208237974690067,9.600900004443247,155.6468250000762,169.45596297920952,one shared preloaded model
conv-44-qa-7,lalm,4.208237974690067,10.319300003175158,155.6468250000762,170.17436297794143,one shared preloaded model
conv-44-qa-8,lalm,4.208237974690067,6.449500004237052,159.15655000026163,169.81428797918875,one shared preloaded model
conv-44-qa-9,lalm,4.208237974690067,9.81869999668561,159.15655000026163,173.1834879716373,one shared preloaded model
conv-44-qa-10,lalm,4.208237974690067,9.730099998705555,159.15655000026163,173.09488797365725,one shared preloaded model
conv-44-qa-11,lalm,4.208237974690067,10.424599997350015,159.15655000026163,173.7893879723017,one shared preloaded model
conv-44-qa-12,lalm,4.208237974690067,6.709099994623102,85.12694999990345,96.04428796921661,one shared preloaded model
conv-44-qa-13,lalm,4.208237974690067,6.925200003024656,85.12694999990345,96.26038797761817,one shared preloaded model
conv-44-qa-14,lalm,4.208237974690067,8.19910000427626,85.12694999990345,97.53428797886977,one shared preloaded model
conv-44-qa-15,lalm,4.208237974690067,8.632400000351481,85.12694999990345,97.96758797494499,one shared preloaded model
conv-44-qa-16,lalm,4.208237974690067,6.780100004107226,157.1165250006743,168.1048629794716,one shared preloaded model
conv-44-qa-17,lalm,4.208237974690067,10.046900002635084,157.1165250006743,171.37166297799945,one shared preloaded model
conv-44-qa-18,lalm,4.208237974690067,9.744399998453446,157.1165250006743,171.0691629738178,one shared preloaded model
conv-44-qa-19,lalm,4.208237974690067,10.835100001713727,157.1165250006743,172.1598629770781,one shared preloaded model
conv-44-qa-20,lalm,4.208237974690067,6.347199996525887,126.57567499991274,137.1311129711287,one shared preloaded model
conv-44-qa-21,lalm,4.208237974690067,9.951400003046729,126.57567499991274,140.73531297764953,one shared preloaded model
conv-44-qa-22,lalm,4.208237974690067,9.308599997893907,126.57567499991274,140.0925129724967,one shared preloaded model
conv-44-qa-23,lalm,4.208237974690067,9.569900001224596,126.57567499991274,140.3538129758274,one shared preloaded model
conv-44-qa-24,lalm,4.208237974690067,6.179600000905339,151.35639999971318,161.74423797530858,one shared preloaded model
conv-44-qa-25,lalm,4.208237974690067,5.1881999970646575,151.35639999971318,160.7528379714679,one shared preloaded model
conv-44-qa-26,lalm,4.208237974690067,6.402700004400685,151.35639999971318,161.96733797880393,one shared preloaded model
conv-44-qa-27,lalm,4.208237974690067,10.035200000857003,151.35639999971318,165.59983797526024,one shared preloaded model
conv-44-qa-28,lalm,4.208237974690067,6.548999997903593,108.99194999910833,119.74918797170199,one shared preloaded model
conv-44-qa-29,lalm,4.208237974690067,5.149399999936577,108.99194999910833,118.34958797373497,one shared preloaded model
conv-44-qa-30,lalm,4.208237974690067,6.7266999976709485,108.99194999910833,119.92688797146934,one shared preloaded model
conv-44-qa-31,lalm,4.208237974690067,9.97329999518115,108.99194999910833,123.17348796897954,one shared preloaded model
conv-44-qa-32,lalm,4.208237974690067,6.627499999012798,240.10372500015364,250.9394629738565,one shared preloaded model
conv-44-qa-33,lalm,4.208237974690067,5.645999997796025,240.10372500015364,249.95796297263973,one shared preloaded model
conv-44-qa-34,lalm,4.208237974690067,6.56899999739835,240.10372500015364,250.88096297224206,one shared preloaded model
conv-44-qa-35,lalm,4.208237974690067,9.628199994040187,240.10372500015364,253.9401629688839,one shared preloaded model
conv-44-qa-36,lalm,4.208237974690067,6.586700001207646,167.640224999559,178.4351629754567,one shared preloaded model
conv-44-qa-37,lalm,4.208237974690067,9.511800002655946,167.640224999559,181.360262976905,one shared preloaded model
conv-44-qa-38,lalm,4.208237974690067,9.458499996981118,167.640224999559,181.30696297123018,one shared preloaded model
conv-44-qa-39,lalm,4.208237974690067,9.57110000308603,167.640224999559,181.4195629773351,one shared preloaded model
conv-44-qa-40,lalm,4.208237974690067,6.86909999785712,86.86857499924372,97.9459129717909,one shared preloaded model
conv-44-qa-41,lalm,4.208237974690067,7.439300003170501,86.86857499924372,98.51611297710429,one shared preloaded model
conv-44-qa-42,lalm,4.208237974690067,10.440699996252079,86.86857499924372,101.51751297018586,one shared preloaded model
conv-44-qa-43,lalm,4.208237974690067,9.50340000417782,86.86857499924372,100.5802129781116,one shared preloaded model
conv-44-qa-44,lalm,4.208237974690067,5.964200005109888,85.63252500061935,95.8049629804193,one shared preloaded model
conv-44-qa-45,lalm,4.208237974690067,6.127699998614844,85.63252500061935,95.96846297392426,one shared preloaded model
conv-44-qa-46,lalm,4.208237974690067,6.252799998037517,85.63252500061935,96.09356297334693,one shared preloaded model
conv-44-qa-47,lalm,4.208237974690067,7.07729999703588,85.63252500061935,96.9180629723453,one shared preloaded model
conv-44-qa-48,lalm,4.208237974690067,6.52540000010049,171.9382499995845,182.67188797437507,one shared preloaded model
conv-44-qa-49,lalm,4.208237974690067,10.402300002169795,171.9382499995845,186.54878797644437,one shared preloaded model
conv-44-qa-50,lalm,4.208237974690067,9.589499997673556,171.9382499995845,185.73598797194813,one shared preloaded model
conv-44-qa-51,lalm,4.208237974690067,9.197899998980574,171.9382499995845,185.34438797325515,one shared preloaded model
conv-44-qa-52,lalm,4.208237974690067,6.098799996834714,160.1556250006979,170.4626629722227,one shared preloaded model
conv-44-qa-53,lalm,4.208237974690067,6.87350000225706,160.1556250006979,171.23736297764503,one shared preloaded model
conv-44-qa-54,lalm,4.208237974690067,9.21639999432955,160.1556250006979,173.58026296971752,one shared preloaded model
conv-44-qa-55,lalm,4.208237974690067,9.421900002053007,160.1556250006979,173.78576297744098,one shared preloaded model
conv-44-qa-56,lalm,4.208237974690067,6.048499999451451,85.78689999922062,96.04363797336214,one shared preloaded model
conv-44-qa-57,lalm,4.208237974690067,5.854000002727844,85.78689999922062,95.84913797663853,one shared preloaded model
conv-44-qa-58,lalm,4.208237974690067,8.274899999378249,85.78689999922062,98.27003797328894,one shared preloaded model
conv-44-qa-59,lalm,4.208237974690067,10.271999999531545,85.78689999922062,100.26713797344223,one shared preloaded model
conv-44-qa-60,lalm,4.208237974690067,6.802600000810344,182.69177500042133,193.70261297592174,one shared preloaded model
conv-44-qa-61,lalm,4.208237974690067,10.601799993310124,182.69177500042133,197.50181296842152,one shared preloaded model
conv-44-qa-62,lalm,4.208237974690067,10.647799994330853,182.69177500042133,197.54781296944225,one shared preloaded model
conv-44-qa-63,lalm,4.208237974690067,10.347699993872084,182.69177500042133,197.24771296898348,one shared preloaded model
conv-44-qa-64,lalm,4.208237974690067,6.30240000464255,103.28517500056478,113.79581297989739,one shared preloaded model
conv-44-qa-65,lalm,4.208237974690067,7.13720000203466,103.28517500056478,114.6306129772895,one shared preloaded model
conv-44-qa-66,lalm,4.208237974690067,6.447300002037082,103.28517500056478,113.94071297729192,one shared preloaded model
conv-44-qa-67,lalm,4.208237974690067,6.855100000393577,103.28517500056478,114.34851297564842,one shared preloaded model
conv-44-qa-68,lalm,4.208237974690067,6.9627999982913025,85.10542499971052,96.27646297269189,one shared preloaded model
conv-44-qa-69,lalm,4.208237974690067,10.097899998072535,85.10542499971052,99.41156297247312,one shared preloaded model
conv-44-qa-70,lalm,4.208237974690067,10.515100002521649,85.10542499971052,99.82876297692223,one shared preloaded model
conv-44-qa-71,lalm,4.208237974690067,9.088400001928676,85.10542499971052,98.40206297632926,one shared preloaded model
conv-44-qa-72,lalm,4.208237974690067,6.644799999776296,234.25554999994347,245.10858797440983,one shared preloaded model
conv-44-qa-73,lalm,4.208237974690067,9.320800003479235,234.25554999994347,247.78458797811277,one shared preloaded model
conv-44-qa-74,lalm,4.208237974690067,9.872499998891726,234.25554999994347,248.33628797352526,one shared preloaded model
conv-44-qa-75,lalm,4.208237974690067,9.381299998494796,234.25554999994347,247.84508797312833,one shared preloaded model
conv-44-qa-76,lalm,4.208237974690067,6.149900000309572,268.0304500008788,278.3885879758784,one shared preloaded model
conv-44-qa-77,lalm,4.208237974690067,10.24889999825973,268.0304500008788,282.48758797382857,one shared preloaded model
conv-44-qa-78,lalm,4.208237974690067,10.540000002947636,268.0304500008788,282.7786879785165,one shared preloaded model
conv-44-qa-79,lalm,4.208237974690067,10.217000002739951,268.0304500008788,282.4556879783088,one shared preloaded model
conv-44-qa-80,lalm,4.208237974690067,6.694100004096981,247.64067500109377,258.5430129798808,one shared preloaded model
conv-44-qa-81,lalm,4.208237974690067,10.418899997603148,247.64067500109377,262.267812973387,one shared preloaded model
conv-44-qa-82,lalm,4.208237974690067,10.005500000261236,247.64067500109377,261.85441297604507,one shared preloaded model
conv-44-qa-83,lalm,4.208237974690067,9.371100000862498,247.64067500109377,261.22001297664633,one shared preloaded model
conv-44-qa-84,lalm,4.208237974690067,6.209799998032395,121.37487500149291,131.79291297421537,one shared preloaded model
conv-44-qa-85,lalm,4.208237974690067,10.417600002256222,121.37487500149291,136.0007129784392,one shared preloaded model
conv-44-qa-86,lalm,4.208237974690067,9.350000000267755,121.37487500149291,134.93311297645073,one shared preloaded model
conv-44-qa-87,lalm,4.208237974690067,10.177600001043174,121.37487500149291,135.76071297722615,one shared preloaded model
conv-44-qa-88,lalm,4.208237974690067,6.172500005050097,236.75659999935306,247.13733797909322,one shared preloaded model
conv-44-qa-89,lalm,4.208237974690067,6.456399998569395,236.75659999935306,247.42123797261252,one shared preloaded model
conv-44-qa-90,lalm,4.208237974690067,6.422899998142384,236.75659999935306,247.3877379721855,one shared preloaded model
conv-44-qa-91,lalm,4.208237974690067,7.135600004403386,236.75659999935306,248.1004379784465,one shared preloaded model
conv-44-qa-92,lalm,4.208237974690067,7.384800002910197,156.93497500069498,168.52801297829524,one shared preloaded model
conv-44-qa-93,lalm,4.208237974690067,9.740099994814955,156.93497500069498,170.8833129702,one shared preloaded model
conv-44-qa-94,lalm,4.208237974690067,9.38519999908749,156.93497500069498,170.52841297447253,one shared preloaded model
conv-44-qa-95,lalm,4.208237974690067,9.533599994028918,156.93497500069498,170.67681296941396,one shared preloaded model
conv-44-qa-96,lalm,4.208237974690067,6.651099996815901,266.79397499901825,277.6533129705242,one shared preloaded model
conv-44-qa-97,lalm,4.208237974690067,11.400399998819921,266.79397499901825,282.40261297252823,one shared preloaded model
conv-44-qa-98,lalm,4.208237974690067,10.796999995363876,266.79397499901825,281.7992129690722,one shared preloaded model
conv-44-qa-99,lalm,4.208237974690067,11.176200001500547,266.79397499901825,282.17841297520886,one shared preloaded model
conv-44-qa-100,lalm,4.208237974690067,7.307699997909367,180.5660500012891,192.08198797388854,one shared preloaded model
conv-44-qa-101,lalm,4.208237974690067,9.933200002706144,180.5660500012891,194.70748797868532,one shared preloaded model
conv-44-qa-102,lalm,4.208237974690067,8.498499999404885,180.5660500012891,193.27278797538406,one shared preloaded model
conv-44-qa-103,lalm,4.208237974690067,5.834400006278884,180.5660500012891,190.60868798225806,one shared preloaded model
conv-44-qa-104,lalm,4.208237974690067,6.9881999952485785,130.46579999900132,141.66223796893996,one shared preloaded model
conv-44-qa-105,lalm,4.208237974690067,10.361000000557397,130.46579999900132,145.03503797424878,one shared preloaded model
conv-44-qa-106,lalm,4.208237974690067,9.791299999051262,130.46579999900132,144.46533797274265,one shared preloaded model
conv-44-qa-107,lalm,4.208237974690067,9.920600001350977,130.46579999900132,144.59463797504236,one shared preloaded model
conv-44-qa-108,lalm,4.208237974690067,6.169500004034489,99.6625750012754,110.04031297999995,one shared preloaded model
conv-44-qa-109,lalm,4.208237974690067,6.2106000041239895,99.6625750012754,110.08141298008945,one shared preloaded model
conv-44-qa-110,lalm,4.208237974690067,6.190800006152131,99.6625750012754,110.0616129821176,one shared preloaded model
conv-44-qa-111,lalm,4.208237974690067,6.843200004368555,99.6625750012754,110.71401298033402,one shared preloaded model
conv-44-qa-112,lalm,4.208237974690067,6.802600000810344,85.70700000018405,96.71783797568446,one shared preloaded model
conv-44-qa-113,lalm,4.208237974690067,9.947800004738383,85.70700000018405,99.8630379796125,one shared preloaded model
conv-44-qa-114,lalm,4.208237974690067,10.108800001034979,85.70700000018405,100.0240379759091,one shared preloaded model
conv-44-qa-115,lalm,4.208237974690067,9.872100003121886,85.70700000018405,99.787337977996,one shared preloaded model
conv-44-qa-116,lalm,4.208237974690067,7.514500000979751,285.28812500007916,297.010862975749,one shared preloaded model
conv-44-qa-117,lalm,4.208237974690067,10.912600002484396,285.28812500007916,300.4089629772536,one shared preloaded model
conv-44-qa-118,lalm,4.208237974690067,10.688299997127615,285.28812500007916,300.18466297189684,one shared preloaded model
conv-44-qa-119,lalm,4.208237974690067,9.865700005320832,285.28812500007916,299.36206298009006,one shared preloaded model
conv-44-qa-120,lalm,4.208237974690067,8.953999997174833,128.76082500042685,141.92306297229175,one shared preloaded model
conv-44-qa-121,lalm,4.208237974690067,5.408900004113093,128.76082500042685,138.37796297923,one shared preloaded model
conv-44-qa-122,lalm,4.208237974690067,6.365100001858082,128.76082500042685,139.334162976975,one shared preloaded model
conv-44-qa-123,lalm,4.208237974690067,5.556900003284682,128.76082500042685,138.5259629784016,one shared preloaded model
conv-44-qa-124,lalm,4.208237974690067,6.025000002409797,85.56789999965986,95.80113797675972,one shared preloaded model
conv-44-qa-125,lalm,4.208237974690067,6.4361000040662475,85.56789999965986,96.21223797841617,one shared preloaded model
conv-44-qa-126,lalm,4.208237974690067,5.546700005652383,85.56789999965986,95.3228379800023,one shared preloaded model
conv-44-qa-127,lalm,4.208237974690067,5.922900003497489,85.56789999965986,95.69903797784741,one shared preloaded model
conv-44-qa-128,lalm,4.208237974690067,6.539100002555642,121.03642500005662,131.78376297730233,one shared preloaded model
conv-44-qa-129,lalm,4.208237974690067,9.8158999971929,121.03642500005662,135.0605629719396,one shared preloaded model
conv-44-qa-130,lalm,4.208237974690067,9.381299998494796,121.03642500005662,134.62596297324149,one shared preloaded model
conv-44-qa-131,lalm,4.208237974690067,9.46490000205813,121.03642500005662,134.70956297680482,one shared preloaded model
conv-44-qa-132,lalm,4.208237974690067,6.715800001984462,82.57967500139785,93.50371297807237,one shared preloaded model
conv-44-qa-133,lalm,4.208237974690067,5.691799997293856,82.57967500139785,92.47971297338177,one shared preloaded model
conv-44-qa-134,lalm,4.208237974690067,5.158400002983399,82.57967500139785,91.94631297907131,one shared preloaded model
conv-44-qa-135,lalm,4.208237974690067,6.766300000890624,82.57967500139785,93.55421297697853,one shared preloaded model
conv-44-qa-136,lalm,4.208237974690067,6.758499999705236,137.58912500088627,148.55586297528157,one shared preloaded model
conv-44-qa-137,lalm,4.208237974690067,10.741099998995196,137.58912500088627,152.53846297457153,one shared preloaded model
conv-44-qa-138,lalm,4.208237974690067,9.930899999744724,137.58912500088627,151.72826297532106,one shared preloaded model
conv-44-qa-139,lalm,4.208237974690067,9.93449999805307,137.58912500088627,151.7318629736294,one shared preloaded model
conv-44-qa-140,lalm,4.208237974690067,6.431000001612119,108.1971749990771,118.83641297537929,one shared preloaded model
conv-44-qa-141,lalm,4.208237974690067,5.32789999851957,108.1971749990771,117.73331297228674,one shared preloaded model
conv-44-qa-142,lalm,4.208237974690067,6.21310000133235,108.1971749990771,118.61851297509952,one shared preloaded model
conv-44-qa-143,lalm,4.208237974690067,6.820099995820783,108.1971749990771,119.22551296958795,one shared preloaded model
conv-44-qa-144,lalm,4.208237974690067,6.783099997846875,187.57792499854986,198.5692629710868,one shared preloaded model
conv-44-qa-145,lalm,4.208237974690067,9.8952000043937,187.57792499854986,201.68136297763363,one shared preloaded model
conv-44-qa-146,lalm,4.208237974690067,10.482300000148825,187.57792499854986,202.26846297338875,one shared preloaded model
conv-44-qa-147,lalm,4.208237974690067,9.382000003824942,187.57792499854986,201.16816297706487,one shared preloaded model
conv-44-qa-148,lalm,4.208237974690067,6.099599995650351,144.1148499998235,154.4226879701639,one shared preloaded model
conv-44-qa-149,lalm,4.208237974690067,10.003200004575774,144.1148499998235,158.32628797908933,one shared preloaded model
conv-44-qa-150,lalm,4.208237974690067,9.975700006179977,144.1148499998235,158.29878798069353,one shared preloaded model
conv-44-qa-151,lalm,4.208237974690067,8.67840000137221,144.1148499998235,157.00148797588577,one shared preloaded model
conv-44-qa-152,lalm,4.208237974690067,5.799399994430132,96.3389750013448,106.346612970465,one shared preloaded model
conv-44-qa-153,lalm,4.208237974690067,5.524599997443147,96.3389750013448,106.07181297347802,one shared preloaded model
conv-44-qa-154,lalm,4.208237974690067,5.335900001227856,96.3389750013448,105.88311297726273,one shared preloaded model
conv-44-qa-155,lalm,4.208237974690067,6.058400002075359,96.3389750013448,106.60561297811023,one shared preloaded model
conv-44-qa-156,lalm,4.208237974690067,9.62499999877764,120.92055000175606,134.75378797522376,one shared preloaded model
conv-44-qa-157,lalm,4.208237974690067,10.666100002708845,120.92055000175606,135.79488797915496,one shared preloaded model
conv-47-qa-0,lalm,3.786684210545469,9.755899998708628,78.75187500030734,92.29445920956144,one shared preloaded model
conv-47-qa-1,lalm,3.786684210545469,6.987100001424551,78.75187500030734,89.52565921227736,one shared preloaded model
conv-47-qa-2,lalm,3.786684210545469,5.411099999037106,78.75187500030734,87.94965920988992,one shared preloaded model
conv-47-qa-3,lalm,3.786684210545469,5.456199993204791,78.75187500030734,87.9947592040576,one shared preloaded model
conv-47-qa-4,lalm,3.786684210545469,6.66060000366997,111.17142500006594,121.61870921428138,one shared preloaded model
conv-47-qa-5,lalm,3.786684210545469,9.821300001931377,111.17142500006594,124.77940921254279,one shared preloaded model
conv-47-qa-6,lalm,3.786684210545469,9.650499996496364,111.17142500006594,124.60860920710778,one shared preloaded model
conv-47-qa-7,lalm,3.786684210545469,9.411000006366521,111.17142500006594,124.36910921697793,one shared preloaded model
conv-47-qa-8,lalm,3.786684210545469,7.05759999982547,182.3013749999518,193.14565921032275,one shared preloaded model
conv-47-qa-9,lalm,3.786684210545469,10.064499998406973,182.3013749999518,196.15255920890425,one shared preloaded model
conv-47-qa-10,lalm,3.786684210545469,9.44790000357898,182.3013749999518,195.53595921407626,one shared preloaded model
conv-47-qa-11,lalm,3.786684210545469,9.251299998140894,182.3013749999518,195.33935920863817,one shared preloaded model
conv-47-qa-12,lalm,3.786684210545469,6.315300001006108,79.20007500069914,89.30205921225073,one shared preloaded model
conv-47-qa-13,lalm,3.786684210545469,8.418199999141507,79.20007500069914,91.40495921038612,one shared preloaded model
conv-47-qa-14,lalm,3.786684210545469,9.758699998201337,79.20007500069914,92.74545920944595,one shared preloaded model
conv-47-qa-15,lalm,3.786684210545469,9.522099993773736,79.20007500069914,92.50885920501835,one shared preloaded model
conv-47-qa-16,lalm,3.786684210545469,6.852200000139419,430.6695499999478,441.30843421063264,one shared preloaded model
conv-47-qa-17,lalm,3.786684210545469,5.853300004673656,430.6695499999478,440.3095342151669,one shared preloaded model
conv-47-qa-18,lalm,3.786684210545469,6.404499996278901,430.6695499999478,440.8607342067721,one shared preloaded model
conv-47-qa-19,lalm,3.786684210545469,6.1857000036980025,430.6695499999478,440.6419342141912,one shared preloaded model
conv-47-qa-20,lalm,3.786684210545469,6.526299999677576,149.28115000111575,159.5941342113388,one shared preloaded model
conv-47-qa-21,lalm,3.786684210545469,9.967700003471691,149.28115000111575,163.0355342151329,one shared preloaded model
conv-47-qa-22,lalm,3.786684210545469,10.783999998238869,149.28115000111575,163.8518342099001,one shared preloaded model
conv-47-qa-23,lalm,3.786684210545469,9.826499997870997,149.28115000111575,162.89433420953222,one shared preloaded model
conv-47-qa-24,lalm,3.786684210545469,6.589500000700355,94.46642500006419,104.84260921131002,one shared preloaded model
conv-47-qa-25,lalm,3.786684210545469,6.315099999483209,94.46642500006419,104.56820921009287,one shared preloaded model
conv-47-qa-26,lalm,3.786684210545469,6.304100003035273,94.46642500006419,104.55720921364494,one shared preloaded model
conv-47-qa-27,lalm,3.786684210545469,5.859900003997609,94.46642500006419,104.11300921460727,one shared preloaded model
conv-47-qa-28,lalm,3.786684210545469,6.207799997355323,149.10932499878982,159.1038092066906,one shared preloaded model
conv-47-qa-29,lalm,3.786684210545469,9.579900004609954,149.10932499878982,162.47590921394524,one shared preloaded model
conv-47-qa-30,lalm,3.786684210545469,10.250899998936802,149.10932499878982,163.1469092082721,one shared preloaded model
conv-47-qa-31,lalm,3.786684210545469,9.63239999691723,149.10932499878982,162.52840920625252,one shared preloaded model
conv-47-qa-32,lalm,3.786684210545469,5.944099997577723,72.8103999990708,82.541184207194,one shared preloaded model
conv-47-qa-33,lalm,3.786684210545469,6.141399993794039,72.8103999990708,82.73848420341031,one shared preloaded model
conv-47-qa-34,lalm,3.786684210545469,6.0365000026649795,72.8103999990708,82.63358421228125,one shared preloaded model
conv-47-qa-35,lalm,3.786684210545469,9.452100006456021,72.8103999990708,86.04918421607229,one shared preloaded model
conv-47-qa-36,lalm,3.786684210545469,7.6249999983701855,151.57097499832162,162.98265920723728,one shared preloaded model
conv-47-qa-37,lalm,3.786684210545469,9.899099997710437,151.57097499832162,165.25675920657753,one shared preloaded model
conv-47-qa-38,lalm,3.786684210545469,10.061599998152815,151.57097499832162,165.4192592070199,one shared preloaded model
conv-47-qa-39,lalm,3.786684210545469,9.357999995700084,151.57097499832162,164.71565920456717,one shared preloaded model
conv-47-qa-40,lalm,3.786684210545469,6.119699995906558,150.7409000005282,160.64728420698023,one shared preloaded model
conv-47-qa-41,lalm,3.786684210545469,5.969900004856754,150.7409000005282,160.49748421593043,one shared preloaded model
conv-47-qa-42,lalm,3.786684210545469,6.415400006517302,150.7409000005282,160.94298421759098,one shared preloaded model
conv-47-qa-43,lalm,3.786684210545469,5.9191000036662444,150.7409000005282,160.44668421473992,one shared preloaded model
conv-47-qa-44,lalm,3.786684210545469,6.70689999969909,156.79632499995932,167.2899092102039,one shared preloaded model
conv-47-qa-45,lalm,3.786684210545469,9.906100000080187,156.79632499995932,170.48910921058499,one shared preloaded model
conv-47-qa-46,lalm,3.786684210545469,9.640400006901473,156.79632499995932,170.22340921740627,one shared preloaded model
conv-47-qa-47,lalm,3.786684210545469,9.713100000226405,156.79632499995932,170.2961092107312,one shared preloaded model
conv-47-qa-48,lalm,3.786684210545469,6.576400002813898,191.5142249999917,201.87730921335108,one shared preloaded model
conv-47-qa-49,lalm,3.786684210545469,9.680900002422277,191.5142249999917,204.98180921295946,one shared preloaded model
conv-47-qa-50,lalm,3.786684210545469,7.329799998842645,191.5142249999917,202.63070920937983,one shared preloaded model
conv-47-qa-51,lalm,3.786684210545469,5.525900000066031,191.5142249999917,200.82680921060322,one shared preloaded model
conv-47-qa-52,lalm,3.786684210545469,7.99879999976838,153.02220000012312,164.80768421043697,one shared preloaded model
conv-47-qa-53,lalm,3.786684210545469,10.175399998843204,153.02220000012312,166.9842842095118,one shared preloaded model
conv-47-qa-54,lalm,3.786684210545469,10.126699999091215,153.02220000012312,166.9355842097598,one shared preloaded model
conv-47-qa-55,lalm,3.786684210545469,5.6764000037219375,153.02220000012312,162.48528421439053,one shared preloaded model
conv-47-qa-56,lalm,3.786684210545469,6.894899997860193,159.7184499987634,170.40003420716906,one shared preloaded model
conv-47-qa-57,lalm,3.786684210545469,9.32749999628868,159.7184499987634,172.83263420559754,one shared preloaded model
conv-47-qa-58,lalm,3.786684210545469,9.693799998785835,159.7184499987634,173.1989342080947,one shared preloaded model
conv-47-qa-59,lalm,3.786684210545469,9.254999997210689,159.7184499987634,172.76013420651955,one shared preloaded model
conv-47-qa-60,lalm,3.786684210545469,6.057200000213925,87.69245000075898,97.53633421151838,one shared preloaded model
conv-47-qa-61,lalm,3.786684210545469,5.956700006208848,87.69245000075898,97.4358342175133,one shared preloaded model
conv-47-qa-62,lalm,3.786684210545469,6.678400000964757,87.69245000075898,98.15753421226921,one shared preloaded model
conv-47-qa-63,lalm,3.786684210545469,7.110599995939992,87.69245000075898,98.58973420724445,one shared preloaded model
conv-47-qa-64,lalm,3.786684210545469,6.496000001789071,160.6433750002907,170.92605921262523,one shared preloaded model
conv-47-qa-65,lalm,3.786684210545469,9.471999997913372,160.6433750002907,173.90205920874953,one shared preloaded model
conv-47-qa-66,lalm,3.786684210545469,9.802799999306444,160.6433750002907,174.2328592101426,one shared preloaded model
conv-47-qa-67,lalm,3.786684210545469,9.174800004984718,160.6433750002907,173.60485921582088,one shared preloaded model
conv-47-qa-68,lalm,3.786684210545469,6.300799999735318,191.7618500010576,201.8493342113384,one shared preloaded model
conv-47-qa-69,lalm,3.786684210545469,10.254100001475308,191.7618500010576,205.8026342130784,one shared preloaded model
conv-47-qa-70,lalm,3.786684210545469,9.998699999414384,191.7618500010576,205.54723421101747,one shared preloaded model
conv-47-qa-71,lalm,3.786684210545469,9.937999995599966,191.7618500010576,205.48653420720305,one shared preloaded model
conv-47-qa-72,lalm,3.786684210545469,6.500999996205792,158.45237499888754,168.7400592056388,one shared preloaded model
conv-47-qa-73,lalm,3.786684210545469,5.559200006246101,158.45237499888754,167.7982592156791,one shared preloaded model
conv-47-qa-74,lalm,3.786684210545469,6.751100001565646,158.45237499888754,168.99015921099866,one shared preloaded model
conv-47-qa-75,lalm,3.786684210545469,10.50050000048941,158.45237499888754,172.73955920992242,one shared preloaded model
conv-47-qa-76,lalm,3.786684210545469,6.67049999901792,180.43662499985658,190.89380920941997,one shared preloaded model
conv-47-qa-77,lalm,3.786684210545469,10.28500000393251,180.43662499985658,194.50830921433456,one shared preloaded model
conv-47-qa-78,lalm,3.786684210545469,9.725299998535775,180.43662499985658,193.94860920893782,one shared preloaded model
conv-47-qa-79,lalm,3.786684210545469,9.124100004555658,180.43662499985658,193.3474092149577,one shared preloaded model
conv-47-qa-80,lalm,3.786684210545469,6.92719999642577,424.9233999998978,435.637284206869,one shared preloaded model
conv-47-qa-81,lalm,3.786684210545469,5.302700003085192,424.9233999998978,434.01278421352845,one shared preloaded model
conv-47-qa-82,lalm,3.786684210545469,5.1550999996834435,424.9233999998978,433.8651842101267,one shared preloaded model
conv-47-qa-83,lalm,3.786684210545469,5.8502000028965995,424.9233999998978,434.56028421333986,one shared preloaded model
conv-47-qa-84,lalm,3.786684210545469,6.888800002343487,80.85460000074818,91.53008421363714,one shared preloaded model
conv-47-qa-85,lalm,3.786684210545469,10.622100002365187,80.85460000074818,95.26338421365884,one shared preloaded model
conv-47-qa-86,lalm,3.786684210545469,10.465399995155167,80.85460000074818,95.10668420644882,one shared preloaded model
conv-47-qa-87,lalm,3.786684210545469,10.192500005359761,80.85460000074818,94.83378421665341,one shared preloaded model
conv-47-qa-88,lalm,3.786684210545469,6.418099997972604,239.73012500027835,249.93490920879643,one shared preloaded model
conv-47-qa-89,lalm,3.786684210545469,6.451900000683963,239.73012500027835,249.9687092115078,one shared preloaded model
conv-47-qa-90,lalm,3.786684210545469,6.926100002601743,239.73012500027835,250.44290921342557,one shared preloaded model
conv-47-qa-91,lalm,3.786684210545469,6.070800001907628,239.73012500027835,249.58760921273145,one shared preloaded model
conv-47-qa-92,lalm,3.786684210545469,6.988699999055825,365.34717500035185,376.1225592099531,one shared preloaded model
conv-47-qa-93,lalm,3.786684210545469,9.896799994749017,365.34717500035185,379.0306592056463,one shared preloaded model
conv-47-qa-94,lalm,3.786684210545469,9.444999996048864,365.34717500035185,378.57885920694616,one shared preloaded model
conv-47-qa-95,lalm,3.786684210545469,8.546900004148483,365.34717500035185,377.6807592150458,one shared preloaded model
conv-47-qa-96,lalm,3.786684210545469,6.320100001175888,255.6329500002903,265.7397342120116,one shared preloaded model
conv-47-qa-97,lalm,3.786684210545469,10.235900001134723,255.6329500002903,269.65553421197046,one shared preloaded model
conv-47-qa-98,lalm,3.786684210545469,9.311699999670964,255.6329500002903,268.7313342105067,one shared preloaded model
conv-47-qa-99,lalm,3.786684210545469,5.642999996780418,255.6329500002903,265.06263420761616,one shared preloaded model
conv-47-qa-100,lalm,3.786684210545469,6.354599994665477,81.00477500011039,91.14605920532134,one shared preloaded model
conv-47-qa-101,lalm,3.786684210545469,5.7119000048260204,81.00477500011039,90.50335921548188,one shared preloaded model
conv-47-qa-102,lalm,3.786684210545469,6.205400000908412,81.00477500011039,90.99685921156427,one shared preloaded model
conv-47-qa-103,lalm,3.786684210545469,5.79450000077486,81.00477500011039,90.58595921143072,one shared preloaded model
conv-47-qa-104,lalm,3.786684210545469,7.005999999819323,188.32097499944211,199.1136592098069,one shared preloaded model
conv-47-qa-105,lalm,3.786684210545469,10.153999995964114,188.32097499944211,202.2616592059517,one shared preloaded model
conv-47-qa-106,lalm,3.786684210545469,10.020499998063315,188.32097499944211,202.1281592080509,one shared preloaded model
conv-47-qa-107,lalm,3.786684210545469,9.454300001380034,188.32097499944211,201.56195921136762,one shared preloaded model
conv-47-qa-108,lalm,3.786684210545469,6.854600003862288,219.70799999871815,230.3492842131259,one shared preloaded model
conv-47-qa-109,lalm,3.786684210545469,10.256800000206567,219.70799999871815,233.7514842094702,one shared preloaded model
conv-47-qa-110,lalm,3.786684210545469,9.818100006668828,219.70799999871815,233.31278421593245,one shared preloaded model
conv-47-qa-111,lalm,3.786684210545469,10.085699999763165,219.70799999871815,233.5803842090268,one shared preloaded model
conv-47-qa-112,lalm,3.786684210545469,6.672000003163703,119.91147499975341,130.37015921346259,one shared preloaded model
conv-47-qa-113,lalm,3.786684210545469,9.822300002269913,119.91147499975341,133.5204592125688,one shared preloaded model
conv-47-qa-114,lalm,3.786684210545469,9.74339999811491,119.91147499975341,133.4415592084138,one shared preloaded model
conv-47-qa-115,lalm,3.786684210545469,9.292999995523132,119.91147499975341,132.99115920582202,one shared preloaded model
conv-47-qa-116,lalm,3.786684210545469,6.421400001272559,98.73884999979055,108.94693421160858,one shared preloaded model
conv-47-qa-117,lalm,3.786684210545469,10.308500000974163,98.73884999979055,112.83403421131018,one shared preloaded model
conv-47-qa-118,lalm,3.786684210545469,9.379100003570784,98.73884999979055,111.9046342139068,one shared preloaded model
conv-47-qa-119,lalm,3.786684210545469,9.434999999939464,98.73884999979055,111.96053421027548,one shared preloaded model
conv-47-qa-120,lalm,3.786684210545469,6.942600004549604,87.17962499940768,97.90890921450276,one shared preloaded model
conv-47-qa-121,lalm,3.786684210545469,10.534700006246567,87.17962499940768,101.50100921619972,one shared preloaded model
conv-47-qa-122,lalm,3.786684210545469,9.283800005505327,87.17962499940768,100.25010921545848,one shared preloaded model
conv-47-qa-123,lalm,3.786684210545469,10.054799997305963,87.17962499940768,101.02110920725912,one shared preloaded model
conv-47-qa-124,lalm,3.786684210545469,6.412699993234128,234.54495000078168,244.74433420456128,one shared preloaded model
conv-47-qa-125,lalm,3.786684210545469,7.93619999603834,234.54495000078168,246.2678342073655,one shared preloaded model
conv-47-qa-126,lalm,3.786684210545469,10.325199997168966,234.54495000078168,248.65683420849612,one shared preloaded model
conv-47-qa-127,lalm,3.786684210545469,9.460099994612392,234.54495000078168,247.79173420593955,one shared preloaded model
conv-47-qa-128,lalm,3.786684210545469,6.70689999969909,149.65974999904574,160.1533342092903,one shared preloaded model
conv-47-qa-129,lalm,3.786684210545469,6.075799996324349,149.65974999904574,159.52223420591557,one shared preloaded model
conv-47-qa-130,lalm,3.786684210545469,10.065899994515348,149.65974999904574,163.51233420410657,one shared preloaded model
conv-47-qa-131,lalm,3.786684210545469,6.601599998248275,149.65974999904574,160.0480342078395,one shared preloaded model
conv-47-qa-132,lalm,3.786684210545469,6.429100001696497,123.28142499973183,133.4972092119738,one shared preloaded model
conv-47-qa-133,lalm,3.786684210545469,10.206899998593144,123.28142499973183,137.27500920887044,one shared preloaded model
conv-47-qa-134,lalm,3.786684210545469,9.850800001004245,123.28142499973183,136.91890921128154,one shared preloaded model
conv-47-qa-135,lalm,3.786684210545469,9.835400000156369,123.28142499973183,136.90350921043367,one shared preloaded model
conv-47-qa-136,lalm,3.786684210545469,6.644699999014847,263.9647249998234,274.39610920938367,one shared preloaded model
conv-47-qa-137,lalm,3.786684210545469,10.379999999713618,263.9647249998234,278.13140921008244,one shared preloaded model
conv-47-qa-138,lalm,3.786684210545469,9.513999997579958,263.9647249998234,277.2654092079488,one shared preloaded model
conv-47-qa-139,lalm,3.786684210545469,9.969799997634254,263.9647249998234,277.7212092080031,one shared preloaded model
conv-47-qa-140,lalm,3.786684210545469,6.394199997885153,194.1136249988631,204.29450920729371,one shared preloaded model
conv-47-qa-141,lalm,3.786684210545469,10.535100002016407,194.1136249988631,208.43540921142497,one shared preloaded model
conv-47-qa-142,lalm,3.786684210545469,10.064599999168422,194.1136249988631,207.96490920857698,one shared preloaded model
conv-47-qa-143,lalm,3.786684210545469,8.989200003270525,194.1136249988631,206.8895092126791,one shared preloaded model
conv-47-qa-144,lalm,3.786684210545469,6.910299998708069,125.7949999999255,136.49198420917904,one shared preloaded model
conv-47-qa-145,lalm,3.786684210545469,6.975700001930818,125.7949999999255,136.5573842124018,one shared preloaded model
conv-47-qa-146,lalm,3.786684210545469,5.792500000097789,125.7949999999255,135.37418421056876,one shared preloaded model
conv-47-qa-147,lalm,3.786684210545469,6.233399995835498,125.7949999999255,135.81508420630647,one shared preloaded model
conv-47-qa-148,lalm,3.786684210545469,6.922300002770498,87.54769999904966,98.25668421236563,one shared preloaded model
conv-47-qa-149,lalm,3.786684210545469,9.451999998418614,87.54769999904966,100.78638420801374,one shared preloaded model
conv-47-qa-150,lalm,3.786684210545469,9.728199998789933,87.54769999904966,101.06258420838506,one shared preloaded model
conv-47-qa-151,lalm,3.786684210545469,9.424299998499919,87.54769999904966,100.75868420809505,one shared preloaded model
conv-47-qa-152,lalm,3.786684210545469,6.390499998815358,167.5015250002616,177.67870920962244,one shared preloaded model
conv-47-qa-153,lalm,3.786684210545469,10.149100002308842,167.5015250002616,181.43730921311592,one shared preloaded model
conv-47-qa-154,lalm,3.786684210545469,10.93580000451766,167.5015250002616,182.22400921532474,one shared preloaded model
conv-47-qa-155,lalm,3.786684210545469,11.408599995775148,167.5015250002616,182.69680920658223,one shared preloaded model
conv-47-qa-156,lalm,3.786684210545469,7.053300003462937,135.25077499980398,146.0907592138124,one shared preloaded model
conv-47-qa-157,lalm,3.786684210545469,9.53700000536628,135.25077499980398,148.57445921571573,one shared preloaded model
conv-47-qa-158,lalm,3.786684210545469,6.464300000516232,135.25077499980398,145.50175921086569,one shared preloaded model
conv-47-qa-159,lalm,3.786684210545469,6.223299998964649,135.25077499980398,145.2607592093141,one shared preloaded model
conv-47-qa-160,lalm,3.786684210545469,7.387399993604049,152.84067500033416,164.01475920448368,one shared preloaded model
conv-47-qa-161,lalm,3.786684210545469,10.3914999999688,152.84067500033416,167.01885921084843,one shared preloaded model
conv-47-qa-162,lalm,3.786684210545469,10.064000001875684,152.84067500033416,166.69135921275532,one shared preloaded model
conv-47-qa-163,lalm,3.786684210545469,5.65640000422718,152.84067500033416,162.2837592151068,one shared preloaded model
conv-47-qa-164,lalm,3.786684210545469,6.103599997004494,220.1655250009935,230.05580920854348,one shared preloaded model
conv-47-qa-165,lalm,3.786684210545469,6.064099994546268,220.1655250009935,230.01630920608525,one shared preloaded model
conv-47-qa-166,lalm,3.786684210545469,6.122899998445064,220.1655250009935,230.07510920998405,one shared preloaded model
conv-47-qa-167,lalm,3.786684210545469,7.022800004051533,220.1655250009935,230.97500921559052,one shared preloaded model
conv-47-qa-168,lalm,3.786684210545469,5.872799993085209,82.71687500018743,92.37635920381811,one shared preloaded model
conv-47-qa-169,lalm,3.786684210545469,5.927999998675659,82.71687500018743,92.43155920940856,one shared preloaded model
conv-47-qa-170,lalm,3.786684210545469,5.805900000268593,82.71687500018743,92.3094592110015,one shared preloaded model
conv-47-qa-171,lalm,3.786684210545469,6.090999995649327,82.71687500018743,92.59455920638223,one shared preloaded model
conv-47-qa-172,lalm,3.786684210545469,6.740400000126101,87.96012499988137,98.48720921055295,one shared preloaded model
conv-47-qa-173,lalm,3.786684210545469,10.119300000951625,87.96012499988137,101.86610921137847,one shared preloaded model
conv-47-qa-174,lalm,3.786684210545469,9.373499997309409,87.96012499988137,101.12030920773626,one shared preloaded model
conv-47-qa-175,lalm,3.786684210545469,10.051799996290356,87.96012499988137,101.7986092067172,one shared preloaded model
conv-47-qa-176,lalm,3.786684210545469,6.016499995894264,221.54997500001627,231.353159206456,one shared preloaded model
conv-47-qa-177,lalm,3.786684210545469,6.163000005471986,221.54997500001627,231.49965921603373,one shared preloaded model
conv-47-qa-178,lalm,3.786684210545469,5.673600004229229,221.54997500001627,231.01025921479098,one shared preloaded model
conv-47-qa-179,lalm,3.786684210545469,5.640399998810608,221.54997500001627,230.97705920937236,one shared preloaded model
conv-47-qa-180,lalm,3.786684210545469,7.219400002213661,99.8590500003047,110.86513421306384,one shared preloaded model
conv-47-qa-181,lalm,3.786684210545469,9.548000001814216,99.8590500003047,113.1937342126644,one shared preloaded model
conv-47-qa-182,lalm,3.786684210545469,5.554999996093102,99.8590500003047,109.20073420694328,one shared preloaded model
conv-47-qa-183,lalm,3.786684210545469,5.477099999552593,99.8590500003047,109.12283421040277,one shared preloaded model
conv-47-qa-184,lalm,3.786684210545469,7.052000000840053,188.3846499986248,199.22333421001034,one shared preloaded model
conv-47-qa-185,lalm,3.786684210545469,10.34520000393968,188.3846499986248,202.51653421310996,one shared preloaded model
conv-47-qa-186,lalm,3.786684210545469,9.53089999529766,188.3846499986248,201.70223420446794,one shared preloaded model
conv-47-qa-187,lalm,3.786684210545469,9.22040000295965,188.3846499986248,201.39173421212993,one shared preloaded model
conv-47-qa-188,lalm,3.786684210545469,6.415299998479895,209.71094999913475,219.91293420816012,one shared preloaded model
conv-47-qa-189,lalm,3.786684210545469,6.491100000857841,209.71094999913475,219.98873421053807,one shared preloaded model
conv-48-qa-0,lalm,2.680577824256825,10.312800004612654,82.90169999963837,95.89507782850785,one shared preloaded model
conv-48-qa-1,lalm,2.680577824256825,10.62610000371933,82.90169999963837,96.20837782761453,one shared preloaded model
conv-48-qa-2,lalm,2.680577824256825,9.867200002190657,82.90169999963837,95.44947782608585,one shared preloaded model
conv-48-qa-3,lalm,2.680577824256825,9.377599999425001,82.90169999963837,94.9598778233202,one shared preloaded model
conv-48-qa-4,lalm,2.680577824256825,6.758099996659439,79.49942500090401,88.93810282182028,one shared preloaded model
conv-48-qa-5,lalm,2.680577824256825,9.86890000058338,79.49942500090401,92.04890282574422,one shared preloaded model
conv-48-qa-6,lalm,2.680577824256825,9.219100000336766,79.49942500090401,91.39910282549761,one shared preloaded model
conv-48-qa-7,lalm,2.680577824256825,9.408800004166551,79.49942500090401,91.58880282932739,one shared preloaded model
conv-48-qa-8,lalm,2.680577824256825,7.099900001776405,163.95405000002938,173.73452782606262,one shared preloaded model
conv-48-qa-9,lalm,2.680577824256825,9.834600001340732,163.95405000002938,176.46922782562694,one shared preloaded model
conv-48-qa-10,lalm,2.680577824256825,7.536400000390131,163.95405000002938,174.17102782467634,one shared preloaded model
conv-48-qa-11,lalm,2.680577824256825,5.504799999471288,163.95405000002938,172.1394278237575,one shared preloaded model
conv-48-qa-12,lalm,2.680577824256825,6.445200000598561,137.3330000005808,146.4587778254362,one shared preloaded model
conv-48-qa-13,lalm,2.680577824256825,5.5305999994743615,137.3330000005808,145.544177824312,one shared preloaded model
conv-48-qa-14,lalm,2.680577824256825,5.98599999648286,137.3330000005808,145.99957782132049,one shared preloaded model
conv-48-qa-15,lalm,2.680577824256825,6.444899998314213,137.3330000005808,146.45847782315184,one shared preloaded model
conv-48-qa-16,lalm,2.680577824256825,6.621699998504482,155.75552500013146,165.05780282289277,one shared preloaded model
conv-48-qa-17,lalm,2.680577824256825,9.926599996106233,155.75552500013146,168.36270282049452,one shared preloaded model
conv-48-qa-18,lalm,2.680577824256825,9.540400002151728,155.75552500013146,167.97650282654,one shared preloaded model
conv-48-qa-19,lalm,2.680577824256825,10.028799995779991,155.75552500013146,168.46490282016828,one shared preloaded model
conv-48-qa-20,lalm,2.680577824256825,6.575599996722303,153.16847499889263,162.42465281987177,one shared preloaded model
conv-48-qa-21,lalm,2.680577824256825,10.612300000502728,153.16847499889263,166.4613528236522,one shared preloaded model
conv-48-qa-22,lalm,2.680577824256825,9.831799994572066,153.16847499889263,165.68085281772153,one shared preloaded model
conv-48-qa-23,lalm,2.680577824256825,9.41880000027595,153.16847499889263,165.26785282342541,one shared preloaded model
conv-48-qa-24,lalm,2.680577824256825,7.438300002831966,112.9689999997936,123.08787782688239,one shared preloaded model
conv-48-qa-25,lalm,2.680577824256825,9.613600006559864,112.9689999997936,125.26317783061029,one shared preloaded model
conv-48-qa-26,lalm,2.680577824256825,9.623199999623466,112.9689999997936,125.27277782367389,one shared preloaded model
conv-48-qa-27,lalm,2.680577824256825,9.121700000832789,112.9689999997936,124.77127782488321,one shared preloaded model
conv-48-qa-28,lalm,2.680577824256825,6.662100000539795,154.97200000027078,164.3146778250674,one shared preloaded model
conv-48-qa-29,lalm,2.680577824256825,9.976499997719657,154.97200000027078,167.62907782224727,one shared preloaded model
conv-48-qa-30,lalm,2.680577824256825,5.18010000087088,154.97200000027078,162.8326778253985,one shared preloaded model
conv-48-qa-31,lalm,2.680577824256825,5.560300000070129,154.97200000027078,163.21287782459774,one shared preloaded model
conv-48-qa-32,lalm,2.680577824256825,7.214899997052271,155.88082500107703,165.77630282238613,one shared preloaded model
conv-48-qa-33,lalm,2.680577824256825,10.302899994712789,155.88082500107703,168.86430282004665,one shared preloaded model
conv-48-qa-34,lalm,2.680577824256825,9.84529999550432,155.88082500107703,168.40670282083818,one shared preloaded model
conv-48-qa-35,lalm,2.680577824256825,9.794899997359607,155.88082500107703,168.35630282269346,one shared preloaded model
conv-48-qa-36,lalm,2.680577824256825,6.518100002722349,157.53134999977192,166.7300278267511,one shared preloaded model
conv-48-qa-37,lalm,2.680577824256825,9.581400001479778,157.53134999977192,169.79332782550853,one shared preloaded model
conv-48-qa-38,lalm,2.680577824256825,9.947200000169687,157.53134999977192,170.15912782419844,one shared preloaded model
conv-48-qa-39,lalm,2.680577824256825,9.207100003550295,157.53134999977192,169.41902782757904,one shared preloaded model
conv-48-qa-40,lalm,2.680577824256825,6.730100001732353,90.10107500034792,99.5117528263371,one shared preloaded model
conv-48-qa-41,lalm,2.680577824256825,6.554799998411909,90.10107500034792,99.33645282301666,one shared preloaded model
conv-48-qa-42,lalm,2.680577824256825,6.32499999483116,90.10107500034792,99.10665281943591,one shared preloaded model
conv-48-qa-43,lalm,2.680577824256825,6.083399995986838,90.10107500034792,98.86505282059159,one shared preloaded model
conv-48-qa-44,lalm,2.680577824256825,6.292099998972844,168.1747250004264,177.14740282365608,one shared preloaded model
conv-48-qa-45,lalm,2.680577824256825,9.920500000589527,168.1747250004264,180.77580282527276,one shared preloaded model
conv-48-qa-46,lalm,2.680577824256825,10.508200000913348,168.1747250004264,181.36350282559658,one shared preloaded model
conv-48-qa-47,lalm,2.680577824256825,9.581500002241228,168.1747250004264,180.43680282692446,one shared preloaded model
conv-48-qa-48,lalm,2.680577824256825,9.509200004686136,160.98047499872337,173.17025282766633,one shared preloaded model
conv-48-qa-49,lalm,2.680577824256825,9.498200000962242,160.98047499872337,173.15925282394244,one shared preloaded model
conv-48-qa-50,lalm,2.680577824256825,10.316100000636652,160.98047499872337,173.97715282361685,one shared preloaded model
conv-48-qa-51,lalm,2.680577824256825,9.367300001031253,160.98047499872337,173.02835282401145,one shared preloaded model
conv-48-qa-52,lalm,2.680577824256825,6.787800004531164,104.89090000010037,114.35927782888837,one shared preloaded model
conv-48-qa-53,lalm,2.680577824256825,9.450099998502992,104.89090000010037,117.0215778228602,one shared preloaded model
conv-48-qa-54,lalm,2.680577824256825,7.9882999998517334,104.89090000010037,115.55977782420894,one shared preloaded model
conv-48-qa-55,lalm,2.680577824256825,5.8532999973976985,104.89090000010037,113.4247778217549,one shared preloaded model
conv-48-qa-56,lalm,2.680577824256825,6.59799999993993,89.62962499936111,98.90820282355787,one shared preloaded model
conv-48-qa-57,lalm,2.680577824256825,9.687300000223331,89.62962499936111,101.99750282384127,one shared preloaded model
conv-48-qa-58,lalm,2.680577824256825,9.449099998164456,89.62962499936111,101.7593028217824,one shared preloaded model
conv-48-qa-59,lalm,2.680577824256825,9.117199995671399,89.62962499936111,101.42740281928934,one shared preloaded model
conv-48-qa-60,lalm,2.680577824256825,7.040699994831812,126.91059999997378,136.63187781906242,one shared preloaded model
conv-48-qa-61,lalm,2.680577824256825,11.135900000226684,126.91059999997378,140.7270778244573,one shared preloaded model
conv-48-qa-62,lalm,2.680577824256825,9.882700003799982,126.91059999997378,139.4738778280306,one shared preloaded model
conv-48-qa-63,lalm,2.680577824256825,9.181499997794162,126.91059999997378,138.77267782202478,one shared preloaded model
conv-48-qa-64,lalm,2.680577824256825,6.2896999952499755,162.6597499998752,171.630027819382,one shared preloaded model
conv-48-qa-65,lalm,2.680577824256825,10.98430000274675,162.6597499998752,176.32462782687878,one shared preloaded model
conv-48-qa-66,lalm,2.680577824256825,9.683699994639028,162.6597499998752,175.02402781877106,one shared preloaded model
conv-48-qa-67,lalm,2.680577824256825,9.473399994021747,162.6597499998752,174.81372781815378,one shared preloaded model
conv-48-qa-68,lalm,2.680577824256825,6.193499997607432,111.31402500177501,120.18810282363927,one shared preloaded model
conv-48-qa-69,lalm,2.680577824256825,7.573299997602589,111.31402500177501,121.56790282363443,one shared preloaded model
conv-48-qa-70,lalm,2.680577824256825,9.688999998616055,111.31402500177501,123.68360282464789,one shared preloaded model
conv-48-qa-71,lalm,2.680577824256825,6.916999998793472,111.31402500177501,120.91160282482531,one shared preloaded model
conv-48-qa-72,lalm,2.680577824256825,6.218700000317767,85.53019999999378,94.42947782456838,one shared preloaded model
conv-48-qa-73,lalm,2.680577824256825,9.9294000028749,85.53019999999378,98.14017782712551,one shared preloaded model
conv-48-qa-74,lalm,2.680577824256825,6.61979999858886,85.53019999999378,94.83057782283947,one shared preloaded model
conv-48-qa-75,lalm,2.680577824256825,5.917200003750622,85.53019999999378,94.12797782800124,one shared preloaded model
conv-48-qa-76,lalm,2.680577824256825,6.839999994554091,152.37914999852364,161.89972781733456,one shared preloaded model
conv-48-qa-77,lalm,2.680577824256825,9.827399997448083,152.37914999852364,164.88712782022856,one shared preloaded model
conv-48-qa-78,lalm,2.680577824256825,9.83000000269385,152.37914999852364,164.88972782547432,one shared preloaded model
conv-48-qa-79,lalm,2.680577824256825,9.64189999649534,152.37914999852364,164.7016278192758,one shared preloaded model
conv-48-qa-80,lalm,2.680577824256825,6.040600004780572,155.56800000013027,164.28917782916767,one shared preloaded model
conv-48-qa-81,lalm,2.680577824256825,6.370000002789311,155.56800000013027,164.6185778271764,one shared preloaded model
conv-48-qa-82,lalm,2.680577824256825,5.571099994995166,155.56800000013027,163.81967781938226,one shared preloaded model
conv-48-qa-83,lalm,2.680577824256825,5.502799998794217,155.56800000013027,163.75137782318131,one shared preloaded model
conv-48-qa-84,lalm,2.680577824256825,6.359600003634114,81.26992500001506,90.31010282790601,one shared preloaded model
conv-48-qa-85,lalm,2.680577824256825,5.4172000018297695,81.26992500001506,89.36770282610166,one shared preloaded model
conv-48-qa-86,lalm,2.680577824256825,6.622199995035771,81.26992500001506,90.57270281930766,one shared preloaded model
conv-48-qa-87,lalm,2.680577824256825,5.62789999821689,81.26992500001506,89.57840282248878,one shared preloaded model
conv-48-qa-88,lalm,2.680577824256825,6.481299998995382,125.553525000214,134.7154028234662,one shared preloaded model
conv-48-qa-89,lalm,2.680577824256825,6.69019999622833,125.553525000214,134.92430282069915,one shared preloaded model
conv-48-qa-90,lalm,2.680577824256825,6.276400003116578,125.553525000214,134.5105028275874,one shared preloaded model
conv-48-qa-91,lalm,2.680577824256825,5.3738000060548075,125.553525000214,133.60790283052563,one shared preloaded model
conv-48-qa-92,lalm,2.680577824256825,6.615500002226327,79.72030000019004,89.01637782667319,one shared preloaded model
conv-48-qa-93,lalm,2.680577824256825,9.29570000153035,79.72030000019004,91.69657782597722,one shared preloaded model
conv-48-qa-94,lalm,2.680577824256825,9.682799995061941,79.72030000019004,92.08367781950881,one shared preloaded model
conv-48-qa-95,lalm,2.680577824256825,9.205800000927411,79.72030000019004,91.60667782537428,one shared preloaded model
conv-48-qa-96,lalm,2.680577824256825,7.300799996301066,161.39482499966107,171.37620282021896,one shared preloaded model
conv-48-qa-97,lalm,2.680577824256825,10.314000006474089,161.39482499966107,174.389402830392,one shared preloaded model
conv-48-qa-98,lalm,2.680577824256825,10.168000000703614,161.39482499966107,174.2434028246215,one shared preloaded model
conv-48-qa-99,lalm,2.680577824256825,9.888700005831197,161.39482499966107,173.9641028297491,one shared preloaded model
conv-48-qa-100,lalm,2.680577824256825,6.076700003177393,105.51680000025954,114.27407782769376,one shared preloaded model
conv-48-qa-101,lalm,2.680577824256825,6.15980000293348,105.51680000025954,114.35717782744985,one shared preloaded model
conv-48-qa-102,lalm,2.680577824256825,6.545800002641045,105.51680000025954,114.74317782715741,one shared preloaded model
conv-48-qa-103,lalm,2.680577824256825,5.9636000005411915,105.51680000025954,114.16097782505756,one shared preloaded model
conv-48-qa-104,lalm,2.680577824256825,6.977900004130788,136.49199999963457,146.1504778280222,one shared preloaded model
conv-48-qa-105,lalm,2.680577824256825,9.974300002795644,136.49199999963457,149.14687782668705,one shared preloaded model
conv-48-qa-106,lalm,2.680577824256825,10.107499998412095,136.49199999963457,149.2800778223035,one shared preloaded model
conv-48-qa-107,lalm,2.680577824256825,10.157400000025518,136.49199999963457,149.32997782391692,one shared preloaded model
conv-48-qa-108,lalm,2.680577824256825,7.443999995302875,200.75229999929434,210.87687781885404,one shared preloaded model
conv-48-qa-109,lalm,2.680577824256825,10.498600000573788,200.75229999929434,213.93147782412495,one shared preloaded model
conv-48-qa-110,lalm,2.680577824256825,9.987199999159202,200.75229999929434,213.42007782271037,one shared preloaded model
conv-48-qa-111,lalm,2.680577824256825,6.149499997263774,200.75229999929434,209.58237782081494,one shared preloaded model
conv-48-qa-112,lalm,2.680577824256825,6.29349999508122,99.5818750016042,108.55595282094225,one shared preloaded model
conv-48-qa-113,lalm,2.680577824256825,8.90110000182176,99.5818750016042,111.16355282768279,one shared preloaded model
conv-48-qa-114,lalm,2.680577824256825,9.446199997910298,99.5818750016042,111.70865282377133,one shared preloaded model
conv-48-qa-115,lalm,2.680577824256825,10.148500005016103,99.5818750016042,112.41095283087714,one shared preloaded model
conv-48-qa-116,lalm,2.680577824256825,6.971399998292327,111.03127500064147,120.68325282319063,one shared preloaded model
conv-48-qa-117,lalm,2.680577824256825,9.65629999700468,111.03127500064147,123.36815282190298,one shared preloaded model
conv-48-qa-118,lalm,2.680577824256825,9.264999993320089,111.03127500064147,122.97685281821839,one shared preloaded model
conv-48-qa-119,lalm,2.680577824256825,9.38999999925727,111.03127500064147,123.10185282415557,one shared preloaded model
conv-48-qa-120,lalm,2.680577824256825,6.368600006680936,186.6600749999634,195.70925283090116,one shared preloaded model
conv-48-qa-121,lalm,2.680577824256825,5.829499998071697,186.6600749999634,195.17015282229193,one shared preloaded model
conv-48-qa-122,lalm,2.680577824256825,5.662300005496945,186.6600749999634,195.00295282971717,one shared preloaded model
conv-48-qa-123,lalm,2.680577824256825,7.148500000766944,186.6600749999634,196.48915282498717,one shared preloaded model
conv-48-qa-124,lalm,2.680577824256825,6.396600001608022,166.91132500091044,175.9885028267753,one shared preloaded model
conv-48-qa-125,lalm,2.680577824256825,10.079399995447602,166.91132500091044,179.67130282061487,one shared preloaded model
conv-48-qa-126,lalm,2.680577824256825,9.92959999712184,166.91132500091044,179.5215028222891,one shared preloaded model
conv-48-qa-127,lalm,2.680577824256825,9.83260000066366,166.91132500091044,179.42450282583093,one shared preloaded model
conv-48-qa-128,lalm,2.680577824256825,6.383200001437217,302.8014000010444,311.86517782673843,one shared preloaded model
conv-48-qa-129,lalm,2.680577824256825,10.690399998566136,302.8014000010444,316.17237782386735,one shared preloaded model
conv-48-qa-130,lalm,2.680577824256825,9.880600002361462,302.8014000010444,315.3625778276627,one shared preloaded model
conv-48-qa-131,lalm,2.680577824256825,9.719100002257619,302.8014000010444,315.20107782755883,one shared preloaded model
conv-48-qa-132,lalm,2.680577824256825,6.877000007079914,145.6310499997926,155.18862783112934,one shared preloaded model
conv-48-qa-133,lalm,2.680577824256825,10.044499998912215,145.6310499997926,158.35612782296164,one shared preloaded model
conv-48-qa-134,lalm,2.680577824256825,9.99969999975292,145.6310499997926,158.31132782380234,one shared preloaded model
conv-48-qa-135,lalm,2.680577824256825,9.336099996289704,145.6310499997926,157.64772782033913,one shared preloaded model
conv-48-qa-136,lalm,2.680577824256825,6.350899995595682,275.4561250003462,284.48760282019873,one shared preloaded model
conv-48-qa-137,lalm,2.680577824256825,9.883600003377069,275.4561250003462,288.0203028279801,one shared preloaded model
conv-48-qa-138,lalm,2.680577824256825,10.294299994711764,275.4561250003462,288.4310028193148,one shared preloaded model
conv-48-qa-139,lalm,2.680577824256825,9.289499997976236,275.4561250003462,287.4262028225793,one shared preloaded model
conv-48-qa-140,lalm,2.680577824256825,6.777000002330169,140.403024999614,149.860602826201,one shared preloaded model
conv-48-qa-141,lalm,2.680577824256825,10.16420000087237,140.403024999614,153.2478028247432,one shared preloaded model
conv-48-qa-142,lalm,2.680577824256825,10.434699994220864,140.403024999614,153.51830281809168,one shared preloaded model
conv-48-qa-143,lalm,2.680577824256825,9.647399994719308,140.403024999614,152.73100281859013,one shared preloaded model
conv-48-qa-144,lalm,2.680577824256825,6.1153999995440245,212.18852500169305,220.9845028254939,one shared preloaded model
conv-48-qa-145,lalm,2.680577824256825,5.386899996665306,212.18852500169305,220.2560028226152,one shared preloaded model
conv-48-qa-146,lalm,2.680577824256825,5.332000000635162,212.18852500169305,220.20110282658504,one shared preloaded model
conv-48-qa-147,lalm,2.680577824256825,9.62489999801619,212.18852500169305,224.49400282396607,one shared preloaded model
conv-48-qa-148,lalm,2.680577824256825,6.605700000363868,81.78645000043616,91.07272782505686,one shared preloaded model
conv-48-qa-149,lalm,2.680577824256825,6.819700000050943,81.78645000043616,91.28672782474393,one shared preloaded model
conv-48-qa-150,lalm,2.680577824256825,5.851699999766424,81.78645000043616,90.31872782445942,one shared preloaded model
conv-48-qa-151,lalm,2.680577824256825,5.6798000005073845,81.78645000043616,90.14682782520038,one shared preloaded model
conv-48-qa-152,lalm,2.680577824256825,6.570699995791074,255.8404999999766,265.0917778200245,one shared preloaded model
conv-48-qa-153,lalm,2.680577824256825,10.49040000361856,255.8404999999766,269.011477827852,one shared preloaded model
conv-48-qa-154,lalm,2.680577824256825,9.901400000671856,255.8404999999766,268.4224778249053,one shared preloaded model
conv-48-qa-155,lalm,2.680577824256825,9.259099999326281,255.8404999999766,267.7801778235597,one shared preloaded model
conv-48-qa-156,lalm,2.680577824256825,6.801099996664561,164.05482499976642,173.53650282068782,one shared preloaded model
conv-48-qa-157,lalm,2.680577824256825,10.090199997648597,164.05482499976642,176.82560282167185,one shared preloaded model
conv-48-qa-158,lalm,2.680577824256825,10.056200000690296,164.05482499976642,176.79160282471355,one shared preloaded model
conv-48-qa-159,lalm,2.680577824256825,9.366800004499964,164.05482499976642,176.10220282852322,one shared preloaded model
conv-48-qa-160,lalm,2.680577824256825,6.580000001122244,105.46189999877242,114.7224778241515,one shared preloaded model
conv-48-qa-161,lalm,2.680577824256825,10.79089999984717,105.46189999877242,118.93337782287642,one shared preloaded model
conv-48-qa-162,lalm,2.680577824256825,10.419799997180235,105.46189999877242,118.56227782020949,one shared preloaded model
conv-48-qa-163,lalm,2.680577824256825,9.555299999192357,105.46189999877242,117.69777782222161,one shared preloaded model
conv-48-qa-164,lalm,2.680577824256825,6.678399993688799,129.2933250006172,138.65230281856282,one shared preloaded model
conv-48-qa-165,lalm,2.680577824256825,10.08410000213189,129.2933250006172,142.0580028270059,one shared preloaded model
conv-48-qa-166,lalm,2.680577824256825,9.860699996352196,129.2933250006172,141.8346028212262,one shared preloaded model
conv-48-qa-167,lalm,2.680577824256825,9.859999998298008,129.2933250006172,141.83390282317202,one shared preloaded model
conv-48-qa-168,lalm,2.680577824256825,6.667100002232473,263.0310750009812,272.3787528274705,one shared preloaded model
conv-48-qa-169,lalm,2.680577824256825,9.51599999825703,263.0310750009812,275.2276528234951,one shared preloaded model
conv-48-qa-170,lalm,2.680577824256825,10.307800002919976,263.0310750009812,276.019452828158,one shared preloaded model
conv-48-qa-171,lalm,2.680577824256825,9.77969999803463,263.0310750009812,275.4913528232727,one shared preloaded model
conv-48-qa-172,lalm,2.680577824256825,7.766000002447981,73.40817500153207,83.85475282823688,one shared preloaded model
conv-48-qa-173,lalm,2.680577824256825,9.831399998802226,73.40817500153207,85.92015282459113,one shared preloaded model
conv-48-qa-174,lalm,2.680577824256825,9.731999998621177,73.40817500153207,85.82075282441008,one shared preloaded model
conv-48-qa-175,lalm,2.680577824256825,10.10590000078082,73.40817500153207,86.19465282656972,one shared preloaded model
conv-48-qa-176,lalm,2.680577824256825,6.417000004148576,194.22547499925713,203.32305282766254,one shared preloaded model
conv-48-qa-177,lalm,2.680577824256825,5.596299997705501,194.22547499925713,202.50235282121946,one shared preloaded model
conv-48-qa-178,lalm,2.680577824256825,5.4756999961682595,194.22547499925713,202.38175281968222,one shared preloaded model
conv-48-qa-179,lalm,2.680577824256825,9.72199999523582,194.22547499925713,206.62805281874978,one shared preloaded model
conv-48-qa-180,lalm,2.680577824256825,6.3768999971216545,151.50692499992147,160.56440282129995,one shared preloaded model
conv-48-qa-181,lalm,2.680577824256825,7.109500002115965,151.50692499992147,161.29700282629426,one shared preloaded model
conv-48-qa-182,lalm,2.680577824256825,5.983200004266109,151.50692499992147,160.1707028284444,one shared preloaded model
conv-48-qa-183,lalm,2.680577824256825,6.3736999945831485,151.50692499992147,160.56120281876144,one shared preloaded model
conv-48-qa-184,lalm,2.680577824256825,7.631799999217037,124.60530000134895,134.91767782482282,one shared preloaded model
conv-48-qa-185,lalm,2.680577824256825,9.78179999947315,124.60530000134895,137.06767782507893,one shared preloaded model
conv-48-qa-186,lalm,2.680577824256825,9.629899999708869,124.60530000134895,136.91577782531465,one shared preloaded model
conv-48-qa-187,lalm,2.680577824256825,9.756499996001367,124.60530000134895,137.04237782160715,one shared preloaded model
conv-48-qa-188,lalm,2.680577824256825,6.681599996227305,125.92014999972889,135.28232782021303,one shared preloaded model
conv-48-qa-189,lalm,2.680577824256825,7.422299997415394,125.92014999972889,136.02302782140112,one shared preloaded model
conv-48-qa-190,lalm,2.680577824256825,10.872899998503271,125.92014999972889,139.473627822489,one shared preloaded model
conv-48-qa-191,lalm,2.680577824256825,10.434600000735372,125.92014999972889,139.0353278247211,one shared preloaded model
conv-48-qa-192,lalm,2.680577824256825,5.995600004098378,86.57149999999092,95.24767782834613,one shared preloaded model
conv-48-qa-193,lalm,2.680577824256825,5.239199999778066,86.57149999999092,94.49127782402581,one shared preloaded model
conv-48-qa-194,lalm,2.680577824256825,6.156800001917873,86.57149999999092,95.40887782616562,one shared preloaded model
conv-48-qa-195,lalm,2.680577824256825,6.512500003736932,86.57149999999092,95.76457782798468,one shared preloaded model
conv-48-qa-196,lalm,2.680577824256825,7.503399996494409,191.0631499995361,201.24712782028735,one shared preloaded model
conv-48-qa-197,lalm,2.680577824256825,9.464199996727984,191.0631499995361,203.20792782052092,one shared preloaded model
conv-48-qa-198,lalm,2.680577824256825,7.236400000692811,191.0631499995361,200.98012782448575,one shared preloaded model
conv-48-qa-199,lalm,2.680577824256825,6.243800002266653,191.0631499995361,199.9875278260596,one shared preloaded model
conv-48-qa-200,lalm,2.680577824256825,6.673399999272078,85.31324999967183,94.66722782320073,one shared preloaded model
conv-48-qa-201,lalm,2.680577824256825,9.83529999939492,85.31324999967183,97.82912782332357,one shared preloaded model
conv-48-qa-202,lalm,2.680577824256825,10.407800000393763,85.31324999967183,98.40162782432242,one shared preloaded model
conv-48-qa-203,lalm,2.680577824256825,9.646099999372382,85.31324999967183,97.63992782330104,one shared preloaded model
conv-48-qa-204,lalm,2.680577824256825,6.733399997756351,87.52210000056948,96.93607782258266,one shared preloaded model
conv-48-qa-205,lalm,2.680577824256825,10.779199998069089,87.52210000056948,100.9818778228954,one shared preloaded model
conv-48-qa-206,lalm,2.680577824256825,9.875999996438622,87.52210000056948,100.07867782126493,one shared preloaded model
conv-48-qa-207,lalm,2.680577824256825,10.090399999171495,87.52210000056948,100.2930778239978,one shared preloaded model
conv-48-qa-208,lalm,2.680577824256825,6.723799997416791,290.2031249996071,299.6075028212807,one shared preloaded model
conv-48-qa-209,lalm,2.680577824256825,9.751099998538848,290.2031249996071,302.6348028224028,one shared preloaded model
conv-48-qa-210,lalm,2.680577824256825,6.165999999211635,290.2031249996071,299.04970282307556,one shared preloaded model
conv-48-qa-211,lalm,2.680577824256825,6.502500000351574,290.2031249996071,299.3862028242155,one shared preloaded model
conv-48-qa-212,lalm,2.680577824256825,6.443400001444388,192.71197499983828,201.8359528255395,one shared preloaded model
conv-48-qa-213,lalm,2.680577824256825,10.83459999790648,192.71197499983828,206.22715282200159,one shared preloaded model
conv-48-qa-214,lalm,2.680577824256825,10.28760000190232,192.71197499983828,205.68015282599742,one shared preloaded model
conv-48-qa-215,lalm,2.680577824256825,9.298899996792898,192.71197499983828,204.691452820888,one shared preloaded model
conv-48-qa-216,lalm,2.680577824256825,6.245300006412435,82.54860000124609,91.47447783191535,one shared preloaded model
conv-48-qa-217,lalm,2.680577824256825,6.520399998407811,82.54860000124609,91.74957782391073,one shared preloaded model
conv-48-qa-218,lalm,2.680577824256825,5.33999999606749,82.54860000124609,90.5691778215704,one shared preloaded model
conv-48-qa-219,lalm,2.680577824256825,5.5694000038784,82.54860000124609,90.79857782938132,one shared preloaded model
conv-48-qa-220,lalm,2.680577824256825,6.434400005673524,229.4863000006444,238.60127783057476,one shared preloaded model
conv-48-qa-221,lalm,2.680577824256825,6.778100003430154,229.4863000006444,238.9449778283314,one shared preloaded model
conv-48-qa-222,lalm,2.680577824256825,6.062400003429502,229.4863000006444,238.22927782833074,one shared preloaded model
conv-48-qa-223,lalm,2.680577824256825,6.24940000125207,229.4863000006444,238.4162778261533,one shared preloaded model
conv-48-qa-224,lalm,2.680577824256825,6.864599999971688,149.28875000077824,158.83392782500675,one shared preloaded model
conv-48-qa-225,lalm,2.680577824256825,9.507299997494556,149.28875000077824,161.47662782252962,one shared preloaded model
conv-48-qa-226,lalm,2.680577824256825,7.79329999932088,149.28875000077824,159.76262782435595,one shared preloaded model
conv-48-qa-227,lalm,2.680577824256825,10.440000005473848,149.28875000077824,162.40932783050891,one shared preloaded model
conv-48-qa-228,lalm,2.680577824256825,6.6613000017241575,158.2196750005096,167.56155282649058,one shared preloaded model
conv-48-qa-229,lalm,2.680577824256825,10.581000002275687,158.2196750005096,171.4812528270421,one shared preloaded model
conv-48-qa-230,lalm,2.680577824256825,10.044499998912215,158.2196750005096,170.94475282367864,one shared preloaded model
conv-48-qa-231,lalm,2.680577824256825,9.763499998371117,158.2196750005096,170.66375282313754,one shared preloaded model
conv-48-qa-232,lalm,2.680577824256825,6.596300001547206,72.56324999980279,81.84012782560683,one shared preloaded model
conv-48-qa-233,lalm,2.680577824256825,10.033099999418482,72.56324999980279,85.2769278234781,one shared preloaded model
conv-48-qa-234,lalm,2.680577824256825,9.730599995236844,72.56324999980279,84.97442781929647,one shared preloaded model
conv-48-qa-235,lalm,2.680577824256825,9.936299997207243,72.56324999980279,85.18012782126686,one shared preloaded model
conv-48-qa-236,lalm,2.680577824256825,7.011499998043291,180.24723333170792,189.93931115400804,one shared preloaded model
conv-48-qa-237,lalm,2.680577824256825,10.685699999157805,180.24723333170792,193.61351115512255,one shared preloaded model
conv-48-qa-238,lalm,2.680577824256825,9.887699998216704,180.24723333170792,192.81551115418145,one shared preloaded model
conv-49-qa-0,lalm,2.282473979587904,10.118200007127598,74.09432500026014,86.49499898697565,one shared preloaded model
conv-49-qa-1,lalm,2.282473979587904,11.071399996581022,74.09432500026014,87.44819897642907,one shared preloaded model
conv-49-qa-2,lalm,2.282473979587904,9.538800004520454,74.09432500026014,85.9155989843685,one shared preloaded model
conv-49-qa-3,lalm,2.282473979587904,9.180200002447236,74.09432500026014,85.55699898229528,one shared preloaded model
conv-49-qa-4,lalm,2.282473979587904,6.135499999800231,81.36852499956149,89.78649897894962,one shared preloaded model
conv-49-qa-5,lalm,2.282473979587904,10.538200003793463,81.36852499956149,94.18919898294286,one shared preloaded model
conv-49-qa-6,lalm,2.282473979587904,9.93449999805307,81.36852499956149,93.58549897720246,one shared preloaded model
conv-49-qa-7,lalm,2.282473979587904,9.421299997484311,81.36852499956149,93.0722989766337,one shared preloaded model
conv-49-qa-8,lalm,2.282473979587904,6.532399995194282,149.576950001574,158.3918239763562,one shared preloaded model
conv-49-qa-9,lalm,2.282473979587904,9.856099997705314,149.576950001574,161.71552397886722,one shared preloaded model
conv-49-qa-10,lalm,2.282473979587904,10.259899994707666,149.576950001574,162.11932397586958,one shared preloaded model
conv-49-qa-11,lalm,2.282473979587904,9.71890000073472,149.576950001574,161.57832398189663,one shared preloaded model
conv-49-qa-12,lalm,2.282473979587904,7.175400001870003,147.0749000000069,156.5327739814648,one shared preloaded model
conv-49-qa-13,lalm,2.282473979587904,11.257300000579562,147.0749000000069,160.61467398017436,one shared preloaded model
conv-49-qa-14,lalm,2.282473979587904,9.562600003846455,147.0749000000069,158.91997398344125,one shared preloaded model
conv-49-qa-15,lalm,2.282473979587904,5.223899999691639,147.0749000000069,154.58127397928644,one shared preloaded model
conv-49-qa-16,lalm,2.282473979587904,6.697500000882428,169.92655000103696,178.9065239815073,one shared preloaded model
conv-49-qa-17,lalm,2.282473979587904,5.292099995131139,169.92655000103696,177.501123975756,one shared preloaded model
conv-49-qa-18,lalm,2.282473979587904,8.021499997994397,169.92655000103696,180.23052397861926,one shared preloaded model
conv-49-qa-19,lalm,2.282473979587904,11.485300005006138,169.92655000103696,183.694323985631,one shared preloaded model
conv-49-qa-20,lalm,2.282473979587904,6.81320000148844,151.60089999881166,160.696573979888,one shared preloaded model
conv-49-qa-21,lalm,2.282473979587904,7.044600002700463,151.60089999881166,160.92797398110002,one shared preloaded model
conv-49-qa-22,lalm,2.282473979587904,5.487700000230689,151.60089999881166,159.37107397863025,one shared preloaded model
conv-49-qa-23,lalm,2.282473979587904,6.290999997872859,151.60089999881166,160.17437397627242,one shared preloaded model
conv-49-qa-24,lalm,2.282473979587904,6.3016999993124045,122.48704999910842,131.07122397800873,one shared preloaded model
conv-49-qa-25,lalm,2.282473979587904,5.391099999542348,122.48704999910842,130.16062397823868,one shared preloaded model
conv-49-qa-26,lalm,2.282473979587904,6.5092000004369766,122.48704999910842,131.2787239791333,one shared preloaded model
conv-49-qa-27,lalm,2.282473979587904,6.601200002478436,122.48704999910842,131.37072398117476,one shared preloaded model
conv-49-qa-28,lalm,2.282473979587904,6.7816000009770505,227.27137499896344,236.3354489795284,one shared preloaded model
conv-49-qa-29,lalm,2.282473979587904,10.504899997613393,227.27137499896344,240.05874897616474,one shared preloaded model
conv-49-qa-30,lalm,2.282473979587904,9.93680000101449,227.27137499896344,239.49064897956583,one shared preloaded model
conv-49-qa-31,lalm,2.282473979587904,9.781000000657514,227.27137499896344,239.33484897920886,one shared preloaded model
conv-49-qa-32,lalm,2.282473979587904,6.303199996182229,157.26299999914772,165.84867397491786,one shared preloaded model
conv-49-qa-33,lalm,2.282473979587904,9.893599999486469,157.26299999914772,169.4390739782221,one shared preloaded model
conv-49-qa-34,lalm,2.282473979587904,9.81350000074599,157.26299999914772,169.35897397948162,one shared preloaded model
conv-49-qa-35,lalm,2.282473979587904,8.499299998220522,157.26299999914772,168.04477397695615,one shared preloaded model
conv-49-qa-36,lalm,2.282473979587904,6.526799996208865,93.62857499945676,102.43784897525353,one shared preloaded model
conv-49-qa-37,lalm,2.282473979587904,6.655100005446002,93.62857499945676,102.56614898449067,one shared preloaded model
conv-49-qa-38,lalm,2.282473979587904,10.318699998606462,93.62857499945676,106.22974897765113,one shared preloaded model
conv-49-qa-39,lalm,2.282473979587904,10.191500005021226,93.62857499945676,106.10254898406589,one shared preloaded model
conv-49-qa-40,lalm,2.282473979587904,6.257700006244704,175.9289000001445,184.4690739859771,one shared preloaded model
conv-49-qa-41,lalm,2.282473979587904,5.938699992839247,175.9289000001445,184.15007397257165,one shared preloaded model
conv-49-qa-42,lalm,2.282473979587904,5.960700000287034,175.9289000001445,184.17207398001943,one shared preloaded model
conv-49-qa-43,lalm,2.282473979587904,5.4469000024255365,175.9289000001445,183.65827398215794,one shared preloaded model
conv-49-qa-44,lalm,2.282473979587904,6.012700003338978,111.56067500087374,119.85584898380063,one shared preloaded model
conv-49-qa-45,lalm,2.282473979587904,5.233299998508301,111.56067500087374,119.07644897896995,one shared preloaded model
conv-49-qa-46,lalm,2.282473979587904,6.601900000532623,111.56067500087374,120.44504898099427,one shared preloaded model
conv-49-qa-47,lalm,2.282473979587904,6.08759999886388,111.56067500087374,119.93074897932553,one shared preloaded model
conv-49-qa-48,lalm,2.282473979587904,7.1990999931585975,173.32045000148355,182.80202397423005,one shared preloaded model
conv-49-qa-49,lalm,2.282473979587904,10.269000005791895,173.32045000148355,185.87192398686335,one shared preloaded model
conv-49-qa-50,lalm,2.282473979587904,9.562200000800658,173.32045000148355,185.1651239818721,one shared preloaded model
conv-49-qa-51,lalm,2.282473979587904,10.012099999585189,173.32045000148355,185.61502398065664,one shared preloaded model
conv-49-qa-52,lalm,2.282473979587904,6.811999999627005,154.29922499970417,163.39369897891908,one shared preloaded model
conv-49-qa-53,lalm,2.282473979587904,10.05760000407463,154.29922499970417,166.6392989833667,one shared preloaded model
conv-49-qa-54,lalm,2.282473979587904,9.587799999280833,154.29922499970417,166.1694989785729,one shared preloaded model
conv-49-qa-55,lalm,2.282473979587904,9.538199999951757,154.29922499970417,166.11989897924383,one shared preloaded model
conv-49-qa-56,lalm,2.282473979587904,6.324399997538421,152.8093249999074,161.41619897703373,one shared preloaded model
conv-49-qa-57,lalm,2.282473979587904,10.693700001866091,152.8093249999074,165.7854989813614,one shared preloaded model
conv-49-qa-58,lalm,2.282473979587904,9.797900005651172,152.8093249999074,164.88969898514648,one shared preloaded model
conv-49-qa-59,lalm,2.282473979587904,9.457000000111293,152.8093249999074,164.5487989796066,one shared preloaded model
conv-49-qa-60,lalm,2.282473979587904,6.157099996926263,137.5742000000173,146.01377397653147,one shared preloaded model
conv-49-qa-61,lalm,2.282473979587904,5.681300004653167,137.5742000000173,145.53797398425837,one shared preloaded model
conv-49-qa-62,lalm,2.282473979587904,5.790200004412327,137.5742000000173,145.64687398401753,one shared preloaded model
conv-49-qa-63,lalm,2.282473979587904,7.982399998581968,137.5742000000173,147.83907397818717,one shared preloaded model
conv-49-qa-64,lalm,2.282473979587904,5.997100000968203,82.3756499994488,90.6552239800049,one shared preloaded model
conv-49-qa-65,lalm,2.282473979587904,9.434299994609319,82.3756499994488,94.09242397364602,one shared preloaded model
conv-49-qa-66,lalm,2.282473979587904,9.631100001570303,82.3756499994488,94.289223980607,one shared preloaded model
conv-49-qa-67,lalm,2.282473979587904,9.31230000423966,82.3756499994488,93.97042398327636,one shared preloaded model
conv-49-qa-68,lalm,2.282473979587904,6.9131000054767355,212.67715000067255,221.8727239857372,one shared preloaded model
conv-49-qa-69,lalm,2.282473979587904,10.76650000322843,212.67715000067255,225.7261239834889,one shared preloaded model
conv-49-qa-70,lalm,2.282473979587904,9.362500000861473,212.67715000067255,224.32212398112193,one shared preloaded model
conv-49-qa-71,lalm,2.282473979587904,9.061299999302719,212.67715000067255,224.02092397956318,one shared preloaded model
conv-49-qa-72,lalm,2.282473979587904,6.17979999515228,147.7839250001125,156.2461989748527,one shared preloaded model
conv-49-qa-73,lalm,2.282473979587904,5.250400005024858,147.7839250001125,155.31679898472527,one shared preloaded model
conv-49-qa-74,lalm,2.282473979587904,8.318899999721907,147.7839250001125,158.38529897942232,one shared preloaded model
conv-49-qa-75,lalm,2.282473979587904,9.52559999859659,147.7839250001125,159.591998978297,one shared preloaded model
conv-49-qa-76,lalm,2.282473979587904,6.700799996906426,97.49405000002298,106.47732397651731,one shared preloaded model
conv-49-qa-77,lalm,2.282473979587904,9.837300000071991,97.49405000002298,109.61382397968288,one shared preloaded model
conv-49-qa-78,lalm,2.282473979587904,9.431700003915466,97.49405000002298,109.20822398352635,one shared preloaded model
conv-49-qa-79,lalm,2.282473979587904,9.6445999952266,97.49405000002298,109.42112397483749,one shared preloaded model
conv-49-qa-80,lalm,2.282473979587904,6.421999998565298,158.77957500015327,167.48404897830648,one shared preloaded model
conv-49-qa-81,lalm,2.282473979587904,5.636000001686625,158.77957500015327,166.6980489814278,one shared preloaded model
conv-49-qa-82,lalm,2.282473979587904,6.484099998488091,158.77957500015327,167.54614897822927,one shared preloaded model
conv-49-qa-83,lalm,2.282473979587904,6.802500000048894,158.77957500015327,167.86454897979007,one shared preloaded model
conv-49-qa-84,lalm,2.282473979587904,7.071400003042072,111.1538749992178,120.50774898184778,one shared preloaded model
conv-49-qa-85,lalm,2.282473979587904,10.107800000696443,111.1538749992178,123.54414897950215,one shared preloaded model
conv-49-qa-86,lalm,2.282473979587904,6.7263999953866005,111.1538749992178,120.16274897419231,one shared preloaded model
conv-49-qa-87,lalm,2.282473979587904,5.968799996480811,111.1538749992178,119.40514897528652,one shared preloaded model
conv-49-qa-88,lalm,2.282473979587904,6.47239999671001,161.38797500025248,170.1428489765504,one shared preloaded model
conv-49-qa-89,lalm,2.282473979587904,9.813999997277278,161.38797500025248,173.48444897711767,one shared preloaded model
conv-49-qa-90,lalm,2.282473979587904,9.978499998396728,161.38797500025248,173.64894897823712,one shared preloaded model
conv-49-qa-91,lalm,2.282473979587904,9.316099996794946,161.38797500025248,172.98654897663533,one shared preloaded model
conv-49-qa-92,lalm,2.282473979587904,6.87360000301851,97.60975000062899,106.7658239832354,one shared preloaded model
conv-49-qa-93,lalm,2.282473979587904,10.23669999995036,97.60975000062899,110.12892398016726,one shared preloaded model
conv-49-qa-94,lalm,2.282473979587904,9.911999994073994,97.60975000062899,109.80422397429089,one shared preloaded model
conv-49-qa-95,lalm,2.282473979587904,9.744900002260692,97.60975000062899,109.63712398247759,one shared preloaded model
conv-49-qa-96,lalm,2.282473979587904,6.473099994764198,204.218225000659,212.9737989750111,one shared preloaded model
conv-49-qa-97,lalm,2.282473979587904,9.76259999879403,204.218225000659,216.26329897904094,one shared preloaded model
conv-49-qa-98,lalm,2.282473979587904,9.899500000756234,204.218225000659,216.40019898100314,one shared preloaded model
conv-49-qa-99,lalm,2.282473979587904,9.238600003300235,204.218225000659,215.73929898354714,one shared preloaded model
conv-49-qa-100,lalm,2.282473979587904,6.926000001840293,79.15324999885343,88.36172398028162,one shared preloaded model
conv-49-qa-101,lalm,2.282473979587904,10.029199998825788,79.15324999885343,91.46492397726712,one shared preloaded model
conv-49-qa-102,lalm,2.282473979587904,10.357800005294848,79.15324999885343,91.79352398373618,one shared preloaded model
conv-49-qa-103,lalm,2.282473979587904,10.124799999175593,79.15324999885343,91.56052397761692,one shared preloaded model
conv-49-qa-104,lalm,2.282473979587904,7.0027999972808175,212.50607500041951,221.79134897728824,one shared preloaded model
conv-49-qa-105,lalm,2.282473979587904,9.96080000186339,212.50607500041951,224.7493489818708,one shared preloaded model
conv-49-qa-106,lalm,2.282473979587904,9.944500001438428,212.50607500041951,224.73304898144585,one shared preloaded model
conv-49-qa-107,lalm,2.282473979587904,9.904400001687463,212.50607500041951,224.69294898169488,one shared preloaded model
conv-49-qa-108,lalm,2.282473979587904,6.295099999988452,119.60922500111337,128.18679898068973,one shared preloaded model
conv-49-qa-109,lalm,2.282473979587904,10.000399997807108,119.60922500111337,131.8920989785084,one shared preloaded model
conv-49-qa-110,lalm,2.282473979587904,10.351999997510575,119.60922500111337,132.24369897821185,one shared preloaded model
conv-49-qa-111,lalm,2.282473979587904,10.065900001791306,119.60922500111337,131.95759898249258,one shared preloaded model
conv-49-qa-112,lalm,2.282473979587904,6.316099999821745,143.8056000006327,152.40417398004234,one shared preloaded model
conv-49-qa-113,lalm,2.282473979587904,6.210400002601091,143.8056000006327,152.2984739828217,one shared preloaded model
conv-49-qa-114,lalm,2.282473979587904,10.630500000843313,143.8056000006327,156.7185739810639,one shared preloaded model
conv-49-qa-115,lalm,2.282473979587904,10.558199996012263,143.8056000006327,156.64627397623286,one shared preloaded model
conv-49-qa-116,lalm,2.282473979587904,6.194399997184519,178.51340000015625,186.99027397692868,one shared preloaded model
conv-49-qa-117,lalm,2.282473979587904,7.808200003637467,178.51340000015625,188.60407398338162,one shared preloaded model
conv-49-qa-118,lalm,2.282473979587904,8.377700003620703,178.51340000015625,189.17357398336486,one shared preloaded model
conv-49-qa-119,lalm,2.282473979587904,8.813000000372995,178.51340000015625,189.60887398011715,one shared preloaded model
conv-49-qa-120,lalm,2.282473979587904,7.439100001647603,155.25874999912048,164.980323980356,one shared preloaded model
conv-49-qa-121,lalm,2.282473979587904,9.722399998281617,155.25874999912048,167.26362397699,one shared preloaded model
conv-49-qa-122,lalm,2.282473979587904,9.744000002683606,155.25874999912048,167.285223981392,one shared preloaded model
conv-49-qa-123,lalm,2.282473979587904,9.93200000084471,155.25874999912048,167.4732239795531,one shared preloaded model
conv-49-qa-124,lalm,2.282473979587904,6.087399997340981,163.86214999874937,172.23202397567826,one shared preloaded model
conv-49-qa-125,lalm,2.282473979587904,6.158500000310596,163.86214999874937,172.30312397864787,one shared preloaded model
conv-49-qa-126,lalm,2.282473979587904,9.037300005729776,163.86214999874937,175.18192398406705,one shared preloaded model
conv-49-qa-127,lalm,2.282473979587904,9.666300000390038,163.86214999874937,175.81092397872732,one shared preloaded model
conv-49-qa-128,lalm,2.282473979587904,6.1167999956524,146.36947500002861,154.76874897526892,one shared preloaded model
conv-49-qa-129,lalm,2.282473979587904,10.553000000072643,146.36947500002861,159.20494897968916,one shared preloaded model
conv-49-qa-130,lalm,2.282473979587904,10.325499999453314,146.36947500002861,158.97744897906983,one shared preloaded model
conv-49-qa-131,lalm,2.282473979587904,5.671000006259419,146.36947500002861,154.32294898587594,one shared preloaded model
conv-49-qa-132,lalm,2.282473979587904,7.544799998868257,204.02692500101693,213.8541989794731,one shared preloaded model
conv-49-qa-133,lalm,2.282473979587904,9.637499999371357,204.02692500101693,215.9468989799762,one shared preloaded model
conv-49-qa-134,lalm,2.282473979587904,9.417499997653067,204.02692500101693,215.7268989782579,one shared preloaded model
conv-49-qa-135,lalm,2.282473979587904,8.28650000039488,204.02692500101693,214.59589898099972,one shared preloaded model
conv-49-qa-136,lalm,2.282473979587904,6.733399997756351,227.74302500147314,236.7588989788174,one shared preloaded model
conv-49-qa-137,lalm,2.282473979587904,9.928699997544754,227.74302500147314,239.9541989786058,one shared preloaded model
conv-49-qa-138,lalm,2.282473979587904,9.299800003645942,227.74302500147314,239.325298984707,one shared preloaded model
conv-49-qa-139,lalm,2.282473979587904,9.494800004176795,227.74302500147314,239.52029898523784,one shared preloaded model
conv-49-qa-140,lalm,2.282473979587904,6.9887999998172745,123.31757499850937,132.58884897791455,one shared preloaded model
conv-49-qa-141,lalm,2.282473979587904,10.285400006978307,123.31757499850937,135.88544898507558,one shared preloaded model
conv-49-qa-142,lalm,2.282473979587904,10.114299999258947,123.31757499850937,135.71434897735622,one shared preloaded model
conv-49-qa-143,lalm,2.282473979587904,9.690200000477489,123.31757499850937,135.29024897857477,one shared preloaded model
conv-49-qa-144,lalm,2.282473979587904,6.832999999460299,245.36532499951136,254.48079897855956,one shared preloaded model
conv-49-qa-145,lalm,2.282473979587904,9.495199999946635,245.36532499951136,257.1429989790459,one shared preloaded model
conv-49-qa-146,lalm,2.282473979587904,6.45309999526944,245.36532499951136,254.1008989743687,one shared preloaded model
conv-49-qa-147,lalm,2.282473979587904,5.791200004750863,245.36532499951136,253.43899898385013,one shared preloaded model
conv-49-qa-148,lalm,2.282473979587904,6.356000005325768,102.53004999867699,111.16852398359066,one shared preloaded model
conv-49-qa-149,lalm,2.282473979587904,9.514199999102857,102.53004999867699,114.32672397736775,one shared preloaded model
conv-49-qa-150,lalm,2.282473979587904,10.305799994966947,102.53004999867699,115.11832397323184,one shared preloaded model
conv-49-qa-151,lalm,2.282473979587904,10.075699996377807,102.53004999867699,114.8882239746427,one shared preloaded model
conv-49-qa-152,lalm,2.282473979587904,6.665800006885547,233.85912499907135,242.8073989855448,one shared preloaded model
conv-49-qa-153,lalm,2.282473979587904,7.0030999995651655,233.85912499907135,243.14469897822443,one shared preloaded model
conv-49-qa-154,lalm,2.282473979587904,9.588399996573571,233.85912499907135,245.72999897523283,one shared preloaded model
conv-49-qa-155,lalm,2.282473979587904,10.544699995080009,233.85912499907135,246.68629897373927,one shared preloaded model
conv-49-qa-156,lalm,2.282473979587904,6.371099996613339,110.08975000004284,118.74332397624408,one shared preloaded model
conv-49-qa-157,lalm,2.282473979587904,7.0064999963506125,110.08975000004284,119.37872397598136,one shared preloaded model
conv-49-qa-158,lalm,2.282473979587904,6.714099996315781,110.08975000004284,119.08632397594653,one shared preloaded model
conv-49-qa-159,lalm,2.282473979587904,6.662300002062693,110.08975000004284,119.03452398169344,one shared preloaded model
conv-49-qa-160,lalm,2.282473979587904,6.479600000602659,160.82364999965648,169.58572397984705,one shared preloaded model
conv-49-qa-161,lalm,2.282473979587904,9.442400005355012,160.82364999965648,172.5485239845994,one shared preloaded model
conv-49-qa-162,lalm,2.282473979587904,8.023599999432918,160.82364999965648,171.1297239786773,one shared preloaded model
conv-49-qa-163,lalm,2.282473979587904,5.258799996227026,160.82364999965648,168.3649239754714,one shared preloaded model
conv-49-qa-164,lalm,2.282473979587904,6.387800000084098,105.06382499988831,113.73409897956032,one shared preloaded model
conv-49-qa-165,lalm,2.282473979587904,10.741300000518095,105.06382499988831,118.08759897999431,one shared preloaded model
conv-49-qa-166,lalm,2.282473979587904,10.24630000028992,105.06382499988831,117.59259897976614,one shared preloaded model
conv-49-qa-167,lalm,2.282473979587904,9.322099998826161,105.06382499988831,116.66839897830238,one shared preloaded model
conv-49-qa-168,lalm,2.282473979587904,6.9810999993933365,111.7130000002362,120.97657397921745,one shared preloaded model
conv-49-qa-169,lalm,2.282473979587904,9.996799999498762,111.7130000002362,123.99227397932287,one shared preloaded model
conv-49-qa-170,lalm,2.282473979587904,10.671000003640074,111.7130000002362,124.66647398346419,one shared preloaded model
conv-49-qa-171,lalm,2.282473979587904,9.140299996943213,111.7130000002362,123.13577397676733,one shared preloaded model
conv-49-qa-172,lalm,2.282473979587904,5.866200001037214,76.2237750004715,84.37244898109662,one shared preloaded model
conv-49-qa-173,lalm,2.282473979587904,9.986999997636303,76.2237750004715,88.49324897769571,one shared preloaded model
conv-49-qa-174,lalm,2.282473979587904,11.227199996937998,76.2237750004715,89.73344897699741,one shared preloaded model
conv-49-qa-175,lalm,2.282473979587904,10.394600001745857,76.2237750004715,88.90084898180527,one shared preloaded model
conv-49-qa-176,lalm,2.282473979587904,7.174200000008568,80.14089999960561,89.59757397920208,one shared preloaded model
conv-49-qa-177,lalm,2.282473979587904,5.913900000450667,80.14089999960561,88.33727397964418,one shared preloaded model
conv-49-qa-178,lalm,2.282473979587904,5.6544999970356,80.14089999960561,88.07787397622911,one shared preloaded model
conv-49-qa-179,lalm,2.282473979587904,6.069500006560702,80.14089999960561,88.49287398575422,one shared preloaded model
conv-49-qa-180,lalm,2.282473979587904,6.51790000119945,163.09192500011704,171.8922989809044,one shared preloaded model
conv-49-qa-181,lalm,2.282473979587904,9.639500000048429,163.09192500011704,175.01389897975338,one shared preloaded model
conv-49-qa-182,lalm,2.282473979587904,9.442300004593562,163.09192500011704,174.8166989842985,one shared preloaded model
conv-49-qa-183,lalm,2.282473979587904,10.530200001085177,163.09192500011704,175.90459898079013,one shared preloaded model
conv-49-qa-184,lalm,2.282473979587904,6.594600003154483,163.33710000071733,172.21417398345972,one shared preloaded model
conv-49-qa-185,lalm,2.282473979587904,9.856100004981272,163.33710000071733,175.4756739852865,one shared preloaded model
conv-49-qa-186,lalm,2.282473979587904,9.698699999717064,163.33710000071733,175.3182739800223,one shared preloaded model
conv-49-qa-187,lalm,2.282473979587904,7.806900001014583,163.33710000071733,173.42647398131982,one shared preloaded model
conv-49-qa-188,lalm,2.282473979587904,6.648799993854482,80.98387500103854,89.91514897448093,one shared preloaded model
conv-49-qa-189,lalm,2.282473979587904,10.014800005592406,80.98387500103854,93.28114898621885,one shared preloaded model
conv-49-qa-190,lalm,2.282473979587904,9.76720000471687,80.98387500103854,93.03354898534332,one shared preloaded model
conv-49-qa-191,lalm,2.282473979587904,9.4020000033197,80.98387500103854,92.66834898394615,one shared preloaded model
conv-49-qa-192,lalm,2.282473979587904,6.686300002911594,129.93610000012268,138.90487398262218,one shared preloaded model
conv-49-qa-193,lalm,2.282473979587904,10.577399996691383,129.93610000012268,142.79597397640197,one shared preloaded model
conv-49-qa-194,lalm,2.282473979587904,9.98490000347374,129.93610000012268,142.20347398318432,one shared preloaded model
conv-49-qa-195,lalm,2.282473979587904,10.100999999849591,129.93610000012268,142.31957397956018,one shared preloaded model
conv-50-qa-0,lalm,2.722482843155911,10.090600000694394,115.35790000016277,128.17098284401308,one shared preloaded model
conv-50-qa-1,lalm,2.722482843155911,9.800699997867923,115.35790000016277,127.88108284118661,one shared preloaded model
conv-50-qa-2,lalm,2.722482843155911,9.502999993856065,115.35790000016277,127.58338283717475,one shared preloaded model
conv-50-qa-3,lalm,2.722482843155911,9.83750000159489,115.35790000016277,127.91788284491358,one shared preloaded model
conv-50-qa-4,lalm,2.722482843155911,7.038200004899409,118.0771499984985,127.83783284655382,one shared preloaded model
conv-50-qa-5,lalm,2.722482843155911,10.636899998644367,118.0771499984985,131.43653284029878,one shared preloaded model
conv-50-qa-6,lalm,2.722482843155911,9.782900000573136,118.0771499984985,130.58253284222755,one shared preloaded model
conv-50-qa-7,lalm,2.722482843155911,9.402300005604047,118.0771499984985,130.20193284725846,one shared preloaded model
conv-50-qa-8,lalm,2.722482843155911,6.420099998649675,108.34522500044841,117.487807842254,one shared preloaded model
conv-50-qa-9,lalm,2.722482843155911,10.58980000379961,108.34522500044841,121.65750784740393,one shared preloaded model
conv-50-qa-10,lalm,2.722482843155911,5.369799997424707,108.34522500044841,116.43750784102903,one shared preloaded model
conv-50-qa-11,lalm,2.722482843155911,5.737200001021847,108.34522500044841,116.80490784462617,one shared preloaded model
conv-50-qa-12,lalm,2.722482843155911,6.18640000175219,149.17090000017197,158.07978284508008,one shared preloaded model
conv-50-qa-13,lalm,2.722482843155911,6.18459999532206,149.17090000017197,158.07798283864994,one shared preloaded model
conv-50-qa-14,lalm,2.722482843155911,6.08240000292426,149.17090000017197,157.97578284625214,one shared preloaded model
conv-50-qa-15,lalm,2.722482843155911,6.553799998073373,149.17090000017197,158.44718284140126,one shared preloaded model
conv-50-qa-16,lalm,2.722482843155911,6.190499996591825,156.0325249993184,164.94550783906615,one shared preloaded model
conv-50-qa-17,lalm,2.722482843155911,5.2973999991081655,156.0325249993184,164.0524078415825,one shared preloaded model
conv-50-qa-18,lalm,2.722482843155911,5.46570000005886,156.0325249993184,164.2207078425332,one shared preloaded model
conv-50-qa-19,lalm,2.722482843155911,6.235599998035468,156.0325249993184,164.9906078405098,one shared preloaded model
conv-50-qa-20,lalm,2.722482843155911,6.185899997944944,120.64277500030585,129.5511578414067,one shared preloaded model
conv-50-qa-21,lalm,2.722482843155911,5.3123000034247525,120.64277500030585,128.67755784688651,one shared preloaded model
conv-50-qa-22,lalm,2.722482843155911,7.189000003563706,120.64277500030585,130.55425784702547,one shared preloaded model
conv-50-qa-23,lalm,2.722482843155911,9.404199998243712,120.64277500030585,132.76945784170547,one shared preloaded model
conv-50-qa-24,lalm,2.722482843155911,6.046500006050337,160.27295000094455,169.0419328501508,one shared preloaded model
conv-50-qa-25,lalm,2.722482843155911,5.485099994984921,160.27295000094455,168.48053283908538,one shared preloaded model
conv-50-qa-26,lalm,2.722482843155911,5.131300000357442,160.27295000094455,168.1267328444579,one shared preloaded model
conv-50-qa-27,lalm,2.722482843155911,6.299200002104044,160.27295000094455,169.2946328462045,one shared preloaded model
conv-50-qa-28,lalm,2.722482843155911,6.964299995161127,125.42155000119237,135.10833283950942,one shared preloaded model
conv-50-qa-29,lalm,2.722482843155911,9.594100003596395,125.42155000119237,137.73813284794468,one shared preloaded model
conv-50-qa-30,lalm,2.722482843155911,10.09610000619432,125.42155000119237,138.2401328505426,one shared preloaded model
conv-50-qa-31,lalm,2.722482843155911,9.35330000356771,125.42155000119237,137.497332847916,one shared preloaded model
conv-50-qa-32,lalm,2.722482843155911,6.400499994924758,108.53084999871498,117.65383283679566,one shared preloaded model
conv-50-qa-33,lalm,2.722482843155911,10.162099999433849,108.53084999871498,121.41543284130475,one shared preloaded model
conv-50-qa-34,lalm,2.722482843155911,9.412999999767635,108.53084999871498,120.66633284163854,one shared preloaded model
conv-50-qa-35,lalm,2.722482843155911,9.546400004182942,108.53084999871498,120.79973284605384,one shared preloaded model
conv-50-qa-36,lalm,2.722482843155911,6.427699998312164,116.88407500150788,126.03425784297596,one shared preloaded model
conv-50-qa-37,lalm,2.722482843155911,10.076099999423604,116.88407500150788,129.6826578440874,one shared preloaded model
conv-50-qa-38,lalm,2.722482843155911,9.648699997342192,116.88407500150788,129.255257842006,one shared preloaded model
conv-50-qa-39,lalm,2.722482843155911,6.723400001646951,116.88407500150788,126.32995784631075,one shared preloaded model
conv-50-qa-40,lalm,2.722482843155911,7.1054000000003725,81.42829999997048,91.25618284312677,one shared preloaded model
conv-50-qa-41,lalm,2.722482843155911,10.261000003083609,81.42829999997048,94.41178284621,one shared preloaded model
conv-50-qa-42,lalm,2.722482843155911,10.6893999982276,81.42829999997048,94.840182841354,one shared preloaded model
conv-50-qa-43,lalm,2.722482843155911,9.222200002113823,81.42829999997048,93.37298284524022,one shared preloaded model
conv-50-qa-44,lalm,2.722482843155911,7.4760999996215105,150.84625000054075,161.04483284331818,one shared preloaded model
conv-50-qa-45,lalm,2.722482843155911,9.237900005246047,150.84625000054075,162.8066328489427,one shared preloaded model
conv-50-qa-46,lalm,2.722482843155911,9.914499998558313,150.84625000054075,163.48323284225498,one shared preloaded model
conv-50-qa-47,lalm,2.722482843155911,9.510000003501773,150.84625000054075,163.07873284719844,one shared preloaded model
conv-50-qa-48,lalm,2.722482843155911,6.911199998285156,138.54297500074608,148.17665784218715,one shared preloaded model
conv-50-qa-49,lalm,2.722482843155911,10.361200002080295,138.54297500074608,151.6266578459823,one shared preloaded model
conv-50-qa-50,lalm,2.722482843155911,10.181800003920216,138.54297500074608,151.44725784782221,one shared preloaded model
conv-50-qa-51,lalm,2.722482843155911,9.113699998124503,138.54297500074608,150.3791578420265,one shared preloaded model
conv-50-qa-52,lalm,2.722482843155911,6.980099999054801,158.1287250010064,167.8313078432171,one shared preloaded model
conv-50-qa-53,lalm,2.722482843155911,9.91020000219578,158.1287250010064,170.76140784635808,one shared preloaded model
conv-50-qa-54,lalm,2.722482843155911,7.089500002621207,158.1287250010064,167.9407078467835,one shared preloaded model
conv-50-qa-55,lalm,2.722482843155911,7.158200001867954,158.1287250010064,168.00940784603026,one shared preloaded model
conv-50-qa-56,lalm,2.722482843155911,6.355200006510131,312.1962999994139,321.2739828490799,one shared preloaded model
conv-50-qa-57,lalm,2.722482843155911,10.591899997962173,312.1962999994139,325.51068284053196,one shared preloaded model
conv-50-qa-58,lalm,2.722482843155911,6.287799995334353,312.1962999994139,321.20658283790414,one shared preloaded model
conv-50-qa-59,lalm,2.722482843155911,5.928499995206948,312.1962999994139,320.84728283777673,one shared preloaded model
conv-50-qa-60,lalm,2.722482843155911,6.581699999514967,163.06045000055747,172.36463284322835,one shared preloaded model
conv-50-qa-61,lalm,2.722482843155911,10.250400002405513,163.06045000055747,176.0333328461189,one shared preloaded model
conv-50-qa-62,lalm,2.722482843155911,10.079500003485009,163.06045000055747,175.8624328471984,one shared preloaded model
conv-50-qa-63,lalm,2.722482843155911,9.353800000099,163.06045000055747,175.13673284381238,one shared preloaded model
conv-50-qa-64,lalm,2.722482843155911,6.346899994241539,161.45282499928726,170.52220783668471,one shared preloaded model
conv-50-qa-65,lalm,2.722482843155911,6.0500000035972334,161.45282499928726,170.2253078460404,one shared preloaded model
conv-50-qa-66,lalm,2.722482843155911,6.176900002174079,161.45282499928726,170.35220784461725,one shared preloaded model
conv-50-qa-67,lalm,2.722482843155911,5.762900000263471,161.45282499928726,169.93820784270665,one shared preloaded model
conv-50-qa-68,lalm,2.722482843155911,6.298199994489551,175.24802499974612,184.2687078373916,one shared preloaded model
conv-50-qa-69,lalm,2.722482843155911,5.848700006026775,175.24802499974612,183.8192078489288,one shared preloaded model
conv-50-qa-70,lalm,2.722482843155911,10.084699999424629,175.24802499974612,188.05520784232667,one shared preloaded model
conv-50-qa-71,lalm,2.722482843155911,9.720299996843096,175.24802499974612,187.69080783974513,one shared preloaded model
conv-50-qa-72,lalm,2.722482843155911,6.789900005969685,96.25742500065826,105.76980784978386,one shared preloaded model
conv-50-qa-73,lalm,2.722482843155911,9.783099994820077,96.25742500065826,108.76300783863425,one shared preloaded model
conv-50-qa-74,lalm,2.722482843155911,9.625600003346335,96.25742500065826,108.60550784716051,one shared preloaded model
conv-50-qa-75,lalm,2.722482843155911,9.793099998205435,96.25742500065826,108.77300784201961,one shared preloaded model
conv-50-qa-76,lalm,2.722482843155911,6.2323000020114705,241.34584999956132,250.3006328447287,one shared preloaded model
conv-50-qa-77,lalm,2.722482843155911,6.30280000041239,241.34584999956132,250.37113284312963,one shared preloaded model
conv-50-qa-78,lalm,2.722482843155911,10.368800001742784,241.34584999956132,254.43713284446002,one shared preloaded model
conv-50-qa-79,lalm,2.722482843155911,9.480500004428905,241.34584999956132,253.54883284714614,one shared preloaded model
conv-50-qa-80,lalm,2.722482843155911,6.600699998671189,118.22344999927736,127.54663284110447,one shared preloaded model
conv-50-qa-81,lalm,2.722482843155911,10.111800002050586,118.22344999927736,131.05773284448387,one shared preloaded model
conv-50-qa-82,lalm,2.722482843155911,9.766700000909623,118.22344999927736,130.7126328433429,one shared preloaded model
conv-50-qa-83,lalm,2.722482843155911,9.593599999789149,118.22344999927736,130.53953284222243,one shared preloaded model
conv-50-qa-84,lalm,2.722482843155911,6.39019999653101,109.93024999879708,119.042932838484,one shared preloaded model
conv-50-qa-85,lalm,2.722482843155911,9.453500002564397,109.93024999879708,122.1062328445174,one shared preloaded model
conv-50-qa-86,lalm,2.722482843155911,10.502099998120684,109.93024999879708,123.15483284007368,one shared preloaded model
conv-50-qa-87,lalm,2.722482843155911,9.858600002189633,109.93024999879708,122.51133284414263,one shared preloaded model
conv-50-qa-88,lalm,2.722482843155911,6.097299999964889,147.33185000113735,156.15163284425816,one shared preloaded model
conv-50-qa-89,lalm,2.722482843155911,6.424999999580905,147.33185000113735,156.47933284387418,one shared preloaded model
conv-50-qa-90,lalm,2.722482843155911,7.7242000043042935,147.33185000113735,157.77853284859756,one shared preloaded model
conv-50-qa-91,lalm,2.722482843155911,5.407000004197471,147.33185000113735,155.46133284849074,one shared preloaded model
conv-50-qa-92,lalm,2.722482843155911,6.179700001666788,124.20652500077267,133.10870784559538,one shared preloaded model
conv-50-qa-93,lalm,2.722482843155911,9.838599995418917,124.20652500077267,136.7676078393475,one shared preloaded model
conv-50-qa-94,lalm,2.722482843155911,9.872199996607378,124.20652500077267,136.80120784053597,one shared preloaded model
conv-50-qa-95,lalm,2.722482843155911,10.26300000376068,124.20652500077267,137.19200784768927,one shared preloaded model
conv-50-qa-96,lalm,2.722482843155911,6.125300002167933,207.23967499907303,216.08745784439688,one shared preloaded model
conv-50-qa-97,lalm,2.722482843155911,6.354299999657087,207.23967499907303,216.31645784188603,one shared preloaded model
conv-50-qa-98,lalm,2.722482843155911,6.074199998693075,207.23967499907303,216.03635784092202,one shared preloaded model
conv-50-qa-99,lalm,2.722482843155911,5.170700002054218,207.23967499907303,215.13285784428317,one shared preloaded model
conv-50-qa-100,lalm,2.722482843155911,6.834499996330123,202.5647750015196,212.12175784100563,one shared preloaded model
conv-50-qa-101,lalm,2.722482843155911,6.945499997527804,202.5647750015196,212.2327578422033,one shared preloaded model
conv-50-qa-102,lalm,2.722482843155911,6.0395999971660785,202.5647750015196,211.3268578418416,one shared preloaded model
conv-50-qa-103,lalm,2.722482843155911,6.3339999978779815,202.5647750015196,211.6212578425535,one shared preloaded model
conv-50-qa-104,lalm,2.722482843155911,6.5231999979005195,201.843024999107,211.08870784016344,one shared preloaded model
conv-50-qa-105,lalm,2.722482843155911,6.061899999622256,201.843024999107,210.62740784188517,one shared preloaded model
conv-50-qa-106,lalm,2.722482843155911,9.83000000269385,201.843024999107,214.39550784495677,one shared preloaded model
conv-50-qa-107,lalm,2.722482843155911,8.21890000224812,201.843024999107,212.78440784451104,one shared preloaded model
conv-50-qa-108,lalm,2.722482843155911,5.835199997818563,170.9689500003151,179.52663284128957,one shared preloaded model
conv-50-qa-109,lalm,2.722482843155911,5.27229999715928,170.9689500003151,178.96373284063029,one shared preloaded model
conv-50-qa-110,lalm,2.722482843155911,6.552500002726447,170.9689500003151,180.24393284619745,one shared preloaded model
conv-50-qa-111,lalm,2.722482843155911,6.012800004100427,170.9689500003151,179.70423284757143,one shared preloaded model
conv-50-qa-112,lalm,2.722482843155911,6.437699994421564,156.23842500099272,165.3986078385702,one shared preloaded model
conv-50-qa-113,lalm,2.722482843155911,10.237599999527447,156.23842500099272,169.19850784367608,one shared preloaded model
conv-50-qa-114,lalm,2.722482843155911,9.948200000508223,156.23842500099272,168.90910784465686,one shared preloaded model
conv-50-qa-115,lalm,2.722482843155911,9.357200004160404,156.23842500099272,168.31810784830904,one shared preloaded model
conv-50-qa-116,lalm,2.722482843155911,7.532600000558887,179.32410000139498,189.57918284510978,one shared preloaded model
conv-50-qa-117,lalm,2.722482843155911,9.968099999241531,179.32410000139498,192.01468284379243,one shared preloaded model
conv-50-qa-118,lalm,2.722482843155911,9.677199996076524,179.32410000139498,191.72378284062742,one shared preloaded model
conv-50-qa-119,lalm,2.722482843155911,9.904000005917624,179.32410000139498,191.95058285046852,one shared preloaded model
conv-50-qa-120,lalm,2.722482843155911,6.431699999666307,260.8273250007187,269.9815078435409,one shared preloaded model
conv-50-qa-121,lalm,2.722482843155911,6.604499998502433,260.8273250007187,270.154307842377,one shared preloaded model
conv-50-qa-122,lalm,2.722482843155911,5.997300002491102,260.8273250007187,269.5471078463657,one shared preloaded model
conv-50-qa-123,lalm,2.722482843155911,9.278700003051199,260.8273250007187,272.8285078469258,one shared preloaded model
conv-50-qa-124,lalm,2.722482843155911,7.9373999978997745,85.61469999949622,96.27458284055191,one shared preloaded model
conv-50-qa-125,lalm,2.722482843155911,9.659700001066085,85.61469999949622,97.99688284371823,one shared preloaded model
conv-50-qa-126,lalm,2.722482843155911,10.717999997723382,85.61469999949622,99.05518284037552,one shared preloaded model
conv-50-qa-127,lalm,2.722482843155911,9.32230000034906,85.61469999949622,97.6594828430012,one shared preloaded model
conv-50-qa-128,lalm,2.722482843155911,6.71909999800846,160.00064999934693,169.4422328405113,one shared preloaded model
conv-50-qa-129,lalm,2.722482843155911,9.92219999898225,160.00064999934693,172.6453328414851,one shared preloaded model
conv-50-qa-130,lalm,2.722482843155911,9.73560000420548,160.00064999934693,172.45873284670833,one shared preloaded model
conv-50-qa-131,lalm,2.722482843155911,9.524900000542402,160.00064999934693,172.24803284304525,one shared preloaded model
conv-50-qa-132,lalm,2.722482843155911,6.343499997456092,318.8703499999974,327.9363328406094,one shared preloaded model
conv-50-qa-133,lalm,2.722482843155911,5.517300000065006,318.8703499999974,327.1101328432183,one shared preloaded model
conv-50-qa-134,lalm,2.722482843155911,9.843399995588697,318.8703499999974,331.436232838742,one shared preloaded model
conv-50-qa-135,lalm,2.722482843155911,9.597600001143292,318.8703499999974,331.1904328442966,one shared preloaded model
conv-50-qa-136,lalm,2.722482843155911,6.59319999977015,85.17179999944346,94.48748284236953,one shared preloaded model
conv-50-qa-137,lalm,2.722482843155911,10.243699995044153,85.17179999944346,98.13798283764353,one shared preloaded model
conv-50-qa-138,lalm,2.722482843155911,9.784800000488758,85.17179999944346,97.67908284308814,one shared preloaded model
conv-50-qa-139,lalm,2.722482843155911,9.612100002414081,85.17179999944346,97.50638284501346,one shared preloaded model
conv-50-qa-140,lalm,2.722482843155911,6.768300001567695,211.3400250000268,220.8308078447504,one shared preloaded model
conv-50-qa-141,lalm,2.722482843155911,9.986600001866464,211.3400250000268,224.04910784504918,one shared preloaded model
conv-50-qa-142,lalm,2.722482843155911,9.476599996560253,211.3400250000268,223.53910783974297,one shared preloaded model
conv-50-qa-143,lalm,2.722482843155911,9.187800002109725,211.3400250000268,223.25030784529244,one shared preloaded model
conv-50-qa-144,lalm,2.722482843155911,6.469600004493259,134.26107500163198,143.45315784928115,one shared preloaded model
conv-50-qa-145,lalm,2.722482843155911,9.986799996113405,134.26107500163198,146.9703578409013,one shared preloaded model
conv-50-qa-146,lalm,2.722482843155911,9.406899996974971,134.26107500163198,146.39045784176287,one shared preloaded model
conv-50-qa-147,lalm,2.722482843155911,9.534099997836165,134.26107500163198,146.51765784262406,one shared preloaded model
conv-50-qa-148,lalm,2.722482843155911,6.637100006628316,145.77755000027537,155.1371328500596,one shared preloaded model
conv-50-qa-149,lalm,2.722482843155911,10.27349999640137,145.77755000027537,158.77353283983265,one shared preloaded model
conv-50-qa-150,lalm,2.722482843155911,10.506799997529015,145.77755000027537,159.0068328409603,one shared preloaded model
conv-50-qa-151,lalm,2.722482843155911,9.611999994376674,145.77755000027537,158.11203283780796,one shared preloaded model
conv-50-qa-152,lalm,2.722482843155911,6.25199999922188,152.91952499865147,161.89400784102926,one shared preloaded model
conv-50-qa-153,lalm,2.722482843155911,6.135799994808622,152.91952499865147,161.777807836616,one shared preloaded model
conv-50-qa-154,lalm,2.722482843155911,5.491799995070323,152.91952499865147,161.1338078368777,one shared preloaded model
conv-50-qa-155,lalm,2.722482843155911,5.900000003748573,152.91952499865147,161.54200784555596,one shared preloaded model
conv-50-qa-156,lalm,2.722482843155911,5.973399995127693,147.23045000027923,155.92633283856284,one shared preloaded model
conv-50-qa-157,lalm,2.722482843155911,5.047799997555558,147.23045000027923,155.0007328409907,one shared preloaded model
conv-50-qa-158,lalm,2.722482843155911,6.733800000802148,147.23045000027923,156.6867328442373,one shared preloaded model
conv-50-qa-159,lalm,2.722482843155911,6.759199997759424,147.23045000027923,156.71213284119457,one shared preloaded model
conv-50-qa-160,lalm,2.722482843155911,7.049899999401532,82.84982499935722,92.62220784191467,one shared preloaded model
conv-50-qa-161,lalm,2.722482843155911,10.289400001056492,82.84982499935722,95.86170784356963,one shared preloaded model
conv-50-qa-162,lalm,2.722482843155911,9.421700000530109,82.84982499935722,94.99400784304325,one shared preloaded model
conv-50-qa-163,lalm,2.722482843155911,9.259099999326281,82.84982499935722,94.83140784183942,one shared preloaded model
conv-50-qa-164,lalm,2.722482843155911,6.112899995059706,123.201299998982,132.03668283719762,one shared preloaded model
conv-50-qa-165,lalm,2.722482843155911,5.416100000729784,123.201299998982,131.3398828428677,one shared preloaded model
conv-50-qa-166,lalm,2.722482843155911,6.948599999304861,123.201299998982,132.87238284144277,one shared preloaded model
conv-50-qa-167,lalm,2.722482843155911,9.778200001164805,123.201299998982,135.70198284330272,one shared preloaded model
conv-50-qa-168,lalm,2.722482843155911,6.088199996156618,220.66280000035476,229.4734828396673,one shared preloaded model
conv-50-qa-169,lalm,2.722482843155911,5.201200001465622,220.66280000035476,228.5864828449763,one shared preloaded model
conv-50-qa-170,lalm,2.722482843155911,6.322799999907147,220.66280000035476,229.70808284341783,one shared preloaded model
conv-50-qa-171,lalm,2.722482843155911,6.989200002863072,220.66280000035476,230.37448284637375,one shared preloaded model
conv-50-qa-172,lalm,2.722482843155911,7.0866000023670495,160.0796500006254,169.88873284614837,one shared preloaded model
conv-50-qa-173,lalm,2.722482843155911,9.843599997111596,160.0796500006254,172.64573284089292,one shared preloaded model
conv-50-qa-174,lalm,2.722482843155911,10.194100002991036,160.0796500006254,172.99623284677236,one shared preloaded model
conv-50-qa-175,lalm,2.722482843155911,9.958099995856173,160.0796500006254,172.7602328396375,one shared preloaded model
conv-50-qa-176,lalm,2.722482843155911,5.8282000027247705,82.94614999977057,91.49683284565126,one shared preloaded model
conv-50-qa-177,lalm,2.722482843155911,6.023900001309812,82.94614999977057,91.6925328442363,one shared preloaded model
conv-50-qa-178,lalm,2.722482843155911,7.1633999978075735,82.94614999977057,92.83203284073406,one shared preloaded model
conv-50-qa-179,lalm,2.722482843155911,6.34390000050189,82.94614999977057,92.01253284342837,one shared preloaded model
conv-50-qa-180,lalm,2.722482843155911,6.910100004461128,153.36322500115784,162.9958078487749,one shared preloaded model
conv-50-qa-181,lalm,2.722482843155911,10.649800002283882,153.36322500115784,166.73550784659764,one shared preloaded model
conv-50-qa-182,lalm,2.722482843155911,10.141200000362005,153.36322500115784,166.22690784467576,one shared preloaded model
conv-50-qa-183,lalm,2.722482843155911,9.674300003098324,153.36322500115784,165.76000784741208,one shared preloaded model
conv-50-qa-184,lalm,2.722482843155911,7.44499999564141,92.51075000065612,102.67823283945344,one shared preloaded model
conv-50-qa-185,lalm,2.722482843155911,9.2956000007689,92.51075000065612,104.52883284458093,one shared preloaded model
conv-50-qa-186,lalm,2.722482843155911,10.19040000392124,92.51075000065612,105.42363284773327,one shared preloaded model
conv-50-qa-187,lalm,2.722482843155911,9.578199998941272,92.51075000065612,104.8114328427533,one shared preloaded model
conv-50-qa-188,lalm,2.722482843155911,6.739500000549015,85.68762499999139,95.14960784369632,one shared preloaded model
conv-50-qa-189,lalm,2.722482843155911,5.09779999993043,85.68762499999139,93.50790784307773,one shared preloaded model
conv-50-qa-190,lalm,2.722482843155911,5.18970000121044,85.68762499999139,93.59980784435774,one shared preloaded model
conv-50-qa-191,lalm,2.722482843155911,6.283000002440531,85.68762499999139,94.69310784558783,one shared preloaded model
conv-50-qa-192,lalm,2.722482843155911,6.587399999261834,82.26842500152998,91.57830784394773,one shared preloaded model
conv-50-qa-193,lalm,2.722482843155911,9.904600003210362,82.26842500152998,94.89550784789625,one shared preloaded model
conv-50-qa-194,lalm,2.722482843155911,9.646200000133831,82.26842500152998,94.63710784481972,one shared preloaded model
conv-50-qa-195,lalm,2.722482843155911,9.438099994440563,82.26842500152998,94.42900783912646,one shared preloaded model
conv-50-qa-196,lalm,2.722482843155911,6.603699999686796,160.29772500041872,169.62390784326143,one shared preloaded model
conv-50-qa-197,lalm,2.722482843155911,10.106599998835009,160.29772500041872,173.12680784240965,one shared preloaded model
conv-50-qa-198,lalm,2.722482843155911,10.692600000766106,160.29772500041872,173.71280784434074,one shared preloaded model
conv-50-qa-199,lalm,2.722482843155911,10.33869999810122,160.29772500041872,173.35890784167586,one shared preloaded model
conv-50-qa-200,lalm,2.722482843155911,6.212799999048002,239.01650000152586,247.95178284372977,one shared preloaded model
conv-50-qa-201,lalm,2.722482843155911,5.233999996562488,239.01650000152586,246.97298284124426,one shared preloaded model
conv-50-qa-202,lalm,2.722482843155911,5.947600002400577,239.01650000152586,247.68658284708235,one shared preloaded model
conv-50-qa-203,lalm,2.722482843155911,5.6544000035501085,239.01650000152586,247.39338284823188,one shared preloaded model
conv-26-qa-0,pure_liquid,1.5762035176128701,9.451300000364427,54.644674999508425,65.67217851748572,one shared preloaded model
conv-26-qa-1,pure_liquid,1.5762035176128701,9.46970000222791,54.644674999508425,65.6905785193492,one shared preloaded model
conv-26-qa-2,pure_liquid,1.5762035176128701,9.421400005521718,54.644674999508425,65.64227852264301,one shared preloaded model
conv-26-qa-3,pure_liquid,1.5762035176128701,9.155399995506741,54.644674999508425,65.37627851262803,one shared preloaded model
conv-26-qa-4,pure_liquid,1.5762035176128701,5.527699999220204,24.20532500036643,31.309228517199504,one shared preloaded model
conv-26-qa-5,pure_liquid,1.5762035176128701,5.370699997001793,24.20532500036643,31.152228514981093,one shared preloaded model
conv-26-qa-6,pure_liquid,1.5762035176128701,7.79770000372082,24.20532500036643,33.57922852170012,one shared preloaded model
conv-26-qa-7,pure_liquid,1.5762035176128701,6.016699997417163,24.20532500036643,31.798228515396463,one shared preloaded model
conv-26-qa-8,pure_liquid,1.5762035176128701,9.477400002651848,23.63310000146157,34.68670352172629,one shared preloaded model
conv-26-qa-9,pure_liquid,1.5762035176128701,9.601899997505825,23.63310000146157,34.811203516580264,one shared preloaded model
conv-26-qa-10,pure_liquid,1.5762035176128701,9.688300000561867,23.63310000146157,34.897603519636306,one shared preloaded model
conv-26-qa-11,pure_liquid,1.5762035176128701,9.201699998811819,23.63310000146157,34.41100351788626,one shared preloaded model
conv-26-qa-12,pure_liquid,1.5762035176128701,9.371700005431194,32.72840000136057,43.67630352440463,one shared preloaded model
conv-26-qa-13,pure_liquid,1.5762035176128701,9.828700000070967,32.72840000136057,44.133303519044404,one shared preloaded model
conv-26-qa-14,pure_liquid,1.5762035176128701,10.182699996221345,32.72840000136057,44.48730351519478,one shared preloaded model
conv-26-qa-15,pure_liquid,1.5762035176128701,9.155400002782699,32.72840000136057,43.460003521756136,one shared preloaded model
conv-26-qa-16,pure_liquid,1.5762035176128701,9.644300000218209,25.42337500017311,36.643878518004186,one shared preloaded model
conv-26-qa-17,pure_liquid,1.5762035176128701,9.213999997882638,25.42337500017311,36.213578515668615,one shared preloaded model
conv-26-qa-18,pure_liquid,1.5762035176128701,8.190300002752338,25.42337500017311,35.189878520538315,one shared preloaded model
conv-26-qa-19,pure_liquid,1.5762035176128701,5.086299999675248,25.42337500017311,32.085878517461225,one shared preloaded model
conv-26-qa-20,pure_liquid,1.5762035176128701,9.728800003358629,28.120074999606004,39.4250785205775,one shared preloaded model
conv-26-qa-21,pure_liquid,1.5762035176128701,9.166800002276432,28.120074999606004,38.8630785194953,one shared preloaded model
conv-26-qa-22,pure_liquid,1.5762035176128701,10.276599998178426,28.120074999606004,39.9728785153973,one shared preloaded model
conv-26-qa-23,pure_liquid,1.5762035176128701,5.125100004079286,28.120074999606004,34.82137852129816,one shared preloaded model
conv-26-qa-24,pure_liquid,1.5762035176128701,9.673900000052527,27.36752499913564,38.617628516801034,one shared preloaded model
conv-26-qa-25,pure_liquid,1.5762035176128701,9.232199998223223,27.36752499913564,38.17592851497173,one shared preloaded model
conv-26-qa-26,pure_liquid,1.5762035176128701,9.638699993956834,27.36752499913564,38.58242851070534,one shared preloaded model
conv-26-qa-27,pure_liquid,1.5762035176128701,8.991599999717437,27.36752499913564,37.935328516465944,one shared preloaded model
conv-26-qa-28,pure_liquid,1.5762035176128701,9.592599999450613,26.127850000193575,37.296653517257056,one shared preloaded model
conv-26-qa-29,pure_liquid,1.5762035176128701,9.528900001896545,26.127850000193575,37.23295351970299,one shared preloaded model
conv-26-qa-30,pure_liquid,1.5762035176128701,8.825299999443814,26.127850000193575,36.52935351725026,one shared preloaded model
conv-26-qa-31,pure_liquid,1.5762035176128701,5.140599998412654,26.127850000193575,32.8446535162191,one shared preloaded model
conv-26-qa-32,pure_liquid,1.5762035176128701,9.627899999031797,52.896324999892386,64.10042851653705,one shared preloaded model
conv-26-qa-33,pure_liquid,1.5762035176128701,9.289599998737685,52.896324999892386,63.76212851624294,one shared preloaded model
conv-26-qa-34,pure_liquid,1.5762035176128701,9.868599998299032,52.896324999892386,64.34112851580429,one shared preloaded model
conv-26-qa-35,pure_liquid,1.5762035176128701,10.188000000198372,52.896324999892386,64.66052851770363,one shared preloaded model
conv-26-qa-36,pure_liquid,1.5762035176128701,5.648599995765835,50.69887500030745,57.923678513686156,one shared preloaded model
conv-26-qa-37,pure_liquid,1.5762035176128701,6.234100001165643,50.69887500030745,58.509178519085964,one shared preloaded model
conv-26-qa-38,pure_liquid,1.5762035176128701,6.123800005298108,50.69887500030745,58.39887852321843,one shared preloaded model
conv-26-qa-39,pure_liquid,1.5762035176128701,6.13829999929294,50.69887500030745,58.41337851721326,one shared preloaded model
conv-26-qa-40,pure_liquid,1.5762035176128701,5.915199995797593,34.87067499918339,42.362078512593854,one shared preloaded model
conv-26-qa-41,pure_liquid,1.5762035176128701,9.606200001144316,34.87067499918339,46.05307851794058,one shared preloaded model
conv-26-qa-42,pure_liquid,1.5762035176128701,10.245999998005573,34.87067499918339,46.69287851480183,one shared preloaded model
conv-26-qa-43,pure_liquid,1.5762035176128701,8.821800001896918,34.87067499918339,45.26867851869318,one shared preloaded model
conv-26-qa-44,pure_liquid,1.5762035176128701,9.537600002659019,20.74167499995383,31.855478520225716,one shared preloaded model
conv-26-qa-45,pure_liquid,1.5762035176128701,9.671100000559818,20.74167499995383,31.988978518126515,one shared preloaded model
conv-26-qa-46,pure_liquid,1.5762035176128701,5.600199998298194,20.74167499995383,27.918078515864895,one shared preloaded model
conv-26-qa-47,pure_liquid,1.5762035176128701,5.54790000023786,20.74167499995383,27.86577851780456,one shared preloaded model
conv-26-qa-48,pure_liquid,1.5762035176128701,9.489100004429929,33.413999999538646,44.47930352158144,one shared preloaded model
conv-26-qa-49,pure_liquid,1.5762035176128701,10.281000002578367,33.413999999538646,45.27120351972988,one shared preloaded model
conv-26-qa-50,pure_liquid,1.5762035176128701,9.128300000156742,33.413999999538646,44.118503517308255,one shared preloaded model
conv-26-qa-51,pure_liquid,1.5762035176128701,9.279500001866836,33.413999999538646,44.26970351901835,one shared preloaded model
conv-26-qa-52,pure_liquid,1.5762035176128701,9.404800002812408,54.91450000045006,65.89550352087534,one shared preloaded model
conv-26-qa-53,pure_liquid,1.5762035176128701,8.956799996667542,54.91450000045006,65.44750351473047,one shared preloaded model
conv-26-qa-54,pure_liquid,1.5762035176128701,10.10110000061104,54.91450000045006,66.59180351867397,one shared preloaded model
conv-26-qa-55,pure_liquid,1.5762035176128701,9.084499994060025,54.91450000045006,65.57520351212295,one shared preloaded model
conv-26-qa-56,pure_liquid,1.5762035176128701,5.510100003448315,24.54477500032226,31.631078521383447,one shared preloaded model
conv-26-qa-57,pure_liquid,1.5762035176128701,6.717100004607346,24.54477500032226,32.838078522542475,one shared preloaded model
conv-26-qa-58,pure_liquid,1.5762035176128701,9.632499997678678,24.54477500032226,35.75347851561381,one shared preloaded model
conv-26-qa-59,pure_liquid,1.5762035176128701,9.25920000008773,24.54477500032226,35.38017851802286,one shared preloaded model
conv-26-qa-60,pure_liquid,1.5762035176128701,9.412300001713447,34.51789999962784,45.50640351895416,one shared preloaded model
conv-26-qa-61,pure_liquid,1.5762035176128701,6.185300000652205,34.51789999962784,42.279403517892916,one shared preloaded model
conv-26-qa-62,pure_liquid,1.5762035176128701,5.635399997117929,34.51789999962784,41.72950351435864,one shared preloaded model
conv-26-qa-63,pure_liquid,1.5762035176128701,6.645499997830484,34.51789999962784,42.739603515071195,one shared preloaded model
conv-26-qa-64,pure_liquid,1.5762035176128701,9.819899998547044,50.569850000101724,61.965953516261635,one shared preloaded model
conv-26-qa-65,pure_liquid,1.5762035176128701,9.513899996818509,50.569850000101724,61.6599535145331,one shared preloaded model
conv-26-qa-66,pure_liquid,1.5762035176128701,9.440099995117635,50.569850000101724,61.586153512832226,one shared preloaded model
conv-26-qa-67,pure_liquid,1.5762035176128701,9.262999999918975,50.569850000101724,61.409053517633566,one shared preloaded model
conv-26-qa-68,pure_liquid,1.5762035176128701,5.613700006506406,25.683799998660106,32.87370352277938,one shared preloaded model
conv-26-qa-69,pure_liquid,1.5762035176128701,5.732799996621907,25.683799998660106,32.99280351289488,one shared preloaded model
conv-26-qa-70,pure_liquid,1.5762035176128701,6.17650000640424,25.683799998660106,33.436503522677214,one shared preloaded model
conv-26-qa-71,pure_liquid,1.5762035176128701,9.971499996026978,25.683799998660106,37.23150351229995,one shared preloaded model
conv-26-qa-72,pure_liquid,1.5762035176128701,8.474399997794535,49.900800000614254,59.95140351602166,one shared preloaded model
conv-26-qa-73,pure_liquid,1.5762035176128701,6.943300002603792,49.900800000614254,58.42030352083091,one shared preloaded model
conv-26-qa-74,pure_liquid,1.5762035176128701,6.270499994570855,49.900800000614254,57.74750351279798,one shared preloaded model
conv-26-qa-75,pure_liquid,1.5762035176128701,9.285499996622093,49.900800000614254,60.762503514849215,one shared preloaded model
conv-26-qa-76,pure_liquid,1.5762035176128701,5.638599999656435,25.658025000666385,32.87282851793569,one shared preloaded model
conv-26-qa-77,pure_liquid,1.5762035176128701,5.612400003883522,25.658025000666385,32.846628522162774,one shared preloaded model
conv-26-qa-78,pure_liquid,1.5762035176128701,5.7347000038134865,25.658025000666385,32.96892852209274,one shared preloaded model
conv-26-qa-79,pure_liquid,1.5762035176128701,5.272499998682179,25.658025000666385,32.50672851696143,one shared preloaded model
conv-26-qa-80,pure_liquid,1.5762035176128701,9.578099998179823,47.84529999960796,58.99960351540065,one shared preloaded model
conv-26-qa-81,pure_liquid,1.5762035176128701,9.360099997138605,47.84529999960796,58.78160351435943,one shared preloaded model
conv-26-qa-82,pure_liquid,1.5762035176128701,9.357899994938634,47.84529999960796,58.77940351215946,one shared preloaded model
conv-26-qa-83,pure_liquid,1.5762035176128701,8.94960000005085,47.84529999960796,58.37110351727168,one shared preloaded model
conv-26-qa-84,pure_liquid,1.5762035176128701,9.510199997748714,49.65687499861815,60.74327851397973,one shared preloaded model
conv-26-qa-85,pure_liquid,1.5762035176128701,5.988099997921381,49.65687499861815,57.2211785141524,one shared preloaded model
conv-26-qa-86,pure_liquid,1.5762035176128701,5.4103000002214685,49.65687499861815,56.643378516452486,one shared preloaded model
conv-26-qa-87,pure_liquid,1.5762035176128701,5.452099998365156,49.65687499861815,56.685178514596174,one shared preloaded model
conv-26-qa-88,pure_liquid,1.5762035176128701,5.748199997469783,36.83922500022163,44.16362851530428,one shared preloaded model
conv-26-qa-89,pure_liquid,1.5762035176128701,7.14249999873573,36.83922500022163,45.55792851657023,one shared preloaded model
conv-26-qa-90,pure_liquid,1.5762035176128701,5.757200000516605,36.83922500022163,44.172628518351104,one shared preloaded model
conv-26-qa-91,pure_liquid,1.5762035176128701,5.349999999452848,36.83922500022163,43.76542851728735,one shared preloaded model
conv-26-qa-92,pure_liquid,1.5762035176128701,9.329100001195911,38.4479750009632,49.353278519771976,one shared preloaded model
conv-26-qa-93,pure_liquid,1.5762035176128701,6.994699993811082,38.4479750009632,47.01887851238715,one shared preloaded model
conv-26-qa-94,pure_liquid,1.5762035176128701,6.589799995708745,38.4479750009632,46.61397851428481,one shared preloaded model
conv-26-qa-95,pure_liquid,1.5762035176128701,6.740600001649,38.4479750009632,46.764778520225065,one shared preloaded model
conv-26-qa-96,pure_liquid,1.5762035176128701,10.10639999731211,74.65754999975616,86.34015351468113,one shared preloaded model
conv-26-qa-97,pure_liquid,1.5762035176128701,9.425500000361353,74.65754999975616,85.65925351773038,one shared preloaded model
conv-26-qa-98,pure_liquid,1.5762035176128701,9.161699999822304,74.65754999975616,85.39545351719133,one shared preloaded model
conv-26-qa-99,pure_liquid,1.5762035176128701,9.084099998290185,74.65754999975616,85.31785351565921,one shared preloaded model
conv-26-qa-100,pure_liquid,1.5762035176128701,5.966600001556799,54.011525000532856,61.55432851970252,one shared preloaded model
conv-26-qa-101,pure_liquid,1.5762035176128701,9.702899995318148,54.011525000532856,65.29062851346387,one shared preloaded model
conv-26-qa-102,pure_liquid,1.5762035176128701,9.58119999995688,54.011525000532856,65.1689285181026,one shared preloaded model
conv-26-qa-103,pure_liquid,1.5762035176128701,9.203399997204542,54.011525000532856,64.79112851535027,one shared preloaded model
conv-26-qa-104,pure_liquid,1.5762035176128701,5.710199999157339,72.70004999918456,79.98645351595476,one shared preloaded model
conv-26-qa-105,pure_liquid,1.5762035176128701,5.333599998266436,72.70004999918456,79.60985351506386,one shared preloaded model
conv-26-qa-106,pure_liquid,1.5762035176128701,5.235499993432313,72.70004999918456,79.51175351022974,one shared preloaded model
conv-26-qa-107,pure_liquid,1.5762035176128701,6.4431999999214895,72.70004999918456,80.71945351671891,one shared preloaded model
conv-26-qa-108,pure_liquid,1.5762035176128701,5.865399994945619,43.035874999986845,50.47747851254533,one shared preloaded model
conv-26-qa-109,pure_liquid,1.5762035176128701,5.868499996722676,43.035874999986845,50.48057851432239,one shared preloaded model
conv-26-qa-110,pure_liquid,1.5762035176128701,5.902700002479833,43.035874999986845,50.514778520079545,one shared preloaded model
conv-26-qa-111,pure_liquid,1.5762035176128701,6.570600002305582,43.035874999986845,51.182678519905295,one shared preloaded model
conv-26-qa-112,pure_liquid,1.5762035176128701,9.938600000168663,39.73637499984761,51.25117851762914,one shared preloaded model
conv-26-qa-113,pure_liquid,1.5762035176128701,9.62190000427654,39.73637499984761,50.93447852173702,one shared preloaded model
conv-26-qa-114,pure_liquid,1.5762035176128701,9.519400002318434,39.73637499984761,50.831978519778914,one shared preloaded model
conv-26-qa-115,pure_liquid,1.5762035176128701,9.00510000064969,39.73637499984761,50.31767851811017,one shared preloaded model
conv-26-qa-116,pure_liquid,1.5762035176128701,9.382799995364621,40.67337500055146,51.63237851352895,one shared preloaded model
conv-26-qa-117,pure_liquid,1.5762035176128701,9.23530000000028,40.67337500055146,51.48487851816461,one shared preloaded model
conv-26-qa-118,pure_liquid,1.5762035176128701,9.886300002108328,40.67337500055146,52.135878520272655,one shared preloaded model
conv-26-qa-119,pure_liquid,1.5762035176128701,9.297699994931463,40.67337500055146,51.54727851309579,one shared preloaded model
conv-26-qa-120,pure_liquid,1.5762035176128701,6.528799996885937,65.75997499930963,73.86497851380844,one shared preloaded model
conv-26-qa-121,pure_liquid,1.5762035176128701,5.405700001574587,65.75997499930963,72.74187851849709,one shared preloaded model
conv-26-qa-122,pure_liquid,1.5762035176128701,5.205100002058316,65.75997499930963,72.54127851898082,one shared preloaded model
conv-26-qa-123,pure_liquid,1.5762035176128701,9.741599998960737,65.75997499930963,77.07777851588324,one shared preloaded model
conv-26-qa-124,pure_liquid,1.5762035176128701,5.695100000593811,38.00204999970447,45.27335351791115,one shared preloaded model
conv-26-qa-125,pure_liquid,1.5762035176128701,5.692200000339653,38.00204999970447,45.27045351765699,one shared preloaded model
conv-26-qa-126,pure_liquid,1.5762035176128701,5.680299997038674,38.00204999970447,45.25855351435601,one shared preloaded model
conv-26-qa-127,pure_liquid,1.5762035176128701,8.602699999755714,38.00204999970447,48.18095351707305,one shared preloaded model
conv-26-qa-128,pure_liquid,1.5762035176128701,9.329900000011548,58.4437750003417,69.34987851796612,one shared preloaded model
conv-26-qa-129,pure_liquid,1.5762035176128701,9.027699998114258,58.4437750003417,69.04767851606883,one shared preloaded model
conv-26-qa-130,pure_liquid,1.5762035176128701,9.974699998565484,58.4437750003417,69.99467851652005,one shared preloaded model
conv-26-qa-131,pure_liquid,1.5762035176128701,8.863800001563504,58.4437750003417,68.88377851951807,one shared preloaded model
conv-26-qa-132,pure_liquid,1.5762035176128701,6.5305999960401095,49.00317500141682,57.1099785150698,one shared preloaded model
conv-26-qa-133,pure_liquid,1.5762035176128701,9.239099999831524,49.00317500141682,59.81847851886121,one shared preloaded model
conv-26-qa-134,pure_liquid,1.5762035176128701,9.375800000270829,49.00317500141682,59.95517851930052,one shared preloaded model
conv-26-qa-135,pure_liquid,1.5762035176128701,9.48919999791542,49.00317500141682,60.06857851694511,one shared preloaded model
conv-26-qa-136,pure_liquid,1.5762035176128701,6.64830000459915,31.149199998253607,39.373703520465625,one shared preloaded model
conv-26-qa-137,pure_liquid,1.5762035176128701,5.2133999997749925,31.149199998253607,37.93880351564147,one shared preloaded model
conv-26-qa-138,pure_liquid,1.5762035176128701,5.671899998560548,31.149199998253607,38.39730351442702,one shared preloaded model
conv-26-qa-139,pure_liquid,1.5762035176128701,6.065800000214949,31.149199998253607,38.791203516081424,one shared preloaded model
conv-26-qa-140,pure_liquid,1.5762035176128701,9.390800005348865,51.04434999884688,62.011353521808616,one shared preloaded model
conv-26-qa-141,pure_liquid,1.5762035176128701,8.29840000369586,51.04434999884688,60.91895352015561,one shared preloaded model
conv-26-qa-142,pure_liquid,1.5762035176128701,9.905700004310347,51.04434999884688,62.5262535207701,one shared preloaded model
conv-26-qa-143,pure_liquid,1.5762035176128701,9.416100001544692,51.04434999884688,62.03665351800444,one shared preloaded model
conv-26-qa-144,pure_liquid,1.5762035176128701,5.777400001534261,39.28219999943394,46.63580351858107,one shared preloaded model
conv-26-qa-145,pure_liquid,1.5762035176128701,6.562200003827456,39.28219999943394,47.420603520874266,one shared preloaded model
conv-26-qa-146,pure_liquid,1.5762035176128701,6.0715999934473075,39.28219999943394,46.93000351049412,one shared preloaded model
conv-26-qa-147,pure_liquid,1.5762035176128701,6.011400000716094,39.28219999943394,46.869803517762904,one shared preloaded model
conv-26-qa-148,pure_liquid,1.5762035176128701,9.384299999510404,29.108575001373538,40.06907851849681,one shared preloaded model
conv-26-qa-149,pure_liquid,1.5762035176128701,9.12160000007134,29.108575001373538,39.806378519057745,one shared preloaded model
conv-26-qa-150,pure_liquid,1.5762035176128701,6.259900001168717,29.108575001373538,36.94467852015512,one shared preloaded model
conv-26-qa-151,pure_liquid,1.5762035176128701,5.978199995297473,29.108575001373538,36.66297851428388,one shared preloaded model
conv-26-qa-152,pure_liquid,1.5762035176128701,9.352599998237565,45.20122499889112,56.130028514741554,one shared preloaded model
conv-26-qa-153,pure_liquid,1.5762035176128701,8.988500005216338,45.20122499889112,55.765928521720326,one shared preloaded model
conv-26-qa-154,pure_liquid,1.5762035176128701,9.191700002702419,45.20122499889112,55.96912851920641,one shared preloaded model
conv-26-qa-155,pure_liquid,1.5762035176128701,9.587100001226645,45.20122499889112,56.36452851773063,one shared preloaded model
conv-26-qa-156,pure_liquid,1.5762035176128701,9.489900003245566,26.715750000221306,37.78185352107974,one shared preloaded model
conv-26-qa-157,pure_liquid,1.5762035176128701,9.670600004028529,26.715750000221306,37.9625535218627,one shared preloaded model
conv-26-qa-158,pure_liquid,1.5762035176128701,9.356499998830259,26.715750000221306,37.64845351666443,one shared preloaded model
conv-26-qa-159,pure_liquid,1.5762035176128701,9.055700000317302,26.715750000221306,37.347653518151475,one shared preloaded model
conv-26-qa-160,pure_liquid,1.5762035176128701,9.413299994776025,72.8082000005088,83.7977035128977,one shared preloaded model
conv-26-qa-161,pure_liquid,1.5762035176128701,9.738900000229478,72.8082000005088,84.12330351835115,one shared preloaded model
conv-26-qa-162,pure_liquid,1.5762035176128701,9.256899997126311,72.8082000005088,83.64130351524798,one shared preloaded model
conv-26-qa-163,pure_liquid,1.5762035176128701,9.204000001773238,72.8082000005088,83.58840351989491,one shared preloaded model
conv-26-qa-164,pure_liquid,1.5762035176128701,7.025399994745385,29.356900000493624,37.95850351285188,one shared preloaded model
conv-26-qa-165,pure_liquid,1.5762035176128701,9.668500002590008,29.356900000493624,40.6016035206965,one shared preloaded model
conv-26-qa-166,pure_liquid,1.5762035176128701,9.884599996439647,29.356900000493624,40.81770351454614,one shared preloaded model
conv-26-qa-167,pure_liquid,1.5762035176128701,9.379400005855132,29.356900000493624,40.312503523961624,one shared preloaded model
conv-26-qa-168,pure_liquid,1.5762035176128701,9.379900002386421,63.84957499903976,74.80567851903905,one shared preloaded model
conv-26-qa-169,pure_liquid,1.5762035176128701,9.657700000389013,63.84957499903976,75.08347851704164,one shared preloaded model
conv-26-qa-170,pure_liquid,1.5762035176128701,9.059600000909995,63.84957499903976,74.48537851756262,one shared preloaded model
conv-26-qa-171,pure_liquid,1.5762035176128701,9.592400005203672,63.84957499903976,75.0181785218563,one shared preloaded model
conv-26-qa-172,pure_liquid,1.5762035176128701,5.973100000119302,34.04992499963555,41.59922851736772,one shared preloaded model
conv-26-qa-173,pure_liquid,1.5762035176128701,5.280899997160304,34.04992499963555,40.90702851440872,one shared preloaded model
conv-26-qa-174,pure_liquid,1.5762035176128701,5.553299997700378,34.04992499963555,41.179428514948796,one shared preloaded model
conv-26-qa-175,pure_liquid,1.5762035176128701,5.814600001031067,34.04992499963555,41.440728518279485,one shared preloaded model
conv-26-qa-176,pure_liquid,1.5762035176128701,6.151100002171006,60.55717500021274,68.28447851999661,one shared preloaded model
conv-26-qa-177,pure_liquid,1.5762035176128701,5.38300000334857,60.55717500021274,67.51637852117418,one shared preloaded model
conv-26-qa-178,pure_liquid,1.5762035176128701,5.163200003153179,60.55717500021274,67.29657852097878,one shared preloaded model
conv-26-qa-179,pure_liquid,1.5762035176128701,5.995600004098378,60.55717500021274,68.12897852192398,one shared preloaded model
conv-26-qa-180,pure_liquid,1.5762035176128701,5.818699995870702,52.64282499956607,60.03772851304964,one shared preloaded model
conv-26-qa-181,pure_liquid,1.5762035176128701,5.441299996164162,52.64282499956607,59.6603285133431,one shared preloaded model
conv-26-qa-182,pure_liquid,1.5762035176128701,8.794200002739672,52.64282499956607,63.01322851991861,one shared preloaded model
conv-26-qa-183,pure_liquid,1.5762035176128701,5.522600004042033,52.64282499956607,59.741628521220974,one shared preloaded model
conv-26-qa-184,pure_liquid,1.5762035176128701,5.622899996524211,60.92425000133517,68.12335351547225,one shared preloaded model
conv-26-qa-185,pure_liquid,1.5762035176128701,5.755199999839533,60.92425000133517,68.25565351878757,one shared preloaded model
conv-26-qa-186,pure_liquid,1.5762035176128701,6.169000000227243,60.92425000133517,68.66945351917528,one shared preloaded model
conv-26-qa-187,pure_liquid,1.5762035176128701,5.316799994034227,60.92425000133517,67.81725351298226,one shared preloaded model
conv-26-qa-188,pure_liquid,1.5762035176128701,5.785699999250937,57.060850000198116,64.42275351706192,one shared preloaded model
conv-26-qa-189,pure_liquid,1.5762035176128701,5.769800001871772,57.060850000198116,64.40685351968276,one shared preloaded model
conv-26-qa-190,pure_liquid,1.5762035176128701,6.202599994139746,57.060850000198116,64.83965351195073,one shared preloaded model
conv-26-qa-191,pure_liquid,1.5762035176128701,6.049399999028537,57.060850000198116,64.68645351683952,one shared preloaded model
conv-26-qa-192,pure_liquid,1.5762035176128701,5.746200004068669,31.60089999983029,38.923303521511826,one shared preloaded model
conv-26-qa-193,pure_liquid,1.5762035176128701,5.316599999787286,31.60089999983029,38.49370351723044,one shared preloaded model
conv-26-qa-194,pure_liquid,1.5762035176128701,5.816700002469588,31.60089999983029,38.993803519912746,one shared preloaded model
conv-26-qa-195,pure_liquid,1.5762035176128701,6.2766000046394765,31.60089999983029,39.453703522082634,one shared preloaded model
conv-26-qa-196,pure_liquid,1.5762035176128701,9.729299999889918,39.42063333185312,50.7261368493559,one shared preloaded model
conv-26-qa-197,pure_liquid,1.5762035176128701,9.106199999223463,39.42063333185312,50.10303684868945,one shared preloaded model
conv-26-qa-198,pure_liquid,1.5762035176128701,9.352399996714666,39.42063333185312,50.34923684618065,one shared preloaded model
conv-30-qa-0,pure_liquid,3.022240952330841,9.51329999952577,33.02182500010531,45.55736595196192,one shared preloaded model
conv-30-qa-1,pure_liquid,3.022240952330841,9.085400000913069,33.02182500010531,45.12946595334922,one shared preloaded model
conv-30-qa-2,pure_liquid,3.022240952330841,9.809299997868948,33.02182500010531,45.8533659503051,one shared preloaded model
conv-30-qa-3,pure_liquid,3.022240952330841,8.934799996495713,33.02182500010531,44.97886594893186,one shared preloaded model
conv-30-qa-4,pure_liquid,3.022240952330841,6.091200004448183,55.760499999450985,64.87394095623,one shared preloaded model
conv-30-qa-5,pure_liquid,3.022240952330841,5.979099994874559,55.760499999450985,64.76184094665638,one shared preloaded model
conv-30-qa-6,pure_liquid,3.022240952330841,6.502299998828676,55.760499999450985,65.2850409506105,one shared preloaded model
conv-30-qa-7,pure_liquid,3.022240952330841,5.430699995486066,55.760499999450985,64.21344094726788,one shared preloaded model
conv-30-qa-8,pure_liquid,3.022240952330841,5.7130000059260055,30.129250000754837,38.86449095901168,one shared preloaded model
conv-30-qa-9,pure_liquid,3.022240952330841,5.546599997614976,30.129250000754837,38.69809095070065,one shared preloaded model
conv-30-qa-10,pure_liquid,3.022240952330841,5.559599994739983,30.129250000754837,38.71109094782566,one shared preloaded model
conv-30-qa-11,pure_liquid,3.022240952330841,8.409800000663381,30.129250000754837,41.56129095374906,one shared preloaded model
conv-30-qa-12,pure_liquid,3.022240952330841,6.4362999983131886,23.036549999233102,32.49509094987713,one shared preloaded model
conv-30-qa-13,pure_liquid,3.022240952330841,5.353200001991354,23.036549999233102,31.411990953555296,one shared preloaded model
conv-30-qa-14,pure_liquid,3.022240952330841,9.646800004702527,23.036549999233102,35.70559095626647,one shared preloaded model
conv-30-qa-15,pure_liquid,3.022240952330841,9.580300000379793,23.036549999233102,35.639090951943736,one shared preloaded model
conv-30-qa-16,pure_liquid,3.022240952330841,6.511999999929685,64.63584999983141,74.17009095209193,one shared preloaded model
conv-30-qa-17,pure_liquid,3.022240952330841,9.070000000065193,64.63584999983141,76.72809095222743,one shared preloaded model
conv-30-qa-18,pure_liquid,3.022240952330841,9.514200006378815,64.63584999983141,77.17229095854105,one shared preloaded model
conv-30-qa-19,pure_liquid,3.022240952330841,9.47720000112895,64.63584999983141,77.13529095329119,one shared preloaded model
conv-30-qa-20,pure_liquid,3.022240952330841,5.964399999356829,23.631875001228764,32.61851595291643,one shared preloaded model
conv-30-qa-21,pure_liquid,3.022240952330841,5.841899997903965,23.631875001228764,32.49601595146357,one shared preloaded model
conv-30-qa-22,pure_liquid,3.022240952330841,6.38460000482155,23.631875001228764,33.038715958381154,one shared preloaded model
conv-30-qa-23,pure_liquid,3.022240952330841,6.030899996403605,23.631875001228764,32.68501594996321,one shared preloaded model
conv-30-qa-24,pure_liquid,3.022240952330841,9.229099996446166,49.0319249984168,61.283265947193804,one shared preloaded model
conv-30-qa-25,pure_liquid,3.022240952330841,9.519999999611173,49.0319249984168,61.57416595035881,one shared preloaded model
conv-30-qa-26,pure_liquid,3.022240952330841,9.526699999696575,49.0319249984168,61.58086595044421,one shared preloaded model
conv-30-qa-27,pure_liquid,3.022240952330841,9.318800002802163,49.0319249984168,61.3729659535498,one shared preloaded model
conv-30-qa-28,pure_liquid,3.022240952330841,6.686599997919984,19.32440000018687,29.033240950437694,one shared preloaded model
conv-30-qa-29,pure_liquid,3.022240952330841,5.4000000018277206,19.32440000018687,27.74664095434543,one shared preloaded model
conv-30-qa-30,pure_liquid,3.022240952330841,9.74609999684617,19.32440000018687,32.09274094936388,one shared preloaded model
conv-30-qa-31,pure_liquid,3.022240952330841,9.160599998722319,19.32440000018687,31.50724095124003,one shared preloaded model
conv-30-qa-32,pure_liquid,3.022240952330841,5.340499999874737,45.48327500015148,53.84601595235706,one shared preloaded model
conv-30-qa-33,pure_liquid,3.022240952330841,6.188200000906363,45.48327500015148,54.69371595338868,one shared preloaded model
conv-30-qa-34,pure_liquid,3.022240952330841,6.045300004188903,45.48327500015148,54.55081595667122,one shared preloaded model
conv-30-qa-35,pure_liquid,3.022240952330841,5.778300001111347,45.48327500015148,54.28381595359367,one shared preloaded model
conv-30-qa-36,pure_liquid,3.022240952330841,6.299999993643723,25.784524999835412,35.106765945809975,one shared preloaded model
conv-30-qa-37,pure_liquid,3.022240952330841,5.845200001203921,25.784524999835412,34.65196595337017,one shared preloaded model
conv-30-qa-38,pure_liquid,3.022240952330841,6.05350000114413,25.784524999835412,34.86026595331038,one shared preloaded model
conv-30-qa-39,pure_liquid,3.022240952330841,6.495899993751664,25.784524999835412,35.302665945917916,one shared preloaded model
conv-30-qa-40,pure_liquid,3.022240952330841,9.502199995040428,26.54325000003155,39.06769094740282,one shared preloaded model
conv-30-qa-41,pure_liquid,3.022240952330841,9.24269999813987,26.54325000003155,38.80819095050226,one shared preloaded model
conv-30-qa-42,pure_liquid,3.022240952330841,10.236599999188911,26.54325000003155,39.8020909515513,one shared preloaded model
conv-30-qa-43,pure_liquid,3.022240952330841,9.446399999433197,26.54325000003155,39.011890951795586,one shared preloaded model
conv-30-qa-44,pure_liquid,3.022240952330841,9.600400000636,29.75460000016028,42.37724095312712,one shared preloaded model
conv-30-qa-45,pure_liquid,3.022240952330841,9.780299995327368,29.75460000016028,42.55714094781849,one shared preloaded model
conv-30-qa-46,pure_liquid,3.022240952330841,9.376600006362423,29.75460000016028,42.153440958853544,one shared preloaded model
conv-30-qa-47,pure_liquid,3.022240952330841,9.490800002822652,29.75460000016028,42.26764095531377,one shared preloaded model
conv-30-qa-48,pure_liquid,3.022240952330841,9.466199997405056,57.23344999933033,69.72189094906622,one shared preloaded model
conv-30-qa-49,pure_liquid,3.022240952330841,9.179499997117091,57.23344999933033,69.43519094877826,one shared preloaded model
conv-30-qa-50,pure_liquid,3.022240952330841,9.89079999999376,57.23344999933033,70.14649095165493,one shared preloaded model
conv-30-qa-51,pure_liquid,3.022240952330841,9.394100001372863,57.23344999933033,69.64979095303403,one shared preloaded model
conv-30-qa-52,pure_liquid,3.022240952330841,5.651499996019993,72.42687500001921,81.10061594837003,one shared preloaded model
conv-30-qa-53,pure_liquid,3.022240952330841,5.310300002747681,72.42687500001921,80.75941595509772,one shared preloaded model
conv-30-qa-54,pure_liquid,3.022240952330841,6.422699996619485,72.42687500001921,81.87181594896953,one shared preloaded model
conv-30-qa-55,pure_liquid,3.022240952330841,8.547799996449612,72.42687500001921,83.99691594879965,one shared preloaded model
conv-30-qa-56,pure_liquid,3.022240952330841,5.7883999979821965,62.48392499946931,71.29456594978234,one shared preloaded model
conv-30-qa-57,pure_liquid,3.022240952330841,5.480600004375447,62.48392499946931,70.98676595617559,one shared preloaded model
conv-30-qa-58,pure_liquid,3.022240952330841,5.64719999965746,62.48392499946931,71.1533659514576,one shared preloaded model
conv-30-qa-59,pure_liquid,3.022240952330841,6.4102999967872165,62.48392499946931,71.91646594858736,one shared preloaded model
conv-30-qa-60,pure_liquid,3.022240952330841,5.819199999677949,37.774825001179124,46.61626595318791,one shared preloaded model
conv-30-qa-61,pure_liquid,3.022240952330841,6.49419999535894,37.774825001179124,47.291265948868904,one shared preloaded model
conv-30-qa-62,pure_liquid,3.022240952330841,7.001099998888094,37.774825001179124,47.79816595239806,one shared preloaded model
conv-30-qa-63,pure_liquid,3.022240952330841,7.7518999969470315,37.774825001179124,48.548965950456996,one shared preloaded model
conv-30-qa-64,pure_liquid,3.022240952330841,8.963400003267452,51.91999999988184,63.90564095548013,one shared preloaded model
conv-30-qa-65,pure_liquid,3.022240952330841,6.65580000350019,51.91999999988184,61.59804095571287,one shared preloaded model
conv-30-qa-66,pure_liquid,3.022240952330841,5.785499997728039,51.91999999988184,60.72774094994072,one shared preloaded model
conv-30-qa-67,pure_liquid,3.022240952330841,6.545299998833798,51.91999999988184,61.487540951046476,one shared preloaded model
conv-30-qa-68,pure_liquid,3.022240952330841,5.517400000826456,64.3311250005354,72.87076595369268,one shared preloaded model
conv-30-qa-69,pure_liquid,3.022240952330841,6.085200002416968,64.3311250005354,73.4385659552832,one shared preloaded model
conv-30-qa-70,pure_liquid,3.022240952330841,5.961800001387019,64.3311250005354,73.31516595425325,one shared preloaded model
conv-30-qa-71,pure_liquid,3.022240952330841,6.517099995107856,64.3311250005354,73.87046594797408,one shared preloaded model
conv-30-qa-72,pure_liquid,3.022240952330841,6.275499996263534,80.0810000000638,89.37874094865816,one shared preloaded model
conv-30-qa-73,pure_liquid,3.022240952330841,5.854199996974785,80.0810000000638,88.95744094936941,one shared preloaded model
conv-30-qa-74,pure_liquid,3.022240952330841,6.736800001817755,80.0810000000638,89.84004095421238,one shared preloaded model
conv-30-qa-75,pure_liquid,3.022240952330841,9.556199998769443,80.0810000000638,92.65944095116407,one shared preloaded model
conv-30-qa-76,pure_liquid,3.022240952330841,5.940900002315175,27.796849999504047,36.75999095415006,one shared preloaded model
conv-30-qa-77,pure_liquid,3.022240952330841,7.973300002049655,27.796849999504047,38.79239095388454,one shared preloaded model
conv-30-qa-78,pure_liquid,3.022240952330841,10.131399998499546,27.796849999504047,40.950490950334434,one shared preloaded model
conv-30-qa-79,pure_liquid,3.022240952330841,9.88560000405414,27.796849999504047,40.70469095588903,one shared preloaded model
conv-30-qa-80,pure_liquid,3.022240952330841,9.56459999724757,55.50969999967492,68.09654094925332,one shared preloaded model
conv-30-qa-81,pure_liquid,3.022240952330841,9.60769999801414,55.50969999967492,68.1396409500199,one shared preloaded model
conv-30-qa-82,pure_liquid,3.022240952330841,9.132499995757826,55.50969999967492,67.66444094776358,one shared preloaded model
conv-30-qa-83,pure_liquid,3.022240952330841,9.335399998235516,55.50969999967492,67.86734095024127,one shared preloaded model
conv-30-qa-84,pure_liquid,3.022240952330841,5.9159000011277385,30.151750001095934,39.08989095455451,one shared preloaded model
conv-30-qa-85,pure_liquid,3.022240952330841,5.416399995738175,30.151750001095934,38.59039094916495,one shared preloaded model
conv-30-qa-86,pure_liquid,3.022240952330841,6.22529999964172,30.151750001095934,39.399290953068494,one shared preloaded model
conv-30-qa-87,pure_liquid,3.022240952330841,6.776700000045821,30.151750001095934,39.950690953472595,one shared preloaded model
conv-30-qa-88,pure_liquid,3.022240952330841,9.386199999426026,35.69877499830909,48.10721595006596,one shared preloaded model
conv-30-qa-89,pure_liquid,3.022240952330841,9.154300001682714,35.69877499830909,47.875315952322644,one shared preloaded model
conv-30-qa-90,pure_liquid,3.022240952330841,9.83039999846369,35.69877499830909,48.55141594910362,one shared preloaded model
conv-30-qa-91,pure_liquid,3.022240952330841,9.108500002184883,35.69877499830909,47.82951595282481,one shared preloaded model
conv-30-qa-92,pure_liquid,3.022240952330841,7.403100004012231,63.823975000559585,74.24931595690265,one shared preloaded model
conv-30-qa-93,pure_liquid,3.022240952330841,5.739100000937469,63.823975000559585,72.58531595382789,one shared preloaded model
conv-30-qa-94,pure_liquid,3.022240952330841,7.440900000801776,63.823975000559585,74.2871159536922,one shared preloaded model
conv-30-qa-95,pure_liquid,3.022240952330841,10.096499994688202,63.823975000559585,76.94271594757862,one shared preloaded model
conv-30-qa-96,pure_liquid,3.022240952330841,6.13540000631474,42.14427499937301,51.30191595801859,one shared preloaded model
conv-30-qa-97,pure_liquid,3.022240952330841,5.327400001988281,42.14427499937301,50.49391595369213,one shared preloaded model
conv-30-qa-98,pure_liquid,3.022240952330841,5.995399995299522,42.14427499937301,51.16191594700337,one shared preloaded model
conv-30-qa-99,pure_liquid,3.022240952330841,7.344099998590536,42.14427499937301,52.51061595029439,one shared preloaded model
conv-30-qa-100,pure_liquid,3.022240952330841,10.028100005001761,49.73887500091223,62.78921595824483,one shared preloaded model
conv-30-qa-101,pure_liquid,3.022240952330841,9.795300000405405,49.73887500091223,62.556415953648475,one shared preloaded model
conv-30-qa-102,pure_liquid,3.022240952330841,9.382299998833332,49.73887500091223,62.1434159520764,one shared preloaded model
conv-30-qa-103,pure_liquid,3.022240952330841,9.015899995574728,49.73887500091223,61.7770159488178,one shared preloaded model
conv-30-qa-104,pure_liquid,3.022240952330841,5.911699998250697,199.8587000052794,208.79264095586092,one shared preloaded model
conv-41-qa-0,pure_liquid,2.797980310873085,9.865300002275035,37.012425000284566,49.67570531343269,one shared preloaded model
conv-41-qa-1,pure_liquid,2.797980310873085,9.164199997030664,37.012425000284566,48.974605308188316,one shared preloaded model
conv-41-qa-2,pure_liquid,2.797980310873085,9.294600000430364,37.012425000284566,49.105005311588016,one shared preloaded model
conv-41-qa-3,pure_liquid,2.797980310873085,5.117900000186637,37.012425000284566,44.92830531134429,one shared preloaded model
conv-41-qa-4,pure_liquid,2.797980310873085,9.647800005041063,26.997674998710863,39.44345531462501,one shared preloaded model
conv-41-qa-5,pure_liquid,2.797980310873085,8.967999994638376,26.997674998710863,38.763655304222326,one shared preloaded model
conv-41-qa-6,pure_liquid,2.797980310873085,9.545799999614246,26.997674998710863,39.341455309198196,one shared preloaded model
conv-41-qa-7,pure_liquid,2.797980310873085,9.322500001871958,26.997674998710863,39.11815531145591,one shared preloaded model
conv-41-qa-8,pure_liquid,2.797980310873085,6.459199998062104,40.53784999996424,49.79503030889943,one shared preloaded model
conv-41-qa-9,pure_liquid,2.797980310873085,8.898000000044703,40.53784999996424,52.23383031088203,one shared preloaded model
conv-41-qa-10,pure_liquid,2.797980310873085,6.419600002118386,40.53784999996424,49.75543031295571,one shared preloaded model
conv-41-qa-11,pure_liquid,2.797980310873085,6.502700001874473,40.53784999996424,49.8385303127118,one shared preloaded model
conv-41-qa-12,pure_liquid,2.797980310873085,9.304599996539764,18.95482500003709,31.05740530744994,one shared preloaded model
conv-41-qa-13,pure_liquid,2.797980310873085,8.276499997009523,18.95482500003709,30.0293053079197,one shared preloaded model
conv-41-qa-14,pure_liquid,2.797980310873085,10.014899999077898,18.95482500003709,31.767705309988074,one shared preloaded model
conv-41-qa-15,pure_liquid,2.797980310873085,9.144800002104603,18.95482500003709,30.89760531301478,one shared preloaded model
conv-41-qa-16,pure_liquid,2.797980310873085,9.802799999306444,22.972225000557955,35.573005310737486,one shared preloaded model
conv-41-qa-17,pure_liquid,2.797980310873085,8.50170000194339,22.972225000557955,34.27190531337443,one shared preloaded model
conv-41-qa-18,pure_liquid,2.797980310873085,9.760300003108568,22.972225000557955,35.53050531453961,one shared preloaded model
conv-41-qa-19,pure_liquid,2.797980310873085,9.397300003911369,22.972225000557955,35.16750531534241,one shared preloaded model
conv-41-qa-20,pure_liquid,2.797980310873085,9.541799998260103,24.32227499957662,36.66205530870981,one shared preloaded model
conv-41-qa-21,pure_liquid,2.797980310873085,10.239800001727417,24.32227499957662,37.360055312177124,one shared preloaded model
conv-41-qa-22,pure_liquid,2.797980310873085,9.40190000255825,24.32227499957662,36.52215531300796,one shared preloaded model
conv-41-qa-23,pure_liquid,2.797980310873085,8.830300001136493,24.32227499957662,35.9505553115862,one shared preloaded model
conv-41-qa-24,pure_liquid,2.797980310873085,9.406199998920783,29.29469999980938,41.49888030960325,one shared preloaded model
conv-41-qa-25,pure_liquid,2.797980310873085,9.043699996254873,29.29469999980938,41.13638030693734,one shared preloaded model
conv-41-qa-26,pure_liquid,2.797980310873085,9.597899996151682,29.29469999980938,41.69058030683415,one shared preloaded model
conv-41-qa-27,pure_liquid,2.797980310873085,9.096900001168251,29.29469999980938,41.18958031185072,one shared preloaded model
conv-41-qa-28,pure_liquid,2.797980310873085,9.41410000086762,52.04862500067975,64.26070531242046,one shared preloaded model
conv-41-qa-29,pure_liquid,2.797980310873085,9.821699997701216,52.04862500067975,64.66830530925405,one shared preloaded model
conv-41-qa-30,pure_liquid,2.797980310873085,9.118000001762994,52.04862500067975,63.96460531331583,one shared preloaded model
conv-41-qa-31,pure_liquid,2.797980310873085,9.408400001120754,52.04862500067975,64.25500531267359,one shared preloaded model
conv-41-qa-32,pure_liquid,2.797980310873085,5.794499993498903,51.59004999950412,60.182530303876106,one shared preloaded model
conv-41-qa-33,pure_liquid,2.797980310873085,6.027100003848318,51.59004999950412,60.41513031422552,one shared preloaded model
conv-41-qa-34,pure_liquid,2.797980310873085,6.321499997284263,51.59004999950412,60.70953030766147,one shared preloaded model
conv-41-qa-35,pure_liquid,2.797980310873085,6.47939999907976,51.59004999950412,60.867430309456964,one shared preloaded model
conv-41-qa-36,pure_liquid,2.797980310873085,5.51160000031814,32.36787499918137,40.67745531037259,one shared preloaded model
conv-41-qa-37,pure_liquid,2.797980310873085,5.259400000795722,32.36787499918137,40.425255310850176,one shared preloaded model
conv-41-qa-38,pure_liquid,2.797980310873085,5.656099994666874,32.36787499918137,40.82195530472133,one shared preloaded model
conv-41-qa-39,pure_liquid,2.797980310873085,6.623999994189944,32.36787499918137,41.7898553042444,one shared preloaded model
conv-41-qa-40,pure_liquid,2.797980310873085,9.367799997562543,53.316899999117595,65.48268030755322,one shared preloaded model
conv-41-qa-41,pure_liquid,2.797980310873085,9.645099999033846,53.316899999117595,65.75998030902453,one shared preloaded model
conv-41-qa-42,pure_liquid,2.797980310873085,9.384999997564591,53.316899999117595,65.49988030755527,one shared preloaded model
conv-41-qa-43,pure_liquid,2.797980310873085,9.706299999379553,53.316899999117595,65.82118030937023,one shared preloaded model
conv-41-qa-44,pure_liquid,2.797980310873085,5.381900002248585,22.974599998633494,31.154480311755165,one shared preloaded model
conv-41-qa-45,pure_liquid,2.797980310873085,5.586900006164797,22.974599998633494,31.359480315671377,one shared preloaded model
conv-41-qa-46,pure_liquid,2.797980310873085,5.991800004267134,22.974599998633494,31.764380313773714,one shared preloaded model
conv-41-qa-47,pure_liquid,2.797980310873085,5.9083999949507415,22.974599998633494,31.68098030445732,one shared preloaded model
conv-41-qa-48,pure_liquid,2.797980310873085,9.559899997839238,61.44027499976801,73.79815530848033,one shared preloaded model
conv-41-qa-49,pure_liquid,2.797980310873085,9.707299999718089,61.44027499976801,73.94555531035918,one shared preloaded model
conv-41-qa-50,pure_liquid,2.797980310873085,9.148699995421339,61.44027499976801,73.38695530606243,one shared preloaded model
conv-41-qa-51,pure_liquid,2.797980310873085,9.620500000892207,61.44027499976801,73.8587553115333,one shared preloaded model
conv-41-qa-52,pure_liquid,2.797980310873085,6.117899996752385,21.356625000407803,30.272505308033274,one shared preloaded model
conv-41-qa-53,pure_liquid,2.797980310873085,9.76039999659406,21.356625000407803,33.91500530787495,one shared preloaded model
conv-41-qa-54,pure_liquid,2.797980310873085,9.202499997627456,21.356625000407803,33.357105308908345,one shared preloaded model
conv-41-qa-55,pure_liquid,2.797980310873085,9.651600004872307,21.356625000407803,33.806205316153196,one shared preloaded model
conv-41-qa-56,pure_liquid,2.797980310873085,9.53270000172779,19.24252500066359,31.573205313264467,one shared preloaded model
conv-41-qa-57,pure_liquid,2.797980310873085,9.480400003667455,19.24252500066359,31.520905315204132,one shared preloaded model
conv-41-qa-58,pure_liquid,2.797980310873085,9.335700000519864,19.24252500066359,31.37620531205654,one shared preloaded model
conv-41-qa-59,pure_liquid,2.797980310873085,9.184700000332668,19.24252500066359,31.225205311869345,one shared preloaded model
conv-41-qa-60,pure_liquid,2.797980310873085,9.764399997948203,48.21810000066762,60.78048030948891,one shared preloaded model
conv-41-qa-61,pure_liquid,2.797980310873085,9.482800000114366,48.21810000066762,60.49888031165507,one shared preloaded model
conv-41-qa-62,pure_liquid,2.797980310873085,9.536400000797585,48.21810000066762,60.55248031233829,one shared preloaded model
conv-41-qa-63,pure_liquid,2.797980310873085,9.517700003925711,48.21810000066762,60.533780315466416,one shared preloaded model
conv-41-qa-64,pure_liquid,2.797980310873085,8.921900000132155,54.73912500019651,66.45900531120175,one shared preloaded model
conv-41-qa-65,pure_liquid,2.797980310873085,6.589600001461804,54.73912500019651,64.1267053125314,one shared preloaded model
conv-41-qa-66,pure_liquid,2.797980310873085,6.451599998399615,54.73912500019651,63.98870530946921,one shared preloaded model
conv-41-qa-67,pure_liquid,2.797980310873085,7.96480000281008,54.73912500019651,65.50190531387967,one shared preloaded model
conv-41-qa-68,pure_liquid,2.797980310873085,5.841599995619617,36.674974999186816,45.31455530567952,one shared preloaded model
conv-41-qa-69,pure_liquid,2.797980310873085,7.278099998075049,36.674974999186816,46.75105530813495,one shared preloaded model
conv-41-qa-70,pure_liquid,2.797980310873085,6.2933999943197705,36.674974999186816,45.76635530437967,one shared preloaded model
conv-41-qa-71,pure_liquid,2.797980310873085,5.935600005614106,36.674974999186816,45.40855531567401,one shared preloaded model
conv-41-qa-72,pure_liquid,2.797980310873085,10.073099998407997,54.15862500012736,67.02970530940844,one shared preloaded model
conv-41-qa-73,pure_liquid,2.797980310873085,9.613900001568254,54.15862500012736,66.5705053125687,one shared preloaded model
conv-41-qa-74,pure_liquid,2.797980310873085,10.161099999095313,54.15862500012736,67.11770531009576,one shared preloaded model
conv-41-qa-75,pure_liquid,2.797980310873085,9.275199998228345,54.15862500012736,66.23180530922879,one shared preloaded model
conv-41-qa-76,pure_liquid,2.797980310873085,5.711600002541672,34.86337499998626,43.37295531340102,one shared preloaded model
conv-41-qa-77,pure_liquid,2.797980310873085,8.535599998140242,34.86337499998626,46.19695530899959,one shared preloaded model
conv-41-qa-78,pure_liquid,2.797980310873085,10.176900002988987,34.86337499998626,47.838255313848336,one shared preloaded model
conv-41-qa-79,pure_liquid,2.797980310873085,9.464199996727984,34.86337499998626,47.125555307587334,one shared preloaded model
conv-41-qa-80,pure_liquid,2.797980310873085,6.66579999960959,55.54719999963709,65.01098031011976,one shared preloaded model
conv-41-qa-81,pure_liquid,2.797980310873085,6.480600000941195,55.54719999963709,64.82578031145137,one shared preloaded model
conv-41-qa-82,pure_liquid,2.797980310873085,6.414900002710056,55.54719999963709,64.76008031322023,one shared preloaded model
conv-41-qa-83,pure_liquid,2.797980310873085,6.435000002966262,55.54719999963709,64.78018031347644,one shared preloaded model
conv-41-qa-84,pure_liquid,2.797980310873085,5.663899995852262,58.170025000436,66.63190530716135,one shared preloaded model
conv-41-qa-85,pure_liquid,2.797980310873085,9.519400002318434,58.170025000436,70.48740531362752,one shared preloaded model
conv-41-qa-86,pure_liquid,2.797980310873085,9.512799995718524,58.170025000436,70.48080530702761,one shared preloaded model
conv-41-qa-87,pure_liquid,2.797980310873085,9.422200004337355,58.170025000436,70.39020531564644,one shared preloaded model
conv-41-qa-88,pure_liquid,2.797980310873085,5.745499998738524,59.7643250002875,68.30780530989911,one shared preloaded model
conv-41-qa-89,pure_liquid,2.797980310873085,5.884799997147638,59.7643250002875,68.44710530830822,one shared preloaded model
conv-41-qa-90,pure_liquid,2.797980310873085,6.245099997613579,59.7643250002875,68.80740530877416,one shared preloaded model
conv-41-qa-91,pure_liquid,2.797980310873085,6.2763000023551285,59.7643250002875,68.83860531351571,one shared preloaded model
conv-41-qa-92,pure_liquid,2.797980310873085,5.851599999004975,40.41320000033011,49.06278031020817,one shared preloaded model
conv-41-qa-93,pure_liquid,2.797980310873085,6.827400000474881,40.41320000033011,50.038580311678075,one shared preloaded model
conv-41-qa-94,pure_liquid,2.797980310873085,6.5080000058515,40.41320000033011,49.71918031705469,one shared preloaded model
conv-41-qa-95,pure_liquid,2.797980310873085,6.35159999364987,40.41320000033011,49.562780304853064,one shared preloaded model
conv-41-qa-96,pure_liquid,2.797980310873085,9.319299999333452,53.288625000277534,65.40590531048407,one shared preloaded model
conv-41-qa-97,pure_liquid,2.797980310873085,8.880499997758307,53.288625000277534,64.96710530890893,one shared preloaded model
conv-41-qa-98,pure_liquid,2.797980310873085,10.084000001370441,53.288625000277534,66.17060531252106,one shared preloaded model
conv-41-qa-99,pure_liquid,2.797980310873085,9.176400002615992,53.288625000277534,65.26300531376661,one shared preloaded model
conv-41-qa-100,pure_liquid,2.797980310873085,5.607299994153436,41.062599999349914,49.467880304376436,one shared preloaded model
conv-41-qa-101,pure_liquid,2.797980310873085,6.483100005425513,41.062599999349914,50.34368031564851,one shared preloaded model
conv-41-qa-102,pure_liquid,2.797980310873085,8.229899998696055,41.062599999349914,52.090480308919055,one shared preloaded model
conv-41-qa-103,pure_liquid,2.797980310873085,10.24409999808995,41.062599999349914,54.10468030831295,one shared preloaded model
conv-41-qa-104,pure_liquid,2.797980310873085,9.338299998489674,41.90997499972582,54.04625530908858,one shared preloaded model
conv-41-qa-105,pure_liquid,2.797980310873085,9.468000003835186,41.90997499972582,54.17595531443409,one shared preloaded model
conv-41-qa-106,pure_liquid,2.797980310873085,9.979200003726874,41.90997499972582,54.68715531432578,one shared preloaded model
conv-41-qa-107,pure_liquid,2.797980310873085,10.758899996289983,41.90997499972582,55.46685530688889,one shared preloaded model
conv-41-qa-108,pure_liquid,2.797980310873085,9.622099998523481,48.855925000680145,61.27600531007671,one shared preloaded model
conv-41-qa-109,pure_liquid,2.797980310873085,9.640000003855675,48.855925000680145,61.29390531540891,one shared preloaded model
conv-41-qa-110,pure_liquid,2.797980310873085,9.113400003116112,48.855925000680145,60.76730531466934,one shared preloaded model
conv-41-qa-111,pure_liquid,2.797980310873085,8.481699995172676,48.855925000680145,60.13560530672591,one shared preloaded model
conv-41-qa-112,pure_liquid,2.797980310873085,7.6432999994722195,82.113725000454,92.5550053107993,one shared preloaded model
conv-41-qa-113,pure_liquid,2.797980310873085,10.392899996077176,82.113725000454,95.30460530740426,one shared preloaded model
conv-41-qa-114,pure_liquid,2.797980310873085,9.912199995596893,82.113725000454,94.82390530692398,one shared preloaded model
conv-41-qa-115,pure_liquid,2.797980310873085,9.753699996508658,82.113725000454,94.66540530783574,one shared preloaded model
conv-41-qa-116,pure_liquid,2.797980310873085,6.795699999202043,67.57255000047735,77.16623031055248,one shared preloaded model
conv-41-qa-117,pure_liquid,2.797980310873085,7.728399999905378,67.57255000047735,78.09893031125581,one shared preloaded model
conv-41-qa-118,pure_liquid,2.797980310873085,10.799000003316905,67.57255000047735,81.16953031466734,one shared preloaded model
conv-41-qa-119,pure_liquid,2.797980310873085,11.060099997848738,67.57255000047735,81.43063030919917,one shared preloaded model
conv-41-qa-120,pure_liquid,2.797980310873085,6.1410999987856485,44.28037500110804,53.219455310766776,one shared preloaded model
conv-41-qa-121,pure_liquid,2.797980310873085,6.162899997434579,44.28037500110804,53.241255309415706,one shared preloaded model
conv-41-qa-122,pure_liquid,2.797980310873085,6.257000000914559,44.28037500110804,53.335355312895686,one shared preloaded model
conv-41-qa-123,pure_liquid,2.797980310873085,6.794200002332218,44.28037500110804,53.872555314313345,one shared preloaded model
conv-41-qa-124,pure_liquid,2.797980310873085,10.065400005260017,63.523025000904454,76.38640531703756,one shared preloaded model
conv-41-qa-125,pure_liquid,2.797980310873085,9.430799997062422,63.523025000904454,75.75180530883996,one shared preloaded model
conv-41-qa-126,pure_liquid,2.797980310873085,9.592800000973511,63.523025000904454,75.91380531275105,one shared preloaded model
conv-41-qa-127,pure_liquid,2.797980310873085,9.448500000871718,63.523025000904454,75.76950531264926,one shared preloaded model
conv-41-qa-128,pure_liquid,2.797980310873085,6.399999998393469,51.43264999969688,60.63063030896343,one shared preloaded model
conv-41-qa-129,pure_liquid,2.797980310873085,10.000599999330007,51.43264999969688,64.23123030989997,one shared preloaded model
conv-41-qa-130,pure_liquid,2.797980310873085,8.420199999818578,51.43264999969688,62.65083031038854,one shared preloaded model
conv-41-qa-131,pure_liquid,2.797980310873085,9.937000002537388,51.43264999969688,64.16763031310735,one shared preloaded model
conv-41-qa-132,pure_liquid,2.797980310873085,5.761500004155096,76.39812500019616,84.95760531522434,one shared preloaded model
conv-41-qa-133,pure_liquid,2.797980310873085,6.336200000077952,76.39812500019616,85.5323053111472,one shared preloaded model
conv-41-qa-134,pure_liquid,2.797980310873085,6.412700000510085,76.39812500019616,85.60880531157933,one shared preloaded model
conv-41-qa-135,pure_liquid,2.797980310873085,6.535600005008746,76.39812500019616,85.73170531607799,one shared preloaded model
conv-41-qa-136,pure_liquid,2.797980310873085,6.492799999250565,49.38450000008743,58.67528031021108,one shared preloaded model
conv-41-qa-137,pure_liquid,2.797980310873085,9.718699999211822,49.38450000008743,61.901180310172336,one shared preloaded model
conv-41-qa-138,pure_liquid,2.797980310873085,10.096800004248507,49.38450000008743,62.27928031520902,one shared preloaded model
conv-41-qa-139,pure_liquid,2.797980310873085,9.479899999860208,49.38450000008743,61.66238031082072,one shared preloaded model
conv-41-qa-140,pure_liquid,2.797980310873085,6.102200000896119,70.85552500029735,79.75570531206655,one shared preloaded model
conv-41-qa-141,pure_liquid,2.797980310873085,5.820200000016484,70.85552500029735,79.47370531118692,one shared preloaded model
conv-41-qa-142,pure_liquid,2.797980310873085,6.346900001517497,70.85552500029735,80.00040531268793,one shared preloaded model
conv-41-qa-143,pure_liquid,2.797980310873085,6.338699997286312,70.85552500029735,79.99220530845675,one shared preloaded model
conv-41-qa-144,pure_liquid,2.797980310873085,5.772800002887379,47.47937499996624,56.050155313726705,one shared preloaded model
conv-41-qa-145,pure_liquid,2.797980310873085,5.714799997804221,47.47937499996624,55.99215530864355,one shared preloaded model
conv-41-qa-146,pure_liquid,2.797980310873085,6.1526000063167885,47.47937499996624,56.429955317156114,one shared preloaded model
conv-41-qa-147,pure_liquid,2.797980310873085,6.054099998436868,47.47937499996624,56.331455309276194,one shared preloaded model
conv-41-qa-148,pure_liquid,2.797980310873085,9.60740000300575,42.10272499949497,54.508105313373804,one shared preloaded model
conv-41-qa-149,pure_liquid,2.797980310873085,9.561699996993411,42.10272499949497,54.462405307361465,one shared preloaded model
conv-41-qa-150,pure_liquid,2.797980310873085,9.446500000194646,42.10272499949497,54.3472053105627,one shared preloaded model
conv-41-qa-151,pure_liquid,2.797980310873085,9.69999999506399,42.10272499949497,54.600705305432044,one shared preloaded model
conv-41-qa-152,pure_liquid,2.797980310873085,9.398900001542643,51.624875000925385,63.821755313341114,one shared preloaded model
conv-41-qa-153,pure_liquid,2.797980310873085,9.651000000303611,51.624875000925385,64.07385531210208,one shared preloaded model
conv-41-qa-154,pure_liquid,2.797980310873085,9.420100002898835,51.624875000925385,63.842955314697306,one shared preloaded model
conv-41-qa-155,pure_liquid,2.797980310873085,9.352300003229175,51.624875000925385,63.77515531502765,one shared preloaded model
conv-41-qa-156,pure_liquid,2.797980310873085,5.739200001698919,48.680674999559415,57.21785531213142,one shared preloaded model
conv-41-qa-157,pure_liquid,2.797980310873085,6.471399996371474,48.680674999559415,57.950055306803975,one shared preloaded model
conv-41-qa-158,pure_liquid,2.797980310873085,5.9342000022297725,48.680674999559415,57.41285531266227,one shared preloaded model
conv-41-qa-159,pure_liquid,2.797980310873085,6.874099999549799,48.680674999559415,58.3527553099823,one shared preloaded model
conv-41-qa-160,pure_liquid,2.797980310873085,5.597299998044036,90.63260000039008,99.0278803093072,one shared preloaded model
conv-41-qa-161,pure_liquid,2.797980310873085,5.117799999425188,90.63260000039008,98.54838031068836,one shared preloaded model
conv-41-qa-162,pure_liquid,2.797980310873085,5.352899999707006,90.63260000039008,98.78348031097018,one shared preloaded model
conv-41-qa-163,pure_liquid,2.797980310873085,6.768999999621883,90.63260000039008,100.19958031088505,one shared preloaded model
conv-41-qa-164,pure_liquid,2.797980310873085,6.024099995556753,29.97947499898146,38.8015553054113,one shared preloaded model
conv-41-qa-165,pure_liquid,2.797980310873085,6.3119999977061525,29.97947499898146,39.0894553075607,one shared preloaded model
conv-41-qa-166,pure_liquid,2.797980310873085,7.039799995254725,29.97947499898146,39.81725530510927,one shared preloaded model
conv-41-qa-167,pure_liquid,2.797980310873085,6.630699994275346,29.97947499898146,39.40815530412989,one shared preloaded model
conv-41-qa-168,pure_liquid,2.797980310873085,10.195499999099411,50.58869999993476,63.58218030990726,one shared preloaded model
conv-41-qa-169,pure_liquid,2.797980310873085,9.558400000969414,50.58869999993476,62.94508031177726,one shared preloaded model
conv-41-qa-170,pure_liquid,2.797980310873085,9.579500001564156,50.58869999993476,62.966180312372,one shared preloaded model
conv-41-qa-171,pure_liquid,2.797980310873085,9.879600002022926,50.58869999993476,63.26628031283077,one shared preloaded model
conv-41-qa-172,pure_liquid,2.797980310873085,6.288700002187397,47.385775000293506,56.47245531335399,one shared preloaded model
conv-41-qa-173,pure_liquid,2.797980310873085,9.861000005912501,47.385775000293506,60.044755317079094,one shared preloaded model
conv-41-qa-174,pure_liquid,2.797980310873085,9.71939999726601,47.385775000293506,59.9031553084326,one shared preloaded model
conv-41-qa-175,pure_liquid,2.797980310873085,9.833199997956399,47.385775000293506,60.01695530912299,one shared preloaded model
conv-41-qa-176,pure_liquid,2.797980310873085,8.367199996428099,87.21795000019483,98.38313030749602,one shared preloaded model
conv-41-qa-177,pure_liquid,2.797980310873085,10.339000000385568,87.21795000019483,100.35493031145349,one shared preloaded model
conv-41-qa-178,pure_liquid,2.797980310873085,8.909799995308276,87.21795000019483,98.9257303063762,one shared preloaded model
conv-41-qa-179,pure_liquid,2.797980310873085,9.763199996086769,87.21795000019483,99.77913030715469,one shared preloaded model
conv-41-qa-180,pure_liquid,2.797980310873085,6.12600000022212,54.931750000832835,63.85573031192804,one shared preloaded model
conv-41-qa-181,pure_liquid,2.797980310873085,5.29159999859985,54.931750000832835,63.02133031030577,one shared preloaded model
conv-41-qa-182,pure_liquid,2.797980310873085,10.510300002351869,54.931750000832835,68.24003031405779,one shared preloaded model
conv-41-qa-183,pure_liquid,2.797980310873085,9.304500003054272,54.931750000832835,67.0342303147602,one shared preloaded model
conv-41-qa-184,pure_liquid,2.797980310873085,6.593899997824337,54.40427499888756,63.79615530758498,one shared preloaded model
conv-41-qa-185,pure_liquid,2.797980310873085,6.2393999978667125,54.40427499888756,63.44165530762736,one shared preloaded model
conv-41-qa-186,pure_liquid,2.797980310873085,6.168200001411606,54.40427499888756,63.37045531117225,one shared preloaded model
conv-41-qa-187,pure_liquid,2.797980310873085,6.4178000029642135,54.40427499888756,63.62005531272486,one shared preloaded model
conv-41-qa-188,pure_liquid,2.797980310873085,6.082399995648302,38.837449999846285,47.717830306367674,one shared preloaded model
conv-41-qa-189,pure_liquid,2.797980310873085,6.752300003427081,38.837449999846285,48.38773031414645,one shared preloaded model
conv-41-qa-190,pure_liquid,2.797980310873085,6.581100002222229,38.837449999846285,48.2165303129416,one shared preloaded model
conv-41-qa-191,pure_liquid,2.797980310873085,6.041100001311861,38.837449999846285,47.67653031203123,one shared preloaded model
conv-41-qa-192,pure_liquid,2.797980310873085,9.361299999000039,189.4361000013305,201.5953803112036,one shared preloaded model
conv-42-qa-0,pure_liquid,1.9070934615368829,9.790700001758523,24.839674999384442,36.53746846267985,one shared preloaded model
conv-42-qa-1,pure_liquid,1.9070934615368829,9.45819999469677,24.839674999384442,36.20496845561809,one shared preloaded model
conv-42-qa-2,pure_liquid,1.9070934615368829,9.597700001904741,24.839674999384442,36.344468462826065,one shared preloaded model
conv-42-qa-3,pure_liquid,1.9070934615368829,7.968799996888265,24.839674999384442,34.71556845780959,one shared preloaded model
conv-42-qa-4,pure_liquid,1.9070934615368829,9.345099999336526,25.320149999970454,36.57234346084386,one shared preloaded model
conv-42-qa-5,pure_liquid,1.9070934615368829,10.134299998753704,25.320149999970454,37.36154346026104,one shared preloaded model
conv-42-qa-6,pure_liquid,1.9070934615368829,11.33280000067316,25.320149999970454,38.560043462180495,one shared preloaded model
conv-42-qa-7,pure_liquid,1.9070934615368829,8.14669999817852,25.320149999970454,35.373943459685854,one shared preloaded model
conv-42-qa-8,pure_liquid,1.9070934615368829,6.253100000321865,55.74467500082392,63.904868462682664,one shared preloaded model
conv-42-qa-9,pure_liquid,1.9070934615368829,6.603599998925347,55.74467500082392,64.25536846128615,one shared preloaded model
conv-42-qa-10,pure_liquid,1.9070934615368829,6.210700004885439,55.74467500082392,63.86246846724624,one shared preloaded model
conv-42-qa-11,pure_liquid,1.9070934615368829,5.940899995039217,55.74467500082392,63.592668457400016,one shared preloaded model
conv-42-qa-12,pure_liquid,1.9070934615368829,5.765100002463441,32.58339999956661,40.25559346356693,one shared preloaded model
conv-42-qa-13,pure_liquid,1.9070934615368829,5.293199996231124,32.58339999956661,39.783693457334614,one shared preloaded model
conv-42-qa-14,pure_liquid,1.9070934615368829,5.33010000071954,32.58339999956661,39.82059346182303,one shared preloaded model
conv-42-qa-15,pure_liquid,1.9070934615368829,6.2140000009094365,32.58339999956661,40.70449346201293,one shared preloaded model
conv-42-qa-16,pure_liquid,1.9070934615368829,9.410899998329114,50.618574998225085,61.93656845809108,one shared preloaded model
conv-42-qa-17,pure_liquid,1.9070934615368829,8.886800002073869,50.618574998225085,61.412468461835836,one shared preloaded model
conv-42-qa-18,pure_liquid,1.9070934615368829,9.672299995145295,50.618574998225085,62.19796845490726,one shared preloaded model
conv-42-qa-19,pure_liquid,1.9070934615368829,9.076500005903654,50.618574998225085,61.60216846566562,one shared preloaded model
conv-42-qa-20,pure_liquid,1.9070934615368829,5.691899998055305,54.65482499857899,62.253818458171175,one shared preloaded model
conv-42-qa-21,pure_liquid,1.9070934615368829,6.659200000285637,54.65482499857899,63.221118460401506,one shared preloaded model
conv-42-qa-22,pure_liquid,1.9070934615368829,6.407900000340305,54.65482499857899,62.969818460456175,one shared preloaded model
conv-42-qa-23,pure_liquid,1.9070934615368829,6.252799998037517,54.65482499857899,62.814718458153386,one shared preloaded model
conv-42-qa-24,pure_liquid,1.9070934615368829,5.507800000486895,49.651724999421276,57.06661846144505,one shared preloaded model
conv-42-qa-25,pure_liquid,1.9070934615368829,5.469099996844307,49.651724999421276,57.027918457802464,one shared preloaded model
conv-42-qa-26,pure_liquid,1.9070934615368829,6.715199997415766,49.651724999421276,58.274018458373924,one shared preloaded model
conv-42-qa-27,pure_liquid,1.9070934615368829,9.387199999764562,49.651724999421276,60.94601846072272,one shared preloaded model
conv-42-qa-28,pure_liquid,1.9070934615368829,6.186899998283479,25.026299999808543,33.120293459628904,one shared preloaded model
conv-42-qa-29,pure_liquid,1.9070934615368829,6.51129999459954,25.026299999808543,33.444693455944964,one shared preloaded model
conv-42-qa-30,pure_liquid,1.9070934615368829,6.278499997279141,25.026299999808543,33.211893458624566,one shared preloaded model
conv-42-qa-31,pure_liquid,1.9070934615368829,6.459700001869351,25.026299999808543,33.393093463214775,one shared preloaded model
conv-42-qa-32,pure_liquid,1.9070934615368829,9.518899998511188,50.082724999811035,61.508718459859104,one shared preloaded model
conv-42-qa-33,pure_liquid,1.9070934615368829,9.592499998689163,50.082724999811035,61.58231846003708,one shared preloaded model
conv-42-qa-34,pure_liquid,1.9070934615368829,9.276900003897026,50.082724999811035,61.26671846524494,one shared preloaded model
conv-42-qa-35,pure_liquid,1.9070934615368829,9.186100003717002,50.082724999811035,61.17591846506492,one shared preloaded model
conv-42-qa-36,pure_liquid,1.9070934615368829,5.895900001632981,19.655300000522402,27.458293463692264,one shared preloaded model
conv-42-qa-37,pure_liquid,1.9070934615368829,6.388499998138286,19.655300000522402,27.95089346019757,one shared preloaded model
conv-42-qa-38,pure_liquid,1.9070934615368829,9.9393999989843,19.655300000522402,31.501793461043583,one shared preloaded model
conv-42-qa-39,pure_liquid,1.9070934615368829,9.324200000264682,19.655300000522402,30.886593462323965,one shared preloaded model
conv-42-qa-40,pure_liquid,1.9070934615368829,6.1370999974315055,55.92847499974596,63.972668458714345,one shared preloaded model
conv-42-qa-41,pure_liquid,1.9070934615368829,5.736200000683311,55.92847499974596,63.57176846196615,one shared preloaded model
conv-42-qa-42,pure_liquid,1.9070934615368829,6.435200004489161,55.92847499974596,64.27076846577201,one shared preloaded model
conv-42-qa-43,pure_liquid,1.9070934615368829,5.256399999780115,55.92847499974596,63.091968461062955,one shared preloaded model
conv-42-qa-44,pure_liquid,1.9070934615368829,6.438099997467361,48.29729999983101,56.642493458835254,one shared preloaded model
conv-42-qa-45,pure_liquid,1.9070934615368829,9.727399999974295,48.29729999983101,59.93179346134219,one shared preloaded model
conv-42-qa-46,pure_liquid,1.9070934615368829,9.443900002224836,48.29729999983101,59.64829346359273,one shared preloaded model
conv-42-qa-47,pure_liquid,1.9070934615368829,9.364600002299994,48.29729999983101,59.56899346366789,one shared preloaded model
conv-42-qa-48,pure_liquid,1.9070934615368829,8.641499996883795,25.070325000342564,35.61891845876324,one shared preloaded model
conv-42-qa-49,pure_liquid,1.9070934615368829,5.63010000041686,25.070325000342564,32.607518462296305,one shared preloaded model
conv-42-qa-50,pure_liquid,1.9070934615368829,9.38029999815626,25.070325000342564,36.357718460035706,one shared preloaded model
conv-42-qa-51,pure_liquid,1.9070934615368829,8.394299999054056,25.070325000342564,35.3717184609335,one shared preloaded model
conv-42-qa-52,pure_liquid,1.9070934615368829,10.078800005430821,54.98667499887233,66.97256846584004,one shared preloaded model
conv-42-qa-53,pure_liquid,1.9070934615368829,9.250200004316866,54.98667499887233,66.14396846472609,one shared preloaded model
conv-42-qa-54,pure_liquid,1.9070934615368829,6.439299999328796,54.98667499887233,63.33306845973801,one shared preloaded model
conv-42-qa-55,pure_liquid,1.9070934615368829,5.975399995804764,54.98667499887233,62.86916845621398,one shared preloaded model
conv-42-qa-56,pure_liquid,1.9070934615368829,5.596800001512747,35.8583000015642,43.36219346461383,one shared preloaded model
conv-42-qa-57,pure_liquid,1.9070934615368829,7.020299999567214,35.8583000015642,44.7856934626683,one shared preloaded model
conv-42-qa-58,pure_liquid,1.9070934615368829,5.949999998847488,35.8583000015642,43.71539346194857,one shared preloaded model
conv-42-qa-59,pure_liquid,1.9070934615368829,6.304800001089461,35.8583000015642,44.070193464190545,one shared preloaded model
conv-42-qa-60,pure_liquid,1.9070934615368829,9.492999997746665,35.61554999942018,47.01564345870373,one shared preloaded model
conv-42-qa-61,pure_liquid,1.9070934615368829,9.61220000317553,35.61554999942018,47.134843464132594,one shared preloaded model
conv-42-qa-62,pure_liquid,1.9070934615368829,9.241799998562783,35.61554999942018,46.764443459519846,one shared preloaded model
conv-42-qa-63,pure_liquid,1.9070934615368829,9.16309999593068,35.61554999942018,46.68574345688774,one shared preloaded model
conv-42-qa-64,pure_liquid,1.9070934615368829,9.39220000145724,56.634000000485685,67.93329346347981,one shared preloaded model
conv-42-qa-65,pure_liquid,1.9070934615368829,10.137299999769311,56.634000000485685,68.67839346179188,one shared preloaded model
conv-42-qa-66,pure_liquid,1.9070934615368829,9.279899997636676,56.634000000485685,67.82099345965925,one shared preloaded model
conv-42-qa-67,pure_liquid,1.9070934615368829,9.519699997326825,56.634000000485685,68.0607934593494,one shared preloaded model
conv-42-qa-68,pure_liquid,1.9070934615368829,5.739100000937469,25.782175000131247,33.4283684626056,one shared preloaded model
conv-42-qa-69,pure_liquid,1.9070934615368829,6.85459999658633,25.782175000131247,34.54386845825446,one shared preloaded model
conv-42-qa-70,pure_liquid,1.9070934615368829,6.064599998353515,25.782175000131247,33.75386846002164,one shared preloaded model
conv-42-qa-71,pure_liquid,1.9070934615368829,6.523999996716157,25.782175000131247,34.213268458384285,one shared preloaded model
conv-42-qa-72,pure_liquid,1.9070934615368829,10.173499998927582,30.83139999944251,42.911993459906974,one shared preloaded model
conv-42-qa-73,pure_liquid,1.9070934615368829,9.041399993293453,30.83139999944251,41.779893454272845,one shared preloaded model
conv-42-qa-74,pure_liquid,1.9070934615368829,9.903000005579088,30.83139999944251,42.64149346655848,one shared preloaded model
conv-42-qa-75,pure_liquid,1.9070934615368829,8.960399994975887,30.83139999944251,41.69889345595528,one shared preloaded model
conv-42-qa-76,pure_liquid,1.9070934615368829,9.99980000051437,52.67332499897748,64.58021846102874,one shared preloaded model
conv-42-qa-77,pure_liquid,1.9070934615368829,9.461000001465436,52.67332499897748,64.0414184619798,one shared preloaded model
conv-42-qa-78,pure_liquid,1.9070934615368829,9.41410000086762,52.67332499897748,63.99451846138198,one shared preloaded model
conv-42-qa-79,pure_liquid,1.9070934615368829,8.990000002086163,52.67332499897748,63.57041846260052,one shared preloaded model
conv-42-qa-80,pure_liquid,1.9070934615368829,5.652699997881427,51.89302500002668,59.45281845944499,one shared preloaded model
conv-42-qa-81,pure_liquid,1.9070934615368829,5.950099999608938,51.89302500002668,59.7502184611725,one shared preloaded model
conv-42-qa-82,pure_liquid,1.9070934615368829,6.493100001534913,51.89302500002668,60.293218463098476,one shared preloaded model
conv-42-qa-83,pure_liquid,1.9070934615368829,5.933799999183975,51.89302500002668,59.73391846074754,one shared preloaded model
conv-42-qa-84,pure_liquid,1.9070934615368829,6.287899996095803,25.730949999342556,33.92594345697524,one shared preloaded model
conv-42-qa-85,pure_liquid,1.9070934615368829,6.648599999607541,25.730949999342556,34.28664346048698,one shared preloaded model
conv-42-qa-86,pure_liquid,1.9070934615368829,6.105499996920116,25.730949999342556,33.743543457799554,one shared preloaded model
conv-42-qa-87,pure_liquid,1.9070934615368829,6.528300000354648,25.730949999342556,34.166343461234085,one shared preloaded model
conv-42-qa-88,pure_liquid,1.9070934615368829,7.424499999615364,46.05640000045241,55.38799346160466,one shared preloaded model
conv-42-qa-89,pure_liquid,1.9070934615368829,8.15600000350969,46.05640000045241,56.119493465498984,one shared preloaded model
conv-42-qa-90,pure_liquid,1.9070934615368829,9.725700001581572,46.05640000045241,57.68919346357087,one shared preloaded model
conv-42-qa-91,pure_liquid,1.9070934615368829,9.495799997239374,46.05640000045241,57.45929345922867,one shared preloaded model
conv-42-qa-92,pure_liquid,1.9070934615368829,9.618700001738034,49.60494999977527,61.13074346305019,one shared preloaded model
conv-42-qa-93,pure_liquid,1.9070934615368829,7.705500000156462,49.60494999977527,59.217543461468615,one shared preloaded model
conv-42-qa-94,pure_liquid,1.9070934615368829,6.034800004272256,49.60494999977527,57.54684346558441,one shared preloaded model
conv-42-qa-95,pure_liquid,1.9070934615368829,6.312700003036298,49.60494999977527,57.82474346434845,one shared preloaded model
conv-42-qa-96,pure_liquid,1.9070934615368829,5.717700005334336,55.32524999944144,62.95004346631266,one shared preloaded model
conv-42-qa-97,pure_liquid,1.9070934615368829,5.36189999547787,55.32524999944144,62.59424345645619,one shared preloaded model
conv-42-qa-98,pure_liquid,1.9070934615368829,6.646900001214817,55.32524999944144,63.87924346219314,one shared preloaded model
conv-42-qa-99,pure_liquid,1.9070934615368829,6.67789999715751,55.32524999944144,63.91024345813583,one shared preloaded model
conv-42-qa-100,pure_liquid,1.9070934615368829,5.667199999152217,34.89265000098385,42.46694346167295,one shared preloaded model
conv-42-qa-101,pure_liquid,1.9070934615368829,6.5379999941797,34.89265000098385,43.33774345670043,one shared preloaded model
conv-42-qa-102,pure_liquid,1.9070934615368829,6.035800004610792,34.89265000098385,42.83554346713152,one shared preloaded model
conv-42-qa-103,pure_liquid,1.9070934615368829,6.713100003253203,34.89265000098385,43.51284346577393,one shared preloaded model
conv-42-qa-104,pure_liquid,1.9070934615368829,9.405099997820798,114.54207499991753,125.85426845927522,one shared preloaded model
conv-42-qa-105,pure_liquid,1.9070934615368829,9.613100002752617,114.54207499991753,126.06226846420704,one shared preloaded model
conv-42-qa-106,pure_liquid,1.9070934615368829,9.644899997510947,114.54207499991753,126.09406845896537,one shared preloaded model
conv-42-qa-107,pure_liquid,1.9070934615368829,9.010600006149616,114.54207499991753,125.45976846760404,one shared preloaded model
conv-42-qa-108,pure_liquid,1.9070934615368829,6.346299996948801,38.61895000045479,46.87234345894047,one shared preloaded model
conv-42-qa-109,pure_liquid,1.9070934615368829,10.027100004663225,38.61895000045479,50.553143466654895,one shared preloaded model
conv-42-qa-110,pure_liquid,1.9070934615368829,7.415399995807093,38.61895000045479,47.94144345779876,one shared preloaded model
conv-42-qa-111,pure_liquid,1.9070934615368829,5.998900000122376,38.61895000045479,46.524943462114045,one shared preloaded model
conv-42-qa-112,pure_liquid,1.9070934615368829,9.464700000535231,43.154375000085565,54.52616846215768,one shared preloaded model
conv-42-qa-113,pure_liquid,1.9070934615368829,9.323399994173087,43.154375000085565,54.384868455795534,one shared preloaded model
conv-42-qa-114,pure_liquid,1.9070934615368829,9.668500002590008,43.154375000085565,54.729968464212455,one shared preloaded model
conv-42-qa-115,pure_liquid,1.9070934615368829,6.711200003337581,43.154375000085565,51.77266846496003,one shared preloaded model
conv-42-qa-116,pure_liquid,1.9070934615368829,5.432799996924587,71.42497499989986,78.76486845836133,one shared preloaded model
conv-42-qa-117,pure_liquid,1.9070934615368829,5.440500004624482,71.42497499989986,78.77256846606123,one shared preloaded model
conv-42-qa-118,pure_liquid,1.9070934615368829,6.807800004025921,71.42497499989986,80.13986846546267,one shared preloaded model
conv-42-qa-119,pure_liquid,1.9070934615368829,6.518700000015087,71.42497499989986,79.85076846145184,one shared preloaded model
conv-42-qa-120,pure_liquid,1.9070934615368829,5.857000003743451,44.30547499941895,52.06956846469928,one shared preloaded model
conv-42-qa-121,pure_liquid,1.9070934615368829,5.541400001675356,44.30547499941895,51.753968462631185,one shared preloaded model
conv-42-qa-122,pure_liquid,1.9070934615368829,9.759100001247134,44.30547499941895,55.97166846220296,one shared preloaded model
conv-42-qa-123,pure_liquid,1.9070934615368829,9.241600004315842,44.30547499941895,55.45416846527167,one shared preloaded model
conv-42-qa-124,pure_liquid,1.9070934615368829,9.828900001593865,53.03855000056501,64.77454346369576,one shared preloaded model
conv-42-qa-125,pure_liquid,1.9070934615368829,10.154399999009911,53.03855000056501,65.10004346111181,one shared preloaded model
conv-42-qa-126,pure_liquid,1.9070934615368829,9.897299998556264,53.03855000056501,64.84294346065816,one shared preloaded model
conv-42-qa-127,pure_liquid,1.9070934615368829,9.198700005072169,53.03855000056501,64.14434346717407,one shared preloaded model
conv-42-qa-128,pure_liquid,1.9070934615368829,5.779200000688434,36.89237500111631,44.57866846334162,one shared preloaded model
conv-42-qa-129,pure_liquid,1.9070934615368829,10.07709999976214,36.89237500111631,48.87656846241533,one shared preloaded model
conv-42-qa-130,pure_liquid,1.9070934615368829,9.57629999902565,36.89237500111631,48.37576846167884,one shared preloaded model
conv-42-qa-131,pure_liquid,1.9070934615368829,9.173499995085876,36.89237500111631,47.972968457739064,one shared preloaded model
conv-42-qa-132,pure_liquid,1.9070934615368829,9.315500006778166,52.30657499851077,63.529168466825816,one shared preloaded model
conv-42-qa-133,pure_liquid,1.9070934615368829,5.299699994793627,52.30657499851077,59.51336845484128,one shared preloaded model
conv-42-qa-134,pure_liquid,1.9070934615368829,8.632199998828582,52.30657499851077,62.84586845887623,one shared preloaded model
conv-42-qa-135,pure_liquid,1.9070934615368829,9.704099997179583,52.30657499851077,63.91776845722723,one shared preloaded model
conv-42-qa-136,pure_liquid,1.9070934615368829,5.982300004689023,48.67537499922037,56.56476846544627,one shared preloaded model
conv-42-qa-137,pure_liquid,1.9070934615368829,6.527900004584808,48.67537499922037,57.110368465342056,one shared preloaded model
conv-42-qa-138,pure_liquid,1.9070934615368829,6.299300002865493,48.67537499922037,56.88176846362274,one shared preloaded model
conv-42-qa-139,pure_liquid,1.9070934615368829,6.022099994879682,48.67537499922037,56.60456845563693,one shared preloaded model
conv-42-qa-140,pure_liquid,1.9070934615368829,7.7528000038000755,52.719625000463566,62.37951846580052,one shared preloaded model
conv-42-qa-141,pure_liquid,1.9070934615368829,6.807500001741573,52.719625000463566,61.43421846374202,one shared preloaded model
conv-42-qa-142,pure_liquid,1.9070934615368829,6.239499998628162,52.719625000463566,60.86621846062861,one shared preloaded model
conv-42-qa-143,pure_liquid,1.9070934615368829,6.337300001177937,52.719625000463566,60.964018463178384,one shared preloaded model
conv-42-qa-144,pure_liquid,1.9070934615368829,5.712799997127149,38.88102500059176,46.50091845925579,one shared preloaded model
conv-42-qa-145,pure_liquid,1.9070934615368829,6.044699999620207,38.88102500059176,46.83281846174885,one shared preloaded model
conv-42-qa-146,pure_liquid,1.9070934615368829,6.07270000182325,38.88102500059176,46.860818463951894,one shared preloaded model
conv-42-qa-147,pure_liquid,1.9070934615368829,7.286400003067683,38.88102500059176,48.07451846519633,one shared preloaded model
conv-42-qa-148,pure_liquid,1.9070934615368829,10.052300000097603,48.55685000075027,60.51624346238476,one shared preloaded model
conv-42-qa-149,pure_liquid,1.9070934615368829,9.228999995684717,48.55685000075027,59.69294345797187,one shared preloaded model
conv-42-qa-150,pure_liquid,1.9070934615368829,9.578799996234011,48.55685000075027,60.042743458521166,one shared preloaded model
conv-42-qa-151,pure_liquid,1.9070934615368829,8.973500000138301,48.55685000075027,59.437443462425456,one shared preloaded model
conv-42-qa-152,pure_liquid,1.9070934615368829,7.965500000864267,61.88557499990566,71.75816846230681,one shared preloaded model
conv-42-qa-153,pure_liquid,1.9070934615368829,6.619699997827411,61.88557499990566,70.41236845926996,one shared preloaded model
conv-42-qa-154,pure_liquid,1.9070934615368829,9.593199996743351,61.88557499990566,73.3858684581859,one shared preloaded model
conv-42-qa-155,pure_liquid,1.9070934615368829,9.360600000945851,61.88557499990566,73.1532684623884,one shared preloaded model
conv-42-qa-156,pure_liquid,1.9070934615368829,6.447100000514183,56.98102499991364,65.33521846196471,one shared preloaded model
conv-42-qa-157,pure_liquid,1.9070934615368829,10.486200000741519,56.98102499991364,69.37431846219205,one shared preloaded model
conv-42-qa-158,pure_liquid,1.9070934615368829,7.287100001121871,56.98102499991364,66.1752184625724,one shared preloaded model
conv-42-qa-159,pure_liquid,1.9070934615368829,5.6544999970356,56.98102499991364,64.54261845848613,one shared preloaded model
conv-42-qa-160,pure_liquid,1.9070934615368829,5.915300003835,51.002449999941746,58.82484346531363,one shared preloaded model
conv-42-qa-161,pure_liquid,1.9070934615368829,6.789799997932278,51.002449999941746,59.699343459410905,one shared preloaded model
conv-42-qa-162,pure_liquid,1.9070934615368829,6.369400005496573,51.002449999941746,59.2789434669752,one shared preloaded model
conv-42-qa-163,pure_liquid,1.9070934615368829,5.27449999935925,51.002449999941746,58.18404346083788,one shared preloaded model
conv-42-qa-164,pure_liquid,1.9070934615368829,6.076300000131596,60.94364999989921,68.92704346156769,one shared preloaded model
conv-42-qa-165,pure_liquid,1.9070934615368829,6.450500004575588,60.94364999989921,69.30124346601168,one shared preloaded model
conv-42-qa-166,pure_liquid,1.9070934615368829,6.395099997462239,60.94364999989921,69.24584345889834,one shared preloaded model
conv-42-qa-167,pure_liquid,1.9070934615368829,5.987399999867193,60.94364999989921,68.83814346130329,one shared preloaded model
conv-42-qa-168,pure_liquid,1.9070934615368829,5.580700002610683,51.668675001565134,59.1564684657127,one shared preloaded model
conv-42-qa-169,pure_liquid,1.9070934615368829,5.25529999868013,51.668675001565134,58.831068461782145,one shared preloaded model
conv-42-qa-170,pure_liquid,1.9070934615368829,6.425400002626702,51.668675001565134,60.00116846572872,one shared preloaded model
conv-42-qa-171,pure_liquid,1.9070934615368829,6.201099997269921,51.668675001565134,59.77686846037194,one shared preloaded model
conv-42-qa-172,pure_liquid,1.9070934615368829,6.01009999809321,31.957500001226435,39.87469346085653,one shared preloaded model
conv-42-qa-173,pure_liquid,1.9070934615368829,6.332599994493648,31.957500001226435,40.197193457256965,one shared preloaded model
conv-42-qa-174,pure_liquid,1.9070934615368829,6.229200000234414,31.957500001226435,40.09379346299773,one shared preloaded model
conv-42-qa-175,pure_liquid,1.9070934615368829,7.080999996105675,31.957500001226435,40.94559345886899,one shared preloaded model
conv-42-qa-176,pure_liquid,1.9070934615368829,9.926699996867683,50.34247499861522,62.17626845701978,one shared preloaded model
conv-42-qa-177,pure_liquid,1.9070934615368829,9.56709999445593,50.34247499861522,61.81666845460803,one shared preloaded model
conv-42-qa-178,pure_liquid,1.9070934615368829,10.627600000589155,50.34247499861522,62.87716846074125,one shared preloaded model
conv-42-qa-179,pure_liquid,1.9070934615368829,10.763899997982662,50.34247499861522,63.01346845813476,one shared preloaded model
conv-42-qa-180,pure_liquid,1.9070934615368829,6.093900003179442,51.13005000021076,59.13104346492708,one shared preloaded model
conv-42-qa-181,pure_liquid,1.9070934615368829,10.337600004277192,51.13005000021076,63.37474346602483,one shared preloaded model
conv-42-qa-182,pure_liquid,1.9070934615368829,6.7269999999552965,51.13005000021076,59.764143461702936,one shared preloaded model
conv-42-qa-183,pure_liquid,1.9070934615368829,6.408799999917392,51.13005000021076,59.44594346166503,one shared preloaded model
conv-42-qa-184,pure_liquid,1.9070934615368829,5.657699999574106,40.49032500006433,48.05511846117532,one shared preloaded model
conv-42-qa-185,pure_liquid,1.9070934615368829,5.636800000502262,40.49032500006433,48.034218462103475,one shared preloaded model
conv-42-qa-186,pure_liquid,1.9070934615368829,5.558799995924346,40.49032500006433,47.95621845752556,one shared preloaded model
conv-42-qa-187,pure_liquid,1.9070934615368829,6.845600000815466,40.49032500006433,49.24301846241668,one shared preloaded model
conv-42-qa-188,pure_liquid,1.9070934615368829,9.364600002299994,60.99450000147044,72.26619346530732,one shared preloaded model
conv-42-qa-189,pure_liquid,1.9070934615368829,5.054399996879511,60.99450000147044,67.95599345988684,one shared preloaded model
conv-42-qa-190,pure_liquid,1.9070934615368829,5.503400003362913,60.99450000147044,68.40499346637024,one shared preloaded model
conv-42-qa-191,pure_liquid,1.9070934615368829,5.6973000027937815,60.99450000147044,68.59889346580111,one shared preloaded model
conv-42-qa-192,pure_liquid,1.9070934615368829,5.816200005938299,54.537750000235974,62.261043467711154,one shared preloaded model
conv-42-qa-193,pure_liquid,1.9070934615368829,6.552799997734837,54.537750000235974,62.99764345950769,one shared preloaded model
conv-42-qa-194,pure_liquid,1.9070934615368829,7.514200005971361,54.537750000235974,63.959043467744216,one shared preloaded model
conv-42-qa-195,pure_liquid,1.9070934615368829,10.000100002798717,54.537750000235974,66.44494346457158,one shared preloaded model
conv-42-qa-196,pure_liquid,1.9070934615368829,5.810900001961272,41.44255000028352,49.16054346378167,one shared preloaded model
conv-42-qa-197,pure_liquid,1.9070934615368829,9.477700004936196,41.44255000028352,52.827343466756595,one shared preloaded model
conv-42-qa-198,pure_liquid,1.9070934615368829,10.162200000195298,41.44255000028352,53.5118434620157,one shared preloaded model
conv-42-qa-199,pure_liquid,1.9070934615368829,9.481599998252932,41.44255000028352,52.83124346007333,one shared preloaded model
conv-42-qa-200,pure_liquid,1.9070934615368829,9.677000001829583,53.426325001055375,65.01041846442185,one shared preloaded model
conv-42-qa-201,pure_liquid,1.9070934615368829,9.526800000458024,53.426325001055375,64.86021846305029,one shared preloaded model
conv-42-qa-202,pure_liquid,1.9070934615368829,9.683999996923376,53.426325001055375,65.01741845951564,one shared preloaded model
conv-42-qa-203,pure_liquid,1.9070934615368829,9.572500006470364,53.426325001055375,64.90591846906263,one shared preloaded model
conv-42-qa-204,pure_liquid,1.9070934615368829,5.748100003984291,51.2042249993101,58.85941846483127,one shared preloaded model
conv-42-qa-205,pure_liquid,1.9070934615368829,5.353100001229905,51.2042249993101,58.464418462076885,one shared preloaded model
conv-42-qa-206,pure_liquid,1.9070934615368829,6.1630999989574775,51.2042249993101,59.27441845980446,one shared preloaded model
conv-42-qa-207,pure_liquid,1.9070934615368829,6.810499995481223,51.2042249993101,59.921818456328204,one shared preloaded model
conv-42-qa-208,pure_liquid,1.9070934615368829,5.713099999411497,45.35665000003064,52.97684346097902,one shared preloaded model
conv-42-qa-209,pure_liquid,1.9070934615368829,5.46790000225883,45.35665000003064,52.73164346382635,one shared preloaded model
conv-42-qa-210,pure_liquid,1.9070934615368829,6.2372000029427,45.35665000003064,53.50094346451022,one shared preloaded model
conv-42-qa-211,pure_liquid,1.9070934615368829,7.274100003996864,45.35665000003064,54.537843465564386,one shared preloaded model
conv-42-qa-212,pure_liquid,1.9070934615368829,9.286300002713688,75.12452499940991,86.31791846366049,one shared preloaded model
conv-42-qa-213,pure_liquid,1.9070934615368829,9.447299999010283,75.12452499940991,86.47891845995709,one shared preloaded model
conv-42-qa-214,pure_liquid,1.9070934615368829,9.562699997331947,75.12452499940991,86.59431845827875,one shared preloaded model
conv-42-qa-215,pure_liquid,1.9070934615368829,9.436699998332188,75.12452499940991,86.46831845927899,one shared preloaded model
conv-42-qa-216,pure_liquid,1.9070934615368829,7.026699997368269,41.22782499871391,50.16161845761906,one shared preloaded model
conv-42-qa-217,pure_liquid,1.9070934615368829,11.088499995821621,41.22782499871391,54.223418456072416,one shared preloaded model
conv-42-qa-218,pure_liquid,1.9070934615368829,9.222200002113823,41.22782499871391,52.35711846236462,one shared preloaded model
conv-42-qa-219,pure_liquid,1.9070934615368829,9.501500004262198,41.22782499871391,52.63641846451299,one shared preloaded model
conv-42-qa-220,pure_liquid,1.9070934615368829,9.907900006510317,39.69807500106981,51.51306846911701,one shared preloaded model
conv-42-qa-221,pure_liquid,1.9070934615368829,10.160899997572415,39.69807500106981,51.766068460179106,one shared preloaded model
conv-42-qa-222,pure_liquid,1.9070934615368829,10.110600000189152,39.69807500106981,51.71576846279584,one shared preloaded model
conv-42-qa-223,pure_liquid,1.9070934615368829,8.985699998447672,39.69807500106981,50.59086846105436,one shared preloaded model
conv-42-qa-224,pure_liquid,1.9070934615368829,9.446700001717545,31.941599998390302,43.29539346164473,one shared preloaded model
conv-42-qa-225,pure_liquid,1.9070934615368829,9.176899999147281,31.941599998390302,43.025593459074464,one shared preloaded model
conv-42-qa-226,pure_liquid,1.9070934615368829,10.448799999721814,31.941599998390302,44.297493459649,one shared preloaded model
conv-42-qa-227,pure_liquid,1.9070934615368829,5.215900004259311,31.941599998390302,39.064593464186494,one shared preloaded model
conv-42-qa-228,pure_liquid,1.9070934615368829,9.507800001301803,57.70775000019057,69.12264346302926,one shared preloaded model
conv-42-qa-229,pure_liquid,1.9070934615368829,10.607699994579889,57.70775000019057,70.22254345630735,one shared preloaded model
conv-42-qa-230,pure_liquid,1.9070934615368829,9.369999999762513,57.70775000019057,68.98484346148997,one shared preloaded model
conv-42-qa-231,pure_liquid,1.9070934615368829,9.44090000120923,57.70775000019057,69.05574346293669,one shared preloaded model
conv-42-qa-232,pure_liquid,1.9070934615368829,5.991700003505684,58.938849999321974,66.83764346436455,one shared preloaded model
conv-42-qa-233,pure_liquid,1.9070934615368829,5.865899998752866,58.938849999321974,66.71184345961173,one shared preloaded model
conv-42-qa-234,pure_liquid,1.9070934615368829,5.7773000007728115,58.938849999321974,66.62324346163167,one shared preloaded model
conv-42-qa-235,pure_liquid,1.9070934615368829,5.543200000829529,58.938849999321974,66.38914346168839,one shared preloaded model
conv-42-qa-236,pure_liquid,1.9070934615368829,5.973399995127693,55.742749998898944,63.62324345556352,one shared preloaded model
conv-42-qa-237,pure_liquid,1.9070934615368829,10.029900004155934,55.742749998898944,67.67974346459177,one shared preloaded model
conv-42-qa-238,pure_liquid,1.9070934615368829,10.198500000115018,55.742749998898944,67.84834346055085,one shared preloaded model
conv-42-qa-239,pure_liquid,1.9070934615368829,9.435699997993652,55.742749998898944,67.08554345842948,one shared preloaded model
conv-42-qa-240,pure_liquid,1.9070934615368829,6.2459999971906655,38.8918749995355,47.04496845826305,one shared preloaded model
conv-42-qa-241,pure_liquid,1.9070934615368829,9.688899997854605,38.8918749995355,50.48786845892699,one shared preloaded model
conv-42-qa-242,pure_liquid,1.9070934615368829,9.27380000211997,38.8918749995355,50.072768463192354,one shared preloaded model
conv-42-qa-243,pure_liquid,1.9070934615368829,9.357699993415736,38.8918749995355,50.15666845448812,one shared preloaded model
conv-42-qa-244,pure_liquid,1.9070934615368829,9.353399997053202,56.20395000005374,67.46444345864383,one shared preloaded model
conv-42-qa-245,pure_liquid,1.9070934615368829,9.605900006135926,56.20395000005374,67.71694346772655,one shared preloaded model
conv-42-qa-246,pure_liquid,1.9070934615368829,8.142300001054537,56.20395000005374,66.25334346264516,one shared preloaded model
conv-42-qa-247,pure_liquid,1.9070934615368829,9.646900005463976,56.20395000005374,67.7579434670546,one shared preloaded model
conv-42-qa-248,pure_liquid,1.9070934615368829,6.466500002716202,55.17754999891622,63.5511434631693,one shared preloaded model
conv-42-qa-249,pure_liquid,1.9070934615368829,7.17140000051586,55.17754999891622,64.25604346096897,one shared preloaded model
conv-42-qa-250,pure_liquid,1.9070934615368829,8.93519999954151,55.17754999891622,66.01984345999462,one shared preloaded model
conv-42-qa-251,pure_liquid,1.9070934615368829,5.977799999527633,55.17754999891622,63.062443459980734,one shared preloaded model
conv-42-qa-252,pure_liquid,1.9070934615368829,6.316099999821745,51.60570000043663,59.82889346179525,one shared preloaded model
conv-42-qa-253,pure_liquid,1.9070934615368829,5.699599998479243,51.60570000043663,59.21239346045275,one shared preloaded model
conv-42-qa-254,pure_liquid,1.9070934615368829,6.074100005207583,51.60570000043663,59.58689346718109,one shared preloaded model
conv-42-qa-255,pure_liquid,1.9070934615368829,9.281000006012619,51.60570000043663,62.79379346798613,one shared preloaded model
conv-42-qa-256,pure_liquid,1.9070934615368829,5.85529999807477,48.55702500026382,56.31941845987547,one shared preloaded model
conv-42-qa-257,pure_liquid,1.9070934615368829,5.487099995661993,48.55702500026382,55.951218457462694,one shared preloaded model
conv-42-qa-258,pure_liquid,1.9070934615368829,6.025999995472375,48.55702500026382,56.49011845727308,one shared preloaded model
conv-42-qa-259,pure_liquid,1.9070934615368829,5.760000000009313,48.55702500026382,56.224118461810015,one shared preloaded model
conv-43-qa-0,pure_liquid,2.361255371901024,9.62969999818597,23.87697500125796,35.867930371344954,one shared preloaded model
conv-43-qa-1,pure_liquid,2.361255371901024,10.137800003576558,23.87697500125796,36.37603037673554,one shared preloaded model
conv-43-qa-2,pure_liquid,2.361255371901024,9.481599998252932,23.87697500125796,35.719830371411916,one shared preloaded model
conv-43-qa-3,pure_liquid,2.361255371901024,9.889399996609427,23.87697500125796,36.12763036976841,one shared preloaded model
conv-43-qa-4,pure_liquid,2.361255371901024,9.272900002542883,42.32640000009269,53.9605553745366,one shared preloaded model
conv-43-qa-5,pure_liquid,2.361255371901024,10.33599999936996,42.32640000009269,55.023655371363674,one shared preloaded model
conv-43-qa-6,pure_liquid,2.361255371901024,10.100299994519446,42.32640000009269,54.78795536651316,one shared preloaded model
conv-43-qa-7,pure_liquid,2.361255371901024,9.471299999859184,42.32640000009269,54.1589553718529,one shared preloaded model
conv-43-qa-8,pure_liquid,2.361255371901024,9.71189999836497,51.116149999870686,63.18930537013668,one shared preloaded model
conv-43-qa-9,pure_liquid,2.361255371901024,8.771500004513655,51.116149999870686,62.248905376285364,one shared preloaded model
conv-43-qa-10,pure_liquid,2.361255371901024,5.2390999990166165,51.116149999870686,58.716505370788326,one shared preloaded model
conv-43-qa-11,pure_liquid,2.361255371901024,5.0394000063533895,51.116149999870686,58.5168053781251,one shared preloaded model
conv-43-qa-12,pure_liquid,2.361255371901024,5.972099999780767,51.977749999423395,60.311105371105185,one shared preloaded model
conv-43-qa-13,pure_liquid,2.361255371901024,6.452199995692354,51.977749999423395,60.79120536701677,one shared preloaded model
conv-43-qa-14,pure_liquid,2.361255371901024,6.511200001114048,51.977749999423395,60.85020537243847,one shared preloaded model
conv-43-qa-15,pure_liquid,2.361255371901024,7.926500002213288,51.977749999423395,62.26550537353771,one shared preloaded model
conv-43-qa-16,pure_liquid,2.361255371901024,6.471699998655822,56.82915000033972,65.66210537089657,one shared preloaded model
conv-43-qa-17,pure_liquid,2.361255371901024,9.786499998881482,56.82915000033972,68.97690537112223,one shared preloaded model
conv-43-qa-18,pure_liquid,2.361255371901024,9.236099998815916,56.82915000033972,68.42650537105666,one shared preloaded model
conv-43-qa-19,pure_liquid,2.361255371901024,9.654000001319218,56.82915000033972,68.84440537355997,one shared preloaded model
conv-43-qa-20,pure_liquid,2.361255371901024,6.026399998518173,25.272799999584095,33.66045537000329,one shared preloaded model
conv-43-qa-21,pure_liquid,2.361255371901024,6.2882999991416,25.272799999584095,33.92235537062672,one shared preloaded model
conv-43-qa-22,pure_liquid,2.361255371901024,5.7161000004271045,25.272799999584095,33.35015537191222,one shared preloaded model
conv-43-qa-23,pure_liquid,2.361255371901024,5.218099999183323,25.272799999584095,32.85215537066844,one shared preloaded model
conv-43-qa-24,pure_liquid,2.361255371901024,9.498400002485141,59.104399999341695,70.96405537372786,one shared preloaded model
conv-43-qa-25,pure_liquid,2.361255371901024,9.92699999915203,59.104399999341695,71.39265537039475,one shared preloaded model
conv-43-qa-26,pure_liquid,2.361255371901024,9.764499998709653,59.104399999341695,71.23015536995237,one shared preloaded model
conv-43-qa-27,pure_liquid,2.361255371901024,9.243499996955507,59.104399999341695,70.70915536819822,one shared preloaded model
conv-43-qa-28,pure_liquid,2.361255371901024,6.572899997991044,52.745599999980186,61.679755369872254,one shared preloaded model
conv-43-qa-29,pure_liquid,2.361255371901024,5.50449999718694,52.745599999980186,60.61135536906815,one shared preloaded model
conv-43-qa-30,pure_liquid,2.361255371901024,9.486399998422712,52.745599999980186,64.59325537030392,one shared preloaded model
conv-43-qa-31,pure_liquid,2.361255371901024,9.369700004754122,52.745599999980186,64.47655537663533,one shared preloaded model
conv-43-qa-32,pure_liquid,2.361255371901024,5.972499995550606,49.203599999600556,57.537355367052186,one shared preloaded model
conv-43-qa-33,pure_liquid,2.361255371901024,5.661099996359553,49.203599999600556,57.22595536786113,one shared preloaded model
conv-43-qa-34,pure_liquid,2.361255371901024,6.785800003854092,49.203599999600556,58.35065537535567,one shared preloaded model
conv-43-qa-35,pure_liquid,2.361255371901024,6.5092000004369766,49.203599999600556,58.074055371938556,one shared preloaded model
conv-43-qa-36,pure_liquid,2.361255371901024,6.509999999252614,52.7899000007892,61.66115537194284,one shared preloaded model
conv-43-qa-37,pure_liquid,2.361255371901024,8.170900000550319,52.7899000007892,63.322055373240545,one shared preloaded model
conv-43-qa-38,pure_liquid,2.361255371901024,6.248800003959332,52.7899000007892,61.39995537664956,one shared preloaded model
conv-43-qa-39,pure_liquid,2.361255371901024,5.846000000019558,52.7899000007892,60.997155372709784,one shared preloaded model
conv-43-qa-40,pure_liquid,2.361255371901024,6.467400002293289,48.2996999999159,57.128355374110214,one shared preloaded model
conv-43-qa-41,pure_liquid,2.361255371901024,6.356800004141405,48.2996999999159,57.01775537595833,one shared preloaded model
conv-43-qa-42,pure_liquid,2.361255371901024,5.700800000340678,48.2996999999159,56.3617553721576,one shared preloaded model
conv-43-qa-43,pure_liquid,2.361255371901024,5.232600000454113,48.2996999999159,55.89355537227104,one shared preloaded model
conv-43-qa-44,pure_liquid,2.361255371901024,8.512899999914225,25.70354999988922,36.57770537170447,one shared preloaded model
conv-43-qa-45,pure_liquid,2.361255371901024,6.064000001060776,25.70354999988922,34.12880537285102,one shared preloaded model
conv-43-qa-46,pure_liquid,2.361255371901024,6.4761000030557625,25.70354999988922,34.540905374846005,one shared preloaded model
conv-43-qa-47,pure_liquid,2.361255371901024,5.917700000281911,25.70354999988922,33.982505372072154,one shared preloaded model
conv-43-qa-48,pure_liquid,2.361255371901024,9.722299997520167,51.08029999973951,63.1638553691607,one shared preloaded model
conv-43-qa-49,pure_liquid,2.361255371901024,9.509800001978874,51.08029999973951,62.95135537361941,one shared preloaded model
conv-43-qa-50,pure_liquid,2.361255371901024,9.246199995686766,51.08029999973951,62.6877553673273,one shared preloaded model
conv-43-qa-51,pure_liquid,2.361255371901024,9.139000001596287,51.08029999973951,62.58055537323682,one shared preloaded model
conv-43-qa-52,pure_liquid,2.361255371901024,5.563699996855576,51.96034999971744,59.885305368474036,one shared preloaded model
conv-43-qa-53,pure_liquid,2.361255371901024,6.321400003798772,51.96034999971744,60.64300537541723,one shared preloaded model
conv-43-qa-54,pure_liquid,2.361255371901024,6.041700005880557,51.96034999971744,60.36330537749902,one shared preloaded model
conv-43-qa-55,pure_liquid,2.361255371901024,5.994300001475494,51.96034999971744,60.315905373093955,one shared preloaded model
conv-43-qa-56,pure_liquid,2.361255371901024,5.6618000016896985,56.073525000101654,64.09658037369238,one shared preloaded model
conv-43-qa-57,pure_liquid,2.361255371901024,5.653299995174166,56.073525000101654,64.08808036717684,one shared preloaded model
conv-43-qa-58,pure_liquid,2.361255371901024,6.649700000707526,56.073525000101654,65.0844803727102,one shared preloaded model
conv-43-qa-59,pure_liquid,2.361255371901024,6.367300004058052,56.073525000101654,64.80208037606073,one shared preloaded model
conv-43-qa-60,pure_liquid,2.361255371901024,5.619099996692967,33.694275000016205,41.674630368610195,one shared preloaded model
conv-43-qa-61,pure_liquid,2.361255371901024,6.241800001589581,33.694275000016205,42.29733037350681,one shared preloaded model
conv-43-qa-62,pure_liquid,2.361255371901024,6.256699998630211,33.694275000016205,42.31223037054744,one shared preloaded model
conv-43-qa-63,pure_liquid,2.361255371901024,6.807199999457225,33.694275000016205,42.862730371374454,one shared preloaded model
conv-43-qa-64,pure_liquid,2.361255371901024,9.383000004163478,76.05507500011299,87.7993303761775,one shared preloaded model
conv-43-qa-65,pure_liquid,2.361255371901024,9.031399997184053,76.05507500011299,87.44773036919807,one shared preloaded model
conv-43-qa-66,pure_liquid,2.361255371901024,9.731000005558599,76.05507500011299,88.14733037757262,one shared preloaded model
conv-43-qa-67,pure_liquid,2.361255371901024,9.54490000003716,76.05507500011299,87.96123037205118,one shared preloaded model
conv-43-qa-68,pure_liquid,2.361255371901024,6.070800001907628,42.55910000028962,50.99115537409827,one shared preloaded model
conv-43-qa-69,pure_liquid,2.361255371901024,9.902699996018782,42.55910000028962,54.823055368209424,one shared preloaded model
conv-43-qa-70,pure_liquid,2.361255371901024,10.12790000095265,42.55910000028962,55.04825537314329,one shared preloaded model
conv-43-qa-71,pure_liquid,2.361255371901024,9.879899997031316,42.55910000028962,54.80025536922196,one shared preloaded model
conv-43-qa-72,pure_liquid,2.361255371901024,7.137400003557559,52.03514999993786,61.53380537539644,one shared preloaded model
conv-43-qa-73,pure_liquid,2.361255371901024,5.058599999756552,52.03514999993786,59.45500537159543,one shared preloaded model
conv-43-qa-74,pure_liquid,2.361255371901024,5.606999999145046,52.03514999993786,60.00340537098393,one shared preloaded model
conv-43-qa-75,pure_liquid,2.361255371901024,10.192899993853644,52.03514999993786,64.58930536569252,one shared preloaded model
conv-43-qa-76,pure_liquid,2.361255371901024,6.50830000085989,48.26987500018731,57.139430372948226,one shared preloaded model
conv-43-qa-77,pure_liquid,2.361255371901024,6.286199997703079,48.26987500018731,56.917330369791415,one shared preloaded model
conv-43-qa-78,pure_liquid,2.361255371901024,6.249199999729171,48.26987500018731,56.88033037181751,one shared preloaded model
conv-43-qa-79,pure_liquid,2.361255371901024,6.7700999934459105,48.26987500018731,57.401230365534246,one shared preloaded model
conv-43-qa-80,pure_liquid,2.361255371901024,9.070000000065193,37.04982500130427,48.48108037327049,one shared preloaded model
conv-43-qa-81,pure_liquid,2.361255371901024,7.9417000015382655,37.04982500130427,47.35278037474356,one shared preloaded model
conv-43-qa-82,pure_liquid,2.361255371901024,5.768399998487439,37.04982500130427,45.17948037169273,one shared preloaded model
conv-43-qa-83,pure_liquid,2.361255371901024,8.400099999562372,37.04982500130427,47.811180372767666,one shared preloaded model
conv-43-qa-84,pure_liquid,2.361255371901024,9.383399999933317,52.56550000012794,64.31015537196228,one shared preloaded model
conv-43-qa-85,pure_liquid,2.361255371901024,10.08900000306312,52.56550000012794,65.01575537509208,one shared preloaded model
conv-43-qa-86,pure_liquid,2.361255371901024,9.455999999772757,52.56550000012794,64.38275537180172,one shared preloaded model
conv-43-qa-87,pure_liquid,2.361255371901024,9.170799996354617,52.56550000012794,64.09755536838358,one shared preloaded model
conv-43-qa-88,pure_liquid,2.361255371901024,5.745200003730133,63.34547500046028,71.45193037609144,one shared preloaded model
conv-43-qa-89,pure_liquid,2.361255371901024,7.670699997106567,63.34547500046028,73.37743036946787,one shared preloaded model
conv-43-qa-90,pure_liquid,2.361255371901024,7.21239999984391,63.34547500046028,72.91913037220522,one shared preloaded model
conv-43-qa-91,pure_liquid,2.361255371901024,7.276099997397978,63.34547500046028,72.98283036975928,one shared preloaded model
conv-43-qa-92,pure_liquid,2.361255371901024,6.1857000036980025,56.02754999927129,64.57450537487031,one shared preloaded model
conv-43-qa-93,pure_liquid,2.361255371901024,6.421600002795458,56.02754999927129,64.81040537396777,one shared preloaded model
conv-43-qa-94,pure_liquid,2.361255371901024,6.007399999361951,56.02754999927129,64.39620537053426,one shared preloaded model
conv-43-qa-95,pure_liquid,2.361255371901024,6.112900002335664,56.02754999927129,64.50170537350797,one shared preloaded model
conv-43-qa-96,pure_liquid,2.361255371901024,6.337400001939386,52.4236250003014,61.12228037414181,one shared preloaded model
conv-43-qa-97,pure_liquid,2.361255371901024,5.711700003303122,52.4236250003014,60.496580375505545,one shared preloaded model
conv-43-qa-98,pure_liquid,2.361255371901024,5.263600003672764,52.4236250003014,60.04848037587519,one shared preloaded model
conv-43-qa-99,pure_liquid,2.361255371901024,5.300700002408121,52.4236250003014,60.085580374610544,one shared preloaded model
conv-43-qa-100,pure_liquid,2.361255371901024,6.145899998955429,65.46837499990943,73.97553037076588,one shared preloaded model
conv-43-qa-101,pure_liquid,2.361255371901024,10.086199996294454,65.46837499990943,77.9158303681049,one shared preloaded model
conv-43-qa-102,pure_liquid,2.361255371901024,9.703499999886844,65.46837499990943,77.5331303716973,one shared preloaded model
conv-43-qa-103,pure_liquid,2.361255371901024,9.111800005484838,65.46837499990943,76.94143037729529,one shared preloaded model
conv-43-qa-104,pure_liquid,2.361255371901024,6.41650000034133,47.49422500026412,56.271980372506476,one shared preloaded model
conv-43-qa-105,pure_liquid,2.361255371901024,5.236900004092604,47.49422500026412,55.09238037625775,one shared preloaded model
conv-43-qa-106,pure_liquid,2.361255371901024,5.366500001400709,47.49422500026412,55.221980373565856,one shared preloaded model
conv-43-qa-107,pure_liquid,2.361255371901024,6.001000001560897,47.49422500026412,55.85648037372604,one shared preloaded model
conv-43-qa-108,pure_liquid,2.361255371901024,9.379499999340624,49.03370000101859,60.774455372260235,one shared preloaded model
conv-43-qa-109,pure_liquid,2.361255371901024,9.044699996593408,49.03370000101859,60.43965536951302,one shared preloaded model
conv-43-qa-110,pure_liquid,2.361255371901024,5.405099997005891,49.03370000101859,56.8000553699255,one shared preloaded model
conv-43-qa-111,pure_liquid,2.361255371901024,5.959300004178658,49.03370000101859,57.35425537709827,one shared preloaded model
conv-43-qa-112,pure_liquid,2.361255371901024,6.949199996597599,52.59275000025809,61.903205368756716,one shared preloaded model
conv-43-qa-113,pure_liquid,2.361255371901024,9.786200003873091,52.59275000025809,64.74020537603221,one shared preloaded model
conv-43-qa-114,pure_liquid,2.361255371901024,9.521500003756955,52.59275000025809,64.47550537591607,one shared preloaded model
conv-43-qa-115,pure_liquid,2.361255371901024,9.469799995713402,52.59275000025809,64.42380536787252,one shared preloaded model
conv-43-qa-116,pure_liquid,2.361255371901024,5.703999995603226,52.55774999932328,60.62300536682753,one shared preloaded model
conv-43-qa-117,pure_liquid,2.361255371901024,6.613500001549255,52.55774999932328,61.53250537277356,one shared preloaded model
conv-43-qa-118,pure_liquid,2.361255371901024,6.212799999048002,52.55774999932328,61.1318053702723,one shared preloaded model
conv-43-qa-119,pure_liquid,2.361255371901024,5.901000004087109,52.55774999932328,60.82000537531141,one shared preloaded model
conv-43-qa-120,pure_liquid,2.361255371901024,6.01969999843277,46.95417499897303,55.335130369306825,one shared preloaded model
conv-43-qa-121,pure_liquid,2.361255371901024,6.377700003213249,46.95417499897303,55.6931303740873,one shared preloaded model
conv-43-qa-122,pure_liquid,2.361255371901024,6.5228999956161715,46.95417499897303,55.838330366490226,one shared preloaded model
conv-43-qa-123,pure_liquid,2.361255371901024,5.937699999776669,46.95417499897303,55.25313037065072,one shared preloaded model
conv-43-qa-124,pure_liquid,2.361255371901024,9.696900000562891,81.337125000573,93.39528037303691,one shared preloaded model
conv-43-qa-125,pure_liquid,2.361255371901024,9.766899995156564,81.337125000573,93.46528036763058,one shared preloaded model
conv-43-qa-126,pure_liquid,2.361255371901024,8.901299996068701,81.337125000573,92.59968036854272,one shared preloaded model
conv-43-qa-127,pure_liquid,2.361255371901024,9.87370000075316,81.337125000573,93.57208037322718,one shared preloaded model
conv-43-qa-128,pure_liquid,2.361255371901024,6.188999999722,39.088125000489526,47.63838037211255,one shared preloaded model
conv-43-qa-129,pure_liquid,2.361255371901024,6.231200000911485,39.088125000489526,47.680580373302035,one shared preloaded model
conv-43-qa-130,pure_liquid,2.361255371901024,5.60830000176793,39.088125000489526,47.05768037415848,one shared preloaded model
conv-43-qa-131,pure_liquid,2.361255371901024,5.9192999979131855,39.088125000489526,47.368680370303736,one shared preloaded model
conv-43-qa-132,pure_liquid,2.361255371901024,9.536099998513237,75.67285000004631,87.57020537046057,one shared preloaded model
conv-43-qa-133,pure_liquid,2.361255371901024,9.509700001217425,75.67285000004631,87.54380537316476,one shared preloaded model
conv-43-qa-134,pure_liquid,2.361255371901024,10.26830000046175,75.67285000004631,88.30240537240908,one shared preloaded model
conv-43-qa-135,pure_liquid,2.361255371901024,4.963599996699486,75.67285000004631,82.99770536864682,one shared preloaded model
conv-43-qa-136,pure_liquid,2.361255371901024,6.901200002175756,33.836675000202376,43.099130374279156,one shared preloaded model
conv-43-qa-137,pure_liquid,2.361255371901024,10.373500001151115,33.836675000202376,46.571430373254515,one shared preloaded model
conv-43-qa-138,pure_liquid,2.361255371901024,9.541100000205915,33.836675000202376,45.739030372309315,one shared preloaded model
conv-43-qa-139,pure_liquid,2.361255371901024,10.134199997992255,33.836675000202376,46.332130370095655,one shared preloaded model
conv-43-qa-140,pure_liquid,2.361255371901024,10.05799999984447,73.26135000039358,85.68060537213907,one shared preloaded model
conv-43-qa-141,pure_liquid,2.361255371901024,9.986799996113405,73.26135000039358,85.609405368408,one shared preloaded model
conv-43-qa-142,pure_liquid,2.361255371901024,7.26839999697404,73.26135000039358,82.89100536926864,one shared preloaded model
conv-43-qa-143,pure_liquid,2.361255371901024,6.451100001868326,73.26135000039358,82.07370537416293,one shared preloaded model
conv-43-qa-144,pure_liquid,2.361255371901024,6.5519999989192,34.890200000518234,43.80345537133846,one shared preloaded model
conv-43-qa-145,pure_liquid,2.361255371901024,9.836299999733455,34.890200000518234,47.087755372152714,one shared preloaded model
conv-43-qa-146,pure_liquid,2.361255371901024,10.441799997352064,34.890200000518234,47.69325536977132,one shared preloaded model
conv-43-qa-147,pure_liquid,2.361255371901024,9.418400004506111,34.890200000518234,46.66985537692537,one shared preloaded model
conv-43-qa-148,pure_liquid,2.361255371901024,6.539399997564033,53.7894499993854,62.69010536885045,one shared preloaded model
conv-43-qa-149,pure_liquid,2.361255371901024,6.659500002569985,53.7894499993854,62.810205373856405,one shared preloaded model
conv-43-qa-150,pure_liquid,2.361255371901024,6.240899994736537,53.7894499993854,62.39160536602296,one shared preloaded model
conv-43-qa-151,pure_liquid,2.361255371901024,5.870000000868458,53.7894499993854,62.02070537215488,one shared preloaded model
conv-43-qa-152,pure_liquid,2.361255371901024,5.920299998251721,39.704799999526585,47.98635536967933,one shared preloaded model
conv-43-qa-153,pure_liquid,2.361255371901024,6.532800005516037,39.704799999526585,48.598855376943646,one shared preloaded model
conv-43-qa-154,pure_liquid,2.361255371901024,7.059899995510932,39.704799999526585,49.12595536693854,one shared preloaded model
conv-43-qa-155,pure_liquid,2.361255371901024,10.005199997976888,39.704799999526585,52.0712553694045,one shared preloaded model
conv-43-qa-156,pure_liquid,2.361255371901024,9.475400001974776,32.98270000050252,44.81935537437832,one shared preloaded model
conv-43-qa-157,pure_liquid,2.361255371901024,9.548100002575666,32.98270000050252,44.89205537497921,one shared preloaded model
conv-43-qa-158,pure_liquid,2.361255371901024,10.296099993865937,32.98270000050252,45.64005536626948,one shared preloaded model
conv-43-qa-159,pure_liquid,2.361255371901024,9.13589999981923,32.98270000050252,44.47985537222277,one shared preloaded model
conv-43-qa-160,pure_liquid,2.361255371901024,9.436899999855086,49.51355000048352,61.31170537223963,one shared preloaded model
conv-43-qa-161,pure_liquid,2.361255371901024,9.334199996374082,49.51355000048352,61.209005368758625,one shared preloaded model
conv-43-qa-162,pure_liquid,2.361255371901024,9.601499994460028,49.51355000048352,61.47630536684457,one shared preloaded model
conv-43-qa-163,pure_liquid,2.361255371901024,9.527299996989314,49.51355000048352,61.40210536937386,one shared preloaded model
conv-43-qa-164,pure_liquid,2.361255371901024,5.909399995289277,56.14627500108327,64.41693036827357,one shared preloaded model
conv-43-qa-165,pure_liquid,2.361255371901024,5.281400000967551,56.14627500108327,63.78893037395184,one shared preloaded model
conv-43-qa-166,pure_liquid,2.361255371901024,7.648799997696187,56.14627500108327,66.15633037068048,one shared preloaded model
conv-43-qa-167,pure_liquid,2.361255371901024,8.64700000238372,56.14627500108327,67.15453037536801,one shared preloaded model
conv-43-qa-168,pure_liquid,2.361255371901024,5.562799997278489,61.020399998596986,68.9444553677765,one shared preloaded model
conv-43-qa-169,pure_liquid,2.361255371901024,5.47819999337662,61.020399998596986,68.85985536387463,one shared preloaded model
conv-43-qa-170,pure_liquid,2.361255371901024,6.825500000559259,61.020399998596986,70.20715537105727,one shared preloaded model
conv-43-qa-171,pure_liquid,2.361255371901024,6.04120000207331,61.020399998596986,69.42285537257132,one shared preloaded model
conv-43-qa-172,pure_liquid,2.361255371901024,5.719200002204161,52.44490000040969,60.525355374514874,one shared preloaded model
conv-43-qa-173,pure_liquid,2.361255371901024,6.545999996887986,52.44490000040969,61.3521553691987,one shared preloaded model
conv-43-qa-174,pure_liquid,2.361255371901024,6.124899999122135,52.44490000040969,60.93105537143285,one shared preloaded model
conv-43-qa-175,pure_liquid,2.361255371901024,5.419000000983942,52.44490000040969,60.225155373294655,one shared preloaded model
conv-43-qa-176,pure_liquid,2.361255371901024,6.102899998950306,45.46272500010673,53.92688037095806,one shared preloaded model
conv-43-qa-177,pure_liquid,2.361255371901024,10.015799998654984,45.46272500010673,57.83978037066274,one shared preloaded model
conv-43-qa-178,pure_liquid,2.361255371901024,9.042300000146497,45.46272500010673,56.86628037215425,one shared preloaded model
conv-43-qa-179,pure_liquid,2.361255371901024,6.099900005210657,45.46272500010673,53.92388037721841,one shared preloaded model
conv-43-qa-180,pure_liquid,2.361255371901024,5.3667999964090995,51.14125000000058,58.869305368310705,one shared preloaded model
conv-43-qa-181,pure_liquid,2.361255371901024,5.355599998438265,51.14125000000058,58.85810537033987,one shared preloaded model
conv-43-qa-182,pure_liquid,2.361255371901024,7.597700001497287,51.14125000000058,61.10020537339889,one shared preloaded model
conv-43-qa-183,pure_liquid,2.361255371901024,9.5350999981747,51.14125000000058,63.03760537007631,one shared preloaded model
conv-43-qa-184,pure_liquid,2.361255371901024,5.509100003109779,54.30154999885417,62.17190537386497,one shared preloaded model
conv-43-qa-185,pure_liquid,2.361255371901024,5.466299997351598,54.30154999885417,62.12910536810679,one shared preloaded model
conv-43-qa-186,pure_liquid,2.361255371901024,6.22789999761153,54.30154999885417,62.890705368366724,one shared preloaded model
conv-43-qa-187,pure_liquid,2.361255371901024,6.103799998527393,54.30154999885417,62.76660536928259,one shared preloaded model
conv-43-qa-188,pure_liquid,2.361255371901024,5.774199998995755,47.63674999958312,55.772205370479895,one shared preloaded model
conv-43-qa-189,pure_liquid,2.361255371901024,6.398300000000745,47.63674999958312,56.396305371484885,one shared preloaded model
conv-43-qa-190,pure_liquid,2.361255371901024,6.495299996458925,47.63674999958312,56.493305367943066,one shared preloaded model
conv-43-qa-191,pure_liquid,2.361255371901024,6.327399998554029,47.63674999958312,56.32540537003817,one shared preloaded model
conv-43-qa-192,pure_liquid,2.361255371901024,10.187399995629676,55.51439999908325,68.06305536661395,one shared preloaded model
conv-43-qa-193,pure_liquid,2.361255371901024,6.189799998537637,55.51439999908325,64.06545536952191,one shared preloaded model
conv-43-qa-194,pure_liquid,2.361255371901024,5.963499999779742,55.51439999908325,63.83915537076402,one shared preloaded model
conv-43-qa-195,pure_liquid,2.361255371901024,5.9552999955485575,55.51439999908325,63.830955366532834,one shared preloaded model
conv-43-qa-196,pure_liquid,2.361255371901024,5.4652000035275705,46.96779999903811,54.7942553744667,one shared preloaded model
conv-43-qa-197,pure_liquid,2.361255371901024,6.249300000490621,46.96779999903811,55.57835537142975,one shared preloaded model
conv-43-qa-198,pure_liquid,2.361255371901024,9.890299996186513,46.96779999903811,59.219355367125644,one shared preloaded model
conv-43-qa-199,pure_liquid,2.361255371901024,9.009699999296572,46.96779999903811,58.3387553702357,one shared preloaded model
conv-43-qa-200,pure_liquid,2.361255371901024,5.27929999952903,50.94470000040019,58.58525537183024,one shared preloaded model
conv-43-qa-201,pure_liquid,2.361255371901024,5.925099998421501,50.94470000040019,59.231055370722714,one shared preloaded model
conv-43-qa-202,pure_liquid,2.361255371901024,5.444700000225566,50.94470000040019,58.75065537252678,one shared preloaded model
conv-43-qa-203,pure_liquid,2.361255371901024,5.506299996341113,50.94470000040019,58.812255368642326,one shared preloaded model
conv-43-qa-204,pure_liquid,2.361255371901024,6.014399994455744,31.944175001626718,40.319830367983485,one shared preloaded model
conv-43-qa-205,pure_liquid,2.361255371901024,9.80330000311369,31.944175001626718,44.10873037664143,one shared preloaded model
conv-43-qa-206,pure_liquid,2.361255371901024,10.054100006527733,31.944175001626718,44.359530380055475,one shared preloaded model
conv-43-qa-207,pure_liquid,2.361255371901024,9.23999999940861,31.944175001626718,43.54543037293635,one shared preloaded model
conv-43-qa-208,pure_liquid,2.361255371901024,9.456899999349844,47.10899999918183,58.9271553704327,one shared preloaded model
conv-43-qa-209,pure_liquid,2.361255371901024,9.220199994160794,47.10899999918183,58.69045536524365,one shared preloaded model
conv-43-qa-210,pure_liquid,2.361255371901024,8.011400001123548,47.10899999918183,57.481655372206404,one shared preloaded model
conv-43-qa-211,pure_liquid,2.361255371901024,5.223399995884392,47.10899999918183,54.69365536696725,one shared preloaded model
conv-43-qa-212,pure_liquid,2.361255371901024,9.425700001884252,50.88830000022426,62.67525537400954,one shared preloaded model
conv-43-qa-213,pure_liquid,2.361255371901024,9.379799994349014,50.88830000022426,62.6293553664743,one shared preloaded model
conv-43-qa-214,pure_liquid,2.361255371901024,5.966299999272451,50.88830000022426,59.21585537139774,one shared preloaded model
conv-43-qa-215,pure_liquid,2.361255371901024,5.268900000373833,50.88830000022426,58.51845537249912,one shared preloaded model
conv-43-qa-216,pure_liquid,2.361255371901024,5.665399999998044,51.08950000067125,59.11615537257032,one shared preloaded model
conv-43-qa-217,pure_liquid,2.361255371901024,6.153900001663715,51.08950000067125,59.60465537423599,one shared preloaded model
conv-43-qa-218,pure_liquid,2.361255371901024,6.961099999898579,51.08950000067125,60.41185537247085,one shared preloaded model
conv-43-qa-219,pure_liquid,2.361255371901024,6.395000003976747,51.08950000067125,59.84575537654902,one shared preloaded model
conv-43-qa-220,pure_liquid,2.361255371901024,6.175499998789746,45.61180000018794,54.14855537087871,one shared preloaded model
conv-43-qa-221,pure_liquid,2.361255371901024,7.437899999786168,45.61180000018794,55.41095537187513,one shared preloaded model
conv-43-qa-222,pure_liquid,2.361255371901024,6.993999995756894,45.61180000018794,54.96705536784586,one shared preloaded model
conv-43-qa-223,pure_liquid,2.361255371901024,7.029600004898384,45.61180000018794,55.00265537698735,one shared preloaded model
conv-43-qa-224,pure_liquid,2.361255371901024,7.875000002968591,56.049849999908474,66.28610537477809,one shared preloaded model
conv-43-qa-225,pure_liquid,2.361255371901024,8.05920000129845,56.049849999908474,66.47030537310795,one shared preloaded model
conv-43-qa-226,pure_liquid,2.361255371901024,6.606400005694013,56.049849999908474,65.01750537750351,one shared preloaded model
conv-43-qa-227,pure_liquid,2.361255371901024,6.779999996069819,56.049849999908474,65.19110536787932,one shared preloaded model
conv-43-qa-228,pure_liquid,2.361255371901024,5.989900004351512,31.092874998648767,39.4440303749013,one shared preloaded model
conv-43-qa-229,pure_liquid,2.361255371901024,6.921799998963252,31.092874998648767,40.37593036951304,one shared preloaded model
conv-43-qa-230,pure_liquid,2.361255371901024,6.635199999436736,31.092874998648767,40.08933036998653,one shared preloaded model
conv-43-qa-231,pure_liquid,2.361255371901024,6.548299999849405,31.092874998648767,40.002430370399196,one shared preloaded model
conv-43-qa-232,pure_liquid,2.361255371901024,9.741699999722186,42.76572500020848,54.86868037183169,one shared preloaded model
conv-43-qa-233,pure_liquid,2.361255371901024,10.100100000272505,42.76572500020848,55.227080372382005,one shared preloaded model
conv-43-qa-234,pure_liquid,2.361255371901024,10.062299996207003,42.76572500020848,55.1892803683165,one shared preloaded model
conv-43-qa-235,pure_liquid,2.361255371901024,10.184999999182764,42.76572500020848,55.311980371292265,one shared preloaded model
conv-43-qa-236,pure_liquid,2.361255371901024,9.832399999140762,106.93055000047025,119.12420537151203,one shared preloaded model
conv-43-qa-237,pure_liquid,2.361255371901024,9.609300002921373,106.93055000047025,118.90110537529264,one shared preloaded model
conv-43-qa-238,pure_liquid,2.361255371901024,9.841300001426134,106.93055000047025,119.1331053737974,one shared preloaded model
conv-43-qa-239,pure_liquid,2.361255371901024,9.075800000573508,106.93055000047025,118.36760537294478,one shared preloaded model
conv-43-qa-240,pure_liquid,2.361255371901024,6.342100001347717,109.78565000186791,118.48900537511665,one shared preloaded model
conv-43-qa-241,pure_liquid,2.361255371901024,10.420999999041669,109.78565000186791,122.5679053728106,one shared preloaded model
conv-44-qa-0,pure_liquid,3.0918234177401636,9.538099999190308,50.79617499904998,63.426098415980455,one shared preloaded model
conv-44-qa-1,pure_liquid,3.0918234177401636,9.331200002634432,50.79617499904998,63.21919841942458,one shared preloaded model
conv-44-qa-2,pure_liquid,3.0918234177401636,9.731500002089888,50.79617499904998,63.619498418880035,one shared preloaded model
conv-44-qa-3,pure_liquid,3.0918234177401636,10.067700000945479,50.79617499904998,63.955698417735626,one shared preloaded model
conv-44-qa-4,pure_liquid,3.0918234177401636,5.573500005993992,38.94930000024033,47.614623423974486,one shared preloaded model
conv-44-qa-5,pure_liquid,3.0918234177401636,6.343300003209151,38.94930000024033,48.384423421189645,one shared preloaded model
conv-44-qa-6,pure_liquid,3.0918234177401636,6.059399995137937,38.94930000024033,48.10052341311843,one shared preloaded model
conv-44-qa-7,pure_liquid,3.0918234177401636,6.5009000027203,38.94930000024033,48.542023420700794,one shared preloaded model
conv-44-qa-8,pure_liquid,3.0918234177401636,9.362699995108414,42.29740000118909,54.75192341403767,one shared preloaded model
conv-44-qa-9,pure_liquid,3.0918234177401636,8.936199999880046,42.29740000118909,54.3254234188093,one shared preloaded model
conv-44-qa-10,pure_liquid,3.0918234177401636,7.35319999512285,42.29740000118909,52.742423414052105,one shared preloaded model
conv-44-qa-11,pure_liquid,3.0918234177401636,6.066199995984789,42.29740000118909,51.455423414914044,one shared preloaded model
conv-44-qa-12,pure_liquid,3.0918234177401636,9.468199998082127,52.46147499929066,65.02149841511294,one shared preloaded model
conv-44-qa-13,pure_liquid,3.0918234177401636,9.85180000134278,52.46147499929066,65.4050984183736,one shared preloaded model
conv-44-qa-14,pure_liquid,3.0918234177401636,9.455400002480019,52.46147499929066,65.00869841951084,one shared preloaded model
conv-44-qa-15,pure_liquid,3.0918234177401636,5.171900003915653,52.46147499929066,60.72519842094648,one shared preloaded model
conv-44-qa-16,pure_liquid,3.0918234177401636,5.74899999628542,32.69762499985518,41.538448413880765,one shared preloaded model
conv-44-qa-17,pure_liquid,3.0918234177401636,6.305300004896708,32.69762499985518,42.09474842249205,one shared preloaded model
conv-44-qa-18,pure_liquid,3.0918234177401636,6.091499999456573,32.69762499985518,41.88094841705192,one shared preloaded model
conv-44-qa-19,pure_liquid,3.0918234177401636,6.343300003209151,32.69762499985518,42.1327484208045,one shared preloaded model
conv-44-qa-20,pure_liquid,3.0918234177401636,9.488199997576885,53.099400000064634,65.67942341538168,one shared preloaded model
conv-44-qa-21,pure_liquid,3.0918234177401636,9.969300001102965,53.099400000064634,66.16052341890776,one shared preloaded model
conv-44-qa-22,pure_liquid,3.0918234177401636,9.645500002079643,53.099400000064634,65.83672341988444,one shared preloaded model
conv-44-qa-23,pure_liquid,3.0918234177401636,9.29080000059912,53.099400000064634,65.48202341840391,one shared preloaded model
conv-44-qa-24,pure_liquid,3.0918234177401636,6.0171000004629605,19.343649999427726,28.452573417630852,one shared preloaded model
conv-44-qa-25,pure_liquid,3.0918234177401636,9.3127000000095,19.343649999427726,31.74817341717739,one shared preloaded model
conv-44-qa-26,pure_liquid,3.0918234177401636,10.354700003517792,19.343649999427726,32.79017342068568,one shared preloaded model
conv-44-qa-27,pure_liquid,3.0918234177401636,9.289800000260584,19.343649999427726,31.725273417428475,one shared preloaded model
conv-44-qa-28,pure_liquid,3.0918234177401636,9.587099993950687,56.55939999996917,69.23832341166002,one shared preloaded model
conv-44-qa-29,pure_liquid,3.0918234177401636,9.108699996431824,56.55939999996917,68.75992341414116,one shared preloaded model
conv-44-qa-30,pure_liquid,3.0918234177401636,9.242899999662768,56.55939999996917,68.8941234173721,one shared preloaded model
conv-44-qa-31,pure_liquid,3.0918234177401636,9.809100003622007,56.55939999996917,69.46032342133134,one shared preloaded model
conv-44-qa-32,pure_liquid,3.0918234177401636,5.6955999971251,53.78982499860285,62.57724841346812,one shared preloaded model
conv-44-qa-33,pure_liquid,3.0918234177401636,6.055499994545244,53.78982499860285,62.93714841088826,one shared preloaded model
conv-44-qa-34,pure_liquid,3.0918234177401636,8.239800001319963,53.78982499860285,65.12144841766298,one shared preloaded model
conv-44-qa-35,pure_liquid,3.0918234177401636,7.354199995461386,53.78982499860285,64.2358484118044,one shared preloaded model
conv-44-qa-36,pure_liquid,3.0918234177401636,5.689899997378234,28.567274999659276,37.348998414777675,one shared preloaded model
conv-44-qa-37,pure_liquid,3.0918234177401636,5.314299996825866,28.567274999659276,36.97339841422531,one shared preloaded model
conv-44-qa-38,pure_liquid,3.0918234177401636,6.144999999378342,28.567274999659276,37.804098416777784,one shared preloaded model
conv-44-qa-39,pure_liquid,3.0918234177401636,6.063600005290937,28.567274999659276,37.72269842269038,one shared preloaded model
conv-44-qa-40,pure_liquid,3.0918234177401636,9.985700002289377,32.912549999309704,45.99007341933925,one shared preloaded model
conv-44-qa-41,pure_liquid,3.0918234177401636,9.041699995577801,32.912549999309704,45.04607341262767,one shared preloaded model
conv-44-qa-42,pure_liquid,3.0918234177401636,9.765900002093986,32.912549999309704,45.770273419143855,one shared preloaded model
conv-44-qa-43,pure_liquid,3.0918234177401636,8.93039999937173,32.912549999309704,44.9347734164216,one shared preloaded model
conv-44-qa-44,pure_liquid,3.0918234177401636,6.281400004809257,30.615699999543722,39.988923422093144,one shared preloaded model
conv-44-qa-45,pure_liquid,3.0918234177401636,6.014799997501541,30.615699999543722,39.72232341478543,one shared preloaded model
conv-44-qa-46,pure_liquid,3.0918234177401636,6.527400000777561,30.615699999543722,40.23492341806145,one shared preloaded model
conv-44-qa-47,pure_liquid,3.0918234177401636,9.792999997443985,30.615699999543722,43.50052341472787,one shared preloaded model
conv-44-qa-48,pure_liquid,3.0918234177401636,9.367099999508355,35.94780000094033,48.406723418188854,one shared preloaded model
conv-44-qa-49,pure_liquid,3.0918234177401636,9.238800004823133,35.94780000094033,48.27842342350363,one shared preloaded model
conv-44-qa-50,pure_liquid,3.0918234177401636,9.559500002069399,35.94780000094033,48.5991234207499,one shared preloaded model
conv-44-qa-51,pure_liquid,3.0918234177401636,9.285000000090804,35.94780000094033,48.3246234187713,one shared preloaded model
conv-44-qa-52,pure_liquid,3.0918234177401636,9.986699995351955,91.83474999917962,104.91327341227174,one shared preloaded model
conv-44-qa-53,pure_liquid,3.0918234177401636,7.284499995876104,91.83474999917962,102.21107341279588,one shared preloaded model
conv-44-qa-54,pure_liquid,3.0918234177401636,6.720100005622953,91.83474999917962,101.64667342254273,one shared preloaded model
conv-44-qa-55,pure_liquid,3.0918234177401636,5.941300005360972,91.83474999917962,100.86787342228075,one shared preloaded model
conv-44-qa-56,pure_liquid,3.0918234177401636,6.1237000045366585,33.44192499935161,42.65744842162844,one shared preloaded model
conv-44-qa-57,pure_liquid,3.0918234177401636,9.966700003133155,33.44192499935161,46.500448420224934,one shared preloaded model
conv-44-qa-58,pure_liquid,3.0918234177401636,9.111100000154693,33.44192499935161,45.64484841724647,one shared preloaded model
conv-44-qa-59,pure_liquid,3.0918234177401636,9.448700002394617,33.44192499935161,45.982448419486396,one shared preloaded model
conv-44-qa-60,pure_liquid,3.0918234177401636,9.245799999916926,33.67119999893475,46.008823416591845,one shared preloaded model
conv-44-qa-61,pure_liquid,3.0918234177401636,9.88070000312291,33.67119999893475,46.64372341979783,one shared preloaded model
conv-44-qa-62,pure_liquid,3.0918234177401636,10.133799994946457,33.67119999893475,46.89682341162138,one shared preloaded model
conv-44-qa-63,pure_liquid,3.0918234177401636,7.857800002966542,33.67119999893475,44.62082341964146,one shared preloaded model
conv-44-qa-64,pure_liquid,3.0918234177401636,9.427599994523916,57.042574999286444,69.56199841155052,one shared preloaded model
conv-44-qa-65,pure_liquid,3.0918234177401636,9.8329999964335,57.042574999286444,69.9673984134601,one shared preloaded model
conv-44-qa-66,pure_liquid,3.0918234177401636,9.985999997297768,57.042574999286444,70.12039841432437,one shared preloaded model
conv-44-qa-67,pure_liquid,3.0918234177401636,9.740100002090912,57.042574999286444,69.87449841911751,one shared preloaded model
conv-44-qa-68,pure_liquid,3.0918234177401636,5.724100003135391,72.90047499918728,81.71639842006283,one shared preloaded model
conv-44-qa-69,pure_liquid,3.0918234177401636,6.094700001995079,72.90047499918728,82.08699841892252,one shared preloaded model
conv-44-qa-70,pure_liquid,3.0918234177401636,9.614399998099543,72.90047499918728,85.60669841502698,one shared preloaded model
conv-44-qa-71,pure_liquid,3.0918234177401636,9.72159999946598,72.90047499918728,85.71389841639342,one shared preloaded model
conv-44-qa-72,pure_liquid,3.0918234177401636,6.23049999558134,55.15837500024645,64.48069841356795,one shared preloaded model
conv-44-qa-73,pure_liquid,3.0918234177401636,6.496900001366157,55.15837500024645,64.74709841935277,one shared preloaded model
conv-44-qa-74,pure_liquid,3.0918234177401636,9.80330000311369,55.15837500024645,68.0534984211003,one shared preloaded model
conv-44-qa-75,pure_liquid,3.0918234177401636,7.930699997814372,55.15837500024645,66.18089841580098,one shared preloaded model
conv-44-qa-76,pure_liquid,3.0918234177401636,6.558499997481704,52.85012499916775,62.500448414389616,one shared preloaded model
conv-44-qa-77,pure_liquid,3.0918234177401636,11.004200001480058,52.85012499916775,66.94614841838796,one shared preloaded model
conv-44-qa-78,pure_liquid,3.0918234177401636,9.988199999497738,52.85012499916775,65.93014841640564,one shared preloaded model
conv-44-qa-79,pure_liquid,3.0918234177401636,9.696200002508704,52.85012499916775,65.63814841941661,one shared preloaded model
conv-44-qa-80,pure_liquid,3.0918234177401636,6.078400001570117,53.10309999913443,62.27332341844471,one shared preloaded model
conv-44-qa-81,pure_liquid,3.0918234177401636,5.570900000748225,53.10309999913443,61.76582341762282,one shared preloaded model
conv-44-qa-82,pure_liquid,3.0918234177401636,5.593399997451343,53.10309999913443,61.78832341432594,one shared preloaded model
conv-44-qa-83,pure_liquid,3.0918234177401636,6.3195000038831495,53.10309999913443,62.514423420757744,one shared preloaded model
conv-44-qa-84,pure_liquid,3.0918234177401636,5.483699998876546,119.48224999832746,128.05777341494417,one shared preloaded model
conv-44-qa-85,pure_liquid,3.0918234177401636,6.139700002677273,119.48224999832746,128.7137734187449,one shared preloaded model
conv-44-qa-86,pure_liquid,3.0918234177401636,9.103299998969305,119.48224999832746,131.67737341503693,one shared preloaded model
conv-44-qa-87,pure_liquid,3.0918234177401636,10.299200002918951,119.48224999832746,132.87327341898657,one shared preloaded model
conv-44-qa-88,pure_liquid,3.0918234177401636,6.319899999652989,51.18077500083018,60.592498418223336,one shared preloaded model
conv-44-qa-89,pure_liquid,3.0918234177401636,11.55099999596132,51.18077500083018,65.82359841453166,one shared preloaded model
conv-44-qa-90,pure_liquid,3.0918234177401636,10.932299999694806,51.18077500083018,65.20489841826515,one shared preloaded model
conv-44-qa-91,pure_liquid,3.0918234177401636,11.349000000336673,51.18077500083018,65.62159841890701,one shared preloaded model
conv-44-qa-92,pure_liquid,3.0918234177401636,5.677099994500168,40.41137499916658,49.180298411406916,one shared preloaded model
conv-44-qa-93,pure_liquid,3.0918234177401636,6.317500003206078,40.41137499916658,49.82069842011283,one shared preloaded model
conv-44-qa-94,pure_liquid,3.0918234177401636,5.847100001119543,40.41137499916658,49.35029841802629,one shared preloaded model
conv-44-qa-95,pure_liquid,3.0918234177401636,5.924600001890212,40.41137499916658,49.42779841879696,one shared preloaded model
conv-44-qa-96,pure_liquid,3.0918234177401636,9.44090000120923,62.74982500144688,75.28254842039627,one shared preloaded model
conv-44-qa-97,pure_liquid,3.0918234177401636,9.441700000024866,62.74982500144688,75.2833484192119,one shared preloaded model
conv-44-qa-98,pure_liquid,3.0918234177401636,10.055999999167398,62.74982500144688,75.89764841835444,one shared preloaded model
conv-44-qa-99,pure_liquid,3.0918234177401636,9.831700001086574,62.74982500144688,75.67334842027361,one shared preloaded model
conv-44-qa-100,pure_liquid,3.0918234177401636,6.498599999758881,68.10937499903957,77.69979841653861,one shared preloaded model
conv-44-qa-101,pure_liquid,3.0918234177401636,9.767999996256549,68.10937499903957,80.96919841303628,one shared preloaded model
conv-44-qa-102,pure_liquid,3.0918234177401636,9.31519999721786,68.10937499903957,80.51639841399759,one shared preloaded model
conv-44-qa-103,pure_liquid,3.0918234177401636,9.364300000015646,68.10937499903957,80.56549841679538,one shared preloaded model
conv-44-qa-104,pure_liquid,3.0918234177401636,6.288899996434338,36.21930000008433,45.600023414258835,one shared preloaded model
conv-44-qa-105,pure_liquid,3.0918234177401636,10.022399997978937,36.21930000008433,49.333523415803434,one shared preloaded model
conv-44-qa-106,pure_liquid,3.0918234177401636,9.69670000631595,36.21930000008433,49.00782342414045,one shared preloaded model
conv-44-qa-107,pure_liquid,3.0918234177401636,9.128900004725438,36.21930000008433,48.440023422549935,one shared preloaded model
conv-44-qa-108,pure_liquid,3.0918234177401636,9.494500001892447,43.41592499986291,56.00224841949552,one shared preloaded model
conv-44-qa-109,pure_liquid,3.0918234177401636,9.468099997320678,43.41592499986291,55.97584841492375,one shared preloaded model
conv-44-qa-110,pure_liquid,3.0918234177401636,6.598600004508626,43.41592499986291,53.1063484221117,one shared preloaded model
conv-44-qa-111,pure_liquid,3.0918234177401636,5.947000005107839,43.41592499986291,52.454748422710914,one shared preloaded model
conv-44-qa-112,pure_liquid,3.0918234177401636,9.41189999866765,37.735924999651616,50.23964841605943,one shared preloaded model
conv-44-qa-113,pure_liquid,3.0918234177401636,9.875099996861536,37.735924999651616,50.70284841425332,one shared preloaded model
conv-44-qa-114,pure_liquid,3.0918234177401636,9.602799997082911,37.735924999651616,50.43054841447469,one shared preloaded model
conv-44-qa-115,pure_liquid,3.0918234177401636,10.119700003997423,37.735924999651616,50.947448421389204,one shared preloaded model
conv-44-qa-116,pure_liquid,3.0918234177401636,9.797500002605375,52.222049998817965,65.1113734191635,one shared preloaded model
conv-44-qa-117,pure_liquid,3.0918234177401636,8.967599998868536,52.222049998817965,64.28147341542666,one shared preloaded model
conv-44-qa-118,pure_liquid,3.0918234177401636,6.175599999551196,52.222049998817965,61.48947341610933,one shared preloaded model
conv-44-qa-119,pure_liquid,3.0918234177401636,6.362400003126822,52.222049998817965,61.676273419684954,one shared preloaded model
conv-44-qa-120,pure_liquid,3.0918234177401636,6.134700000984594,38.355099999535014,47.581623418259774,one shared preloaded model
conv-44-qa-121,pure_liquid,3.0918234177401636,9.320600001956336,38.355099999535014,50.767523419231516,one shared preloaded model
conv-44-qa-122,pure_liquid,3.0918234177401636,10.202199999184813,38.355099999535014,51.64912341645999,one shared preloaded model
conv-44-qa-123,pure_liquid,3.0918234177401636,9.385700002894737,38.355099999535014,50.83262342016992,one shared preloaded model
conv-44-qa-124,pure_liquid,3.0918234177401636,9.827399997448083,58.74842500088562,71.66764841607386,one shared preloaded model
conv-44-qa-125,pure_liquid,3.0918234177401636,5.51160000031814,58.74842500088562,67.35184841894392,one shared preloaded model
conv-44-qa-126,pure_liquid,3.0918234177401636,5.8873000016319565,58.74842500088562,67.72754842025773,one shared preloaded model
conv-44-qa-127,pure_liquid,3.0918234177401636,5.618800001684576,58.74842500088562,67.45904842031035,one shared preloaded model
conv-44-qa-128,pure_liquid,3.0918234177401636,6.8065000014030375,51.30615000052785,61.204473419671054,one shared preloaded model
conv-44-qa-129,pure_liquid,3.0918234177401636,6.643299995630514,51.30615000052785,61.04127341389853,one shared preloaded model
conv-44-qa-130,pure_liquid,3.0918234177401636,5.825200001709163,51.30615000052785,60.22317341997718,one shared preloaded model
conv-44-qa-131,pure_liquid,3.0918234177401636,5.845600004249718,51.30615000052785,60.243573422517734,one shared preloaded model
conv-44-qa-132,pure_liquid,3.0918234177401636,6.176299997605383,54.48499999874912,63.75312341409467,one shared preloaded model
conv-44-qa-133,pure_liquid,3.0918234177401636,6.321000000752974,54.48499999874912,63.89782341724226,one shared preloaded model
conv-44-qa-134,pure_liquid,3.0918234177401636,6.379400001605973,54.48499999874912,63.956223418095256,one shared preloaded model
conv-44-qa-135,pure_liquid,3.0918234177401636,6.203199998708442,54.48499999874912,63.780023415197725,one shared preloaded model
conv-44-qa-136,pure_liquid,3.0918234177401636,5.695200001355261,77.43809999919904,86.22512341829446,one shared preloaded model
conv-44-qa-137,pure_liquid,3.0918234177401636,5.931599996984005,77.43809999919904,86.4615234139232,one shared preloaded model
conv-44-qa-138,pure_liquid,3.0918234177401636,5.6863999998313375,77.43809999919904,86.21632341677054,one shared preloaded model
conv-44-qa-139,pure_liquid,3.0918234177401636,6.635500001721084,77.43809999919904,87.16542341866028,one shared preloaded model
conv-44-qa-140,pure_liquid,3.0918234177401636,6.57350000255974,58.28215000110504,67.94747342140494,one shared preloaded model
conv-44-qa-141,pure_liquid,3.0918234177401636,9.824100001424085,58.28215000110504,71.19807342026928,one shared preloaded model
conv-44-qa-142,pure_liquid,3.0918234177401636,9.501900000032037,58.28215000110504,70.87587341887723,one shared preloaded model
conv-44-qa-143,pure_liquid,3.0918234177401636,5.270999994536396,58.28215000110504,66.64497341338159,one shared preloaded model
conv-44-qa-144,pure_liquid,3.0918234177401636,5.867700005182996,61.80567500086909,70.76519842379224,one shared preloaded model
conv-44-qa-145,pure_liquid,3.0918234177401636,5.451800003356766,61.80567500086909,70.34929842196601,one shared preloaded model
conv-44-qa-146,pure_liquid,3.0918234177401636,6.836099993961398,61.80567500086909,71.73359841257064,one shared preloaded model
conv-44-qa-147,pure_liquid,3.0918234177401636,6.336099999316502,61.80567500086909,71.23359841792575,one shared preloaded model
conv-44-qa-148,pure_liquid,3.0918234177401636,6.153599999379367,65.23327499962761,74.47869841674714,one shared preloaded model
conv-44-qa-149,pure_liquid,3.0918234177401636,6.3588999983039685,65.23327499962761,74.68399841567174,one shared preloaded model
conv-44-qa-150,pure_liquid,3.0918234177401636,6.550099999003578,65.23327499962761,74.87519841637135,one shared preloaded model
conv-44-qa-151,pure_liquid,3.0918234177401636,6.454000002122484,65.23327499962761,74.77909841949025,one shared preloaded model
conv-44-qa-152,pure_liquid,3.0918234177401636,6.18459999532206,36.42335000040475,45.69977341346698,one shared preloaded model
conv-44-qa-153,pure_liquid,3.0918234177401636,5.7732999994186684,36.42335000040475,45.28847341756359,one shared preloaded model
conv-44-qa-154,pure_liquid,3.0918234177401636,9.953299995686393,36.42335000040475,49.46847341383131,one shared preloaded model
conv-44-qa-155,pure_liquid,3.0918234177401636,9.883200000331271,36.42335000040475,49.39837341847619,one shared preloaded model
conv-44-qa-156,pure_liquid,3.0918234177401636,10.005500000261236,68.83305000155815,81.93037341955954,one shared preloaded model
conv-44-qa-157,pure_liquid,3.0918234177401636,10.009899997385219,68.83305000155815,81.93477341668353,one shared preloaded model
conv-47-qa-0,pure_liquid,2.7861126315608424,9.544599997752812,56.50690000038594,68.83761262969959,one shared preloaded model
conv-47-qa-1,pure_liquid,2.7861126315608424,7.963199997902848,56.50690000038594,67.25621262984963,one shared preloaded model
conv-47-qa-2,pure_liquid,2.7861126315608424,5.184000001463573,56.50690000038594,64.47701263341035,one shared preloaded model
conv-47-qa-3,pure_liquid,2.7861126315608424,5.163599998923019,56.50690000038594,64.4566126308698,one shared preloaded model
conv-47-qa-4,pure_liquid,2.7861126315608424,6.171299995912705,27.25205000024289,36.209462627716434,one shared preloaded model
conv-47-qa-5,pure_liquid,2.7861126315608424,5.587100000411738,27.25205000024289,35.62526263221547,one shared preloaded model
conv-47-qa-6,pure_liquid,2.7861126315608424,6.0831000009784475,27.25205000024289,36.12126263278218,one shared preloaded model
conv-47-qa-7,pure_liquid,2.7861126315608424,6.40679999924032,27.25205000024289,36.44496263104405,one shared preloaded model
conv-47-qa-8,pure_liquid,2.7861126315608424,9.427299999515526,54.287625000142725,66.50103763121909,one shared preloaded model
conv-47-qa-9,pure_liquid,2.7861126315608424,9.309000000939704,54.287625000142725,66.38273763264327,one shared preloaded model
conv-47-qa-10,pure_liquid,2.7861126315608424,10.046899995359126,54.287625000142725,67.12063762706269,one shared preloaded model
conv-47-qa-11,pure_liquid,2.7861126315608424,9.45089999731863,54.287625000142725,66.5246376290222,one shared preloaded model
conv-47-qa-12,pure_liquid,2.7861126315608424,5.561199999647215,56.41695000122127,64.76426263242932,one shared preloaded model
conv-47-qa-13,pure_liquid,2.7861126315608424,6.612600001972169,56.41695000122127,65.81566263475428,one shared preloaded model
conv-47-qa-14,pure_liquid,2.7861126315608424,6.394099997123703,56.41695000122127,65.59716262990581,one shared preloaded model
conv-47-qa-15,pure_liquid,2.7861126315608424,6.371600000420585,56.41695000122127,65.57466263320269,one shared preloaded model
conv-47-qa-16,pure_liquid,2.7861126315608424,6.147799998871051,54.21677499907673,63.150687629508624,one shared preloaded model
conv-47-qa-17,pure_liquid,2.7861126315608424,6.559699999343138,54.21677499907673,63.56258762998071,one shared preloaded model
conv-47-qa-18,pure_liquid,2.7861126315608424,7.128900004317984,54.21677499907673,64.13178763495556,one shared preloaded model
conv-47-qa-19,pure_liquid,2.7861126315608424,9.493899997323751,54.21677499907673,66.49678762796133,one shared preloaded model
conv-47-qa-20,pure_liquid,2.7861126315608424,5.559600002015941,35.72819999862986,44.07391263220664,one shared preloaded model
conv-47-qa-21,pure_liquid,2.7861126315608424,5.673699997714721,35.72819999862986,44.18801262790542,one shared preloaded model
conv-47-qa-22,pure_liquid,2.7861126315608424,6.127999993623234,35.72819999862986,44.642312623813936,one shared preloaded model
conv-47-qa-23,pure_liquid,2.7861126315608424,5.837500000779983,35.72819999862986,44.351812630970684,one shared preloaded model
conv-47-qa-24,pure_liquid,2.7861126315608424,9.583899998688139,36.78740000032121,49.15741263057019,one shared preloaded model
conv-47-qa-25,pure_liquid,2.7861126315608424,8.939500003180001,36.78740000032121,48.513012635062054,one shared preloaded model
conv-47-qa-26,pure_liquid,2.7861126315608424,9.582200000295416,36.78740000032121,49.15571263217747,one shared preloaded model
conv-47-qa-27,pure_liquid,2.7861126315608424,9.501900000032037,36.78740000032121,49.07541263191409,one shared preloaded model
conv-47-qa-28,pure_liquid,2.7861126315608424,9.473799997067545,36.70380000039586,48.96371262902424,one shared preloaded model
conv-47-qa-29,pure_liquid,2.7861126315608424,9.91490000160411,36.70380000039586,49.40481263356081,one shared preloaded model
conv-47-qa-30,pure_liquid,2.7861126315608424,9.405000004335307,36.70380000039586,48.894912636292005,one shared preloaded model
conv-47-qa-31,pure_liquid,2.7861126315608424,9.553800002322532,36.70380000039586,49.04371263427923,one shared preloaded model
conv-47-qa-32,pure_liquid,2.7861126315608424,9.550000002491288,41.57017500074289,53.90628763479502,one shared preloaded model
conv-47-qa-33,pure_liquid,2.7861126315608424,9.54490000003716,41.57017500074289,53.90118763234089,one shared preloaded model
conv-47-qa-34,pure_liquid,2.7861126315608424,9.30520000110846,41.57017500074289,53.66148763341219,one shared preloaded model
conv-47-qa-35,pure_liquid,2.7861126315608424,7.982699993590359,41.57017500074289,52.33898762589409,one shared preloaded model
conv-47-qa-36,pure_liquid,2.7861126315608424,9.576200005540159,24.952224999651662,37.31453763675266,one shared preloaded model
conv-47-qa-37,pure_liquid,2.7861126315608424,9.550900002068374,24.952224999651662,37.28923763328088,one shared preloaded model
conv-47-qa-38,pure_liquid,2.7861126315608424,9.267299996281508,24.952224999651662,37.00563762749401,one shared preloaded model
conv-47-qa-39,pure_liquid,2.7861126315608424,8.727899999939837,24.952224999651662,36.46623763115234,one shared preloaded model
conv-47-qa-40,pure_liquid,2.7861126315608424,9.552300005452707,52.14387500018347,64.48228763719702,one shared preloaded model
conv-47-qa-41,pure_liquid,2.7861126315608424,9.689799997431692,52.14387500018347,64.619787629176,one shared preloaded model
conv-47-qa-42,pure_liquid,2.7861126315608424,9.71199999912642,52.14387500018347,64.64198763087073,one shared preloaded model
conv-47-qa-43,pure_liquid,2.7861126315608424,9.333399997558445,52.14387500018347,64.26338762930276,one shared preloaded model
conv-47-qa-44,pure_liquid,2.7861126315608424,5.778799997642636,34.16062500036787,42.72553762957135,one shared preloaded model
conv-47-qa-45,pure_liquid,2.7861126315608424,6.0765000016544946,34.16062500036787,43.02323763358321,one shared preloaded model
conv-47-qa-46,pure_liquid,2.7861126315608424,9.123099996941164,34.16062500036787,46.06983762886988,one shared preloaded model
conv-47-qa-47,pure_liquid,2.7861126315608424,9.709800004202407,34.16062500036787,46.65653763613112,one shared preloaded model
conv-47-qa-48,pure_liquid,2.7861126315608424,9.51830000121845,48.06994999853487,60.374362631314156,one shared preloaded model
conv-47-qa-49,pure_liquid,2.7861126315608424,9.877199998300057,48.06994999853487,60.733262628395764,one shared preloaded model
conv-47-qa-50,pure_liquid,2.7861126315608424,9.546900000714231,48.06994999853487,60.40296263080994,one shared preloaded model
conv-47-qa-51,pure_liquid,2.7861126315608424,10.013899998739362,48.06994999853487,60.86996262883507,one shared preloaded model
conv-47-qa-52,pure_liquid,2.7861126315608424,8.914099998946767,31.211974999678205,42.91218763018581,one shared preloaded model
conv-47-qa-53,pure_liquid,2.7861126315608424,6.496800000604708,31.211974999678205,40.49488763184375,one shared preloaded model
conv-47-qa-54,pure_liquid,2.7861126315608424,6.533599997055717,31.211974999678205,40.53168762829476,one shared preloaded model
conv-47-qa-55,pure_liquid,2.7861126315608424,6.1487999992095865,31.211974999678205,40.14688763044863,one shared preloaded model
conv-47-qa-56,pure_liquid,2.7861126315608424,6.688699999358505,54.08982499830017,63.56463762921952,one shared preloaded model
conv-47-qa-57,pure_liquid,2.7861126315608424,5.842099999426864,54.08982499830017,62.71803762928788,one shared preloaded model
conv-47-qa-58,pure_liquid,2.7861126315608424,6.2173999976948835,54.08982499830017,63.0933376275559,one shared preloaded model
conv-47-qa-59,pure_liquid,2.7861126315608424,6.510699997306801,54.08982499830017,63.386637627167815,one shared preloaded model
conv-47-qa-60,pure_liquid,2.7861126315608424,5.485599998792168,27.001524998922832,35.27323762927584,one shared preloaded model
conv-47-qa-61,pure_liquid,2.7861126315608424,7.25609999790322,27.001524998922832,37.04373762838689,one shared preloaded model
conv-47-qa-62,pure_liquid,2.7861126315608424,10.145100000954699,27.001524998922832,39.93273763143837,one shared preloaded model
conv-47-qa-63,pure_liquid,2.7861126315608424,10.610899997118395,27.001524998922832,40.39853762760207,one shared preloaded model
conv-47-qa-64,pure_liquid,2.7861126315608424,9.433899998839479,45.83722499955911,58.05723762995943,one shared preloaded model
conv-47-qa-65,pure_liquid,2.7861126315608424,10.060099994007032,45.83722499955911,58.683437625126984,one shared preloaded model
conv-47-qa-66,pure_liquid,2.7861126315608424,9.132200000749435,45.83722499955911,57.75553763186939,one shared preloaded model
conv-47-qa-67,pure_liquid,2.7861126315608424,9.103799995500594,45.83722499955911,57.72713762662055,one shared preloaded model
conv-47-qa-68,pure_liquid,2.7861126315608424,9.418699999514502,75.25162499950966,87.456437630585,one shared preloaded model
conv-47-qa-69,pure_liquid,2.7861126315608424,9.854099997028243,75.25162499950966,87.89183762809874,one shared preloaded model
conv-47-qa-70,pure_liquid,2.7861126315608424,9.632099994632881,75.25162499950966,87.66983762570338,one shared preloaded model
conv-47-qa-71,pure_liquid,2.7861126315608424,9.11880000057863,75.25162499950966,87.15653763164913,one shared preloaded model
conv-47-qa-72,pure_liquid,2.7861126315608424,6.269299999985378,51.2212499997986,60.27666263134482,one shared preloaded model
conv-47-qa-73,pure_liquid,2.7861126315608424,10.97509999817703,51.2212499997986,64.98246262953647,one shared preloaded model
conv-47-qa-74,pure_liquid,2.7861126315608424,10.206999999354593,51.2212499997986,64.21436263071404,one shared preloaded model
conv-47-qa-75,pure_liquid,2.7861126315608424,9.807499998714775,51.2212499997986,63.81486263007422,one shared preloaded model
conv-47-qa-76,pure_liquid,2.7861126315608424,5.362700001569465,108.60272500030987,116.75153763344018,one shared preloaded model
conv-47-qa-77,pure_liquid,2.7861126315608424,5.775800003902987,108.60272500030987,117.1646376357737,one shared preloaded model
conv-47-qa-78,pure_liquid,2.7861126315608424,8.179000004020054,108.60272500030987,119.56783763589077,one shared preloaded model
conv-47-qa-79,pure_liquid,2.7861126315608424,9.772500001417939,108.60272500030987,121.16133763328865,one shared preloaded model
conv-47-qa-80,pure_liquid,2.7861126315608424,6.836100001237355,61.83905000034429,71.46126263314248,one shared preloaded model
conv-47-qa-81,pure_liquid,2.7861126315608424,6.424799998058006,61.83905000034429,71.04996262996313,one shared preloaded model
conv-47-qa-82,pure_liquid,2.7861126315608424,6.696799995552283,61.83905000034429,71.32196262745741,one shared preloaded model
conv-47-qa-83,pure_liquid,2.7861126315608424,5.851299996720627,61.83905000034429,70.47646262862575,one shared preloaded model
conv-47-qa-84,pure_liquid,2.7861126315608424,5.783200002042577,51.00387500169745,59.57318763530087,one shared preloaded model
conv-47-qa-85,pure_liquid,2.7861126315608424,5.9991000016452745,51.00387500169745,59.78908763490357,one shared preloaded model
conv-47-qa-86,pure_liquid,2.7861126315608424,6.134100003691856,51.00387500169745,59.92408763695015,one shared preloaded model
conv-47-qa-87,pure_liquid,2.7861126315608424,6.5424000058555976,51.00387500169745,60.33238763911389,one shared preloaded model
conv-47-qa-88,pure_liquid,2.7861126315608424,5.660300004819874,56.30715000006603,64.75356263644674,one shared preloaded model
conv-47-qa-89,pure_liquid,2.7861126315608424,7.0936999982222915,56.30715000006603,66.18696262984916,one shared preloaded model
conv-47-qa-90,pure_liquid,2.7861126315608424,6.475300004240125,56.30715000006603,65.568562635867,one shared preloaded model
conv-47-qa-91,pure_liquid,2.7861126315608424,5.926599995291326,56.30715000006603,65.0198626269182,one shared preloaded model
conv-47-qa-92,pure_liquid,2.7861126315608424,6.251899998460431,55.01962500056834,64.05763763058961,one shared preloaded model
conv-47-qa-93,pure_liquid,2.7861126315608424,9.55919999978505,55.01962500056834,67.36493763191423,one shared preloaded model
conv-47-qa-94,pure_liquid,2.7861126315608424,6.767099999706261,55.01962500056834,64.57283763183544,one shared preloaded model
conv-47-qa-95,pure_liquid,2.7861126315608424,9.83020000421675,55.01962500056834,67.63593763634593,one shared preloaded model
conv-47-qa-96,pure_liquid,2.7861126315608424,6.207799997355323,46.15652499887801,55.150437627794176,one shared preloaded model
conv-47-qa-97,pure_liquid,2.7861126315608424,9.285699998144992,46.15652499887801,58.228337628583844,one shared preloaded model
conv-47-qa-98,pure_liquid,2.7861126315608424,9.92019999830518,46.15652499887801,58.86283762874403,one shared preloaded model
conv-47-qa-99,pure_liquid,2.7861126315608424,9.329000000434462,46.15652499887801,58.271637630873315,one shared preloaded model
conv-47-qa-100,pure_liquid,2.7861126315608424,10.098099999595433,33.86557500016352,46.74978763131979,one shared preloaded model
conv-47-qa-101,pure_liquid,2.7861126315608424,8.92770000064047,33.86557500016352,45.57938763236483,one shared preloaded model
conv-47-qa-102,pure_liquid,2.7861126315608424,5.309599997417536,33.86557500016352,41.96128762914189,one shared preloaded model
conv-47-qa-103,pure_liquid,2.7861126315608424,5.5275000049732625,33.86557500016352,42.17918763669762,one shared preloaded model
conv-47-qa-104,pure_liquid,2.7861126315608424,9.36550000187708,51.784449999104254,63.936062632542175,one shared preloaded model
conv-47-qa-105,pure_liquid,2.7861126315608424,9.697800000139978,51.784449999104254,64.26836263080507,one shared preloaded model
conv-47-qa-106,pure_liquid,2.7861126315608424,9.345899998152163,51.784449999104254,63.91646262881726,one shared preloaded model
conv-47-qa-107,pure_liquid,2.7861126315608424,9.081500000320375,51.784449999104254,63.65206263098547,one shared preloaded model
conv-47-qa-108,pure_liquid,2.7861126315608424,5.849100001796614,73.27517499834357,81.91038763170103,one shared preloaded model
conv-47-qa-109,pure_liquid,2.7861126315608424,6.328800001938362,73.27517499834357,82.39008763184277,one shared preloaded model
conv-47-qa-110,pure_liquid,2.7861126315608424,6.232899999304209,73.27517499834357,82.29418762920862,one shared preloaded model
conv-47-qa-111,pure_liquid,2.7861126315608424,10.235800000373274,73.27517499834357,86.29708763027769,one shared preloaded model
conv-47-qa-112,pure_liquid,2.7861126315608424,6.153300004370976,24.80052499959129,33.739937635523106,one shared preloaded model
conv-47-qa-113,pure_liquid,2.7861126315608424,5.7490000035613775,24.80052499959129,33.33563763471351,one shared preloaded model
conv-47-qa-114,pure_liquid,2.7861126315608424,5.84789999993518,24.80052499959129,33.43453763108731,one shared preloaded model
conv-47-qa-115,pure_liquid,2.7861126315608424,8.297100001072977,24.80052499959129,35.883737632225106,one shared preloaded model
conv-47-qa-116,pure_liquid,2.7861126315608424,6.610800002817996,40.40334999990591,49.80026263428475,one shared preloaded model
conv-47-qa-117,pure_liquid,2.7861126315608424,5.435899998701643,40.40334999990591,48.6253626301684,one shared preloaded model
conv-47-qa-118,pure_liquid,2.7861126315608424,5.049100000178441,40.40334999990591,48.238562631645195,one shared preloaded model
conv-47-qa-119,pure_liquid,2.7861126315608424,6.588799995370209,40.40334999990591,49.77826262683696,one shared preloaded model
conv-47-qa-120,pure_liquid,2.7861126315608424,9.815099998377264,53.75285000081931,66.35406263075741,one shared preloaded model
conv-47-qa-121,pure_liquid,2.7861126315608424,11.953499997616746,53.75285000081931,68.4924626299969,one shared preloaded model
conv-47-qa-122,pure_liquid,2.7861126315608424,10.301599999365862,53.75285000081931,66.84056263174601,one shared preloaded model
conv-47-qa-123,pure_liquid,2.7861126315608424,10.942399996565655,53.75285000081931,67.4813626289458,one shared preloaded model
conv-47-qa-124,pure_liquid,2.7861126315608424,5.631200001516845,68.70472499940661,77.1220376324843,one shared preloaded model
conv-47-qa-125,pure_liquid,2.7861126315608424,5.53599999693688,68.70472499940661,77.02683762790433,one shared preloaded model
conv-47-qa-126,pure_liquid,2.7861126315608424,6.182799996167887,68.70472499940661,77.67363762713534,one shared preloaded model
conv-47-qa-127,pure_liquid,2.7861126315608424,6.272400001762435,68.70472499940661,77.76323763272988,one shared preloaded model
conv-47-qa-128,pure_liquid,2.7861126315608424,5.789599999843631,39.65520000019751,48.23091263160198,one shared preloaded model
conv-47-qa-129,pure_liquid,2.7861126315608424,5.220500002906192,39.65520000019751,47.66181263466454,one shared preloaded model
conv-47-qa-130,pure_liquid,2.7861126315608424,9.739499997522216,39.65520000019751,52.18081262928057,one shared preloaded model
conv-47-qa-131,pure_liquid,2.7861126315608424,10.207699997408781,39.65520000019751,52.64901262916713,one shared preloaded model
conv-47-qa-132,pure_liquid,2.7861126315608424,5.5264000038732775,56.320749999940745,64.63326263537486,one shared preloaded model
conv-47-qa-133,pure_liquid,2.7861126315608424,6.419600002118386,56.320749999940745,65.52646263361997,one shared preloaded model
conv-47-qa-134,pure_liquid,2.7861126315608424,9.877000004053116,56.320749999940745,68.9838626355547,one shared preloaded model
conv-47-qa-135,pure_liquid,2.7861126315608424,9.84969999990426,56.320749999940745,68.95656263140584,one shared preloaded model
conv-47-qa-136,pure_liquid,2.7861126315608424,5.9838999950443394,46.28035000132513,55.05036262793031,one shared preloaded model
conv-47-qa-137,pure_liquid,2.7861126315608424,6.586900002730545,46.28035000132513,55.65336263561652,one shared preloaded model
conv-47-qa-138,pure_liquid,2.7861126315608424,5.761099993833341,46.28035000132513,54.82756262671931,one shared preloaded model
conv-47-qa-139,pure_liquid,2.7861126315608424,5.81860000238521,46.28035000132513,54.88506263527118,one shared preloaded model
conv-47-qa-140,pure_liquid,2.7861126315608424,9.55959999555489,55.1264749992697,67.47218762638543,one shared preloaded model
conv-47-qa-141,pure_liquid,2.7861126315608424,9.826000001339708,55.1264749992697,67.73858763217025,one shared preloaded model
conv-47-qa-142,pure_liquid,2.7861126315608424,5.985799994959962,55.1264749992697,63.898387625790505,one shared preloaded model
conv-47-qa-143,pure_liquid,2.7861126315608424,5.590099994151387,55.1264749992697,63.50268762498193,one shared preloaded model
conv-47-qa-144,pure_liquid,2.7861126315608424,6.108699999458622,54.87205000099493,63.766862632014394,one shared preloaded model
conv-47-qa-145,pure_liquid,2.7861126315608424,9.74349999887636,54.87205000099493,67.40166263143213,one shared preloaded model
conv-47-qa-146,pure_liquid,2.7861126315608424,9.403500000189524,54.87205000099493,67.0616626327453,one shared preloaded model
conv-47-qa-147,pure_liquid,2.7861126315608424,9.25439999991795,54.87205000099493,66.91256263247372,one shared preloaded model
conv-47-qa-148,pure_liquid,2.7861126315608424,6.1879999993834645,57.61615000119491,66.59026263213921,one shared preloaded model
conv-47-qa-149,pure_liquid,2.7861126315608424,6.630599993513897,57.61615000119491,67.03286262626965,one shared preloaded model
conv-47-qa-150,pure_liquid,2.7861126315608424,5.44679999438813,57.61615000119491,65.84906262714388,one shared preloaded model
conv-47-qa-151,pure_liquid,2.7861126315608424,7.248499998240732,57.61615000119491,67.65076263099648,one shared preloaded model
conv-47-qa-152,pure_liquid,2.7861126315608424,5.752299999585375,30.936249999285792,39.47466263043201,one shared preloaded model
conv-47-qa-153,pure_liquid,2.7861126315608424,5.699599998479243,30.936249999285792,39.421962629325876,one shared preloaded model
conv-47-qa-154,pure_liquid,2.7861126315608424,5.52159999642754,30.936249999285792,39.24396262727417,one shared preloaded model
conv-47-qa-155,pure_liquid,2.7861126315608424,10.247599995636847,30.936249999285792,43.96996262648348,one shared preloaded model
conv-47-qa-156,pure_liquid,2.7861126315608424,9.9774000045727,54.13932500050578,66.90283763663932,one shared preloaded model
conv-47-qa-157,pure_liquid,2.7861126315608424,8.736499999940861,54.13932500050578,65.66193763200748,one shared preloaded model
conv-47-qa-158,pure_liquid,2.7861126315608424,9.864799998467788,54.13932500050578,66.7902376305344,one shared preloaded model
conv-47-qa-159,pure_liquid,2.7861126315608424,9.490699994785246,54.13932500050578,66.41613762685186,one shared preloaded model
conv-47-qa-160,pure_liquid,2.7861126315608424,5.751500000769738,41.851825000776444,50.38943763310702,one shared preloaded model
conv-47-qa-161,pure_liquid,2.7861126315608424,5.918900002143346,41.851825000776444,50.55683763448063,one shared preloaded model
conv-47-qa-162,pure_liquid,2.7861126315608424,6.146100000478327,41.851825000776444,50.78403763281561,one shared preloaded model
conv-47-qa-163,pure_liquid,2.7861126315608424,10.663400003977586,41.851825000776444,55.30133763631487,one shared preloaded model
conv-47-qa-164,pure_liquid,2.7861126315608424,9.601400000974536,45.19947500011767,57.58698763265305,one shared preloaded model
conv-47-qa-165,pure_liquid,2.7861126315608424,9.5352999996976,45.19947500011767,57.52088763137611,one shared preloaded model
conv-47-qa-166,pure_liquid,2.7861126315608424,9.499200001300778,45.19947500011767,57.48478763297929,one shared preloaded model
conv-47-qa-167,pure_liquid,2.7861126315608424,9.768199997779448,45.19947500011767,57.75378762945796,one shared preloaded model
conv-47-qa-168,pure_liquid,2.7861126315608424,9.4870999964769,40.06637500060606,52.3395876286438,one shared preloaded model
conv-47-qa-169,pure_liquid,2.7861126315608424,9.019000004627742,40.06637500060606,51.87148763679464,one shared preloaded model
conv-47-qa-170,pure_liquid,2.7861126315608424,9.743700000399258,40.06637500060606,52.596187632566156,one shared preloaded model
conv-47-qa-171,pure_liquid,2.7861126315608424,5.411600002844352,40.06637500060606,48.26408763501125,one shared preloaded model
conv-47-qa-172,pure_liquid,2.7861126315608424,5.760200001532212,46.704824999324046,55.2511376324171,one shared preloaded model
conv-47-qa-173,pure_liquid,2.7861126315608424,5.053600005339831,46.704824999324046,54.54453763622472,one shared preloaded model
conv-47-qa-174,pure_liquid,2.7861126315608424,8.640799998829607,46.704824999324046,58.13173762971449,one shared preloaded model
conv-47-qa-175,pure_liquid,2.7861126315608424,10.605700001178775,46.704824999324046,60.09663763206366,one shared preloaded model
conv-47-qa-176,pure_liquid,2.7861126315608424,9.756100000231527,52.49124999863852,65.03346263043089,one shared preloaded model
conv-47-qa-177,pure_liquid,2.7861126315608424,10.03090000449447,52.49124999863852,65.30826263469383,one shared preloaded model
conv-47-qa-178,pure_liquid,2.7861126315608424,9.638499999709893,52.49124999863852,64.91586262990926,one shared preloaded model
conv-47-qa-179,pure_liquid,2.7861126315608424,5.711199999495875,52.49124999863852,60.98856262969524,one shared preloaded model
conv-47-qa-180,pure_liquid,2.7861126315608424,5.998400003591087,40.64655000001949,49.431062635171415,one shared preloaded model
conv-47-qa-181,pure_liquid,2.7861126315608424,6.2792000026092865,40.64655000001949,49.711862634189615,one shared preloaded model
conv-47-qa-182,pure_liquid,2.7861126315608424,6.518800000776537,40.64655000001949,49.951462632356865,one shared preloaded model
conv-47-qa-183,pure_liquid,2.7861126315608424,7.301300000108313,40.64655000001949,50.73396263168864,one shared preloaded model
conv-47-qa-184,pure_liquid,2.7861126315608424,9.470699995290488,55.881799999042414,68.13861262589374,one shared preloaded model
conv-47-qa-185,pure_liquid,2.7861126315608424,10.15759999427246,55.881799999042414,68.82551262487571,one shared preloaded model
conv-47-qa-186,pure_liquid,2.7861126315608424,6.59280000400031,55.881799999042414,65.26071263460356,one shared preloaded model
conv-47-qa-187,pure_liquid,2.7861126315608424,5.286599996907171,55.881799999042414,63.954512627510425,one shared preloaded model
conv-47-qa-188,pure_liquid,2.7861126315608424,6.016000006638933,99.01779999927385,107.81991263747362,one shared preloaded model
conv-47-qa-189,pure_liquid,2.7861126315608424,7.213600001705345,99.01779999927385,109.01751263254003,one shared preloaded model
conv-48-qa-0,pure_liquid,2.252458158973507,10.196600000199396,48.18422500102315,60.63328316019606,one shared preloaded model
conv-48-qa-1,pure_liquid,2.252458158973507,9.84460000472609,48.18422500102315,60.28128316472275,one shared preloaded model
conv-48-qa-2,pure_liquid,2.252458158973507,9.20590000168886,48.18422500102315,59.64258316168552,one shared preloaded model
conv-48-qa-3,pure_liquid,2.252458158973507,7.939600000099745,48.18422500102315,58.376283160096406,one shared preloaded model
conv-48-qa-4,pure_liquid,2.252458158973507,8.859200002916623,26.353350000135833,37.46500816202597,one shared preloaded model
conv-48-qa-5,pure_liquid,2.252458158973507,5.292699999699835,26.353350000135833,33.89850815880918,one shared preloaded model
conv-48-qa-6,pure_liquid,2.252458158973507,6.823799994890578,26.353350000135833,35.42960815399992,one shared preloaded model
conv-48-qa-7,pure_liquid,2.252458158973507,5.341899995983113,26.353350000135833,33.94770815509246,one shared preloaded model
conv-48-qa-8,pure_liquid,2.252458158973507,9.420000002137385,56.736849999651895,68.40930816076279,one shared preloaded model
conv-48-qa-9,pure_liquid,2.252458158973507,9.623300000384916,56.736849999651895,68.61260815901032,one shared preloaded model
conv-48-qa-10,pure_liquid,2.252458158973507,9.250299997802358,56.736849999651895,68.23960815642776,one shared preloaded model
conv-48-qa-11,pure_liquid,2.252458158973507,9.336900002381299,56.736849999651895,68.3262081610067,one shared preloaded model
conv-48-qa-12,pure_liquid,2.252458158973507,5.858799995621666,51.411250000455766,59.52250815505094,one shared preloaded model
conv-48-qa-13,pure_liquid,2.252458158973507,5.282300000544637,51.411250000455766,58.946008159973914,one shared preloaded model
conv-48-qa-14,pure_liquid,2.252458158973507,5.229700000199955,51.411250000455766,58.89340815962923,one shared preloaded model
conv-48-qa-15,pure_liquid,2.252458158973507,5.716300001950003,51.411250000455766,59.38000816137928,one shared preloaded model
conv-48-qa-16,pure_liquid,2.252458158973507,6.128799999714829,25.461700000960263,33.8429581596486,one shared preloaded model
conv-48-qa-17,pure_liquid,2.252458158973507,7.852300004742574,25.461700000960263,35.56645816467635,one shared preloaded model
conv-48-qa-18,pure_liquid,2.252458158973507,5.743199995777104,25.461700000960263,33.45735815571088,one shared preloaded model
conv-48-qa-19,pure_liquid,2.252458158973507,7.916399998066481,25.461700000960263,35.630558158000255,one shared preloaded model
conv-48-qa-20,pure_liquid,2.252458158973507,9.42110000323737,42.543625000689644,54.217183162900525,one shared preloaded model
conv-48-qa-21,pure_liquid,2.252458158973507,9.598899996490218,42.543625000689644,54.39498315615337,one shared preloaded model
conv-48-qa-22,pure_liquid,2.252458158973507,9.016299998620525,42.543625000689644,53.81238315828368,one shared preloaded model
conv-48-qa-23,pure_liquid,2.252458158973507,8.319299995491747,42.543625000689644,53.1153831551549,one shared preloaded model
conv-48-qa-24,pure_liquid,2.252458158973507,6.4102999967872165,25.18890000101237,33.8516581567731,one shared preloaded model
conv-48-qa-25,pure_liquid,2.252458158973507,5.941499999607913,25.18890000101237,33.382858159593795,one shared preloaded model
conv-48-qa-26,pure_liquid,2.252458158973507,6.352399999741465,25.18890000101237,33.793758159727346,one shared preloaded model
conv-48-qa-27,pure_liquid,2.252458158973507,6.266700002015568,25.18890000101237,33.70805816200145,one shared preloaded model
conv-48-qa-28,pure_liquid,2.252458158973507,9.339999996882398,35.68687500046508,47.27933315632099,one shared preloaded model
conv-48-qa-29,pure_liquid,2.252458158973507,10.201600001892075,35.68687500046508,48.140933161330665,one shared preloaded model
conv-48-qa-30,pure_liquid,2.252458158973507,9.63969999429537,35.68687500046508,47.57903315373396,one shared preloaded model
conv-48-qa-31,pure_liquid,2.252458158973507,9.04409999930067,35.68687500046508,46.98343315873926,one shared preloaded model
conv-48-qa-32,pure_liquid,2.252458158973507,9.388000005856156,20.088450000912417,31.72890816574208,one shared preloaded model
conv-48-qa-33,pure_liquid,2.252458158973507,9.016900003189221,20.088450000912417,31.357808163075145,one shared preloaded model
conv-48-qa-34,pure_liquid,2.252458158973507,9.037899995746557,20.088450000912417,31.37880815563248,one shared preloaded model
conv-48-qa-35,pure_liquid,2.252458158973507,10.12050000281306,20.088450000912417,32.46140816269899,one shared preloaded model
conv-48-qa-36,pure_liquid,2.252458158973507,9.430899997823872,40.95117500037304,52.634533157170424,one shared preloaded model
conv-48-qa-37,pure_liquid,2.252458158973507,5.768800001533236,40.95117500037304,48.97243316087979,one shared preloaded model
conv-48-qa-38,pure_liquid,2.252458158973507,5.247300003247801,40.95117500037304,48.45093316259435,one shared preloaded model
conv-48-qa-39,pure_liquid,2.252458158973507,7.068399994750507,40.95117500037304,50.27203315409706,one shared preloaded model
conv-48-qa-40,pure_liquid,2.252458158973507,9.39749999815831,49.33914999855915,60.98910815569097,one shared preloaded model
conv-48-qa-41,pure_liquid,2.252458158973507,9.67079999827547,49.33914999855915,61.26240815580813,one shared preloaded model
conv-48-qa-42,pure_liquid,2.252458158973507,5.298799995216541,49.33914999855915,56.8904081527492,one shared preloaded model
conv-48-qa-43,pure_liquid,2.252458158973507,6.085700006224215,49.33914999855915,57.67730816375688,one shared preloaded model
conv-48-qa-44,pure_liquid,2.252458158973507,6.391599999915343,28.234699999302393,36.878758158191246,one shared preloaded model
conv-48-qa-45,pure_liquid,2.252458158973507,7.112699997378513,28.234699999302393,37.59985815565442,one shared preloaded model
conv-48-qa-46,pure_liquid,2.252458158973507,10.418099998787511,28.234699999302393,40.905258157063415,one shared preloaded model
conv-48-qa-47,pure_liquid,2.252458158973507,8.926399998017587,28.234699999302393,39.41355815629349,one shared preloaded model
conv-48-qa-48,pure_liquid,2.252458158973507,9.498300001723692,17.453424999985145,29.204183160682344,one shared preloaded model
conv-48-qa-49,pure_liquid,2.252458158973507,9.527899994282052,17.453424999985145,29.233783153240704,one shared preloaded model
conv-48-qa-50,pure_liquid,2.252458158973507,9.73610000073677,17.453424999985145,29.441983159695422,one shared preloaded model
conv-48-qa-51,pure_liquid,2.252458158973507,8.477299998048693,17.453424999985145,28.183183157007345,one shared preloaded model
conv-48-qa-52,pure_liquid,2.252458158973507,6.165399994642939,42.49349999918195,50.9113581527984,one shared preloaded model
conv-48-qa-53,pure_liquid,2.252458158973507,6.189800005813595,42.49349999918195,50.935758163969055,one shared preloaded model
conv-48-qa-54,pure_liquid,2.252458158973507,6.656400000792928,42.49349999918195,51.40235815894839,one shared preloaded model
conv-48-qa-55,pure_liquid,2.252458158973507,6.271400001423899,42.49349999918195,51.01735815957936,one shared preloaded model
conv-48-qa-56,pure_liquid,2.252458158973507,9.546100001898594,26.731800000561634,38.53035816143374,one shared preloaded model
conv-48-qa-57,pure_liquid,2.252458158973507,9.682100004283711,26.731800000561634,38.666358163818856,one shared preloaded model
conv-48-qa-58,pure_liquid,2.252458158973507,5.378800000471529,26.731800000561634,34.36305816000667,one shared preloaded model
conv-48-qa-59,pure_liquid,2.252458158973507,5.272800000966527,26.731800000561634,34.25705816050167,one shared preloaded model
conv-48-qa-60,pure_liquid,2.252458158973507,9.565399996063206,24.725175000639865,36.54303315567658,one shared preloaded model
conv-48-qa-61,pure_liquid,2.252458158973507,6.091800001740921,24.725175000639865,33.0694331613543,one shared preloaded model
conv-48-qa-62,pure_liquid,2.252458158973507,5.5261000015889294,24.725175000639865,32.503733161202305,one shared preloaded model
conv-48-qa-63,pure_liquid,2.252458158973507,5.156500003067777,24.725175000639865,32.13413316268115,one shared preloaded model
conv-48-qa-64,pure_liquid,2.252458158973507,9.417599998414516,37.44054999879154,49.110608156179566,one shared preloaded model
conv-48-qa-65,pure_liquid,2.252458158973507,10.678700004064012,37.44054999879154,50.37170816182906,one shared preloaded model
conv-48-qa-66,pure_liquid,2.252458158973507,9.409399994183332,37.44054999879154,49.10240815194838,one shared preloaded model
conv-48-qa-67,pure_liquid,2.252458158973507,9.518500002741348,37.44054999879154,49.2115081605064,one shared preloaded model
conv-48-qa-68,pure_liquid,2.252458158973507,6.205400000908412,22.357499999998254,30.815358159880173,one shared preloaded model
conv-48-qa-69,pure_liquid,2.252458158973507,6.519599999592174,22.357499999998254,31.129558158563935,one shared preloaded model
conv-48-qa-70,pure_liquid,2.252458158973507,6.291199999395758,22.357499999998254,30.90115815836752,one shared preloaded model
conv-48-qa-71,pure_liquid,2.252458158973507,5.997399995976593,22.357499999998254,30.607358154948354,one shared preloaded model
conv-48-qa-72,pure_liquid,2.252458158973507,9.323899997980334,54.244024999206886,65.82038315616073,one shared preloaded model
conv-48-qa-73,pure_liquid,2.252458158973507,9.367499995278195,54.244024999206886,65.86398315345859,one shared preloaded model
conv-48-qa-74,pure_liquid,2.252458158973507,10.128100002475549,54.244024999206886,66.62458316065594,one shared preloaded model
conv-48-qa-75,pure_liquid,2.252458158973507,9.369899999001063,54.244024999206886,65.86638315718146,one shared preloaded model
conv-48-qa-76,pure_liquid,2.252458158973507,6.066599999030586,28.338624999378226,36.65768315738232,one shared preloaded model
conv-48-qa-77,pure_liquid,2.252458158973507,9.682500000053551,28.338624999378226,40.27358315840529,one shared preloaded model
conv-48-qa-78,pure_liquid,2.252458158973507,9.841999999480322,28.338624999378226,40.43308315783206,one shared preloaded model
conv-48-qa-79,pure_liquid,2.252458158973507,9.248400005162694,28.338624999378226,39.83948316351443,one shared preloaded model
conv-48-qa-80,pure_liquid,2.252458158973507,9.376800000609364,40.15204999996058,51.78130815954346,one shared preloaded model
conv-48-qa-81,pure_liquid,2.252458158973507,7.391999999526888,40.15204999996058,49.79650815846098,one shared preloaded model
conv-48-qa-82,pure_liquid,2.252458158973507,6.5122999949380755,40.15204999996058,48.91680815387217,one shared preloaded model
conv-48-qa-83,pure_liquid,2.252458158973507,10.202099998423364,40.15204999996058,52.606608157357456,one shared preloaded model
conv-48-qa-84,pure_liquid,2.252458158973507,9.555799995723646,21.42045000073267,33.22870815542983,one shared preloaded model
conv-48-qa-85,pure_liquid,2.252458158973507,9.018900003866293,21.42045000073267,32.691808163572475,one shared preloaded model
conv-48-qa-86,pure_liquid,2.252458158973507,9.789800002181437,21.42045000073267,33.46270816188762,one shared preloaded model
conv-48-qa-87,pure_liquid,2.252458158973507,9.454899998672772,21.42045000073267,33.127808158378954,one shared preloaded model
conv-48-qa-88,pure_liquid,2.252458158973507,9.577800003171433,25.197175000357674,37.02743316250262,one shared preloaded model
conv-48-qa-89,pure_liquid,2.252458158973507,9.455299994442612,25.197175000357674,36.9049331537738,one shared preloaded model
conv-48-qa-90,pure_liquid,2.252458158973507,8.817599999019876,25.197175000357674,36.26723315835106,one shared preloaded model
conv-48-qa-91,pure_liquid,2.252458158973507,5.964399999356829,25.197175000357674,33.414033158688014,one shared preloaded model
conv-48-qa-92,pure_liquid,2.252458158973507,9.401700001035351,24.814225000227452,36.468383160236314,one shared preloaded model
conv-48-qa-93,pure_liquid,2.252458158973507,5.496100005984772,24.814225000227452,32.562783165185735,one shared preloaded model
conv-48-qa-94,pure_liquid,2.252458158973507,6.5180000019609,24.814225000227452,33.58468316116186,one shared preloaded model
conv-48-qa-95,pure_liquid,2.252458158973507,5.933500004175585,24.814225000227452,33.00018316337655,one shared preloaded model
conv-48-qa-96,pure_liquid,2.252458158973507,9.506800000963267,50.09450000034121,61.85375816027799,one shared preloaded model
conv-48-qa-97,pure_liquid,2.252458158973507,9.784000001673121,50.09450000034121,62.130958160987845,one shared preloaded model
conv-48-qa-98,pure_liquid,2.252458158973507,9.600199999113102,50.09450000034121,61.947158158427825,one shared preloaded model
conv-48-qa-99,pure_liquid,2.252458158973507,9.834199998294935,50.09450000034121,62.18115815760966,one shared preloaded model
conv-48-qa-100,pure_liquid,2.252458158973507,6.5058000036515296,52.25745000097959,61.01570816360463,one shared preloaded model
conv-48-qa-101,pure_liquid,2.252458158973507,9.998900000937283,52.25745000097959,64.50880816089038,one shared preloaded model
conv-48-qa-102,pure_liquid,2.252458158973507,9.91500000236556,52.25745000097959,64.42490816231866,one shared preloaded model
conv-48-qa-103,pure_liquid,2.252458158973507,9.267100002034567,52.25745000097959,63.777008161987666,one shared preloaded model
conv-48-qa-104,pure_liquid,2.252458158973507,6.380000006174669,54.92629999935161,63.55875816449979,one shared preloaded model
conv-48-qa-105,pure_liquid,2.252458158973507,9.780699998373166,54.92629999935161,66.95945815669829,one shared preloaded model
conv-48-qa-106,pure_liquid,2.252458158973507,10.253299995383713,54.92629999935161,67.43205815370884,one shared preloaded model
conv-48-qa-107,pure_liquid,2.252458158973507,9.870600006252062,54.92629999935161,67.04935816457719,one shared preloaded model
conv-48-qa-108,pure_liquid,2.252458158973507,5.984399998851586,51.48430000008375,59.721158157908846,one shared preloaded model
conv-48-qa-109,pure_liquid,2.252458158973507,6.4864000014495105,51.48430000008375,60.22315816050677,one shared preloaded model
conv-48-qa-110,pure_liquid,2.252458158973507,6.626400005188771,51.48430000008375,60.36315816424603,one shared preloaded model
conv-48-qa-111,pure_liquid,2.252458158973507,12.195000002975576,51.48430000008375,65.93175816203284,one shared preloaded model
conv-48-qa-112,pure_liquid,2.252458158973507,5.747199997131247,42.48852499949862,50.48818315560338,one shared preloaded model
conv-48-qa-113,pure_liquid,2.252458158973507,5.303199999616481,42.48852499949862,50.044183158088615,one shared preloaded model
conv-48-qa-114,pure_liquid,2.252458158973507,5.568000000494067,42.48852499949862,50.3089831589662,one shared preloaded model
conv-48-qa-115,pure_liquid,2.252458158973507,6.724600003508385,42.48852499949862,51.46558316198052,one shared preloaded model
conv-48-qa-116,pure_liquid,2.252458158973507,9.485399998084176,54.75392500011367,66.49178315717135,one shared preloaded model
conv-48-qa-117,pure_liquid,2.252458158973507,10.585700001684017,54.75392500011367,67.5920831607712,one shared preloaded model
conv-48-qa-118,pure_liquid,2.252458158973507,9.55940000130795,54.75392500011367,66.56578316039513,one shared preloaded model
conv-48-qa-119,pure_liquid,2.252458158973507,9.596000003512017,54.75392500011367,66.6023831625992,one shared preloaded model
conv-48-qa-120,pure_liquid,2.252458158973507,6.23279999854276,55.974749999222695,64.46000815673897,one shared preloaded model
conv-48-qa-121,pure_liquid,2.252458158973507,6.295099999988452,55.974749999222695,64.52230815818466,one shared preloaded model
conv-48-qa-122,pure_liquid,2.252458158973507,6.360100000165403,55.974749999222695,64.58730815836161,one shared preloaded model
conv-48-qa-123,pure_liquid,2.252458158973507,6.701400001475122,55.974749999222695,64.92860815967133,one shared preloaded model
conv-48-qa-124,pure_liquid,2.252458158973507,6.078000005800277,59.07152500003576,67.40198316480955,one shared preloaded model
conv-48-qa-125,pure_liquid,2.252458158973507,9.63680000131717,59.07152500003576,70.96078316032644,one shared preloaded model
conv-48-qa-126,pure_liquid,2.252458158973507,9.634900001401547,59.07152500003576,70.95888316041082,one shared preloaded model
conv-48-qa-127,pure_liquid,2.252458158973507,9.742599999299273,59.07152500003576,71.06658315830855,one shared preloaded model
conv-48-qa-128,pure_liquid,2.252458158973507,5.590799999481533,54.86857500000042,62.71183315845546,one shared preloaded model
conv-48-qa-129,pure_liquid,2.252458158973507,6.470500004070345,54.86857500000042,63.591533163044275,one shared preloaded model
conv-48-qa-130,pure_liquid,2.252458158973507,6.360100000165403,54.86857500000042,63.48113315913933,one shared preloaded model
conv-48-qa-131,pure_liquid,2.252458158973507,5.278299999190494,54.86857500000042,62.399333158164424,one shared preloaded model
conv-48-qa-132,pure_liquid,2.252458158973507,5.715700004657265,58.709600001748186,66.67775816537896,one shared preloaded model
conv-48-qa-133,pure_liquid,2.252458158973507,5.293000001984183,58.709600001748186,66.25505816270588,one shared preloaded model
conv-48-qa-134,pure_liquid,2.252458158973507,9.447899996303022,58.709600001748186,70.40995815702472,one shared preloaded model
conv-48-qa-135,pure_liquid,2.252458158973507,9.335199996712618,58.709600001748186,70.29725815743431,one shared preloaded model
conv-48-qa-136,pure_liquid,2.252458158973507,5.4862999968463555,55.9658500005753,63.70460815639517,one shared preloaded model
conv-48-qa-137,pure_liquid,2.252458158973507,5.8019999996759,55.9658500005753,64.02030815922471,one shared preloaded model
conv-48-qa-138,pure_liquid,2.252458158973507,7.746700001007412,55.9658500005753,65.96500816055622,one shared preloaded model
conv-48-qa-139,pure_liquid,2.252458158973507,7.310799999686424,55.9658500005753,65.52910815923524,one shared preloaded model
conv-48-qa-140,pure_liquid,2.252458158973507,6.649599999946076,37.927325000055134,46.82938315897472,one shared preloaded model
conv-48-qa-141,pure_liquid,2.252458158973507,6.274300001678057,37.927325000055134,46.4540831607067,one shared preloaded model
conv-48-qa-142,pure_liquid,2.252458158973507,7.476899998437148,37.927325000055134,47.65668315746579,one shared preloaded model
conv-48-qa-143,pure_liquid,2.252458158973507,6.889200005389284,37.927325000055134,47.06898316441793,one shared preloaded model
conv-48-qa-144,pure_liquid,2.252458158973507,9.655699999711942,45.2533499992569,57.16150815794235,one shared preloaded model
conv-48-qa-145,pure_liquid,2.252458158973507,9.848800000327174,45.2533499992569,57.35460815855758,one shared preloaded model
conv-48-qa-146,pure_liquid,2.252458158973507,10.037500003818423,45.2533499992569,57.54330816204883,one shared preloaded model
conv-48-qa-147,pure_liquid,2.252458158973507,9.83760000235634,45.2533499992569,57.34340816058675,one shared preloaded model
conv-48-qa-148,pure_liquid,2.252458158973507,10.307900003681425,85.31117499842367,97.8715331610786,one shared preloaded model
conv-48-qa-149,pure_liquid,2.252458158973507,9.780699998373166,85.31117499842367,97.34433315577034,one shared preloaded model
conv-48-qa-150,pure_liquid,2.252458158973507,10.273699997924268,85.31117499842367,97.83733315532145,one shared preloaded model
conv-48-qa-151,pure_liquid,2.252458158973507,10.438400000566617,85.31117499842367,98.0020331579638,one shared preloaded model
conv-48-qa-152,pure_liquid,2.252458158973507,6.829999998444691,44.572999999218155,53.65545815663636,one shared preloaded model
conv-48-qa-153,pure_liquid,2.252458158973507,10.43270000081975,44.572999999218155,57.258158159011415,one shared preloaded model
conv-48-qa-154,pure_liquid,2.252458158973507,10.263199998007622,44.572999999218155,57.08865815619929,one shared preloaded model
conv-48-qa-155,pure_liquid,2.252458158973507,8.353699995495845,44.572999999218155,55.17915815368751,one shared preloaded model
conv-48-qa-156,pure_liquid,2.252458158973507,9.911100001772866,52.07542499920237,64.23898315994875,one shared preloaded model
conv-48-qa-157,pure_liquid,2.252458158973507,9.850399997958448,52.07542499920237,64.17828315613433,one shared preloaded model
conv-48-qa-158,pure_liquid,2.252458158973507,8.93730000098003,52.07542499920237,63.26518315915591,one shared preloaded model
conv-48-qa-159,pure_liquid,2.252458158973507,8.623300003819168,52.07542499920237,62.95118316199505,one shared preloaded model
conv-48-qa-160,pure_liquid,2.252458158973507,5.610300002445001,38.13582499969925,45.998583161117764,one shared preloaded model
conv-48-qa-161,pure_liquid,2.252458158973507,7.0030999995651655,38.13582499969925,47.39138315823793,one shared preloaded model
conv-48-qa-162,pure_liquid,2.252458158973507,6.613300000026356,38.13582499969925,47.00158315869912,one shared preloaded model
conv-48-qa-163,pure_liquid,2.252458158973507,6.296100000326987,38.13582499969925,46.68438315899975,one shared preloaded model
conv-48-qa-164,pure_liquid,2.252458158973507,6.326700000499841,36.813400000028196,45.39255815950155,one shared preloaded model
conv-48-qa-165,pure_liquid,2.252458158973507,10.366800001065712,36.813400000028196,49.43265816006742,one shared preloaded model
conv-48-qa-166,pure_liquid,2.252458158973507,5.26230000104988,36.813400000028196,44.328158160051586,one shared preloaded model
conv-48-qa-167,pure_liquid,2.252458158973507,6.463699995947536,36.813400000028196,45.52955815494924,one shared preloaded model
conv-48-qa-168,pure_liquid,2.252458158973507,10.081599997647572,52.65865000001213,64.99270815663321,one shared preloaded model
conv-48-qa-169,pure_liquid,2.252458158973507,8.877599997504149,52.65865000001213,63.78870815648979,one shared preloaded model
conv-48-qa-170,pure_liquid,2.252458158973507,9.50159999774769,52.65865000001213,64.41270815673333,one shared preloaded model
conv-48-qa-171,pure_liquid,2.252458158973507,10.7136000005994,52.65865000001213,65.62470815958504,one shared preloaded model
conv-48-qa-172,pure_liquid,2.252458158973507,6.078099999285769,231.27512500104785,239.60568315930712,one shared preloaded model
conv-48-qa-173,pure_liquid,2.252458158973507,5.4066000011516735,231.27512500104785,238.93418316117302,one shared preloaded model
conv-48-qa-174,pure_liquid,2.252458158973507,7.198699997388758,231.27512500104785,240.7262831574101,one shared preloaded model
conv-48-qa-175,pure_liquid,2.252458158973507,6.466400001954753,231.27512500104785,239.9939831619761,one shared preloaded model
conv-48-qa-176,pure_liquid,2.252458158973507,6.537299996125512,53.126849999898695,61.91660815499772,one shared preloaded model
conv-48-qa-177,pure_liquid,2.252458158973507,6.616699996811803,53.126849999898695,61.99600815568401,one shared preloaded model
conv-48-qa-178,pure_liquid,2.252458158973507,5.950500002654735,53.126849999898695,61.32980816152694,one shared preloaded model
conv-48-qa-179,pure_liquid,2.252458158973507,10.105000001203734,53.126849999898695,65.48430816007594,one shared preloaded model
conv-48-qa-180,pure_liquid,2.252458158973507,5.69050000194693,38.284924999970826,46.22788316089127,one shared preloaded model
conv-48-qa-181,pure_liquid,2.252458158973507,9.837900004640687,38.284924999970826,50.375283163585024,one shared preloaded model
conv-48-qa-182,pure_liquid,2.252458158973507,9.672300002421252,38.284924999970826,50.20968316136559,one shared preloaded model
conv-48-qa-183,pure_liquid,2.252458158973507,9.004200001072604,38.284924999970826,49.54158316001694,one shared preloaded model
conv-48-qa-184,pure_liquid,2.252458158973507,9.753999998793006,28.49564999996801,40.502108157734526,one shared preloaded model
conv-48-qa-185,pure_liquid,2.252458158973507,5.648600003041793,28.49564999996801,36.39670816198331,one shared preloaded model
conv-48-qa-186,pure_liquid,2.252458158973507,5.543500003113877,28.49564999996801,36.2916081620554,one shared preloaded model
conv-48-qa-187,pure_liquid,2.252458158973507,7.180999993579462,28.49564999996801,37.92910815252098,one shared preloaded model
conv-48-qa-188,pure_liquid,2.252458158973507,9.813700002268888,36.64360000038869,48.709758161631086,one shared preloaded model
conv-48-qa-189,pure_liquid,2.252458158973507,9.861499995167833,36.64360000038869,48.75755815453003,one shared preloaded model
conv-48-qa-190,pure_liquid,2.252458158973507,9.894399998302106,36.64360000038869,48.790458157664304,one shared preloaded model
conv-48-qa-191,pure_liquid,2.252458158973507,9.065499994903803,36.64360000038869,47.961558154266,one shared preloaded model
conv-48-qa-192,pure_liquid,2.252458158973507,9.430999998585321,25.75832500042452,37.44178315798335,one shared preloaded model
conv-48-qa-193,pure_liquid,2.252458158973507,9.450999998080079,25.75832500042452,37.46178315747811,one shared preloaded model
conv-48-qa-194,pure_liquid,2.252458158973507,9.471599994867574,25.75832500042452,37.482383154265605,one shared preloaded model
conv-48-qa-195,pure_liquid,2.252458158973507,6.851200007076841,25.75832500042452,34.86198316647487,one shared preloaded model
conv-48-qa-196,pure_liquid,2.252458158973507,9.591200003342237,57.203125001251465,69.04678316356721,one shared preloaded model
conv-48-qa-197,pure_liquid,2.252458158973507,9.766199997102376,57.203125001251465,69.22178315732735,one shared preloaded model
conv-48-qa-198,pure_liquid,2.252458158973507,9.911200002534315,57.203125001251465,69.36678316275929,one shared preloaded model
conv-48-qa-199,pure_liquid,2.252458158973507,9.718300003441982,57.203125001251465,69.17388316366696,one shared preloaded model
conv-48-qa-200,pure_liquid,2.252458158973507,5.909499996050727,44.053550000171526,52.215508155195764,one shared preloaded model
conv-48-qa-201,pure_liquid,2.252458158973507,7.012100002611987,44.053550000171526,53.318108161757024,one shared preloaded model
conv-48-qa-202,pure_liquid,2.252458158973507,11.045200000808109,44.053550000171526,57.351208159953146,one shared preloaded model
conv-48-qa-203,pure_liquid,2.252458158973507,11.157499997352716,44.053550000171526,57.46350815649775,one shared preloaded model
conv-48-qa-204,pure_liquid,2.252458158973507,6.776899994292762,33.723274998919806,42.75263315218608,one shared preloaded model
conv-48-qa-205,pure_liquid,2.252458158973507,10.482300000148825,33.723274998919806,46.45803315804214,one shared preloaded model
conv-48-qa-206,pure_liquid,2.252458158973507,9.248200003639795,33.723274998919806,45.22393316153311,one shared preloaded model
conv-48-qa-207,pure_liquid,2.252458158973507,9.769799995410722,33.723274998919806,45.74553315330404,one shared preloaded model
conv-48-qa-208,pure_liquid,2.252458158973507,5.736200000683311,57.07567500030564,65.06433315996246,one shared preloaded model
conv-48-qa-209,pure_liquid,2.252458158973507,5.47039999946719,57.07567500030564,64.79853315874634,one shared preloaded model
conv-48-qa-210,pure_liquid,2.252458158973507,5.986800002574455,57.07567500030564,65.3149331618536,one shared preloaded model
conv-48-qa-211,pure_liquid,2.252458158973507,5.459699998027645,57.07567500030564,64.78783315730679,one shared preloaded model
conv-48-qa-212,pure_liquid,2.252458158973507,5.877800002053846,75.73717500054045,83.8674331615678,one shared preloaded model
conv-48-qa-213,pure_liquid,2.252458158973507,6.419600002118386,75.73717500054045,84.40923316163234,one shared preloaded model
conv-48-qa-214,pure_liquid,2.252458158973507,6.185800004459452,75.73717500054045,84.17543316397341,one shared preloaded model
conv-48-qa-215,pure_liquid,2.252458158973507,9.549499998684041,75.73717500054045,87.539133158198,one shared preloaded model
conv-48-qa-216,pure_liquid,2.252458158973507,6.539900001371279,77.6697499986767,86.4621081590215,one shared preloaded model
conv-48-qa-217,pure_liquid,2.252458158973507,8.767300001636613,77.6697499986767,88.68950815928683,one shared preloaded model
conv-48-qa-218,pure_liquid,2.252458158973507,9.594100003596395,77.6697499986767,89.51630816124661,one shared preloaded model
conv-48-qa-219,pure_liquid,2.252458158973507,9.874399998807348,77.6697499986767,89.79660815645757,one shared preloaded model
conv-48-qa-220,pure_liquid,2.252458158973507,6.432399997720495,43.238975000349456,51.92383315704346,one shared preloaded model
conv-48-qa-221,pure_liquid,2.252458158973507,10.02350000635488,43.238975000349456,55.514933165677846,one shared preloaded model
conv-48-qa-222,pure_liquid,2.252458158973507,9.361500000522938,43.238975000349456,54.852933159845904,one shared preloaded model
conv-48-qa-223,pure_liquid,2.252458158973507,9.423199997399934,43.238975000349456,54.9146331567229,one shared preloaded model
conv-48-qa-224,pure_liquid,2.252458158973507,10.000700000091456,39.430549999451614,51.68370815851658,one shared preloaded model
conv-48-qa-225,pure_liquid,2.252458158973507,9.84980000066571,39.430549999451614,51.532808159090834,one shared preloaded model
conv-48-qa-226,pure_liquid,2.252458158973507,9.733099999721162,39.430549999451614,51.41610815814629,one shared preloaded model
conv-48-qa-227,pure_liquid,2.252458158973507,9.987700002966449,39.430549999451614,51.67070816139157,one shared preloaded model
conv-48-qa-228,pure_liquid,2.252458158973507,9.86370000464376,47.35682499995164,59.47298316356891,one shared preloaded model
conv-48-qa-229,pure_liquid,2.252458158973507,10.193699999945238,47.35682499995164,59.80298315887039,one shared preloaded model
conv-48-qa-230,pure_liquid,2.252458158973507,10.60460000007879,47.35682499995164,60.21388315900394,one shared preloaded model
conv-48-qa-231,pure_liquid,2.252458158973507,5.861199999344535,47.35682499995164,55.47048315826969,one shared preloaded model
conv-48-qa-232,pure_liquid,2.252458158973507,10.083799999847542,37.732374999905005,50.06863315872606,one shared preloaded model
conv-48-qa-233,pure_liquid,2.252458158973507,6.916099999216385,37.732374999905005,46.9009331580949,one shared preloaded model
conv-48-qa-234,pure_liquid,2.252458158973507,5.1482000053511,37.732374999905005,45.133033164229616,one shared preloaded model
conv-48-qa-235,pure_liquid,2.252458158973507,5.9236000015516765,37.732374999905005,45.90843316043019,one shared preloaded model
conv-48-qa-236,pure_liquid,2.252458158973507,9.333599999081343,62.667966667504515,74.25402482555937,one shared preloaded model
conv-48-qa-237,pure_liquid,2.252458158973507,8.565399999497458,62.667966667504515,73.48582482597548,one shared preloaded model
conv-48-qa-238,pure_liquid,2.252458158973507,6.467100000008941,62.667966667504515,71.38752482648697,one shared preloaded model
conv-49-qa-0,pure_liquid,1.7554280612061195,9.453999999095686,22.089825000875862,33.299253061177666,one shared preloaded model
conv-49-qa-1,pure_liquid,1.7554280612061195,9.116000001085922,22.089825000875862,32.9612530631679,one shared preloaded model
conv-49-qa-2,pure_liquid,1.7554280612061195,9.47979999909876,22.089825000875862,33.32505306118074,one shared preloaded model
conv-49-qa-3,pure_liquid,1.7554280612061195,9.161399997537956,22.089825000875862,33.006653059619936,one shared preloaded model
conv-49-qa-4,pure_liquid,1.7554280612061195,9.419800000614487,39.580549999300274,50.75577806112088,one shared preloaded model
conv-49-qa-5,pure_liquid,1.7554280612061195,9.631400003854651,39.580549999300274,50.96737806436104,one shared preloaded model
conv-49-qa-6,pure_liquid,1.7554280612061195,9.4119999994291,39.580549999300274,50.74797805993549,one shared preloaded model
conv-49-qa-7,pure_liquid,1.7554280612061195,9.657399998104665,39.580549999300274,50.99337805861106,one shared preloaded model
conv-49-qa-8,pure_liquid,1.7554280612061195,9.662000004027504,62.795575000563986,74.21300306579761,one shared preloaded model
conv-49-qa-9,pure_liquid,1.7554280612061195,10.059500003990252,62.795575000563986,74.61050306576035,one shared preloaded model
conv-49-qa-10,pure_liquid,1.7554280612061195,9.996599997975864,62.795575000563986,74.54760305974597,one shared preloaded model
conv-49-qa-11,pure_liquid,1.7554280612061195,9.233500000846107,62.795575000563986,73.78450306261621,one shared preloaded model
conv-49-qa-12,pure_liquid,1.7554280612061195,6.0617000053753145,39.06257500057109,46.87970306715252,one shared preloaded model
conv-49-qa-13,pure_liquid,1.7554280612061195,5.943600001046434,39.06257500057109,46.76160306282364,one shared preloaded model
conv-49-qa-14,pure_liquid,1.7554280612061195,6.347900001856033,39.06257500057109,47.16590306363324,one shared preloaded model
conv-49-qa-15,pure_liquid,1.7554280612061195,6.092900002840906,39.06257500057109,46.91090306461811,one shared preloaded model
conv-49-qa-16,pure_liquid,1.7554280612061195,9.523799999442417,53.4081249988958,64.68735305954434,one shared preloaded model
conv-49-qa-17,pure_liquid,1.7554280612061195,9.423199997399934,53.4081249988958,64.58675305750185,one shared preloaded model
conv-49-qa-18,pure_liquid,1.7554280612061195,9.831399998802226,53.4081249988958,64.99495305890414,one shared preloaded model
conv-49-qa-19,pure_liquid,1.7554280612061195,9.177400002954528,53.4081249988958,64.34095306305645,one shared preloaded model
conv-49-qa-20,pure_liquid,1.7554280612061195,6.236500004888512,51.160700000764336,59.152628066858966,one shared preloaded model
conv-49-qa-21,pure_liquid,1.7554280612061195,5.924700002651662,51.160700000764336,58.840828064622116,one shared preloaded model
conv-49-qa-22,pure_liquid,1.7554280612061195,9.110500002861954,51.160700000764336,62.02662806483241,one shared preloaded model
conv-49-qa-23,pure_liquid,1.7554280612061195,9.588400003849529,51.160700000764336,62.50452806581998,one shared preloaded model
conv-49-qa-24,pure_liquid,1.7554280612061195,6.4351999972132035,51.04369999935443,59.23432805777375,one shared preloaded model
conv-49-qa-25,pure_liquid,1.7554280612061195,10.180599994782824,51.04369999935443,62.97972805534337,one shared preloaded model
conv-49-qa-26,pure_liquid,1.7554280612061195,9.513999997579958,51.04369999935443,62.31312805814051,one shared preloaded model
conv-49-qa-27,pure_liquid,1.7554280612061195,9.759300002770033,51.04369999935443,62.55842806333058,one shared preloaded model
conv-49-qa-28,pure_liquid,1.7554280612061195,6.129399997007567,56.14027500087104,64.02510305908473,one shared preloaded model
conv-49-qa-29,pure_liquid,1.7554280612061195,8.091999996395316,56.14027500087104,65.98770305847248,one shared preloaded model
conv-49-qa-30,pure_liquid,1.7554280612061195,5.20969999342924,56.14027500087104,63.1054030555064,one shared preloaded model
conv-49-qa-31,pure_liquid,1.7554280612061195,6.069200004276354,56.14027500087104,63.964903066353514,one shared preloaded model
conv-49-qa-32,pure_liquid,1.7554280612061195,5.655800006934442,48.89862499840092,56.30985306654148,one shared preloaded model
conv-49-qa-33,pure_liquid,1.7554280612061195,6.539299996802583,48.89862499840092,57.19335305640962,one shared preloaded model
conv-49-qa-34,pure_liquid,1.7554280612061195,6.288399999903049,48.89862499840092,56.942453059510086,one shared preloaded model
conv-49-qa-35,pure_liquid,1.7554280612061195,9.347499995783437,48.89862499840092,60.001553055390474,one shared preloaded model
conv-49-qa-36,pure_liquid,1.7554280612061195,5.469600000651553,47.5787749983283,54.80380306018597,one shared preloaded model
conv-49-qa-37,pure_liquid,1.7554280612061195,6.838900000730064,47.5787749983283,56.17310306026448,one shared preloaded model
conv-49-qa-38,pure_liquid,1.7554280612061195,6.628900002397131,47.5787749983283,55.96310306193155,one shared preloaded model
conv-49-qa-39,pure_liquid,1.7554280612061195,6.365200002619531,47.5787749983283,55.69940306215395,one shared preloaded model
conv-49-qa-40,pure_liquid,1.7554280612061195,9.39970000035828,51.05927499971585,62.21440306128025,one shared preloaded model
conv-49-qa-41,pure_liquid,1.7554280612061195,8.617799998319242,51.05927499971585,61.43250305924121,one shared preloaded model
conv-49-qa-42,pure_liquid,1.7554280612061195,6.30049999745097,51.05927499971585,59.11520305837294,one shared preloaded model
conv-49-qa-43,pure_liquid,1.7554280612061195,6.338499995763414,51.05927499971585,59.153203056685385,one shared preloaded model
conv-49-qa-44,pure_liquid,1.7554280612061195,5.652899999404326,34.93099999832339,42.33932805893383,one shared preloaded model
conv-49-qa-45,pure_liquid,1.7554280612061195,5.3989000007277355,34.93099999832339,42.08532806025724,one shared preloaded model
conv-49-qa-46,pure_liquid,1.7554280612061195,6.594800004677381,34.93099999832339,43.281228064206886,one shared preloaded model
conv-49-qa-47,pure_liquid,1.7554280612061195,9.042400000907946,34.93099999832339,45.72882806043745,one shared preloaded model
conv-49-qa-48,pure_liquid,1.7554280612061195,9.371599997393787,51.787600001262035,62.91462805986194,one shared preloaded model
conv-49-qa-49,pure_liquid,1.7554280612061195,9.80849999905331,51.787600001262035,63.35152806152146,one shared preloaded model
conv-49-qa-50,pure_liquid,1.7554280612061195,9.30309999966994,51.787600001262035,62.84612806213809,one shared preloaded model
conv-49-qa-51,pure_liquid,1.7554280612061195,10.036300001956988,51.787600001262035,63.57932806442514,one shared preloaded model
conv-49-qa-52,pure_liquid,1.7554280612061195,6.1271000013221055,53.06149999887566,60.944028061403884,one shared preloaded model
conv-49-qa-53,pure_liquid,1.7554280612061195,5.902999997488223,53.06149999887566,60.71992805757,one shared preloaded model
conv-49-qa-54,pure_liquid,1.7554280612061195,8.199700001569,53.06149999887566,63.01662806165078,one shared preloaded model
conv-49-qa-55,pure_liquid,1.7554280612061195,10.437700002512429,53.06149999887566,65.25462806259421,one shared preloaded model
conv-49-qa-56,pure_liquid,1.7554280612061195,5.621900003461633,38.85332499885408,46.23065306352183,one shared preloaded model
conv-49-qa-57,pure_liquid,1.7554280612061195,5.810900001961272,38.85332499885408,46.41965306202147,one shared preloaded model
conv-49-qa-58,pure_liquid,1.7554280612061195,6.467799998063128,38.85332499885408,47.076553058123324,one shared preloaded model
conv-49-qa-59,pure_liquid,1.7554280612061195,6.240399998205248,38.85332499885408,46.84915305826544,one shared preloaded model
conv-49-qa-60,pure_liquid,1.7554280612061195,5.487299997184891,47.932550000041374,55.17527805843238,one shared preloaded model
conv-49-qa-61,pure_liquid,1.7554280612061195,5.250999995041639,47.932550000041374,54.93897805628913,one shared preloaded model
conv-49-qa-62,pure_liquid,1.7554280612061195,5.084999997052364,47.932550000041374,54.772978058299856,one shared preloaded model
conv-49-qa-63,pure_liquid,1.7554280612061195,9.725299998535775,47.932550000041374,59.413278059783266,one shared preloaded model
conv-49-qa-64,pure_liquid,1.7554280612061195,9.09490000049118,35.94184999928984,46.79217806098714,one shared preloaded model
conv-49-qa-65,pure_liquid,1.7554280612061195,5.406500000390224,35.94184999928984,43.103778060886185,one shared preloaded model
conv-49-qa-66,pure_liquid,1.7554280612061195,5.685399999492802,35.94184999928984,43.38267805998876,one shared preloaded model
conv-49-qa-67,pure_liquid,1.7554280612061195,6.402500002877787,35.94184999928984,44.09977806337375,one shared preloaded model
conv-49-qa-68,pure_liquid,1.7554280612061195,9.563899999193382,43.52800000015122,54.84732806055072,one shared preloaded model
conv-49-qa-69,pure_liquid,1.7554280612061195,10.526199999731034,43.52800000015122,55.809628061088375,one shared preloaded model
conv-49-qa-70,pure_liquid,1.7554280612061195,9.38250000035623,43.52800000015122,54.66592806171357,one shared preloaded model
conv-49-qa-71,pure_liquid,1.7554280612061195,9.303999999247026,43.52800000015122,54.58742806060437,one shared preloaded model
conv-49-qa-72,pure_liquid,1.7554280612061195,9.432400001969654,24.8117999999522,35.99962806312797,one shared preloaded model
conv-49-qa-73,pure_liquid,1.7554280612061195,9.515599995211232,24.8117999999522,36.08282805636955,one shared preloaded model
conv-49-qa-74,pure_liquid,1.7554280612061195,9.67790000140667,24.8117999999522,36.24512806256499,one shared preloaded model
conv-49-qa-75,pure_liquid,1.7554280612061195,9.294900002714712,24.8117999999522,35.86212806387303,one shared preloaded model
conv-49-qa-76,pure_liquid,1.7554280612061195,9.32450000254903,53.553050000118674,64.63297806387382,one shared preloaded model
conv-49-qa-77,pure_liquid,1.7554280612061195,8.965399996668566,53.553050000118674,64.27387805799336,one shared preloaded model
conv-49-qa-78,pure_liquid,1.7554280612061195,9.553300005791243,53.553050000118674,64.86177806711603,one shared preloaded model
conv-49-qa-79,pure_liquid,1.7554280612061195,9.582999999111053,53.553050000118674,64.89147806043584,one shared preloaded model
conv-49-qa-80,pure_liquid,1.7554280612061195,6.140299999970011,30.93102499951783,38.82675306069396,one shared preloaded model
conv-49-qa-81,pure_liquid,1.7554280612061195,7.395400003588293,30.93102499951783,40.08185306431224,one shared preloaded model
conv-49-qa-82,pure_liquid,1.7554280612061195,6.529199999931734,30.93102499951783,39.21565306065568,one shared preloaded model
conv-49-qa-83,pure_liquid,1.7554280612061195,9.737699998368043,30.93102499951783,42.42415305909199,one shared preloaded model
conv-49-qa-84,pure_liquid,1.7554280612061195,9.340600001451094,50.277999998797895,61.37402806145511,one shared preloaded model
conv-49-qa-85,pure_liquid,1.7554280612061195,10.129399997822475,50.277999998797895,62.16282805782649,one shared preloaded model
conv-49-qa-86,pure_liquid,1.7554280612061195,9.604500002751593,50.277999998797895,61.637928062755606,one shared preloaded model
conv-49-qa-87,pure_liquid,1.7554280612061195,9.764399997948203,50.277999998797895,61.797828057952216,one shared preloaded model
conv-49-qa-88,pure_liquid,1.7554280612061195,6.412800001271535,27.78717500041239,35.95540306289004,one shared preloaded model
conv-49-qa-89,pure_liquid,1.7554280612061195,10.08680000086315,27.78717500041239,39.62940306248166,one shared preloaded model
conv-49-qa-90,pure_liquid,1.7554280612061195,10.155900003155693,27.78717500041239,39.6985030647742,one shared preloaded model
conv-49-qa-91,pure_liquid,1.7554280612061195,9.29080000059912,27.78717500041239,38.83340306221763,one shared preloaded model
conv-49-qa-92,pure_liquid,1.7554280612061195,9.665300000051502,58.299524998801644,69.72025306005926,one shared preloaded model
conv-49-qa-93,pure_liquid,1.7554280612061195,9.486399998422712,58.299524998801644,69.54135305843047,one shared preloaded model
conv-49-qa-94,pure_liquid,1.7554280612061195,9.654900000896305,58.299524998801644,69.70985306090407,one shared preloaded model
conv-49-qa-95,pure_liquid,1.7554280612061195,9.397400004672818,58.299524998801644,69.45235306468058,one shared preloaded model
conv-49-qa-96,pure_liquid,1.7554280612061195,5.822500002977904,41.61635000127717,49.19427806546119,one shared preloaded model
conv-49-qa-97,pure_liquid,1.7554280612061195,6.183299999975134,41.61635000127717,49.55507806245842,one shared preloaded model
conv-49-qa-98,pure_liquid,1.7554280612061195,6.555300002219155,41.61635000127717,49.92707806470244,one shared preloaded model
conv-49-qa-99,pure_liquid,1.7554280612061195,9.789200004888698,41.61635000127717,53.160978067371985,one shared preloaded model
conv-49-qa-100,pure_liquid,1.7554280612061195,9.88869999855524,35.080974999800674,46.72510305956203,one shared preloaded model
conv-49-qa-101,pure_liquid,1.7554280612061195,9.929200001352001,35.080974999800674,46.76560306235879,one shared preloaded model
conv-49-qa-102,pure_liquid,1.7554280612061195,9.74520000454504,35.080974999800674,46.58160306555183,one shared preloaded model
conv-49-qa-103,pure_liquid,1.7554280612061195,9.606800005713012,35.080974999800674,46.4432030667198,one shared preloaded model
conv-49-qa-104,pure_liquid,1.7554280612061195,10.187200001382735,37.25214999940363,49.19477806199248,one shared preloaded model
conv-49-qa-105,pure_liquid,1.7554280612061195,8.923699999286328,37.25214999940363,47.93127805989607,one shared preloaded model
conv-49-qa-106,pure_liquid,1.7554280612061195,6.636999998590909,37.25214999940363,45.644578059200654,one shared preloaded model
conv-49-qa-107,pure_liquid,1.7554280612061195,6.122300001152325,37.25214999940363,45.12987806176207,one shared preloaded model
conv-49-qa-108,pure_liquid,1.7554280612061195,9.304100000008475,29.200725000919192,40.260253062133785,one shared preloaded model
conv-49-qa-109,pure_liquid,1.7554280612061195,9.946199999831151,29.200725000919192,40.90235306195646,one shared preloaded model
conv-49-qa-110,pure_liquid,1.7554280612061195,9.85180000134278,29.200725000919192,40.80795306346809,one shared preloaded model
conv-49-qa-111,pure_liquid,1.7554280612061195,10.205299993685912,29.200725000919192,41.16145305581122,one shared preloaded model
conv-49-qa-112,pure_liquid,1.7554280612061195,9.519200000795536,45.74924999906216,57.02387806106381,one shared preloaded model
conv-49-qa-113,pure_liquid,1.7554280612061195,9.659800001827534,45.74924999906216,57.16447806209581,one shared preloaded model
conv-49-qa-114,pure_liquid,1.7554280612061195,9.522599997580983,45.74924999906216,57.02727805784926,one shared preloaded model
conv-49-qa-115,pure_liquid,1.7554280612061195,9.785599999304395,45.74924999906216,57.29027805957267,one shared preloaded model
conv-49-qa-116,pure_liquid,1.7554280612061195,9.510099996987265,50.534299998616916,61.7998280568103,one shared preloaded model
conv-49-qa-117,pure_liquid,1.7554280612061195,10.085499998240266,50.534299998616916,62.3752280580633,one shared preloaded model
conv-49-qa-118,pure_liquid,1.7554280612061195,9.47190000442788,50.534299998616916,61.761628064250914,one shared preloaded model
conv-49-qa-119,pure_liquid,1.7554280612061195,9.437100001377985,50.534299998616916,61.72682806120102,one shared preloaded model
conv-49-qa-120,pure_liquid,1.7554280612061195,5.533099996682722,67.58635000005597,74.87487805794481,one shared preloaded model
conv-49-qa-121,pure_liquid,1.7554280612061195,5.437499996332917,67.58635000005597,74.77927805759501,one shared preloaded model
conv-49-qa-122,pure_liquid,1.7554280612061195,6.612999997742008,67.58635000005597,75.9547780590041,one shared preloaded model
conv-49-qa-123,pure_liquid,1.7554280612061195,6.573400001798291,67.58635000005597,75.91517806306038,one shared preloaded model
conv-49-qa-124,pure_liquid,1.7554280612061195,5.908700004511047,69.41587499932211,77.08000306503928,one shared preloaded model
conv-49-qa-125,pure_liquid,1.7554280612061195,5.310299995471723,69.41587499932211,76.48160305599995,one shared preloaded model
conv-49-qa-126,pure_liquid,1.7554280612061195,6.537399996886961,69.41587499932211,77.70870305741519,one shared preloaded model
conv-49-qa-127,pure_liquid,1.7554280612061195,5.450099997688085,69.41587499932211,76.62140305821632,one shared preloaded model
conv-49-qa-128,pure_liquid,1.7554280612061195,5.829800000356045,54.2389500005811,61.82417806214326,one shared preloaded model
conv-49-qa-129,pure_liquid,1.7554280612061195,5.951400002231821,54.2389500005811,61.94577806401904,one shared preloaded model
conv-49-qa-130,pure_liquid,1.7554280612061195,7.198999999673106,54.2389500005811,63.19337806146032,one shared preloaded model
conv-49-qa-131,pure_liquid,1.7554280612061195,9.457499996642582,54.2389500005811,65.4518780584298,one shared preloaded model
conv-49-qa-132,pure_liquid,1.7554280612061195,5.576199997449294,43.99499999999534,51.326628058650755,one shared preloaded model
conv-49-qa-133,pure_liquid,1.7554280612061195,6.062500004190952,43.99499999999534,51.81292806539241,one shared preloaded model
conv-49-qa-134,pure_liquid,1.7554280612061195,6.155499999294989,43.99499999999534,51.90592806049645,one shared preloaded model
conv-49-qa-135,pure_liquid,1.7554280612061195,6.100400001741946,43.99499999999534,51.85082806294341,one shared preloaded model
conv-49-qa-136,pure_liquid,1.7554280612061195,10.076899998239242,50.7590249999339,62.59135305937926,one shared preloaded model
conv-49-qa-137,pure_liquid,1.7554280612061195,10.151200003747363,50.7590249999339,62.66565306488738,one shared preloaded model
conv-49-qa-138,pure_liquid,1.7554280612061195,9.281600003305357,50.7590249999339,61.796053064445374,one shared preloaded model
conv-49-qa-139,pure_liquid,1.7554280612061195,9.378200003993697,50.7590249999339,61.892653065133715,one shared preloaded model
conv-49-qa-140,pure_liquid,1.7554280612061195,5.887200000870507,67.99034999858122,75.63297806065785,one shared preloaded model
conv-49-qa-141,pure_liquid,1.7554280612061195,6.238399997528177,67.99034999858122,75.98417805731552,one shared preloaded model
conv-49-qa-142,pure_liquid,1.7554280612061195,6.543900002725422,67.99034999858122,76.28967806251276,one shared preloaded model
conv-49-qa-143,pure_liquid,1.7554280612061195,9.295299998484552,67.99034999858122,79.04107805827189,one shared preloaded model
conv-49-qa-144,pure_liquid,1.7554280612061195,6.7013000007136725,36.06857500017213,44.52530306209192,one shared preloaded model
conv-49-qa-145,pure_liquid,1.7554280612061195,7.274499999766704,36.06857500017213,45.09850306114495,one shared preloaded model
conv-49-qa-146,pure_liquid,1.7554280612061195,6.189200001244899,36.06857500017213,44.01320306262315,one shared preloaded model
conv-49-qa-147,pure_liquid,1.7554280612061195,6.092700001318008,36.06857500017213,43.91670306269626,one shared preloaded model
conv-49-qa-148,pure_liquid,1.7554280612061195,9.451799996895716,51.032274999670335,62.23950305777217,one shared preloaded model
conv-49-qa-149,pure_liquid,1.7554280612061195,7.180199994763825,51.032274999670335,59.96790305564028,one shared preloaded model
conv-49-qa-150,pure_liquid,1.7554280612061195,6.610000004002359,51.032274999670335,59.39770306487881,one shared preloaded model
conv-49-qa-151,pure_liquid,1.7554280612061195,9.86640000337502,51.032274999670335,62.65410306425147,one shared preloaded model
conv-49-qa-152,pure_liquid,1.7554280612061195,5.774500001280103,53.410374999657506,60.94030306214373,one shared preloaded model
conv-49-qa-153,pure_liquid,1.7554280612061195,5.9409999958006665,53.410374999657506,61.10680305666429,one shared preloaded model
conv-49-qa-154,pure_liquid,1.7554280612061195,6.296299994573928,53.410374999657506,61.46210305543755,one shared preloaded model
conv-49-qa-155,pure_liquid,1.7554280612061195,5.52859999879729,53.410374999657506,60.694403059660914,one shared preloaded model
conv-49-qa-156,pure_liquid,1.7554280612061195,5.996799998683855,50.71409999982279,58.466328059712765,one shared preloaded model
conv-49-qa-157,pure_liquid,1.7554280612061195,6.1078999933670275,50.71409999982279,58.57742805439594,one shared preloaded model
conv-49-qa-158,pure_liquid,1.7554280612061195,6.430800000089221,50.71409999982279,58.90032806111813,one shared preloaded model
conv-49-qa-159,pure_liquid,1.7554280612061195,6.187099999806378,50.71409999982279,58.65662806083529,one shared preloaded model
conv-49-qa-160,pure_liquid,1.7554280612061195,5.674300002283417,50.889475000076345,58.31920306356588,one shared preloaded model
conv-49-qa-161,pure_liquid,1.7554280612061195,6.786400001146831,50.889475000076345,59.43130306242929,one shared preloaded model
conv-49-qa-162,pure_liquid,1.7554280612061195,6.2756999977864325,50.889475000076345,58.920603059068895,one shared preloaded model
conv-49-qa-163,pure_liquid,1.7554280612061195,5.897199996979907,50.889475000076345,58.54210305826237,one shared preloaded model
conv-49-qa-164,pure_liquid,1.7554280612061195,5.582799996773247,61.63360000027751,68.97182805825688,one shared preloaded model
conv-49-qa-165,pure_liquid,1.7554280612061195,6.154000002425164,61.63360000027751,69.54302806390879,one shared preloaded model
conv-49-qa-166,pure_liquid,1.7554280612061195,6.667300003755372,61.63360000027751,70.056328065239,one shared preloaded model
conv-49-qa-167,pure_liquid,1.7554280612061195,5.853300004673656,61.63360000027751,69.24232806615728,one shared preloaded model
conv-49-qa-168,pure_liquid,1.7554280612061195,5.993199993099552,42.4677499995596,50.21637805386527,one shared preloaded model
conv-49-qa-169,pure_liquid,1.7554280612061195,6.52059999993071,42.4677499995596,50.74377806069643,one shared preloaded model
conv-49-qa-170,pure_liquid,1.7554280612061195,6.998099997872487,42.4677499995596,51.221278058638205,one shared preloaded model
conv-49-qa-171,pure_liquid,1.7554280612061195,6.000900000799447,42.4677499995596,50.224078061565166,one shared preloaded model
conv-49-qa-172,pure_liquid,1.7554280612061195,9.47450000239769,30.84202500031097,42.071953063914776,one shared preloaded model
conv-49-qa-173,pure_liquid,1.7554280612061195,10.364200003095903,30.84202500031097,42.96165306461299,one shared preloaded model
conv-49-qa-174,pure_liquid,1.7554280612061195,9.515900004771538,30.84202500031097,42.113353066288624,one shared preloaded model
conv-49-qa-175,pure_liquid,1.7554280612061195,9.756500003277324,30.84202500031097,42.35395306479441,one shared preloaded model
conv-49-qa-176,pure_liquid,1.7554280612061195,9.490000004007015,70.81892499991227,82.0643530651254,one shared preloaded model
conv-49-qa-177,pure_liquid,1.7554280612061195,10.192099995038006,70.81892499991227,82.7664530561564,one shared preloaded model
conv-49-qa-178,pure_liquid,1.7554280612061195,9.641299999202602,70.81892499991227,82.21565306032099,one shared preloaded model
conv-49-qa-179,pure_liquid,1.7554280612061195,9.117999994487036,70.81892499991227,81.69235305560542,one shared preloaded model
conv-49-qa-180,pure_liquid,1.7554280612061195,6.421400001272559,26.566500000626547,34.743328063105224,one shared preloaded model
conv-49-qa-181,pure_liquid,1.7554280612061195,4.982400001608767,26.566500000626547,33.30432806344143,one shared preloaded model
conv-49-qa-182,pure_liquid,1.7554280612061195,6.730799999786541,26.566500000626547,35.052728061619206,one shared preloaded model
conv-49-qa-183,pure_liquid,1.7554280612061195,9.446700001717545,26.566500000626547,37.76862806355021,one shared preloaded model
conv-49-qa-184,pure_liquid,1.7554280612061195,9.415399996214546,52.546250000887085,63.71707805830775,one shared preloaded model
conv-49-qa-185,pure_liquid,1.7554280612061195,9.489600000961218,52.546250000887085,63.79127806305442,one shared preloaded model
conv-49-qa-186,pure_liquid,1.7554280612061195,9.387999998580199,52.546250000887085,63.6896780606734,one shared preloaded model
conv-49-qa-187,pure_liquid,1.7554280612061195,10.160300000279676,52.546250000887085,64.46197806237288,one shared preloaded model
conv-49-qa-188,pure_liquid,1.7554280612061195,5.9385000058682635,67.80417499976465,75.49810306683904,one shared preloaded model
conv-49-qa-189,pure_liquid,1.7554280612061195,9.273299998312723,67.80417499976465,78.8329030592835,one shared preloaded model
conv-49-qa-190,pure_liquid,1.7554280612061195,9.48699999571545,67.80417499976465,79.04660305668622,one shared preloaded model
conv-49-qa-191,pure_liquid,1.7554280612061195,9.275699994759634,67.80417499976465,78.8353030557304,one shared preloaded model
conv-49-qa-192,pure_liquid,1.7554280612061195,6.317100000160281,53.149475001191604,61.222003062558,one shared preloaded model
conv-49-qa-193,pure_liquid,1.7554280612061195,10.431700000481214,53.149475001191604,65.33660306287894,one shared preloaded model
conv-49-qa-194,pure_liquid,1.7554280612061195,6.754300004104152,53.149475001191604,61.659203066501874,one shared preloaded model
conv-49-qa-195,pure_liquid,1.7554280612061195,6.025599999702536,53.149475001191604,60.93050306210026,one shared preloaded model
conv-50-qa-0,pure_liquid,2.310592156872564,7.368099999439437,51.410399999440415,61.08909215575242,one shared preloaded model
conv-50-qa-1,pure_liquid,2.310592156872564,5.110899997816887,51.410399999440415,58.83189215412987,one shared preloaded model
conv-50-qa-2,pure_liquid,2.310592156872564,5.182099994271994,51.410399999440415,58.903092150584975,one shared preloaded model
conv-50-qa-3,pure_liquid,2.310592156872564,5.107999997562729,51.410399999440415,58.82899215387571,one shared preloaded model
conv-50-qa-4,pure_liquid,2.310592156872564,5.596899994998239,25.65347499876225,33.560967150633054,one shared preloaded model
conv-50-qa-5,pure_liquid,2.310592156872564,5.573900001763832,25.65347499876225,33.53796715739865,one shared preloaded model
conv-50-qa-6,pure_liquid,2.310592156872564,5.583199999819044,25.65347499876225,33.54726715545386,one shared preloaded model
conv-50-qa-7,pure_liquid,2.310592156872564,5.231499999354128,25.65347499876225,33.19556715498894,one shared preloaded model
conv-50-qa-8,pure_liquid,2.310592156872564,9.680700000899378,52.49027500030934,64.48156715808128,one shared preloaded model
conv-50-qa-9,pure_liquid,2.310592156872564,9.951799998816568,52.49027500030934,64.75266715599847,one shared preloaded model
conv-50-qa-10,pure_liquid,2.310592156872564,9.48200000129873,52.49027500030934,64.28286715848063,one shared preloaded model
conv-50-qa-11,pure_liquid,2.310592156872564,9.396000001288485,52.49027500030934,64.19686715847038,one shared preloaded model
conv-50-qa-12,pure_liquid,2.310592156872564,6.124400002590846,26.89187500072876,35.32686716019217,one shared preloaded model
conv-50-qa-13,pure_liquid,2.310592156872564,5.412999998952728,26.89187500072876,34.615467156554054,one shared preloaded model
conv-50-qa-14,pure_liquid,2.310592156872564,5.546100001083687,26.89187500072876,34.74856715868501,one shared preloaded model
conv-50-qa-15,pure_liquid,2.310592156872564,9.933500004990492,26.89187500072876,39.13596716259182,one shared preloaded model
conv-50-qa-16,pure_liquid,2.310592156872564,9.407999998074956,28.713300000163144,40.43189215511067,one shared preloaded model
conv-50-qa-17,pure_liquid,2.310592156872564,9.465000002819579,28.713300000163144,40.48889215985529,one shared preloaded model
conv-50-qa-18,pure_liquid,2.310592156872564,9.540999999444466,28.713300000163144,40.56489215648018,one shared preloaded model
conv-50-qa-19,pure_liquid,2.310592156872564,9.567299995978829,28.713300000163144,40.59119215301454,one shared preloaded model
conv-50-qa-20,pure_liquid,2.310592156872564,8.49749999906635,57.55352500091249,68.3616171568514,one shared preloaded model
conv-50-qa-21,pure_liquid,2.310592156872564,6.322799999907147,57.55352500091249,66.18691715769219,one shared preloaded model
conv-50-qa-22,pure_liquid,2.310592156872564,5.943399999523535,57.55352500091249,65.80751715730858,one shared preloaded model
conv-50-qa-23,pure_liquid,2.310592156872564,5.293499998515472,57.55352500091249,65.15761715630052,one shared preloaded model
conv-50-qa-24,pure_liquid,2.310592156872564,5.668500001775101,36.65562499918451,44.63471715783218,one shared preloaded model
conv-50-qa-25,pure_liquid,2.310592156872564,5.469900002935901,36.65562499918451,44.43611715899298,one shared preloaded model
conv-50-qa-26,pure_liquid,2.310592156872564,8.818000002065673,36.65562499918451,47.78421715812275,one shared preloaded model
conv-50-qa-27,pure_liquid,2.310592156872564,8.750200002396014,36.65562499918451,47.71641715845309,one shared preloaded model
conv-50-qa-28,pure_liquid,2.310592156872564,9.693899999547284,17.4659749991406,29.47046715556045,one shared preloaded model
conv-50-qa-29,pure_liquid,2.310592156872564,10.085399997478817,17.4659749991406,29.86196715349198,one shared preloaded model
conv-50-qa-30,pure_liquid,2.310592156872564,9.530700001050718,17.4659749991406,29.307267157063883,one shared preloaded model
conv-50-qa-31,pure_liquid,2.310592156872564,9.258700003556442,17.4659749991406,29.035267159569607,one shared preloaded model
conv-50-qa-32,pure_liquid,2.310592156872564,6.243499999982305,33.36327500073821,41.917367157593084,one shared preloaded model
conv-50-qa-33,pure_liquid,2.310592156872564,6.028699994203635,33.36327500073821,41.702567151814414,one shared preloaded model
conv-50-qa-34,pure_liquid,2.310592156872564,7.023199999821372,33.36327500073821,42.69706715743215,one shared preloaded model
conv-50-qa-35,pure_liquid,2.310592156872564,5.07409999408992,33.36327500073821,40.7479671517007,one shared preloaded model
conv-50-qa-36,pure_liquid,2.310592156872564,9.441800000786316,53.95547499938402,65.7078671570429,one shared preloaded model
conv-50-qa-37,pure_liquid,2.310592156872564,9.429099998669699,53.95547499938402,65.69516715492628,one shared preloaded model
conv-50-qa-38,pure_liquid,2.310592156872564,6.604400005016942,53.95547499938402,62.87046716127353,one shared preloaded model
conv-50-qa-39,pure_liquid,2.310592156872564,6.267800003115553,53.95547499938402,62.53386715937214,one shared preloaded model
conv-50-qa-40,pure_liquid,2.310592156872564,6.119199999375269,23.095025000657188,31.524817156905023,one shared preloaded model
conv-50-qa-41,pure_liquid,2.310592156872564,6.39680000313092,23.095025000657188,31.802417160660674,one shared preloaded model
conv-50-qa-42,pure_liquid,2.310592156872564,9.841800005233381,23.095025000657188,35.247417162763135,one shared preloaded model
conv-50-qa-43,pure_liquid,2.310592156872564,9.335900002042763,23.095025000657188,34.74151715957252,one shared preloaded model
conv-50-qa-44,pure_liquid,2.310592156872564,9.211800002958626,27.462500000183354,38.984892160014546,one shared preloaded model
conv-50-qa-45,pure_liquid,2.310592156872564,5.171600001631305,27.462500000183354,34.944692158687225,one shared preloaded model
conv-50-qa-46,pure_liquid,2.310592156872564,6.071299998438917,27.462500000183354,35.84439215549484,one shared preloaded model
conv-50-qa-47,pure_liquid,2.310592156872564,6.219599999894854,27.462500000183354,35.992692156950774,one shared preloaded model
conv-50-qa-48,pure_liquid,2.310592156872564,5.431700003100559,51.56100000021979,59.30329216019292,one shared preloaded model
conv-50-qa-49,pure_liquid,2.310592156872564,5.413499995484017,51.56100000021979,59.285092152576375,one shared preloaded model
conv-50-qa-50,pure_liquid,2.310592156872564,5.95160000375472,51.56100000021979,59.82319216084708,one shared preloaded model
conv-50-qa-51,pure_liquid,2.310592156872564,7.262999999511521,51.56100000021979,61.13459215660388,one shared preloaded model
conv-50-qa-52,pure_liquid,2.310592156872564,5.703499999071937,55.051074999937555,63.06516715588206,one shared preloaded model
conv-50-qa-53,pure_liquid,2.310592156872564,6.681500002741814,55.051074999937555,64.04316715955193,one shared preloaded model
conv-50-qa-54,pure_liquid,2.310592156872564,6.0427999997045845,55.051074999937555,63.404467156514706,one shared preloaded model
conv-50-qa-55,pure_liquid,2.310592156872564,6.553999999596272,55.051074999937555,63.91566715640639,one shared preloaded model
conv-50-qa-56,pure_liquid,2.310592156872564,6.026699993526563,77.34610000079556,85.68339215119468,one shared preloaded model
conv-50-qa-57,pure_liquid,2.310592156872564,10.058499996375758,77.34610000079556,89.71519215404388,one shared preloaded model
conv-50-qa-58,pure_liquid,2.310592156872564,10.2681999997003,77.34610000079556,89.92489215736842,one shared preloaded model
conv-50-qa-59,pure_liquid,2.310592156872564,9.250600000086706,77.34610000079556,88.90729215775482,one shared preloaded model
conv-50-qa-60,pure_liquid,2.310592156872564,6.034899997757748,42.454125001313514,50.79961715594383,one shared preloaded model
conv-50-qa-61,pure_liquid,2.310592156872564,6.944099994143471,42.454125001313514,51.70881715232955,one shared preloaded model
conv-50-qa-62,pure_liquid,2.310592156872564,10.14980000036303,42.454125001313514,54.91451715854911,one shared preloaded model
conv-50-qa-63,pure_liquid,2.310592156872564,9.47009999799775,42.454125001313514,54.23481715618383,one shared preloaded model
conv-50-qa-64,pure_liquid,2.310592156872564,9.476900006120559,24.585825000031036,36.37331716302416,one shared preloaded model
conv-50-qa-65,pure_liquid,2.310592156872564,9.663099997851532,24.585825000031036,36.559517154755135,one shared preloaded model
conv-50-qa-66,pure_liquid,2.310592156872564,8.440199999313336,24.585825000031036,35.33661715621694,one shared preloaded model
conv-50-qa-67,pure_liquid,2.310592156872564,7.96470000204863,24.585825000031036,34.86111715895223,one shared preloaded model
conv-50-qa-68,pure_liquid,2.310592156872564,9.98260000051232,53.4637249984371,65.75691715582198,one shared preloaded model
conv-50-qa-69,pure_liquid,2.310592156872564,9.19600000634091,53.4637249984371,64.97031716165057,one shared preloaded model
conv-50-qa-70,pure_liquid,2.310592156872564,9.984500000427943,53.4637249984371,65.7588171557376,one shared preloaded model
conv-50-qa-71,pure_liquid,2.310592156872564,9.095599998545367,53.4637249984371,64.86991715385503,one shared preloaded model
conv-50-qa-72,pure_liquid,2.310592156872564,6.0978999972576275,46.13509999944654,54.54359215357673,one shared preloaded model
conv-50-qa-73,pure_liquid,2.310592156872564,5.971899998257868,46.13509999944654,54.41759215457697,one shared preloaded model
conv-50-qa-74,pure_liquid,2.310592156872564,8.316699997521937,46.13509999944654,56.76239215384104,one shared preloaded model
conv-50-qa-75,pure_liquid,2.310592156872564,10.228899998764973,46.13509999944654,58.67459215508408,one shared preloaded model
conv-50-qa-76,pure_liquid,2.310592156872564,6.2363000033656135,29.103150000082678,37.65004216032086,one shared preloaded model
conv-50-qa-77,pure_liquid,2.310592156872564,9.006000000226777,29.103150000082678,40.41974215718202,one shared preloaded model
conv-50-qa-78,pure_liquid,2.310592156872564,9.57600000401726,29.103150000082678,40.989742160972504,one shared preloaded model
conv-50-qa-79,pure_liquid,2.310592156872564,9.034300004714169,29.103150000082678,40.44804216166941,one shared preloaded model
conv-50-qa-80,pure_liquid,2.310592156872564,9.552600000461098,97.86600000006729,109.72919215740095,one shared preloaded model
conv-50-qa-81,pure_liquid,2.310592156872564,9.384199998748954,97.86600000006729,109.5607921556888,one shared preloaded model
conv-50-qa-82,pure_liquid,2.310592156872564,9.430199999769684,97.86600000006729,109.60679215670953,one shared preloaded model
conv-50-qa-83,pure_liquid,2.310592156872564,9.962299998733215,97.86600000006729,110.13889215567306,one shared preloaded model
conv-50-qa-84,pure_liquid,2.310592156872564,6.266999997023959,56.64785000044503,65.22544215434155,one shared preloaded model
conv-50-qa-85,pure_liquid,2.310592156872564,9.244099994248245,56.64785000044503,68.20254215156584,one shared preloaded model
conv-50-qa-86,pure_liquid,2.310592156872564,10.332799996831454,56.64785000044503,69.29124215414905,one shared preloaded model
conv-50-qa-87,pure_liquid,2.310592156872564,9.514400000625756,56.64785000044503,68.47284215794335,one shared preloaded model
conv-50-qa-88,pure_liquid,2.310592156872564,5.730799995944835,38.53122500004247,46.57261715285987,one shared preloaded model
conv-50-qa-89,pure_liquid,2.310592156872564,7.275199997820891,38.53122500004247,48.117017154735926,one shared preloaded model
conv-50-qa-90,pure_liquid,2.310592156872564,9.322799996880349,38.53122500004247,50.16461715379538,one shared preloaded model
conv-50-qa-91,pure_liquid,2.310592156872564,9.318399999756366,38.53122500004247,50.1602171566714,one shared preloaded model
conv-50-qa-92,pure_liquid,2.310592156872564,9.304100000008475,50.11319999903208,61.72789215591312,one shared preloaded model
conv-50-qa-93,pure_liquid,2.310592156872564,9.722299997520167,50.11319999903208,62.14609215342481,one shared preloaded model
conv-50-qa-94,pure_liquid,2.310592156872564,5.885300000954885,50.11319999903208,58.30909215685953,one shared preloaded model
conv-50-qa-95,pure_liquid,2.310592156872564,6.414899995434098,50.11319999903208,58.83869215133874,one shared preloaded model
conv-50-qa-96,pure_liquid,2.310592156872564,6.085300003178418,49.052324999138364,57.44821715918935,one shared preloaded model
conv-50-qa-97,pure_liquid,2.310592156872564,10.03570000466425,49.052324999138364,61.39861716067518,one shared preloaded model
conv-50-qa-98,pure_liquid,2.310592156872564,10.446600004797801,49.052324999138364,61.80951716080873,one shared preloaded model
conv-50-qa-99,pure_liquid,2.310592156872564,9.207900002365932,49.052324999138364,60.57081715837686,one shared preloaded model
conv-50-qa-100,pure_liquid,2.310592156872564,7.071100000757724,35.22920000068552,44.610892158315814,one shared preloaded model
conv-50-qa-101,pure_liquid,2.310592156872564,7.700399997702334,35.22920000068552,45.240192155260424,one shared preloaded model
conv-50-qa-102,pure_liquid,2.310592156872564,9.833900003286544,35.22920000068552,47.373692160844634,one shared preloaded model
conv-50-qa-103,pure_liquid,2.310592156872564,9.29550000000745,35.22920000068552,46.83529215756554,one shared preloaded model
conv-50-qa-104,pure_liquid,2.310592156872564,8.168699998350348,96.41055000065535,106.88984215587826,one shared preloaded model
conv-50-qa-105,pure_liquid,2.310592156872564,7.532499999797437,96.41055000065535,106.25364215732534,one shared preloaded model
conv-50-qa-106,pure_liquid,2.310592156872564,5.565899999055546,96.41055000065535,104.28704215658345,one shared preloaded model
conv-50-qa-107,pure_liquid,2.310592156872564,5.492099997354671,96.41055000065535,104.21324215488258,one shared preloaded model
conv-50-qa-108,pure_liquid,2.310592156872564,6.09719999920344,70.58292500005336,78.99071715612936,one shared preloaded model
conv-50-qa-109,pure_liquid,2.310592156872564,5.549400004383642,70.58292500005336,78.44291716130957,one shared preloaded model
conv-50-qa-110,pure_liquid,2.310592156872564,5.236899996816646,70.58292500005336,78.13041715374257,one shared preloaded model
conv-50-qa-111,pure_liquid,2.310592156872564,8.853100000123959,70.58292500005336,81.74661715704988,one shared preloaded model
conv-50-qa-112,pure_liquid,2.310592156872564,6.52280000213068,60.200625001016306,69.03401716001954,one shared preloaded model
conv-50-qa-113,pure_liquid,2.310592156872564,6.226600002264604,60.200625001016306,68.73781716015347,one shared preloaded model
conv-50-qa-114,pure_liquid,2.310592156872564,7.390399994619656,60.200625001016306,69.90161715250852,one shared preloaded model
conv-50-qa-115,pure_liquid,2.310592156872564,7.224100001621991,60.200625001016306,69.73531715951086,one shared preloaded model
conv-50-qa-116,pure_liquid,2.310592156872564,6.936199999472592,50.86097500134201,60.10776715768717,one shared preloaded model
conv-50-qa-117,pure_liquid,2.310592156872564,9.321300000010524,50.86097500134201,62.4928671582251,one shared preloaded model
conv-50-qa-118,pure_liquid,2.310592156872564,9.972899999411311,50.86097500134201,63.14446715762589,one shared preloaded model
conv-50-qa-119,pure_liquid,2.310592156872564,9.074800000234973,50.86097500134201,62.24636715844955,one shared preloaded model
conv-50-qa-120,pure_liquid,2.310592156872564,5.469199997605756,67.36392499988142,75.14371715435973,one shared preloaded model
conv-50-qa-121,pure_liquid,2.310592156872564,5.696499996702187,67.36392499988142,75.37101715345617,one shared preloaded model
conv-50-qa-122,pure_liquid,2.310592156872564,6.324100002530031,67.36392499988142,75.99861715928401,one shared preloaded model
conv-50-qa-123,pure_liquid,2.310592156872564,5.428099997516256,67.36392499988142,75.10261715427023,one shared preloaded model
conv-50-qa-124,pure_liquid,2.310592156872564,7.126200005586725,52.83419999977923,62.27099216223852,one shared preloaded model
conv-50-qa-125,pure_liquid,2.310592156872564,9.41929999680724,52.83419999977923,64.56409215345903,one shared preloaded model
conv-50-qa-126,pure_liquid,2.310592156872564,10.369099996751174,52.83419999977923,65.51389215340296,one shared preloaded model
conv-50-qa-127,pure_liquid,2.310592156872564,9.004400002595503,52.83419999977923,64.14919215924729,one shared preloaded model
conv-50-qa-128,pure_liquid,2.310592156872564,5.7549999983166344,42.2107499998674,50.276342155056604,one shared preloaded model
conv-50-qa-129,pure_liquid,2.310592156872564,5.389099998865277,42.2107499998674,49.910442155605246,one shared preloaded model
conv-50-qa-130,pure_liquid,2.310592156872564,5.32779999775812,42.2107499998674,49.84914215449809,one shared preloaded model
conv-50-qa-131,pure_liquid,2.310592156872564,5.791100003989413,42.2107499998674,50.31244216072938,one shared preloaded model
conv-50-qa-132,pure_liquid,2.310592156872564,9.364799996546935,53.69615000017802,65.37154215359752,one shared preloaded model
conv-50-qa-133,pure_liquid,2.310592156872564,8.05689999833703,53.69615000017802,64.06364215538761,one shared preloaded model
conv-50-qa-134,pure_liquid,2.310592156872564,6.19870000082301,53.69615000017802,62.2054421578736,one shared preloaded model
conv-50-qa-135,pure_liquid,2.310592156872564,5.8796000012080185,53.69615000017802,61.88634215825861,one shared preloaded model
conv-50-qa-136,pure_liquid,2.310592156872564,5.695899999409448,38.13504999925499,46.141542155537,one shared preloaded model
conv-50-qa-137,pure_liquid,2.310592156872564,5.258500001218636,38.13504999925499,45.70414215734619,one shared preloaded model
conv-50-qa-138,pure_liquid,2.310592156872564,5.5342999985441566,38.13504999925499,45.97994215467171,one shared preloaded model
conv-50-qa-139,pure_liquid,2.310592156872564,6.150300003355369,38.13504999925499,46.595942159482924,one shared preloaded model
conv-50-qa-140,pure_liquid,2.310592156872564,9.514099998341408,55.80135000127484,67.62604215648881,one shared preloaded model
conv-50-qa-141,pure_liquid,2.310592156872564,9.106199999223463,55.80135000127484,67.21814215737086,one shared preloaded model
conv-50-qa-142,pure_liquid,2.310592156872564,9.844100000918843,55.80135000127484,67.95604215906624,one shared preloaded model
conv-50-qa-143,pure_liquid,2.310592156872564,9.160900001006667,55.80135000127484,67.27284215915407,one shared preloaded model
conv-50-qa-144,pure_liquid,2.310592156872564,5.958699999609962,32.85429999959888,41.12359215608141,one shared preloaded model
conv-50-qa-145,pure_liquid,2.310592156872564,5.665799995767884,32.85429999959888,40.83069215223933,one shared preloaded model
conv-50-qa-146,pure_liquid,2.310592156872564,5.590300002950244,32.85429999959888,40.75519215942169,one shared preloaded model
conv-50-qa-147,pure_liquid,2.310592156872564,6.180299998959526,32.85429999959888,41.34519215543097,one shared preloaded model
conv-50-qa-148,pure_liquid,2.310592156872564,10.543600001255982,55.06824999974924,67.92244215787778,one shared preloaded model
conv-50-qa-149,pure_liquid,2.310592156872564,10.207299994362984,55.06824999974924,67.58614215098478,one shared preloaded model
conv-50-qa-150,pure_liquid,2.310592156872564,10.405100001662504,55.06824999974924,67.7839421582843,one shared preloaded model
conv-50-qa-151,pure_liquid,2.310592156872564,9.355199996207375,55.06824999974924,66.73404215282918,one shared preloaded model
conv-50-qa-152,pure_liquid,2.310592156872564,6.224199998541735,54.74197500006994,63.276767155484244,one shared preloaded model
conv-50-qa-153,pure_liquid,2.310592156872564,9.714899999380577,54.74197500006994,66.76746715632308,one shared preloaded model
conv-50-qa-154,pure_liquid,2.310592156872564,9.398599999258295,54.74197500006994,66.4511671562008,one shared preloaded model
conv-50-qa-155,pure_liquid,2.310592156872564,4.963899998983834,54.74197500006994,62.01646715592634,one shared preloaded model
conv-50-qa-156,pure_liquid,2.310592156872564,5.812199997308198,36.97165000085079,45.09444215503155,one shared preloaded model
conv-50-qa-157,pure_liquid,2.310592156872564,7.318500000110362,36.97165000085079,46.600742157833714,one shared preloaded model
conv-50-qa-158,pure_liquid,2.310592156872564,7.715199993981514,36.97165000085079,46.99744215170487,one shared preloaded model
conv-50-qa-159,pure_liquid,2.310592156872564,5.486699999892153,36.97165000085079,44.768942157615506,one shared preloaded model
conv-50-qa-160,pure_liquid,2.310592156872564,9.977699999581091,39.04422499908833,51.332517155541986,one shared preloaded model
conv-50-qa-161,pure_liquid,2.310592156872564,9.296399999584537,39.04422499908833,50.65121715554543,one shared preloaded model
conv-50-qa-162,pure_liquid,2.310592156872564,9.802500004298054,39.04422499908833,51.15731716025895,one shared preloaded model
conv-50-qa-163,pure_liquid,2.310592156872564,9.350599997560494,39.04422499908833,50.70541715352139,one shared preloaded model
conv-50-qa-164,pure_liquid,2.310592156872564,9.803999993891921,100.5927749993134,112.70736715007789,one shared preloaded model
conv-50-qa-165,pure_liquid,2.310592156872564,9.338699994259514,100.5927749993134,112.24206715044548,one shared preloaded model
conv-50-qa-166,pure_liquid,2.310592156872564,6.72830000257818,100.5927749993134,109.63166715876415,one shared preloaded model
conv-50-qa-167,pure_liquid,2.310592156872564,5.469399999128655,100.5927749993134,108.37276715531462,one shared preloaded model
conv-50-qa-168,pure_liquid,2.310592156872564,6.473399997048546,58.512974999757716,67.29696715367882,one shared preloaded model
conv-50-qa-169,pure_liquid,2.310592156872564,10.099500002979767,58.512974999757716,70.92306715961004,one shared preloaded model
conv-50-qa-170,pure_liquid,2.310592156872564,10.150799993425608,58.512974999757716,70.97436715005588,one shared preloaded model
conv-50-qa-171,pure_liquid,2.310592156872564,8.858300003339536,58.512974999757716,69.68186715996981,one shared preloaded model
conv-50-qa-172,pure_liquid,2.310592156872564,6.222299998626113,55.14107500130194,63.67396715680062,one shared preloaded model
conv-50-qa-173,pure_liquid,2.310592156872564,9.393300002557226,55.14107500130194,66.84496716073173,one shared preloaded model
conv-50-qa-174,pure_liquid,2.310592156872564,9.901700002956204,55.14107500130194,67.3533671611307,one shared preloaded model
conv-50-qa-175,pure_liquid,2.310592156872564,9.26420000178041,55.14107500130194,66.71586715995491,one shared preloaded model
conv-50-qa-176,pure_liquid,2.310592156872564,6.023100002494175,78.60314999925322,86.93684215861995,one shared preloaded model
conv-50-qa-177,pure_liquid,2.310592156872564,5.6863999998313375,78.60314999925322,86.60014215595712,one shared preloaded model
conv-50-qa-178,pure_liquid,2.310592156872564,5.938599999353755,78.60314999925322,86.85234215547953,one shared preloaded model
conv-50-qa-179,pure_liquid,2.310592156872564,7.168600001023151,78.60314999925322,88.08234215714893,one shared preloaded model
conv-50-qa-180,pure_liquid,2.310592156872564,7.108199999493081,63.62989999979618,73.04869215616182,one shared preloaded model
conv-50-qa-181,pure_liquid,2.310592156872564,10.514999994484242,63.62989999979618,76.45549215115298,one shared preloaded model
conv-50-qa-182,pure_liquid,2.310592156872564,9.937700000591576,63.62989999979618,75.87819215726032,one shared preloaded model
conv-50-qa-183,pure_liquid,2.310592156872564,9.497500002908055,63.62989999979618,75.4379921595768,one shared preloaded model
conv-50-qa-184,pure_liquid,2.310592156872564,6.348800001433119,54.67264999970212,63.3320421580078,one shared preloaded model
conv-50-qa-185,pure_liquid,2.310592156872564,9.910900000249967,54.67264999970212,66.89414215682464,one shared preloaded model
conv-50-qa-186,pure_liquid,2.310592156872564,9.721199996420182,54.67264999970212,66.70444215299486,one shared preloaded model
conv-50-qa-187,pure_liquid,2.310592156872564,9.685799996077549,54.67264999970212,66.66904215265222,one shared preloaded model
conv-50-qa-188,pure_liquid,2.310592156872564,6.105899999965914,52.76097499881871,61.17746715565719,one shared preloaded model
conv-50-qa-189,pure_liquid,2.310592156872564,5.404899995482992,52.76097499881871,60.47646715117427,one shared preloaded model
conv-50-qa-190,pure_liquid,2.310592156872564,5.304099999193568,52.76097499881871,60.375667154884844,one shared preloaded model
conv-50-qa-191,pure_liquid,2.310592156872564,6.348199996864423,52.76097499881871,61.4197671525557,one shared preloaded model
conv-50-qa-192,pure_liquid,2.310592156872564,5.671300001267809,23.088299998562434,31.07019215670281,one shared preloaded model
conv-50-qa-193,pure_liquid,2.310592156872564,6.215500005055219,23.088299998562434,31.61439216049022,one shared preloaded model
conv-50-qa-194,pure_liquid,2.310592156872564,9.642700002586935,23.088299998562434,35.041592158021935,one shared preloaded model
conv-50-qa-195,pure_liquid,2.310592156872564,9.557899997162167,23.088299998562434,34.95679215259717,one shared preloaded model
conv-50-qa-196,pure_liquid,2.310592156872564,9.597600001143292,55.716674998620874,67.62486715663672,one shared preloaded model
conv-50-qa-197,pure_liquid,2.310592156872564,10.523499993723817,55.716674998620874,68.55076714921725,one shared preloaded model
conv-50-qa-198,pure_liquid,2.310592156872564,10.025899995525833,55.716674998620874,68.05316715101927,one shared preloaded model
conv-50-qa-199,pure_liquid,2.310592156872564,10.009999998146668,55.716674998620874,68.0372671536401,one shared preloaded model
conv-50-qa-200,pure_liquid,2.310592156872564,5.678900000930298,35.46249999999418,43.451992157797044,one shared preloaded model
conv-50-qa-201,pure_liquid,2.310592156872564,6.815599997935351,35.46249999999418,44.5886921548021,one shared preloaded model
conv-50-qa-202,pure_liquid,2.310592156872564,6.281000001763459,35.46249999999418,44.054092158630205,one shared preloaded model
conv-50-qa-203,pure_liquid,2.310592156872564,5.767100003140513,35.46249999999418,43.54019216000726,one shared preloaded model
