example_id,agent,update_ms,read_ms,generation_ms,end_to_end_ms,model_loading_policy
conv-26-qa-0,lalm,2.826847236183906,15.049600000565988,208.59900000004927,226.47544723679917,one shared preloaded model
conv-26-qa-1,lalm,2.826847236183906,8.96900000043388,208.59900000004927,220.39484723666706,one shared preloaded model
conv-26-qa-2,lalm,2.826847236183906,6.7947000006824965,208.59900000004927,218.22054723691568,one shared preloaded model
conv-26-qa-3,lalm,2.826847236183906,6.414200001017889,208.59900000004927,217.84004723725107,one shared preloaded model
conv-26-qa-4,lalm,2.826847236183906,7.436500000039814,155.74289999995017,166.0062472361739,one shared preloaded model
conv-26-qa-5,lalm,2.826847236183906,9.900999999445048,155.74289999995017,168.47074723557913,one shared preloaded model
conv-26-qa-6,lalm,2.826847236183906,9.590300000127172,155.74289999995017,168.16004723626125,one shared preloaded model
conv-26-qa-7,lalm,2.826847236183906,9.046900000612368,155.74289999995017,167.61664723674645,one shared preloaded model
conv-26-qa-8,lalm,2.826847236183906,6.8073999991611345,154.37007499986066,164.0043222352057,one shared preloaded model
conv-26-qa-9,lalm,2.826847236183906,10.300300000380957,154.37007499986066,167.49722223642553,one shared preloaded model
conv-26-qa-10,lalm,2.826847236183906,9.535600000162958,154.37007499986066,166.73252223620753,one shared preloaded model
conv-26-qa-11,lalm,2.826847236183906,9.47709999854851,154.37007499986066,166.67402223459308,one shared preloaded model
conv-26-qa-12,lalm,2.826847236183906,6.5377999999327585,95.11977500005742,104.48442223617408,one shared preloaded model
conv-26-qa-13,lalm,2.826847236183906,9.969499998987885,95.11977500005742,107.91612223522921,one shared preloaded model
conv-26-qa-14,lalm,2.826847236183906,10.8343000010791,95.11977500005742,108.78092223732042,one shared preloaded model
conv-26-qa-15,lalm,2.826847236183906,9.172800000669667,95.11977500005742,107.11942223691099,one shared preloaded model
conv-26-qa-16,lalm,2.826847236183906,6.449600001360523,180.20582500003002,189.48227223757445,one shared preloaded model
conv-26-qa-17,lalm,2.826847236183906,9.418000001460314,180.20582500003002,192.45067223767424,one shared preloaded model
conv-26-qa-18,lalm,2.826847236183906,6.296600000496255,180.20582500003002,189.32927223671018,one shared preloaded model
conv-26-qa-19,lalm,2.826847236183906,6.212899999809451,180.20582500003002,189.24557223602338,one shared preloaded model
conv-26-qa-20,lalm,2.826847236183906,5.883100000573904,145.48322500013455,154.19317223689237,one shared preloaded model
conv-26-qa-21,lalm,2.826847236183906,5.611900000076275,145.48322500013455,153.92197223639474,one shared preloaded model
conv-26-qa-22,lalm,2.826847236183906,9.18690000071365,145.48322500013455,157.4969722370321,one shared preloaded model
conv-26-qa-23,lalm,2.826847236183906,9.925399999701767,145.48322500013455,158.23547223602023,one shared preloaded model
conv-26-qa-24,lalm,2.826847236183906,6.357400001434144,85.81102500011184,94.99527223772989,one shared preloaded model
conv-26-qa-25,lalm,2.826847236183906,10.431500000777305,85.81102500011184,99.06937223707305,one shared preloaded model
conv-26-qa-26,lalm,2.826847236183906,9.554100000968901,85.81102500011184,98.19197223726465,one shared preloaded model
conv-26-qa-27,lalm,2.826847236183906,9.135099999184604,85.81102500011184,97.77297223548035,one shared preloaded model
conv-26-qa-28,lalm,2.826847236183906,6.026500001098611,159.78334999999788,168.6366972372804,one shared preloaded model
conv-26-qa-29,lalm,2.826847236183906,9.407200001078309,159.78334999999788,172.0173972372601,one shared preloaded model
conv-26-qa-30,lalm,2.826847236183906,9.179700000458979,159.78334999999788,171.78989723664077,one shared preloaded model
conv-26-qa-31,lalm,2.826847236183906,9.493800000200281,159.78334999999788,172.10399723638207,one shared preloaded model
conv-26-qa-32,lalm,2.826847236183906,7.019199998467229,136.8382499999825,146.68429723463365,one shared preloaded model
conv-26-qa-33,lalm,2.826847236183906,9.860999998636544,136.8382499999825,149.52609723480296,one shared preloaded model
conv-26-qa-34,lalm,2.826847236183906,9.805300000152783,136.8382499999825,149.4703972363192,one shared preloaded model
conv-26-qa-35,lalm,2.826847236183906,9.078499999304768,136.8382499999825,148.74359723547119,one shared preloaded model
conv-26-qa-36,lalm,2.826847236183906,8.420299998761038,173.86972500025877,185.11687223520372,one shared preloaded model
conv-26-qa-37,lalm,2.826847236183906,5.851600000823964,173.86972500025877,182.54817223726664,one shared preloaded model
conv-26-qa-38,lalm,2.826847236183906,6.227900001249509,173.86972500025877,182.92447223769219,one shared preloaded model
conv-26-qa-39,lalm,2.826847236183906,10.020400000939844,173.86972500025877,186.71697223738252,one shared preloaded model
conv-26-qa-40,lalm,2.826847236183906,6.404100000509061,84.85190000010334,94.08284723679631,one shared preloaded model
conv-26-qa-41,lalm,2.826847236183906,5.229899999903864,84.85190000010334,92.90864723619111,one shared preloaded model
conv-26-qa-42,lalm,2.826847236183906,5.607000000964035,84.85190000010334,93.28574723725129,one shared preloaded model
conv-26-qa-43,lalm,2.826847236183906,7.5077000001329,84.85190000010334,95.18644723642015,one shared preloaded model
conv-26-qa-44,lalm,2.826847236183906,6.214200000613346,177.36390000027313,186.4049472370704,one shared preloaded model
conv-26-qa-45,lalm,2.826847236183906,10.008499999457854,177.36390000027313,190.1992472359149,one shared preloaded model
conv-26-qa-46,lalm,2.826847236183906,9.553899999446003,177.36390000027313,189.74464723590305,one shared preloaded model
conv-26-qa-47,lalm,2.826847236183906,9.379099999932805,177.36390000027313,189.56984723638985,one shared preloaded model
conv-26-qa-48,lalm,2.826847236183906,8.982899998954963,82.88564999975279,94.69539723489166,one shared preloaded model
conv-26-qa-49,lalm,2.826847236183906,10.110299999723793,82.88564999975279,95.82279723566049,one shared preloaded model
conv-26-qa-50,lalm,2.826847236183906,9.302000000388944,82.88564999975279,95.01449723632564,one shared preloaded model
conv-26-qa-51,lalm,2.826847236183906,9.403000000020256,82.88564999975279,95.11549723595695,one shared preloaded model
conv-26-qa-52,lalm,2.826847236183906,6.638799999564071,158.18372500007172,167.6493722358197,one shared preloaded model
conv-26-qa-53,lalm,2.826847236183906,9.997600000133389,158.18372500007172,171.00817223638902,one shared preloaded model
conv-26-qa-54,lalm,2.826847236183906,9.188199999698554,158.18372500007172,170.19877223595418,one shared preloaded model
conv-26-qa-55,lalm,2.826847236183906,9.35849999950733,158.18372500007172,170.36907223576296,one shared preloaded model
conv-26-qa-56,lalm,2.826847236183906,6.183999999848311,134.92055000006076,143.93139723609298,one shared preloaded model
conv-26-qa-57,lalm,2.826847236183906,9.947299999112147,134.92055000006076,147.6946972353568,one shared preloaded model
conv-26-qa-58,lalm,2.826847236183906,9.450899999137619,134.92055000006076,147.19829723538228,one shared preloaded model
conv-26-qa-59,lalm,2.826847236183906,9.084700001039892,134.92055000006076,146.83209723728456,one shared preloaded model
conv-26-qa-60,lalm,2.826847236183906,6.414400000721798,153.58994999996867,162.83119723687437,one shared preloaded model
conv-26-qa-61,lalm,2.826847236183906,9.930600001098355,153.58994999996867,166.34739723725093,one shared preloaded model
conv-26-qa-62,lalm,2.826847236183906,9.246200001143734,153.58994999996867,165.6629972372963,one shared preloaded model
conv-26-qa-63,lalm,2.826847236183906,9.620799999538576,153.58994999996867,166.03759723569115,one shared preloaded model
conv-26-qa-64,lalm,2.826847236183906,6.352599999445374,88.34900000010748,97.52844723573676,one shared preloaded model
conv-26-qa-65,lalm,2.826847236183906,5.198599999857834,88.34900000010748,96.37444723614922,one shared preloaded model
conv-26-qa-66,lalm,2.826847236183906,5.851099998835707,88.34900000010748,97.0269472351271,one shared preloaded model
conv-26-qa-67,lalm,2.826847236183906,5.981999998766696,88.34900000010748,97.15784723505809,one shared preloaded model
conv-26-qa-68,lalm,2.826847236183906,6.001499999911175,160.7144250001511,169.54277223624618,one shared preloaded model
conv-26-qa-69,lalm,2.826847236183906,5.646800000249641,160.7144250001511,169.18807223658465,one shared preloaded model
conv-26-qa-70,lalm,2.826847236183906,8.84319999931904,160.7144250001511,172.38447223565404,one shared preloaded model
conv-26-qa-71,lalm,2.826847236183906,9.672199999840814,160.7144250001511,173.21347223617582,one shared preloaded model
conv-26-qa-72,lalm,2.826847236183906,6.23500000074273,79.12072499993883,88.18257223686547,one shared preloaded model
conv-26-qa-73,lalm,2.826847236183906,6.52059999993071,79.12072499993883,88.46817223605345,one shared preloaded model
conv-26-qa-74,lalm,2.826847236183906,6.1034999998810235,79.12072499993883,88.05107223600376,one shared preloaded model
conv-26-qa-75,lalm,2.826847236183906,5.963300000075833,79.12072499993883,87.91087223619857,one shared preloaded model
conv-26-qa-76,lalm,2.826847236183906,5.939299999226932,191.98145000018485,200.7475972355957,one shared preloaded model
conv-26-qa-77,lalm,2.826847236183906,5.490599998665857,191.98145000018485,200.29889723503462,one shared preloaded model
conv-26-qa-78,lalm,2.826847236183906,6.525000000692671,191.98145000018485,201.33329723706143,one shared preloaded model
conv-26-qa-79,lalm,2.826847236183906,6.226999999853433,191.98145000018485,201.0352972362222,one shared preloaded model
conv-26-qa-80,lalm,2.826847236183906,6.555599999046535,153.60194999993837,162.9843972351688,one shared preloaded model
conv-26-qa-81,lalm,2.826847236183906,10.172599999350496,153.60194999993837,166.60139723547277,one shared preloaded model
conv-26-qa-82,lalm,2.826847236183906,8.059699999648728,153.60194999993837,164.488497235771,one shared preloaded model
conv-26-qa-83,lalm,2.826847236183906,6.460900000092806,153.60194999993837,162.88969723621508,one shared preloaded model
conv-26-qa-84,lalm,2.826847236183906,6.7269999999552965,115.21394999999757,124.76779723613677,one shared preloaded model
conv-26-qa-85,lalm,2.826847236183906,9.739799999806564,115.21394999999757,127.78059723598804,one shared preloaded model
conv-26-qa-86,lalm,2.826847236183906,9.456400000999565,115.21394999999757,127.49719723718104,one shared preloaded model
conv-26-qa-87,lalm,2.826847236183906,9.378999999171356,115.21394999999757,127.41979723535283,one shared preloaded model
conv-26-qa-88,lalm,2.826847236183906,6.881699999212287,170.23969999991095,179.94824723530715,one shared preloaded model
conv-26-qa-89,lalm,2.826847236183906,10.071200000311364,170.23969999991095,183.13774723640623,one shared preloaded model
conv-26-qa-90,lalm,2.826847236183906,9.29809999979625,170.23969999991095,182.3646472358911,one shared preloaded model
conv-26-qa-91,lalm,2.826847236183906,9.365399999296642,170.23969999991095,182.4319472353915,one shared preloaded model
conv-26-qa-92,lalm,2.826847236183906,6.234599999515922,280.9367499999098,289.9981972356096,one shared preloaded model
conv-26-qa-93,lalm,2.826847236183906,9.670999999798369,280.9367499999098,293.43459723589206,one shared preloaded model
conv-26-qa-94,lalm,2.826847236183906,9.221700000125566,280.9367499999098,292.98529723621925,one shared preloaded model
conv-26-qa-95,lalm,2.826847236183906,9.764000000359374,280.9367499999098,293.52759723645306,one shared preloaded model
conv-26-qa-96,lalm,2.826847236183906,6.154300001071533,155.94179999970947,164.92294723696492,one shared preloaded model
conv-26-qa-97,lalm,2.826847236183906,5.969399999230518,155.94179999970947,164.7380472351239,one shared preloaded model
conv-26-qa-98,lalm,2.826847236183906,7.4671000002126675,155.94179999970947,166.23574723610605,one shared preloaded model
conv-26-qa-99,lalm,2.826847236183906,6.379899999956251,155.94179999970947,165.14854723584963,one shared preloaded model
conv-26-qa-100,lalm,2.826847236183906,6.4872999992076075,91.52719999974579,100.8413472351373,one shared preloaded model
conv-26-qa-101,lalm,2.826847236183906,9.192299999995157,91.52719999974579,103.54634723592486,one shared preloaded model
conv-26-qa-102,lalm,2.826847236183906,9.649699999499717,91.52719999974579,104.00374723542942,one shared preloaded model
conv-26-qa-103,lalm,2.826847236183906,9.337800000139396,91.52719999974579,103.6918472360691,one shared preloaded model
conv-26-qa-104,lalm,2.826847236183906,6.340199999613105,170.0959499999044,179.26299723570142,one shared preloaded model
conv-26-qa-105,lalm,2.826847236183906,9.66089999928954,170.0959499999044,182.58369723537785,one shared preloaded model
conv-26-qa-106,lalm,2.826847236183906,9.520999999949709,170.0959499999044,182.44379723603802,one shared preloaded model
conv-26-qa-107,lalm,2.826847236183906,9.5086999990599,170.0959499999044,182.4314972351482,one shared preloaded model
conv-26-qa-108,lalm,2.826847236183906,6.1647000002267305,84.8206749997189,93.81222223612954,one shared preloaded model
conv-26-qa-109,lalm,2.826847236183906,5.397099999754573,84.8206749997189,93.04462223565739,one shared preloaded model
conv-26-qa-110,lalm,2.826847236183906,6.537700000990299,84.8206749997189,94.18522223689311,one shared preloaded model
conv-26-qa-111,lalm,2.826847236183906,5.8779999999387655,84.8206749997189,93.52552223584158,one shared preloaded model
conv-26-qa-112,lalm,2.826847236183906,7.097800000337884,188.11585000003106,198.04049723655285,one shared preloaded model
conv-26-qa-113,lalm,2.826847236183906,9.939800000211108,188.11585000003106,200.88249723642608,one shared preloaded model
conv-26-qa-114,lalm,2.826847236183906,9.44819999858737,188.11585000003106,200.39089723480234,one shared preloaded model
conv-26-qa-115,lalm,2.826847236183906,9.470800001508906,188.11585000003106,200.41349723772387,one shared preloaded model
conv-26-qa-116,lalm,2.826847236183906,6.286899999395246,173.20752500017988,182.32127223575904,one shared preloaded model
conv-26-qa-117,lalm,2.826847236183906,9.6174999998766,173.20752500017988,185.6518722362404,one shared preloaded model
conv-26-qa-118,lalm,2.826847236183906,9.817999998631421,173.20752500017988,185.85237223499522,one shared preloaded model
conv-26-qa-119,lalm,2.826847236183906,9.462199999688892,173.20752500017988,185.49657223605269,one shared preloaded model
conv-26-qa-120,lalm,2.826847236183906,6.222799998795381,126.26382500002364,135.31347223500293,one shared preloaded model
conv-26-qa-121,lalm,2.826847236183906,9.535799999866867,126.26382500002364,138.62647223607442,one shared preloaded model
conv-26-qa-122,lalm,2.826847236183906,6.46489999962796,126.26382500002364,135.5555722358355,one shared preloaded model
conv-26-qa-123,lalm,2.826847236183906,5.972499999188585,126.26382500002364,135.06317223539614,one shared preloaded model
conv-26-qa-124,lalm,2.826847236183906,6.810400000176742,85.40590000029624,95.04314723665689,one shared preloaded model
conv-26-qa-125,lalm,2.826847236183906,10.002600000007078,85.40590000029624,98.23534723648723,one shared preloaded model
conv-26-qa-126,lalm,2.826847236183906,9.41170000078273,85.40590000029624,97.64444723726288,one shared preloaded model
conv-26-qa-127,lalm,2.826847236183906,9.111499999562511,85.40590000029624,97.34424723604266,one shared preloaded model
conv-26-qa-128,lalm,2.826847236183906,6.878199999846402,85.89275000031193,95.59779723634225,one shared preloaded model
conv-26-qa-129,lalm,2.826847236183906,9.766600000148173,85.89275000031193,98.48619723664402,one shared preloaded model
conv-26-qa-130,lalm,2.826847236183906,9.628499999962514,85.89275000031193,98.34809723645836,one shared preloaded model
conv-26-qa-131,lalm,2.826847236183906,9.043000000019674,85.89275000031193,97.76259723651552,one shared preloaded model
conv-26-qa-132,lalm,2.826847236183906,6.175299999085837,216.77124999996522,225.77339723523497,one shared preloaded model
conv-26-qa-133,lalm,2.826847236183906,5.88659999993979,216.77124999996522,225.48469723608892,one shared preloaded model
conv-26-qa-134,lalm,2.826847236183906,6.165599999803817,216.77124999996522,225.76369723595295,one shared preloaded model
conv-26-qa-135,lalm,2.826847236183906,7.124400000975584,216.77124999996522,226.7224972371247,one shared preloaded model
conv-26-qa-136,lalm,2.826847236183906,6.405999998605694,85.24232499985374,94.47517223464334,one shared preloaded model
conv-26-qa-137,lalm,2.826847236183906,9.400499999173917,85.24232499985374,97.46967223521156,one shared preloaded model
conv-26-qa-138,lalm,2.826847236183906,10.230399999272777,85.24232499985374,98.29957223531042,one shared preloaded model
conv-26-qa-139,lalm,2.826847236183906,9.4409999983327,85.24232499985374,97.51017223437034,one shared preloaded model
conv-26-qa-140,lalm,2.826847236183906,6.232300000192481,175.3703750000568,184.4295222364332,one shared preloaded model
conv-26-qa-141,lalm,2.826847236183906,5.56479999977455,175.3703750000568,183.76202223601527,one shared preloaded model
conv-26-qa-142,lalm,2.826847236183906,6.377200001224992,175.3703750000568,184.5744222374657,one shared preloaded model
conv-26-qa-143,lalm,2.826847236183906,9.617199999411241,175.3703750000568,187.81442223565196,one shared preloaded model
conv-26-qa-144,lalm,2.826847236183906,7.923900000605499,188.27025000018693,199.02099723697634,one shared preloaded model
conv-26-qa-145,lalm,2.826847236183906,8.851999999023974,188.27025000018693,199.94909723539482,one shared preloaded model
conv-26-qa-146,lalm,2.826847236183906,9.558600000673323,188.27025000018693,200.65569723704417,one shared preloaded model
conv-26-qa-147,lalm,2.826847236183906,9.304400000473834,188.27025000018693,200.40149723684468,one shared preloaded model
conv-26-qa-148,lalm,2.826847236183906,6.100800001149764,102.9375500002061,111.86519723753977,one shared preloaded model
conv-26-qa-149,lalm,2.826847236183906,10.181400000874419,102.9375500002061,115.94579723726443,one shared preloaded model
conv-26-qa-150,lalm,2.826847236183906,9.58840000021155,102.9375500002061,115.35279723660156,one shared preloaded model
conv-26-qa-151,lalm,2.826847236183906,9.51110000096378,102.9375500002061,115.27549723735379,one shared preloaded model
conv-26-qa-152,lalm,2.826847236183906,6.299399999988964,83.80312500003129,92.92937223620416,one shared preloaded model
conv-26-qa-153,lalm,2.826847236183906,9.943600000042352,83.80312500003129,96.57357223625755,one shared preloaded model
conv-26-qa-154,lalm,2.826847236183906,9.458000000449829,83.80312500003129,96.08797223666502,one shared preloaded model
conv-26-qa-155,lalm,2.826847236183906,9.61970000025758,83.80312500003129,96.24967223647278,one shared preloaded model
conv-26-qa-156,lalm,2.826847236183906,5.956400000286521,98.38717499997074,107.17042223644117,one shared preloaded model
conv-26-qa-157,lalm,2.826847236183906,6.251299999348703,98.38717499997074,107.46532223550335,one shared preloaded model
conv-26-qa-158,lalm,2.826847236183906,5.314599999110214,98.38717499997074,106.52862223526486,one shared preloaded model
conv-26-qa-159,lalm,2.826847236183906,4.965799998899456,98.38717499997074,106.1798222350541,one shared preloaded model
conv-26-qa-160,lalm,2.826847236183906,6.364599999869824,239.1189250001844,248.31037223623812,one shared preloaded model
conv-26-qa-161,lalm,2.826847236183906,9.89819999995234,239.1189250001844,251.84397223632064,one shared preloaded model
conv-26-qa-162,lalm,2.826847236183906,9.311100000559236,239.1189250001844,251.25687223692753,one shared preloaded model
conv-26-qa-163,lalm,2.826847236183906,9.320799999841256,239.1189250001844,251.26657223620956,one shared preloaded model
conv-26-qa-164,lalm,2.826847236183906,6.405400001312955,231.34487500010437,240.57712223760123,one shared preloaded model
conv-26-qa-165,lalm,2.826847236183906,9.679700000560842,231.34487500010437,243.85142223684912,one shared preloaded model
conv-26-qa-166,lalm,2.826847236183906,6.853099999716505,231.34487500010437,241.02482223600478,one shared preloaded model
conv-26-qa-167,lalm,2.826847236183906,5.8107000004383735,231.34487500010437,239.98242223672665,one shared preloaded model
conv-26-qa-168,lalm,2.826847236183906,5.940299999565468,121.20174999972733,129.9688972354767,one shared preloaded model
conv-26-qa-169,lalm,2.826847236183906,5.772700000306941,121.20174999972733,129.80129723621818,one shared preloaded model
conv-26-qa-170,lalm,2.826847236183906,6.706599999233731,121.20174999972733,130.73519723514497,one shared preloaded model
conv-26-qa-171,lalm,2.826847236183906,9.781699998711701,121.20174999972733,133.81029723462294,one shared preloaded model
conv-26-qa-172,lalm,2.826847236183906,6.256000000576023,93.12082500036922,102.20367223712915,one shared preloaded model
conv-26-qa-173,lalm,2.826847236183906,9.430100000827224,93.12082500036922,105.37777223738036,one shared preloaded model
conv-26-qa-174,lalm,2.826847236183906,9.701099999801954,93.12082500036922,105.64877223635509,one shared preloaded model
conv-26-qa-175,lalm,2.826847236183906,9.438199998839991,93.12082500036922,105.38587223539312,one shared preloaded model
conv-26-qa-176,lalm,2.826847236183906,6.871400000818539,87.15269999993325,96.8509472369357,one shared preloaded model
conv-26-qa-177,lalm,2.826847236183906,9.52309999956924,87.15269999993325,99.5026472356864,one shared preloaded model
conv-26-qa-178,lalm,2.826847236183906,9.562399998685578,87.15269999993325,99.54194723480273,one shared preloaded model
conv-26-qa-179,lalm,2.826847236183906,9.494699999777367,87.15269999993325,99.47424723589452,one shared preloaded model
conv-26-qa-180,lalm,2.826847236183906,7.370999999693595,84.99819999997271,95.19604723585022,one shared preloaded model
conv-26-qa-181,lalm,2.826847236183906,5.208999999013031,84.99819999997271,93.03404723516965,one shared preloaded model
conv-26-qa-182,lalm,2.826847236183906,5.652800000461866,84.99819999997271,93.47784723661849,one shared preloaded model
conv-26-qa-183,lalm,2.826847236183906,7.098199999745702,84.99819999997271,94.92324723590232,one shared preloaded model
conv-26-qa-184,lalm,2.826847236183906,6.6495000010036165,89.81080000012298,99.2871472373105,one shared preloaded model
conv-26-qa-185,lalm,2.826847236183906,6.540200000017649,89.81080000012298,99.17784723632454,one shared preloaded model
conv-26-qa-186,lalm,2.826847236183906,5.470899999636458,89.81080000012298,98.10854723594335,one shared preloaded model
conv-26-qa-187,lalm,2.826847236183906,5.931100000452716,89.81080000012298,98.5687472367596,one shared preloaded model
conv-26-qa-188,lalm,2.826847236183906,6.854999999632128,94.3721500002539,104.05399723606993,one shared preloaded model
conv-26-qa-189,lalm,2.826847236183906,9.316400000898284,94.3721500002539,106.51539723733609,one shared preloaded model
conv-26-qa-190,lalm,2.826847236183906,9.682500000053551,94.3721500002539,106.88149723649136,one shared preloaded model
conv-26-qa-191,lalm,2.826847236183906,9.407200001078309,94.3721500002539,106.60619723751611,one shared preloaded model
conv-26-qa-192,lalm,2.826847236183906,6.985199999689939,164.98060000003534,174.7926472359092,one shared preloaded model
conv-26-qa-193,lalm,2.826847236183906,9.511599999314058,164.98060000003534,177.3190472355333,one shared preloaded model
conv-26-qa-194,lalm,2.826847236183906,9.324499998911051,164.98060000003534,177.1319472351303,one shared preloaded model
conv-26-qa-195,lalm,2.826847236183906,9.278300000005402,164.98060000003534,177.08574723622465,one shared preloaded model
conv-26-qa-196,lalm,2.826847236183906,6.491099999038852,125.19586666712712,134.51381390234988,one shared preloaded model
conv-26-qa-197,lalm,2.826847236183906,9.82790000125533,125.19586666712712,137.85061390456636,one shared preloaded model
conv-26-qa-198,lalm,2.826847236183906,9.89069999923231,125.19586666712712,137.91341390254334,one shared preloaded model
conv-30-qa-0,lalm,3.4251123809510666,9.82320000002801,156.72027500022523,169.96858738120432,one shared preloaded model
conv-30-qa-1,lalm,3.4251123809510666,8.389900000111084,156.72027500022523,168.5352873812874,one shared preloaded model
conv-30-qa-2,lalm,3.4251123809510666,6.022999999913736,156.72027500022523,166.16838738109004,one shared preloaded model
conv-30-qa-3,lalm,3.4251123809510666,5.970300000626594,156.72027500022523,166.1156873818029,one shared preloaded model
conv-30-qa-4,lalm,3.4251123809510666,7.491500000469387,124.96832500028177,135.88493738170223,one shared preloaded model
conv-30-qa-5,lalm,3.4251123809510666,9.550599999784026,124.96832500028177,137.94403738101687,one shared preloaded model
conv-30-qa-6,lalm,3.4251123809510666,8.78970000121626,124.96832500028177,137.1831373824491,one shared preloaded model
conv-30-qa-7,lalm,3.4251123809510666,5.873699999938253,124.96832500028177,134.2671373811711,one shared preloaded model
conv-30-qa-8,lalm,3.4251123809510666,6.510500001240871,122.0439499998065,131.97956238199845,one shared preloaded model
conv-30-qa-9,lalm,3.4251123809510666,9.796899999855668,122.0439499998065,135.26596238061325,one shared preloaded model
conv-30-qa-10,lalm,3.4251123809510666,9.718400000565453,122.0439499998065,135.18746238132303,one shared preloaded model
conv-30-qa-11,lalm,3.4251123809510666,9.008799999719486,122.0439499998065,134.47786238047706,one shared preloaded model
conv-30-qa-12,lalm,3.4251123809510666,5.935600000157137,154.62212499960515,163.98283738071336,one shared preloaded model
conv-30-qa-13,lalm,3.4251123809510666,5.952299999989918,154.62212499960515,163.99953738054614,one shared preloaded model
conv-30-qa-14,lalm,3.4251123809510666,6.136399999377318,154.62212499960515,164.18363737993354,one shared preloaded model
conv-30-qa-15,lalm,3.4251123809510666,5.934400000114692,154.62212499960515,163.98163738067092,one shared preloaded model
conv-30-qa-16,lalm,3.4251123809510666,6.389900001522619,176.81802500010235,186.63303738257605,one shared preloaded model
conv-30-qa-17,lalm,3.4251123809510666,8.163099999364931,176.81802500010235,188.40623738041836,one shared preloaded model
conv-30-qa-18,lalm,3.4251123809510666,6.806299999880139,176.81802500010235,187.04943738093357,one shared preloaded model
conv-30-qa-19,lalm,3.4251123809510666,7.431599999108585,176.81802500010235,187.67473738016201,one shared preloaded model
conv-30-qa-20,lalm,3.4251123809510666,8.29659999908472,157.37697500026115,169.09868738029695,one shared preloaded model
conv-30-qa-21,lalm,3.4251123809510666,6.78189999962342,157.37697500026115,167.58398738083565,one shared preloaded model
conv-30-qa-22,lalm,3.4251123809510666,7.389999998849817,157.37697500026115,168.19208738006205,one shared preloaded model
conv-30-qa-23,lalm,3.4251123809510666,5.687200000465964,157.37697500026115,166.4892873816782,one shared preloaded model
conv-30-qa-24,lalm,3.4251123809510666,7.64309999976831,198.590625000179,209.65883738089838,one shared preloaded model
conv-30-qa-25,lalm,3.4251123809510666,5.983699998978409,198.590625000179,207.99943738010847,one shared preloaded model
conv-30-qa-26,lalm,3.4251123809510666,6.576600000698818,198.590625000179,208.59233738182888,one shared preloaded model
conv-30-qa-27,lalm,3.4251123809510666,6.703000000925385,198.590625000179,208.71873738205545,one shared preloaded model
conv-30-qa-28,lalm,3.4251123809510666,6.315300001006108,152.71774999973786,162.45816238169505,one shared preloaded model
conv-30-qa-29,lalm,3.4251123809510666,9.614000000510714,152.71774999973786,165.75686238119965,one shared preloaded model
conv-30-qa-30,lalm,3.4251123809510666,9.971299999961047,152.71774999973786,166.11416238065,one shared preloaded model
conv-30-qa-31,lalm,3.4251123809510666,9.054600001036306,152.71774999973786,165.19746238172524,one shared preloaded model
conv-30-qa-32,lalm,3.4251123809510666,6.097399998907349,145.49889999989318,155.0214123797516,one shared preloaded model
conv-30-qa-33,lalm,3.4251123809510666,6.571199999598321,145.49889999989318,155.49521238044258,one shared preloaded model
conv-30-qa-34,lalm,3.4251123809510666,6.211299998540198,145.49889999989318,155.13531237938446,one shared preloaded model
conv-30-qa-35,lalm,3.4251123809510666,6.677900000795489,145.49889999989318,155.60191238163975,one shared preloaded model
conv-30-qa-36,lalm,3.4251123809510666,6.261900000026799,105.73927499990532,115.42628738088318,one shared preloaded model
conv-30-qa-37,lalm,3.4251123809510666,9.284699999625445,105.73927499990532,118.44908738048183,one shared preloaded model
conv-30-qa-38,lalm,3.4251123809510666,9.760500000993488,105.73927499990532,118.92488738184987,one shared preloaded model
conv-30-qa-39,lalm,3.4251123809510666,9.76989999981015,105.73927499990532,118.93428738066653,one shared preloaded model
conv-30-qa-40,lalm,3.4251123809510666,6.252499999391148,121.22025000007852,130.89786238042075,one shared preloaded model
conv-30-qa-41,lalm,3.4251123809510666,5.112099999678321,121.22025000007852,129.75746238070792,one shared preloaded model
conv-30-qa-42,lalm,3.4251123809510666,6.366999999954714,121.22025000007852,131.0123623809843,one shared preloaded model
conv-30-qa-43,lalm,3.4251123809510666,6.9929000001138775,121.22025000007852,131.63826238114348,one shared preloaded model
conv-30-qa-44,lalm,3.4251123809510666,6.474700001490419,126.07687500030806,135.97668738274956,one shared preloaded model
conv-30-qa-45,lalm,3.4251123809510666,9.517999998934101,126.07687500030806,139.01998738019324,one shared preloaded model
conv-30-qa-46,lalm,3.4251123809510666,10.324500000933767,126.07687500030806,139.8264873821929,one shared preloaded model
conv-30-qa-47,lalm,3.4251123809510666,8.772600000156672,126.07687500030806,138.2745873814158,one shared preloaded model
conv-30-qa-48,lalm,3.4251123809510666,6.590900000446709,112.31660000021293,122.3326123816107,one shared preloaded model
conv-30-qa-49,lalm,3.4251123809510666,9.7115999997186,112.31660000021293,125.4533123808826,one shared preloaded model
conv-30-qa-50,lalm,3.4251123809510666,8.583000000726315,112.31660000021293,124.32471238189031,one shared preloaded model
conv-30-qa-51,lalm,3.4251123809510666,9.285600001021521,112.31660000021293,125.02731238218551,one shared preloaded model
conv-30-qa-52,lalm,3.4251123809510666,6.609700001718011,309.3482750000476,319.38308738271667,one shared preloaded model
conv-30-qa-53,lalm,3.4251123809510666,10.018200000558863,309.3482750000476,322.7915873815575,one shared preloaded model
conv-30-qa-54,lalm,3.4251123809510666,9.86890000058338,309.3482750000476,322.64228738158204,one shared preloaded model
conv-30-qa-55,lalm,3.4251123809510666,9.224899999026093,309.3482750000476,321.99828738002475,one shared preloaded model
conv-30-qa-56,lalm,3.4251123809510666,7.070199999361648,177.2695750000821,187.76488738039484,one shared preloaded model
conv-30-qa-57,lalm,3.4251123809510666,9.597299998858944,177.2695750000821,190.29198737989213,one shared preloaded model
conv-30-qa-58,lalm,3.4251123809510666,9.547800000291318,177.2695750000821,190.2424873813245,one shared preloaded model
conv-30-qa-59,lalm,3.4251123809510666,9.688699999969685,177.2695750000821,190.38338738100288,one shared preloaded model
conv-30-qa-60,lalm,3.4251123809510666,6.221400000868016,119.79285000006712,129.4393623818862,one shared preloaded model
conv-30-qa-61,lalm,3.4251123809510666,9.267699999327306,119.79285000006712,132.4856623803455,one shared preloaded model
conv-30-qa-62,lalm,3.4251123809510666,9.775200000149198,119.79285000006712,132.9931623811674,one shared preloaded model
conv-30-qa-63,lalm,3.4251123809510666,9.540399998513749,119.79285000006712,132.75836237953195,one shared preloaded model
conv-30-qa-64,lalm,3.4251123809510666,6.214299999555806,188.38689999984126,198.02631238034814,one shared preloaded model
conv-30-qa-65,lalm,3.4251123809510666,7.138400000258116,188.38689999984126,198.95041238105046,one shared preloaded model
conv-30-qa-66,lalm,3.4251123809510666,6.2254999993456295,188.38689999984126,198.03751238013797,one shared preloaded model
conv-30-qa-67,lalm,3.4251123809510666,6.601899998713634,188.38689999984126,198.41391237950597,one shared preloaded model
conv-30-qa-68,lalm,3.4251123809510666,6.893499999932828,157.18127500031187,167.49988738119578,one shared preloaded model
conv-30-qa-69,lalm,3.4251123809510666,9.754299999258365,157.18127500031187,170.3606873805213,one shared preloaded model
conv-30-qa-70,lalm,3.4251123809510666,9.579499999745167,157.18127500031187,170.18588738100811,one shared preloaded model
conv-30-qa-71,lalm,3.4251123809510666,9.213500001351349,157.18127500031187,169.8198873826143,one shared preloaded model
conv-30-qa-72,lalm,3.4251123809510666,8.718400000361726,220.8906749997368,233.0341873810496,one shared preloaded model
conv-30-qa-73,lalm,3.4251123809510666,9.80150000032154,220.8906749997368,234.11728738100942,one shared preloaded model
conv-30-qa-74,lalm,3.4251123809510666,10.613499998726184,220.8906749997368,234.92928737941406,one shared preloaded model
conv-30-qa-75,lalm,3.4251123809510666,9.151700000074925,220.8906749997368,233.4674873807628,one shared preloaded model
conv-30-qa-76,lalm,3.4251123809510666,7.09380000080273,140.86670000006052,151.38561238181433,one shared preloaded model
conv-30-qa-77,lalm,3.4251123809510666,9.682200001407182,140.86670000006052,153.97401238241878,one shared preloaded model
conv-30-qa-78,lalm,3.4251123809510666,9.491999999227119,140.86670000006052,153.78381238023871,one shared preloaded model
conv-30-qa-79,lalm,3.4251123809510666,9.359199999380508,140.86670000006052,153.6510123803921,one shared preloaded model
conv-30-qa-80,lalm,3.4251123809510666,6.777499998861458,166.8283000003612,177.03091238017373,one shared preloaded model
conv-30-qa-81,lalm,3.4251123809510666,9.725699999762583,166.8283000003612,179.97911238107486,one shared preloaded model
conv-30-qa-82,lalm,3.4251123809510666,9.52770000003511,166.8283000003612,179.78111238134738,one shared preloaded model
conv-30-qa-83,lalm,3.4251123809510666,9.674799999629613,166.8283000003612,179.9282123809419,one shared preloaded model
conv-30-qa-84,lalm,3.4251123809510666,6.521299999803887,189.0186249997896,198.96503738054457,one shared preloaded model
conv-30-qa-85,lalm,3.4251123809510666,9.558300000207964,189.0186249997896,202.00203738094865,one shared preloaded model
conv-30-qa-86,lalm,3.4251123809510666,10.15699999879871,189.0186249997896,202.6007373795394,one shared preloaded model
conv-30-qa-87,lalm,3.4251123809510666,6.141100000604638,189.0186249997896,198.58483738134532,one shared preloaded model
conv-30-qa-88,lalm,3.4251123809510666,6.604500000321423,125.09682500012786,135.12643738140036,one shared preloaded model
conv-30-qa-89,lalm,3.4251123809510666,9.844199999861303,125.09682500012786,138.36613738094024,one shared preloaded model
conv-30-qa-90,lalm,3.4251123809510666,9.604799999578972,125.09682500012786,138.12673738065791,one shared preloaded model
conv-30-qa-91,lalm,3.4251123809510666,9.292999999161111,125.09682500012786,137.81493738024005,one shared preloaded model
conv-30-qa-92,lalm,3.4251123809510666,6.4741999995021615,116.42155000026833,126.32086238072155,one shared preloaded model
conv-30-qa-93,lalm,3.4251123809510666,9.328199999799835,116.42155000026833,129.17486238101924,one shared preloaded model
conv-30-qa-94,lalm,3.4251123809510666,9.971200001018587,116.42155000026833,129.817862382238,one shared preloaded model
conv-30-qa-95,lalm,3.4251123809510666,9.408599999005673,116.42155000026833,129.25526238022508,one shared preloaded model
conv-30-qa-96,lalm,3.4251123809510666,6.406599999536411,85.41557499984265,95.24728738033012,one shared preloaded model
conv-30-qa-97,lalm,3.4251123809510666,6.506200001240359,85.41557499984265,95.34688738203407,one shared preloaded model
conv-30-qa-98,lalm,3.4251123809510666,6.278400000155671,85.41557499984265,95.11908738094938,one shared preloaded model
conv-30-qa-99,lalm,3.4251123809510666,5.702200000087032,85.41557499984265,94.54288738088074,one shared preloaded model
conv-30-qa-100,lalm,3.4251123809510666,6.73579999966023,71.61924999991243,81.78016238052372,one shared preloaded model
conv-30-qa-101,lalm,3.4251123809510666,9.537100000670762,71.61924999991243,84.58146238153425,one shared preloaded model
conv-30-qa-102,lalm,3.4251123809510666,9.271000000808272,71.61924999991243,84.31536238167176,one shared preloaded model
conv-30-qa-103,lalm,3.4251123809510666,8.402500001466251,71.61924999991243,83.44686238232974,one shared preloaded model
conv-30-qa-104,lalm,3.4251123809510666,7.182299999840325,171.11839999961376,181.72581238040516,one shared preloaded model
conv-41-qa-0,lalm,3.8182015544035197,8.976899998742738,85.18142499997339,97.97652655311964,one shared preloaded model
conv-41-qa-1,lalm,3.8182015544035197,5.340800000340096,85.18142499997339,94.340426554717,one shared preloaded model
conv-41-qa-2,lalm,3.8182015544035197,5.257799999526469,85.18142499997339,94.25742655390337,one shared preloaded model
conv-41-qa-3,lalm,3.8182015544035197,5.785199999081669,85.18142499997339,94.78482655345857,one shared preloaded model
conv-41-qa-4,lalm,3.8182015544035197,6.568200000401703,163.85520000039833,174.24160155520354,one shared preloaded model
conv-41-qa-5,lalm,3.8182015544035197,7.413199999064091,163.85520000039833,175.08660155386593,one shared preloaded model
conv-41-qa-6,lalm,3.8182015544035197,9.774099999049213,163.85520000039833,177.44750155385105,one shared preloaded model
conv-41-qa-7,lalm,3.8182015544035197,9.541400000671274,163.85520000039833,177.21480155547312,one shared preloaded model
conv-41-qa-8,lalm,3.8182015544035197,6.412400000044727,157.02890000011394,167.25950155456218,one shared preloaded model
conv-41-qa-9,lalm,3.8182015544035197,10.71109999975306,157.02890000011394,171.5582015542705,one shared preloaded model
conv-41-qa-10,lalm,3.8182015544035197,5.9938000013062265,157.02890000011394,166.84090155582368,one shared preloaded model
conv-41-qa-11,lalm,3.8182015544035197,5.635100000290549,157.02890000011394,166.482201554808,one shared preloaded model
conv-41-qa-12,lalm,3.8182015544035197,6.656800000200747,78.89339999974254,89.3684015543468,one shared preloaded model
conv-41-qa-13,lalm,3.8182015544035197,9.667100001024664,78.89339999974254,92.37870155517072,one shared preloaded model
conv-41-qa-14,lalm,3.8182015544035197,9.230699999534409,78.89339999974254,91.94230155368047,one shared preloaded model
conv-41-qa-15,lalm,3.8182015544035197,9.458399999857647,78.89339999974254,92.1700015540037,one shared preloaded model
conv-41-qa-16,lalm,3.8182015544035197,8.641200000056415,230.27554999998756,242.7349515544475,one shared preloaded model
conv-41-qa-17,lalm,3.8182015544035197,9.496200000285171,230.27554999998756,243.58995155467625,one shared preloaded model
conv-41-qa-18,lalm,3.8182015544035197,10.340699998778291,230.27554999998756,244.43445155316937,one shared preloaded model
conv-41-qa-19,lalm,3.8182015544035197,9.38990000031481,230.27554999998756,243.4836515547059,one shared preloaded model
conv-41-qa-20,lalm,3.8182015544035197,7.262699999046163,155.8060249999471,166.8869265533968,one shared preloaded model
conv-41-qa-21,lalm,3.8182015544035197,10.111899999174057,155.8060249999471,169.73612655352468,one shared preloaded model
conv-41-qa-22,lalm,3.8182015544035197,9.382400001413771,155.8060249999471,169.0066265557644,one shared preloaded model
conv-41-qa-23,lalm,3.8182015544035197,9.33660000009695,155.8060249999471,168.96082655444758,one shared preloaded model
conv-41-qa-24,lalm,3.8182015544035197,6.437200001528254,147.51327500016487,157.76867655609664,one shared preloaded model
conv-41-qa-25,lalm,3.8182015544035197,5.372100000386126,147.51327500016487,156.7035765549545,one shared preloaded model
conv-41-qa-26,lalm,3.8182015544035197,6.279499999436666,147.51327500016487,157.61097655400505,one shared preloaded model
conv-41-qa-27,lalm,3.8182015544035197,9.99480000064068,147.51327500016487,161.32627655520906,one shared preloaded model
conv-41-qa-28,lalm,3.8182015544035197,6.649000000834349,130.48752499980765,140.9547265550455,one shared preloaded model
conv-41-qa-29,lalm,3.8182015544035197,10.008299999753945,130.48752499980765,144.3140265539651,one shared preloaded model
conv-41-qa-30,lalm,3.8182015544035197,9.524999999484862,130.48752499980765,143.83072655369602,one shared preloaded model
conv-41-qa-31,lalm,3.8182015544035197,9.171699999569682,130.48752499980765,143.47742655378084,one shared preloaded model
conv-41-qa-32,lalm,3.8182015544035197,7.08919999851787,87.8389250001419,98.74632655306328,one shared preloaded model
conv-41-qa-33,lalm,3.8182015544035197,10.069199999634293,87.8389250001419,101.7263265541797,one shared preloaded model
conv-41-qa-34,lalm,3.8182015544035197,9.695900000224356,87.8389250001419,101.35302655476977,one shared preloaded model
conv-41-qa-35,lalm,3.8182015544035197,6.107900000642985,87.8389250001419,97.7650265551884,one shared preloaded model
conv-41-qa-36,lalm,3.8182015544035197,6.3408000005438225,101.90019999981814,112.05920155476548,one shared preloaded model
conv-41-qa-37,lalm,3.8182015544035197,9.78459999896586,101.90019999981814,115.50300155318752,one shared preloaded model
conv-41-qa-38,lalm,3.8182015544035197,9.751800000231015,101.90019999981814,115.47020155445267,one shared preloaded model
conv-41-qa-39,lalm,3.8182015544035197,9.110599999985425,101.90019999981814,114.82900155420708,one shared preloaded model
conv-41-qa-40,lalm,3.8182015544035197,6.527300000016112,162.23727500027962,172.58277655469925,one shared preloaded model
conv-41-qa-41,lalm,3.8182015544035197,10.022999998909654,162.23727500027962,176.0784765535928,one shared preloaded model
conv-41-qa-42,lalm,3.8182015544035197,9.255599999960396,162.23727500027962,175.31107655464353,one shared preloaded model
conv-41-qa-43,lalm,3.8182015544035197,9.075699999812059,162.23727500027962,175.1311765544952,one shared preloaded model
conv-41-qa-44,lalm,3.8182015544035197,6.88810000065132,157.20822499997666,167.9145265550315,one shared preloaded model
conv-41-qa-45,lalm,3.8182015544035197,9.708900000987342,157.20822499997666,170.73532655536752,one shared preloaded model
conv-41-qa-46,lalm,3.8182015544035197,9.301400001277216,157.20822499997666,170.3278265556574,one shared preloaded model
conv-41-qa-47,lalm,3.8182015544035197,9.340000000520376,157.20822499997666,170.36642655490056,one shared preloaded model
conv-41-qa-48,lalm,3.8182015544035197,6.165400000099908,155.73689999973794,165.72050155424137,one shared preloaded model
conv-41-qa-49,lalm,3.8182015544035197,9.475500000917236,155.73689999973794,169.0306015550587,one shared preloaded model
conv-41-qa-50,lalm,3.8182015544035197,6.079300001147203,155.73689999973794,165.63440155528866,one shared preloaded model
conv-41-qa-51,lalm,3.8182015544035197,6.154700000479352,155.73689999973794,165.7098015546208,one shared preloaded model
conv-41-qa-52,lalm,3.8182015544035197,6.896599999890896,151.11832499997035,161.83312655426477,one shared preloaded model
conv-41-qa-53,lalm,3.8182015544035197,9.5567000007577,151.11832499997035,164.49322655513157,one shared preloaded model
conv-41-qa-54,lalm,3.8182015544035197,9.476299999732873,151.11832499997035,164.41282655410674,one shared preloaded model
conv-41-qa-55,lalm,3.8182015544035197,9.472899999309448,151.11832499997035,164.40942655368332,one shared preloaded model
conv-41-qa-56,lalm,3.8182015544035197,6.470899999840185,173.3046499998636,183.5937515541073,one shared preloaded model
conv-41-qa-57,lalm,3.8182015544035197,9.506800000963267,173.3046499998636,186.6296515552304,one shared preloaded model
conv-41-qa-58,lalm,3.8182015544035197,9.684099999503815,173.3046499998636,186.80695155377094,one shared preloaded model
conv-41-qa-59,lalm,3.8182015544035197,9.279599998990307,173.3046499998636,186.40245155325744,one shared preloaded model
conv-41-qa-60,lalm,3.8182015544035197,6.463199999416247,80.86390000016763,91.1453015539874,one shared preloaded model
conv-41-qa-61,lalm,3.8182015544035197,9.480200000325567,80.86390000016763,94.16230155489671,one shared preloaded model
conv-41-qa-62,lalm,3.8182015544035197,9.587500000634464,80.86390000016763,94.26960155520561,one shared preloaded model
conv-41-qa-63,lalm,3.8182015544035197,9.212400000251364,80.86390000016763,93.89450155482251,one shared preloaded model
conv-41-qa-64,lalm,3.8182015544035197,6.4656000013201265,155.4588999997577,165.74270155548135,one shared preloaded model
conv-41-qa-65,lalm,3.8182015544035197,9.452399999645422,155.4588999997577,168.72950155380664,one shared preloaded model
conv-41-qa-66,lalm,3.8182015544035197,9.943700000803801,155.4588999997577,169.22080155496502,one shared preloaded model
conv-41-qa-67,lalm,3.8182015544035197,9.813799999392359,155.4588999997577,169.09090155355358,one shared preloaded model
conv-41-qa-68,lalm,3.8182015544035197,6.396799999492941,82.03104999984134,92.2460515537378,one shared preloaded model
conv-41-qa-69,lalm,3.8182015544035197,9.258699999918463,82.03104999984134,95.10795155416332,one shared preloaded model
conv-41-qa-70,lalm,3.8182015544035197,10.410599999886472,82.03104999984134,96.25985155413133,one shared preloaded model
conv-41-qa-71,lalm,3.8182015544035197,9.227599999576341,82.03104999984134,95.0768515538212,one shared preloaded model
conv-41-qa-72,lalm,3.8182015544035197,7.102500001565204,84.29067499992016,95.21137655588888,one shared preloaded model
conv-41-qa-73,lalm,3.8182015544035197,9.998999999879743,84.29067499992016,98.10787655420341,one shared preloaded model
conv-41-qa-74,lalm,3.8182015544035197,9.98020000042743,84.29067499992016,98.0890765547511,one shared preloaded model
conv-41-qa-75,lalm,3.8182015544035197,9.007499998915591,84.29067499992016,97.11637655323926,one shared preloaded model
conv-41-qa-76,lalm,3.8182015544035197,6.197700000484474,102.7859000000717,112.8018015549597,one shared preloaded model
conv-41-qa-77,lalm,3.8182015544035197,5.211300000155461,102.7859000000717,111.81540155463068,one shared preloaded model
conv-41-qa-78,lalm,3.8182015544035197,6.480300000475836,102.7859000000717,113.08440155495106,one shared preloaded model
conv-41-qa-79,lalm,3.8182015544035197,7.028899999568239,102.7859000000717,113.63300155404346,one shared preloaded model
conv-41-qa-80,lalm,3.8182015544035197,6.531099999847356,86.6424000000734,96.99170155432427,one shared preloaded model
conv-41-qa-81,lalm,3.8182015544035197,6.14300000052026,86.6424000000734,96.60360155499717,one shared preloaded model
conv-41-qa-82,lalm,3.8182015544035197,6.405099999028607,86.6424000000734,96.86570155350552,one shared preloaded model
conv-41-qa-83,lalm,3.8182015544035197,9.518799999568728,86.6424000000734,99.97940155404564,one shared preloaded model
conv-41-qa-84,lalm,3.8182015544035197,6.496799998785718,98.37112500008516,108.68612655327439,one shared preloaded model
conv-41-qa-85,lalm,3.8182015544035197,6.794999999328866,98.37112500008516,108.98432655381754,one shared preloaded model
conv-41-qa-86,lalm,3.8182015544035197,6.673500000033528,98.37112500008516,108.8628265545222,one shared preloaded model
conv-41-qa-87,lalm,3.8182015544035197,6.810000000768923,98.37112500008516,108.9993265552576,one shared preloaded model
conv-41-qa-88,lalm,3.8182015544035197,6.4509999992878875,164.9136000000908,175.1828015537822,one shared preloaded model
conv-41-qa-89,lalm,3.8182015544035197,9.823899999901187,164.9136000000908,178.5557015543955,one shared preloaded model
conv-41-qa-90,lalm,3.8182015544035197,10.15479999841773,164.9136000000908,178.88660155291205,one shared preloaded model
conv-41-qa-91,lalm,3.8182015544035197,9.69259999874339,164.9136000000908,178.42440155323771,one shared preloaded model
conv-41-qa-92,lalm,3.8182015544035197,6.349600000248756,141.9962499999201,152.16405155457238,one shared preloaded model
conv-41-qa-93,lalm,3.8182015544035197,10.780399999930523,141.9962499999201,156.59485155425415,one shared preloaded model
conv-41-qa-94,lalm,3.8182015544035197,10.420399999929941,141.9962499999201,156.23485155425357,one shared preloaded model
conv-41-qa-95,lalm,3.8182015544035197,9.44080000044778,141.9962499999201,155.2552515547714,one shared preloaded model
conv-41-qa-96,lalm,3.8182015544035197,5.924299999605864,120.9183750002012,130.66087655421057,one shared preloaded model
conv-41-qa-97,lalm,3.8182015544035197,5.548000000999309,120.9183750002012,130.28457655560402,one shared preloaded model
conv-41-qa-98,lalm,3.8182015544035197,10.399799999504467,120.9183750002012,135.13637655410918,one shared preloaded model
conv-41-qa-99,lalm,3.8182015544035197,9.637099999963539,120.9183750002012,134.37367655456825,one shared preloaded model
conv-41-qa-100,lalm,3.8182015544035197,8.507299999109819,144.3080750000263,156.63357655353963,one shared preloaded model
conv-41-qa-101,lalm,3.8182015544035197,10.218299999905867,144.3080750000263,158.34457655433567,one shared preloaded model
conv-41-qa-102,lalm,3.8182015544035197,10.12530000116385,144.3080750000263,158.25157655559366,one shared preloaded model
conv-41-qa-103,lalm,3.8182015544035197,9.863800001767231,144.3080750000263,157.99007655619704,one shared preloaded model
conv-41-qa-104,lalm,3.8182015544035197,8.43449999956647,197.87684999982957,210.12955155379956,one shared preloaded model
conv-41-qa-105,lalm,3.8182015544035197,9.085800000320887,197.87684999982957,210.78085155455398,one shared preloaded model
conv-41-qa-106,lalm,3.8182015544035197,10.613000000375905,197.87684999982957,212.308051554609,one shared preloaded model
conv-41-qa-107,lalm,3.8182015544035197,10.099500001160777,197.87684999982957,211.79455155539387,one shared preloaded model
conv-41-qa-108,lalm,3.8182015544035197,6.20350000099279,291.25887500003955,301.28057655543586,one shared preloaded model
conv-41-qa-109,lalm,3.8182015544035197,6.877699999677134,291.25887500003955,301.9547765541202,one shared preloaded model
conv-41-qa-110,lalm,3.8182015544035197,6.567399999767076,291.25887500003955,301.64447655421014,one shared preloaded model
conv-41-qa-111,lalm,3.8182015544035197,6.498400000054971,291.25887500003955,301.57547655449804,one shared preloaded model
conv-41-qa-112,lalm,3.8182015544035197,6.228400001418777,92.27095000005647,102.31755155587877,one shared preloaded model
conv-41-qa-113,lalm,3.8182015544035197,10.54889999977604,92.27095000005647,106.63805155423603,one shared preloaded model
conv-41-qa-114,lalm,3.8182015544035197,11.478500000521308,92.27095000005647,107.5676515549813,one shared preloaded model
conv-41-qa-115,lalm,3.8182015544035197,7.169399999838788,92.27095000005647,103.25855155429878,one shared preloaded model
conv-41-qa-116,lalm,3.8182015544035197,6.674500000372063,201.90064999997048,212.39335155474606,one shared preloaded model
conv-41-qa-117,lalm,3.8182015544035197,6.219899998541223,201.90064999997048,211.93875155291522,one shared preloaded model
conv-41-qa-118,lalm,3.8182015544035197,9.69989999975951,201.90064999997048,215.4187515541335,one shared preloaded model
conv-41-qa-119,lalm,3.8182015544035197,9.891799998513306,201.90064999997048,215.6106515528873,one shared preloaded model
conv-41-qa-120,lalm,3.8182015544035197,6.5117999984067865,178.05512500035547,188.38512655316578,one shared preloaded model
conv-41-qa-121,lalm,3.8182015544035197,5.124600000272039,178.05512500035547,186.99792655503103,one shared preloaded model
conv-41-qa-122,lalm,3.8182015544035197,5.529500000193366,178.05512500035547,187.40282655495236,one shared preloaded model
conv-41-qa-123,lalm,3.8182015544035197,9.545200000502518,178.05512500035547,191.4185265552615,one shared preloaded model
conv-41-qa-124,lalm,3.8182015544035197,9.531199999400997,251.52282499993817,264.8722265537427,one shared preloaded model
conv-41-qa-125,lalm,3.8182015544035197,9.939099998518941,251.52282499993817,265.2801265528606,one shared preloaded model
conv-41-qa-126,lalm,3.8182015544035197,9.298999999373336,251.52282499993817,264.640026553715,one shared preloaded model
conv-41-qa-127,lalm,3.8182015544035197,9.675100000094972,251.52282499993817,265.01612655443665,one shared preloaded model
conv-41-qa-128,lalm,3.8182015544035197,6.721900001139147,102.46299999971598,113.00310155525864,one shared preloaded model
conv-41-qa-129,lalm,3.8182015544035197,9.926700000505662,102.46299999971598,116.20790155462515,one shared preloaded model
conv-41-qa-130,lalm,3.8182015544035197,9.414899999683257,102.46299999971598,115.69610155380275,one shared preloaded model
conv-41-qa-131,lalm,3.8182015544035197,10.01650000034715,102.46299999971598,116.29770155446664,one shared preloaded model
conv-41-qa-132,lalm,3.8182015544035197,6.109899999501067,160.53109999984372,170.4592015537483,one shared preloaded model
conv-41-qa-133,lalm,3.8182015544035197,9.914500000377302,160.53109999984372,174.26380155462454,one shared preloaded model
conv-41-qa-134,lalm,3.8182015544035197,9.725600000820123,160.53109999984372,174.07490155506736,one shared preloaded model
conv-41-qa-135,lalm,3.8182015544035197,9.736899999552406,160.53109999984372,174.08620155379964,one shared preloaded model
conv-41-qa-136,lalm,3.8182015544035197,6.224800001291442,169.88892500012298,179.93192655581794,one shared preloaded model
conv-41-qa-137,lalm,3.8182015544035197,5.738599998949212,169.88892500012298,179.4457265534757,one shared preloaded model
conv-41-qa-138,lalm,3.8182015544035197,7.428299999446608,169.88892500012298,181.1354265539731,one shared preloaded model
conv-41-qa-139,lalm,3.8182015544035197,9.731699999974808,169.88892500012298,183.4388265545013,one shared preloaded model
conv-41-qa-140,lalm,3.8182015544035197,7.6314999987516785,139.6110249997946,151.0607265529498,one shared preloaded model
conv-41-qa-141,lalm,3.8182015544035197,10.089600000355858,139.6110249997946,153.51882655455398,one shared preloaded model
conv-41-qa-142,lalm,3.8182015544035197,9.549000000333763,139.6110249997946,152.9782265545319,one shared preloaded model
conv-41-qa-143,lalm,3.8182015544035197,9.75530000141589,139.6110249997946,153.184526555614,one shared preloaded model
conv-41-qa-144,lalm,3.8182015544035197,9.37080000039714,154.56592500004263,167.75492655484328,one shared preloaded model
conv-41-qa-145,lalm,3.8182015544035197,9.9127999983466,154.56592500004263,168.29692655279274,one shared preloaded model
conv-41-qa-146,lalm,3.8182015544035197,9.533000000374159,154.56592500004263,167.9171265548203,one shared preloaded model
conv-41-qa-147,lalm,3.8182015544035197,9.328299998742295,154.56592500004263,167.71242655318844,one shared preloaded model
conv-41-qa-148,lalm,3.8182015544035197,6.538399999044486,106.29827499997191,116.65487655341991,one shared preloaded model
conv-41-qa-149,lalm,3.8182015544035197,9.421999999176478,106.29827499997191,119.5384765535519,one shared preloaded model
conv-41-qa-150,lalm,3.8182015544035197,10.03619999937655,106.29827499997191,120.15267655375197,one shared preloaded model
conv-41-qa-151,lalm,3.8182015544035197,10.23919999897771,106.29827499997191,120.35567655335313,one shared preloaded model
conv-41-qa-152,lalm,3.8182015544035197,8.413900000959984,87.1090999999069,99.3412015552704,one shared preloaded model
conv-41-qa-153,lalm,3.8182015544035197,6.70439999885275,87.1090999999069,97.63170155316317,one shared preloaded model
conv-41-qa-154,lalm,3.8182015544035197,6.257400000322377,87.1090999999069,97.1847015546328,one shared preloaded model
conv-41-qa-155,lalm,3.8182015544035197,5.9053000004496425,87.1090999999069,96.83260155476006,one shared preloaded model
conv-41-qa-156,lalm,3.8182015544035197,6.864999999379506,87.71262499976729,98.39582655355031,one shared preloaded model
conv-41-qa-157,lalm,3.8182015544035197,9.794300000066869,87.71262499976729,101.32512655423767,one shared preloaded model
conv-41-qa-158,lalm,3.8182015544035197,9.57860000016808,87.71262499976729,101.10942655433888,one shared preloaded model
conv-41-qa-159,lalm,3.8182015544035197,10.005399999499787,87.71262499976729,101.53622655367059,one shared preloaded model
conv-41-qa-160,lalm,3.8182015544035197,6.624800000281539,88.38702499997453,98.83002655465958,one shared preloaded model
conv-41-qa-161,lalm,3.8182015544035197,7.872599999245722,88.38702499997453,100.07782655362377,one shared preloaded model
conv-41-qa-162,lalm,3.8182015544035197,5.781899999419693,88.38702499997453,97.98712655379774,one shared preloaded model
conv-41-qa-163,lalm,3.8182015544035197,9.098699998503434,88.38702499997453,101.30392655288148,one shared preloaded model
conv-41-qa-164,lalm,3.8182015544035197,5.924500001128763,86.91395000005286,96.65665155558514,one shared preloaded model
conv-41-qa-165,lalm,3.8182015544035197,5.300500000885222,86.91395000005286,96.0326515553416,one shared preloaded model
conv-41-qa-166,lalm,3.8182015544035197,6.308500000159256,86.91395000005286,97.04065155461564,one shared preloaded model
conv-41-qa-167,lalm,3.8182015544035197,6.905800000822637,86.91395000005286,97.63795155527902,one shared preloaded model
conv-41-qa-168,lalm,3.8182015544035197,6.637200000113808,110.19750000014028,120.6529015546576,one shared preloaded model
conv-41-qa-169,lalm,3.8182015544035197,6.320199998299358,110.19750000014028,120.33590155284315,one shared preloaded model
conv-41-qa-170,lalm,3.8182015544035197,9.714899999380577,110.19750000014028,123.73060155392437,one shared preloaded model
conv-41-qa-171,lalm,3.8182015544035197,9.821699999520206,110.19750000014028,123.837401554064,one shared preloaded model
conv-41-qa-172,lalm,3.8182015544035197,6.3241000007110415,81.85684999989462,91.99915155500918,one shared preloaded model
conv-41-qa-173,lalm,3.8182015544035197,5.467899998620851,81.85684999989462,91.14295155291899,one shared preloaded model
conv-41-qa-174,lalm,3.8182015544035197,9.892399999444024,81.85684999989462,95.56745155374216,one shared preloaded model
conv-41-qa-175,lalm,3.8182015544035197,9.58840000021155,81.85684999989462,95.26345155450969,one shared preloaded model
conv-41-qa-176,lalm,3.8182015544035197,6.790100000216626,99.33507499999905,109.94337655461919,one shared preloaded model
conv-41-qa-177,lalm,3.8182015544035197,10.25159999880998,99.33507499999905,113.40487655321255,one shared preloaded model
conv-41-qa-178,lalm,3.8182015544035197,10.564500000327826,99.33507499999905,113.71777655473039,one shared preloaded model
conv-41-qa-179,lalm,3.8182015544035197,10.567999999693711,99.33507499999905,113.72127655409628,one shared preloaded model
conv-41-qa-180,lalm,3.8182015544035197,6.545600001118146,82.04415000000154,92.4079515555232,one shared preloaded model
conv-41-qa-181,lalm,3.8182015544035197,9.363000001030741,82.04415000000154,95.2253515554358,one shared preloaded model
conv-41-qa-182,lalm,3.8182015544035197,10.77620000069146,82.04415000000154,96.63855155509651,one shared preloaded model
conv-41-qa-183,lalm,3.8182015544035197,9.285599999202532,82.04415000000154,95.14795155360758,one shared preloaded model
conv-41-qa-184,lalm,3.8182015544035197,7.283900000402355,82.33447500015245,93.43657655495832,one shared preloaded model
conv-41-qa-185,lalm,3.8182015544035197,10.608200000206125,82.33447500015245,96.76087655476209,one shared preloaded model
conv-41-qa-186,lalm,3.8182015544035197,9.671200001321267,82.33447500015245,95.82387655587723,one shared preloaded model
conv-41-qa-187,lalm,3.8182015544035197,9.248899999874993,82.33447500015245,95.40157655443096,one shared preloaded model
conv-41-qa-188,lalm,3.8182015544035197,7.001599999057362,87.83649999986665,98.65630155332752,one shared preloaded model
conv-41-qa-189,lalm,3.8182015544035197,10.411600000225008,87.83649999986665,102.06630155449517,one shared preloaded model
conv-41-qa-190,lalm,3.8182015544035197,9.51100000020233,87.83649999986665,101.16570155447249,one shared preloaded model
conv-41-qa-191,lalm,3.8182015544035197,9.324000000560773,87.83649999986665,100.97870155483093,one shared preloaded model
conv-41-qa-192,lalm,3.8182015544035197,7.133699999030796,512.2551000004023,523.2070015538367,one shared preloaded model
conv-42-qa-0,lalm,2.575411923079138,9.652200000346056,81.63215000013224,93.85976192355744,one shared preloaded model
conv-42-qa-1,lalm,2.575411923079138,9.792900000320515,81.63215000013224,94.0004619235319,one shared preloaded model
conv-42-qa-2,lalm,2.575411923079138,9.296500000345986,81.63215000013224,93.50406192355737,one shared preloaded model
conv-42-qa-3,lalm,2.575411923079138,9.30759999937436,81.63215000013224,93.51516192258575,one shared preloaded model
conv-42-qa-4,lalm,2.575411923079138,6.568699998751981,160.83237500015457,169.9764869219857,one shared preloaded model
conv-42-qa-5,lalm,2.575411923079138,5.188299999645096,160.83237500015457,168.5960869228788,one shared preloaded model
conv-42-qa-6,lalm,2.575411923079138,6.447399999160552,160.83237500015457,169.85518692239427,one shared preloaded model
conv-42-qa-7,lalm,2.575411923079138,5.313800000294577,160.83237500015457,168.7215869235283,one shared preloaded model
conv-42-qa-8,lalm,2.575411923079138,6.226400000741705,103.33362499977738,112.13543692359823,one shared preloaded model
conv-42-qa-9,lalm,2.575411923079138,10.093400000187103,103.33362499977738,116.00243692304363,one shared preloaded model
conv-42-qa-10,lalm,2.575411923079138,9.550400000080117,103.33362499977738,115.45943692293665,one shared preloaded model
conv-42-qa-11,lalm,2.575411923079138,9.247900001355447,103.33362499977738,115.15693692421198,one shared preloaded model
conv-42-qa-12,lalm,2.575411923079138,6.521500001326785,174.92412499996135,184.02103692436728,one shared preloaded model
conv-42-qa-13,lalm,2.575411923079138,9.861200000159442,174.92412499996135,187.36073692319994,one shared preloaded model
conv-42-qa-14,lalm,2.575411923079138,9.209199999531847,174.92412499996135,186.70873692257234,one shared preloaded model
conv-42-qa-15,lalm,2.575411923079138,9.317799998825649,174.92412499996135,186.81733692186614,one shared preloaded model
conv-42-qa-16,lalm,2.575411923079138,5.958300000202144,123.7113249999311,132.24503692321238,one shared preloaded model
conv-42-qa-17,lalm,2.575411923079138,5.192300000999239,123.7113249999311,131.47903692400948,one shared preloaded model
conv-42-qa-18,lalm,2.575411923079138,6.068400000003749,123.7113249999311,132.355136923014,one shared preloaded model
conv-42-qa-19,lalm,2.575411923079138,9.875699999611243,123.7113249999311,136.16243692262148,one shared preloaded model
conv-42-qa-20,lalm,2.575411923079138,6.248899999263813,209.7817000003488,218.60601192269175,one shared preloaded model
conv-42-qa-21,lalm,2.575411923079138,7.810899998730747,209.7817000003488,220.16801192215868,one shared preloaded model
conv-42-qa-22,lalm,2.575411923079138,6.009099999573664,209.7817000003488,218.3662119230016,one shared preloaded model
conv-42-qa-23,lalm,2.575411923079138,6.707500000629807,209.7817000003488,219.06461192405774,one shared preloaded model
conv-42-qa-24,lalm,2.575411923079138,6.648099999438273,166.11779999993814,175.34131192245556,one shared preloaded model
conv-42-qa-25,lalm,2.575411923079138,6.038800000169431,166.11779999993814,174.73201192318672,one shared preloaded model
conv-42-qa-26,lalm,2.575411923079138,10.116699999343837,166.11779999993814,178.80991192236112,one shared preloaded model
conv-42-qa-27,lalm,2.575411923079138,9.46730000032403,166.11779999993814,178.16051192334132,one shared preloaded model
conv-42-qa-28,lalm,2.575411923079138,7.363400000031106,170.85787499991056,180.79668692302081,one shared preloaded model
conv-42-qa-29,lalm,2.575411923079138,10.33129999996163,170.85787499991056,183.76458692295134,one shared preloaded model
conv-42-qa-30,lalm,2.575411923079138,9.31490000039048,170.85787499991056,182.7481869233802,one shared preloaded model
conv-42-qa-31,lalm,2.575411923079138,9.042300000146497,170.85787499991056,182.4755869231362,one shared preloaded model
conv-42-qa-32,lalm,2.575411923079138,5.977400000119815,197.83602500001507,206.38883692321403,one shared preloaded model
conv-42-qa-33,lalm,2.575411923079138,10.142799999812269,197.83602500001507,210.55423692290648,one shared preloaded model
conv-42-qa-34,lalm,2.575411923079138,9.260200000426266,197.83602500001507,209.67163692352048,one shared preloaded model
conv-42-qa-35,lalm,2.575411923079138,9.22549999995681,197.83602500001507,209.63693692305102,one shared preloaded model
conv-42-qa-36,lalm,2.575411923079138,6.91729999925883,160.6288749999294,170.12158692226737,one shared preloaded model
conv-42-qa-37,lalm,2.575411923079138,9.799700001167366,160.6288749999294,173.0039869241759,one shared preloaded model
conv-42-qa-38,lalm,2.575411923079138,9.581400001479778,160.6288749999294,172.78568692448832,one shared preloaded model
conv-42-qa-39,lalm,2.575411923079138,9.239200000592973,160.6288749999294,172.4434869236015,one shared preloaded model
conv-42-qa-40,lalm,2.575411923079138,6.273499999224441,154.62509999997565,163.47401192227923,one shared preloaded model
conv-42-qa-41,lalm,2.575411923079138,7.457100000465289,154.62509999997565,164.65761192352008,one shared preloaded model
conv-42-qa-42,lalm,2.575411923079138,6.076799998481874,154.62509999997565,163.27731192153666,one shared preloaded model
conv-42-qa-43,lalm,2.575411923079138,6.128199998784112,154.62509999997565,163.3287119218389,one shared preloaded model
conv-42-qa-44,lalm,2.575411923079138,6.139900000562193,209.99987499999406,218.7151869236354,one shared preloaded model
conv-42-qa-45,lalm,2.575411923079138,6.110399999670335,209.99987499999406,218.68568692274354,one shared preloaded model
conv-42-qa-46,lalm,2.575411923079138,5.9016000013798475,209.99987499999406,218.47688692445305,one shared preloaded model
conv-42-qa-47,lalm,2.575411923079138,6.507199999759905,209.99987499999406,219.0824869228331,one shared preloaded model
conv-42-qa-48,lalm,2.575411923079138,5.885900000066613,151.87782499970126,160.33913692284702,one shared preloaded model
conv-42-qa-49,lalm,2.575411923079138,8.036999999603722,151.87782499970126,162.49023692238413,one shared preloaded model
conv-42-qa-50,lalm,2.575411923079138,7.308299998840084,151.87782499970126,161.7615369216205,one shared preloaded model
conv-42-qa-51,lalm,2.575411923079138,9.667399999671034,151.87782499970126,164.12063692245144,one shared preloaded model
conv-42-qa-52,lalm,2.575411923079138,6.54940000094939,155.3567750002003,164.48158692422882,one shared preloaded model
conv-42-qa-53,lalm,2.575411923079138,6.162600000607199,155.3567750002003,164.09478692388663,one shared preloaded model
conv-42-qa-54,lalm,2.575411923079138,6.061000000045169,155.3567750002003,163.9931869233246,one shared preloaded model
conv-42-qa-55,lalm,2.575411923079138,6.514799999422394,155.3567750002003,164.44698692270183,one shared preloaded model
conv-42-qa-56,lalm,2.575411923079138,6.061099998987629,79.74867499979155,88.38518692185832,one shared preloaded model
conv-42-qa-57,lalm,2.575411923079138,7.429100000081235,79.74867499979155,89.75318692295193,one shared preloaded model
conv-42-qa-58,lalm,2.575411923079138,9.412399998836918,79.74867499979155,91.73648692170761,one shared preloaded model
conv-42-qa-59,lalm,2.575411923079138,9.443799999644398,79.74867499979155,91.76788692251509,one shared preloaded model
conv-42-qa-60,lalm,2.575411923079138,6.3522999989800155,87.41654999994353,96.34426192200269,one shared preloaded model
conv-42-qa-61,lalm,2.575411923079138,8.739300001252559,87.41654999994353,98.73126192427523,one shared preloaded model
conv-42-qa-62,lalm,2.575411923079138,9.711300001072232,87.41654999994353,99.7032619240949,one shared preloaded model
conv-42-qa-63,lalm,2.575411923079138,9.292999999161111,87.41654999994353,99.28496192218378,one shared preloaded model
conv-42-qa-64,lalm,2.575411923079138,6.231800000023213,148.1048750001719,156.91208692327425,one shared preloaded model
conv-42-qa-65,lalm,2.575411923079138,10.09899999917252,148.1048750001719,160.77928692242355,one shared preloaded model
conv-42-qa-66,lalm,2.575411923079138,8.857299999363022,148.1048750001719,159.53758692261405,one shared preloaded model
conv-42-qa-67,lalm,2.575411923079138,5.304199999955017,148.1048750001719,155.98448692320605,one shared preloaded model
conv-42-qa-68,lalm,2.575411923079138,6.329800000457908,73.58690000000934,82.49211192354639,one shared preloaded model
conv-42-qa-69,lalm,2.575411923079138,8.073200000580982,73.58690000000934,84.23551192366946,one shared preloaded model
conv-42-qa-70,lalm,2.575411923079138,9.730499999932363,73.58690000000934,85.89281192302084,one shared preloaded model
conv-42-qa-71,lalm,2.575411923079138,9.476100000028964,73.58690000000934,85.63841192311745,one shared preloaded model
conv-42-qa-72,lalm,2.575411923079138,6.321400000160793,164.5093000001907,173.40611192343064,one shared preloaded model
conv-42-qa-73,lalm,2.575411923079138,5.397400000219932,164.5093000001907,172.48211192348978,one shared preloaded model
conv-42-qa-74,lalm,2.575411923079138,10.145899999770336,164.5093000001907,177.2306119230402,one shared preloaded model
conv-42-qa-75,lalm,2.575411923079138,10.06969999980356,164.5093000001907,177.1544119230734,one shared preloaded model
conv-42-qa-76,lalm,2.575411923079138,6.438899999920977,170.68837499982692,179.70268692282704,one shared preloaded model
conv-42-qa-77,lalm,2.575411923079138,6.292999998549931,170.68837499982692,179.556786921456,one shared preloaded model
conv-42-qa-78,lalm,2.575411923079138,6.15269999980228,170.68837499982692,179.41648692270834,one shared preloaded model
conv-42-qa-79,lalm,2.575411923079138,6.329199999527191,170.68837499982692,179.59298692243325,one shared preloaded model
conv-42-qa-80,lalm,2.575411923079138,6.013399999574176,87.94665000004898,96.5354619227023,one shared preloaded model
conv-42-qa-81,lalm,2.575411923079138,5.170000000362052,87.94665000004898,95.69206192349017,one shared preloaded model
conv-42-qa-82,lalm,2.575411923079138,8.088599999609869,87.94665000004898,98.61066192273799,one shared preloaded model
conv-42-qa-83,lalm,2.575411923079138,9.721000000354252,87.94665000004898,100.24306192348237,one shared preloaded model
conv-42-qa-84,lalm,2.575411923079138,6.477599999925587,136.70744999990347,145.7604619229082,one shared preloaded model
conv-42-qa-85,lalm,2.575411923079138,10.305900001185364,136.70744999990347,149.58876192416798,one shared preloaded model
conv-42-qa-86,lalm,2.575411923079138,9.2374000014388,136.70744999990347,148.52026192442142,one shared preloaded model
conv-42-qa-87,lalm,2.575411923079138,10.234700001092278,136.70744999990347,149.5175619240749,one shared preloaded model
conv-42-qa-88,lalm,2.575411923079138,6.857500000478467,112.3444500003643,121.77736192392192,one shared preloaded model
conv-42-qa-89,lalm,2.575411923079138,6.360699999277131,112.3444500003643,121.28056192272058,one shared preloaded model
conv-42-qa-90,lalm,2.575411923079138,10.250899998936802,112.3444500003643,125.17076192238025,one shared preloaded model
conv-42-qa-91,lalm,2.575411923079138,10.329500000807457,112.3444500003643,125.2493619242509,one shared preloaded model
conv-42-qa-92,lalm,2.575411923079138,6.810299999415292,99.12970000004862,108.51541192254305,one shared preloaded model
conv-42-qa-93,lalm,2.575411923079138,6.71640000109619,99.12970000004862,108.42151192422395,one shared preloaded model
conv-42-qa-94,lalm,2.575411923079138,7.445899998856476,99.12970000004862,109.15101192198424,one shared preloaded model
conv-42-qa-95,lalm,2.575411923079138,5.443100000775303,99.12970000004862,107.14821192390306,one shared preloaded model
conv-42-qa-96,lalm,2.575411923079138,6.011299999954645,168.64227499991102,177.2289869229448,one shared preloaded model
conv-42-qa-97,lalm,2.575411923079138,8.628199999293429,168.64227499991102,179.8458869222836,one shared preloaded model
conv-42-qa-98,lalm,2.575411923079138,9.604999999282882,168.64227499991102,180.82268692227305,one shared preloaded model
conv-42-qa-99,lalm,2.575411923079138,6.918800001585623,168.64227499991102,178.1364869245758,one shared preloaded model
conv-42-qa-100,lalm,2.575411923079138,8.531800000127987,384.23245000012685,395.33966192333395,one shared preloaded model
conv-42-qa-101,lalm,2.575411923079138,6.273400000281981,384.23245000012685,393.08126192348794,one shared preloaded model
conv-42-qa-102,lalm,2.575411923079138,6.459299998823553,384.23245000012685,393.2671619220295,one shared preloaded model
conv-42-qa-103,lalm,2.575411923079138,6.121699998402619,384.23245000012685,392.9295619216086,one shared preloaded model
conv-42-qa-104,lalm,2.575411923079138,6.090100001529208,214.5177249999506,223.18323692455894,one shared preloaded model
conv-42-qa-105,lalm,2.575411923079138,6.782000000384869,214.5177249999506,223.8751369234146,one shared preloaded model
conv-42-qa-106,lalm,2.575411923079138,7.551599999715108,214.5177249999506,224.64473692274484,one shared preloaded model
conv-42-qa-107,lalm,2.575411923079138,6.096400000387803,214.5177249999506,223.18953692341753,one shared preloaded model
conv-42-qa-108,lalm,2.575411923079138,5.82360000043991,82.17590000003838,90.57491192355744,one shared preloaded model
conv-42-qa-109,lalm,2.575411923079138,5.730099999709637,82.17590000003838,90.48141192282716,one shared preloaded model
conv-42-qa-110,lalm,2.575411923079138,9.925700000167126,82.17590000003838,94.67701192328465,one shared preloaded model
conv-42-qa-111,lalm,2.575411923079138,9.146999998847605,82.17590000003838,93.89831192196513,one shared preloaded model
conv-42-qa-112,lalm,2.575411923079138,6.818399999247049,84.95377500003087,94.34758692235707,one shared preloaded model
conv-42-qa-113,lalm,2.575411923079138,8.671600000525359,84.95377500003087,96.20078692363538,one shared preloaded model
conv-42-qa-114,lalm,2.575411923079138,9.641999999075779,84.95377500003087,97.1711869221858,one shared preloaded model
conv-42-qa-115,lalm,2.575411923079138,9.257600000637467,84.95377500003087,96.78678692374748,one shared preloaded model
conv-42-qa-116,lalm,2.575411923079138,8.026199999221717,119.82429999989108,130.42591192219194,one shared preloaded model
conv-42-qa-117,lalm,2.575411923079138,6.651300000157789,119.82429999989108,129.05101192312802,one shared preloaded model
conv-42-qa-118,lalm,2.575411923079138,6.362399999488844,119.82429999989108,128.76211192245907,one shared preloaded model
conv-42-qa-119,lalm,2.575411923079138,6.216199999471428,119.82429999989108,128.61591192244165,one shared preloaded model
conv-42-qa-120,lalm,2.575411923079138,7.564999999885913,156.51922500001092,166.65963692297598,one shared preloaded model
conv-42-qa-121,lalm,2.575411923079138,9.674699998868164,156.51922500001092,168.76933692195823,one shared preloaded model
conv-42-qa-122,lalm,2.575411923079138,9.73619999967923,156.51922500001092,168.8308369227693,one shared preloaded model
conv-42-qa-123,lalm,2.575411923079138,9.087200000067241,156.51922500001092,168.1818369231573,one shared preloaded model
conv-42-qa-124,lalm,2.575411923079138,6.091600000218023,203.67114999999103,212.3381619232882,one shared preloaded model
conv-42-qa-125,lalm,2.575411923079138,10.428300000057789,203.67114999999103,216.67486192312796,one shared preloaded model
conv-42-qa-126,lalm,2.575411923079138,9.621799999877112,203.67114999999103,215.8683619229473,one shared preloaded model
conv-42-qa-127,lalm,2.575411923079138,9.319200000390992,203.67114999999103,215.56576192346117,one shared preloaded model
conv-42-qa-128,lalm,2.575411923079138,7.380500001090695,110.28974999999264,120.24566192416248,one shared preloaded model
conv-42-qa-129,lalm,2.575411923079138,9.403600000950973,110.28974999999264,122.26876192402275,one shared preloaded model
conv-42-qa-130,lalm,2.575411923079138,9.6149000000878,110.28974999999264,122.48006192315958,one shared preloaded model
conv-42-qa-131,lalm,2.575411923079138,9.17220000155794,110.28974999999264,122.03736192462972,one shared preloaded model
conv-42-qa-132,lalm,2.575411923079138,6.259899999349727,82.20522500005245,91.04053692248132,one shared preloaded model
conv-42-qa-133,lalm,2.575411923079138,7.034399999611196,82.20522500005245,91.81503692274279,one shared preloaded model
conv-42-qa-134,lalm,2.575411923079138,6.280600000536651,82.20522500005245,91.06123692366825,one shared preloaded model
conv-42-qa-135,lalm,2.575411923079138,5.990099998598453,82.20522500005245,90.77073692173005,one shared preloaded model
conv-42-qa-136,lalm,2.575411923079138,6.967600000280072,90.80597499996657,100.34898692332578,one shared preloaded model
conv-42-qa-137,lalm,2.575411923079138,9.568499999659252,90.80597499996657,102.94988692270496,one shared preloaded model
conv-42-qa-138,lalm,2.575411923079138,5.346399999325513,90.80597499996657,98.72778692237122,one shared preloaded model
conv-42-qa-139,lalm,2.575411923079138,9.671900001194444,90.80597499996657,103.05328692424015,one shared preloaded model
conv-42-qa-140,lalm,2.575411923079138,6.346099999063881,158.25600000016493,167.17751192230796,one shared preloaded model
conv-42-qa-141,lalm,2.575411923079138,10.351699998864206,158.25600000016493,171.18311192210828,one shared preloaded model
conv-42-qa-142,lalm,2.575411923079138,9.229100000084145,158.25600000016493,170.06051192332822,one shared preloaded model
conv-42-qa-143,lalm,2.575411923079138,10.026699999798439,158.25600000016493,170.85811192304251,one shared preloaded model
conv-42-qa-144,lalm,2.575411923079138,6.825200000093901,108.09005000010075,117.49066192327379,one shared preloaded model
conv-42-qa-145,lalm,2.575411923079138,10.579699999652803,108.09005000010075,121.2451619228327,one shared preloaded model
conv-42-qa-146,lalm,2.575411923079138,9.441199999855598,108.09005000010075,120.10666192303549,one shared preloaded model
conv-42-qa-147,lalm,2.575411923079138,9.56199999927776,108.09005000010075,120.22746192245765,one shared preloaded model
conv-42-qa-148,lalm,2.575411923079138,6.917000000612461,152.85147499980667,162.34388692349827,one shared preloaded model
conv-42-qa-149,lalm,2.575411923079138,5.776500000138185,152.85147499980667,161.203386923024,one shared preloaded model
conv-42-qa-150,lalm,2.575411923079138,7.055600000967388,152.85147499980667,162.4824869238532,one shared preloaded model
conv-42-qa-151,lalm,2.575411923079138,6.420800000341842,152.85147499980667,161.84768692322766,one shared preloaded model
conv-42-qa-152,lalm,2.575411923079138,8.129100000587641,87.93247499988865,98.63698692355544,one shared preloaded model
conv-42-qa-153,lalm,2.575411923079138,10.509299998375354,87.93247499988865,101.01718692134315,one shared preloaded model
conv-42-qa-154,lalm,2.575411923079138,10.304199999154662,87.93247499988865,100.81208692212246,one shared preloaded model
conv-42-qa-155,lalm,2.575411923079138,9.807700000237674,87.93247499988865,100.31558692320547,one shared preloaded model
conv-42-qa-156,lalm,2.575411923079138,6.551599999511382,146.84189999979935,155.96891192238988,one shared preloaded model
conv-42-qa-157,lalm,2.575411923079138,10.172299998885137,146.84189999979935,159.58961192176363,one shared preloaded model
conv-42-qa-158,lalm,2.575411923079138,10.669600000255741,146.84189999979935,160.08691192313424,one shared preloaded model
conv-42-qa-159,lalm,2.575411923079138,10.016399999585701,146.84189999979935,159.4337119224642,one shared preloaded model
conv-42-qa-160,lalm,2.575411923079138,6.613900000957074,106.99440000007598,116.1837119241122,one shared preloaded model
conv-42-qa-161,lalm,2.575411923079138,10.047499999927823,106.99440000007598,119.61731192308295,one shared preloaded model
conv-42-qa-162,lalm,2.575411923079138,10.574999998425483,106.99440000007598,120.14481192158061,one shared preloaded model
conv-42-qa-163,lalm,2.575411923079138,9.418499999810592,106.99440000007598,118.98831192296572,one shared preloaded model
conv-42-qa-164,lalm,2.575411923079138,6.638700000621611,193.17880000016885,202.3929119238696,one shared preloaded model
conv-42-qa-165,lalm,2.575411923079138,10.210700000243378,193.17880000016885,205.96491192349137,one shared preloaded model
conv-42-qa-166,lalm,2.575411923079138,9.542100000544451,193.17880000016885,205.29631192379244,one shared preloaded model
conv-42-qa-167,lalm,2.575411923079138,9.493200001088553,193.17880000016885,205.24741192433655,one shared preloaded model
conv-42-qa-168,lalm,2.575411923079138,6.663699999990058,374.64777500008495,383.8868869231541,one shared preloaded model
conv-42-qa-169,lalm,2.575411923079138,5.2978000003349734,374.64777500008495,382.52098692349904,one shared preloaded model
conv-42-qa-170,lalm,2.575411923079138,9.76499999887892,374.64777500008495,386.988186922043,one shared preloaded model
conv-42-qa-171,lalm,2.575411923079138,9.572400000251946,374.64777500008495,386.795586923416,one shared preloaded model
conv-42-qa-172,lalm,2.575411923079138,6.321099999695434,100.01245000012204,108.90896192289662,one shared preloaded model
conv-42-qa-173,lalm,2.575411923079138,5.740700000387733,100.01245000012204,108.32856192358892,one shared preloaded model
conv-42-qa-174,lalm,2.575411923079138,6.624899999223999,100.01245000012204,109.21276192242519,one shared preloaded model
conv-42-qa-175,lalm,2.575411923079138,6.166899998788722,100.01245000012204,108.75476192198991,one shared preloaded model
conv-42-qa-176,lalm,2.575411923079138,6.571199999598321,147.5731000000451,156.71971192272255,one shared preloaded model
conv-42-qa-177,lalm,2.575411923079138,10.045400000308291,147.5731000000451,160.19391192343252,one shared preloaded model
conv-42-qa-178,lalm,2.575411923079138,9.614700000383891,147.5731000000451,159.76321192350812,one shared preloaded model
conv-42-qa-179,lalm,2.575411923079138,10.0892999998905,147.5731000000451,160.23781192301473,one shared preloaded model
conv-42-qa-180,lalm,2.575411923079138,6.18659999963711,133.30120000000534,142.0632119227216,one shared preloaded model
conv-42-qa-181,lalm,2.575411923079138,5.479100000229664,133.30120000000534,141.35571192331415,one shared preloaded model
conv-42-qa-182,lalm,2.575411923079138,5.678099998476682,133.30120000000534,141.55471192156116,one shared preloaded model
conv-42-qa-183,lalm,2.575411923079138,7.386499999483931,133.30120000000534,143.2631119225684,one shared preloaded model
conv-42-qa-184,lalm,2.575411923079138,8.461600000373437,87.75262500012104,98.78963692357362,one shared preloaded model
conv-42-qa-185,lalm,2.575411923079138,9.947700000338955,87.75262500012104,100.27573692353914,one shared preloaded model
conv-42-qa-186,lalm,2.575411923079138,9.805499999856693,87.75262500012104,100.13353692305688,one shared preloaded model
conv-42-qa-187,lalm,2.575411923079138,9.81080000019574,87.75262500012104,100.13883692339593,one shared preloaded model
conv-42-qa-188,lalm,2.575411923079138,6.502899999759393,255.69022499985294,264.76853692269145,one shared preloaded model
conv-42-qa-189,lalm,2.575411923079138,9.768199999598437,255.69022499985294,268.0338369225305,one shared preloaded model
conv-42-qa-190,lalm,2.575411923079138,6.814000000304077,255.69022499985294,265.07963692323614,one shared preloaded model
conv-42-qa-191,lalm,2.575411923079138,6.029199999829871,255.69022499985294,264.29483692276193,one shared preloaded model
conv-42-qa-192,lalm,2.575411923079138,6.26870000087365,460.7545249996292,469.598636923582,one shared preloaded model
conv-42-qa-193,lalm,2.575411923079138,5.578199999945355,460.7545249996292,468.9081369226537,one shared preloaded model
conv-42-qa-194,lalm,2.575411923079138,5.8441999990463955,460.7545249996292,469.1741369217547,one shared preloaded model
conv-42-qa-195,lalm,2.575411923079138,6.669000000329106,460.7545249996292,469.99893692303743,one shared preloaded model
conv-42-qa-196,lalm,2.575411923079138,6.620000000111759,132.59462500036534,141.79003692355624,one shared preloaded model
conv-42-qa-197,lalm,2.575411923079138,10.068899999168934,132.59462500036534,145.23893692261342,one shared preloaded model
conv-42-qa-198,lalm,2.575411923079138,9.69470000018191,132.59462500036534,144.8647369236264,one shared preloaded model
conv-42-qa-199,lalm,2.575411923079138,9.528200000204379,132.59462500036534,144.69823692364886,one shared preloaded model
conv-42-qa-200,lalm,2.575411923079138,6.4978000009432435,83.78987500009316,92.86308692411555,one shared preloaded model
conv-42-qa-201,lalm,2.575411923079138,9.708400000818074,83.78987500009316,96.07368692399038,one shared preloaded model
conv-42-qa-202,lalm,2.575411923079138,9.139999998296844,83.78987500009316,95.50528692146915,one shared preloaded model
conv-42-qa-203,lalm,2.575411923079138,9.392299998580711,83.78987500009316,95.75758692175302,one shared preloaded model
conv-42-qa-204,lalm,2.575411923079138,6.811399998696288,86.76409999998214,96.15091192175757,one shared preloaded model
conv-42-qa-205,lalm,2.575411923079138,9.550499999022577,86.76409999998214,98.89001192208386,one shared preloaded model
conv-42-qa-206,lalm,2.575411923079138,9.227499998814892,86.76409999998214,98.56701192187617,one shared preloaded model
conv-42-qa-207,lalm,2.575411923079138,10.288499999660417,86.76409999998214,99.6280119227217,one shared preloaded model
conv-42-qa-208,lalm,2.575411923079138,6.837900000391528,100.50624999985303,109.9195619233237,one shared preloaded model
conv-42-qa-209,lalm,2.575411923079138,9.790699999939534,100.50624999985303,112.8723619228717,one shared preloaded model
conv-42-qa-210,lalm,2.575411923079138,10.085699999763165,100.50624999985303,113.16736192269533,one shared preloaded model
conv-42-qa-211,lalm,2.575411923079138,9.197000001222477,100.50624999985303,112.27866192415465,one shared preloaded model
conv-42-qa-212,lalm,2.575411923079138,6.754699999873992,78.83692499990502,88.16703692285816,one shared preloaded model
conv-42-qa-213,lalm,2.575411923079138,9.654399998908048,78.83692499990502,91.06673692189221,one shared preloaded model
conv-42-qa-214,lalm,2.575411923079138,9.856700000455021,78.83692499990502,91.26903692343919,one shared preloaded model
conv-42-qa-215,lalm,2.575411923079138,9.152300001005642,78.83692499990502,90.56463692398981,one shared preloaded model
conv-42-qa-216,lalm,2.575411923079138,7.065199999487959,78.64670000026308,88.28731192283018,one shared preloaded model
conv-42-qa-217,lalm,2.575411923079138,9.901899999022135,78.64670000026308,91.12401192236436,one shared preloaded model
conv-42-qa-218,lalm,2.575411923079138,9.793100000024424,78.64670000026308,91.01521192336665,one shared preloaded model
conv-42-qa-219,lalm,2.575411923079138,9.48679999964952,78.64670000026308,90.70891192299175,one shared preloaded model
conv-42-qa-220,lalm,2.575411923079138,6.277000000409316,234.1545250001218,243.00693692361025,one shared preloaded model
conv-42-qa-221,lalm,2.575411923079138,10.566500001004897,234.1545250001218,247.29643692420584,one shared preloaded model
conv-42-qa-222,lalm,2.575411923079138,10.640500000590691,234.1545250001218,247.37043692379163,one shared preloaded model
conv-42-qa-223,lalm,2.575411923079138,7.228300000861054,234.1545250001218,243.958236924062,one shared preloaded model
conv-42-qa-224,lalm,2.575411923079138,6.6948000003321795,85.07164999991801,94.34186192332933,one shared preloaded model
conv-42-qa-225,lalm,2.575411923079138,9.524299999611685,85.07164999991801,97.17136192260884,one shared preloaded model
conv-42-qa-226,lalm,2.575411923079138,10.096199999679811,85.07164999991801,97.74326192267696,one shared preloaded model
conv-42-qa-227,lalm,2.575411923079138,9.376100000736187,85.07164999991801,97.02316192373334,one shared preloaded model
conv-42-qa-228,lalm,2.575411923079138,6.68260000020382,81.23087500007387,90.48888692335683,one shared preloaded model
conv-42-qa-229,lalm,2.575411923079138,9.686900000815513,81.23087500007387,93.49318692396852,one shared preloaded model
conv-42-qa-230,lalm,2.575411923079138,9.35869999921124,81.23087500007387,93.16498692236425,one shared preloaded model
conv-42-qa-231,lalm,2.575411923079138,9.404299999005161,81.23087500007387,93.21058692215817,one shared preloaded model
conv-42-qa-232,lalm,2.575411923079138,6.763400000636466,82.29847500024334,91.63728692395895,one shared preloaded model
conv-42-qa-233,lalm,2.575411923079138,9.860100000878447,82.29847500024334,94.73398692420093,one shared preloaded model
conv-42-qa-234,lalm,2.575411923079138,10.040600000138511,82.29847500024334,94.914486923461,one shared preloaded model
conv-42-qa-235,lalm,2.575411923079138,10.053299998617149,82.29847500024334,94.92718692193964,one shared preloaded model
conv-42-qa-236,lalm,2.575411923079138,6.7799999997077975,104.77005000029749,114.12546192308443,one shared preloaded model
conv-42-qa-237,lalm,2.575411923079138,9.807600001295214,104.77005000029749,117.15306192467185,one shared preloaded model
conv-42-qa-238,lalm,2.575411923079138,10.461199999554083,104.77005000029749,117.80666192293072,one shared preloaded model
conv-42-qa-239,lalm,2.575411923079138,9.103299998969305,104.77005000029749,116.44876192234594,one shared preloaded model
conv-42-qa-240,lalm,2.575411923079138,6.642800000918214,97.78677500025879,107.00498692425614,one shared preloaded model
conv-42-qa-241,lalm,2.575411923079138,9.9248999995325,97.78677500025879,110.28708692287043,one shared preloaded model
conv-42-qa-242,lalm,2.575411923079138,9.226400001352886,97.78677500025879,109.58858692469082,one shared preloaded model
conv-42-qa-243,lalm,2.575411923079138,9.394000000611413,97.78677500025879,109.75618692394934,one shared preloaded model
conv-42-qa-244,lalm,2.575411923079138,5.818300000100862,172.8464249999888,181.24013692316882,one shared preloaded model
conv-42-qa-245,lalm,2.575411923079138,5.275199999232427,172.8464249999888,180.69703692230038,one shared preloaded model
conv-42-qa-246,lalm,2.575411923079138,6.192500000906875,172.8464249999888,181.61433692397483,one shared preloaded model
conv-42-qa-247,lalm,2.575411923079138,9.797700000490295,172.8464249999888,185.21953692355825,one shared preloaded model
conv-42-qa-248,lalm,2.575411923079138,7.146300000385963,79.16299999988041,88.88471192334552,one shared preloaded model
conv-42-qa-249,lalm,2.575411923079138,10.102799999003764,79.16299999988041,91.84121192196332,one shared preloaded model
conv-42-qa-250,lalm,2.575411923079138,9.782799999811687,79.16299999988041,91.52121192277124,one shared preloaded model
conv-42-qa-251,lalm,2.575411923079138,10.117599998920923,79.16299999988041,91.85601192188048,one shared preloaded model
conv-42-qa-252,lalm,2.575411923079138,6.296999999904074,80.28442500017263,89.15683692315585,one shared preloaded model
conv-42-qa-253,lalm,2.575411923079138,5.142800000612624,80.28442500017263,88.0026369238644,one shared preloaded model
conv-42-qa-254,lalm,2.575411923079138,5.128599999807193,80.28442500017263,87.98843692305897,one shared preloaded model
conv-42-qa-255,lalm,2.575411923079138,5.806500001199311,80.28442500017263,88.66633692445109,one shared preloaded model
conv-42-qa-256,lalm,2.575411923079138,6.244000000151573,121.79172500009372,130.61113692332444,one shared preloaded model
conv-42-qa-257,lalm,2.575411923079138,6.293200000072829,121.79172500009372,130.6603369232457,one shared preloaded model
conv-42-qa-258,lalm,2.575411923079138,5.942600000707898,121.79172500009372,130.30973692388076,one shared preloaded model
conv-42-qa-259,lalm,2.575411923079138,6.64870000036899,121.79172500009372,131.01583692354185,one shared preloaded model
conv-43-qa-0,lalm,2.64298057850997,5.881499999304651,391.30184999976336,399.826330577578,one shared preloaded model
conv-43-qa-1,lalm,2.64298057850997,5.74860000051558,391.30184999976336,399.69343057878893,one shared preloaded model
conv-43-qa-2,lalm,2.64298057850997,7.641100000910228,391.30184999976336,401.5859305791836,one shared preloaded model
conv-43-qa-3,lalm,2.64298057850997,5.626399999528076,391.30184999976336,399.57123057780143,one shared preloaded model
conv-43-qa-4,lalm,2.64298057850997,8.54330000038317,88.97195000008651,100.15823057897964,one shared preloaded model
conv-43-qa-5,lalm,2.64298057850997,6.655200000750483,88.97195000008651,98.27013057934695,one shared preloaded model
conv-43-qa-6,lalm,2.64298057850997,6.151300000055926,88.97195000008651,97.7662305786524,one shared preloaded model
conv-43-qa-7,lalm,2.64298057850997,6.38980000076117,88.97195000008651,98.00473057935764,one shared preloaded model
conv-43-qa-8,lalm,2.64298057850997,5.958099998679245,310.4895999999826,319.09068057717184,one shared preloaded model
conv-43-qa-9,lalm,2.64298057850997,6.417999999030144,310.4895999999826,319.55058057752274,one shared preloaded model
conv-43-qa-10,lalm,2.64298057850997,9.710299998914707,310.4895999999826,322.8428805774073,one shared preloaded model
conv-43-qa-11,lalm,2.64298057850997,9.257300000172108,310.4895999999826,322.3898805786647,one shared preloaded model
conv-43-qa-12,lalm,2.64298057850997,6.653000000369502,86.67422500002431,95.97020557890377,one shared preloaded model
conv-43-qa-13,lalm,2.64298057850997,9.552899999107467,86.67422500002431,98.87010557764174,one shared preloaded model
conv-43-qa-14,lalm,2.64298057850997,9.69499999882828,86.67422500002431,99.01220557736255,one shared preloaded model
conv-43-qa-15,lalm,2.64298057850997,9.549999998853309,86.67422500002431,98.86720557738758,one shared preloaded model
conv-43-qa-16,lalm,2.64298057850997,6.703099999867845,88.6019499998838,97.94803057826161,one shared preloaded model
conv-43-qa-17,lalm,2.64298057850997,9.99500000034459,88.6019499998838,101.23993057873835,one shared preloaded model
conv-43-qa-18,lalm,2.64298057850997,9.739799999806564,88.6019499998838,100.98473057820033,one shared preloaded model
conv-43-qa-19,lalm,2.64298057850997,10.048199999801,88.6019499998838,101.29313057819476,one shared preloaded model
conv-43-qa-20,lalm,2.64298057850997,7.949599999847123,166.45280000011553,177.04538057847262,one shared preloaded model
conv-43-qa-21,lalm,2.64298057850997,5.112799999551498,166.45280000011553,174.208580578177,one shared preloaded model
conv-43-qa-22,lalm,2.64298057850997,7.15449999916018,166.45280000011553,176.25028057778567,one shared preloaded model
conv-43-qa-23,lalm,2.64298057850997,6.571100000655861,166.45280000011553,175.66688057928135,one shared preloaded model
conv-43-qa-24,lalm,2.64298057850997,6.436300000132178,100.62547500001529,109.70475557865743,one shared preloaded model
conv-43-qa-25,lalm,2.64298057850997,9.927600000082748,100.62547500001529,113.196055578608,one shared preloaded model
conv-43-qa-26,lalm,2.64298057850997,9.332400000857888,100.62547500001529,112.60085557938314,one shared preloaded model
conv-43-qa-27,lalm,2.64298057850997,6.924999999682768,100.62547500001529,110.19345557820802,one shared preloaded model
conv-43-qa-28,lalm,2.64298057850997,7.675099999687518,104.99364999986938,115.31173057806686,one shared preloaded model
conv-43-qa-29,lalm,2.64298057850997,6.168500000057975,104.99364999986938,113.80513057843731,one shared preloaded model
conv-43-qa-30,lalm,2.64298057850997,6.322600000203238,104.99364999986938,113.95923057858258,one shared preloaded model
conv-43-qa-31,lalm,2.64298057850997,6.572199999936856,104.99364999986938,114.2088305783162,one shared preloaded model
conv-43-qa-32,lalm,2.64298057850997,6.828999999925145,125.06634999999733,134.53833057843244,one shared preloaded model
conv-43-qa-33,lalm,2.64298057850997,9.902100000545033,125.06634999999733,137.61143057905232,one shared preloaded model
conv-43-qa-34,lalm,2.64298057850997,9.460600000238628,125.06634999999733,137.16993057874592,one shared preloaded model
conv-43-qa-35,lalm,2.64298057850997,9.296899999753805,125.06634999999733,137.0062305782611,one shared preloaded model
conv-43-qa-36,lalm,2.64298057850997,6.752999999662279,118.32034999997632,127.71633057814856,one shared preloaded model
conv-43-qa-37,lalm,2.64298057850997,9.573100000125123,118.32034999997632,130.5364305786114,one shared preloaded model
conv-43-qa-38,lalm,2.64298057850997,9.434800000235555,118.32034999997632,130.39813057872183,one shared preloaded model
conv-43-qa-39,lalm,2.64298057850997,9.213199999067001,118.32034999997632,130.17653057755328,one shared preloaded model
conv-43-qa-40,lalm,2.64298057850997,6.439400000090245,135.61174999995274,144.69413057855294,one shared preloaded model
conv-43-qa-41,lalm,2.64298057850997,5.02750000123342,135.61174999995274,143.28223057969612,one shared preloaded model
conv-43-qa-42,lalm,2.64298057850997,6.424400000469177,135.61174999995274,144.67913057893188,one shared preloaded model
conv-43-qa-43,lalm,2.64298057850997,6.0076999998273095,135.61174999995274,144.26243057829,one shared preloaded model
conv-43-qa-44,lalm,2.64298057850997,6.748400001015398,160.6310250003844,170.02240557990976,one shared preloaded model
conv-43-qa-45,lalm,2.64298057850997,9.575300000506104,160.6310250003844,172.84930557940046,one shared preloaded model
conv-43-qa-46,lalm,2.64298057850997,9.845299999142298,160.6310250003844,173.11930557803666,one shared preloaded model
conv-43-qa-47,lalm,2.64298057850997,9.608399999706307,160.6310250003844,172.88240557860067,one shared preloaded model
conv-43-qa-48,lalm,2.64298057850997,6.377400000928901,134.17112500019357,143.19150557963243,one shared preloaded model
conv-43-qa-49,lalm,2.64298057850997,9.99240000055579,134.17112500019357,146.80650557925932,one shared preloaded model
conv-43-qa-50,lalm,2.64298057850997,9.294299999965006,134.17112500019357,146.10840557866854,one shared preloaded model
conv-43-qa-51,lalm,2.64298057850997,9.16509999842674,134.17112500019357,145.97920557713027,one shared preloaded model
conv-43-qa-52,lalm,2.64298057850997,8.415899999818066,114.41659999991316,125.47548057824119,one shared preloaded model
conv-43-qa-53,lalm,2.64298057850997,6.317899998975918,114.41659999991316,123.37748057739904,one shared preloaded model
conv-43-qa-54,lalm,2.64298057850997,5.753100000220002,114.41659999991316,122.81268057864312,one shared preloaded model
conv-43-qa-55,lalm,2.64298057850997,6.846899999800371,114.41659999991316,123.9064805782235,one shared preloaded model
conv-43-qa-56,lalm,2.64298057850997,6.3826000005065,154.93610000021363,163.9616805792301,one shared preloaded model
conv-43-qa-57,lalm,2.64298057850997,9.42380000014964,154.93610000021363,167.00288057887323,one shared preloaded model
conv-43-qa-58,lalm,2.64298057850997,9.7552999995969,154.93610000021363,167.3343805783205,one shared preloaded model
conv-43-qa-59,lalm,2.64298057850997,9.148699999059318,154.93610000021363,166.7277805777829,one shared preloaded model
conv-43-qa-60,lalm,2.64298057850997,6.798800000979099,162.5522499998624,171.99403057935146,one shared preloaded model
conv-43-qa-61,lalm,2.64298057850997,7.790199999362812,162.5522499998624,172.98543057773517,one shared preloaded model
conv-43-qa-62,lalm,2.64298057850997,9.426199998415541,162.5522499998624,174.6214305767879,one shared preloaded model
conv-43-qa-63,lalm,2.64298057850997,9.198400000968832,162.5522499998624,174.3936305793412,one shared preloaded model
conv-43-qa-64,lalm,2.64298057850997,6.2266999993880745,102.17707499987227,111.04675557777031,one shared preloaded model
conv-43-qa-65,lalm,2.64298057850997,5.43189999916649,102.17707499987227,110.25195557754873,one shared preloaded model
conv-43-qa-66,lalm,2.64298057850997,6.9786000003659865,102.17707499987227,111.79865557874822,one shared preloaded model
conv-43-qa-67,lalm,2.64298057850997,6.32210000003397,102.17707499987227,111.14215557841621,one shared preloaded model
conv-43-qa-68,lalm,2.64298057850997,6.1818000012863195,150.32367499998145,159.14845557977773,one shared preloaded model
conv-43-qa-69,lalm,2.64298057850997,9.549000000333763,150.32367499998145,162.51565557882518,one shared preloaded model
conv-43-qa-70,lalm,2.64298057850997,11.39580000017304,150.32367499998145,164.36245557866445,one shared preloaded model
conv-43-qa-71,lalm,2.64298057850997,10.574100000667386,150.32367499998145,163.5407555791588,one shared preloaded model
conv-43-qa-72,lalm,2.64298057850997,6.316500001048553,116.8379749997257,125.79745557928422,one shared preloaded model
conv-43-qa-73,lalm,2.64298057850997,6.684300000415533,116.8379749997257,126.1652555786512,one shared preloaded model
conv-43-qa-74,lalm,2.64298057850997,6.317899998975918,116.8379749997257,125.79885557721158,one shared preloaded model
conv-43-qa-75,lalm,2.64298057850997,9.174300001177471,116.8379749997257,128.65525557941314,one shared preloaded model
conv-43-qa-76,lalm,2.64298057850997,6.291199999395758,162.53800000004048,171.4721805779462,one shared preloaded model
conv-43-qa-77,lalm,2.64298057850997,5.448199999591452,162.53800000004048,170.6291805781419,one shared preloaded model
conv-43-qa-78,lalm,2.64298057850997,5.428300000858144,162.53800000004048,170.6092805794086,one shared preloaded model
conv-43-qa-79,lalm,2.64298057850997,6.3449000008404255,162.53800000004048,171.52588057939087,one shared preloaded model
conv-43-qa-80,lalm,2.64298057850997,6.962399998883484,76.45367499981148,86.05905557720493,one shared preloaded model
conv-43-qa-81,lalm,2.64298057850997,10.167500000534346,76.45367499981148,89.26415557885579,one shared preloaded model
conv-43-qa-82,lalm,2.64298057850997,9.851300001173513,76.45367499981148,88.94795557949496,one shared preloaded model
conv-43-qa-83,lalm,2.64298057850997,9.87870000062685,76.45367499981148,88.9753555789483,one shared preloaded model
conv-43-qa-84,lalm,2.64298057850997,8.400099999562372,85.65379999981815,96.69688057789048,one shared preloaded model
conv-43-qa-85,lalm,2.64298057850997,10.076800001115771,85.65379999981815,98.37358057944388,one shared preloaded model
conv-43-qa-86,lalm,2.64298057850997,9.589400000550086,85.65379999981815,97.8861805788782,one shared preloaded model
conv-43-qa-87,lalm,2.64298057850997,9.446300000490737,85.65379999981815,97.74308057881885,one shared preloaded model
conv-43-qa-88,lalm,2.64298057850997,6.517999998322921,192.91924999970433,202.08023057653722,one shared preloaded model
conv-43-qa-89,lalm,2.64298057850997,9.773200001291116,192.91924999970433,205.3354305795054,one shared preloaded model
conv-43-qa-90,lalm,2.64298057850997,9.290399999372312,192.91924999970433,204.8526305775866,one shared preloaded model
conv-43-qa-91,lalm,2.64298057850997,10.020200001235935,192.91924999970433,205.58243057945023,one shared preloaded model
conv-43-qa-92,lalm,2.64298057850997,9.774399999514571,132.18742499975633,144.60480557778087,one shared preloaded model
conv-43-qa-93,lalm,2.64298057850997,6.557999999131425,132.18742499975633,141.38840557739772,one shared preloaded model
conv-43-qa-94,lalm,2.64298057850997,6.2556000011682045,132.18742499975633,141.0860055794345,one shared preloaded model
conv-43-qa-95,lalm,2.64298057850997,6.069499999284744,132.18742499975633,140.89990557755104,one shared preloaded model
conv-43-qa-96,lalm,2.64298057850997,6.017800000336138,190.83722499999567,199.49800557884177,one shared preloaded model
conv-43-qa-97,lalm,2.64298057850997,5.471100001159357,190.83722499999567,198.951305579665,one shared preloaded model
conv-43-qa-98,lalm,2.64298057850997,5.818699999508681,190.83722499999567,199.2989055780143,one shared preloaded model
conv-43-qa-99,lalm,2.64298057850997,6.614599999011261,190.83722499999567,200.0948055775169,one shared preloaded model
conv-43-qa-100,lalm,2.64298057850997,6.042200000592857,269.3168999999216,278.00208057902444,one shared preloaded model
conv-43-qa-101,lalm,2.64298057850997,5.351100000552833,269.3168999999216,277.3109805789844,one shared preloaded model
conv-43-qa-102,lalm,2.64298057850997,5.369200000131968,269.3168999999216,277.32908057856355,one shared preloaded model
conv-43-qa-103,lalm,2.64298057850997,6.174699999974109,269.3168999999216,278.1345805784057,one shared preloaded model
conv-43-qa-104,lalm,2.64298057850997,8.81400000071153,82.81674999989264,94.27373057911413,one shared preloaded model
conv-43-qa-105,lalm,2.64298057850997,8.388000000195461,82.81674999989264,93.84773057859806,one shared preloaded model
conv-43-qa-106,lalm,2.64298057850997,10.002600000007078,82.81674999989264,95.46233057840968,one shared preloaded model
conv-43-qa-107,lalm,2.64298057850997,9.169099999780883,82.81674999989264,94.62883057818348,one shared preloaded model
conv-43-qa-108,lalm,2.64298057850997,12.452299999495153,318.6316250003074,333.72690557831254,one shared preloaded model
conv-43-qa-109,lalm,2.64298057850997,9.589199999027187,318.6316250003074,330.8638055778446,one shared preloaded model
conv-43-qa-110,lalm,2.64298057850997,9.369099998366437,318.6316250003074,330.6437055771838,one shared preloaded model
conv-43-qa-111,lalm,2.64298057850997,10.239700000965968,318.6316250003074,331.51430557978335,one shared preloaded model
conv-43-qa-112,lalm,2.64298057850997,6.032900000718655,97.43222499992044,106.10810557914905,one shared preloaded model
conv-43-qa-113,lalm,2.64298057850997,9.318000000348547,97.43222499992044,109.39320557877895,one shared preloaded model
conv-43-qa-114,lalm,2.64298057850997,10.270000000673463,97.43222499992044,110.34520557910386,one shared preloaded model
conv-43-qa-115,lalm,2.64298057850997,10.544400000071619,97.43222499992044,110.61960557850202,one shared preloaded model
conv-43-qa-116,lalm,2.64298057850997,7.436600000801263,369.82497500002864,379.9045555793399,one shared preloaded model
conv-43-qa-117,lalm,2.64298057850997,10.35279999996419,369.82497500002864,382.8207555785028,one shared preloaded model
conv-43-qa-118,lalm,2.64298057850997,9.760400000232039,369.82497500002864,382.2283555787707,one shared preloaded model
conv-43-qa-119,lalm,2.64298057850997,9.052499999597785,369.82497500002864,381.5204555781364,one shared preloaded model
conv-43-qa-120,lalm,2.64298057850997,6.8346999996720115,134.63532500009023,144.1130055782722,one shared preloaded model
conv-43-qa-121,lalm,2.64298057850997,10.227300001133699,134.63532500009023,147.5056055797339,one shared preloaded model
conv-43-qa-122,lalm,2.64298057850997,9.566999999151449,134.63532500009023,146.84530557775165,one shared preloaded model
conv-43-qa-123,lalm,2.64298057850997,8.843999999953667,134.63532500009023,146.12230557855386,one shared preloaded model
conv-43-qa-124,lalm,2.64298057850997,7.082099999024649,201.59154999964812,211.31663057718274,one shared preloaded model
conv-43-qa-125,lalm,2.64298057850997,9.411299999555922,201.59154999964812,213.645830577714,one shared preloaded model
conv-43-qa-126,lalm,2.64298057850997,9.940199999618926,201.59154999964812,214.174730577777,one shared preloaded model
conv-43-qa-127,lalm,2.64298057850997,9.524599998258054,201.59154999964812,213.75913057641614,one shared preloaded model
conv-43-qa-128,lalm,2.64298057850997,6.396599999789032,234.48627500010844,243.52585557840743,one shared preloaded model
conv-43-qa-129,lalm,2.64298057850997,9.590300000127172,234.48627500010844,246.71955557874557,one shared preloaded model
conv-43-qa-130,lalm,2.64298057850997,10.174799999731476,234.48627500010844,247.30405557834987,one shared preloaded model
conv-43-qa-131,lalm,2.64298057850997,9.936399999787682,234.48627500010844,247.06565557840608,one shared preloaded model
conv-43-qa-132,lalm,2.64298057850997,6.0480000011011725,109.76032500002475,118.45130557963589,one shared preloaded model
conv-43-qa-133,lalm,2.64298057850997,9.976100000130828,109.76032500002475,122.37940557866554,one shared preloaded model
conv-43-qa-134,lalm,2.64298057850997,9.983100000681588,109.76032500002475,122.3864055792163,one shared preloaded model
conv-43-qa-135,lalm,2.64298057850997,9.536199999274686,109.76032500002475,121.9395055778094,one shared preloaded model
conv-43-qa-136,lalm,2.64298057850997,6.062399999791523,440.436050000244,449.1414305785455,one shared preloaded model
conv-43-qa-137,lalm,2.64298057850997,6.2719999987166375,440.436050000244,449.3510305774706,one shared preloaded model
conv-43-qa-138,lalm,2.64298057850997,6.798200000048382,440.436050000244,449.87723057880237,one shared preloaded model
conv-43-qa-139,lalm,2.64298057850997,6.359699998938595,440.436050000244,449.4387305776926,one shared preloaded model
conv-43-qa-140,lalm,2.64298057850997,6.35350000084145,156.83290000015404,165.82938057950545,one shared preloaded model
conv-43-qa-141,lalm,2.64298057850997,6.201899999723537,156.83290000015404,165.67778057838754,one shared preloaded model
conv-43-qa-142,lalm,2.64298057850997,7.28999999955704,156.83290000015404,166.76588057822104,one shared preloaded model
conv-43-qa-143,lalm,2.64298057850997,5.7458999999653315,156.83290000015404,165.22178057862934,one shared preloaded model
conv-43-qa-144,lalm,2.64298057850997,6.8244000012782635,85.83467499965991,95.30205557944814,one shared preloaded model
conv-43-qa-145,lalm,2.64298057850997,5.667100000209757,85.83467499965991,94.14475557837963,one shared preloaded model
conv-43-qa-146,lalm,2.64298057850997,9.184199998344411,85.83467499965991,97.66185557651428,one shared preloaded model
conv-43-qa-147,lalm,2.64298057850997,9.9222999997437,85.83467499965991,98.39995557791357,one shared preloaded model
conv-43-qa-148,lalm,2.64298057850997,8.819599999696948,83.92442500007746,95.38700557828437,one shared preloaded model
conv-43-qa-149,lalm,2.64298057850997,5.6191000003309455,83.92442500007746,92.18650557891837,one shared preloaded model
conv-43-qa-150,lalm,2.64298057850997,6.848099999842816,83.92442500007746,93.41550557843024,one shared preloaded model
conv-43-qa-151,lalm,2.64298057850997,6.365100000039092,83.92442500007746,92.93250557862652,one shared preloaded model
conv-43-qa-152,lalm,2.64298057850997,10.976800000207732,96.90964999981588,110.52943057853358,one shared preloaded model
conv-43-qa-153,lalm,2.64298057850997,10.398000000350294,96.90964999981588,109.95063057867614,one shared preloaded model
conv-43-qa-154,lalm,2.64298057850997,6.065100000341772,96.90964999981588,105.61773057866762,one shared preloaded model
conv-43-qa-155,lalm,2.64298057850997,5.103999999846565,96.90964999981588,104.65663057817241,one shared preloaded model
conv-43-qa-156,lalm,2.64298057850997,6.508200000098441,176.15269999987504,185.30388057848344,one shared preloaded model
conv-43-qa-157,lalm,2.64298057850997,6.522200001199963,176.15269999987504,185.31788057958497,one shared preloaded model
conv-43-qa-158,lalm,2.64298057850997,7.439099999828613,176.15269999987504,186.23478057821362,one shared preloaded model
conv-43-qa-159,lalm,2.64298057850997,6.852800001070136,176.15269999987504,185.64848057945514,one shared preloaded model
conv-43-qa-160,lalm,2.64298057850997,6.072199999834993,100.91624999995474,109.6314305782997,one shared preloaded model
conv-43-qa-161,lalm,2.64298057850997,5.737899999076035,100.91624999995474,109.29713057754074,one shared preloaded model
conv-43-qa-162,lalm,2.64298057850997,7.104599999365746,100.91624999995474,110.66383057783045,one shared preloaded model
conv-43-qa-163,lalm,2.64298057850997,9.278999999878579,100.91624999995474,112.83823057834329,one shared preloaded model
conv-43-qa-164,lalm,2.64298057850997,6.470199999967008,300.7633749998604,309.8765555783374,one shared preloaded model
conv-43-qa-165,lalm,2.64298057850997,5.42440000026545,300.7633749998604,308.83075557863583,one shared preloaded model
conv-43-qa-166,lalm,2.64298057850997,5.770099998699152,300.7633749998604,309.17645557706953,one shared preloaded model
conv-43-qa-167,lalm,2.64298057850997,5.797599998913938,300.7633749998604,309.2039555772843,one shared preloaded model
conv-43-qa-168,lalm,2.64298057850997,6.147600000986131,211.15737500031173,219.94795557980783,one shared preloaded model
conv-43-qa-169,lalm,2.64298057850997,6.905000000188011,211.15737500031173,220.7053555790097,one shared preloaded model
conv-43-qa-170,lalm,2.64298057850997,6.43339999987802,211.15737500031173,220.23375557869971,one shared preloaded model
conv-43-qa-171,lalm,2.64298057850997,6.006199999319506,211.15737500031173,219.8065555781412,one shared preloaded model
conv-43-qa-172,lalm,2.64298057850997,6.477299999460229,83.4751000002143,92.59538057818449,one shared preloaded model
conv-43-qa-173,lalm,2.64298057850997,5.386599999837927,83.4751000002143,91.50468057856219,one shared preloaded model
conv-43-qa-174,lalm,2.64298057850997,7.644600000276114,83.4751000002143,93.76268057900037,one shared preloaded model
conv-43-qa-175,lalm,2.64298057850997,6.00519999898097,83.4751000002143,92.12328057770523,one shared preloaded model
conv-43-qa-176,lalm,2.64298057850997,8.121700000629062,84.18187500001295,94.94655557915198,one shared preloaded model
conv-43-qa-177,lalm,2.64298057850997,9.363099999973201,84.18187500001295,96.18795557849612,one shared preloaded model
conv-43-qa-178,lalm,2.64298057850997,9.597199999916484,84.18187500001295,96.4220555784394,one shared preloaded model
conv-43-qa-179,lalm,2.64298057850997,9.22299999911047,84.18187500001295,96.04785557763338,one shared preloaded model
conv-43-qa-180,lalm,2.64298057850997,6.7555000005086185,87.72175000012794,97.12023057914652,one shared preloaded model
conv-43-qa-181,lalm,2.64298057850997,9.67560000026424,87.72175000012794,100.04033057890214,one shared preloaded model
conv-43-qa-182,lalm,2.64298057850997,9.60780000059458,87.72175000012794,99.97253057923248,one shared preloaded model
conv-43-qa-183,lalm,2.64298057850997,9.591199999704259,87.72175000012794,99.95593057834216,one shared preloaded model
conv-43-qa-184,lalm,2.64298057850997,5.875400000149966,83.62222499999916,92.14060557865909,one shared preloaded model
conv-43-qa-185,lalm,2.64298057850997,5.605399999694782,83.62222499999916,91.87060557820391,one shared preloaded model
conv-43-qa-186,lalm,2.64298057850997,8.012400001462083,83.62222499999916,94.27760557997121,one shared preloaded model
conv-43-qa-187,lalm,2.64298057850997,9.597500000381842,83.62222499999916,95.86270557889097,one shared preloaded model
conv-43-qa-188,lalm,2.64298057850997,6.364900000335183,89.02034999982789,98.02823057867303,one shared preloaded model
conv-43-qa-189,lalm,2.64298057850997,9.928899999067653,89.02034999982789,101.5922305774055,one shared preloaded model
conv-43-qa-190,lalm,2.64298057850997,9.367399999973713,89.02034999982789,101.03073057831156,one shared preloaded model
conv-43-qa-191,lalm,2.64298057850997,9.596199999577948,89.02034999982789,101.2595305779158,one shared preloaded model
conv-43-qa-192,lalm,2.64298057850997,6.572300000698306,138.39604999975563,147.6113305789639,one shared preloaded model
conv-43-qa-193,lalm,2.64298057850997,9.5763999997871,138.39604999975563,150.6154305780527,one shared preloaded model
conv-43-qa-194,lalm,2.64298057850997,9.52539999889268,138.39604999975563,150.56443057715828,one shared preloaded model
conv-43-qa-195,lalm,2.64298057850997,9.16249999863794,138.39604999975563,150.20153057690354,one shared preloaded model
conv-43-qa-196,lalm,2.64298057850997,8.138099999996484,90.74397499989573,101.52505557840217,one shared preloaded model
conv-43-qa-197,lalm,2.64298057850997,6.112700000812765,90.74397499989573,99.49965557921846,one shared preloaded model
conv-43-qa-198,lalm,2.64298057850997,9.603299999071169,90.74397499989573,102.99025557747686,one shared preloaded model
conv-43-qa-199,lalm,2.64298057850997,9.749899998496403,90.74397499989573,103.1368555769021,one shared preloaded model
conv-43-qa-200,lalm,2.64298057850997,6.8644000002677785,84.34182500013776,93.8492055789155,one shared preloaded model
conv-43-qa-201,lalm,2.64298057850997,10.077799999635317,84.34182500013776,97.06260557828304,one shared preloaded model
conv-43-qa-202,lalm,2.64298057850997,9.320400000433438,84.34182500013776,96.30520557908116,one shared preloaded model
conv-43-qa-203,lalm,2.64298057850997,6.088200001613586,84.34182500013776,93.07300558026131,one shared preloaded model
conv-43-qa-204,lalm,2.64298057850997,7.073299999319715,113.42839999997523,123.1446805778049,one shared preloaded model
conv-43-qa-205,lalm,2.64298057850997,9.96340000165219,113.42839999997523,126.03478058013738,one shared preloaded model
conv-43-qa-206,lalm,2.64298057850997,9.994099998948514,113.42839999997523,126.0654805774337,one shared preloaded model
conv-43-qa-207,lalm,2.64298057850997,9.282600000005914,113.42839999997523,125.3539805784911,one shared preloaded model
conv-43-qa-208,lalm,2.64298057850997,6.322399998680339,143.29947499982154,152.26485557701184,one shared preloaded model
conv-43-qa-209,lalm,2.64298057850997,9.649300000091898,143.29947499982154,155.5917555784234,one shared preloaded model
conv-43-qa-210,lalm,2.64298057850997,9.540299999571289,143.29947499982154,155.4827555779028,one shared preloaded model
conv-43-qa-211,lalm,2.64298057850997,9.366799999042996,143.29947499982154,155.3092555773745,one shared preloaded model
conv-43-qa-212,lalm,2.64298057850997,6.555899999511894,169.433525000386,178.63240557840786,one shared preloaded model
conv-43-qa-213,lalm,2.64298057850997,5.315399999744841,169.433525000386,177.3919055786408,one shared preloaded model
conv-43-qa-214,lalm,2.64298057850997,7.945100000142702,169.433525000386,180.02160557903866,one shared preloaded model
conv-43-qa-215,lalm,2.64298057850997,9.452300000702962,169.433525000386,181.52880557959892,one shared preloaded model
conv-43-qa-216,lalm,2.64298057850997,6.709499999487889,82.0298499997989,91.38233057779675,one shared preloaded model
conv-43-qa-217,lalm,2.64298057850997,10.17630000023928,82.0298499997989,94.84913057854814,one shared preloaded model
conv-43-qa-218,lalm,2.64298057850997,10.534900000493508,82.0298499997989,95.20773057880237,one shared preloaded model
conv-43-qa-219,lalm,2.64298057850997,5.0783999995474005,82.0298499997989,89.75123057785626,one shared preloaded model
conv-43-qa-220,lalm,2.64298057850997,7.071999998515821,146.27595000001747,155.99093057704326,one shared preloaded model
conv-43-qa-221,lalm,2.64298057850997,10.732400000051712,146.27595000001747,159.65133057857915,one shared preloaded model
conv-43-qa-222,lalm,2.64298057850997,10.075800000777235,146.27595000001747,158.99473057930467,one shared preloaded model
conv-43-qa-223,lalm,2.64298057850997,9.625000000596629,146.27595000001747,158.54393057912407,one shared preloaded model
conv-43-qa-224,lalm,2.64298057850997,6.869899998491746,135.1071249996494,144.6200055766511,one shared preloaded model
conv-43-qa-225,lalm,2.64298057850997,10.415400000056252,135.1071249996494,148.1655055782156,one shared preloaded model
conv-43-qa-226,lalm,2.64298057850997,9.677100000772043,135.1071249996494,147.4272055789314,one shared preloaded model
conv-43-qa-227,lalm,2.64298057850997,9.955899999113171,135.1071249996494,147.70600557727252,one shared preloaded model
conv-43-qa-228,lalm,2.64298057850997,6.476700000348501,89.47372499960693,98.5934055784654,one shared preloaded model
conv-43-qa-229,lalm,2.64298057850997,10.129199999937555,89.47372499960693,102.24590557805445,one shared preloaded model
conv-43-qa-230,lalm,2.64298057850997,9.937099999660859,89.47372499960693,102.05380557777775,one shared preloaded model
conv-43-qa-231,lalm,2.64298057850997,8.953699998528464,89.47372499960693,101.07040557664536,one shared preloaded model
conv-43-qa-232,lalm,2.64298057850997,6.1696999982814305,83.30277499999283,92.11545557678423,one shared preloaded model
conv-43-qa-233,lalm,2.64298057850997,10.027199999967706,83.30277499999283,95.9729555784705,one shared preloaded model
conv-43-qa-234,lalm,2.64298057850997,9.860399999524816,83.30277499999283,95.80615557802761,one shared preloaded model
conv-43-qa-235,lalm,2.64298057850997,9.871099999145372,83.30277499999283,95.81685557764817,one shared preloaded model
conv-43-qa-236,lalm,2.64298057850997,8.401200000662357,183.74549999998635,194.78968057915867,one shared preloaded model
conv-43-qa-237,lalm,2.64298057850997,10.339700000258745,183.74549999998635,196.72818057875506,one shared preloaded model
conv-43-qa-238,lalm,2.64298057850997,10.271099999954458,183.74549999998635,196.65958057845077,one shared preloaded model
conv-43-qa-239,lalm,2.64298057850997,9.395799999765586,183.74549999998635,195.7842805782619,one shared preloaded model
conv-43-qa-240,lalm,2.64298057850997,6.319899999652989,128.75030000031984,137.7131805784828,one shared preloaded model
conv-43-qa-241,lalm,2.64298057850997,10.539500000959379,128.75030000031984,141.93278057978918,one shared preloaded model
conv-44-qa-0,lalm,4.958222784807731,6.942800000615534,150.4634249999981,162.36444778542136,one shared preloaded model
conv-44-qa-1,lalm,4.958222784807731,5.980599999020342,150.4634249999981,161.40224778382617,one shared preloaded model
conv-44-qa-2,lalm,4.958222784807731,6.480399999418296,150.4634249999981,161.90204778422412,one shared preloaded model
conv-44-qa-3,lalm,4.958222784807731,6.591999999727705,150.4634249999981,162.01364778453353,one shared preloaded model
conv-44-qa-4,lalm,4.958222784807731,5.691799999112845,156.74882500024978,167.39884778417036,one shared preloaded model
conv-44-qa-5,lalm,4.958222784807731,6.719599999996717,156.74882500024978,168.42664778505423,one shared preloaded model
conv-44-qa-6,lalm,4.958222784807731,6.1508000017056474,156.74882500024978,167.85784778676316,one shared preloaded model
conv-44-qa-7,lalm,4.958222784807731,6.328499999654014,156.74882500024978,168.03554778471153,one shared preloaded model
conv-44-qa-8,lalm,4.958222784807731,6.0232999985601055,117.1024249997572,128.08394778312504,one shared preloaded model
conv-44-qa-9,lalm,4.958222784807731,6.654600001638755,117.1024249997572,128.7152477862037,one shared preloaded model
conv-44-qa-10,lalm,4.958222784807731,6.114600000728387,117.1024249997572,128.17524778529332,one shared preloaded model
conv-44-qa-11,lalm,4.958222784807731,5.225799999607261,117.1024249997572,127.2864477841722,one shared preloaded model
conv-44-qa-12,lalm,4.958222784807731,6.13820000035048,85.09027500031152,96.18669778546973,one shared preloaded model
conv-44-qa-13,lalm,4.958222784807731,5.5049999991751974,85.09027500031152,95.55349778429445,one shared preloaded model
conv-44-qa-14,lalm,4.958222784807731,5.412200000137091,85.09027500031152,95.46069778525634,one shared preloaded model
conv-44-qa-15,lalm,4.958222784807731,5.914100000154576,85.09027500031152,95.96259778527383,one shared preloaded model
conv-44-qa-16,lalm,4.958222784807731,5.9963000003335765,88.74282499982655,99.69734778496786,one shared preloaded model
conv-44-qa-17,lalm,4.958222784807731,8.25290000102541,88.74282499982655,101.9539477856597,one shared preloaded model
conv-44-qa-18,lalm,4.958222784807731,7.668400001421105,88.74282499982655,101.36944778605539,one shared preloaded model
conv-44-qa-19,lalm,4.958222784807731,6.5157999997609295,88.74282499982655,100.21684778439521,one shared preloaded model
conv-44-qa-20,lalm,4.958222784807731,6.425999999919441,132.15869999976348,143.54292278449066,one shared preloaded model
conv-44-qa-21,lalm,4.958222784807731,9.771000000910135,132.15869999976348,146.88792278548135,one shared preloaded model
conv-44-qa-22,lalm,4.958222784807731,9.568500001478242,132.15869999976348,146.68542278604946,one shared preloaded model
conv-44-qa-23,lalm,4.958222784807731,9.395799999765586,132.15869999976348,146.5127227843368,one shared preloaded model
conv-44-qa-24,lalm,4.958222784807731,6.119699999544537,157.58542500043404,168.6633477847863,one shared preloaded model
conv-44-qa-25,lalm,4.958222784807731,10.356400000091526,157.58542500043404,172.9000477853333,one shared preloaded model
conv-44-qa-26,lalm,4.958222784807731,10.349000000132946,157.58542500043404,172.89264778537472,one shared preloaded model
conv-44-qa-27,lalm,4.958222784807731,9.236699999746634,157.58542500043404,171.7803477849884,one shared preloaded model
conv-44-qa-28,lalm,4.958222784807731,6.543899999087444,143.57502500024566,155.07714778414083,one shared preloaded model
conv-44-qa-29,lalm,4.958222784807731,9.943300001395983,143.57502500024566,158.47654778644937,one shared preloaded model
conv-44-qa-30,lalm,4.958222784807731,9.427499999219435,143.57502500024566,157.96074778427283,one shared preloaded model
conv-44-qa-31,lalm,4.958222784807731,9.281399999963469,143.57502500024566,157.81464778501686,one shared preloaded model
conv-44-qa-32,lalm,4.958222784807731,6.102499999542488,96.10447500017472,107.16519778452493,one shared preloaded model
conv-44-qa-33,lalm,4.958222784807731,10.375799998655566,96.10447500017472,111.43849778363801,one shared preloaded model
conv-44-qa-34,lalm,4.958222784807731,9.46020000083081,96.10447500017472,110.52289778581326,one shared preloaded model
conv-44-qa-35,lalm,4.958222784807731,9.195900000122492,96.10447500017472,110.25859778510494,one shared preloaded model
conv-44-qa-36,lalm,4.958222784807731,6.555300000400166,158.7333249999574,170.2468477851653,one shared preloaded model
conv-44-qa-37,lalm,4.958222784807731,10.119200000190176,158.7333249999574,173.8107477849553,one shared preloaded model
conv-44-qa-38,lalm,4.958222784807731,9.929099998771562,158.7333249999574,173.6206477835367,one shared preloaded model
conv-44-qa-39,lalm,4.958222784807731,9.469499998886022,158.7333249999574,173.16104778365116,one shared preloaded model
conv-44-qa-40,lalm,4.958222784807731,6.2567000004492,101.78229999974064,112.99722278499758,one shared preloaded model
conv-44-qa-41,lalm,4.958222784807731,5.277899999782676,101.78229999974064,112.01842278433105,one shared preloaded model
conv-44-qa-42,lalm,4.958222784807731,6.176200000481913,101.78229999974064,112.91672278503029,one shared preloaded model
conv-44-qa-43,lalm,4.958222784807731,6.119600000602077,101.78229999974064,112.86012278515045,one shared preloaded model
conv-44-qa-44,lalm,4.958222784807731,6.977900000492809,85.67579999998998,97.61192278529052,one shared preloaded model
conv-44-qa-45,lalm,4.958222784807731,9.603500000594067,85.67579999998998,100.23752278539177,one shared preloaded model
conv-44-qa-46,lalm,4.958222784807731,9.567700000843615,85.67579999998998,100.20172278564132,one shared preloaded model
conv-44-qa-47,lalm,4.958222784807731,9.246100000382285,85.67579999998998,99.88012278517999,one shared preloaded model
conv-44-qa-48,lalm,4.958222784807731,6.925300000148127,103.07400000010603,114.95752278506188,one shared preloaded model
conv-44-qa-49,lalm,4.958222784807731,9.451899999476154,103.07400000010603,117.48412278438991,one shared preloaded model
conv-44-qa-50,lalm,4.958222784807731,9.758299998793518,103.07400000010603,117.79052278370727,one shared preloaded model
conv-44-qa-51,lalm,4.958222784807731,9.7819000002346,103.07400000010603,117.81412278514836,one shared preloaded model
conv-44-qa-52,lalm,4.958222784807731,9.098300000914605,160.85147500007224,174.90799778579458,one shared preloaded model
conv-44-qa-53,lalm,4.958222784807731,6.262400000196067,160.85147500007224,172.07209778507604,one shared preloaded model
conv-44-qa-54,lalm,4.958222784807731,6.465899999966496,160.85147500007224,172.27559778484647,one shared preloaded model
conv-44-qa-55,lalm,4.958222784807731,5.382600000302773,160.85147500007224,171.19229778518275,one shared preloaded model
conv-44-qa-56,lalm,4.958222784807731,6.138400000054389,85.18177499990998,96.2783977847721,one shared preloaded model
conv-44-qa-57,lalm,4.958222784807731,9.618699999919045,85.18177499990998,99.75869778463675,one shared preloaded model
conv-44-qa-58,lalm,4.958222784807731,6.420699999580393,85.18177499990998,96.5606977842981,one shared preloaded model
conv-44-qa-59,lalm,4.958222784807731,6.27610000083223,85.18177499990998,96.41609778554994,one shared preloaded model
conv-44-qa-60,lalm,4.958222784807731,6.0219999995752005,99.1475249998075,110.12774778419043,one shared preloaded model
conv-44-qa-61,lalm,4.958222784807731,5.287599999064696,99.1475249998075,109.39334778367993,one shared preloaded model
conv-44-qa-62,lalm,4.958222784807731,6.456700000853743,99.1475249998075,110.56244778546898,one shared preloaded model
conv-44-qa-63,lalm,4.958222784807731,6.9317999987106305,99.1475249998075,111.03754778332586,one shared preloaded model
conv-44-qa-64,lalm,4.958222784807731,6.57869999849936,110.58182500028124,122.11874778358833,one shared preloaded model
conv-44-qa-65,lalm,4.958222784807731,9.325700000772486,110.58182500028124,124.86574778586146,one shared preloaded model
conv-44-qa-66,lalm,4.958222784807731,9.09969999884197,110.58182500028124,124.63974778393094,one shared preloaded model
conv-44-qa-67,lalm,4.958222784807731,6.338799999866751,110.58182500028124,121.87884778495572,one shared preloaded model
conv-44-qa-68,lalm,4.958222784807731,6.4056000010168646,84.48972499991214,95.85354778573674,one shared preloaded model
conv-44-qa-69,lalm,4.958222784807731,9.845600001426646,84.48972499991214,99.29354778614652,one shared preloaded model
conv-44-qa-70,lalm,4.958222784807731,7.083300000886084,84.48972499991214,96.53124778560596,one shared preloaded model
conv-44-qa-71,lalm,4.958222784807731,6.274400000620517,84.48972499991214,95.72234778534039,one shared preloaded model
conv-44-qa-72,lalm,4.958222784807731,7.2237000003951835,132.37382500028616,144.55574778548907,one shared preloaded model
conv-44-qa-73,lalm,4.958222784807731,9.79630000074394,132.37382500028616,147.12834778583783,one shared preloaded model
conv-44-qa-74,lalm,4.958222784807731,9.183800000755582,132.37382500028616,146.51584778584947,one shared preloaded model
conv-44-qa-75,lalm,4.958222784807731,9.69230000009702,132.37382500028616,147.0243477851909,one shared preloaded model
conv-44-qa-76,lalm,4.958222784807731,6.687100001727231,103.58679999990272,115.23212278643769,one shared preloaded model
conv-44-qa-77,lalm,4.958222784807731,10.240100000373786,103.58679999990272,118.78512278508424,one shared preloaded model
conv-44-qa-78,lalm,4.958222784807731,9.880800000246381,103.58679999990272,118.42582278495684,one shared preloaded model
conv-44-qa-79,lalm,4.958222784807731,10.17649999994319,103.58679999990272,118.72152278465364,one shared preloaded model
conv-44-qa-80,lalm,4.958222784807731,6.873999998788349,115.84322499993505,127.67544778353113,one shared preloaded model
conv-44-qa-81,lalm,4.958222784807731,10.16179999896849,115.84322499993505,130.96324778371127,one shared preloaded model
conv-44-qa-82,lalm,4.958222784807731,10.03119999950286,115.84322499993505,130.83264778424564,one shared preloaded model
conv-44-qa-83,lalm,4.958222784807731,9.195099999487866,115.84322499993505,129.99654778423064,one shared preloaded model
conv-44-qa-84,lalm,4.958222784807731,7.009900000412017,107.90025000005699,119.86837278527673,one shared preloaded model
conv-44-qa-85,lalm,4.958222784807731,5.483900000399444,107.90025000005699,118.34237278526416,one shared preloaded model
conv-44-qa-86,lalm,4.958222784807731,6.576099998710561,107.90025000005699,119.43457278357528,one shared preloaded model
conv-44-qa-87,lalm,4.958222784807731,6.709700001010788,107.90025000005699,119.5681727858755,one shared preloaded model
conv-44-qa-88,lalm,4.958222784807731,6.194900000991765,244.89627499997368,256.0493977857732,one shared preloaded model
conv-44-qa-89,lalm,4.958222784807731,5.557299999054521,244.89627499997368,255.41179778383594,one shared preloaded model
conv-44-qa-90,lalm,4.958222784807731,6.583599999430589,244.89627499997368,256.438097784212,one shared preloaded model
conv-44-qa-91,lalm,4.958222784807731,6.23989999985497,244.89627499997368,256.0943977846364,one shared preloaded model
conv-44-qa-92,lalm,4.958222784807731,6.333899998935522,157.30675000031624,168.5988727840595,one shared preloaded model
conv-44-qa-93,lalm,4.958222784807731,9.433299999727751,157.30675000031624,171.69827278485172,one shared preloaded model
conv-44-qa-94,lalm,4.958222784807731,6.97050000053423,157.30675000031624,169.2354727856582,one shared preloaded model
conv-44-qa-95,lalm,4.958222784807731,6.99709999935294,157.30675000031624,169.2620727844769,one shared preloaded model
conv-44-qa-96,lalm,4.958222784807731,6.04850000127044,130.10045000009995,141.10717278617813,one shared preloaded model
conv-44-qa-97,lalm,4.958222784807731,5.919799999901443,130.10045000009995,140.97847278480913,one shared preloaded model
conv-44-qa-98,lalm,4.958222784807731,6.604100000913604,130.10045000009995,141.6627727858213,one shared preloaded model
conv-44-qa-99,lalm,4.958222784807731,6.3171999991027405,130.10045000009995,141.37587278401043,one shared preloaded model
conv-44-qa-100,lalm,4.958222784807731,7.188699999460368,199.75847500018062,211.90539778444872,one shared preloaded model
conv-44-qa-101,lalm,4.958222784807731,10.097000000314438,199.75847500018062,214.8136977853028,one shared preloaded model
conv-44-qa-102,lalm,4.958222784807731,9.618800000680494,199.75847500018062,214.33549778566885,one shared preloaded model
conv-44-qa-103,lalm,4.958222784807731,9.575500000210013,199.75847500018062,214.29219778519837,one shared preloaded model
conv-44-qa-104,lalm,4.958222784807731,6.1712000006082235,94.75927499988757,105.88869778530352,one shared preloaded model
conv-44-qa-105,lalm,4.958222784807731,5.97350000134611,94.75927499988757,105.69099778604141,one shared preloaded model
conv-44-qa-106,lalm,4.958222784807731,6.692499999189749,94.75927499988757,106.40999778388505,one shared preloaded model
conv-44-qa-107,lalm,4.958222784807731,5.214400000113528,94.75927499988757,104.93189778480883,one shared preloaded model
conv-44-qa-108,lalm,4.958222784807731,6.820800001150928,125.20082499986529,136.97984778582395,one shared preloaded model
conv-44-qa-109,lalm,4.958222784807731,10.094500001287088,125.20082499986529,140.2535477859601,one shared preloaded model
conv-44-qa-110,lalm,4.958222784807731,9.308000000601169,125.20082499986529,139.4670477852742,one shared preloaded model
conv-44-qa-111,lalm,4.958222784807731,9.422699999049655,125.20082499986529,139.58174778372268,one shared preloaded model
conv-44-qa-112,lalm,4.958222784807731,6.738500000210479,85.16537499963306,96.86209778465127,one shared preloaded model
conv-44-qa-113,lalm,4.958222784807731,6.291800000326475,85.16537499963306,96.41539778476726,one shared preloaded model
conv-44-qa-114,lalm,4.958222784807731,6.706000000122003,85.16537499963306,96.8295977845628,one shared preloaded model
conv-44-qa-115,lalm,4.958222784807731,7.367100000919891,85.16537499963306,97.49069778536068,one shared preloaded model
conv-44-qa-116,lalm,4.958222784807731,6.550000000061118,123.97432499983552,135.48254778470437,one shared preloaded model
conv-44-qa-117,lalm,4.958222784807731,5.876700000953861,123.97432499983552,134.8092477855971,one shared preloaded model
conv-44-qa-118,lalm,4.958222784807731,5.681200000253739,123.97432499983552,134.613747784897,one shared preloaded model
conv-44-qa-119,lalm,4.958222784807731,7.085400000505615,123.97432499983552,136.01794778514886,one shared preloaded model
conv-44-qa-120,lalm,4.958222784807731,6.991800000832882,148.84075000009034,160.79077278573095,one shared preloaded model
conv-44-qa-121,lalm,4.958222784807731,9.405799999512965,148.84075000009034,163.20477278441103,one shared preloaded model
conv-44-qa-122,lalm,4.958222784807731,10.324400000172318,148.84075000009034,164.1233727850704,one shared preloaded model
conv-44-qa-123,lalm,4.958222784807731,9.303599999839207,148.84075000009034,163.10257278473728,one shared preloaded model
conv-44-qa-124,lalm,4.958222784807731,6.601099999897997,85.7068000000254,97.26612278473112,one shared preloaded model
conv-44-qa-125,lalm,4.958222784807731,6.331200000204262,85.7068000000254,96.99622278503739,one shared preloaded model
conv-44-qa-126,lalm,4.958222784807731,6.2070999993011355,85.7068000000254,96.87212278413426,one shared preloaded model
conv-44-qa-127,lalm,4.958222784807731,6.671200000710087,85.7068000000254,97.33622278554321,one shared preloaded model
conv-44-qa-128,lalm,4.958222784807731,7.403899999189889,132.48535000002448,144.8474727840221,one shared preloaded model
conv-44-qa-129,lalm,4.958222784807731,9.475800001382595,132.48535000002448,146.9193727862148,one shared preloaded model
conv-44-qa-130,lalm,4.958222784807731,9.688800000731135,132.48535000002448,147.13237278556335,one shared preloaded model
conv-44-qa-131,lalm,4.958222784807731,9.174999999231659,132.48535000002448,146.61857278406387,one shared preloaded model
conv-44-qa-132,lalm,4.958222784807731,6.345099998725345,81.89760000004753,93.20092278358061,one shared preloaded model
conv-44-qa-133,lalm,4.958222784807731,6.402099999831989,81.89760000004753,93.25792278468725,one shared preloaded model
conv-44-qa-134,lalm,4.958222784807731,6.124600000475766,81.89760000004753,92.98042278533103,one shared preloaded model
conv-44-qa-135,lalm,4.958222784807731,9.0464000004431,81.89760000004753,95.90222278529836,one shared preloaded model
conv-44-qa-136,lalm,4.958222784807731,6.884799999170355,84.88719999968453,96.73022278366261,one shared preloaded model
conv-44-qa-137,lalm,4.958222784807731,11.139099999127211,84.88719999968453,100.98452278361947,one shared preloaded model
conv-44-qa-138,lalm,4.958222784807731,9.980599999835249,84.88719999968453,99.8260227843275,one shared preloaded model
conv-44-qa-139,lalm,4.958222784807731,9.250700000848155,84.88719999968453,99.09612278534041,one shared preloaded model
conv-44-qa-140,lalm,4.958222784807731,6.103800000346382,115.63345000013214,126.69547278528626,one shared preloaded model
conv-44-qa-141,lalm,4.958222784807731,8.62310000047728,115.63345000013214,129.21477278541715,one shared preloaded model
conv-44-qa-142,lalm,4.958222784807731,6.507599999167724,115.63345000013214,127.0992727841076,one shared preloaded model
conv-44-qa-143,lalm,4.958222784807731,6.023099998856196,115.63345000013214,126.61477278379607,one shared preloaded model
conv-44-qa-144,lalm,4.958222784807731,6.77680000080727,87.36837500009642,99.10339778571142,one shared preloaded model
conv-44-qa-145,lalm,4.958222784807731,9.758700000020326,87.36837500009642,102.08529778492448,one shared preloaded model
conv-44-qa-146,lalm,4.958222784807731,10.12310000078287,87.36837500009642,102.44969778568702,one shared preloaded model
conv-44-qa-147,lalm,4.958222784807731,9.183699999994133,87.36837500009642,101.51029778489828,one shared preloaded model
conv-44-qa-148,lalm,4.958222784807731,6.215800000063609,270.5914749999465,281.76549778481785,one shared preloaded model
conv-44-qa-149,lalm,4.958222784807731,5.561400001170114,270.5914749999465,281.11109778592436,one shared preloaded model
conv-44-qa-150,lalm,4.958222784807731,5.226999999649706,270.5914749999465,280.77669778440395,one shared preloaded model
conv-44-qa-151,lalm,4.958222784807731,8.1583999999566,270.5914749999465,283.70809778471084,one shared preloaded model
conv-44-qa-152,lalm,4.958222784807731,10.875100000703242,120.0768000003336,135.91012278584458,one shared preloaded model
conv-44-qa-153,lalm,4.958222784807731,11.694799999531824,120.0768000003336,136.72982278467316,one shared preloaded model
conv-44-qa-154,lalm,4.958222784807731,9.670200000982732,120.0768000003336,134.70522278612407,one shared preloaded model
conv-44-qa-155,lalm,4.958222784807731,9.850200000073528,120.0768000003336,134.88522278521486,one shared preloaded model
conv-44-qa-156,lalm,4.958222784807731,6.153499998617917,135.5442000003677,146.65592278379336,one shared preloaded model
conv-44-qa-157,lalm,4.958222784807731,5.614300000161165,135.5442000003677,146.1167227853366,one shared preloaded model
conv-47-qa-0,lalm,3.701214736841058,9.766700000909623,79.30432500006646,92.77223973781713,one shared preloaded model
conv-47-qa-1,lalm,3.701214736841058,9.533800001008785,79.30432500006646,92.5393397379163,one shared preloaded model
conv-47-qa-2,lalm,3.701214736841058,9.296099999119178,79.30432500006646,92.30163973602669,one shared preloaded model
conv-47-qa-3,lalm,3.701214736841058,9.345800001028692,79.30432500006646,92.3513397379362,one shared preloaded model
conv-47-qa-4,lalm,3.701214736841058,6.757900000593509,79.6584999998231,90.11761473725767,one shared preloaded model
conv-47-qa-5,lalm,3.701214736841058,9.6053999986907,79.6584999998231,92.96511473535486,one shared preloaded model
conv-47-qa-6,lalm,3.701214736841058,6.111100001362502,79.6584999998231,89.47081473802666,one shared preloaded model
conv-47-qa-7,lalm,3.701214736841058,7.3415000006207265,79.6584999998231,90.70121473728489,one shared preloaded model
conv-47-qa-8,lalm,3.701214736841058,6.586100000276929,152.8088499999285,163.09616473704648,one shared preloaded model
conv-47-qa-9,lalm,3.701214736841058,10.0652999990416,152.8088499999285,166.57536473581115,one shared preloaded model
conv-47-qa-10,lalm,3.701214736841058,5.9689999998226995,152.8088499999285,162.47906473659225,one shared preloaded model
conv-47-qa-11,lalm,3.701214736841058,6.47209999988263,152.8088499999285,162.98216473665218,one shared preloaded model
conv-47-qa-12,lalm,3.701214736841058,6.419500001356937,151.81952500006446,161.94023973826245,one shared preloaded model
conv-47-qa-13,lalm,3.701214736841058,9.487300001637777,151.81952500006446,165.0080397385433,one shared preloaded model
conv-47-qa-14,lalm,3.701214736841058,9.606300000086776,151.81952500006446,165.1270397369923,one shared preloaded model
conv-47-qa-15,lalm,3.701214736841058,9.34650000090187,151.81952500006446,164.86723973780738,one shared preloaded model
conv-47-qa-16,lalm,3.701214736841058,6.572600001163664,439.1133499998432,449.3871647378479,one shared preloaded model
conv-47-qa-17,lalm,3.701214736841058,6.8590999999287305,439.1133499998432,449.673664736613,one shared preloaded model
conv-47-qa-18,lalm,3.701214736841058,6.633299999521114,439.1133499998432,449.44786473620536,one shared preloaded model
conv-47-qa-19,lalm,3.701214736841058,6.6858000009233365,439.1133499998432,449.5003647376076,one shared preloaded model
conv-47-qa-20,lalm,3.701214736841058,6.3955000005080365,155.31192499975077,165.40863973709986,one shared preloaded model
conv-47-qa-21,lalm,3.701214736841058,5.334199999197153,155.31192499975077,164.34733973578898,one shared preloaded model
conv-47-qa-22,lalm,3.701214736841058,6.136099998911959,155.31192499975077,165.14923973550378,one shared preloaded model
conv-47-qa-23,lalm,3.701214736841058,6.326299999273033,155.31192499975077,165.33943973586486,one shared preloaded model
conv-47-qa-24,lalm,3.701214736841058,6.146100000478327,97.4688999999671,107.31621473728649,one shared preloaded model
conv-47-qa-25,lalm,3.701214736841058,6.580000001122244,97.4688999999671,107.7501147379304,one shared preloaded model
conv-47-qa-26,lalm,3.701214736841058,6.0505000001285225,97.4688999999671,107.22061473693668,one shared preloaded model
conv-47-qa-27,lalm,3.701214736841058,6.027100000210339,97.4688999999671,107.1972147370185,one shared preloaded model
conv-47-qa-28,lalm,3.701214736841058,6.608199999391218,170.43857499993464,180.74798973616691,one shared preloaded model
conv-47-qa-29,lalm,3.701214736841058,9.846999999354011,170.43857499993464,183.9867897361297,one shared preloaded model
conv-47-qa-30,lalm,3.701214736841058,9.268399999200483,170.43857499993464,183.40818973597618,one shared preloaded model
conv-47-qa-31,lalm,3.701214736841058,9.28829999975278,170.43857499993464,183.42808973652848,one shared preloaded model
conv-47-qa-32,lalm,3.701214736841058,6.389100000887993,71.656399999938,81.74671473766705,one shared preloaded model
conv-47-qa-33,lalm,3.701214736841058,5.4502999992109835,71.656399999938,80.80791473599004,one shared preloaded model
conv-47-qa-34,lalm,3.701214736841058,9.180799999739975,71.656399999938,84.53841473651903,one shared preloaded model
conv-47-qa-35,lalm,3.701214736841058,9.613899999749265,71.656399999938,84.97151473652832,one shared preloaded model
conv-47-qa-36,lalm,3.701214736841058,6.010900000546826,153.4084250001797,163.12053973756758,one shared preloaded model
conv-47-qa-37,lalm,3.701214736841058,6.839100000433973,153.4084250001797,163.94873973745473,one shared preloaded model
conv-47-qa-38,lalm,3.701214736841058,6.223300000783638,153.4084250001797,163.3329397378044,one shared preloaded model
conv-47-qa-39,lalm,3.701214736841058,6.25439999930677,153.4084250001797,163.36403973632753,one shared preloaded model
conv-47-qa-40,lalm,3.701214736841058,6.634600000325008,150.38412500007325,160.71993973723932,one shared preloaded model
conv-47-qa-41,lalm,3.701214736841058,9.894099999655737,150.38412500007325,163.97943973657004,one shared preloaded model
conv-47-qa-42,lalm,3.701214736841058,9.689100001196493,150.38412500007325,163.7744397381108,one shared preloaded model
conv-47-qa-43,lalm,3.701214736841058,9.270399999877554,150.38412500007325,163.35573973679186,one shared preloaded model
conv-47-qa-44,lalm,3.701214736841058,6.572099999175407,145.06177499970363,155.3350897357201,one shared preloaded model
conv-47-qa-45,lalm,3.701214736841058,10.157599999729428,145.06177499970363,158.9205897362741,one shared preloaded model
conv-47-qa-46,lalm,3.701214736841058,9.285500000260072,145.06177499970363,158.04848973680475,one shared preloaded model
conv-47-qa-47,lalm,3.701214736841058,9.979300000850344,145.06177499970363,158.74228973739503,one shared preloaded model
conv-47-qa-48,lalm,3.701214736841058,5.810200000269106,97.35307499977353,106.86448973688368,one shared preloaded model
conv-47-qa-49,lalm,3.701214736841058,5.594899999778136,97.35307499977353,106.64918973639271,one shared preloaded model
conv-47-qa-50,lalm,3.701214736841058,6.603400001040427,97.35307499977353,107.657689737655,one shared preloaded model
conv-47-qa-51,lalm,3.701214736841058,5.667499999617576,97.35307499977353,106.72178973623215,one shared preloaded model
conv-47-qa-52,lalm,3.701214736841058,6.358000000545871,154.62457500007076,164.6837897374577,one shared preloaded model
conv-47-qa-53,lalm,3.701214736841058,9.974500000680564,154.62457500007076,168.30028973759238,one shared preloaded model
conv-47-qa-54,lalm,3.701214736841058,9.344500000224798,154.62457500007076,167.6702897371366,one shared preloaded model
conv-47-qa-55,lalm,3.701214736841058,9.503900000709109,154.62457500007076,167.82968973762092,one shared preloaded model
conv-47-qa-56,lalm,3.701214736841058,7.030099999610684,121.37869999969553,132.11001473614726,one shared preloaded model
conv-47-qa-57,lalm,3.701214736841058,9.585499999957392,121.37869999969553,134.66541473649397,one shared preloaded model
conv-47-qa-58,lalm,3.701214736841058,9.7433999999339,121.37869999969553,134.82331473647048,one shared preloaded model
conv-47-qa-59,lalm,3.701214736841058,9.180600000036065,121.37869999969553,134.26051473657265,one shared preloaded model
conv-47-qa-60,lalm,3.701214736841058,6.584200000361307,80.94947500012495,91.23488973732731,one shared preloaded model
conv-47-qa-61,lalm,3.701214736841058,9.462300000450341,80.94947500012495,94.11298973741634,one shared preloaded model
conv-47-qa-62,lalm,3.701214736841058,8.12949999999546,80.94947500012495,92.78018973696146,one shared preloaded model
conv-47-qa-63,lalm,3.701214736841058,9.998099998483667,80.94947500012495,94.64878973544967,one shared preloaded model
conv-47-qa-64,lalm,3.701214736841058,5.907400000069174,144.7173249998741,154.32593973678433,one shared preloaded model
conv-47-qa-65,lalm,3.701214736841058,8.876699999746052,144.7173249998741,157.2952397364612,one shared preloaded model
conv-47-qa-66,lalm,3.701214736841058,9.337499999674037,144.7173249998741,157.7560397363892,one shared preloaded model
conv-47-qa-67,lalm,3.701214736841058,6.7318999990675366,144.7173249998741,155.1504397357827,one shared preloaded model
conv-47-qa-68,lalm,3.701214736841058,6.291699999565026,613.9060500004234,623.8989647368295,one shared preloaded model
conv-47-qa-69,lalm,3.701214736841058,9.44569999956002,613.9060500004234,627.0529647368245,one shared preloaded model
conv-47-qa-70,lalm,3.701214736841058,9.629800000766409,613.9060500004234,627.2370647380309,one shared preloaded model
conv-47-qa-71,lalm,3.701214736841058,9.456400000999565,613.9060500004234,627.063664738264,one shared preloaded model
conv-47-qa-72,lalm,3.701214736841058,6.76720000046771,94.95872499974212,105.42713973705088,one shared preloaded model
conv-47-qa-73,lalm,3.701214736841058,10.082200000397279,94.95872499974212,108.74213973698045,one shared preloaded model
conv-47-qa-74,lalm,3.701214736841058,10.698400001274422,94.95872499974212,109.35833973785759,one shared preloaded model
conv-47-qa-75,lalm,3.701214736841058,10.146399999939604,94.95872499974212,108.80633973652277,one shared preloaded model
conv-47-qa-76,lalm,3.701214736841058,6.537100000059581,97.4603249997017,107.69863973660233,one shared preloaded model
conv-47-qa-77,lalm,3.701214736841058,5.574700000579469,97.4603249997017,106.73623973712222,one shared preloaded model
conv-47-qa-78,lalm,3.701214736841058,9.911399998600245,97.4603249997017,111.072939735143,one shared preloaded model
conv-47-qa-79,lalm,3.701214736841058,9.695599999758997,97.4603249997017,110.85713973630175,one shared preloaded model
conv-47-qa-80,lalm,3.701214736841058,6.223700000191457,197.47412500009887,207.39903973713137,one shared preloaded model
conv-47-qa-81,lalm,3.701214736841058,5.382600000302773,197.47412500009887,206.5579397372427,one shared preloaded model
conv-47-qa-82,lalm,3.701214736841058,6.865400000606314,197.47412500009887,208.04073973754623,one shared preloaded model
conv-47-qa-83,lalm,3.701214736841058,6.192400000145426,197.47412500009887,207.36773973708534,one shared preloaded model
conv-47-qa-84,lalm,3.701214736841058,6.792700000005425,80.23012500007098,90.72403973691746,one shared preloaded model
conv-47-qa-85,lalm,3.701214736841058,9.875600000668783,80.23012500007098,93.80693973758082,one shared preloaded model
conv-47-qa-86,lalm,3.701214736841058,9.729400000651367,80.23012500007098,93.6607397375634,one shared preloaded model
conv-47-qa-87,lalm,3.701214736841058,9.236899999450543,80.23012500007098,93.16823973636258,one shared preloaded model
conv-47-qa-88,lalm,3.701214736841058,6.070500001442269,128.33407500011162,138.10578973839495,one shared preloaded model
conv-47-qa-89,lalm,3.701214736841058,8.625200000096811,128.33407500011162,140.6604897370495,one shared preloaded model
conv-47-qa-90,lalm,3.701214736841058,11.790799999289447,128.33407500011162,143.82608973624212,one shared preloaded model
conv-47-qa-91,lalm,3.701214736841058,9.444400000575115,128.33407500011162,141.4796897375278,one shared preloaded model
conv-47-qa-92,lalm,3.701214736841058,9.08030000027793,87.3974249998355,100.17893973695448,one shared preloaded model
conv-47-qa-93,lalm,3.701214736841058,9.74569999925734,87.3974249998355,100.84433973593389,one shared preloaded model
conv-47-qa-94,lalm,3.701214736841058,6.153899999844725,87.3974249998355,97.25253973652127,one shared preloaded model
conv-47-qa-95,lalm,3.701214736841058,9.301500000219676,87.3974249998355,100.40013973689622,one shared preloaded model
conv-47-qa-96,lalm,3.701214736841058,7.407799999782583,111.36470000019472,122.47371473681835,one shared preloaded model
conv-47-qa-97,lalm,3.701214736841058,9.638600000471342,111.36470000019472,124.70451473750711,one shared preloaded model
conv-47-qa-98,lalm,3.701214736841058,9.87630000054196,111.36470000019472,124.94221473757773,one shared preloaded model
conv-47-qa-99,lalm,3.701214736841058,9.24720000148227,111.36470000019472,124.31311473851804,one shared preloaded model
conv-47-qa-100,lalm,3.701214736841058,6.6715000011754455,99.03467499998442,109.40738973800092,one shared preloaded model
conv-47-qa-101,lalm,3.701214736841058,6.153799999083276,99.03467499998442,108.88968973590875,one shared preloaded model
conv-47-qa-102,lalm,3.701214736841058,7.586799998534843,99.03467499998442,110.32268973536031,one shared preloaded model
conv-47-qa-103,lalm,3.701214736841058,10.427100000015344,99.03467499998442,113.16298973684081,one shared preloaded model
conv-47-qa-104,lalm,3.701214736841058,6.137500000477303,150.61477500012188,160.45348973744024,one shared preloaded model
conv-47-qa-105,lalm,3.701214736841058,10.009100000388571,150.61477500012188,164.3250897373515,one shared preloaded model
conv-47-qa-106,lalm,3.701214736841058,9.2253000002529,150.61477500012188,163.54128973721583,one shared preloaded model
conv-47-qa-107,lalm,3.701214736841058,9.420700000191573,150.61477500012188,163.7366897371545,one shared preloaded model
conv-47-qa-108,lalm,3.701214736841058,6.027800000083516,124.10477499997796,133.83378973690253,one shared preloaded model
conv-47-qa-109,lalm,3.701214736841058,8.969700000307057,124.10477499997796,136.77568973712607,one shared preloaded model
conv-47-qa-110,lalm,3.701214736841058,9.141900000031455,124.10477499997796,136.94788973685047,one shared preloaded model
conv-47-qa-111,lalm,3.701214736841058,6.323399999018875,124.10477499997796,134.1293897358379,one shared preloaded model
conv-47-qa-112,lalm,3.701214736841058,6.211100000655279,154.33207500018398,164.2443897376803,one shared preloaded model
conv-47-qa-113,lalm,3.701214736841058,5.900199999814504,154.33207500018398,163.93348973683953,one shared preloaded model
conv-47-qa-114,lalm,3.701214736841058,5.90350000129547,154.33207500018398,163.9367897383205,one shared preloaded model
conv-47-qa-115,lalm,3.701214736841058,6.803000000218162,154.33207500018398,164.8362897372432,one shared preloaded model
conv-47-qa-116,lalm,3.701214736841058,6.487399999969057,98.63117499980945,108.81978973661955,one shared preloaded model
conv-47-qa-117,lalm,3.701214736841058,7.112400000551133,98.63117499980945,109.44478973720163,one shared preloaded model
conv-47-qa-118,lalm,3.701214736841058,9.820199999012402,98.63117499980945,112.1525897356629,one shared preloaded model
conv-47-qa-119,lalm,3.701214736841058,9.325999999418855,98.63117499980945,111.65838973606935,one shared preloaded model
conv-47-qa-120,lalm,3.701214736841058,8.963800000856281,86.95077499987747,99.6157897375748,one shared preloaded model
conv-47-qa-121,lalm,3.701214736841058,10.312799999155686,86.95077499987747,100.9647897358742,one shared preloaded model
conv-47-qa-122,lalm,3.701214736841058,9.877899999992223,86.95077499987747,100.52988973671074,one shared preloaded model
conv-47-qa-123,lalm,3.701214736841058,9.99509999928705,86.95077499987747,100.64708973600557,one shared preloaded model
conv-47-qa-124,lalm,3.701214736841058,5.935600000157137,134.4211999999061,144.05801473690428,one shared preloaded model
conv-47-qa-125,lalm,3.701214736841058,6.470899999840185,134.4211999999061,144.59331473658733,one shared preloaded model
conv-47-qa-126,lalm,3.701214736841058,6.671000001006178,134.4211999999061,144.79341473775332,one shared preloaded model
conv-47-qa-127,lalm,3.701214736841058,6.259799998588278,134.4211999999061,144.38221473533542,one shared preloaded model
conv-47-qa-128,lalm,3.701214736841058,6.053799999790499,73.50095000037982,83.25596473701137,one shared preloaded model
conv-47-qa-129,lalm,3.701214736841058,8.929399999033194,73.50095000037982,86.13156473625406,one shared preloaded model
conv-47-qa-130,lalm,3.701214736841058,9.940599999026745,73.50095000037982,87.14276473624761,one shared preloaded model
conv-47-qa-131,lalm,3.701214736841058,9.755000000950531,73.50095000037982,86.9571647381714,one shared preloaded model
conv-47-qa-132,lalm,3.701214736841058,6.223099999260739,152.25394999970376,162.17826473580556,one shared preloaded model
conv-47-qa-133,lalm,3.701214736841058,9.579200001098798,152.25394999970376,165.5343647376436,one shared preloaded model
conv-47-qa-134,lalm,3.701214736841058,9.915899998304667,152.25394999970376,165.87106473484948,one shared preloaded model
conv-47-qa-135,lalm,3.701214736841058,10.05059999988589,152.25394999970376,166.0057647364307,one shared preloaded model
conv-47-qa-136,lalm,3.701214736841058,6.922900000063237,270.0766500001919,280.70076473709616,one shared preloaded model
conv-47-qa-137,lalm,3.701214736841058,10.337499999877764,270.0766500001919,284.1153647369107,one shared preloaded model
conv-47-qa-138,lalm,3.701214736841058,7.538699999713572,270.0766500001919,281.3165647367465,one shared preloaded model
conv-47-qa-139,lalm,3.701214736841058,8.285599998998805,270.0766500001919,282.06346473603173,one shared preloaded model
conv-47-qa-140,lalm,3.701214736841058,7.022199999482837,203.747999999905,214.4714147362289,one shared preloaded model
conv-47-qa-141,lalm,3.701214736841058,9.983399999327958,203.747999999905,217.43261473607402,one shared preloaded model
conv-47-qa-142,lalm,3.701214736841058,10.040499999377062,203.747999999905,217.48971473612312,one shared preloaded model
conv-47-qa-143,lalm,3.701214736841058,9.219499999744585,203.747999999905,216.66871473649064,one shared preloaded model
conv-47-qa-144,lalm,3.701214736841058,6.6674999998213025,193.51972499998737,203.88843973664973,one shared preloaded model
conv-47-qa-145,lalm,3.701214736841058,9.823799999139737,193.51972499998737,207.04473973596816,one shared preloaded model
conv-47-qa-146,lalm,3.701214736841058,9.13100000070699,193.51972499998737,206.35193973753542,one shared preloaded model
conv-47-qa-147,lalm,3.701214736841058,9.586699999999837,193.51972499998737,206.80763973682826,one shared preloaded model
conv-47-qa-148,lalm,3.701214736841058,6.464900001446949,95.45889999981227,105.62501473810028,one shared preloaded model
conv-47-qa-149,lalm,3.701214736841058,8.304700000735465,95.45889999981227,107.46481473738879,one shared preloaded model
conv-47-qa-150,lalm,3.701214736841058,9.691199998997035,95.45889999981227,108.85131473565036,one shared preloaded model
conv-47-qa-151,lalm,3.701214736841058,9.401299999808543,95.45889999981227,108.56141473646187,one shared preloaded model
conv-47-qa-152,lalm,3.701214736841058,6.81320000148844,108.93867499999033,119.45308973831982,one shared preloaded model
conv-47-qa-153,lalm,3.701214736841058,9.910499999023159,108.93867499999033,122.55038973585454,one shared preloaded model
conv-47-qa-154,lalm,3.701214736841058,9.396899999046582,108.93867499999033,122.03678973587796,one shared preloaded model
conv-47-qa-155,lalm,3.701214736841058,9.98769999932847,108.93867499999033,122.62758973615985,one shared preloaded model
conv-47-qa-156,lalm,3.701214736841058,6.750700000338838,83.67922499974156,94.13113973692145,one shared preloaded model
conv-47-qa-157,lalm,3.701214736841058,9.794700001293677,83.67922499974156,97.1751397378763,one shared preloaded model
conv-47-qa-158,lalm,3.701214736841058,9.770900000148686,83.67922499974156,97.1513397367313,one shared preloaded model
conv-47-qa-159,lalm,3.701214736841058,9.51829999939946,83.67922499974156,96.89873973598208,one shared preloaded model
conv-47-qa-160,lalm,3.701214736841058,6.591800000023795,102.29965000007724,112.59266473694208,one shared preloaded model
conv-47-qa-161,lalm,3.701214736841058,10.490699998626951,102.29965000007724,116.49156473554524,one shared preloaded model
conv-47-qa-162,lalm,3.701214736841058,10.084900000947528,102.29965000007724,116.08576473786582,one shared preloaded model
conv-47-qa-163,lalm,3.701214736841058,10.007999999288586,102.29965000007724,116.00886473620687,one shared preloaded model
conv-47-qa-164,lalm,3.701214736841058,5.815899998196983,84.81459999984509,94.33171473488312,one shared preloaded model
conv-47-qa-165,lalm,3.701214736841058,8.349899999302579,84.81459999984509,96.86571473598872,one shared preloaded model
conv-47-qa-166,lalm,3.701214736841058,9.204799998769886,84.81459999984509,97.72061473545602,one shared preloaded model
conv-47-qa-167,lalm,3.701214736841058,9.972200001357123,84.81459999984509,98.48801473804326,one shared preloaded model
conv-47-qa-168,lalm,3.701214736841058,6.262500000957516,83.28019999999015,93.24391473778871,one shared preloaded model
conv-47-qa-169,lalm,3.701214736841058,5.26710000121966,83.28019999999015,92.24851473805086,one shared preloaded model
conv-47-qa-170,lalm,3.701214736841058,5.699700001059682,83.28019999999015,92.68111473789088,one shared preloaded model
conv-47-qa-171,lalm,3.701214736841058,7.2999000003619585,83.28019999999015,94.28131473719316,one shared preloaded model
conv-47-qa-172,lalm,3.701214736841058,6.576499999937369,102.82445000029838,113.1021647370768,one shared preloaded model
conv-47-qa-173,lalm,3.701214736841058,9.83509999969101,102.82445000029838,116.36076473683045,one shared preloaded model
conv-47-qa-174,lalm,3.701214736841058,9.597799999028211,102.82445000029838,116.12346473616765,one shared preloaded model
conv-47-qa-175,lalm,3.701214736841058,10.065599999506958,102.82445000029838,116.5912647366464,one shared preloaded model
conv-47-qa-176,lalm,3.701214736841058,9.136300001046038,84.7350250001,97.57253973798709,one shared preloaded model
conv-47-qa-177,lalm,3.701214736841058,10.63580000118236,84.7350250001,99.07203973812341,one shared preloaded model
conv-47-qa-178,lalm,3.701214736841058,9.15760000134469,84.7350250001,97.59383973828574,one shared preloaded model
conv-47-qa-179,lalm,3.701214736841058,9.979899999962072,84.7350250001,98.41613973690312,one shared preloaded model
conv-47-qa-180,lalm,3.701214736841058,6.600599999728729,275.4774750001161,285.7792897366859,one shared preloaded model
conv-47-qa-181,lalm,3.701214736841058,5.08810000064841,275.4774750001161,284.26678973760556,one shared preloaded model
conv-47-qa-182,lalm,3.701214736841058,6.325899999865214,275.4774750001161,285.50458973682237,one shared preloaded model
conv-47-qa-183,lalm,3.701214736841058,6.633099999817205,275.4774750001161,285.81178973677436,one shared preloaded model
conv-47-qa-184,lalm,3.701214736841058,6.117500000982545,200.33787500005928,210.15658973788288,one shared preloaded model
conv-47-qa-185,lalm,3.701214736841058,10.375400001066737,200.33787500005928,214.41448973796707,one shared preloaded model
conv-47-qa-186,lalm,3.701214736841058,9.70930000039516,200.33787500005928,213.7483897372955,one shared preloaded model
conv-47-qa-187,lalm,3.701214736841058,9.2956000007689,200.33787500005928,213.33468973766924,one shared preloaded model
conv-47-qa-188,lalm,3.701214736841058,6.687399998554611,129.06185000065307,139.45046473604873,one shared preloaded model
conv-47-qa-189,lalm,3.701214736841058,9.524099999907776,129.06185000065307,142.2871647374019,one shared preloaded model
conv-48-qa-0,lalm,2.9430887029261745,9.199899999657646,86.60080000026937,98.7437887028532,one shared preloaded model
conv-48-qa-1,lalm,2.9430887029261745,8.123000001432956,86.60080000026937,97.6668887046285,one shared preloaded model
conv-48-qa-2,lalm,2.9430887029261745,6.291400000918657,86.60080000026937,95.8352887041142,one shared preloaded model
conv-48-qa-3,lalm,2.9430887029261745,5.275999999867054,86.60080000026937,94.8198887030626,one shared preloaded model
conv-48-qa-4,lalm,2.9430887029261745,6.915399999343208,79.85080000025846,89.70928870252784,one shared preloaded model
conv-48-qa-5,lalm,2.9430887029261745,9.62959999924351,79.85080000025846,92.42348870242814,one shared preloaded model
conv-48-qa-6,lalm,2.9430887029261745,9.238100001311977,79.85080000025846,92.03198870449661,one shared preloaded model
conv-48-qa-7,lalm,2.9430887029261745,9.204700001646415,79.85080000025846,91.99858870483105,one shared preloaded model
conv-48-qa-8,lalm,2.9430887029261745,6.250200000067707,220.4817249998996,229.67501370289347,one shared preloaded model
conv-48-qa-9,lalm,2.9430887029261745,9.761400000570575,220.4817249998996,233.18621370339633,one shared preloaded model
conv-48-qa-10,lalm,2.9430887029261745,9.340199998405296,220.4817249998996,232.76501370123106,one shared preloaded model
conv-48-qa-11,lalm,2.9430887029261745,9.044700000231387,220.4817249998996,232.46951370305715,one shared preloaded model
conv-48-qa-12,lalm,2.9430887029261745,9.091800000533112,260.66125000033935,272.6961387037986,one shared preloaded model
conv-48-qa-13,lalm,2.9430887029261745,9.757300000273972,260.66125000033935,273.3616387035395,one shared preloaded model
conv-48-qa-14,lalm,2.9430887029261745,9.793600000193692,260.66125000033935,273.3979387034592,one shared preloaded model
conv-48-qa-15,lalm,2.9430887029261745,9.353400000691181,260.66125000033935,272.9577387039567,one shared preloaded model
conv-48-qa-16,lalm,2.9430887029261745,7.939900000565103,185.60184999978446,196.48483870327573,one shared preloaded model
conv-48-qa-17,lalm,2.9430887029261745,9.394300001076772,185.60184999978446,197.9392387037874,one shared preloaded model
conv-48-qa-18,lalm,2.9430887029261745,9.855599999355036,185.60184999978446,198.40053870206566,one shared preloaded model
conv-48-qa-19,lalm,2.9430887029261745,9.021699999721022,185.60184999978446,197.56663870243165,one shared preloaded model
conv-48-qa-20,lalm,2.9430887029261745,6.273099999816623,92.1752250001191,101.3914137028619,one shared preloaded model
conv-48-qa-21,lalm,2.9430887029261745,5.365400000300724,92.1752250001191,100.483713703346,one shared preloaded model
conv-48-qa-22,lalm,2.9430887029261745,5.340700001397636,92.1752250001191,100.45901370444291,one shared preloaded model
conv-48-qa-23,lalm,2.9430887029261745,8.998900000733556,92.1752250001191,104.11721370377883,one shared preloaded model
conv-48-qa-24,lalm,2.9430887029261745,6.937599999218946,131.7417000000205,141.6223887021656,one shared preloaded model
conv-48-qa-25,lalm,2.9430887029261745,9.737600001244573,131.7417000000205,144.42238870419123,one shared preloaded model
conv-48-qa-26,lalm,2.9430887029261745,9.315699999206117,131.7417000000205,144.00048870215278,one shared preloaded model
conv-48-qa-27,lalm,2.9430887029261745,6.355899999107351,131.7417000000205,141.040688702054,one shared preloaded model
conv-48-qa-28,lalm,2.9430887029261745,6.246800001463271,96.6620750000402,105.85196370442965,one shared preloaded model
conv-48-qa-29,lalm,2.9430887029261745,10.25359999948705,96.6620750000402,109.85876370245343,one shared preloaded model
conv-48-qa-30,lalm,2.9430887029261745,9.545500000967877,96.6620750000402,109.15066370393426,one shared preloaded model
conv-48-qa-31,lalm,2.9430887029261745,9.401799999977811,96.6620750000402,109.00696370294419,one shared preloaded model
conv-48-qa-32,lalm,2.9430887029261745,6.1600000008184,158.85277500001393,167.9558637037585,one shared preloaded model
conv-48-qa-33,lalm,2.9430887029261745,9.703600000648294,158.85277500001393,171.4994637035884,one shared preloaded model
conv-48-qa-34,lalm,2.9430887029261745,9.523600001557497,158.85277500001393,171.3194637044976,one shared preloaded model
conv-48-qa-35,lalm,2.9430887029261745,10.36999999996624,158.85277500001393,172.16586370290634,one shared preloaded model
conv-48-qa-36,lalm,2.9430887029261745,6.195600000864943,155.14087500014284,164.27956370393395,one shared preloaded model
conv-48-qa-37,lalm,2.9430887029261745,9.67790000140667,155.14087500014284,167.76186370447567,one shared preloaded model
conv-48-qa-38,lalm,2.9430887029261745,9.52309999956924,155.14087500014284,167.60706370263824,one shared preloaded model
conv-48-qa-39,lalm,2.9430887029261745,9.345600001324783,155.14087500014284,167.4295637043938,one shared preloaded model
conv-48-qa-40,lalm,2.9430887029261745,6.421100000807201,92.42502499955663,101.78921370329,one shared preloaded model
conv-48-qa-41,lalm,2.9430887029261745,9.912299999996321,92.42502499955663,105.28041370247912,one shared preloaded model
conv-48-qa-42,lalm,2.9430887029261745,9.644499999922118,92.42502499955663,105.01261370240492,one shared preloaded model
conv-48-qa-43,lalm,2.9430887029261745,9.51600000007602,92.42502499955663,104.88411370255882,one shared preloaded model
conv-48-qa-44,lalm,2.9430887029261745,8.924300000217045,122.58727500011446,134.45466370325767,one shared preloaded model
conv-48-qa-45,lalm,2.9430887029261745,9.695599999758997,122.58727500011446,135.22596370279962,one shared preloaded model
conv-48-qa-46,lalm,2.9430887029261745,10.109800001373515,122.58727500011446,135.64016370441414,one shared preloaded model
conv-48-qa-47,lalm,2.9430887029261745,9.597700000085752,122.58727500011446,135.12806370312637,one shared preloaded model
conv-48-qa-48,lalm,2.9430887029261745,6.103100000473205,159.20282499973837,168.24901370313773,one shared preloaded model
conv-48-qa-49,lalm,2.9430887029261745,9.724599998662597,159.20282499973837,171.87051370132713,one shared preloaded model
conv-48-qa-50,lalm,2.9430887029261745,9.637299999667448,159.20282499973837,171.78321370233198,one shared preloaded model
conv-48-qa-51,lalm,2.9430887029261745,9.250699999029166,159.20282499973837,171.3966137016937,one shared preloaded model
conv-48-qa-52,lalm,2.9430887029261745,8.855000000039581,81.23362500009534,93.0317137030611,one shared preloaded model
conv-48-qa-53,lalm,2.9430887029261745,10.092700000313926,81.23362500009534,94.26941370333545,one shared preloaded model
conv-48-qa-54,lalm,2.9430887029261745,9.35140000001411,81.23362500009534,93.52811370303563,one shared preloaded model
conv-48-qa-55,lalm,2.9430887029261745,9.558899999319692,81.23362500009534,93.73561370234121,one shared preloaded model
conv-48-qa-56,lalm,2.9430887029261745,6.354400000418536,89.73279999963779,99.0302887029825,one shared preloaded model
conv-48-qa-57,lalm,2.9430887029261745,9.351000000606291,89.73279999963779,102.02688870317026,one shared preloaded model
conv-48-qa-58,lalm,2.9430887029261745,9.718600000269362,89.73279999963779,102.39448870283333,one shared preloaded model
conv-48-qa-59,lalm,2.9430887029261745,9.172099998977501,89.73279999963779,101.84798870154147,one shared preloaded model
conv-48-qa-60,lalm,2.9430887029261745,6.662599998890073,123.33297500026674,132.93866370208298,one shared preloaded model
conv-48-qa-61,lalm,2.9430887029261745,9.361500000522938,123.33297500026674,135.63756370371584,one shared preloaded model
conv-48-qa-62,lalm,2.9430887029261745,10.003500001403154,123.33297500026674,136.27956370459606,one shared preloaded model
conv-48-qa-63,lalm,2.9430887029261745,9.354199999506818,123.33297500026674,135.63026370269972,one shared preloaded model
conv-48-qa-64,lalm,2.9430887029261745,6.922699998540338,168.79222500028845,178.65801370175495,one shared preloaded model
conv-48-qa-65,lalm,2.9430887029261745,9.900200000629411,168.79222500028845,181.63551370384403,one shared preloaded model
conv-48-qa-66,lalm,2.9430887029261745,9.781500000826782,168.79222500028845,181.5168137040414,one shared preloaded model
conv-48-qa-67,lalm,2.9430887029261745,6.485100000645616,168.79222500028845,178.22041370386023,one shared preloaded model
conv-48-qa-68,lalm,2.9430887029261745,6.29309999931138,113.54317500035904,122.7793637025966,one shared preloaded model
conv-48-qa-69,lalm,2.9430887029261745,9.58609999906912,113.54317500035904,126.07236370235434,one shared preloaded model
conv-48-qa-70,lalm,2.9430887029261745,9.827699999732431,113.54317500035904,126.31396370301765,one shared preloaded model
conv-48-qa-71,lalm,2.9430887029261745,9.400099999766098,113.54317500035904,125.88636370305132,one shared preloaded model
conv-48-qa-72,lalm,2.9430887029261745,6.5182999987882795,415.76837499997055,425.229763701685,one shared preloaded model
conv-48-qa-73,lalm,2.9430887029261745,9.421799999472569,415.76837499997055,428.1332637023693,one shared preloaded model
conv-48-qa-74,lalm,2.9430887029261745,10.337799998524133,415.76837499997055,429.04926370142084,one shared preloaded model
conv-48-qa-75,lalm,2.9430887029261745,9.84980000066571,415.76837499997055,428.5612637035624,one shared preloaded model
conv-48-qa-76,lalm,2.9430887029261745,8.437300000878167,164.4944250001572,175.87481370396154,one shared preloaded model
conv-48-qa-77,lalm,2.9430887029261745,5.523800000446499,164.4944250001572,172.96131370352987,one shared preloaded model
conv-48-qa-78,lalm,2.9430887029261745,8.976600000096369,164.4944250001572,176.41411370317974,one shared preloaded model
conv-48-qa-79,lalm,2.9430887029261745,9.277900000597583,164.4944250001572,176.71541370368095,one shared preloaded model
conv-48-qa-80,lalm,2.9430887029261745,6.9374000013340265,85.3876749997653,95.2681637040255,one shared preloaded model
conv-48-qa-81,lalm,2.9430887029261745,6.900299998960691,85.3876749997653,95.23106370165216,one shared preloaded model
conv-48-qa-82,lalm,2.9430887029261745,6.490199999461765,85.3876749997653,94.82096370215324,one shared preloaded model
conv-48-qa-83,lalm,2.9430887029261745,6.55189999997674,85.3876749997653,94.88266370266821,one shared preloaded model
conv-48-qa-84,lalm,2.9430887029261745,6.023500000083004,87.87064999978611,96.83723870279529,one shared preloaded model
conv-48-qa-85,lalm,2.9430887029261745,5.120799998621806,87.87064999978611,95.93453870133409,one shared preloaded model
conv-48-qa-86,lalm,2.9430887029261745,6.39940000110073,87.87064999978611,97.21313870381302,one shared preloaded model
conv-48-qa-87,lalm,2.9430887029261745,6.007800000588759,87.87064999978611,96.82153870330104,one shared preloaded model
conv-48-qa-88,lalm,2.9430887029261745,8.196899998438312,99.2513000001054,110.39128870146989,one shared preloaded model
conv-48-qa-89,lalm,2.9430887029261745,6.672400000752532,99.2513000001054,108.86678870378411,one shared preloaded model
conv-48-qa-90,lalm,2.9430887029261745,5.4090000012365635,99.2513000001054,107.60338870426814,one shared preloaded model
conv-48-qa-91,lalm,2.9430887029261745,6.052099999578786,99.2513000001054,108.24648870261036,one shared preloaded model
conv-48-qa-92,lalm,2.9430887029261745,7.085500001267064,85.41849999983242,95.44708870402566,one shared preloaded model
conv-48-qa-93,lalm,2.9430887029261745,9.967699999833712,85.41849999983242,98.32928870259231,one shared preloaded model
conv-48-qa-94,lalm,2.9430887029261745,9.465499999350868,85.41849999983242,97.82708870210946,one shared preloaded model
conv-48-qa-95,lalm,2.9430887029261745,9.678500000518397,85.41849999983242,98.040088703277,one shared preloaded model
conv-48-qa-96,lalm,2.9430887029261745,6.751999999323743,163.37250000015047,173.06758870240037,one shared preloaded model
conv-48-qa-97,lalm,2.9430887029261745,5.870699998922646,163.37250000015047,172.18628870199927,one shared preloaded model
conv-48-qa-98,lalm,2.9430887029261745,6.130299998403643,163.37250000015047,172.44588870148027,one shared preloaded model
conv-48-qa-99,lalm,2.9430887029261745,10.444199999255943,163.37250000015047,176.75978870233257,one shared preloaded model
conv-48-qa-100,lalm,2.9430887029261745,6.620100000873208,178.17282499981957,187.73601370361894,one shared preloaded model
conv-48-qa-101,lalm,2.9430887029261745,9.798299999602023,178.17282499981957,190.91421370234775,one shared preloaded model
conv-48-qa-102,lalm,2.9430887029261745,9.978199999750359,178.17282499981957,191.0941137024961,one shared preloaded model
conv-48-qa-103,lalm,2.9430887029261745,9.643299999879673,178.17282499981957,190.7592137026254,one shared preloaded model
conv-48-qa-104,lalm,2.9430887029261745,6.939999999303836,84.87982499991631,94.76291370214632,one shared preloaded model
conv-48-qa-105,lalm,2.9430887029261745,9.110700000746874,84.87982499991631,96.93361370358936,one shared preloaded model
conv-48-qa-106,lalm,2.9430887029261745,10.099300001456868,84.87982499991631,97.92221370429935,one shared preloaded model
conv-48-qa-107,lalm,2.9430887029261745,9.819400000196765,84.87982499991631,97.64231370303925,one shared preloaded model
conv-48-qa-108,lalm,2.9430887029261745,7.061599999360624,136.8374000003314,146.84208870261818,one shared preloaded model
conv-48-qa-109,lalm,2.9430887029261745,6.831199998487136,136.8374000003314,146.6116887017447,one shared preloaded model
conv-48-qa-110,lalm,2.9430887029261745,6.3640999997005565,136.8374000003314,146.14458870295812,one shared preloaded model
conv-48-qa-111,lalm,2.9430887029261745,6.666100000074948,136.8374000003314,146.4465887033325,one shared preloaded model
conv-48-qa-112,lalm,2.9430887029261745,8.43669999994745,141.8760250003288,153.25581370320242,one shared preloaded model
conv-48-qa-113,lalm,2.9430887029261745,9.924399999363231,141.8760250003288,154.7435137026182,one shared preloaded model
conv-48-qa-114,lalm,2.9430887029261745,9.199899999657646,141.8760250003288,154.01901370291262,one shared preloaded model
conv-48-qa-115,lalm,2.9430887029261745,9.881400001177099,141.8760250003288,154.70051370443207,one shared preloaded model
conv-48-qa-116,lalm,2.9430887029261745,6.837100001575891,123.68019999985336,133.4603887043554,one shared preloaded model
conv-48-qa-117,lalm,2.9430887029261745,10.435700000016368,123.68019999985336,137.0589887027959,one shared preloaded model
conv-48-qa-118,lalm,2.9430887029261745,9.51090000125987,123.68019999985336,136.1341887040394,one shared preloaded model
conv-48-qa-119,lalm,2.9430887029261745,9.447699998418102,123.68019999985336,136.07098870119762,one shared preloaded model
conv-48-qa-120,lalm,2.9430887029261745,6.502100000943756,166.12015000009706,175.56533870396697,one shared preloaded model
conv-48-qa-121,lalm,2.9430887029261745,5.460099999254453,166.12015000009706,174.52333870227767,one shared preloaded model
conv-48-qa-122,lalm,2.9430887029261745,6.606400000237045,166.12015000009706,175.66963870326026,one shared preloaded model
conv-48-qa-123,lalm,2.9430887029261745,10.31680000050983,166.12015000009706,179.38003870353305,one shared preloaded model
conv-48-qa-124,lalm,2.9430887029261745,6.579699998837896,167.61107499996797,177.13386370173203,one shared preloaded model
conv-48-qa-125,lalm,2.9430887029261745,9.531800000331714,167.61107499996797,180.08596370322584,one shared preloaded model
conv-48-qa-126,lalm,2.9430887029261745,9.596399999281857,167.61107499996797,180.150563702176,one shared preloaded model
conv-48-qa-127,lalm,2.9430887029261745,9.955399998943903,167.61107499996797,180.50956370183803,one shared preloaded model
conv-48-qa-128,lalm,2.9430887029261745,6.517100000564824,354.64147500033505,364.10166370382603,one shared preloaded model
conv-48-qa-129,lalm,2.9430887029261745,10.179799999605166,354.64147500033505,367.7643637028664,one shared preloaded model
conv-48-qa-130,lalm,2.9430887029261745,9.265499998946325,354.64147500033505,366.85006370220754,one shared preloaded model
conv-48-qa-131,lalm,2.9430887029261745,9.640399999625515,354.64147500033505,367.2249637028867,one shared preloaded model
conv-48-qa-132,lalm,2.9430887029261745,8.813200000076904,127.80887500002791,139.56516370303098,one shared preloaded model
conv-48-qa-133,lalm,2.9430887029261745,5.323999999745865,127.80887500002791,136.07596370269994,one shared preloaded model
conv-48-qa-134,lalm,2.9430887029261745,9.273199999370263,127.80887500002791,140.02516370232433,one shared preloaded model
conv-48-qa-135,lalm,2.9430887029261745,9.553899999446003,127.80887500002791,140.30586370240007,one shared preloaded model
conv-48-qa-136,lalm,2.9430887029261745,6.272099999478087,299.3120750002163,308.52726370262053,one shared preloaded model
conv-48-qa-137,lalm,2.9430887029261745,10.012699998696917,299.3120750002163,312.26786370183936,one shared preloaded model
conv-48-qa-138,lalm,2.9430887029261745,10.28530000075989,299.3120750002163,312.54046370390233,one shared preloaded model
conv-48-qa-139,lalm,2.9430887029261745,5.98589999935939,299.3120750002163,308.24106370250183,one shared preloaded model
conv-48-qa-140,lalm,2.9430887029261745,9.780200000022887,114.98829999982263,127.71158870277169,one shared preloaded model
conv-48-qa-141,lalm,2.9430887029261745,10.02639999933308,114.98829999982263,127.95778870208188,one shared preloaded model
conv-48-qa-142,lalm,2.9430887029261745,10.365899999669637,114.98829999982263,128.29728870241843,one shared preloaded model
conv-48-qa-143,lalm,2.9430887029261745,10.510600000998238,114.98829999982263,128.44198870374703,one shared preloaded model
conv-48-qa-144,lalm,2.9430887029261745,5.992800000967691,117.5543999997899,126.49028870368376,one shared preloaded model
conv-48-qa-145,lalm,2.9430887029261745,6.393499999830965,117.5543999997899,126.89098870254703,one shared preloaded model
conv-48-qa-146,lalm,2.9430887029261745,6.147399999463232,117.5543999997899,126.6448887021793,one shared preloaded model
conv-48-qa-147,lalm,2.9430887029261745,6.345100000544335,117.5543999997899,126.8425887032604,one shared preloaded model
conv-48-qa-148,lalm,2.9430887029261745,6.3159999990602955,81.46737500010204,90.72646370208851,one shared preloaded model
conv-48-qa-149,lalm,2.9430887029261745,7.062900000164518,81.46737500010204,91.47336370319273,one shared preloaded model
conv-48-qa-150,lalm,2.9430887029261745,6.512599999041413,81.46737500010204,90.92306370206963,one shared preloaded model
conv-48-qa-151,lalm,2.9430887029261745,6.456499999330845,81.46737500010204,90.86696370235906,one shared preloaded model
conv-48-qa-152,lalm,2.9430887029261745,6.916700000147102,307.4927749999006,317.35256370297384,one shared preloaded model
conv-48-qa-153,lalm,2.9430887029261745,10.54390000172134,307.4927749999006,320.9797637045481,one shared preloaded model
conv-48-qa-154,lalm,2.9430887029261745,10.142099999939092,307.4927749999006,320.5779637027658,one shared preloaded model
conv-48-qa-155,lalm,2.9430887029261745,9.243399999832036,307.4927749999006,319.6792637026588,one shared preloaded model
conv-48-qa-156,lalm,2.9430887029261745,7.001599999057362,167.6695500000278,177.61423870201133,one shared preloaded model
conv-48-qa-157,lalm,2.9430887029261745,9.56899999982852,167.6695500000278,180.1816387027825,one shared preloaded model
conv-48-qa-158,lalm,2.9430887029261745,10.601100000712904,167.6695500000278,181.21373870366688,one shared preloaded model
conv-48-qa-159,lalm,2.9430887029261745,9.351700000479468,167.6695500000278,179.96433870343344,one shared preloaded model
conv-48-qa-160,lalm,2.9430887029261745,5.843999999342486,129.90569999965373,138.69278870192238,one shared preloaded model
conv-48-qa-161,lalm,2.9430887029261745,6.857900001705275,129.90569999965373,139.70668870428517,one shared preloaded model
conv-48-qa-162,lalm,2.9430887029261745,10.183099999267142,129.90569999965373,143.03188870184704,one shared preloaded model
conv-48-qa-163,lalm,2.9430887029261745,9.54490000003716,129.90569999965373,142.39368870261706,one shared preloaded model
conv-48-qa-164,lalm,2.9430887029261745,6.0415000007196795,76.36724999974831,85.35183870339417,one shared preloaded model
conv-48-qa-165,lalm,2.9430887029261745,5.741299999499461,76.36724999974831,85.05163870217395,one shared preloaded model
conv-48-qa-166,lalm,2.9430887029261745,5.30350000008184,76.36724999974831,84.61383870275633,one shared preloaded model
conv-48-qa-167,lalm,2.9430887029261745,6.6691000010905555,76.36724999974831,85.97943870376504,one shared preloaded model
conv-48-qa-168,lalm,2.9430887029261745,6.172800000058487,213.28879999964556,222.4046887026302,one shared preloaded model
conv-48-qa-169,lalm,2.9430887029261745,5.347399999664049,213.28879999964556,221.57928870223577,one shared preloaded model
conv-48-qa-170,lalm,2.9430887029261745,6.982099999731872,213.28879999964556,223.2139887023036,one shared preloaded model
conv-48-qa-171,lalm,2.9430887029261745,10.199000000284286,213.28879999964556,226.430888702856,one shared preloaded model
conv-48-qa-172,lalm,2.9430887029261745,6.534800000736141,70.8266999999978,80.30458870366012,one shared preloaded model
conv-48-qa-173,lalm,2.9430887029261745,6.242800000109128,70.8266999999978,80.0125887030331,one shared preloaded model
conv-48-qa-174,lalm,2.9430887029261745,6.424300001526717,70.8266999999978,80.19408870445069,one shared preloaded model
conv-48-qa-175,lalm,2.9430887029261745,6.887599998663063,70.8266999999978,80.65738870158704,one shared preloaded model
conv-48-qa-176,lalm,2.9430887029261745,6.369599999743514,151.93057500027862,161.2432637029483,one shared preloaded model
conv-48-qa-177,lalm,2.9430887029261745,6.615099999180529,151.93057500027862,161.4887637023853,one shared preloaded model
conv-48-qa-178,lalm,2.9430887029261745,5.265800000415766,151.93057500027862,160.13946370362055,one shared preloaded model
conv-48-qa-179,lalm,2.9430887029261745,5.97620000007737,151.93057500027862,160.84986370328215,one shared preloaded model
conv-48-qa-180,lalm,2.9430887029261745,6.616000000576605,292.17454999979964,301.7336387033024,one shared preloaded model
conv-48-qa-181,lalm,2.9430887029261745,9.850899999946705,292.17454999979964,304.9685387026725,one shared preloaded model
conv-48-qa-182,lalm,2.9430887029261745,9.293700000853278,292.17454999979964,304.4113387035791,one shared preloaded model
conv-48-qa-183,lalm,2.9430887029261745,9.121799999775249,292.17454999979964,304.23943870250105,one shared preloaded model
conv-48-qa-184,lalm,2.9430887029261745,7.39160000011907,130.5220500003088,140.85673870335404,one shared preloaded model
conv-48-qa-185,lalm,2.9430887029261745,10.061700000733254,130.5220500003088,143.52683870396822,one shared preloaded model
conv-48-qa-186,lalm,2.9430887029261745,9.485800001129974,130.5220500003088,142.95093870436494,one shared preloaded model
conv-48-qa-187,lalm,2.9430887029261745,10.302599999704398,130.5220500003088,143.76773870293937,one shared preloaded model
conv-48-qa-188,lalm,2.9430887029261745,6.119499999840627,109.78919999979553,118.85178870256233,one shared preloaded model
conv-48-qa-189,lalm,2.9430887029261745,5.729000000428641,109.78919999979553,118.46128870315034,one shared preloaded model
conv-48-qa-190,lalm,2.9430887029261745,6.102499999542488,109.78919999979553,118.83478870226419,one shared preloaded model
conv-48-qa-191,lalm,2.9430887029261745,6.373899999744026,109.78919999979553,119.10618870246573,one shared preloaded model
conv-48-qa-192,lalm,2.9430887029261745,6.470399999670917,91.17897500027539,100.59246370287248,one shared preloaded model
conv-48-qa-193,lalm,2.9430887029261745,9.302300000854302,91.17897500027539,103.42436370405586,one shared preloaded model
conv-48-qa-194,lalm,2.9430887029261745,9.838500000114436,91.17897500027539,103.960563703316,one shared preloaded model
conv-48-qa-195,lalm,2.9430887029261745,6.1647000002267305,91.17897500027539,100.28676370342829,one shared preloaded model
conv-48-qa-196,lalm,2.9430887029261745,5.955599999651895,175.98510000016176,184.88378870273982,one shared preloaded model
conv-48-qa-197,lalm,2.9430887029261745,5.528800000320189,175.98510000016176,184.45698870340811,one shared preloaded model
conv-48-qa-198,lalm,2.9430887029261745,5.691099999239668,175.98510000016176,184.6192887023276,one shared preloaded model
conv-48-qa-199,lalm,2.9430887029261745,5.5578999999852385,175.98510000016176,184.48608870307316,one shared preloaded model
conv-48-qa-200,lalm,2.9430887029261745,6.184300000313669,85.7323750001342,94.85976370337404,one shared preloaded model
conv-48-qa-201,lalm,2.9430887029261745,6.147299998701783,85.7323750001342,94.82276370176216,one shared preloaded model
conv-48-qa-202,lalm,2.9430887029261745,5.773999999291846,85.7323750001342,94.44946370235222,one shared preloaded model
conv-48-qa-203,lalm,2.9430887029261745,8.646000000226195,85.7323750001342,97.32146370328657,one shared preloaded model
conv-48-qa-204,lalm,2.9430887029261745,6.140800000139279,95.8808250002221,104.96471370328756,one shared preloaded model
conv-48-qa-205,lalm,2.9430887029261745,10.060900000098627,95.8808250002221,108.8848137032469,one shared preloaded model
conv-48-qa-206,lalm,2.9430887029261745,6.9618000015907455,95.8808250002221,105.78571370473902,one shared preloaded model
conv-48-qa-207,lalm,2.9430887029261745,9.592300000804244,95.8808250002221,108.41621370395252,one shared preloaded model
conv-48-qa-208,lalm,2.9430887029261745,6.553600000188453,91.73144999977012,101.22813870288475,one shared preloaded model
conv-48-qa-209,lalm,2.9430887029261745,8.764299998802016,91.73144999977012,103.43883870149831,one shared preloaded model
conv-48-qa-210,lalm,2.9430887029261745,9.288100000048871,91.73144999977012,103.96263870274517,one shared preloaded model
conv-48-qa-211,lalm,2.9430887029261745,9.437900000193622,91.73144999977012,104.11243870288992,one shared preloaded model
conv-48-qa-212,lalm,2.9430887029261745,6.275100000493694,301.52859999998327,310.7467887034031,one shared preloaded model
conv-48-qa-213,lalm,2.9430887029261745,6.942100000742357,301.52859999998327,311.4137887036518,one shared preloaded model
conv-48-qa-214,lalm,2.9430887029261745,6.531500001074164,301.52859999998327,311.0031887039836,one shared preloaded model
conv-48-qa-215,lalm,2.9430887029261745,6.363800001054187,301.52859999998327,310.8354887039636,one shared preloaded model
conv-48-qa-216,lalm,2.9430887029261745,6.597100000362843,82.49404999969556,92.03423870298458,one shared preloaded model
conv-48-qa-217,lalm,2.9430887029261745,9.730699999636272,82.49404999969556,95.16783870225801,one shared preloaded model
conv-48-qa-218,lalm,2.9430887029261745,9.60519999898679,82.49404999969556,95.04233870160853,one shared preloaded model
conv-48-qa-219,lalm,2.9430887029261745,9.706699998787371,82.49404999969556,95.14383870140911,one shared preloaded model
conv-48-qa-220,lalm,2.9430887029261745,6.590299999515992,82.7182250000078,92.25161370244997,one shared preloaded model
conv-48-qa-221,lalm,2.9430887029261745,6.008299998939037,82.7182250000078,91.66961370187302,one shared preloaded model
conv-48-qa-222,lalm,2.9430887029261745,9.550900000249385,82.7182250000078,95.21221370318337,one shared preloaded model
conv-48-qa-223,lalm,2.9430887029261745,9.42399999985355,82.7182250000078,95.08531370278753,one shared preloaded model
conv-48-qa-224,lalm,2.9430887029261745,6.73590000042168,99.54317500023535,109.2221637035832,one shared preloaded model
conv-48-qa-225,lalm,2.9430887029261745,9.740400000737282,99.54317500023535,112.22666370389881,one shared preloaded model
conv-48-qa-226,lalm,2.9430887029261745,9.714799998619128,99.54317500023535,112.20106370178065,one shared preloaded model
conv-48-qa-227,lalm,2.9430887029261745,10.09909999993397,99.54317500023535,112.5853637030955,one shared preloaded model
conv-48-qa-228,lalm,2.9430887029261745,6.151400000817375,162.81860000026427,171.9130887040078,one shared preloaded model
conv-48-qa-229,lalm,2.9430887029261745,10.589199999230914,162.81860000026427,176.35088870242134,one shared preloaded model
conv-48-qa-230,lalm,2.9430887029261745,10.003499999584164,162.81860000026427,175.7651887027746,one shared preloaded model
conv-48-qa-231,lalm,2.9430887029261745,10.306199999831733,162.81860000026427,176.06788870302216,one shared preloaded model
conv-48-qa-232,lalm,2.9430887029261745,6.206899999597226,72.00620000003255,81.15618870255595,one shared preloaded model
conv-48-qa-233,lalm,2.9430887029261745,5.951700000878191,72.00620000003255,80.90098870383692,one shared preloaded model
conv-48-qa-234,lalm,2.9430887029261745,6.415500000002794,72.00620000003255,81.36478870296152,one shared preloaded model
conv-48-qa-235,lalm,2.9430887029261745,6.8787000000156695,72.00620000003255,81.8279887029744,one shared preloaded model
conv-48-qa-236,lalm,2.9430887029261745,5.925600000409759,180.04656666683636,188.9152553701723,one shared preloaded model
conv-48-qa-237,lalm,2.9430887029261745,6.370999999489868,180.04656666683636,189.3606553692524,one shared preloaded model
conv-48-qa-238,lalm,2.9430887029261745,6.980699999985518,180.04656666683636,189.97035536974806,one shared preloaded model
conv-49-qa-0,lalm,2.3116719387741926,9.269999998650746,92.84772499995597,104.42939693738091,one shared preloaded model
conv-49-qa-1,lalm,2.3116719387741926,7.776000000376371,92.84772499995597,102.93539693910654,one shared preloaded model
conv-49-qa-2,lalm,2.3116719387741926,6.25439999930677,92.84772499995597,101.41379693803694,one shared preloaded model
conv-49-qa-3,lalm,2.3116719387741926,6.2009000012039905,92.84772499995597,101.36029693993416,one shared preloaded model
conv-49-qa-4,lalm,2.3116719387741926,9.071000000403728,87.66482500004713,99.04749693922506,one shared preloaded model
conv-49-qa-5,lalm,2.3116719387741926,9.725699999762583,87.66482500004713,99.70219693858391,one shared preloaded model
conv-49-qa-6,lalm,2.3116719387741926,9.662099999331986,87.66482500004713,99.63859693815331,one shared preloaded model
conv-49-qa-7,lalm,2.3116719387741926,9.325500001068576,87.66482500004713,99.3019969398899,one shared preloaded model
conv-49-qa-8,lalm,2.3116719387741926,6.339400000797468,181.5123249998578,190.16339693942948,one shared preloaded model
conv-49-qa-9,lalm,2.3116719387741926,10.206300001300406,181.5123249998578,194.0302969399324,one shared preloaded model
conv-49-qa-10,lalm,2.3116719387741926,10.056199998871307,181.5123249998578,193.8801969375033,one shared preloaded model
conv-49-qa-11,lalm,2.3116719387741926,9.178399999655085,181.5123249998578,193.0023969382871,one shared preloaded model
conv-49-qa-12,lalm,2.3116719387741926,6.8864999993820675,218.62214999964635,227.82032193780262,one shared preloaded model
conv-49-qa-13,lalm,2.3116719387741926,10.366900000008172,218.62214999964635,231.30072193842872,one shared preloaded model
conv-49-qa-14,lalm,2.3116719387741926,8.881499999915832,218.62214999964635,229.81532193833638,one shared preloaded model
conv-49-qa-15,lalm,2.3116719387741926,6.880200000523473,218.62214999964635,227.81402193894402,one shared preloaded model
conv-49-qa-16,lalm,2.3116719387741926,8.664300001328229,152.21187500037558,163.187846940478,one shared preloaded model
conv-49-qa-17,lalm,2.3116719387741926,9.754499998962274,152.21187500037558,164.27804693811206,one shared preloaded model
conv-49-qa-18,lalm,2.3116719387741926,6.4081000000442145,152.21187500037558,160.931646939194,one shared preloaded model
conv-49-qa-19,lalm,2.3116719387741926,6.670600001598359,152.21187500037558,161.19414694074814,one shared preloaded model
conv-49-qa-20,lalm,2.3116719387741926,6.7644999999174615,133.23622500001875,142.3123969387104,one shared preloaded model
conv-49-qa-21,lalm,2.3116719387741926,5.562599999393569,133.23622500001875,141.11049693818651,one shared preloaded model
conv-49-qa-22,lalm,2.3116719387741926,5.48979999985022,133.23622500001875,141.03769693864317,one shared preloaded model
conv-49-qa-23,lalm,2.3116719387741926,6.674199999906705,133.23622500001875,142.22209693869965,one shared preloaded model
conv-49-qa-24,lalm,2.3116719387741926,6.738500000210479,91.20630000006713,100.2564719390518,one shared preloaded model
conv-49-qa-25,lalm,2.3116719387741926,6.936300000234041,91.20630000006713,100.45427193907537,one shared preloaded model
conv-49-qa-26,lalm,2.3116719387741926,5.979299998216447,91.20630000006713,99.49727193705777,one shared preloaded model
conv-49-qa-27,lalm,2.3116719387741926,6.4562000006844755,91.20630000006713,99.9741719395258,one shared preloaded model
conv-49-qa-28,lalm,2.3116719387741926,6.46230000165815,131.73632500001986,140.5102969404522,one shared preloaded model
conv-49-qa-29,lalm,2.3116719387741926,5.712100000891951,131.73632500001986,139.760096939686,one shared preloaded model
conv-49-qa-30,lalm,2.3116719387741926,6.232900001123198,131.73632500001986,140.28089693991726,one shared preloaded model
conv-49-qa-31,lalm,2.3116719387741926,6.807900001149392,131.73632500001986,140.85589693994345,one shared preloaded model
conv-49-qa-32,lalm,2.3116719387741926,6.013700000039535,206.43967500018334,214.76504693899707,one shared preloaded model
conv-49-qa-33,lalm,2.3116719387741926,5.138100001204293,206.43967500018334,213.88944694016183,one shared preloaded model
conv-49-qa-34,lalm,2.3116719387741926,6.4158999994106125,206.43967500018334,215.16724693836815,one shared preloaded model
conv-49-qa-35,lalm,2.3116719387741926,5.215600000155973,206.43967500018334,213.9669469391135,one shared preloaded model
conv-49-qa-36,lalm,2.3116719387741926,8.421599999564933,98.86527500020748,109.5985469385466,one shared preloaded model
conv-49-qa-37,lalm,2.3116719387741926,10.494099999050377,98.86527500020748,111.67104693803205,one shared preloaded model
conv-49-qa-38,lalm,2.3116719387741926,9.6997000000556,98.86527500020748,110.87664693903727,one shared preloaded model
conv-49-qa-39,lalm,2.3116719387741926,10.054899999886402,98.86527500020748,111.23184693886807,one shared preloaded model
conv-49-qa-40,lalm,2.3116719387741926,6.277899999986403,179.60802499965212,188.19759693841272,one shared preloaded model
conv-49-qa-41,lalm,2.3116719387741926,9.861499998805812,179.60802499965212,191.78119693723212,one shared preloaded model
conv-49-qa-42,lalm,2.3116719387741926,9.505800000624731,179.60802499965212,191.42549693905104,one shared preloaded model
conv-49-qa-43,lalm,2.3116719387741926,9.787400000277557,179.60802499965212,191.70709693870387,one shared preloaded model
conv-49-qa-44,lalm,2.3116719387741926,6.7025000007561175,156.6088250001485,165.6229969396788,one shared preloaded model
conv-49-qa-45,lalm,2.3116719387741926,9.53020000088145,156.6088250001485,168.45069693980415,one shared preloaded model
conv-49-qa-46,lalm,2.3116719387741926,10.502099999939674,156.6088250001485,169.42259693886237,one shared preloaded model
conv-49-qa-47,lalm,2.3116719387741926,9.220300000379211,156.6088250001485,168.1407969393019,one shared preloaded model
conv-49-qa-48,lalm,2.3116719387741926,6.3771000004635425,79.44702499980849,88.13579693904623,one shared preloaded model
conv-49-qa-49,lalm,2.3116719387741926,9.855000000243308,79.44702499980849,91.613696938826,one shared preloaded model
conv-49-qa-50,lalm,2.3116719387741926,9.088000000701868,79.44702499980849,90.84669693928456,one shared preloaded model
conv-49-qa-51,lalm,2.3116719387741926,10.418500000014319,79.44702499980849,92.177196938597,one shared preloaded model
conv-49-qa-52,lalm,2.3116719387741926,7.209699999293662,230.8802249999644,240.40159693803227,one shared preloaded model
conv-49-qa-53,lalm,2.3116719387741926,9.502400000201305,230.8802249999644,242.6942969389399,one shared preloaded model
conv-49-qa-54,lalm,2.3116719387741926,9.970399998564972,230.8802249999644,243.16229693730358,one shared preloaded model
conv-49-qa-55,lalm,2.3116719387741926,9.398199999850476,230.8802249999644,242.59009693858908,one shared preloaded model
conv-49-qa-56,lalm,2.3116719387741926,6.8554999998013955,152.32697500005088,161.49414693862647,one shared preloaded model
conv-49-qa-57,lalm,2.3116719387741926,8.273699999335804,152.32697500005088,162.91234693816088,one shared preloaded model
conv-49-qa-58,lalm,2.3116719387741926,9.312100000897772,152.32697500005088,163.95074693972285,one shared preloaded model
conv-49-qa-59,lalm,2.3116719387741926,9.50830000147107,152.32697500005088,164.14694694029615,one shared preloaded model
conv-49-qa-60,lalm,2.3116719387741926,7.153800001105992,101.49492499976986,110.96039693965005,one shared preloaded model
conv-49-qa-61,lalm,2.3116719387741926,9.63690000025963,101.49492499976986,113.44349693880369,one shared preloaded model
conv-49-qa-62,lalm,2.3116719387741926,9.550799999487936,101.49492499976986,113.357396938032,one shared preloaded model
conv-49-qa-63,lalm,2.3116719387741926,9.47210000049381,101.49492499976986,113.27869693903787,one shared preloaded model
conv-49-qa-64,lalm,2.3116719387741926,6.755899999916437,81.95707500044591,91.02464693913655,one shared preloaded model
conv-49-qa-65,lalm,2.3116719387741926,9.568499999659252,81.95707500044591,93.83724693887936,one shared preloaded model
conv-49-qa-66,lalm,2.3116719387741926,9.81339999998454,81.95707500044591,94.08214693920465,one shared preloaded model
conv-49-qa-67,lalm,2.3116719387741926,9.118299998590373,81.95707500044591,93.38704693781048,one shared preloaded model
conv-49-qa-68,lalm,2.3116719387741926,6.1838999990868615,220.3007000002799,228.79627193814096,one shared preloaded model
conv-49-qa-69,lalm,2.3116719387741926,10.154999999940628,220.3007000002799,232.76737193899473,one shared preloaded model
conv-49-qa-70,lalm,2.3116719387741926,9.476299999732873,220.3007000002799,232.08867193878697,one shared preloaded model
conv-49-qa-71,lalm,2.3116719387741926,9.627900000850786,220.3007000002799,232.2402719399049,one shared preloaded model
conv-49-qa-72,lalm,2.3116719387741926,6.423200000426732,190.33212499971341,199.06699693891434,one shared preloaded model
conv-49-qa-73,lalm,2.3116719387741926,5.223300000579911,190.33212499971341,197.86709693906752,one shared preloaded model
conv-49-qa-74,lalm,2.3116719387741926,5.341000000044005,190.33212499971341,197.98479693853162,one shared preloaded model
conv-49-qa-75,lalm,2.3116719387741926,9.135599999353872,190.33212499971341,201.77939693784148,one shared preloaded model
conv-49-qa-76,lalm,2.3116719387741926,8.7149999999383,150.6411999998818,161.6678719385943,one shared preloaded model
conv-49-qa-77,lalm,2.3116719387741926,7.807300000422401,150.6411999998818,160.7601719390784,one shared preloaded model
conv-49-qa-78,lalm,2.3116719387741926,5.716599998777383,150.6411999998818,158.66947193743337,one shared preloaded model
conv-49-qa-79,lalm,2.3116719387741926,6.016499999532243,150.6411999998818,158.96937193818823,one shared preloaded model
conv-49-qa-80,lalm,2.3116719387741926,6.190000000060536,161.063975000161,169.56564693899574,one shared preloaded model
conv-49-qa-81,lalm,2.3116719387741926,5.396700000346755,161.063975000161,168.77234693928196,one shared preloaded model
conv-49-qa-82,lalm,2.3116719387741926,8.533000000170432,161.063975000161,171.90864693910564,one shared preloaded model
conv-49-qa-83,lalm,2.3116719387741926,6.8114000005152775,161.063975000161,170.18704693945048,one shared preloaded model
conv-49-qa-84,lalm,2.3116719387741926,5.901599999560858,212.9562499999338,221.16952193826884,one shared preloaded model
conv-49-qa-85,lalm,2.3116719387741926,6.097600000430248,212.9562499999338,221.36552193913823,one shared preloaded model
conv-49-qa-86,lalm,2.3116719387741926,9.764500000528642,212.9562499999338,225.03242193923663,one shared preloaded model
conv-49-qa-87,lalm,2.3116719387741926,9.86899999952584,212.9562499999338,225.13692193823383,one shared preloaded model
conv-49-qa-88,lalm,2.3116719387741926,6.228599999303697,96.59025000019028,105.13052193826817,one shared preloaded model
conv-49-qa-89,lalm,2.3116719387741926,10.96750000033353,96.59025000019028,109.86942193929801,one shared preloaded model
conv-49-qa-90,lalm,2.3116719387741926,10.601100000712904,96.59025000019028,109.50302193967738,one shared preloaded model
conv-49-qa-91,lalm,2.3116719387741926,10.858199999347562,96.59025000019028,109.76012193831204,one shared preloaded model
conv-49-qa-92,lalm,2.3116719387741926,9.625099999539088,97.3342499996761,109.27102193798939,one shared preloaded model
conv-49-qa-93,lalm,2.3116719387741926,9.851799999523791,97.3342499996761,109.49772193797409,one shared preloaded model
conv-49-qa-94,lalm,2.3116719387741926,9.962899999663932,97.3342499996761,109.60882193811423,one shared preloaded model
conv-49-qa-95,lalm,2.3116719387741926,9.717199998704018,97.3342499996761,109.36312193715432,one shared preloaded model
conv-49-qa-96,lalm,2.3116719387741926,6.262700000661425,233.66377499996815,242.23814693940378,one shared preloaded model
conv-49-qa-97,lalm,2.3116719387741926,5.969599998934427,233.66377499996815,241.94504693767678,one shared preloaded model
conv-49-qa-98,lalm,2.3116719387741926,6.326099999569124,233.66377499996815,242.30154693831147,one shared preloaded model
conv-49-qa-99,lalm,2.3116719387741926,5.948400001216214,233.66377499996815,241.92384693995857,one shared preloaded model
conv-49-qa-100,lalm,2.3116719387741926,6.466200000431854,79.25567500024044,88.0335469394465,one shared preloaded model
conv-49-qa-101,lalm,2.3116719387741926,5.398600000262377,79.25567500024044,86.96594693927702,one shared preloaded model
conv-49-qa-102,lalm,2.3116719387741926,5.428500000562053,79.25567500024044,86.9958469395767,one shared preloaded model
conv-49-qa-103,lalm,2.3116719387741926,6.613600000491715,79.25567500024044,88.18094693950636,one shared preloaded model
conv-49-qa-104,lalm,2.3116719387741926,6.962299999941024,111.67119999981878,120.945171938534,one shared preloaded model
conv-49-qa-105,lalm,2.3116719387741926,9.425199999895995,111.67119999981878,123.40807193848897,one shared preloaded model
conv-49-qa-106,lalm,2.3116719387741926,10.667099999409402,111.67119999981878,124.64997193800238,one shared preloaded model
conv-49-qa-107,lalm,2.3116719387741926,9.371399999508867,111.67119999981878,123.35427193810185,one shared preloaded model
conv-49-qa-108,lalm,2.3116719387741926,6.27139999960491,88.01415000016277,96.59722193854188,one shared preloaded model
conv-49-qa-109,lalm,2.3116719387741926,5.299099999319878,88.01415000016277,95.62492193825685,one shared preloaded model
conv-49-qa-110,lalm,2.3116719387741926,5.271399999401183,88.01415000016277,95.59722193833815,one shared preloaded model
conv-49-qa-111,lalm,2.3116719387741926,8.58420000076876,88.01415000016277,98.91002193970573,one shared preloaded model
conv-49-qa-112,lalm,2.3116719387741926,6.26870000087365,100.25630000018282,108.83667193983067,one shared preloaded model
conv-49-qa-113,lalm,2.3116719387741926,6.640700001298683,100.25630000018282,109.2086719402557,one shared preloaded model
conv-49-qa-114,lalm,2.3116719387741926,6.221300000106567,100.25630000018282,108.78927193906358,one shared preloaded model
conv-49-qa-115,lalm,2.3116719387741926,6.378699999913806,100.25630000018282,108.94667193887082,one shared preloaded model
conv-49-qa-116,lalm,2.3116719387741926,6.272499998885905,72.18177499999001,80.76594693765011,one shared preloaded model
conv-49-qa-117,lalm,2.3116719387741926,6.332500001008157,72.18177499999001,80.82594693977236,one shared preloaded model
conv-49-qa-118,lalm,2.3116719387741926,6.468300000051386,72.18177499999001,80.9617469388156,one shared preloaded model
conv-49-qa-119,lalm,2.3116719387741926,5.5460999992646975,72.18177499999001,80.0395469380289,one shared preloaded model
conv-49-qa-120,lalm,2.3116719387741926,7.333300000027521,190.44105000011768,200.0860219389194,one shared preloaded model
conv-49-qa-121,lalm,2.3116719387741926,5.275499999697786,190.44105000011768,198.02822193858967,one shared preloaded model
conv-49-qa-122,lalm,2.3116719387741926,6.243400001039845,190.44105000011768,198.99612193993173,one shared preloaded model
conv-49-qa-123,lalm,2.3116719387741926,6.741499999407097,190.44105000011768,199.49422193829898,one shared preloaded model
conv-49-qa-124,lalm,2.3116719387741926,7.221500000014203,175.52430000023378,185.05747193902218,one shared preloaded model
conv-49-qa-125,lalm,2.3116719387741926,9.543300000586896,175.52430000023378,187.37927193959487,one shared preloaded model
conv-49-qa-126,lalm,2.3116719387741926,10.007700000642217,175.52430000023378,187.8436719396502,one shared preloaded model
conv-49-qa-127,lalm,2.3116719387741926,9.69260000056238,175.52430000023378,187.52857193957036,one shared preloaded model
conv-49-qa-128,lalm,2.3116719387741926,5.900500000279862,154.50659999987693,162.71877193893098,one shared preloaded model
conv-49-qa-129,lalm,2.3116719387741926,5.803699999887613,154.50659999987693,162.62197193853874,one shared preloaded model
conv-49-qa-130,lalm,2.3116719387741926,9.878099999696133,154.50659999987693,166.69637193834726,one shared preloaded model
conv-49-qa-131,lalm,2.3116719387741926,5.958499999906053,154.50659999987693,162.77677193855718,one shared preloaded model
conv-49-qa-132,lalm,2.3116719387741926,6.132999998953892,186.41909999996642,194.8637719376945,one shared preloaded model
conv-49-qa-133,lalm,2.3116719387741926,9.826199999224627,186.41909999996642,198.55697193796524,one shared preloaded model
conv-49-qa-134,lalm,2.3116719387741926,9.919099999024183,186.41909999996642,198.6498719377648,one shared preloaded model
conv-49-qa-135,lalm,2.3116719387741926,9.403300000485615,186.41909999996642,198.13407193922623,one shared preloaded model
conv-49-qa-136,lalm,2.3116719387741926,6.485500000053435,118.01865000006728,126.81582193889491,one shared preloaded model
conv-49-qa-137,lalm,2.3116719387741926,6.40190000012808,118.01865000006728,126.73222193896956,one shared preloaded model
conv-49-qa-138,lalm,2.3116719387741926,5.182200000490411,118.01865000006728,125.51252193933189,one shared preloaded model
conv-49-qa-139,lalm,2.3116719387741926,5.128599999807193,118.01865000006728,125.45892193864867,one shared preloaded model
conv-49-qa-140,lalm,2.3116719387741926,6.830800000898307,123.21532500027388,132.35779693994638,one shared preloaded model
conv-49-qa-141,lalm,2.3116719387741926,9.942900000169175,123.21532500027388,135.46989693921725,one shared preloaded model
conv-49-qa-142,lalm,2.3116719387741926,10.694500000681728,123.21532500027388,136.2214969397298,one shared preloaded model
conv-49-qa-143,lalm,2.3116719387741926,9.793700000955141,123.21532500027388,135.32069694000322,one shared preloaded model
conv-49-qa-144,lalm,2.3116719387741926,8.565400001316448,90.93149999989691,101.80857193998756,one shared preloaded model
conv-49-qa-145,lalm,2.3116719387741926,9.850899999946705,90.93149999989691,103.09407193861782,one shared preloaded model
conv-49-qa-146,lalm,2.3116719387741926,9.645000000091386,90.93149999989691,102.8881719387625,one shared preloaded model
conv-49-qa-147,lalm,2.3116719387741926,9.347600000182865,90.93149999989691,102.59077193885398,one shared preloaded model
conv-49-qa-148,lalm,2.3116719387741926,6.4485000002605375,145.83777500001815,154.5979469390529,one shared preloaded model
conv-49-qa-149,lalm,2.3116719387741926,9.881699999823468,145.83777500001815,158.03114693861582,one shared preloaded model
conv-49-qa-150,lalm,2.3116719387741926,9.349699999802397,145.83777500001815,157.49914693859475,one shared preloaded model
conv-49-qa-151,lalm,2.3116719387741926,10.158600000067963,145.83777500001815,158.30804693886031,one shared preloaded model
conv-49-qa-152,lalm,2.3116719387741926,6.9554000001517124,142.872874999739,152.1399469386649,one shared preloaded model
conv-49-qa-153,lalm,2.3116719387741926,10.134000000107335,142.872874999739,155.31854693862053,one shared preloaded model
conv-49-qa-154,lalm,2.3116719387741926,9.591899999577436,142.872874999739,154.77644693809063,one shared preloaded model
conv-49-qa-155,lalm,2.3116719387741926,10.03130000026431,142.872874999739,155.2158469387775,one shared preloaded model
conv-49-qa-156,lalm,2.3116719387741926,7.223699998576194,111.12064999997529,120.65602193732568,one shared preloaded model
conv-49-qa-157,lalm,2.3116719387741926,5.237599998508813,111.12064999997529,118.6699219372583,one shared preloaded model
conv-49-qa-158,lalm,2.3116719387741926,5.960099999356316,111.12064999997529,119.3924219381058,one shared preloaded model
conv-49-qa-159,lalm,2.3116719387741926,10.659699999450822,111.12064999997529,124.0920219382003,one shared preloaded model
conv-49-qa-160,lalm,2.3116719387741926,6.127099999503116,102.08220000004076,110.52097193831807,one shared preloaded model
conv-49-qa-161,lalm,2.3116719387741926,9.539500000755652,102.08220000004076,113.9333719395706,one shared preloaded model
conv-49-qa-162,lalm,2.3116719387741926,9.81810000121186,102.08220000004076,114.21197194002681,one shared preloaded model
conv-49-qa-163,lalm,2.3116719387741926,9.170000001176959,102.08220000004076,113.56387193999191,one shared preloaded model
conv-49-qa-164,lalm,2.3116719387741926,7.111500000974047,81.4333749999605,90.85654693970875,one shared preloaded model
conv-49-qa-165,lalm,2.3116719387741926,10.108200000104262,81.4333749999605,93.85324693883896,one shared preloaded model
conv-49-qa-166,lalm,2.3116719387741926,10.03130000026431,81.4333749999605,93.77634693899901,one shared preloaded model
conv-49-qa-167,lalm,2.3116719387741926,9.349800000563846,81.4333749999605,93.09484693929855,one shared preloaded model
conv-49-qa-168,lalm,2.3116719387741926,10.354299998653005,138.4890499998619,151.1550219372891,one shared preloaded model
conv-49-qa-169,lalm,2.3116719387741926,10.102199999892036,138.4890499998619,150.90292193852812,one shared preloaded model
conv-49-qa-170,lalm,2.3116719387741926,9.965999999622,138.4890499998619,150.7667219382581,one shared preloaded model
conv-49-qa-171,lalm,2.3116719387741926,7.905899999968824,138.4890499998619,148.7066219386049,one shared preloaded model
conv-49-qa-172,lalm,2.3116719387741926,8.476500001052045,86.18597499980751,96.97414693963375,one shared preloaded model
conv-49-qa-173,lalm,2.3116719387741926,10.578500001429347,86.18597499980751,99.07614694001106,one shared preloaded model
conv-49-qa-174,lalm,2.3116719387741926,9.683300000688178,86.18597499980751,98.18094693926989,one shared preloaded model
conv-49-qa-175,lalm,2.3116719387741926,9.881500000119559,86.18597499980751,98.37914693870127,one shared preloaded model
conv-49-qa-176,lalm,2.3116719387741926,9.152599999652011,85.01210000031278,96.47637193873899,one shared preloaded model
conv-49-qa-177,lalm,2.3116719387741926,10.092099999383208,85.01210000031278,97.41587193847019,one shared preloaded model
conv-49-qa-178,lalm,2.3116719387741926,9.955700001228251,85.01210000031278,97.27947194031523,one shared preloaded model
conv-49-qa-179,lalm,2.3116719387741926,9.95120000152383,85.01210000031278,97.27497194061081,one shared preloaded model
conv-49-qa-180,lalm,2.3116719387741926,6.502099999124766,81.93949999986216,90.75327193776113,one shared preloaded model
conv-49-qa-181,lalm,2.3116719387741926,9.800300000279094,81.93949999986216,94.05147193891545,one shared preloaded model
conv-49-qa-182,lalm,2.3116719387741926,9.478099998887046,81.93949999986216,93.72927193752341,one shared preloaded model
conv-49-qa-183,lalm,2.3116719387741926,9.609400000044843,81.93949999986216,93.8605719386812,one shared preloaded model
conv-49-qa-184,lalm,2.3116719387741926,6.152299998575472,93.39632499995787,101.86029693730754,one shared preloaded model
conv-49-qa-185,lalm,2.3116719387741926,9.397600000738748,93.39632499995787,105.10559693947081,one shared preloaded model
conv-49-qa-186,lalm,2.3116719387741926,9.567200000674347,93.39632499995787,105.27519693940641,one shared preloaded model
conv-49-qa-187,lalm,2.3116719387741926,10.336899998947047,93.39632499995787,106.04489693767911,one shared preloaded model
conv-49-qa-188,lalm,2.3116719387741926,8.889799999451498,81.6791249999369,92.8805969381626,one shared preloaded model
conv-49-qa-189,lalm,2.3116719387741926,5.520699998669443,81.6791249999369,89.51149693738054,one shared preloaded model
conv-49-qa-190,lalm,2.3116719387741926,7.197699998869211,81.6791249999369,91.18849693758031,one shared preloaded model
conv-49-qa-191,lalm,2.3116719387741926,9.467100000620121,81.6791249999369,93.45789693933122,one shared preloaded model
conv-49-qa-192,lalm,2.3116719387741926,6.752299999789102,82.74437499994747,91.80834693851077,one shared preloaded model
conv-49-qa-193,lalm,2.3116719387741926,10.361900000134483,82.74437499994747,95.41794693885615,one shared preloaded model
conv-49-qa-194,lalm,2.3116719387741926,9.257600000637467,82.74437499994747,94.31364693935913,one shared preloaded model
conv-49-qa-195,lalm,2.3116719387741926,9.672199999840814,82.74437499994747,94.72824693856248,one shared preloaded model
conv-50-qa-0,lalm,3.0781637254881833,8.587700000134646,153.68867500001215,165.354538725635,one shared preloaded model
conv-50-qa-1,lalm,3.0781637254881833,10.183200000028592,153.68867500001215,166.95003872552894,one shared preloaded model
conv-50-qa-2,lalm,3.0781637254881833,9.367300001031253,153.68867500001215,166.1341387265316,one shared preloaded model
conv-50-qa-3,lalm,3.0781637254881833,9.272799999962444,153.68867500001215,166.0396387254628,one shared preloaded model
conv-50-qa-4,lalm,3.0781637254881833,8.64010000077542,107.01250000010987,118.73076372637347,one shared preloaded model
conv-50-qa-5,lalm,3.0781637254881833,9.738999999171938,107.01250000010987,119.82966372476999,one shared preloaded model
conv-50-qa-6,lalm,3.0781637254881833,9.600000001228182,107.01250000010987,119.69066372682623,one shared preloaded model
conv-50-qa-7,lalm,3.0781637254881833,9.178799999062903,107.01250000010987,119.26946372466095,one shared preloaded model
conv-50-qa-8,lalm,3.0781637254881833,6.179100000736071,115.52212500009773,124.77938872632198,one shared preloaded model
conv-50-qa-9,lalm,3.0781637254881833,6.4318000004277565,115.52212500009773,125.03208872601367,one shared preloaded model
conv-50-qa-10,lalm,3.0781637254881833,6.614499998249812,115.52212500009773,125.21478872383572,one shared preloaded model
conv-50-qa-11,lalm,3.0781637254881833,5.612099999780185,115.52212500009773,124.2123887253661,one shared preloaded model
conv-50-qa-12,lalm,3.0781637254881833,6.62680000095861,221.10440000005838,230.80936372650518,one shared preloaded model
conv-50-qa-13,lalm,3.0781637254881833,5.1937999996880535,221.10440000005838,229.37636372523463,one shared preloaded model
conv-50-qa-14,lalm,3.0781637254881833,5.456200000480749,221.10440000005838,229.63876372602732,one shared preloaded model
conv-50-qa-15,lalm,3.0781637254881833,9.877399999822956,221.10440000005838,234.05996372536953,one shared preloaded model
conv-50-qa-16,lalm,3.0781637254881833,6.554600000526989,160.99397499965562,170.6267387256708,one shared preloaded model
conv-50-qa-17,lalm,3.0781637254881833,5.565999999816995,160.99397499965562,169.6381387249608,one shared preloaded model
conv-50-qa-18,lalm,3.0781637254881833,6.769999999960419,160.99397499965562,170.84213872510423,one shared preloaded model
conv-50-qa-19,lalm,3.0781637254881833,6.380500000886968,160.99397499965562,170.45263872603078,one shared preloaded model
conv-50-qa-20,lalm,3.0781637254881833,6.720200000927434,116.98062499999651,126.77898872641212,one shared preloaded model
conv-50-qa-21,lalm,3.0781637254881833,9.684999999080901,116.98062499999651,129.7437887245656,one shared preloaded model
conv-50-qa-22,lalm,3.0781637254881833,9.46730000032403,116.98062499999651,129.52608872580873,one shared preloaded model
conv-50-qa-23,lalm,3.0781637254881833,9.431599999516038,116.98062499999651,129.49038872500074,one shared preloaded model
conv-50-qa-24,lalm,3.0781637254881833,5.875400000149966,163.51502500037896,172.46858872601712,one shared preloaded model
conv-50-qa-25,lalm,3.0781637254881833,5.294299999150098,163.51502500037896,171.88748872501725,one shared preloaded model
conv-50-qa-26,lalm,3.0781637254881833,6.5080000003945315,163.51502500037896,173.10118872626168,one shared preloaded model
conv-50-qa-27,lalm,3.0781637254881833,8.579199999076081,163.51502500037896,175.17238872494323,one shared preloaded model
conv-50-qa-28,lalm,3.0781637254881833,6.332500001008157,137.0350749998579,146.44573872635425,one shared preloaded model
conv-50-qa-29,lalm,3.0781637254881833,9.776299999430194,137.0350749998579,149.8895387247763,one shared preloaded model
conv-50-qa-30,lalm,3.0781637254881833,9.894000000713277,137.0350749998579,150.00723872605937,one shared preloaded model
conv-50-qa-31,lalm,3.0781637254881833,9.887500000331784,137.0350749998579,150.00073872567788,one shared preloaded model
conv-50-qa-32,lalm,3.0781637254881833,6.5377999999327585,157.4086000000534,167.02456372547437,one shared preloaded model
conv-50-qa-33,lalm,3.0781637254881833,5.303600000843289,157.4086000000534,165.7903637263849,one shared preloaded model
conv-50-qa-34,lalm,3.0781637254881833,5.195499999899766,157.4086000000534,165.68226372544137,one shared preloaded model
conv-50-qa-35,lalm,3.0781637254881833,7.2346999986621086,157.4086000000534,167.72146372420372,one shared preloaded model
conv-50-qa-36,lalm,3.0781637254881833,8.39300000006915,150.02877500000977,161.49993872556712,one shared preloaded model
conv-50-qa-37,lalm,3.0781637254881833,9.777900000699447,150.02877500000977,162.88483872619742,one shared preloaded model
conv-50-qa-38,lalm,3.0781637254881833,9.829000000536325,150.02877500000977,162.9359387260343,one shared preloaded model
conv-50-qa-39,lalm,3.0781637254881833,9.614799999326351,150.02877500000977,162.72173872482432,one shared preloaded model
conv-50-qa-40,lalm,3.0781637254881833,7.808300000760937,81.916050000018,92.80251372626712,one shared preloaded model
conv-50-qa-41,lalm,3.0781637254881833,11.227299999518436,81.916050000018,96.22151372502462,one shared preloaded model
conv-50-qa-42,lalm,3.0781637254881833,10.646400000041467,81.916050000018,95.64061372554765,one shared preloaded model
conv-50-qa-43,lalm,3.0781637254881833,9.230600000591949,81.916050000018,94.22481372609813,one shared preloaded model
conv-50-qa-44,lalm,3.0781637254881833,6.6324999988864874,152.73130000014135,162.44196372451603,one shared preloaded model
conv-50-qa-45,lalm,3.0781637254881833,10.327699999834294,152.73130000014135,166.13716372546384,one shared preloaded model
conv-50-qa-46,lalm,3.0781637254881833,9.586500000295928,152.73130000014135,165.39596372592547,one shared preloaded model
conv-50-qa-47,lalm,3.0781637254881833,9.347299999717507,152.73130000014135,165.15676372534705,one shared preloaded model
conv-50-qa-48,lalm,3.0781637254881833,6.13820000035048,90.5417750000197,99.75813872585836,one shared preloaded model
conv-50-qa-49,lalm,3.0781637254881833,11.19250000010652,90.5417750000197,104.8124387256144,one shared preloaded model
conv-50-qa-50,lalm,3.0781637254881833,8.167199999661534,90.5417750000197,101.78713872516941,one shared preloaded model
conv-50-qa-51,lalm,3.0781637254881833,5.677200000718585,90.5417750000197,99.29713872622646,one shared preloaded model
conv-50-qa-52,lalm,3.0781637254881833,6.742000001395354,424.4325999998182,434.25276372670174,one shared preloaded model
conv-50-qa-53,lalm,3.0781637254881833,9.915700000419747,424.4325999998182,437.42646372572614,one shared preloaded model
conv-50-qa-54,lalm,3.0781637254881833,9.454900000491762,424.4325999998182,436.96566372579815,one shared preloaded model
conv-50-qa-55,lalm,3.0781637254881833,10.107000000061817,424.4325999998182,437.6177637253682,one shared preloaded model
conv-50-qa-56,lalm,3.0781637254881833,6.693099998301477,323.59922500018,333.3704887239697,one shared preloaded model
conv-50-qa-57,lalm,3.0781637254881833,9.443599999940488,323.59922500018,336.1209887256087,one shared preloaded model
conv-50-qa-58,lalm,3.0781637254881833,10.07240000035381,323.59922500018,336.749788726022,one shared preloaded model
conv-50-qa-59,lalm,3.0781637254881833,9.302500000558211,323.59922500018,335.9798887262264,one shared preloaded model
conv-50-qa-60,lalm,3.0781637254881833,6.782799999200506,164.24257499966188,174.10353872435059,one shared preloaded model
conv-50-qa-61,lalm,3.0781637254881833,9.843599998930586,164.24257499966188,177.16433872408066,one shared preloaded model
conv-50-qa-62,lalm,3.0781637254881833,9.185300001263386,164.24257499966188,176.50603872641346,one shared preloaded model
conv-50-qa-63,lalm,3.0781637254881833,9.948500000973581,164.24257499966188,177.26923872612366,one shared preloaded model
conv-50-qa-64,lalm,3.0781637254881833,6.502500000351574,161.66784999995798,171.24851372579775,one shared preloaded model
conv-50-qa-65,lalm,3.0781637254881833,9.702999999717576,161.66784999995798,174.44901372516375,one shared preloaded model
conv-50-qa-66,lalm,3.0781637254881833,9.500699999989592,161.66784999995798,174.24671372543577,one shared preloaded model
conv-50-qa-67,lalm,3.0781637254881833,9.55679999970016,161.66784999995798,174.30281372514634,one shared preloaded model
conv-50-qa-68,lalm,3.0781637254881833,6.387000001268461,121.75527499994132,131.22043872669798,one shared preloaded model
conv-50-qa-69,lalm,3.0781637254881833,8.35949999964214,121.75527499994132,133.19293872507166,one shared preloaded model
conv-50-qa-70,lalm,3.0781637254881833,8.985700000266661,121.75527499994132,133.81913872569618,one shared preloaded model
conv-50-qa-71,lalm,3.0781637254881833,9.632799999963026,121.75527499994132,134.46623872539254,one shared preloaded model
conv-50-qa-72,lalm,3.0781637254881833,6.781300000511692,85.06627500037212,94.92573872637199,one shared preloaded model
conv-50-qa-73,lalm,3.0781637254881833,9.799900000871276,85.06627500037212,97.94433872673157,one shared preloaded model
conv-50-qa-74,lalm,3.0781637254881833,7.369200000539422,85.06627500037212,95.51363872639972,one shared preloaded model
conv-50-qa-75,lalm,3.0781637254881833,8.948700000473764,85.06627500037212,97.09313872633406,one shared preloaded model
conv-50-qa-76,lalm,3.0781637254881833,6.419199999072589,161.91879999996672,171.4161637245275,one shared preloaded model
conv-50-qa-77,lalm,3.0781637254881833,9.280600001147832,161.91879999996672,174.27756372660275,one shared preloaded model
conv-50-qa-78,lalm,3.0781637254881833,10.293100000126287,161.91879999996672,175.2900637255812,one shared preloaded model
conv-50-qa-79,lalm,3.0781637254881833,9.307399999670452,161.91879999996672,174.30436372512537,one shared preloaded model
conv-50-qa-80,lalm,3.0781637254881833,6.196500000442029,117.92287499974918,127.1975387256794,one shared preloaded model
conv-50-qa-81,lalm,3.0781637254881833,9.732900000017253,117.92287499974918,130.73393872525463,one shared preloaded model
conv-50-qa-82,lalm,3.0781637254881833,9.511899999779416,117.92287499974918,130.5129387250168,one shared preloaded model
conv-50-qa-83,lalm,3.0781637254881833,9.48179999977583,117.92287499974918,130.4828387250132,one shared preloaded model
conv-50-qa-84,lalm,3.0781637254881833,5.833100000018021,85.57017500015718,94.48143872566338,one shared preloaded model
conv-50-qa-85,lalm,3.0781637254881833,5.289999999149586,85.57017500015718,93.93833872479495,one shared preloaded model
conv-50-qa-86,lalm,3.0781637254881833,5.645699999149656,85.57017500015718,94.29403872479502,one shared preloaded model
conv-50-qa-87,lalm,3.0781637254881833,6.95610000002489,85.57017500015718,95.60443872567025,one shared preloaded model
conv-50-qa-88,lalm,3.0781637254881833,6.315900000117836,83.52397499993458,92.9180387255406,one shared preloaded model
conv-50-qa-89,lalm,3.0781637254881833,9.800799998629373,83.52397499993458,96.40293872405213,one shared preloaded model
conv-50-qa-90,lalm,3.0781637254881833,9.99269999920216,83.52397499993458,96.59483872462492,one shared preloaded model
conv-50-qa-91,lalm,3.0781637254881833,9.73340000018652,83.52397499993458,96.33553872560928,one shared preloaded model
conv-50-qa-92,lalm,3.0781637254881833,7.037299999865354,181.1438250001629,191.25928872551646,one shared preloaded model
conv-50-qa-93,lalm,3.0781637254881833,9.56419999965874,181.1438250001629,193.78618872530984,one shared preloaded model
conv-50-qa-94,lalm,3.0781637254881833,9.746300000188057,181.1438250001629,193.96828872583916,one shared preloaded model
conv-50-qa-95,lalm,3.0781637254881833,9.879199998977128,181.1438250001629,194.10118872462823,one shared preloaded model
conv-50-qa-96,lalm,3.0781637254881833,6.765399999494548,138.77657500006535,148.6201387250481,one shared preloaded model
conv-50-qa-97,lalm,3.0781637254881833,9.61759999881906,138.77657500006535,151.4723387243726,one shared preloaded model
conv-50-qa-98,lalm,3.0781637254881833,10.370100000727689,138.77657500006535,152.22483872628123,one shared preloaded model
conv-50-qa-99,lalm,3.0781637254881833,9.366899999804446,138.77657500006535,151.221638725358,one shared preloaded model
conv-50-qa-100,lalm,3.0781637254881833,6.814599999415805,86.27440000009301,96.167163724997,one shared preloaded model
conv-50-qa-101,lalm,3.0781637254881833,9.38759999917238,86.27440000009301,98.74016372475357,one shared preloaded model
conv-50-qa-102,lalm,3.0781637254881833,9.936400001606671,86.27440000009301,99.28896372718786,one shared preloaded model
conv-50-qa-103,lalm,3.0781637254881833,9.71410000056494,86.27440000009301,99.06666372614613,one shared preloaded model
conv-50-qa-104,lalm,3.0781637254881833,6.030000000464497,109.25262500040844,118.36078872636112,one shared preloaded model
conv-50-qa-105,lalm,3.0781637254881833,9.270900000046822,109.25262500040844,121.60168872594345,one shared preloaded model
conv-50-qa-106,lalm,3.0781637254881833,10.080300000481657,109.25262500040844,122.41108872637828,one shared preloaded model
conv-50-qa-107,lalm,3.0781637254881833,10.044999999081483,109.25262500040844,122.37578872497811,one shared preloaded model
conv-50-qa-108,lalm,3.0781637254881833,5.888300000151503,157.21562500039,166.1820887260297,one shared preloaded model
conv-50-qa-109,lalm,3.0781637254881833,6.647700000030454,157.21562500039,166.94148872590864,one shared preloaded model
conv-50-qa-110,lalm,3.0781637254881833,6.226200001037796,157.21562500039,166.51998872691598,one shared preloaded model
conv-50-qa-111,lalm,3.0781637254881833,6.01970000025176,157.21562500039,166.31348872612995,one shared preloaded model
conv-50-qa-112,lalm,3.0781637254881833,9.086100000786246,145.96789999995963,158.13216372623407,one shared preloaded model
conv-50-qa-113,lalm,3.0781637254881833,9.59320000038133,145.96789999995963,158.63926372582915,one shared preloaded model
conv-50-qa-114,lalm,3.0781637254881833,10.135700000319048,145.96789999995963,159.18176372576687,one shared preloaded model
conv-50-qa-115,lalm,3.0781637254881833,9.267200000977027,145.96789999995963,158.31326372642485,one shared preloaded model
conv-50-qa-116,lalm,3.0781637254881833,7.119299998521456,128.76357499999358,138.96103872400323,one shared preloaded model
conv-50-qa-117,lalm,3.0781637254881833,5.516799999895738,128.76357499999358,137.3585387253775,one shared preloaded model
conv-50-qa-118,lalm,3.0781637254881833,5.229800000961404,128.76357499999358,137.07153872644318,one shared preloaded model
conv-50-qa-119,lalm,3.0781637254881833,6.601000000955537,128.76357499999358,138.4427387264373,one shared preloaded model
conv-50-qa-120,lalm,3.0781637254881833,6.29069999922649,124.78392499997426,134.15278872468895,one shared preloaded model
conv-50-qa-121,lalm,3.0781637254881833,9.600999999747728,124.78392499997426,137.46308872521018,one shared preloaded model
conv-50-qa-122,lalm,3.0781637254881833,10.46449999921606,124.78392499997426,138.32658872467852,one shared preloaded model
conv-50-qa-123,lalm,3.0781637254881833,9.573499999532942,124.78392499997426,137.4355887249954,one shared preloaded model
conv-50-qa-124,lalm,3.0781637254881833,7.063999999445514,85.44755000002624,95.58971372495994,one shared preloaded model
conv-50-qa-125,lalm,3.0781637254881833,6.620899999688845,85.44755000002624,95.14661372520327,one shared preloaded model
conv-50-qa-126,lalm,3.0781637254881833,7.084499999109539,85.44755000002624,95.61021372462396,one shared preloaded model
conv-50-qa-127,lalm,3.0781637254881833,6.403499999578344,85.44755000002624,94.92921372509277,one shared preloaded model
conv-50-qa-128,lalm,3.0781637254881833,6.931400001121801,99.09017500012851,109.0997387267385,one shared preloaded model
conv-50-qa-129,lalm,3.0781637254881833,9.323700000095414,99.09017500012851,111.4920387257121,one shared preloaded model
conv-50-qa-130,lalm,3.0781637254881833,9.848000001511537,99.09017500012851,112.01633872712823,one shared preloaded model
conv-50-qa-131,lalm,3.0781637254881833,9.60029999987455,99.09017500012851,111.76863872549124,one shared preloaded model
conv-50-qa-132,lalm,3.0781637254881833,6.343300001390162,185.94045000008919,195.36191372696754,one shared preloaded model
conv-50-qa-133,lalm,3.0781637254881833,9.44060000074387,185.94045000008919,198.45921372632125,one shared preloaded model
conv-50-qa-134,lalm,3.0781637254881833,9.788500001377543,185.94045000008919,198.80711372695492,one shared preloaded model
conv-50-qa-135,lalm,3.0781637254881833,9.088199998586788,185.94045000008919,198.10681372416417,one shared preloaded model
conv-50-qa-136,lalm,3.0781637254881833,6.549800000357209,97.83567500016943,107.46363872601482,one shared preloaded model
conv-50-qa-137,lalm,3.0781637254881833,9.626500001104432,97.83567500016943,110.54033872676204,one shared preloaded model
conv-50-qa-138,lalm,3.0781637254881833,9.619399999792222,97.83567500016943,110.53323872544983,one shared preloaded model
conv-50-qa-139,lalm,3.0781637254881833,9.367900000142981,97.83567500016943,110.2817387258006,one shared preloaded model
conv-50-qa-140,lalm,3.0781637254881833,5.72459999966668,84.89000000008673,93.69276372524159,one shared preloaded model
conv-50-qa-141,lalm,3.0781637254881833,5.39299999945797,84.89000000008673,93.36116372503288,one shared preloaded model
conv-50-qa-142,lalm,3.0781637254881833,10.039800001322874,84.89000000008673,98.00796372689778,one shared preloaded model
conv-50-qa-143,lalm,3.0781637254881833,9.678300000814488,84.89000000008673,97.6464637263894,one shared preloaded model
conv-50-qa-144,lalm,3.0781637254881833,6.200399999215733,83.95699999982753,93.23556372453145,one shared preloaded model
conv-50-qa-145,lalm,3.0781637254881833,9.985900000174297,83.95699999982753,97.02106372549001,one shared preloaded model
conv-50-qa-146,lalm,3.0781637254881833,9.598399999958929,83.95699999982753,96.63356372527464,one shared preloaded model
conv-50-qa-147,lalm,3.0781637254881833,9.269500000300468,83.95699999982753,96.30466372561618,one shared preloaded model
conv-50-qa-148,lalm,3.0781637254881833,6.569700000909506,134.89002500000424,144.53788872640195,one shared preloaded model
conv-50-qa-149,lalm,3.0781637254881833,5.420100000264938,134.89002500000424,143.38828872575738,one shared preloaded model
conv-50-qa-150,lalm,3.0781637254881833,6.0790000006818445,134.89002500000424,144.04718872617428,one shared preloaded model
conv-50-qa-151,lalm,3.0781637254881833,6.074400000215974,134.89002500000424,144.0425887257084,one shared preloaded model
conv-50-qa-152,lalm,3.0781637254881833,6.2156000003597,155.49499999997352,164.7887637258214,one shared preloaded model
conv-50-qa-153,lalm,3.0781637254881833,5.243300000074669,155.49499999997352,163.81646372553638,one shared preloaded model
conv-50-qa-154,lalm,3.0781637254881833,5.269000001135282,155.49499999997352,163.842163726597,one shared preloaded model
conv-50-qa-155,lalm,3.0781637254881833,6.671900000583264,155.49499999997352,165.24506372604498,one shared preloaded model
conv-50-qa-156,lalm,3.0781637254881833,6.1634000012418255,167.60587499993562,176.84743872666564,one shared preloaded model
conv-50-qa-157,lalm,3.0781637254881833,10.180300001593423,167.60587499993562,180.86433872701724,one shared preloaded model
conv-50-qa-158,lalm,3.0781637254881833,9.981500001231325,167.60587499993562,180.66553872665514,one shared preloaded model
conv-50-qa-159,lalm,3.0781637254881833,9.372799999255221,167.60587499993562,180.05683872467904,one shared preloaded model
conv-50-qa-160,lalm,3.0781637254881833,6.483900000603171,87.24329999995462,96.80536372604597,one shared preloaded model
conv-50-qa-161,lalm,3.0781637254881833,6.075100000089151,87.24329999995462,96.39656372553195,one shared preloaded model
conv-50-qa-162,lalm,3.0781637254881833,5.718099999285187,87.24329999995462,96.03956372472798,one shared preloaded model
conv-50-qa-163,lalm,3.0781637254881833,5.268500000966014,87.24329999995462,95.58996372640881,one shared preloaded model
conv-50-qa-164,lalm,3.0781637254881833,6.066100000680308,126.99419999989914,136.13846372606764,one shared preloaded model
conv-50-qa-165,lalm,3.0781637254881833,9.587900000042282,126.99419999989914,139.66026372542962,one shared preloaded model
conv-50-qa-166,lalm,3.0781637254881833,9.892899999613292,126.99419999989914,139.96526372500063,one shared preloaded model
conv-50-qa-167,lalm,3.0781637254881833,9.442900000067311,126.99419999989914,139.51526372545464,one shared preloaded model
conv-50-qa-168,lalm,3.0781637254881833,8.945800000219606,89.17862499993134,101.20258872563913,one shared preloaded model
conv-50-qa-169,lalm,3.0781637254881833,7.961799999975483,89.17862499993134,100.21858872539501,one shared preloaded model
conv-50-qa-170,lalm,3.0781637254881833,10.100800000145682,89.17862499993134,102.35758872556521,one shared preloaded model
conv-50-qa-171,lalm,3.0781637254881833,9.545000000798609,89.17862499993134,101.80178872621813,one shared preloaded model
conv-50-qa-172,lalm,3.0781637254881833,6.515999999464839,85.97487499991985,95.56903872487287,one shared preloaded model
conv-50-qa-173,lalm,3.0781637254881833,9.416099999725702,85.97487499991985,98.46913872513373,one shared preloaded model
conv-50-qa-174,lalm,3.0781637254881833,10.040499999377062,85.97487499991985,99.09353872478509,one shared preloaded model
conv-50-qa-175,lalm,3.0781637254881833,7.598500000312924,85.97487499991985,96.65153872572095,one shared preloaded model
conv-50-qa-176,lalm,3.0781637254881833,6.427000000257976,81.27937500012195,90.7845387258681,one shared preloaded model
conv-50-qa-177,lalm,3.0781637254881833,10.206400000242866,81.27937500012195,94.56393872585299,one shared preloaded model
conv-50-qa-178,lalm,3.0781637254881833,9.829700000409503,81.27937500012195,94.18723872601963,one shared preloaded model
conv-50-qa-179,lalm,3.0781637254881833,9.252599998944788,81.27937500012195,93.61013872455491,one shared preloaded model
conv-50-qa-180,lalm,3.0781637254881833,7.200699999884819,153.02427500000704,163.30313872538005,one shared preloaded model
conv-50-qa-181,lalm,3.0781637254881833,10.221500000625383,153.02427500000704,166.32393872612062,one shared preloaded model
conv-50-qa-182,lalm,3.0781637254881833,9.935000000041327,153.02427500000704,166.03743872553656,one shared preloaded model
conv-50-qa-183,lalm,3.0781637254881833,9.626500001104432,153.02427500000704,165.72893872659967,one shared preloaded model
conv-50-qa-184,lalm,3.0781637254881833,6.685899999865796,93.1054249999761,102.86948872533007,one shared preloaded model
conv-50-qa-185,lalm,3.0781637254881833,5.495299999893177,93.1054249999761,101.67888872535745,one shared preloaded model
conv-50-qa-186,lalm,3.0781637254881833,6.569400000444148,93.1054249999761,102.75298872590842,one shared preloaded model
conv-50-qa-187,lalm,3.0781637254881833,6.316700000752462,93.1054249999761,102.50028872621674,one shared preloaded model
conv-50-qa-188,lalm,3.0781637254881833,6.948899999770219,84.61342500004321,94.64048872530161,one shared preloaded model
conv-50-qa-189,lalm,3.0781637254881833,7.730600000286358,84.61342500004321,95.42218872581775,one shared preloaded model
conv-50-qa-190,lalm,3.0781637254881833,10.015399999247165,84.61342500004321,97.70698872477855,one shared preloaded model
conv-50-qa-191,lalm,3.0781637254881833,9.87409999834199,84.61342500004321,97.56568872387338,one shared preloaded model
conv-50-qa-192,lalm,3.0781637254881833,6.320700000287616,82.62479999984862,92.02366372562442,one shared preloaded model
conv-50-qa-193,lalm,3.0781637254881833,9.904700000333833,82.62479999984862,95.60766372567063,one shared preloaded model
conv-50-qa-194,lalm,3.0781637254881833,9.998699999414384,82.62479999984862,95.70166372475119,one shared preloaded model
conv-50-qa-195,lalm,3.0781637254881833,9.681800000180374,82.62479999984862,95.38476372551717,one shared preloaded model
conv-50-qa-196,lalm,3.0781637254881833,5.8727999985421775,87.54142500038142,96.49238872441178,one shared preloaded model
conv-50-qa-197,lalm,3.0781637254881833,10.33379999898898,87.54142500038142,100.95338872485858,one shared preloaded model
conv-50-qa-198,lalm,3.0781637254881833,10.185600000113482,87.54142500038142,100.80518872598309,one shared preloaded model
conv-50-qa-199,lalm,3.0781637254881833,10.01650000034715,87.54142500038142,100.63608872621676,one shared preloaded model
conv-50-qa-200,lalm,3.0781637254881833,7.2672999995120335,121.0319250003522,131.37738872535243,one shared preloaded model
conv-50-qa-201,lalm,3.0781637254881833,5.2920999987691175,121.0319250003522,129.40218872460952,one shared preloaded model
conv-50-qa-202,lalm,3.0781637254881833,5.441600000267499,121.0319250003522,129.5516887261079,one shared preloaded model
conv-50-qa-203,lalm,3.0781637254881833,7.090299999617855,121.0319250003522,131.20038872545825,one shared preloaded model
