example_id,agent,update_ms,read_ms,generation_ms,end_to_end_ms,model_loading_policy
conv-26-qa-0,pure_liquid,2.833737185928794,44.89269999976386,113.86004999985744,161.58648718555008,one shared preloaded model
conv-26-qa-1,pure_liquid,2.833737185928794,10.333399997762172,113.86004999985744,127.0271871835484,one shared preloaded model
conv-26-qa-2,pure_liquid,2.833737185928794,10.351399996579858,113.86004999985744,127.04518718236609,one shared preloaded model
conv-26-qa-3,pure_liquid,2.833737185928794,10.165399999095825,113.86004999985744,126.85918718488206,one shared preloaded model
conv-26-qa-4,pure_liquid,2.833737185928794,8.911599998100428,84.05080000011367,95.79613718414289,one shared preloaded model
conv-26-qa-5,pure_liquid,2.833737185928794,6.906599999638274,84.05080000011367,93.79113718568074,one shared preloaded model
conv-26-qa-6,pure_liquid,2.833737185928794,10.02410000000964,84.05080000011367,96.9086371860521,one shared preloaded model
conv-26-qa-7,pure_liquid,2.833737185928794,9.783299999980954,84.05080000011367,96.66783718602342,one shared preloaded model
conv-26-qa-8,pure_liquid,2.833737185928794,6.882100002258085,92.75562499988155,102.47146218806843,one shared preloaded model
conv-26-qa-9,pure_liquid,2.833737185928794,7.562899998447392,92.75562499988155,103.15226218425774,one shared preloaded model
conv-26-qa-10,pure_liquid,2.833737185928794,7.138799999665935,92.75562499988155,102.72816218547628,one shared preloaded model
conv-26-qa-11,pure_liquid,2.833737185928794,7.773700002871919,92.75562499988155,103.36306218868226,one shared preloaded model
conv-26-qa-12,pure_liquid,2.833737185928794,6.495800000266172,50.608249999640975,59.937787185835944,one shared preloaded model
conv-26-qa-13,pure_liquid,2.833737185928794,6.969499998376705,50.608249999640975,60.41148718394648,one shared preloaded model
conv-26-qa-14,pure_liquid,2.833737185928794,6.85430000157794,50.608249999640975,60.29628718714771,one shared preloaded model
conv-26-qa-15,pure_liquid,2.833737185928794,6.395899999915855,50.608249999640975,59.83788718548563,one shared preloaded model
conv-26-qa-16,pure_liquid,2.833737185928794,5.972899998596404,86.07739999933983,94.88403718386503,one shared preloaded model
conv-26-qa-17,pure_liquid,2.833737185928794,7.258199999341741,86.07739999933983,96.16933718461037,one shared preloaded model
conv-26-qa-18,pure_liquid,2.833737185928794,6.977000000915723,86.07739999933983,95.88813718618435,one shared preloaded model
conv-26-qa-19,pure_liquid,2.833737185928794,7.085199998982716,86.07739999933983,95.99633718425135,one shared preloaded model
conv-26-qa-20,pure_liquid,2.833737185928794,6.476300000940682,88.90294999946491,98.21298718633439,one shared preloaded model
conv-26-qa-21,pure_liquid,2.833737185928794,10.01910000195494,88.90294999946491,101.75578718734864,one shared preloaded model
conv-26-qa-22,pure_liquid,2.833737185928794,9.948400002031121,88.90294999946491,101.68508718742483,one shared preloaded model
conv-26-qa-23,pure_liquid,2.833737185928794,9.643500001402572,88.90294999946491,101.38018718679628,one shared preloaded model
conv-26-qa-24,pure_liquid,2.833737185928794,8.897899999283254,95.6757000003563,107.40733718556835,one shared preloaded model
conv-26-qa-25,pure_liquid,2.833737185928794,10.807399998157052,95.6757000003563,109.31683718444215,one shared preloaded model
conv-26-qa-26,pure_liquid,2.833737185928794,10.381100000813603,95.6757000003563,108.8905371870987,one shared preloaded model
conv-26-qa-27,pure_liquid,2.833737185928794,10.228200000710785,95.6757000003563,108.73763718699588,one shared preloaded model
conv-26-qa-28,pure_liquid,2.833737185928794,6.23740000082762,52.55142500027432,61.62256218703074,one shared preloaded model
conv-26-qa-29,pure_liquid,2.833737185928794,6.722699999954784,52.55142500027432,62.1078621861579,one shared preloaded model
conv-26-qa-30,pure_liquid,2.833737185928794,7.390700000541983,52.55142500027432,62.7758621867451,one shared preloaded model
conv-26-qa-31,pure_liquid,2.833737185928794,6.828499997936888,52.55142500027432,62.213662184140006,one shared preloaded model
conv-26-qa-32,pure_liquid,2.833737185928794,6.028600000718143,60.609049999584386,69.47138718623133,one shared preloaded model
conv-26-qa-33,pure_liquid,2.833737185928794,7.191299999249168,60.609049999584386,70.63408718476235,one shared preloaded model
conv-26-qa-34,pure_liquid,2.833737185928794,6.76720000046771,60.609049999584386,70.20998718598089,one shared preloaded model
conv-26-qa-35,pure_liquid,2.833737185928794,6.385299999237759,60.609049999584386,69.82808718475094,one shared preloaded model
conv-26-qa-36,pure_liquid,2.833737185928794,6.232299998373492,54.45932500060735,63.52536218490964,one shared preloaded model
conv-26-qa-37,pure_liquid,2.833737185928794,7.374400000117021,54.45932500060735,64.66746218665317,one shared preloaded model
conv-26-qa-38,pure_liquid,2.833737185928794,10.031699999672128,54.45932500060735,67.32476218620828,one shared preloaded model
conv-26-qa-39,pure_liquid,2.833737185928794,9.919100000843173,54.45932500060735,67.21216218737932,one shared preloaded model
conv-26-qa-40,pure_liquid,2.833737185928794,6.10699999742792,59.838875000423286,68.77961218378,one shared preloaded model
conv-26-qa-41,pure_liquid,2.833737185928794,6.582999998499872,59.838875000423286,69.25561218485196,one shared preloaded model
conv-26-qa-42,pure_liquid,2.833737185928794,8.341999997355742,59.838875000423286,71.01461218370783,one shared preloaded model
conv-26-qa-43,pure_liquid,2.833737185928794,7.614300000568619,59.838875000423286,70.2869121869207,one shared preloaded model
conv-26-qa-44,pure_liquid,2.833737185928794,6.06310000148369,53.73250000047847,62.629337187890954,one shared preloaded model
conv-26-qa-45,pure_liquid,2.833737185928794,6.987299999309471,53.73250000047847,63.553537185716735,one shared preloaded model
conv-26-qa-46,pure_liquid,2.833737185928794,7.545299999037525,53.73250000047847,64.11153718544479,one shared preloaded model
conv-26-qa-47,pure_liquid,2.833737185928794,10.112200001458405,53.73250000047847,66.67843718786567,one shared preloaded model
conv-26-qa-48,pure_liquid,2.833737185928794,6.725700000970392,46.37319999983447,55.93263718673366,one shared preloaded model
conv-26-qa-49,pure_liquid,2.833737185928794,6.08230000216281,46.37319999983447,55.289237187926076,one shared preloaded model
conv-26-qa-50,pure_liquid,2.833737185928794,5.636900001263712,46.37319999983447,54.84383718702698,one shared preloaded model
conv-26-qa-51,pure_liquid,2.833737185928794,6.761399999959394,46.37319999983447,55.96833718572266,one shared preloaded model
conv-26-qa-52,pure_liquid,2.833737185928794,9.937799997715047,62.361999999666295,75.13353718331014,one shared preloaded model
conv-26-qa-53,pure_liquid,2.833737185928794,10.327800002414733,62.361999999666295,75.52353718800983,one shared preloaded model
conv-26-qa-54,pure_liquid,2.833737185928794,10.387799997261027,62.361999999666295,75.58353718285612,one shared preloaded model
conv-26-qa-55,pure_liquid,2.833737185928794,10.167799999180716,62.361999999666295,75.36353718477581,one shared preloaded model
conv-26-qa-56,pure_liquid,2.833737185928794,8.048100000451086,63.200074999258504,74.08191218563839,one shared preloaded model
conv-26-qa-57,pure_liquid,2.833737185928794,10.833100001036655,63.200074999258504,76.86691218622396,one shared preloaded model
conv-26-qa-58,pure_liquid,2.833737185928794,9.831199997279327,63.200074999258504,75.86501218246663,one shared preloaded model
conv-26-qa-59,pure_liquid,2.833737185928794,9.812399999646004,63.200074999258504,75.8462121848333,one shared preloaded model
conv-26-qa-60,pure_liquid,2.833737185928794,6.256699998630211,91.33857500000886,100.42901218456787,one shared preloaded model
conv-26-qa-61,pure_liquid,2.833737185928794,7.292599999345839,91.33857500000886,101.4649121852835,one shared preloaded model
conv-26-qa-62,pure_liquid,2.833737185928794,6.400900001608534,91.33857500000886,100.57321218754619,one shared preloaded model
conv-26-qa-63,pure_liquid,2.833737185928794,6.445800001529278,91.33857500000886,100.61811218746693,one shared preloaded model
conv-26-qa-64,pure_liquid,2.833737185928794,6.4248999988194555,37.34027500013326,46.59891218488151,one shared preloaded model
conv-26-qa-65,pure_liquid,2.833737185928794,6.978699999308446,37.34027500013326,47.152712185370504,one shared preloaded model
conv-26-qa-66,pure_liquid,2.833737185928794,7.28979999985313,37.34027500013326,47.46381218591519,one shared preloaded model
conv-26-qa-67,pure_liquid,2.833737185928794,6.637599999521626,37.34027500013326,46.811612185583684,one shared preloaded model
conv-26-qa-68,pure_liquid,2.833737185928794,10.00190000195289,80.737649999719,93.57328718760068,one shared preloaded model
conv-26-qa-69,pure_liquid,2.833737185928794,6.749800002580741,80.737649999719,90.32118718822854,one shared preloaded model
conv-26-qa-70,pure_liquid,2.833737185928794,6.672600000456441,80.737649999719,90.24398718610423,one shared preloaded model
conv-26-qa-71,pure_liquid,2.833737185928794,5.98109999918961,80.737649999719,89.5524871848374,one shared preloaded model
conv-26-qa-72,pure_liquid,2.833737185928794,6.585399998584762,96.05819999978849,105.47733718430204,one shared preloaded model
conv-26-qa-73,pure_liquid,2.833737185928794,10.424899999634363,96.05819999978849,109.31683718535164,one shared preloaded model
conv-26-qa-74,pure_liquid,2.833737185928794,7.3974000006273855,96.05819999978849,106.28933718634467,one shared preloaded model
conv-26-qa-75,pure_liquid,2.833737185928794,6.785999998101033,96.05819999978849,105.67793718381832,one shared preloaded model
conv-26-qa-76,pure_liquid,2.833737185928794,6.233100000827108,68.16715000059048,77.23398718734639,one shared preloaded model
conv-26-qa-77,pure_liquid,2.833737185928794,5.682600000000093,68.16715000059048,76.68348718651937,one shared preloaded model
conv-26-qa-78,pure_liquid,2.833737185928794,6.434399998397566,68.16715000059048,77.43528718491685,one shared preloaded model
conv-26-qa-79,pure_liquid,2.833737185928794,5.804799999168608,68.16715000059048,76.80568718568789,one shared preloaded model
conv-26-qa-80,pure_liquid,2.833737185928794,5.9546000011323486,60.518299999785086,69.30663718684623,one shared preloaded model
conv-26-qa-81,pure_liquid,2.833737185928794,6.444700000429293,60.518299999785086,69.79673718614318,one shared preloaded model
conv-26-qa-82,pure_liquid,2.833737185928794,6.823300001997268,60.518299999785086,70.17533718771115,one shared preloaded model
conv-26-qa-83,pure_liquid,2.833737185928794,6.513699998322409,60.518299999785086,69.86573718403629,one shared preloaded model
conv-26-qa-84,pure_liquid,2.833737185928794,6.1296999992919154,49.24312499952066,58.20656218474137,one shared preloaded model
conv-26-qa-85,pure_liquid,2.833737185928794,8.220100000471575,49.24312499952066,60.29696218592103,one shared preloaded model
conv-26-qa-86,pure_liquid,2.833737185928794,9.957399997801986,49.24312499952066,62.03426218325144,one shared preloaded model
conv-26-qa-87,pure_liquid,2.833737185928794,10.270900002069538,49.24312499952066,62.347762187518995,one shared preloaded model
conv-26-qa-88,pure_liquid,2.833737185928794,6.927700000233017,58.15642499965179,67.9178621858136,one shared preloaded model
conv-26-qa-89,pure_liquid,2.833737185928794,6.84719999844674,58.15642499965179,67.83736218402733,one shared preloaded model
conv-26-qa-90,pure_liquid,2.833737185928794,8.577599997806828,58.15642499965179,69.56776218338742,one shared preloaded model
conv-26-qa-91,pure_liquid,2.833737185928794,5.898299998079892,58.15642499965179,66.88846218366048,one shared preloaded model
conv-26-qa-92,pure_liquid,2.833737185928794,6.3012000027811155,65.5437500008702,74.67868718958012,one shared preloaded model
conv-26-qa-93,pure_liquid,2.833737185928794,5.946400000539143,65.5437500008702,74.32388718733814,one shared preloaded model
conv-26-qa-94,pure_liquid,2.833737185928794,6.573999999091029,65.5437500008702,74.95148718589003,one shared preloaded model
conv-26-qa-95,pure_liquid,2.833737185928794,6.260599999222904,65.5437500008702,74.6380871860219,one shared preloaded model
conv-26-qa-96,pure_liquid,2.833737185928794,6.131300000561168,65.10869999965507,74.07373718614504,one shared preloaded model
conv-26-qa-97,pure_liquid,2.833737185928794,9.614799997507362,65.10869999965507,77.55723718309123,one shared preloaded model
conv-26-qa-98,pure_liquid,2.833737185928794,5.6480000021110754,65.10869999965507,73.59043718769495,one shared preloaded model
conv-26-qa-99,pure_liquid,2.833737185928794,6.434799997805385,65.10869999965507,74.37723718338925,one shared preloaded model
conv-26-qa-100,pure_liquid,2.833737185928794,6.029800002579577,67.67457499972807,76.53811218823644,one shared preloaded model
conv-26-qa-101,pure_liquid,2.833737185928794,6.67760000214912,67.67457499972807,77.18591218780598,one shared preloaded model
conv-26-qa-102,pure_liquid,2.833737185928794,6.657999998424202,67.67457499972807,77.16631218408106,one shared preloaded model
conv-26-qa-103,pure_liquid,2.833737185928794,6.7216999996162485,67.67457499972807,77.23001218527311,one shared preloaded model
conv-26-qa-104,pure_liquid,2.833737185928794,6.857000000309199,108.2677499998681,117.9584871861061,one shared preloaded model
conv-26-qa-105,pure_liquid,2.833737185928794,6.913299999723677,108.2677499998681,118.01478718552058,one shared preloaded model
conv-26-qa-106,pure_liquid,2.833737185928794,10.37469999937457,108.2677499998681,121.47618718517147,one shared preloaded model
conv-26-qa-107,pure_liquid,2.833737185928794,9.901699999318225,108.2677499998681,121.00318718511512,one shared preloaded model
conv-26-qa-108,pure_liquid,2.833737185928794,6.968499998038169,52.11644999963028,61.91868718359724,one shared preloaded model
conv-26-qa-109,pure_liquid,2.833737185928794,10.215700000117067,52.11644999963028,65.16588718567614,one shared preloaded model
conv-26-qa-110,pure_liquid,2.833737185928794,10.068600000522565,52.11644999963028,65.01878718608164,one shared preloaded model
conv-26-qa-111,pure_liquid,2.833737185928794,9.855299998889677,52.11644999963028,64.80548718444875,one shared preloaded model
conv-26-qa-112,pure_liquid,2.833737185928794,6.328400002530543,62.55782500011264,71.71996218857198,one shared preloaded model
conv-26-qa-113,pure_liquid,2.833737185928794,7.226699999591801,62.55782500011264,72.61826218563324,one shared preloaded model
conv-26-qa-114,pure_liquid,2.833737185928794,6.664600001386134,62.55782500011264,72.05616218742757,one shared preloaded model
conv-26-qa-115,pure_liquid,2.833737185928794,6.5940000022237655,62.55782500011264,71.9855621882652,one shared preloaded model
conv-26-qa-116,pure_liquid,2.833737185928794,6.196700000145938,54.561650000323425,63.59208718639816,one shared preloaded model
conv-26-qa-117,pure_liquid,2.833737185928794,6.363799999235198,54.561650000323425,63.75918718548742,one shared preloaded model
conv-26-qa-118,pure_liquid,2.833737185928794,6.838100001914427,54.561650000323425,64.23348718816665,one shared preloaded model
conv-26-qa-119,pure_liquid,2.833737185928794,6.975100001000101,54.561650000323425,64.37048718725232,one shared preloaded model
conv-26-qa-120,pure_liquid,2.833737185928794,6.093899999541463,63.54412499968021,72.47176218515047,one shared preloaded model
conv-26-qa-121,pure_liquid,2.833737185928794,11.401299998397008,63.54412499968021,77.77916218400601,one shared preloaded model
conv-26-qa-122,pure_liquid,2.833737185928794,9.052399997017346,63.54412499968021,75.43026218262635,one shared preloaded model
conv-26-qa-123,pure_liquid,2.833737185928794,6.704600000375649,63.54412499968021,73.08246218598465,one shared preloaded model
conv-26-qa-124,pure_liquid,2.833737185928794,6.480800002464093,52.88252500031376,62.19706218870665,one shared preloaded model
conv-26-qa-125,pure_liquid,2.833737185928794,6.818800000473857,52.88252500031376,62.53506218671642,one shared preloaded model
conv-26-qa-126,pure_liquid,2.833737185928794,6.6800999993574806,52.88252500031376,62.39636218560004,one shared preloaded model
conv-26-qa-127,pure_liquid,2.833737185928794,7.305300001462456,52.88252500031376,63.021562187705015,one shared preloaded model
conv-26-qa-128,pure_liquid,2.833737185928794,5.971999999019317,59.725624999373395,68.53136218432151,one shared preloaded model
conv-26-qa-129,pure_liquid,2.833737185928794,6.622599998081569,59.725624999373395,69.18196218338376,one shared preloaded model
conv-26-qa-130,pure_liquid,2.833737185928794,6.520099999761442,59.725624999373395,69.07946218506363,one shared preloaded model
conv-26-qa-131,pure_liquid,2.833737185928794,6.3655000012659,59.725624999373395,68.92486218656809,one shared preloaded model
conv-26-qa-132,pure_liquid,2.833737185928794,7.0927000015217345,56.993674999830546,66.92011218728108,one shared preloaded model
conv-26-qa-133,pure_liquid,2.833737185928794,10.627899999235524,56.993674999830546,70.45531218499487,one shared preloaded model
conv-26-qa-134,pure_liquid,2.833737185928794,10.92870000138646,56.993674999830546,70.7561121871458,one shared preloaded model
conv-26-qa-135,pure_liquid,2.833737185928794,9.841899998718873,56.993674999830546,69.66931218447822,one shared preloaded model
conv-26-qa-136,pure_liquid,2.833737185928794,5.972999999357853,53.908400000182155,62.715137185468805,one shared preloaded model
conv-26-qa-137,pure_liquid,2.833737185928794,6.659000002400717,53.908400000182155,63.40113718851167,one shared preloaded model
conv-26-qa-138,pure_liquid,2.833737185928794,9.80619999972987,53.908400000182155,66.54833718584082,one shared preloaded model
conv-26-qa-139,pure_liquid,2.833737185928794,10.743000002548797,53.908400000182155,67.48513718865975,one shared preloaded model
conv-26-qa-140,pure_liquid,2.833737185928794,6.088900001486763,71.27725000009377,80.19988718750933,one shared preloaded model
conv-26-qa-141,pure_liquid,2.833737185928794,9.374400000524474,71.27725000009377,83.48538718654704,one shared preloaded model
conv-26-qa-142,pure_liquid,2.833737185928794,10.99179999800981,71.27725000009377,85.10278718403238,one shared preloaded model
conv-26-qa-143,pure_liquid,2.833737185928794,10.631500001181848,71.27725000009377,84.74248718720442,one shared preloaded model
conv-26-qa-144,pure_liquid,2.833737185928794,6.548199999087956,54.15244999949209,63.534387184508844,one shared preloaded model
conv-26-qa-145,pure_liquid,2.833737185928794,10.412500003440073,54.15244999949209,67.39868718886096,one shared preloaded model
conv-26-qa-146,pure_liquid,2.833737185928794,10.859000001801178,54.15244999949209,67.84518718722207,one shared preloaded model
conv-26-qa-147,pure_liquid,2.833737185928794,9.915900001942646,54.15244999949209,66.90208718736353,one shared preloaded model
conv-26-qa-148,pure_liquid,2.833737185928794,5.8792999989236705,52.878524999869114,61.59156218472158,one shared preloaded model
conv-26-qa-149,pure_liquid,2.833737185928794,6.8485999981930945,52.878524999869114,62.560862183991006,one shared preloaded model
conv-26-qa-150,pure_liquid,2.833737185928794,7.295799998246366,52.878524999869114,63.00806218404428,one shared preloaded model
conv-26-qa-151,pure_liquid,2.833737185928794,10.008299999753945,52.878524999869114,65.72056218555186,one shared preloaded model
conv-26-qa-152,pure_liquid,2.833737185928794,6.08730000021751,103.92039999987901,112.84143718602532,one shared preloaded model
conv-26-qa-153,pure_liquid,2.833737185928794,6.7359999993641395,103.92039999987901,113.49013718517195,one shared preloaded model
conv-26-qa-154,pure_liquid,2.833737185928794,7.55600000047707,103.92039999987901,114.31013718628488,one shared preloaded model
conv-26-qa-155,pure_liquid,2.833737185928794,10.229700001218589,103.92039999987901,116.9838371870264,one shared preloaded model
conv-26-qa-156,pure_liquid,2.833737185928794,6.53519999832497,51.29742500048451,60.666362184738276,one shared preloaded model
conv-26-qa-157,pure_liquid,2.833737185928794,6.849800000054529,51.29742500048451,60.980962186467835,one shared preloaded model
conv-26-qa-158,pure_liquid,2.833737185928794,10.231399999611313,51.29742500048451,64.36256218602462,one shared preloaded model
conv-26-qa-159,pure_liquid,2.833737185928794,9.72610000098939,51.29742500048451,63.857262187402696,one shared preloaded model
conv-26-qa-160,pure_liquid,2.833737185928794,6.096400000387803,66.53525000001537,75.46538718633197,one shared preloaded model
conv-26-qa-161,pure_liquid,2.833737185928794,7.206300000689225,66.53525000001537,76.57528718663339,one shared preloaded model
conv-26-qa-162,pure_liquid,2.833737185928794,7.049400002870243,66.53525000001537,76.4183871888144,one shared preloaded model
conv-26-qa-163,pure_liquid,2.833737185928794,5.59399999838206,66.53525000001537,74.96298718432622,one shared preloaded model
conv-26-qa-164,pure_liquid,2.833737185928794,6.25420000142185,56.56657500003348,65.65451218738413,one shared preloaded model
conv-26-qa-165,pure_liquid,2.833737185928794,7.271900001796894,56.56657500003348,66.67221218775917,one shared preloaded model
conv-26-qa-166,pure_liquid,2.833737185928794,6.095399996411288,56.56657500003348,65.49571218237357,one shared preloaded model
conv-26-qa-167,pure_liquid,2.833737185928794,6.2617000003228895,56.56657500003348,65.66201218628517,one shared preloaded model
conv-26-qa-168,pure_liquid,2.833737185928794,5.9082000007038005,49.876250000124855,58.61818718675745,one shared preloaded model
conv-26-qa-169,pure_liquid,2.833737185928794,6.603300000278978,49.876250000124855,59.31328718633263,one shared preloaded model
conv-26-qa-170,pure_liquid,2.833737185928794,7.118900000932626,49.876250000124855,59.82888718698628,one shared preloaded model
conv-26-qa-171,pure_liquid,2.833737185928794,6.716600000800099,49.876250000124855,59.42658718685375,one shared preloaded model
conv-26-qa-172,pure_liquid,2.833737185928794,5.655199998727767,105.42260000056558,113.91153718522214,one shared preloaded model
conv-26-qa-173,pure_liquid,2.833737185928794,6.637599999521626,105.42260000056558,114.893937186016,one shared preloaded model
conv-26-qa-174,pure_liquid,2.833737185928794,7.034599999315105,105.42260000056558,115.29093718580948,one shared preloaded model
conv-26-qa-175,pure_liquid,2.833737185928794,6.767799997760449,105.42260000056558,115.02413718425483,one shared preloaded model
conv-26-qa-176,pure_liquid,2.833737185928794,6.620999996812316,65.37715000013122,74.83188718287234,one shared preloaded model
conv-26-qa-177,pure_liquid,2.833737185928794,10.054800000943942,65.37715000013122,78.26568718700396,one shared preloaded model
conv-26-qa-178,pure_liquid,2.833737185928794,8.123199997498887,65.37715000013122,76.3340871835589,one shared preloaded model
conv-26-qa-179,pure_liquid,2.833737185928794,5.524399999558227,65.37715000013122,73.73528718561825,one shared preloaded model
conv-26-qa-180,pure_liquid,2.833737185928794,6.213199998455821,77.61762500012992,86.66456218451454,one shared preloaded model
conv-26-qa-181,pure_liquid,2.833737185928794,8.910399999876972,77.61762500012992,89.36176218593569,one shared preloaded model
conv-26-qa-182,pure_liquid,2.833737185928794,7.021999997959938,77.61762500012992,87.47336218401865,one shared preloaded model
conv-26-qa-183,pure_liquid,2.833737185928794,6.945400000404334,77.61762500012992,87.39676218646305,one shared preloaded model
conv-26-qa-184,pure_liquid,2.833737185928794,6.38980000076117,58.84762499954377,68.07116218623374,one shared preloaded model
conv-26-qa-185,pure_liquid,2.833737185928794,9.987199999159202,58.84762499954377,71.66856218463177,one shared preloaded model
conv-26-qa-186,pure_liquid,2.833737185928794,10.357300001487602,58.84762499954377,72.03866218696017,one shared preloaded model
conv-26-qa-187,pure_liquid,2.833737185928794,8.532700001524063,58.84762499954377,70.21406218699663,one shared preloaded model
conv-26-qa-188,pure_liquid,2.833737185928794,5.751099997723941,34.72409999994852,43.30893718360126,one shared preloaded model
conv-26-qa-189,pure_liquid,2.833737185928794,6.646599998930469,34.72409999994852,44.20443718480779,one shared preloaded model
conv-26-qa-190,pure_liquid,2.833737185928794,7.814599997800542,34.72409999994852,45.37243718367786,one shared preloaded model
conv-26-qa-191,pure_liquid,2.833737185928794,5.808900001284201,34.72409999994852,43.36673718716152,one shared preloaded model
conv-26-qa-192,pure_liquid,2.833737185928794,10.166000000026543,59.06039999990753,72.06013718586287,one shared preloaded model
conv-26-qa-193,pure_liquid,2.833737185928794,10.060799999337178,59.06039999990753,71.9549371851735,one shared preloaded model
conv-26-qa-194,pure_liquid,2.833737185928794,10.156500000448432,59.06039999990753,72.05063718628476,one shared preloaded model
conv-26-qa-195,pure_liquid,2.833737185928794,10.18839999960619,59.06039999990753,72.08253718544252,one shared preloaded model
conv-26-qa-196,pure_liquid,2.833737185928794,6.424499999411637,75.67046666614867,84.9287038514891,one shared preloaded model
conv-26-qa-197,pure_liquid,2.833737185928794,10.627700001350604,75.67046666614867,89.13190385342807,one shared preloaded model
conv-26-qa-198,pure_liquid,2.833737185928794,10.29710000148043,75.67046666614867,88.8013038535579,one shared preloaded model
conv-30-qa-0,pure_liquid,3.382383809539966,11.126699999294942,74.33352499992907,88.84260880876397,one shared preloaded model
conv-30-qa-1,pure_liquid,3.382383809539966,10.208699997747317,74.33352499992907,87.92460880721634,one shared preloaded model
conv-30-qa-2,pure_liquid,3.382383809539966,10.173200000281213,74.33352499992907,87.88910880975024,one shared preloaded model
conv-30-qa-3,pure_liquid,3.382383809539966,9.9515000001702,74.33352499992907,87.66740880963923,one shared preloaded model
conv-30-qa-4,pure_liquid,3.382383809539966,6.657400001131464,59.772725000584614,69.81250881125604,one shared preloaded model
conv-30-qa-5,pure_liquid,3.382383809539966,10.92140000037034,59.772725000584614,74.07650881049491,one shared preloaded model
conv-30-qa-6,pure_liquid,3.382383809539966,8.935700003348757,59.772725000584614,72.09080881347333,one shared preloaded model
conv-30-qa-7,pure_liquid,3.382383809539966,10.937399998510955,59.772725000584614,74.09250880863553,one shared preloaded model
conv-30-qa-8,pure_liquid,3.382383809539966,13.012800001888536,62.53652499981399,78.93170881124249,one shared preloaded model
conv-30-qa-9,pure_liquid,3.382383809539966,9.134199997788528,62.53652499981399,75.05310880714248,one shared preloaded model
conv-30-qa-10,pure_liquid,3.382383809539966,8.612800000264542,62.53652499981399,74.5317088096185,one shared preloaded model
conv-30-qa-11,pure_liquid,3.382383809539966,9.113399999478133,62.53652499981399,75.03230880883208,one shared preloaded model
conv-30-qa-12,pure_liquid,3.382383809539966,6.471199998486554,69.18020000011893,79.03378380814544,one shared preloaded model
conv-30-qa-13,pure_liquid,3.382383809539966,7.216400001198053,69.18020000011893,79.77898381085694,one shared preloaded model
conv-30-qa-14,pure_liquid,3.382383809539966,7.546000000729691,69.18020000011893,80.10858381038858,one shared preloaded model
conv-30-qa-15,pure_liquid,3.382383809539966,7.007399999565678,69.18020000011893,79.56998380922457,one shared preloaded model
conv-30-qa-16,pure_liquid,3.382383809539966,6.521200000861427,85.59202499964158,95.49560881004297,one shared preloaded model
conv-30-qa-17,pure_liquid,3.382383809539966,7.398300000204472,85.59202499964158,96.37270880938601,one shared preloaded model
conv-30-qa-18,pure_liquid,3.382383809539966,6.343599998217542,85.59202499964158,95.31800880739908,one shared preloaded model
conv-30-qa-19,pure_liquid,3.382383809539966,7.180799999332521,85.59202499964158,96.15520880851406,one shared preloaded model
conv-30-qa-20,pure_liquid,3.382383809539966,7.08689999737544,97.14617500048917,107.61545880740456,one shared preloaded model
conv-30-qa-21,pure_liquid,3.382383809539966,10.43500000014319,97.14617500048917,110.96355881017232,one shared preloaded model
conv-30-qa-22,pure_liquid,3.382383809539966,10.620599998219404,97.14617500048917,111.14915880824853,one shared preloaded model
conv-30-qa-23,pure_liquid,3.382383809539966,9.785700000065845,97.14617500048917,110.31425881009497,one shared preloaded model
conv-30-qa-24,pure_liquid,3.382383809539966,6.421699999918928,63.31492499975866,73.11900880921755,one shared preloaded model
conv-30-qa-25,pure_liquid,3.382383809539966,10.320800000044983,63.31492499975866,77.0181088093436,one shared preloaded model
conv-30-qa-26,pure_liquid,3.382383809539966,10.142500002984889,63.31492499975866,76.83980881228351,one shared preloaded model
conv-30-qa-27,pure_liquid,3.382383809539966,10.07729999764706,63.31492499975866,76.77460880694568,one shared preloaded model
conv-30-qa-28,pure_liquid,3.382383809539966,7.25120000060997,98.98524999971414,109.61883380986407,one shared preloaded model
conv-30-qa-29,pure_liquid,3.382383809539966,7.518899998103734,98.98524999971414,109.88653380735784,one shared preloaded model
conv-30-qa-30,pure_liquid,3.382383809539966,7.034299997030757,98.98524999971414,109.40193380628486,one shared preloaded model
conv-30-qa-31,pure_liquid,3.382383809539966,7.718499997281469,98.98524999971414,110.08613380653557,one shared preloaded model
conv-30-qa-32,pure_liquid,3.382383809539966,6.088699999963865,94.20240000054036,103.67348381004419,one shared preloaded model
conv-30-qa-33,pure_liquid,3.382383809539966,9.982299998227973,94.20240000054036,107.5670838083083,one shared preloaded model
conv-30-qa-34,pure_liquid,3.382383809539966,9.587599997757934,94.20240000054036,107.17238380783826,one shared preloaded model
conv-30-qa-35,pure_liquid,3.382383809539966,9.504000001470558,94.20240000054036,107.08878381155088,one shared preloaded model
conv-30-qa-36,pure_liquid,3.382383809539966,6.756899998435983,94.87922500011337,105.01850880808931,one shared preloaded model
conv-30-qa-37,pure_liquid,3.382383809539966,10.507399998459732,94.87922500011337,108.76900880811306,one shared preloaded model
conv-30-qa-38,pure_liquid,3.382383809539966,9.243299999070587,94.87922500011337,107.50490880872391,one shared preloaded model
conv-30-qa-39,pure_liquid,3.382383809539966,9.762199999386212,94.87922500011337,108.02380880903954,one shared preloaded model
conv-30-qa-40,pure_liquid,3.382383809539966,6.6120000010414515,118.7078749999273,128.7022588105087,one shared preloaded model
conv-30-qa-41,pure_liquid,3.382383809539966,10.213999998086365,118.7078749999273,132.30425880755362,one shared preloaded model
conv-30-qa-42,pure_liquid,3.382383809539966,10.71600000068429,118.7078749999273,132.80625881015155,one shared preloaded model
conv-30-qa-43,pure_liquid,3.382383809539966,9.889000000839587,118.7078749999273,131.97925881030685,one shared preloaded model
conv-30-qa-44,pure_liquid,3.382383809539966,6.641899999522138,81.72362500044983,91.74790880951193,one shared preloaded model
conv-30-qa-45,pure_liquid,3.382383809539966,6.596799998078495,81.72362500044983,91.70280880806828,one shared preloaded model
conv-30-qa-46,pure_liquid,3.382383809539966,6.882600002427353,81.72362500044983,91.98860881241714,one shared preloaded model
conv-30-qa-47,pure_liquid,3.382383809539966,7.262999999511521,81.72362500044983,92.36900880950131,one shared preloaded model
conv-30-qa-48,pure_liquid,3.382383809539966,6.331399999908172,62.17635000029986,71.890133809748,one shared preloaded model
conv-30-qa-49,pure_liquid,3.382383809539966,7.128900000680005,62.17635000029986,72.68763381051983,one shared preloaded model
conv-30-qa-50,pure_liquid,3.382383809539966,7.550899998022942,62.17635000029986,73.10963380786276,one shared preloaded model
conv-30-qa-51,pure_liquid,3.382383809539966,10.194900001806673,62.17635000029986,75.7536338116465,one shared preloaded model
conv-30-qa-52,pure_liquid,3.382383809539966,5.993400001898408,102.40082499967684,111.77660881111521,one shared preloaded model
conv-30-qa-53,pure_liquid,3.382383809539966,6.5544999997655395,102.40082499967684,112.33770880898234,one shared preloaded model
conv-30-qa-54,pure_liquid,3.382383809539966,6.325599999399856,102.40082499967684,112.10880880861666,one shared preloaded model
conv-30-qa-55,pure_liquid,3.382383809539966,6.006100000377046,102.40082499967684,111.78930880959385,one shared preloaded model
conv-30-qa-56,pure_liquid,3.382383809539966,6.975199998123571,39.87867500018183,50.23625880784537,one shared preloaded model
conv-30-qa-57,pure_liquid,3.382383809539966,10.55619999897317,39.87867500018183,53.817258808694966,one shared preloaded model
conv-30-qa-58,pure_liquid,3.382383809539966,7.173599999077851,39.87867500018183,50.43465880879965,one shared preloaded model
conv-30-qa-59,pure_liquid,3.382383809539966,6.579599998076446,39.87867500018183,49.84065880779824,one shared preloaded model
conv-30-qa-60,pure_liquid,3.382383809539966,10.043999998742947,49.13300000043819,62.5593838087211,one shared preloaded model
conv-30-qa-61,pure_liquid,3.382383809539966,10.238200000458164,49.13300000043819,62.75358381043632,one shared preloaded model
conv-30-qa-62,pure_liquid,3.382383809539966,10.335200000554323,49.13300000043819,62.85058381053248,one shared preloaded model
conv-30-qa-63,pure_liquid,3.382383809539966,10.835600001882995,49.13300000043819,63.35098381186115,one shared preloaded model
conv-30-qa-64,pure_liquid,3.382383809539966,7.382899999356596,96.85664999960863,107.62193380850519,one shared preloaded model
conv-30-qa-65,pure_liquid,3.382383809539966,5.57689999914146,96.85664999960863,105.81593380829005,one shared preloaded model
conv-30-qa-66,pure_liquid,3.382383809539966,10.012099999585189,96.85664999960863,110.25113380873378,one shared preloaded model
conv-30-qa-67,pure_liquid,3.382383809539966,10.769500000606058,96.85664999960863,111.00853380975465,one shared preloaded model
conv-30-qa-68,pure_liquid,3.382383809539966,6.651399999100249,107.0306999999957,117.06448380863591,one shared preloaded model
conv-30-qa-69,pure_liquid,3.382383809539966,8.636899998236913,107.0306999999957,119.04998380777258,one shared preloaded model
conv-30-qa-70,pure_liquid,3.382383809539966,10.534199998801341,107.0306999999957,120.947283808337,one shared preloaded model
conv-30-qa-71,pure_liquid,3.382383809539966,9.689300000900403,107.0306999999957,120.10238381043607,one shared preloaded model
conv-30-qa-72,pure_liquid,3.382383809539966,7.045999998808838,62.66497500018886,73.09335880853766,one shared preloaded model
conv-30-qa-73,pure_liquid,3.382383809539966,10.57559999753721,62.66497500018886,76.62295880726603,one shared preloaded model
conv-30-qa-74,pure_liquid,3.382383809539966,10.741800000687363,62.66497500018886,76.78915881041618,one shared preloaded model
conv-30-qa-75,pure_liquid,3.382383809539966,9.507999999186723,62.66497500018886,75.55535880891554,one shared preloaded model
conv-30-qa-76,pure_liquid,3.382383809539966,6.031000000803033,81.26515000003565,90.67853381037864,one shared preloaded model
conv-30-qa-77,pure_liquid,3.382383809539966,7.089400001859758,81.26515000003565,91.73693381143536,one shared preloaded model
conv-30-qa-78,pure_liquid,3.382383809539966,7.505699999455828,81.26515000003565,92.15323380903143,one shared preloaded model
conv-30-qa-79,pure_liquid,3.382383809539966,10.323200000129873,81.26515000003565,94.97073380970548,one shared preloaded model
conv-30-qa-80,pure_liquid,3.382383809539966,7.24649999756366,72.76762499986944,83.39650880697306,one shared preloaded model
conv-30-qa-81,pure_liquid,3.382383809539966,10.262499999953434,72.76762499986944,86.41250880936283,one shared preloaded model
conv-30-qa-82,pure_liquid,3.382383809539966,9.707400000479538,72.76762499986944,85.85740880988894,one shared preloaded model
conv-30-qa-83,pure_liquid,3.382383809539966,10.577600001852261,72.76762499986944,86.72760881126166,one shared preloaded model
conv-30-qa-84,pure_liquid,3.382383809539966,6.463199999416247,34.98937499989552,44.83495880885173,one shared preloaded model
conv-30-qa-85,pure_liquid,3.382383809539966,6.017799998517148,34.98937499989552,44.38955880795263,one shared preloaded model
conv-30-qa-86,pure_liquid,3.382383809539966,8.35949999964214,34.98937499989552,46.73125880907762,one shared preloaded model
conv-30-qa-87,pure_liquid,3.382383809539966,7.445299997925758,34.98937499989552,45.81705880736124,one shared preloaded model
conv-30-qa-88,pure_liquid,3.382383809539966,9.905299997626571,41.648375000477245,54.93605880764378,one shared preloaded model
conv-30-qa-89,pure_liquid,3.382383809539966,9.846400000242284,41.648375000477245,54.877158810259495,one shared preloaded model
conv-30-qa-90,pure_liquid,3.382383809539966,10.268699999869568,41.648375000477245,55.29945880988678,one shared preloaded model
conv-30-qa-91,pure_liquid,3.382383809539966,10.658699997293297,41.648375000477245,55.68945880731051,one shared preloaded model
conv-30-qa-92,pure_liquid,3.382383809539966,10.141800001292722,65.33335000040097,78.85753381123365,one shared preloaded model
conv-30-qa-93,pure_liquid,3.382383809539966,10.145200001716148,65.33335000040097,78.86093381165708,one shared preloaded model
conv-30-qa-94,pure_liquid,3.382383809539966,10.1570000006177,65.33335000040097,78.87273381055863,one shared preloaded model
conv-30-qa-95,pure_liquid,3.382383809539966,9.886599997116718,65.33335000040097,78.60233380705765,one shared preloaded model
conv-30-qa-96,pure_liquid,3.382383809539966,6.4105999990715645,52.28400000032707,62.0769838089386,one shared preloaded model
conv-30-qa-97,pure_liquid,3.382383809539966,6.54220000069472,52.28400000032707,62.208583810561755,one shared preloaded model
conv-30-qa-98,pure_liquid,3.382383809539966,7.208600000012666,52.28400000032707,62.8749838098797,one shared preloaded model
conv-30-qa-99,pure_liquid,3.382383809539966,6.376000001182547,52.28400000032707,62.04238381104958,one shared preloaded model
conv-30-qa-100,pure_liquid,3.382383809539966,6.448100000852719,49.11604999961128,58.94653381000396,one shared preloaded model
conv-30-qa-101,pure_liquid,3.382383809539966,6.419299999834038,49.11604999961128,58.91773380898528,one shared preloaded model
conv-30-qa-102,pure_liquid,3.382383809539966,6.5740999998524785,49.11604999961128,59.07253380900372,one shared preloaded model
conv-30-qa-103,pure_liquid,3.382383809539966,7.0487000011780765,49.11604999961128,59.54713381032932,one shared preloaded model
conv-30-qa-104,pure_liquid,3.382383809539966,7.164900001953356,311.853200000769,322.40048381226234,one shared preloaded model
conv-41-qa-0,pure_liquid,2.8727357512912377,10.094999997818377,61.79285000052914,74.76058574963875,one shared preloaded model
conv-41-qa-1,pure_liquid,2.8727357512912377,9.802500000660075,61.79285000052914,74.46808575248045,one shared preloaded model
conv-41-qa-2,pure_liquid,2.8727357512912377,10.061799999675713,61.79285000052914,74.72738575149609,one shared preloaded model
conv-41-qa-3,pure_liquid,2.8727357512912377,10.089600000355858,61.79285000052914,74.75518575217623,one shared preloaded model
conv-41-qa-4,pure_liquid,2.8727357512912377,5.801100000098813,90.52397499999643,99.19781075138647,one shared preloaded model
conv-41-qa-5,pure_liquid,2.8727357512912377,6.258900000830181,90.52397499999643,99.65561075211784,one shared preloaded model
conv-41-qa-6,pure_liquid,2.8727357512912377,6.555100000696257,90.52397499999643,99.95181075198391,one shared preloaded model
conv-41-qa-7,pure_liquid,2.8727357512912377,6.816699999035336,90.52397499999643,100.21341075032299,one shared preloaded model
conv-41-qa-8,pure_liquid,2.8727357512912377,6.4318000004277565,58.971725000446895,68.27626075216588,one shared preloaded model
conv-41-qa-9,pure_liquid,2.8727357512912377,10.806900001625763,58.971725000446895,72.65136075336389,one shared preloaded model
conv-41-qa-10,pure_liquid,2.8727357512912377,7.1726999995007645,58.971725000446895,69.01716075123889,one shared preloaded model
conv-41-qa-11,pure_liquid,2.8727357512912377,6.189800002175616,58.971725000446895,68.03426075391374,one shared preloaded model
conv-41-qa-12,pure_liquid,2.8727357512912377,6.211399999301648,73.5460999994757,82.63023575006858,one shared preloaded model
conv-41-qa-13,pure_liquid,2.8727357512912377,9.661200001573889,73.5460999994757,86.08003575234082,one shared preloaded model
conv-41-qa-14,pure_liquid,2.8727357512912377,10.08199999705539,73.5460999994757,86.50083574782232,one shared preloaded model
conv-41-qa-15,pure_liquid,2.8727357512912377,9.584300001733936,73.5460999994757,86.00313575250087,one shared preloaded model
conv-41-qa-16,pure_liquid,2.8727357512912377,5.900199997995514,58.44122500002413,67.21416074931088,one shared preloaded model
conv-41-qa-17,pure_liquid,2.8727357512912377,6.275399999140063,58.44122500002413,67.58936075045543,one shared preloaded model
conv-41-qa-18,pure_liquid,2.8727357512912377,7.43990000046324,58.44122500002413,68.7538607517786,one shared preloaded model
conv-41-qa-19,pure_liquid,2.8727357512912377,6.538399997225497,58.44122500002413,67.85236074854086,one shared preloaded model
conv-41-qa-20,pure_liquid,2.8727357512912377,5.889500000193948,57.94767499992304,66.70991075140822,one shared preloaded model
conv-41-qa-21,pure_liquid,2.8727357512912377,6.643799999437761,57.94767499992304,67.46421075065203,one shared preloaded model
conv-41-qa-22,pure_liquid,2.8727357512912377,6.144299997686176,57.94767499992304,66.96471074890044,one shared preloaded model
conv-41-qa-23,pure_liquid,2.8727357512912377,7.707299999310635,57.94767499992304,68.5277107505249,one shared preloaded model
conv-41-qa-24,pure_liquid,2.8727357512912377,5.925900000875117,66.4993249993131,75.29796075147945,one shared preloaded model
conv-41-qa-25,pure_liquid,2.8727357512912377,6.684500000119442,66.4993249993131,76.05656075072378,one shared preloaded model
conv-41-qa-26,pure_liquid,2.8727357512912377,6.325500002276385,66.4993249993131,75.69756075288072,one shared preloaded model
conv-41-qa-27,pure_liquid,2.8727357512912377,6.550599999172846,66.4993249993131,75.92266074977718,one shared preloaded model
conv-41-qa-28,pure_liquid,2.8727357512912377,6.183400000736583,95.39412499998434,104.45026075201216,one shared preloaded model
conv-41-qa-29,pure_liquid,2.8727357512912377,8.709300000191433,95.39412499998434,106.976160751467,one shared preloaded model
conv-41-qa-30,pure_liquid,2.8727357512912377,10.128599999006838,95.39412499998434,108.39546075028241,one shared preloaded model
conv-41-qa-31,pure_liquid,2.8727357512912377,10.310500001651235,95.39412499998434,108.57736075292681,one shared preloaded model
conv-41-qa-32,pure_liquid,2.8727357512912377,6.4305000014428515,97.80045000024984,107.10368575298392,one shared preloaded model
conv-41-qa-33,pure_liquid,2.8727357512912377,10.605499999655876,97.80045000024984,111.27868575119695,one shared preloaded model
conv-41-qa-34,pure_liquid,2.8727357512912377,6.562300000950927,97.80045000024984,107.235485752492,one shared preloaded model
conv-41-qa-35,pure_liquid,2.8727357512912377,6.827099998190533,97.80045000024984,107.5002857497316,one shared preloaded model
conv-41-qa-36,pure_liquid,2.8727357512912377,5.95420000172453,84.14362500025163,92.97056075326739,one shared preloaded model
conv-41-qa-37,pure_liquid,2.8727357512912377,9.963999997125939,84.14362500025163,96.9803607486688,one shared preloaded model
conv-41-qa-38,pure_liquid,2.8727357512912377,10.173499998927582,84.14362500025163,97.18986075047044,one shared preloaded model
conv-41-qa-39,pure_liquid,2.8727357512912377,8.450900000752881,84.14362500025163,95.46726075229574,one shared preloaded model
conv-41-qa-40,pure_liquid,2.8727357512912377,6.701599999360042,83.94025000052352,93.51458575117479,one shared preloaded model
conv-41-qa-41,pure_liquid,2.8727357512912377,10.772999998152955,83.94025000052352,97.5859857499677,one shared preloaded model
conv-41-qa-42,pure_liquid,2.8727357512912377,10.354000001825625,83.94025000052352,97.16698575364038,one shared preloaded model
conv-41-qa-43,pure_liquid,2.8727357512912377,10.058100000605918,83.94025000052352,96.87108575242067,one shared preloaded model
conv-41-qa-44,pure_liquid,2.8727357512912377,5.948100002569845,100.39902499920572,109.2198607530668,one shared preloaded model
conv-41-qa-45,pure_liquid,2.8727357512912377,6.088999998610234,100.39902499920572,109.36076074910719,one shared preloaded model
conv-41-qa-46,pure_liquid,2.8727357512912377,10.690800001611933,100.39902499920572,113.96256075210889,one shared preloaded model
conv-41-qa-47,pure_liquid,2.8727357512912377,9.756600000400795,100.39902499920572,113.02836075089775,one shared preloaded model
conv-41-qa-48,pure_liquid,2.8727357512912377,6.381099999998696,60.41767499937123,69.67151075066116,one shared preloaded model
conv-41-qa-49,pure_liquid,2.8727357512912377,9.901900000841124,60.41767499937123,73.19231075150358,one shared preloaded model
conv-41-qa-50,pure_liquid,2.8727357512912377,9.885499999654712,60.41767499937123,73.17591075031717,one shared preloaded model
conv-41-qa-51,pure_liquid,2.8727357512912377,9.584999999788124,60.41767499937123,72.87541075045058,one shared preloaded model
conv-41-qa-52,pure_liquid,2.8727357512912377,5.93010000011418,57.65727499965578,66.4601107510612,one shared preloaded model
conv-41-qa-53,pure_liquid,2.8727357512912377,5.9363000000303145,57.65727499965578,66.46631075097733,one shared preloaded model
conv-41-qa-54,pure_liquid,2.8727357512912377,6.944999997358536,57.65727499965578,67.47501074830555,one shared preloaded model
conv-41-qa-55,pure_liquid,2.8727357512912377,6.0468000010587275,57.65727499965578,66.57681075200574,one shared preloaded model
conv-41-qa-56,pure_liquid,2.8727357512912377,5.9681000020646024,92.25340000011784,101.09423575347367,one shared preloaded model
conv-41-qa-57,pure_liquid,2.8727357512912377,8.878000000549946,92.25340000011784,104.00413575195901,one shared preloaded model
conv-41-qa-58,pure_liquid,2.8727357512912377,10.073800000100164,92.25340000011784,105.19993575150923,one shared preloaded model
conv-41-qa-59,pure_liquid,2.8727357512912377,9.933899997122353,92.25340000011784,105.06003574853142,one shared preloaded model
conv-41-qa-60,pure_liquid,2.8727357512912377,6.275800002185861,59.68309999934718,68.83163575282427,one shared preloaded model
conv-41-qa-61,pure_liquid,2.8727357512912377,5.583699999988312,59.68309999934718,68.13953575062672,one shared preloaded model
conv-41-qa-62,pure_liquid,2.8727357512912377,5.9844999996130355,59.68309999934718,68.54033575025144,one shared preloaded model
conv-41-qa-63,pure_liquid,2.8727357512912377,6.798499998694751,59.68309999934718,69.35433574933316,one shared preloaded model
conv-41-qa-64,pure_liquid,2.8727357512912377,6.240700000489596,66.60387500051002,75.71731075229084,one shared preloaded model
conv-41-qa-65,pure_liquid,2.8727357512912377,9.654700003011385,66.60387500051002,79.13131075481263,one shared preloaded model
conv-41-qa-66,pure_liquid,2.8727357512912377,11.110499999631429,66.60387500051002,80.58711075143268,one shared preloaded model
conv-41-qa-67,pure_liquid,2.8727357512912377,10.6551999997464,66.60387500051002,80.13181075154765,one shared preloaded model
conv-41-qa-68,pure_liquid,2.8727357512912377,6.264799998461967,77.72202500018466,86.85956074993786,one shared preloaded model
conv-41-qa-69,pure_liquid,2.8727357512912377,5.51419999828795,77.72202500018466,86.10896074976384,one shared preloaded model
conv-41-qa-70,pure_liquid,2.8727357512912377,7.200500000180909,77.72202500018466,87.7952607516568,one shared preloaded model
conv-41-qa-71,pure_liquid,2.8727357512912377,10.239500003081048,77.72202500018466,90.83426075455694,one shared preloaded model
conv-41-qa-72,pure_liquid,2.8727357512912377,6.547599998157239,57.60974999975588,67.03008574920435,one shared preloaded model
conv-41-qa-73,pure_liquid,2.8727357512912377,6.68720000248868,57.60974999975588,67.16968575353579,one shared preloaded model
conv-41-qa-74,pure_liquid,2.8727357512912377,5.769899998995243,57.60974999975588,66.25238575004235,one shared preloaded model
conv-41-qa-75,pure_liquid,2.8727357512912377,5.995800001983298,57.60974999975588,66.4782857530304,one shared preloaded model
conv-41-qa-76,pure_liquid,2.8727357512912377,6.33419999940088,74.73962499989284,83.94656075058495,one shared preloaded model
conv-41-qa-77,pure_liquid,2.8727357512912377,5.517199999303557,74.73962499989284,83.12956075048763,one shared preloaded model
conv-41-qa-78,pure_liquid,2.8727357512912377,5.624800000077812,74.73962499989284,83.23716075126188,one shared preloaded model
conv-41-qa-79,pure_liquid,2.8727357512912377,5.991599999106256,74.73962499989284,83.60396075029033,one shared preloaded model
conv-41-qa-80,pure_liquid,2.8727357512912377,7.088899998052511,47.48569999992469,57.44733574926844,one shared preloaded model
conv-41-qa-81,pure_liquid,2.8727357512912377,6.986200001847465,47.48569999992469,57.34463575306339,one shared preloaded model
conv-41-qa-82,pure_liquid,2.8727357512912377,6.723799997416791,47.48569999992469,57.08223574863272,one shared preloaded model
conv-41-qa-83,pure_liquid,2.8727357512912377,6.750900000042748,47.48569999992469,57.109335751258676,one shared preloaded model
conv-41-qa-84,pure_liquid,2.8727357512912377,11.683200002153171,41.77190000064002,56.327835754084425,one shared preloaded model
conv-41-qa-85,pure_liquid,2.8727357512912377,7.974399999511661,41.77190000064002,52.619035751442915,one shared preloaded model
conv-41-qa-86,pure_liquid,2.8727357512912377,7.1020000032149255,41.77190000064002,51.74663575514618,one shared preloaded model
conv-41-qa-87,pure_liquid,2.8727357512912377,8.593300000939053,41.77190000064002,53.23793575287031,one shared preloaded model
conv-41-qa-88,pure_liquid,2.8727357512912377,10.238299997581635,49.34402500020951,62.455060749082385,one shared preloaded model
conv-41-qa-89,pure_liquid,2.8727357512912377,9.946999998646788,49.34402500020951,62.16376075014754,one shared preloaded model
conv-41-qa-90,pure_liquid,2.8727357512912377,10.34559999970952,49.34402500020951,62.56236075121027,one shared preloaded model
conv-41-qa-91,pure_liquid,2.8727357512912377,10.334099999454338,49.34402500020951,62.55086075095509,one shared preloaded model
conv-41-qa-92,pure_liquid,2.8727357512912377,6.742500001564622,59.17000000044936,68.78523575330522,one shared preloaded model
conv-41-qa-93,pure_liquid,2.8727357512912377,6.842900002084207,59.17000000044936,68.8856357538248,one shared preloaded model
conv-41-qa-94,pure_liquid,2.8727357512912377,7.185599999502301,59.17000000044936,69.2283357512429,one shared preloaded model
conv-41-qa-95,pure_liquid,2.8727357512912377,9.225199999491451,59.17000000044936,71.26793575123205,one shared preloaded model
conv-41-qa-96,pure_liquid,2.8727357512912377,7.302600002731197,45.77147500003775,55.94681075406019,one shared preloaded model
conv-41-qa-97,pure_liquid,2.8727357512912377,6.616200000280514,45.77147500003775,55.260410751609506,one shared preloaded model
conv-41-qa-98,pure_liquid,2.8727357512912377,7.658499998797197,45.77147500003775,56.30271075012619,one shared preloaded model
conv-41-qa-99,pure_liquid,2.8727357512912377,6.66579999960959,45.77147500003775,55.31001075093858,one shared preloaded model
conv-41-qa-100,pure_liquid,2.8727357512912377,10.721799997554626,51.14792499989562,64.74246074874148,one shared preloaded model
conv-41-qa-101,pure_liquid,2.8727357512912377,11.073400000896072,51.14792499989562,65.09406075208292,one shared preloaded model
conv-41-qa-102,pure_liquid,2.8727357512912377,10.791900000185706,51.14792499989562,64.81256075137256,one shared preloaded model
conv-41-qa-103,pure_liquid,2.8727357512912377,11.12220000140951,51.14792499989562,65.14286075259636,one shared preloaded model
conv-41-qa-104,pure_liquid,2.8727357512912377,6.287299998803064,58.093175000067276,67.25321075016157,one shared preloaded model
conv-41-qa-105,pure_liquid,2.8727357512912377,7.055699999909848,58.093175000067276,68.02161075126835,one shared preloaded model
conv-41-qa-106,pure_liquid,2.8727357512912377,7.487699997000163,58.093175000067276,68.45361074835867,one shared preloaded model
conv-41-qa-107,pure_liquid,2.8727357512912377,7.631099997524871,58.093175000067276,68.59701074888338,one shared preloaded model
conv-41-qa-108,pure_liquid,2.8727357512912377,12.211300003400538,86.09105000050477,101.17508575519653,one shared preloaded model
conv-41-qa-109,pure_liquid,2.8727357512912377,11.030000001483131,86.09105000050477,99.99378575327913,one shared preloaded model
conv-41-qa-110,pure_liquid,2.8727357512912377,10.271400002238806,86.09105000050477,99.2351857540348,one shared preloaded model
conv-41-qa-111,pure_liquid,2.8727357512912377,10.617699997965246,86.09105000050477,99.58148574976124,one shared preloaded model
conv-41-qa-112,pure_liquid,2.8727357512912377,8.646099999168655,85.56950000001962,97.0883357504795,one shared preloaded model
conv-41-qa-113,pure_liquid,2.8727357512912377,7.056900001771282,85.56950000001962,95.49913575308213,one shared preloaded model
conv-41-qa-114,pure_liquid,2.8727357512912377,7.762500001263106,85.56950000001962,96.20473575257395,one shared preloaded model
conv-41-qa-115,pure_liquid,2.8727357512912377,6.698500001220964,85.56950000001962,95.14073575253181,one shared preloaded model
conv-41-qa-116,pure_liquid,2.8727357512912377,8.547399997041794,71.88632499946834,83.30646074780137,one shared preloaded model
conv-41-qa-117,pure_liquid,2.8727357512912377,8.208600000216393,71.88632499946834,82.96766075097597,one shared preloaded model
conv-41-qa-118,pure_liquid,2.8727357512912377,10.00920000296901,71.88632499946834,84.76826075372858,one shared preloaded model
conv-41-qa-119,pure_liquid,2.8727357512912377,11.360000000422588,71.88632499946834,86.11906075118216,one shared preloaded model
conv-41-qa-120,pure_liquid,2.8727357512912377,7.686700002523139,83.61969999987195,94.17913575368632,one shared preloaded model
conv-41-qa-121,pure_liquid,2.8727357512912377,11.11789999777102,83.61969999987195,97.6103357489342,one shared preloaded model
conv-41-qa-122,pure_liquid,2.8727357512912377,10.94569999986561,83.61969999987195,97.4381357510288,one shared preloaded model
conv-41-qa-123,pure_liquid,2.8727357512912377,11.363000001438195,83.61969999987195,97.85543575260138,one shared preloaded model
conv-41-qa-124,pure_liquid,2.8727357512912377,7.006600000750041,76.49437500003842,86.37371075207969,one shared preloaded model
conv-41-qa-125,pure_liquid,2.8727357512912377,10.39889999810839,76.49437500003842,89.76601074943804,one shared preloaded model
conv-41-qa-126,pure_liquid,2.8727357512912377,10.44980000006035,76.49437500003842,89.81691075139,one shared preloaded model
conv-41-qa-127,pure_liquid,2.8727357512912377,10.884200000873534,76.49437500003842,90.25131075220318,one shared preloaded model
conv-41-qa-128,pure_liquid,2.8727357512912377,6.363500000588829,95.83762500005832,105.07386075193838,one shared preloaded model
conv-41-qa-129,pure_liquid,2.8727357512912377,6.012000001646811,95.83762500005832,104.72236075299637,one shared preloaded model
conv-41-qa-130,pure_liquid,2.8727357512912377,7.830200000171317,95.83762500005832,106.54056075152087,one shared preloaded model
conv-41-qa-131,pure_liquid,2.8727357512912377,7.45209999877261,95.83762500005832,106.16246075012216,one shared preloaded model
conv-41-qa-132,pure_liquid,2.8727357512912377,6.560899997566594,83.0236749998221,92.45731074867993,one shared preloaded model
conv-41-qa-133,pure_liquid,2.8727357512912377,11.257400001341011,83.0236749998221,97.15381075245435,one shared preloaded model
conv-41-qa-134,pure_liquid,2.8727357512912377,9.979700000258163,83.0236749998221,95.8761107513715,one shared preloaded model
conv-41-qa-135,pure_liquid,2.8727357512912377,10.361899996496504,83.0236749998221,96.25831074760984,one shared preloaded model
conv-41-qa-136,pure_liquid,2.8727357512912377,6.923099997948157,85.38909999970201,95.1849357489414,one shared preloaded model
conv-41-qa-137,pure_liquid,2.8727357512912377,7.424100000207545,85.38909999970201,95.68593575120079,one shared preloaded model
conv-41-qa-138,pure_liquid,2.8727357512912377,7.443099999363767,85.38909999970201,95.70493575035701,one shared preloaded model
conv-41-qa-139,pure_liquid,2.8727357512912377,6.999499997618841,85.38909999970201,95.26133574861208,one shared preloaded model
conv-41-qa-140,pure_liquid,2.8727357512912377,6.52059999993071,45.430825000039476,54.824160751261424,one shared preloaded model
conv-41-qa-141,pure_liquid,2.8727357512912377,7.597399999212939,45.430825000039476,55.90096075054365,one shared preloaded model
conv-41-qa-142,pure_liquid,2.8727357512912377,6.908600000315346,45.430825000039476,55.21216075164606,one shared preloaded model
conv-41-qa-143,pure_liquid,2.8727357512912377,8.54799999797251,45.430825000039476,56.851560749303225,one shared preloaded model
conv-41-qa-144,pure_liquid,2.8727357512912377,7.553100000222912,54.07239999931335,64.49823575082749,one shared preloaded model
conv-41-qa-145,pure_liquid,2.8727357512912377,9.77440000133356,54.07239999931335,66.71953575193814,one shared preloaded model
conv-41-qa-146,pure_liquid,2.8727357512912377,11.052900001232047,54.07239999931335,67.99803575183662,one shared preloaded model
conv-41-qa-147,pure_liquid,2.8727357512912377,10.708800000429619,54.07239999931335,67.6539357510342,one shared preloaded model
conv-41-qa-148,pure_liquid,2.8727357512912377,15.580199997202726,62.03192499924626,80.48486074774021,one shared preloaded model
conv-41-qa-149,pure_liquid,2.8727357512912377,7.4863999980152585,62.03192499924626,72.39106074855275,one shared preloaded model
conv-41-qa-150,pure_liquid,2.8727357512912377,7.273100000020349,62.03192499924626,72.17776075055784,one shared preloaded model
conv-41-qa-151,pure_liquid,2.8727357512912377,11.187299998709932,62.03192499924626,76.09196074924742,one shared preloaded model
conv-41-qa-152,pure_liquid,2.8727357512912377,7.410799997160211,82.0022500001869,92.28578574863835,one shared preloaded model
conv-41-qa-153,pure_liquid,2.8727357512912377,10.204499998508254,82.0022500001869,95.07948574998639,one shared preloaded model
conv-41-qa-154,pure_liquid,2.8727357512912377,10.37480000013602,82.0022500001869,95.24978575161416,one shared preloaded model
conv-41-qa-155,pure_liquid,2.8727357512912377,9.971799998311326,82.0022500001869,94.84678574978946,one shared preloaded model
conv-41-qa-156,pure_liquid,2.8727357512912377,6.808899997849949,62.685674999556795,72.36731074869797,one shared preloaded model
conv-41-qa-157,pure_liquid,2.8727357512912377,8.290600002510473,62.685674999556795,73.8490107533585,one shared preloaded model
conv-41-qa-158,pure_liquid,2.8727357512912377,7.029000000329688,62.685674999556795,72.58741075117771,one shared preloaded model
conv-41-qa-159,pure_liquid,2.8727357512912377,7.71070000337204,62.685674999556795,73.26911075422007,one shared preloaded model
conv-41-qa-160,pure_liquid,2.8727357512912377,8.443499998975312,55.948424999769486,67.26466075003603,one shared preloaded model
conv-41-qa-161,pure_liquid,2.8727357512912377,11.441200000263052,55.948424999769486,70.26236075132377,one shared preloaded model
conv-41-qa-162,pure_liquid,2.8727357512912377,11.227300001337426,55.948424999769486,70.04846075239814,one shared preloaded model
conv-41-qa-163,pure_liquid,2.8727357512912377,7.866500000091037,55.948424999769486,66.68766075115175,one shared preloaded model
conv-41-qa-164,pure_liquid,2.8727357512912377,6.145899998955429,43.69989999941026,52.71853574965693,one shared preloaded model
conv-41-qa-165,pure_liquid,2.8727357512912377,6.3612999983888585,43.69989999941026,52.93393574909036,one shared preloaded model
conv-41-qa-166,pure_liquid,2.8727357512912377,6.794400000217138,43.69989999941026,53.36703575091864,one shared preloaded model
conv-41-qa-167,pure_liquid,2.8727357512912377,10.870300000533462,43.69989999941026,57.44293575123496,one shared preloaded model
conv-41-qa-168,pure_liquid,2.8727357512912377,10.292099999787752,36.35665000001609,49.52148575109508,one shared preloaded model
conv-41-qa-169,pure_liquid,2.8727357512912377,10.76409999950556,36.35665000001609,49.99348575081289,one shared preloaded model
conv-41-qa-170,pure_liquid,2.8727357512912377,10.17169999977341,36.35665000001609,49.401085751080736,one shared preloaded model
conv-41-qa-171,pure_liquid,2.8727357512912377,6.659800001216354,36.35665000001609,45.88918575252368,one shared preloaded model
conv-41-qa-172,pure_liquid,2.8727357512912377,10.809399998834124,54.95102500026405,68.63316075038941,one shared preloaded model
conv-41-qa-173,pure_liquid,2.8727357512912377,10.209500000200933,54.95102500026405,68.03326075175622,one shared preloaded model
conv-41-qa-174,pure_liquid,2.8727357512912377,9.26199999958044,54.95102500026405,67.08576075113572,one shared preloaded model
conv-41-qa-175,pure_liquid,2.8727357512912377,7.561999998870306,54.95102500026405,65.38576075042559,one shared preloaded model
conv-41-qa-176,pure_liquid,2.8727357512912377,6.310299999313429,78.32289999987552,87.50593575048018,one shared preloaded model
conv-41-qa-177,pure_liquid,2.8727357512912377,6.617099999857601,78.32289999987552,87.81273575102435,one shared preloaded model
conv-41-qa-178,pure_liquid,2.8727357512912377,7.657800000743009,78.32289999987552,88.85343575190976,one shared preloaded model
conv-41-qa-179,pure_liquid,2.8727357512912377,6.676100001641316,78.32289999987552,87.87173575280806,one shared preloaded model
conv-41-qa-180,pure_liquid,2.8727357512912377,6.478999999671942,58.06917500012787,67.42091075109104,one shared preloaded model
conv-41-qa-181,pure_liquid,2.8727357512912377,6.9161999999778345,58.06917500012787,67.85811075139694,one shared preloaded model
conv-41-qa-182,pure_liquid,2.8727357512912377,9.96350000059465,58.06917500012787,70.90541075201375,one shared preloaded model
conv-41-qa-183,pure_liquid,2.8727357512912377,10.765400002128445,58.06917500012787,71.70731075354755,one shared preloaded model
conv-41-qa-184,pure_liquid,2.8727357512912377,6.292800000665011,97.47467500073981,106.64021075269605,one shared preloaded model
conv-41-qa-185,pure_liquid,2.8727357512912377,6.825999997090548,97.47467500073981,107.17341074912159,one shared preloaded model
conv-41-qa-186,pure_liquid,2.8727357512912377,6.325999998807674,97.47467500073981,106.67341075083871,one shared preloaded model
conv-41-qa-187,pure_liquid,2.8727357512912377,6.832099999883212,97.47467500073981,107.17951075191425,one shared preloaded model
conv-41-qa-188,pure_liquid,2.8727357512912377,6.594599999516504,29.411274999802117,38.87861075060986,one shared preloaded model
conv-41-qa-189,pure_liquid,2.8727357512912377,10.279699999955483,29.411274999802117,42.56371075104884,one shared preloaded model
conv-41-qa-190,pure_liquid,2.8727357512912377,10.295699998096097,29.411274999802117,42.57971074918945,one shared preloaded model
conv-41-qa-191,pure_liquid,2.8727357512912377,9.85469999795896,29.411274999802117,42.138710749052315,one shared preloaded model
conv-41-qa-192,pure_liquid,2.8727357512912377,10.209000000031665,198.61039999886998,211.69213575019288,one shared preloaded model
conv-42-qa-0,pure_liquid,2.0550719230763765,9.59530000181985,57.30559999938123,68.95597192427746,one shared preloaded model
conv-42-qa-1,pure_liquid,2.0550719230763765,5.414400002337061,57.30559999938123,64.77507192479467,one shared preloaded model
conv-42-qa-2,pure_liquid,2.0550719230763765,6.231100000150036,57.30559999938123,65.59177192260765,one shared preloaded model
conv-42-qa-3,pure_liquid,2.0550719230763765,6.894400001328904,57.30559999938123,66.25507192378652,one shared preloaded model
conv-42-qa-4,pure_liquid,2.0550719230763765,5.9069000017188955,55.799400000069,63.76137192486427,one shared preloaded model
conv-42-qa-5,pure_liquid,2.0550719230763765,5.486300000484334,55.799400000069,63.34077192362971,one shared preloaded model
conv-42-qa-6,pure_liquid,2.0550719230763765,7.381999999779509,55.799400000069,65.23647192292489,one shared preloaded model
conv-42-qa-7,pure_liquid,2.0550719230763765,5.749600000854116,55.799400000069,63.60407192399949,one shared preloaded model
conv-42-qa-8,pure_liquid,2.0550719230763765,6.544199997733813,56.060799999613664,64.66007192042386,one shared preloaded model
conv-42-qa-9,pure_liquid,2.0550719230763765,10.392500000307336,56.060799999613664,68.50837192299738,one shared preloaded model
conv-42-qa-10,pure_liquid,2.0550719230763765,10.092999997141305,56.060799999613664,68.20887191983135,one shared preloaded model
conv-42-qa-11,pure_liquid,2.0550719230763765,8.292200000141747,56.060799999613664,66.4080719228318,one shared preloaded model
conv-42-qa-12,pure_liquid,2.0550719230763765,6.349800001771655,59.26344999988942,67.66832192473746,one shared preloaded model
conv-42-qa-13,pure_liquid,2.0550719230763765,7.0021000028646085,59.26344999988942,68.32062192583041,one shared preloaded model
conv-42-qa-14,pure_liquid,2.0550719230763765,6.333000001177425,59.26344999988942,67.65152192414322,one shared preloaded model
conv-42-qa-15,pure_liquid,2.0550719230763765,6.801799998356728,59.26344999988942,68.12032192132253,one shared preloaded model
conv-42-qa-16,pure_liquid,2.0550719230763765,6.2629999993077945,54.08045000058337,62.39852192296754,one shared preloaded model
conv-42-qa-17,pure_liquid,2.0550719230763765,7.39160000011907,54.08045000058337,63.527121923778815,one shared preloaded model
conv-42-qa-18,pure_liquid,2.0550719230763765,6.831999999121763,54.08045000058337,62.96752192278151,one shared preloaded model
conv-42-qa-19,pure_liquid,2.0550719230763765,7.209600000351202,54.08045000058337,63.34512192401095,one shared preloaded model
conv-42-qa-20,pure_liquid,2.0550719230763765,5.977299999358365,45.78452500027197,53.81689692270671,one shared preloaded model
conv-42-qa-21,pure_liquid,2.0550719230763765,7.522600000811508,45.78452500027197,55.36219692415985,one shared preloaded model
conv-42-qa-22,pure_liquid,2.0550719230763765,6.66790000104811,45.78452500027197,54.507496924396456,one shared preloaded model
conv-42-qa-23,pure_liquid,2.0550719230763765,6.2902999998186715,45.78452500027197,54.12989692316702,one shared preloaded model
conv-42-qa-24,pure_liquid,2.0550719230763765,9.978199999750359,82.20767500006332,94.24094692289006,one shared preloaded model
conv-42-qa-25,pure_liquid,2.0550719230763765,10.084900000947528,82.20767500006332,94.34764692408723,one shared preloaded model
conv-42-qa-26,pure_liquid,2.0550719230763765,10.055999999167398,82.20767500006332,94.3187469223071,one shared preloaded model
conv-42-qa-27,pure_liquid,2.0550719230763765,10.04810000085854,82.20767500006332,94.31084692399824,one shared preloaded model
conv-42-qa-28,pure_liquid,2.0550719230763765,6.284200000663986,88.04039999995439,96.37967192369476,one shared preloaded model
conv-42-qa-29,pure_liquid,2.0550719230763765,6.600699998671189,88.04039999995439,96.69617192170196,one shared preloaded model
conv-42-qa-30,pure_liquid,2.0550719230763765,5.717600000934908,88.04039999995439,95.81307192396568,one shared preloaded model
conv-42-qa-31,pure_liquid,2.0550719230763765,5.78970000060508,88.04039999995439,95.88517192363585,one shared preloaded model
conv-42-qa-32,pure_liquid,2.0550719230763765,6.539300000440562,99.74440000041795,108.3387719239349,one shared preloaded model
conv-42-qa-33,pure_liquid,2.0550719230763765,6.046099999366561,99.74440000041795,107.8455719228609,one shared preloaded model
conv-42-qa-34,pure_liquid,2.0550719230763765,9.954899996955646,99.74440000041795,111.75437192044998,one shared preloaded model
conv-42-qa-35,pure_liquid,2.0550719230763765,9.572899998602225,99.74440000041795,111.37237192209656,one shared preloaded model
conv-42-qa-36,pure_liquid,2.0550719230763765,6.664599997748155,95.99802499997168,104.71769692079621,one shared preloaded model
conv-42-qa-37,pure_liquid,2.0550719230763765,6.748499999957858,95.99802499997168,104.80159692300592,one shared preloaded model
conv-42-qa-38,pure_liquid,2.0550719230763765,6.799099999625469,95.99802499997168,104.85219692267353,one shared preloaded model
conv-42-qa-39,pure_liquid,2.0550719230763765,6.897900002513779,95.99802499997168,104.95099692556184,one shared preloaded model
conv-42-qa-40,pure_liquid,2.0550719230763765,6.755099999281811,55.95297499985463,64.76314692221283,one shared preloaded model
conv-42-qa-41,pure_liquid,2.0550719230763765,10.334200000215787,55.95297499985463,68.3422469231468,one shared preloaded model
conv-42-qa-42,pure_liquid,2.0550719230763765,10.721099999500439,55.95297499985463,68.72914692243145,one shared preloaded model
conv-42-qa-43,pure_liquid,2.0550719230763765,9.829599999648053,55.95297499985463,67.83764692257907,one shared preloaded model
conv-42-qa-44,pure_liquid,2.0550719230763765,6.143800001154887,92.50249999968219,100.70137192391346,one shared preloaded model
conv-42-qa-45,pure_liquid,2.0550719230763765,7.4564999995345715,92.50249999968219,102.01407192229314,one shared preloaded model
conv-42-qa-46,pure_liquid,2.0550719230763765,6.501600000774488,92.50249999968219,101.05917192353306,one shared preloaded model
conv-42-qa-47,pure_liquid,2.0550719230763765,6.533899999340065,92.50249999968219,101.09147192209863,one shared preloaded model
conv-42-qa-48,pure_liquid,2.0550719230763765,6.510600000183331,92.09942500001489,100.6650969232746,one shared preloaded model
conv-42-qa-49,pure_liquid,2.0550719230763765,6.382299998222152,92.09942500001489,100.53679692131342,one shared preloaded model
conv-42-qa-50,pure_liquid,2.0550719230763765,7.392499999696156,92.09942500001489,101.54699692278743,one shared preloaded model
conv-42-qa-51,pure_liquid,2.0550719230763765,6.665999997494509,92.09942500001489,100.82049692058578,one shared preloaded model
conv-42-qa-52,pure_liquid,2.0550719230763765,6.46000000051572,55.38515000080224,63.90022192439434,one shared preloaded model
conv-42-qa-53,pure_liquid,2.0550719230763765,6.714899998769397,55.38515000080224,64.15512192264802,one shared preloaded model
conv-42-qa-54,pure_liquid,2.0550719230763765,7.054199999402044,55.38515000080224,64.49442192328067,one shared preloaded model
conv-42-qa-55,pure_liquid,2.0550719230763765,6.616099999519065,55.38515000080224,64.05632192339769,one shared preloaded model
conv-42-qa-56,pure_liquid,2.0550719230763765,5.83090000145603,95.70534999966185,103.59132192419426,one shared preloaded model
conv-42-qa-57,pure_liquid,2.0550719230763765,10.327700001653284,95.70534999966185,108.08812192439152,one shared preloaded model
conv-42-qa-58,pure_liquid,2.0550719230763765,10.226700000202982,95.70534999966185,107.98712192294121,one shared preloaded model
conv-42-qa-59,pure_liquid,2.0550719230763765,10.407699999632314,95.70534999966185,108.16812192237055,one shared preloaded model
conv-42-qa-60,pure_liquid,2.0550719230763765,6.8811999990430195,51.00175000006857,59.938021922187964,one shared preloaded model
conv-42-qa-61,pure_liquid,2.0550719230763765,10.566999997536186,51.00175000006857,63.62382192068113,one shared preloaded model
conv-42-qa-62,pure_liquid,2.0550719230763765,10.673000000679167,51.00175000006857,63.72982192382411,one shared preloaded model
conv-42-qa-63,pure_liquid,2.0550719230763765,10.43539999955101,51.00175000006857,63.492221922695954,one shared preloaded model
conv-42-qa-64,pure_liquid,2.0550719230763765,5.906200000026729,111.46292499961419,119.4241969227173,one shared preloaded model
conv-42-qa-65,pure_liquid,2.0550719230763765,7.017100000666687,111.46292499961419,120.53509692335726,one shared preloaded model
conv-42-qa-66,pure_liquid,2.0550719230763765,6.52529999933904,111.46292499961419,120.04329692202961,one shared preloaded model
conv-42-qa-67,pure_liquid,2.0550719230763765,5.671599999914179,111.46292499961419,119.18959692260475,one shared preloaded model
conv-42-qa-68,pure_liquid,2.0550719230763765,6.565700001374353,48.385075000624056,57.005846925074785,one shared preloaded model
conv-42-qa-69,pure_liquid,2.0550719230763765,10.093500000948552,48.385075000624056,60.533646924648984,one shared preloaded model
conv-42-qa-70,pure_liquid,2.0550719230763765,7.980999998835614,48.385075000624056,58.421146922536046,one shared preloaded model
conv-42-qa-71,pure_liquid,2.0550719230763765,6.210399998963112,48.385075000624056,56.650546922663544,one shared preloaded model
conv-42-qa-72,pure_liquid,2.0550719230763765,9.871700000076089,113.37272499986284,125.29949692301531,one shared preloaded model
conv-42-qa-73,pure_liquid,2.0550719230763765,8.713899998838315,113.37272499986284,124.14169692177754,one shared preloaded model
conv-42-qa-74,pure_liquid,2.0550719230763765,10.295699998096097,113.37272499986284,125.72349692103532,one shared preloaded model
conv-42-qa-75,pure_liquid,2.0550719230763765,10.044999999081483,113.37272499986284,125.4727969220207,one shared preloaded model
conv-42-qa-76,pure_liquid,2.0550719230763765,6.635000001551816,66.88907500029018,75.57914692491838,one shared preloaded model
conv-42-qa-77,pure_liquid,2.0550719230763765,7.250800001202151,66.88907500029018,76.19494692456871,one shared preloaded model
conv-42-qa-78,pure_liquid,2.0550719230763765,10.79359999857843,66.88907500029018,79.73774692194499,one shared preloaded model
conv-42-qa-79,pure_liquid,2.0550719230763765,10.465499999554595,66.88907500029018,79.40964692292116,one shared preloaded model
conv-42-qa-80,pure_liquid,2.0550719230763765,5.974899999273475,90.51002500018512,98.53999692253498,one shared preloaded model
conv-42-qa-81,pure_liquid,2.0550719230763765,7.198399998742389,90.51002500018512,99.7634969220039,one shared preloaded model
conv-42-qa-82,pure_liquid,2.0550719230763765,6.496400001196889,90.51002500018512,99.0614969244584,one shared preloaded model
conv-42-qa-83,pure_liquid,2.0550719230763765,7.760899999993853,90.51002500018512,100.32599692325536,one shared preloaded model
conv-42-qa-84,pure_liquid,2.0550719230763765,8.720599998923717,61.56012500014185,72.33579692214195,one shared preloaded model
conv-42-qa-85,pure_liquid,2.0550719230763765,10.908899999776622,61.56012500014185,74.52409692299486,one shared preloaded model
conv-42-qa-86,pure_liquid,2.0550719230763765,10.310500001651235,61.56012500014185,73.92569692486947,one shared preloaded model
conv-42-qa-87,pure_liquid,2.0550719230763765,10.274500000377884,61.56012500014185,73.88969692359612,one shared preloaded model
conv-42-qa-88,pure_liquid,2.0550719230763765,8.402300001762342,173.1823499994789,183.63972192431763,one shared preloaded model
conv-42-qa-89,pure_liquid,2.0550719230763765,6.748299998434959,173.1823499994789,181.98572192099024,one shared preloaded model
conv-42-qa-90,pure_liquid,2.0550719230763765,7.3015000016312115,173.1823499994789,182.5389219241865,one shared preloaded model
conv-42-qa-91,pure_liquid,2.0550719230763765,9.235700003046077,173.1823499994789,184.47312192560136,one shared preloaded model
conv-42-qa-92,pure_liquid,2.0550719230763765,6.314199999906123,95.79444999963016,104.16372192261267,one shared preloaded model
conv-42-qa-93,pure_liquid,2.0550719230763765,7.787899998220382,95.79444999963016,105.63742192092693,one shared preloaded model
conv-42-qa-94,pure_liquid,2.0550719230763765,10.622700003295904,95.79444999963016,108.47222192600245,one shared preloaded model
conv-42-qa-95,pure_liquid,2.0550719230763765,10.364400000980822,95.79444999963016,108.21392192368737,one shared preloaded model
conv-42-qa-96,pure_liquid,2.0550719230763765,14.094899997871835,125.7021250003163,141.85209692126452,one shared preloaded model
conv-42-qa-97,pure_liquid,2.0550719230763765,11.234199999307748,125.7021250003163,138.99139692270043,one shared preloaded model
conv-42-qa-98,pure_liquid,2.0550719230763765,7.335700000112411,125.7021250003163,135.0928969235051,one shared preloaded model
conv-42-qa-99,pure_liquid,2.0550719230763765,10.340500000893371,125.7021250003163,138.09769692428605,one shared preloaded model
conv-42-qa-100,pure_liquid,2.0550719230763765,6.262500002776505,141.77912500053935,150.09669692639224,one shared preloaded model
conv-42-qa-101,pure_liquid,2.0550719230763765,8.711300000868505,141.77912500053935,152.54549692448424,one shared preloaded model
conv-42-qa-102,pure_liquid,2.0550719230763765,9.921700002450962,141.77912500053935,153.7558969260667,one shared preloaded model
conv-42-qa-103,pure_liquid,2.0550719230763765,10.335599999962142,141.77912500053935,154.16979692357788,one shared preloaded model
conv-42-qa-104,pure_liquid,2.0550719230763765,7.305499999347376,68.45185000020138,77.81242192262513,one shared preloaded model
conv-42-qa-105,pure_liquid,2.0550719230763765,10.707400000683265,68.45185000020138,81.21432192396102,one shared preloaded model
conv-42-qa-106,pure_liquid,2.0550719230763765,10.589499997877283,68.45185000020138,81.09642192115504,one shared preloaded model
conv-42-qa-107,pure_liquid,2.0550719230763765,9.858900000836002,68.45185000020138,80.36582192411376,one shared preloaded model
conv-42-qa-108,pure_liquid,2.0550719230763765,6.394899999577319,92.36665000025823,100.81662192291193,one shared preloaded model
conv-42-qa-109,pure_liquid,2.0550719230763765,6.588600001123268,92.36665000025823,101.01032192445788,one shared preloaded model
conv-42-qa-110,pure_liquid,2.0550719230763765,7.367700000031618,92.36665000025823,101.78942192336623,one shared preloaded model
conv-42-qa-111,pure_liquid,2.0550719230763765,7.074999997712439,92.36665000025823,101.49672192104705,one shared preloaded model
conv-42-qa-112,pure_liquid,2.0550719230763765,6.328800001938362,55.08964999989985,63.473521924914586,one shared preloaded model
conv-42-qa-113,pure_liquid,2.0550719230763765,10.235500001726905,55.08964999989985,67.38022192470314,one shared preloaded model
conv-42-qa-114,pure_liquid,2.0550719230763765,6.9614999993063975,55.08964999989985,64.10622192228263,one shared preloaded model
conv-42-qa-115,pure_liquid,2.0550719230763765,6.2350999978662,55.08964999989985,63.379821920842424,one shared preloaded model
conv-42-qa-116,pure_liquid,2.0550719230763765,5.950200000370387,64.72110000049724,72.72637192394401,one shared preloaded model
conv-42-qa-117,pure_liquid,2.0550719230763765,5.790399998659268,64.72110000049724,72.5665719222329,one shared preloaded model
conv-42-qa-118,pure_liquid,2.0550719230763765,5.8563000020512845,64.72110000049724,72.63247192562491,one shared preloaded model
conv-42-qa-119,pure_liquid,2.0550719230763765,11.017299999366514,64.72110000049724,77.79347192294014,one shared preloaded model
conv-42-qa-120,pure_liquid,2.0550719230763765,6.741100001818268,29.18912499990256,37.985296924797204,one shared preloaded model
conv-42-qa-121,pure_liquid,2.0550719230763765,6.376000001182547,29.18912499990256,37.62019692416148,one shared preloaded model
conv-42-qa-122,pure_liquid,2.0550719230763765,7.7851000023656525,29.18912499990256,39.02929692534459,one shared preloaded model
conv-42-qa-123,pure_liquid,2.0550719230763765,7.610800003021723,29.18912499990256,38.85499692600066,one shared preloaded model
conv-42-qa-124,pure_liquid,2.0550719230763765,10.093500000948552,79.51984999999695,91.66842192402189,one shared preloaded model
conv-42-qa-125,pure_liquid,2.0550719230763765,9.170900000754045,79.51984999999695,90.74582192382738,one shared preloaded model
conv-42-qa-126,pure_liquid,2.0550719230763765,10.400700000900542,79.51984999999695,91.97562192397388,one shared preloaded model
conv-42-qa-127,pure_liquid,2.0550719230763765,10.348499999963678,79.51984999999695,91.92342192303701,one shared preloaded model
conv-42-qa-128,pure_liquid,2.0550719230763765,7.04819999737083,54.21849999947881,63.321771919926015,one shared preloaded model
conv-42-qa-129,pure_liquid,2.0550719230763765,6.470299998909468,54.21849999947881,62.74387192146465,one shared preloaded model
conv-42-qa-130,pure_liquid,2.0550719230763765,6.769499999791151,54.21849999947881,63.043071922346336,one shared preloaded model
conv-42-qa-131,pure_liquid,2.0550719230763765,6.406199998309603,54.21849999947881,62.67977192086479,one shared preloaded model
conv-42-qa-132,pure_liquid,2.0550719230763765,12.274400000023888,63.03124999976717,77.36072192286744,one shared preloaded model
conv-42-qa-133,pure_liquid,2.0550719230763765,11.507800001709256,63.03124999976717,76.59412192455281,one shared preloaded model
conv-42-qa-134,pure_liquid,2.0550719230763765,10.466200001246762,63.03124999976717,75.55252192409031,one shared preloaded model
conv-42-qa-135,pure_liquid,2.0550719230763765,10.225399997580098,63.03124999976717,75.31172192042365,one shared preloaded model
conv-42-qa-136,pure_liquid,2.0550719230763765,7.186200000433018,55.99519999941549,65.23647192292489,one shared preloaded model
conv-42-qa-137,pure_liquid,2.0550719230763765,10.581200000160607,55.99519999941549,68.63147192265248,one shared preloaded model
conv-42-qa-138,pure_liquid,2.0550719230763765,10.475400002178503,55.99519999941549,68.52567192467038,one shared preloaded model
conv-42-qa-139,pure_liquid,2.0550719230763765,6.703799997922033,55.99519999941549,64.7540719204139,one shared preloaded model
conv-42-qa-140,pure_liquid,2.0550719230763765,6.391500002791872,78.34605000061856,86.79262192648682,one shared preloaded model
conv-42-qa-141,pure_liquid,2.0550719230763765,8.977600002253894,78.34605000061856,89.37872192594884,one shared preloaded model
conv-42-qa-142,pure_liquid,2.0550719230763765,10.155299998586997,78.34605000061856,90.55642192228194,one shared preloaded model
conv-42-qa-143,pure_liquid,2.0550719230763765,11.047800002415897,78.34605000061856,91.44892192611084,one shared preloaded model
conv-42-qa-144,pure_liquid,2.0550719230763765,6.826299999374896,81.36212499994144,90.24349692239272,one shared preloaded model
conv-42-qa-145,pure_liquid,2.0550719230763765,10.466200001246762,81.36212499994144,93.88339692426459,one shared preloaded model
conv-42-qa-146,pure_liquid,2.0550719230763765,7.629100000485778,81.36212499994144,91.0462969235036,one shared preloaded model
conv-42-qa-147,pure_liquid,2.0550719230763765,6.588400003238348,81.36212499994144,90.00559692625617,one shared preloaded model
conv-42-qa-148,pure_liquid,2.0550719230763765,6.711399997584522,62.69890000021405,71.46537192087496,one shared preloaded model
conv-42-qa-149,pure_liquid,2.0550719230763765,10.429900001327042,62.69890000021405,75.18387192461748,one shared preloaded model
conv-42-qa-150,pure_liquid,2.0550719230763765,10.236099999019643,62.69890000021405,74.99007192231008,one shared preloaded model
conv-42-qa-151,pure_liquid,2.0550719230763765,9.772699999302858,62.69890000021405,74.5266719225933,one shared preloaded model
conv-42-qa-152,pure_liquid,2.0550719230763765,10.018100001616403,75.5276749996483,87.60084692434108,one shared preloaded model
conv-42-qa-153,pure_liquid,2.0550719230763765,10.436600001412444,75.5276749996483,88.01934692413712,one shared preloaded model
conv-42-qa-154,pure_liquid,2.0550719230763765,10.493999998288928,75.5276749996483,88.07674692101361,one shared preloaded model
conv-42-qa-155,pure_liquid,2.0550719230763765,7.080299998051487,75.5276749996483,84.66304692077617,one shared preloaded model
conv-42-qa-156,pure_liquid,2.0550719230763765,6.788700000470271,63.1111749999036,71.95494692345025,one shared preloaded model
conv-42-qa-157,pure_liquid,2.0550719230763765,8.029500000702683,63.1111749999036,73.19574692368266,one shared preloaded model
conv-42-qa-158,pure_liquid,2.0550719230763765,10.795900001539849,63.1111749999036,75.96214692451983,one shared preloaded model
conv-42-qa-159,pure_liquid,2.0550719230763765,7.412399998429464,63.1111749999036,72.57864692140944,one shared preloaded model
conv-42-qa-160,pure_liquid,2.0550719230763765,6.890100001328392,65.42027500017866,74.36544692458344,one shared preloaded model
conv-42-qa-161,pure_liquid,2.0550719230763765,10.293800001818454,65.42027500017866,77.7691469250735,one shared preloaded model
conv-42-qa-162,pure_liquid,2.0550719230763765,11.029599998437334,65.42027500017866,78.50494692169238,one shared preloaded model
conv-42-qa-163,pure_liquid,2.0550719230763765,6.796800000302028,65.42027500017866,74.27214692355707,one shared preloaded model
conv-42-qa-164,pure_liquid,2.0550719230763765,8.193400000891415,81.78440000028786,92.03287192425566,one shared preloaded model
conv-42-qa-165,pure_liquid,2.0550719230763765,12.06100000126753,81.78440000028786,95.90047192463177,one shared preloaded model
conv-42-qa-166,pure_liquid,2.0550719230763765,10.876299998926697,81.78440000028786,94.71577192229094,one shared preloaded model
conv-42-qa-167,pure_liquid,2.0550719230763765,10.07969999773195,81.78440000028786,93.9191719210962,one shared preloaded model
conv-42-qa-168,pure_liquid,2.0550719230763765,6.701700000121491,84.73795000008977,93.49472192328764,one shared preloaded model
conv-42-qa-169,pure_liquid,2.0550719230763765,6.528599999001017,84.73795000008977,93.32162192216717,one shared preloaded model
conv-42-qa-170,pure_liquid,2.0550719230763765,6.430099998397054,84.73795000008977,93.2231219215632,one shared preloaded model
conv-42-qa-171,pure_liquid,2.0550719230763765,7.09869999991497,84.73795000008977,93.89172192308112,one shared preloaded model
conv-42-qa-172,pure_liquid,2.0550719230763765,7.6808999983768445,92.72539999983564,102.46137192128887,one shared preloaded model
conv-42-qa-173,pure_liquid,2.0550719230763765,9.325700000772486,92.72539999983564,104.10617192368451,one shared preloaded model
conv-42-qa-174,pure_liquid,2.0550719230763765,10.191800000029616,92.72539999983564,104.97227192294164,one shared preloaded model
conv-42-qa-175,pure_liquid,2.0550719230763765,10.161199999856763,92.72539999983564,104.94167192276879,one shared preloaded model
conv-42-qa-176,pure_liquid,2.0550719230763765,7.170199998654425,40.76154999984283,49.98682192157363,one shared preloaded model
conv-42-qa-177,pure_liquid,2.0550719230763765,10.663999997632345,40.76154999984283,53.48062192055155,one shared preloaded model
conv-42-qa-178,pure_liquid,2.0550719230763765,10.156100001040613,40.76154999984283,52.97272192395982,one shared preloaded model
conv-42-qa-179,pure_liquid,2.0550719230763765,9.05860000057146,40.76154999984283,51.87522192349066,one shared preloaded model
conv-42-qa-180,pure_liquid,2.0550719230763765,10.115400000358932,53.598649999912595,65.76912192334791,one shared preloaded model
conv-42-qa-181,pure_liquid,2.0550719230763765,10.733700000855606,53.598649999912595,66.38742192384458,one shared preloaded model
conv-42-qa-182,pure_liquid,2.0550719230763765,11.372600001777755,53.598649999912595,67.02632192476673,one shared preloaded model
conv-42-qa-183,pure_liquid,2.0550719230763765,7.24389999959385,53.598649999912595,62.89762192258282,one shared preloaded model
conv-42-qa-184,pure_liquid,2.0550719230763765,6.856500000139931,71.01740000052814,79.92897192374446,one shared preloaded model
conv-42-qa-185,pure_liquid,2.0550719230763765,8.846500000800006,71.01740000052814,81.91897192440453,one shared preloaded model
conv-42-qa-186,pure_liquid,2.0550719230763765,10.364699999627192,71.01740000052814,83.43717192323172,one shared preloaded model
conv-42-qa-187,pure_liquid,2.0550719230763765,10.375199999543838,71.01740000052814,83.44767192314836,one shared preloaded model
conv-42-qa-188,pure_liquid,2.0550719230763765,6.347800001094583,96.86162500020146,105.26449692437242,one shared preloaded model
conv-42-qa-189,pure_liquid,2.0550719230763765,6.427500000427244,96.86162500020146,105.34419692370508,one shared preloaded model
conv-42-qa-190,pure_liquid,2.0550719230763765,9.443899998586858,96.86162500020146,108.3605969218647,one shared preloaded model
conv-42-qa-191,pure_liquid,2.0550719230763765,9.717500000988366,96.86162500020146,108.6341969242662,one shared preloaded model
conv-42-qa-192,pure_liquid,2.0550719230763765,6.453300000430318,56.48705000021437,64.99542192372107,one shared preloaded model
conv-42-qa-193,pure_liquid,2.0550719230763765,10.981499999616062,56.48705000021437,69.52362192290681,one shared preloaded model
conv-42-qa-194,pure_liquid,2.0550719230763765,9.993900002882583,56.48705000021437,68.53602192617333,one shared preloaded model
conv-42-qa-195,pure_liquid,2.0550719230763765,10.306299998774193,56.48705000021437,68.84842192206494,one shared preloaded model
conv-42-qa-196,pure_liquid,2.0550719230763765,6.293700000242097,77.04104999993433,85.38982192325281,one shared preloaded model
conv-42-qa-197,pure_liquid,2.0550719230763765,7.002400001510978,77.04104999993433,86.09852192452169,one shared preloaded model
conv-42-qa-198,pure_liquid,2.0550719230763765,10.705299999244744,77.04104999993433,89.80142192225546,one shared preloaded model
conv-42-qa-199,pure_liquid,2.0550719230763765,10.448799999721814,77.04104999993433,89.54492192273253,one shared preloaded model
conv-42-qa-200,pure_liquid,2.0550719230763765,6.361800002196105,141.4374250007313,149.8542969260038,one shared preloaded model
conv-42-qa-201,pure_liquid,2.0550719230763765,6.969300000491785,141.4374250007313,150.46179692429948,one shared preloaded model
conv-42-qa-202,pure_liquid,2.0550719230763765,7.360599996900419,141.4374250007313,150.8530969207081,one shared preloaded model
conv-42-qa-203,pure_liquid,2.0550719230763765,6.518999998661457,141.4374250007313,150.01149692246915,one shared preloaded model
conv-42-qa-204,pure_liquid,2.0550719230763765,6.0358999980962835,64.67235000036453,72.7633219215372,one shared preloaded model
conv-42-qa-205,pure_liquid,2.0550719230763765,9.792900000320515,64.67235000036453,76.52032192376143,one shared preloaded model
conv-42-qa-206,pure_liquid,2.0550719230763765,9.989700000005541,64.67235000036453,76.71712192344646,one shared preloaded model
conv-42-qa-207,pure_liquid,2.0550719230763765,10.243500000797212,64.67235000036453,76.97092192423813,one shared preloaded model
conv-42-qa-208,pure_liquid,2.0550719230763765,5.70289999814122,58.36857499980397,66.12654692102157,one shared preloaded model
conv-42-qa-209,pure_liquid,2.0550719230763765,5.7397000018681865,58.36857499980397,66.16334692474854,one shared preloaded model
conv-42-qa-210,pure_liquid,2.0550719230763765,9.54720000299858,58.36857499980397,69.97084692587893,one shared preloaded model
conv-42-qa-211,pure_liquid,2.0550719230763765,9.979800001019612,58.36857499980397,70.40344692389996,one shared preloaded model
conv-42-qa-212,pure_liquid,2.0550719230763765,6.001300000207266,73.73284999994212,81.78922192322577,one shared preloaded model
conv-42-qa-213,pure_liquid,2.0550719230763765,6.402600000001257,73.73284999994212,82.19052192301976,one shared preloaded model
conv-42-qa-214,pure_liquid,2.0550719230763765,6.515400000353111,73.73284999994212,82.30332192337161,one shared preloaded model
conv-42-qa-215,pure_liquid,2.0550719230763765,6.867899999633664,73.73284999994212,82.65582192265217,one shared preloaded model
conv-42-qa-216,pure_liquid,2.0550719230763765,7.029399999737507,48.81664999993518,57.90112192274906,one shared preloaded model
conv-42-qa-217,pure_liquid,2.0550719230763765,11.440199999924516,48.81664999993518,62.31192192293607,one shared preloaded model
conv-42-qa-218,pure_liquid,2.0550719230763765,9.95859999966342,48.81664999993518,60.830321922674976,one shared preloaded model
conv-42-qa-219,pure_liquid,2.0550719230763765,9.867600001598476,48.81664999993518,60.73932192461003,one shared preloaded model
conv-42-qa-220,pure_liquid,2.0550719230763765,8.118199999444187,63.186850000420236,73.3601219229408,one shared preloaded model
conv-42-qa-221,pure_liquid,2.0550719230763765,10.35290000072564,63.186850000420236,75.59482192422226,one shared preloaded model
conv-42-qa-222,pure_liquid,2.0550719230763765,10.901899997406872,63.186850000420236,76.14382192090349,one shared preloaded model
conv-42-qa-223,pure_liquid,2.0550719230763765,10.134399999515153,63.186850000420236,75.37632192301177,one shared preloaded model
conv-42-qa-224,pure_liquid,2.0550719230763765,6.04380000004312,71.70727499942586,79.80614692254537,one shared preloaded model
conv-42-qa-225,pure_liquid,2.0550719230763765,9.876600001007318,71.70727499942586,83.63894692350956,one shared preloaded model
conv-42-qa-226,pure_liquid,2.0550719230763765,10.382300002675038,71.70727499942586,84.14464692517728,one shared preloaded model
conv-42-qa-227,pure_liquid,2.0550719230763765,10.15430000188644,71.70727499942586,83.91664692438869,one shared preloaded model
conv-42-qa-228,pure_liquid,2.0550719230763765,6.87370000014198,55.88094999984605,64.80972192306442,one shared preloaded model
conv-42-qa-229,pure_liquid,2.0550719230763765,11.203499998373445,55.88094999984605,69.13952192129588,one shared preloaded model
conv-42-qa-230,pure_liquid,2.0550719230763765,9.11900000210153,55.88094999984605,67.05502192502396,one shared preloaded model
conv-42-qa-231,pure_liquid,2.0550719230763765,7.1026999976311345,55.88094999984605,65.03872192055357,one shared preloaded model
conv-42-qa-232,pure_liquid,2.0550719230763765,6.3232000029529445,65.94910000058007,74.3273719266094,one shared preloaded model
conv-42-qa-233,pure_liquid,2.0550719230763765,7.1959999986574985,65.94910000058007,75.20017192231396,one shared preloaded model
conv-42-qa-234,pure_liquid,2.0550719230763765,6.944500000827247,65.94910000058007,74.9486719244837,one shared preloaded model
conv-42-qa-235,pure_liquid,2.0550719230763765,6.908100000146078,65.94910000058007,74.91227192380254,one shared preloaded model
conv-42-qa-236,pure_liquid,2.0550719230763765,6.381400002283044,45.22129999986646,53.65777192522588,one shared preloaded model
conv-42-qa-237,pure_liquid,2.0550719230763765,5.709799999749521,45.22129999986646,52.98617192269236,one shared preloaded model
conv-42-qa-238,pure_liquid,2.0550719230763765,6.762199998775031,45.22129999986646,54.03857192171787,one shared preloaded model
conv-42-qa-239,pure_liquid,2.0550719230763765,6.847900000138907,45.22129999986646,54.12427192308174,one shared preloaded model
conv-42-qa-240,pure_liquid,2.0550719230763765,10.118700000020908,81.18832499985729,93.36209692295458,one shared preloaded model
conv-42-qa-241,pure_liquid,2.0550719230763765,10.306500000297092,81.18832499985729,93.54989692323076,one shared preloaded model
conv-42-qa-242,pure_liquid,2.0550719230763765,9.76989999981015,81.18832499985729,93.01329692274382,one shared preloaded model
conv-42-qa-243,pure_liquid,2.0550719230763765,10.037299998657545,81.18832499985729,93.28069692159121,one shared preloaded model
conv-42-qa-244,pure_liquid,2.0550719230763765,6.9304999997257255,51.98992500027089,60.97549692307299,one shared preloaded model
conv-42-qa-245,pure_liquid,2.0550719230763765,10.627399999066256,51.98992500027089,64.67239692241353,one shared preloaded model
conv-42-qa-246,pure_liquid,2.0550719230763765,9.981799998058705,51.98992500027089,64.02679692140597,one shared preloaded model
conv-42-qa-247,pure_liquid,2.0550719230763765,9.96089999898686,51.98992500027089,64.00589692233413,one shared preloaded model
conv-42-qa-248,pure_liquid,2.0550719230763765,7.142599999497179,54.869849999704456,64.06752192227802,one shared preloaded model
conv-42-qa-249,pure_liquid,2.0550719230763765,7.401800001389347,54.869849999704456,64.32672192417019,one shared preloaded model
conv-42-qa-250,pure_liquid,2.0550719230763765,9.725399999297224,54.869849999704456,66.65032192207806,one shared preloaded model
conv-42-qa-251,pure_liquid,2.0550719230763765,10.828499998751795,54.869849999704456,67.75342192153263,one shared preloaded model
conv-42-qa-252,pure_liquid,2.0550719230763765,6.550600002810825,66.37557499925606,74.98124692514327,one shared preloaded model
conv-42-qa-253,pure_liquid,2.0550719230763765,6.5044000002671964,66.37557499925606,74.93504692259964,one shared preloaded model
conv-42-qa-254,pure_liquid,2.0550719230763765,6.139599998277845,66.37557499925606,74.57024692061029,one shared preloaded model
conv-42-qa-255,pure_liquid,2.0550719230763765,5.327900002157548,66.37557499925606,73.75854692448999,one shared preloaded model
conv-42-qa-256,pure_liquid,2.0550719230763765,6.304499998805113,60.31502499990893,68.67459692179042,one shared preloaded model
conv-42-qa-257,pure_liquid,2.0550719230763765,10.070100001030369,60.31502499990893,72.44019692401568,one shared preloaded model
conv-42-qa-258,pure_liquid,2.0550719230763765,10.40379999903962,60.31502499990893,72.77389692202493,one shared preloaded model
conv-42-qa-259,pure_liquid,2.0550719230763765,9.968800000933697,60.31502499990893,72.33889692391901,one shared preloaded model
conv-43-qa-0,pure_liquid,2.5438987603375,10.56600000083563,78.5388750000493,91.64877376122243,one shared preloaded model
conv-43-qa-1,pure_liquid,2.5438987603375,11.138999998365762,78.5388750000493,92.22177375875256,one shared preloaded model
conv-43-qa-2,pure_liquid,2.5438987603375,10.250200000882614,78.5388750000493,91.33297376126941,one shared preloaded model
conv-43-qa-3,pure_liquid,2.5438987603375,10.53219999812427,78.5388750000493,91.61497375851107,one shared preloaded model
conv-43-qa-4,pure_liquid,2.5438987603375,6.347900001856033,56.515774999752466,65.407573761946,one shared preloaded model
conv-43-qa-5,pure_liquid,2.5438987603375,10.633100002451101,56.515774999752466,69.69277376254107,one shared preloaded model
conv-43-qa-6,pure_liquid,2.5438987603375,10.517099999560742,56.515774999752466,69.5767737596507,one shared preloaded model
conv-43-qa-7,pure_liquid,2.5438987603375,10.587100001430372,56.515774999752466,69.64677376152034,one shared preloaded model
conv-43-qa-8,pure_liquid,2.5438987603375,5.989299999782816,94.04629999971803,102.57949875983834,one shared preloaded model
conv-43-qa-9,pure_liquid,2.5438987603375,10.432099999889033,94.04629999971803,107.02229875994456,one shared preloaded model
conv-43-qa-10,pure_liquid,2.5438987603375,10.288599998602876,94.04629999971803,106.8787987586584,one shared preloaded model
conv-43-qa-11,pure_liquid,2.5438987603375,9.896299998217728,94.04629999971803,106.48649875827326,one shared preloaded model
conv-43-qa-12,pure_liquid,2.5438987603375,6.457700001192279,59.758024999609916,68.7596237611397,one shared preloaded model
conv-43-qa-13,pure_liquid,2.5438987603375,6.547900000441587,59.758024999609916,68.849823760389,one shared preloaded model
conv-43-qa-14,pure_liquid,2.5438987603375,6.636999998590909,59.758024999609916,68.93892375853832,one shared preloaded model
conv-43-qa-15,pure_liquid,2.5438987603375,7.124399999156594,59.758024999609916,69.42632375910401,one shared preloaded model
conv-43-qa-16,pure_liquid,2.5438987603375,6.470899999840185,155.9152499994525,164.93004875963018,one shared preloaded model
conv-43-qa-17,pure_liquid,2.5438987603375,9.7237000009045,155.9152499994525,168.1828487606945,one shared preloaded model
conv-43-qa-18,pure_liquid,2.5438987603375,10.00239999848418,155.9152499994525,168.46154875827418,one shared preloaded model
conv-43-qa-19,pure_liquid,2.5438987603375,10.600699999486096,155.9152499994525,169.0598487592761,one shared preloaded model
conv-43-qa-20,pure_liquid,2.5438987603375,6.1916999984532595,78.69882500017411,87.43442375896487,one shared preloaded model
conv-43-qa-21,pure_liquid,2.5438987603375,10.789699997985736,78.69882500017411,92.03242375849734,one shared preloaded model
conv-43-qa-22,pure_liquid,2.5438987603375,10.04090000060387,78.69882500017411,91.28362376111548,one shared preloaded model
conv-43-qa-23,pure_liquid,2.5438987603375,10.033200000179932,78.69882500017411,91.27592376069154,one shared preloaded model
conv-43-qa-24,pure_liquid,2.5438987603375,6.263400002353592,63.032449999809614,71.8397487625007,one shared preloaded model
conv-43-qa-25,pure_liquid,2.5438987603375,6.240300001081778,63.032449999809614,71.81664876122889,one shared preloaded model
conv-43-qa-26,pure_liquid,2.5438987603375,6.847900000138907,63.032449999809614,72.42424876028602,one shared preloaded model
conv-43-qa-27,pure_liquid,2.5438987603375,10.477200001332676,63.032449999809614,76.05354876147979,one shared preloaded model
conv-43-qa-28,pure_liquid,2.5438987603375,7.220499999675667,146.7996999999741,156.56409875998727,one shared preloaded model
conv-43-qa-29,pure_liquid,2.5438987603375,10.395000001153676,146.7996999999741,159.73859876146528,one shared preloaded model
conv-43-qa-30,pure_liquid,2.5438987603375,11.045500003092457,146.7996999999741,160.38909876340406,one shared preloaded model
conv-43-qa-31,pure_liquid,2.5438987603375,8.924199999455595,146.7996999999741,158.2677987597672,one shared preloaded model
conv-43-qa-32,pure_liquid,2.5438987603375,6.529800000862451,99.2534249999153,108.32712376111525,one shared preloaded model
conv-43-qa-33,pure_liquid,2.5438987603375,10.468599997693673,99.2534249999153,112.26592375794647,one shared preloaded model
conv-43-qa-34,pure_liquid,2.5438987603375,9.68289999946137,99.2534249999153,111.48022375971416,one shared preloaded model
conv-43-qa-35,pure_liquid,2.5438987603375,9.384799999679672,99.2534249999153,111.18212375993247,one shared preloaded model
conv-43-qa-36,pure_liquid,2.5438987603375,6.849199999123812,53.52867500005232,62.92177375951363,one shared preloaded model
conv-43-qa-37,pure_liquid,2.5438987603375,10.913099999015685,53.52867500005232,66.9856737594055,one shared preloaded model
conv-43-qa-38,pure_liquid,2.5438987603375,10.367200000473531,53.52867500005232,66.43977376086335,one shared preloaded model
conv-43-qa-39,pure_liquid,2.5438987603375,9.982299998227973,53.52867500005232,66.05487375861779,one shared preloaded model
conv-43-qa-40,pure_liquid,2.5438987603375,6.261099999392172,44.316174999949,53.12117375967867,one shared preloaded model
conv-43-qa-41,pure_liquid,2.5438987603375,7.125699998141499,44.316174999949,53.985773758427996,one shared preloaded model
conv-43-qa-42,pure_liquid,2.5438987603375,6.816599998273887,44.316174999949,53.67667375856038,one shared preloaded model
conv-43-qa-43,pure_liquid,2.5438987603375,7.532600000558887,44.316174999949,54.39267376084538,one shared preloaded model
conv-43-qa-44,pure_liquid,2.5438987603375,9.137400000327034,57.43315000017901,69.11444876084354,one shared preloaded model
conv-43-qa-45,pure_liquid,2.5438987603375,10.036399999080459,57.43315000017901,70.01344875959697,one shared preloaded model
conv-43-qa-46,pure_liquid,2.5438987603375,6.749199998012045,57.43315000017901,66.72624875852856,one shared preloaded model
conv-43-qa-47,pure_liquid,2.5438987603375,6.746800001565134,57.43315000017901,66.72384876208164,one shared preloaded model
conv-43-qa-48,pure_liquid,2.5438987603375,5.8686999982455745,61.75342500046099,70.16602375904407,one shared preloaded model
conv-43-qa-49,pure_liquid,2.5438987603375,5.794700002297759,61.75342500046099,70.09202376309625,one shared preloaded model
conv-43-qa-50,pure_liquid,2.5438987603375,5.866899999091402,61.75342500046099,70.1642237598899,one shared preloaded model
conv-43-qa-51,pure_liquid,2.5438987603375,6.849999997939449,61.75342500046099,71.14732375873794,one shared preloaded model
conv-43-qa-52,pure_liquid,2.5438987603375,9.574899999279296,60.17405000056897,72.29284876018576,one shared preloaded model
conv-43-qa-53,pure_liquid,2.5438987603375,11.528900002303999,60.17405000056897,74.24684876321047,one shared preloaded model
conv-43-qa-54,pure_liquid,2.5438987603375,10.45440000234521,60.17405000056897,73.17234876325168,one shared preloaded model
conv-43-qa-55,pure_liquid,2.5438987603375,10.586099997453857,60.17405000056897,73.30404875836032,one shared preloaded model
conv-43-qa-56,pure_liquid,2.5438987603375,6.253399998968234,97.48289999970439,106.28019875901012,one shared preloaded model
conv-43-qa-57,pure_liquid,2.5438987603375,9.312800000770949,97.48289999970439,109.33959876081283,one shared preloaded model
conv-43-qa-58,pure_liquid,2.5438987603375,10.266599998431047,97.48289999970439,110.29339875847293,one shared preloaded model
conv-43-qa-59,pure_liquid,2.5438987603375,9.919000000081724,97.48289999970439,109.94579876012361,one shared preloaded model
conv-43-qa-60,pure_liquid,2.5438987603375,6.858099997771205,57.52387499978795,66.92587375789665,one shared preloaded model
conv-43-qa-61,pure_liquid,2.5438987603375,10.1691000018036,57.52387499978795,70.23687376192905,one shared preloaded model
conv-43-qa-62,pure_liquid,2.5438987603375,9.960299998056144,57.52387499978795,70.02807375818159,one shared preloaded model
conv-43-qa-63,pure_liquid,2.5438987603375,9.990700000344077,57.52387499978795,70.05847376046952,one shared preloaded model
conv-43-qa-64,pure_liquid,2.5438987603375,5.882299999939278,50.08597500000178,58.51217376027856,one shared preloaded model
conv-43-qa-65,pure_liquid,2.5438987603375,6.641100000706501,50.08597500000178,59.27097376104578,one shared preloaded model
conv-43-qa-66,pure_liquid,2.5438987603375,5.9664000000339,50.08597500000178,58.59627376037318,one shared preloaded model
conv-43-qa-67,pure_liquid,2.5438987603375,7.0511000012629665,50.08597500000178,59.680973761602246,one shared preloaded model
conv-43-qa-68,pure_liquid,2.5438987603375,5.7989999986602925,67.25960000039777,75.60249875939556,one shared preloaded model
conv-43-qa-69,pure_liquid,2.5438987603375,6.707299999106908,67.25960000039777,76.51079875984217,one shared preloaded model
conv-43-qa-70,pure_liquid,2.5438987603375,7.30670000120881,67.25960000039777,77.11019876194408,one shared preloaded model
conv-43-qa-71,pure_liquid,2.5438987603375,6.641100000706501,67.25960000039777,76.44459876144177,one shared preloaded model
conv-43-qa-72,pure_liquid,2.5438987603375,6.472299999586539,64.95407500005967,73.97027375998371,one shared preloaded model
conv-43-qa-73,pure_liquid,2.5438987603375,10.080700001708465,64.95407500005967,77.57867376210564,one shared preloaded model
conv-43-qa-74,pure_liquid,2.5438987603375,10.87069999994128,64.95407500005967,78.36867376033845,one shared preloaded model
conv-43-qa-75,pure_liquid,2.5438987603375,9.93200000084471,64.95407500005967,77.42997376124188,one shared preloaded model
conv-43-qa-76,pure_liquid,2.5438987603375,6.483699999080272,63.65632500001084,72.68392375942861,one shared preloaded model
conv-43-qa-77,pure_liquid,2.5438987603375,6.4525000016146805,63.65632500001084,72.65272376196302,one shared preloaded model
conv-43-qa-78,pure_liquid,2.5438987603375,5.845600000611739,63.65632500001084,72.04582376096008,one shared preloaded model
conv-43-qa-79,pure_liquid,2.5438987603375,5.984300001728116,63.65632500001084,72.18452376207645,one shared preloaded model
conv-43-qa-80,pure_liquid,2.5438987603375,6.407799999578856,56.569649999801186,65.52134875971754,one shared preloaded model
conv-43-qa-81,pure_liquid,2.5438987603375,6.37780000033672,56.569649999801186,65.4913487604754,one shared preloaded model
conv-43-qa-82,pure_liquid,2.5438987603375,6.4512000026297756,56.569649999801186,65.56474876276846,one shared preloaded model
conv-43-qa-83,pure_liquid,2.5438987603375,6.617700000788318,56.569649999801186,65.731248760927,one shared preloaded model
conv-43-qa-84,pure_liquid,2.5438987603375,5.815199998323806,73.3576250004262,81.7167237590875,one shared preloaded model
conv-43-qa-85,pure_liquid,2.5438987603375,7.247499997902196,73.3576250004262,83.14902375866589,one shared preloaded model
conv-43-qa-86,pure_liquid,2.5438987603375,7.038499999907799,73.3576250004262,82.9400237606715,one shared preloaded model
conv-43-qa-87,pure_liquid,2.5438987603375,6.560200003150385,73.3576250004262,82.46172376391408,one shared preloaded model
conv-43-qa-88,pure_liquid,2.5438987603375,6.480000000010477,59.26700000054552,68.2908987608935,one shared preloaded model
conv-43-qa-89,pure_liquid,2.5438987603375,6.9317999987106305,59.26700000054552,68.74269875959365,one shared preloaded model
conv-43-qa-90,pure_liquid,2.5438987603375,6.420699999580393,59.26700000054552,68.23159876046341,one shared preloaded model
conv-43-qa-91,pure_liquid,2.5438987603375,7.183800000348128,59.26700000054552,68.99469876123115,one shared preloaded model
conv-43-qa-92,pure_liquid,2.5438987603375,5.982400001812493,78.30707500033895,86.83337376248895,one shared preloaded model
conv-43-qa-93,pure_liquid,2.5438987603375,6.719799999700626,78.30707500033895,87.57077376037708,one shared preloaded model
conv-43-qa-94,pure_liquid,2.5438987603375,10.130099999514641,78.30707500033895,90.9810737601911,one shared preloaded model
conv-43-qa-95,pure_liquid,2.5438987603375,7.478499999706401,78.30707500033895,88.32947376038285,one shared preloaded model
conv-43-qa-96,pure_liquid,2.5438987603375,7.090399998560315,77.44242499938991,87.07672375828773,one shared preloaded model
conv-43-qa-97,pure_liquid,2.5438987603375,10.980600000038976,77.44242499938991,90.96692375976639,one shared preloaded model
conv-43-qa-98,pure_liquid,2.5438987603375,10.14999999824795,77.44242499938991,90.13632375797536,one shared preloaded model
conv-43-qa-99,pure_liquid,2.5438987603375,9.773199999472126,77.44242499938991,89.75952375919954,one shared preloaded model
conv-43-qa-100,pure_liquid,2.5438987603375,6.301299999904586,80.81217499966442,89.6573737599065,one shared preloaded model
conv-43-qa-101,pure_liquid,2.5438987603375,10.148900000785943,80.81217499966442,93.50497376078786,one shared preloaded model
conv-43-qa-102,pure_liquid,2.5438987603375,10.046799998235656,80.81217499966442,93.40287375823758,one shared preloaded model
conv-43-qa-103,pure_liquid,2.5438987603375,7.318400002986891,80.81217499966442,90.67447376298881,one shared preloaded model
conv-43-qa-104,pure_liquid,2.5438987603375,6.33910000033211,39.82307500064053,48.70607376131014,one shared preloaded model
conv-43-qa-105,pure_liquid,2.5438987603375,8.035499999095919,39.82307500064053,50.402473760073946,one shared preloaded model
conv-43-qa-106,pure_liquid,2.5438987603375,10.208199997578049,39.82307500064053,52.575173758556076,one shared preloaded model
conv-43-qa-107,pure_liquid,2.5438987603375,10.313999999198131,39.82307500064053,52.68097376017616,one shared preloaded model
conv-43-qa-108,pure_liquid,2.5438987603375,9.879299999738578,65.25280000005296,77.67599876012903,one shared preloaded model
conv-43-qa-109,pure_liquid,2.5438987603375,10.238300001219613,65.25280000005296,78.03499876161007,one shared preloaded model
conv-43-qa-110,pure_liquid,2.5438987603375,9.95110000076238,65.25280000005296,77.74779876115284,one shared preloaded model
conv-43-qa-111,pure_liquid,2.5438987603375,10.58519999787677,65.25280000005296,78.38189875826723,one shared preloaded model
conv-43-qa-112,pure_liquid,2.5438987603375,6.252900002436945,59.91707500015764,68.71387376293208,one shared preloaded model
conv-43-qa-113,pure_liquid,2.5438987603375,8.936300000641495,59.91707500015764,71.39727376113663,one shared preloaded model
conv-43-qa-114,pure_liquid,2.5438987603375,10.657000002538553,59.91707500015764,73.11797376303369,one shared preloaded model
conv-43-qa-115,pure_liquid,2.5438987603375,10.016299998824252,59.91707500015764,72.47727375931939,one shared preloaded model
conv-43-qa-116,pure_liquid,2.5438987603375,6.299599997873884,53.90514999999141,62.74864875820279,one shared preloaded model
conv-43-qa-117,pure_liquid,2.5438987603375,10.775899998407112,53.90514999999141,67.22494875873602,one shared preloaded model
conv-43-qa-118,pure_liquid,2.5438987603375,10.301000002073124,53.90514999999141,66.75004876240203,one shared preloaded model
conv-43-qa-119,pure_liquid,2.5438987603375,10.146399999939604,53.90514999999141,66.59544876026851,one shared preloaded model
conv-43-qa-120,pure_liquid,2.5438987603375,6.672799998341361,50.98897500010935,60.20567375878821,one shared preloaded model
conv-43-qa-121,pure_liquid,2.5438987603375,9.824200002185535,50.98897500010935,63.35707376263238,one shared preloaded model
conv-43-qa-122,pure_liquid,2.5438987603375,10.376800000813091,50.98897500010935,63.90967376125994,one shared preloaded model
conv-43-qa-123,pure_liquid,2.5438987603375,10.510600000998238,50.98897500010935,64.04347376144509,one shared preloaded model
conv-43-qa-124,pure_liquid,2.5438987603375,5.857000000105472,96.87152500009688,105.27242376053985,one shared preloaded model
conv-43-qa-125,pure_liquid,2.5438987603375,6.400900001608534,96.87152500009688,105.81632376204291,one shared preloaded model
conv-43-qa-126,pure_liquid,2.5438987603375,5.468500003189547,96.87152500009688,104.88392376362393,one shared preloaded model
conv-43-qa-127,pure_liquid,2.5438987603375,5.733300000429153,96.87152500009688,105.14872376086353,one shared preloaded model
conv-43-qa-128,pure_liquid,2.5438987603375,6.236299999727635,51.69059999934689,60.47079875941202,one shared preloaded model
conv-43-qa-129,pure_liquid,2.5438987603375,7.639999999810243,51.69059999934689,61.87449875949463,one shared preloaded model
conv-43-qa-130,pure_liquid,2.5438987603375,6.637599999521626,51.69059999934689,60.87209875920601,one shared preloaded model
conv-43-qa-131,pure_liquid,2.5438987603375,6.739299999026116,51.69059999934689,60.9737987587105,one shared preloaded model
conv-43-qa-132,pure_liquid,2.5438987603375,6.213500000740169,79.96335000007093,88.7207487611486,one shared preloaded model
conv-43-qa-133,pure_liquid,2.5438987603375,10.620400000334485,79.96335000007093,93.12764876074291,one shared preloaded model
conv-43-qa-134,pure_liquid,2.5438987603375,10.518200000660727,79.96335000007093,93.02544876106916,one shared preloaded model
conv-43-qa-135,pure_liquid,2.5438987603375,9.992899998906069,79.96335000007093,92.5001487593145,one shared preloaded model
conv-43-qa-136,pure_liquid,2.5438987603375,5.991599999106256,73.7159749996863,82.25147375913005,one shared preloaded model
conv-43-qa-137,pure_liquid,2.5438987603375,7.682499999646097,73.7159749996863,83.94237375966989,one shared preloaded model
conv-43-qa-138,pure_liquid,2.5438987603375,6.554100000357721,73.7159749996863,82.81397376038151,one shared preloaded model
conv-43-qa-139,pure_liquid,2.5438987603375,6.277200001932215,73.7159749996863,82.53707376195601,one shared preloaded model
conv-43-qa-140,pure_liquid,2.5438987603375,7.117400000424823,61.135775000366266,70.79707376112859,one shared preloaded model
conv-43-qa-141,pure_liquid,2.5438987603375,11.014899999281624,61.135775000366266,74.69457375998539,one shared preloaded model
conv-43-qa-142,pure_liquid,2.5438987603375,10.73299999916344,61.135775000366266,74.4126737598672,one shared preloaded model
conv-43-qa-143,pure_liquid,2.5438987603375,10.704800002713455,61.135775000366266,74.38447376341722,one shared preloaded model
conv-43-qa-144,pure_liquid,2.5438987603375,6.330899999738904,43.216074999691045,52.09087375976745,one shared preloaded model
conv-43-qa-145,pure_liquid,2.5438987603375,7.31169999926351,43.216074999691045,53.071673759292054,one shared preloaded model
conv-43-qa-146,pure_liquid,2.5438987603375,7.540499998867745,43.216074999691045,53.30047375889629,one shared preloaded model
conv-43-qa-147,pure_liquid,2.5438987603375,9.859800000413088,43.216074999691045,55.61977376044163,one shared preloaded model
conv-43-qa-148,pure_liquid,2.5438987603375,10.411700000986457,61.86262500068551,74.81822376200947,one shared preloaded model
conv-43-qa-149,pure_liquid,2.5438987603375,10.225400001218077,61.86262500068551,74.63192376224109,one shared preloaded model
conv-43-qa-150,pure_liquid,2.5438987603375,10.632299999997485,61.86262500068551,75.0388237610205,one shared preloaded model
conv-43-qa-151,pure_liquid,2.5438987603375,10.574300002190284,61.86262500068551,74.9808237632133,one shared preloaded model
conv-43-qa-152,pure_liquid,2.5438987603375,6.407199998648139,63.00000000010186,71.9510987590875,one shared preloaded model
conv-43-qa-153,pure_liquid,2.5438987603375,7.354400000622263,63.00000000010186,72.89829876106162,one shared preloaded model
conv-43-qa-154,pure_liquid,2.5438987603375,7.301000001461944,63.00000000010186,72.8448987619013,one shared preloaded model
conv-43-qa-155,pure_liquid,2.5438987603375,6.345499998133164,63.00000000010186,71.88939875857253,one shared preloaded model
conv-43-qa-156,pure_liquid,2.5438987603375,5.800400002044626,48.79090000031283,57.135198762694955,one shared preloaded model
conv-43-qa-157,pure_liquid,2.5438987603375,9.215199999744073,48.79090000031283,60.5499987603944,one shared preloaded model
conv-43-qa-158,pure_liquid,2.5438987603375,10.916100000031292,48.79090000031283,62.25089876068162,one shared preloaded model
conv-43-qa-159,pure_liquid,2.5438987603375,10.022500002378365,48.79090000031283,61.357298763028695,one shared preloaded model
conv-43-qa-160,pure_liquid,2.5438987603375,7.8678000027139205,45.57012500026758,55.981823763319,one shared preloaded model
conv-43-qa-161,pure_liquid,2.5438987603375,6.763900000805734,45.57012500026758,54.87792376141081,one shared preloaded model
conv-43-qa-162,pure_liquid,2.5438987603375,6.3824999997450504,45.57012500026758,54.49652376035013,one shared preloaded model
conv-43-qa-163,pure_liquid,2.5438987603375,6.812400002672803,45.57012500026758,54.92642376327788,one shared preloaded model
conv-43-qa-164,pure_liquid,2.5438987603375,10.100999999849591,79.76495000002615,92.40984876021324,one shared preloaded model
conv-43-qa-165,pure_liquid,2.5438987603375,10.433999999804655,79.76495000002615,92.7428487601683,one shared preloaded model
conv-43-qa-166,pure_liquid,2.5438987603375,10.044599999673665,79.76495000002615,92.35344876003731,one shared preloaded model
conv-43-qa-167,pure_liquid,2.5438987603375,10.576900000160094,79.76495000002615,92.88574876052374,one shared preloaded model
conv-43-qa-168,pure_liquid,2.5438987603375,6.736000003002118,60.40332500015211,69.68322376349172,one shared preloaded model
conv-43-qa-169,pure_liquid,2.5438987603375,9.522300002572592,60.40332500015211,72.4695237630622,one shared preloaded model
conv-43-qa-170,pure_liquid,2.5438987603375,11.041699999623233,60.40332500015211,73.98892376011284,one shared preloaded model
conv-43-qa-171,pure_liquid,2.5438987603375,10.238300001219613,60.40332500015211,73.18552376170922,one shared preloaded model
conv-43-qa-172,pure_liquid,2.5438987603375,5.9751999979198445,36.79662500053382,45.315723758791165,one shared preloaded model
conv-43-qa-173,pure_liquid,2.5438987603375,6.818699999712408,36.79662500053382,46.15922376058373,one shared preloaded model
conv-43-qa-174,pure_liquid,2.5438987603375,6.593100002646679,36.79662500053382,45.933623763518,one shared preloaded model
conv-43-qa-175,pure_liquid,2.5438987603375,6.9667999996454455,36.79662500053382,46.307323760516766,one shared preloaded model
conv-43-qa-176,pure_liquid,2.5438987603375,10.766100000182632,50.456424999538285,63.766423760058416,one shared preloaded model
conv-43-qa-177,pure_liquid,2.5438987603375,10.21749999927124,50.456424999538285,63.217823759147024,one shared preloaded model
conv-43-qa-178,pure_liquid,2.5438987603375,10.071100001368904,50.456424999538285,63.07142376124469,one shared preloaded model
conv-43-qa-179,pure_liquid,2.5438987603375,8.122199997160351,50.456424999538285,61.122523757036134,one shared preloaded model
conv-43-qa-180,pure_liquid,2.5438987603375,5.840800000441959,56.86952499945619,65.25422376023565,one shared preloaded model
conv-43-qa-181,pure_liquid,2.5438987603375,6.7090000011376105,56.86952499945619,66.1224237609313,one shared preloaded model
conv-43-qa-182,pure_liquid,2.5438987603375,6.911700002092402,56.86952499945619,66.32512376188609,one shared preloaded model
conv-43-qa-183,pure_liquid,2.5438987603375,6.645900000876281,56.86952499945619,66.05932376066997,one shared preloaded model
conv-43-qa-184,pure_liquid,2.5438987603375,5.952100000286009,61.151049999352836,69.64704875997634,one shared preloaded model
conv-43-qa-185,pure_liquid,2.5438987603375,7.156499999837251,61.151049999352836,70.85144875952759,one shared preloaded model
conv-43-qa-186,pure_liquid,2.5438987603375,6.371799998305505,61.151049999352836,70.06674875799584,one shared preloaded model
conv-43-qa-187,pure_liquid,2.5438987603375,5.58409999939613,61.151049999352836,69.27904875908646,one shared preloaded model
conv-43-qa-188,pure_liquid,2.5438987603375,5.925000001298031,57.04412500017497,65.5130237618105,one shared preloaded model
conv-43-qa-189,pure_liquid,2.5438987603375,7.4034000026586,57.04412500017497,66.99142376317107,one shared preloaded model
conv-43-qa-190,pure_liquid,2.5438987603375,9.263199997803895,57.04412500017497,68.85122375831637,one shared preloaded model
conv-43-qa-191,pure_liquid,2.5438987603375,10.250399998767534,57.04412500017497,69.83842375928,one shared preloaded model
conv-43-qa-192,pure_liquid,2.5438987603375,6.537699999171309,76.5619499998138,85.64354875932261,one shared preloaded model
conv-43-qa-193,pure_liquid,2.5438987603375,6.602099998417543,76.5619499998138,85.70794875856885,one shared preloaded model
conv-43-qa-194,pure_liquid,2.5438987603375,7.465599999704864,76.5619499998138,86.57144875985617,one shared preloaded model
conv-43-qa-195,pure_liquid,2.5438987603375,8.072799999354174,76.5619499998138,87.17864875950548,one shared preloaded model
conv-43-qa-196,pure_liquid,2.5438987603375,6.519599999592174,75.99697500063485,85.06047376056452,one shared preloaded model
conv-43-qa-197,pure_liquid,2.5438987603375,7.19300000127987,75.99697500063485,85.73387376225222,one shared preloaded model
conv-43-qa-198,pure_liquid,2.5438987603375,6.98740000007092,75.99697500063485,85.52827376104327,one shared preloaded model
conv-43-qa-199,pure_liquid,2.5438987603375,6.6674000008788425,75.99697500063485,85.20827376185119,one shared preloaded model
conv-43-qa-200,pure_liquid,2.5438987603375,6.406000000424683,41.78924999996525,50.73914876072743,one shared preloaded model
conv-43-qa-201,pure_liquid,2.5438987603375,10.409999998955755,41.78924999996525,54.7431487592585,one shared preloaded model
conv-43-qa-202,pure_liquid,2.5438987603375,9.923800000251504,41.78924999996525,54.25694876055425,one shared preloaded model
conv-43-qa-203,pure_liquid,2.5438987603375,9.43379999807803,41.78924999996525,53.76694875838078,one shared preloaded model
conv-43-qa-204,pure_liquid,2.5438987603375,9.959900002286304,48.927075000392506,61.43087376301631,one shared preloaded model
conv-43-qa-205,pure_liquid,2.5438987603375,6.76000000021304,48.927075000392506,58.230973760943044,one shared preloaded model
conv-43-qa-206,pure_liquid,2.5438987603375,5.973900002572918,48.927075000392506,57.44487376330292,one shared preloaded model
conv-43-qa-207,pure_liquid,2.5438987603375,6.0534000003826804,48.927075000392506,57.524373761112685,one shared preloaded model
conv-43-qa-208,pure_liquid,2.5438987603375,7.566799999040086,50.0705750000634,60.181273759440984,one shared preloaded model
conv-43-qa-209,pure_liquid,2.5438987603375,6.190000000060536,50.0705750000634,58.804473760461434,one shared preloaded model
conv-43-qa-210,pure_liquid,2.5438987603375,6.7817000017385,50.0705750000634,59.3961737621394,one shared preloaded model
conv-43-qa-211,pure_liquid,2.5438987603375,9.984500000427943,50.0705750000634,62.59897376082884,one shared preloaded model
conv-43-qa-212,pure_liquid,2.5438987603375,5.867599997145589,64.10092499936582,72.5124237568489,one shared preloaded model
conv-43-qa-213,pure_liquid,2.5438987603375,10.07729999764706,64.10092499936582,76.72212375735037,one shared preloaded model
conv-43-qa-214,pure_liquid,2.5438987603375,9.28570000178297,64.10092499936582,75.93052376148628,one shared preloaded model
conv-43-qa-215,pure_liquid,2.5438987603375,9.520399999018991,64.10092499936582,76.1652237587223,one shared preloaded model
conv-43-qa-216,pure_liquid,2.5438987603375,6.679500002064742,58.4453500005111,67.66874876291334,one shared preloaded model
conv-43-qa-217,pure_liquid,2.5438987603375,10.66470000296249,58.4453500005111,71.65394876381109,one shared preloaded model
conv-43-qa-218,pure_liquid,2.5438987603375,10.519600000407081,58.4453500005111,71.50884876125568,one shared preloaded model
conv-43-qa-219,pure_liquid,2.5438987603375,10.26560000173049,58.4453500005111,71.25484876257909,one shared preloaded model
conv-43-qa-220,pure_liquid,2.5438987603375,7.522999996581348,54.77097499988304,64.83787375680188,one shared preloaded model
conv-43-qa-221,pure_liquid,2.5438987603375,10.471100002177991,54.77097499988304,67.78597376239853,one shared preloaded model
conv-43-qa-222,pure_liquid,2.5438987603375,10.577699998975731,54.77097499988304,67.89257375919627,one shared preloaded model
conv-43-qa-223,pure_liquid,2.5438987603375,10.183100002905121,54.77097499988304,67.49797376312566,one shared preloaded model
conv-43-qa-224,pure_liquid,2.5438987603375,6.349300001602387,52.55092500010505,61.44412376204494,one shared preloaded model
conv-43-qa-225,pure_liquid,2.5438987603375,7.400400001642993,52.55092500010505,62.495223762085544,one shared preloaded model
conv-43-qa-226,pure_liquid,2.5438987603375,9.63419999970938,52.55092500010505,64.72902376015193,one shared preloaded model
conv-43-qa-227,pure_liquid,2.5438987603375,6.955100001505343,52.55092500010505,62.049923761947895,one shared preloaded model
conv-43-qa-228,pure_liquid,2.5438987603375,7.469399999536108,66.48244999996678,76.49574875984038,one shared preloaded model
conv-43-qa-229,pure_liquid,2.5438987603375,7.956600002216874,66.48244999996678,76.98294876252115,one shared preloaded model
conv-43-qa-230,pure_liquid,2.5438987603375,11.690300001646392,66.48244999996678,80.71664876195067,one shared preloaded model
conv-43-qa-231,pure_liquid,2.5438987603375,10.918600000877632,66.48244999996678,79.9449487611819,one shared preloaded model
conv-43-qa-232,pure_liquid,2.5438987603375,6.162199999380391,52.03385000004346,60.73994875976135,one shared preloaded model
conv-43-qa-233,pure_liquid,2.5438987603375,6.636800000705989,52.03385000004346,61.214548761086945,one shared preloaded model
conv-43-qa-234,pure_liquid,2.5438987603375,6.622799999604467,52.03385000004346,61.20054875998542,one shared preloaded model
conv-43-qa-235,pure_liquid,2.5438987603375,7.133900002372684,52.03385000004346,61.71164876275364,one shared preloaded model
conv-43-qa-236,pure_liquid,2.5438987603375,7.416699998429976,53.673499999604246,63.63409875837172,one shared preloaded model
conv-43-qa-237,pure_liquid,2.5438987603375,6.713400001899572,53.673499999604246,62.93079876184132,one shared preloaded model
conv-43-qa-238,pure_liquid,2.5438987603375,6.15769999785698,53.673499999604246,62.375098757798725,one shared preloaded model
conv-43-qa-239,pure_liquid,2.5438987603375,5.5114999995566905,53.673499999604246,61.728898759498435,one shared preloaded model
conv-43-qa-240,pure_liquid,2.5438987603375,5.9252999999444,66.67025000024296,75.13944876052486,one shared preloaded model
conv-43-qa-241,pure_liquid,2.5438987603375,7.786600002873456,66.67025000024296,77.00074876345391,one shared preloaded model
conv-44-qa-0,pure_liquid,4.025210126569676,11.469199998828117,84.99434999976074,100.48876012515854,one shared preloaded model
conv-44-qa-1,pure_liquid,4.025210126569676,11.053799997171154,84.99434999976074,100.07336012350157,one shared preloaded model
conv-44-qa-2,pure_liquid,4.025210126569676,11.06910000089556,84.99434999976074,100.08866012722598,one shared preloaded model
conv-44-qa-3,pure_liquid,4.025210126569676,11.199200002010912,84.99434999976074,100.21876012834133,one shared preloaded model
conv-44-qa-4,pure_liquid,4.025210126569676,7.10840000101598,94.82090000074095,105.9545101283266,one shared preloaded model
conv-44-qa-5,pure_liquid,4.025210126569676,10.504199999559205,94.82090000074095,109.35031012686983,one shared preloaded model
conv-44-qa-6,pure_liquid,4.025210126569676,10.688500002288492,94.82090000074095,109.53461012959912,one shared preloaded model
conv-44-qa-7,pure_liquid,4.025210126569676,10.944200002995785,94.82090000074095,109.79031013030641,one shared preloaded model
conv-44-qa-8,pure_liquid,4.025210126569676,6.103399999119574,51.9541500007108,62.082760126400046,one shared preloaded model
conv-44-qa-9,pure_liquid,4.025210126569676,10.53890000184765,51.9541500007108,66.51826012912812,one shared preloaded model
conv-44-qa-10,pure_liquid,4.025210126569676,10.127300000021933,51.9541500007108,66.1066601273024,one shared preloaded model
conv-44-qa-11,pure_liquid,4.025210126569676,10.42320000124164,51.9541500007108,66.40256012852211,one shared preloaded model
conv-44-qa-12,pure_liquid,4.025210126569676,5.862800000613788,58.67372499960766,68.56173512679112,one shared preloaded model
conv-44-qa-13,pure_liquid,4.025210126569676,6.616599999688333,58.67372499960766,69.31553512586567,one shared preloaded model
conv-44-qa-14,pure_liquid,4.025210126569676,6.802399999287445,58.67372499960766,69.50133512546478,one shared preloaded model
conv-44-qa-15,pure_liquid,4.025210126569676,6.860599998617545,58.67372499960766,69.55953512479488,one shared preloaded model
conv-44-qa-16,pure_liquid,4.025210126569676,5.93269999808399,58.98989999968762,68.94781012434129,one shared preloaded model
conv-44-qa-17,pure_liquid,4.025210126569676,9.998800000175834,58.98989999968762,73.01391012643313,one shared preloaded model
conv-44-qa-18,pure_liquid,4.025210126569676,9.951799998816568,58.98989999968762,72.96691012507387,one shared preloaded model
conv-44-qa-19,pure_liquid,4.025210126569676,10.625799997797003,58.98989999968762,73.6409101240543,one shared preloaded model
conv-44-qa-20,pure_liquid,4.025210126569676,6.197100003191736,53.513425000346615,63.735735130108026,one shared preloaded model
conv-44-qa-21,pure_liquid,4.025210126569676,6.563700000697281,53.513425000346615,64.10233512761357,one shared preloaded model
conv-44-qa-22,pure_liquid,4.025210126569676,5.6696999999985565,53.513425000346615,63.20833512691485,one shared preloaded model
conv-44-qa-23,pure_liquid,4.025210126569676,6.604300000617513,53.513425000346615,64.1429351275338,one shared preloaded model
conv-44-qa-24,pure_liquid,4.025210126569676,5.859000000782544,92.17844999966474,102.06266012701695,one shared preloaded model
conv-44-qa-25,pure_liquid,4.025210126569676,6.489300001703668,92.17844999966474,102.69296012793808,one shared preloaded model
conv-44-qa-26,pure_liquid,4.025210126569676,7.257400000526104,92.17844999966474,103.46106012676051,one shared preloaded model
conv-44-qa-27,pure_liquid,4.025210126569676,6.658599999354919,92.17844999966474,102.86226012558933,one shared preloaded model
conv-44-qa-28,pure_liquid,4.025210126569676,6.02219999927911,65.80004999977973,75.84746012562852,one shared preloaded model
conv-44-qa-29,pure_liquid,4.025210126569676,6.838699999207165,65.80004999977973,76.66396012555657,one shared preloaded model
conv-44-qa-30,pure_liquid,4.025210126569676,7.465099999535596,65.80004999977973,77.290360125885,one shared preloaded model
conv-44-qa-31,pure_liquid,4.025210126569676,6.801199997426011,65.80004999977973,76.62646012377542,one shared preloaded model
conv-44-qa-32,pure_liquid,4.025210126569676,6.003500002407236,75.49917500000447,85.52788512898138,one shared preloaded model
conv-44-qa-33,pure_liquid,4.025210126569676,9.936100002960302,75.49917500000447,89.46048512953445,one shared preloaded model
conv-44-qa-34,pure_liquid,4.025210126569676,6.569500001205597,75.49917500000447,86.09388512777974,one shared preloaded model
conv-44-qa-35,pure_liquid,4.025210126569676,6.216599998879246,75.49917500000447,85.74098512545339,one shared preloaded model
conv-44-qa-36,pure_liquid,4.025210126569676,6.344800000078976,100.05344999990484,110.4234601265535,one shared preloaded model
conv-44-qa-37,pure_liquid,4.025210126569676,10.174500002904097,100.05344999990484,114.25316012937861,one shared preloaded model
conv-44-qa-38,pure_liquid,4.025210126569676,10.324900002160575,100.05344999990484,114.40356012863509,one shared preloaded model
conv-44-qa-39,pure_liquid,4.025210126569676,9.861599999567261,100.05344999990484,113.94026012604178,one shared preloaded model
conv-44-qa-40,pure_liquid,4.025210126569676,7.2868999995989725,102.49240000030113,113.80451012646978,one shared preloaded model
conv-44-qa-41,pure_liquid,4.025210126569676,9.09950000277604,102.49240000030113,115.61711012964685,one shared preloaded model
conv-44-qa-42,pure_liquid,4.025210126569676,10.336399998777779,102.49240000030113,116.85401012564859,one shared preloaded model
conv-44-qa-43,pure_liquid,4.025210126569676,9.910400000080699,102.49240000030113,116.4280101269515,one shared preloaded model
conv-44-qa-44,pure_liquid,4.025210126569676,7.631099997524871,57.960950000051525,69.61726012414607,one shared preloaded model
conv-44-qa-45,pure_liquid,4.025210126569676,10.472200003277976,57.960950000051525,72.45836012989918,one shared preloaded model
conv-44-qa-46,pure_liquid,4.025210126569676,10.331900000892347,57.960950000051525,72.31806012751355,one shared preloaded model
conv-44-qa-47,pure_liquid,4.025210126569676,10.06720000077621,57.960950000051525,72.05336012739741,one shared preloaded model
conv-44-qa-48,pure_liquid,4.025210126569676,5.9664000000339,73.29215000027034,83.28376012687391,one shared preloaded model
conv-44-qa-49,pure_liquid,4.025210126569676,6.289699998887954,73.29215000027034,83.60706012572797,one shared preloaded model
conv-44-qa-50,pure_liquid,4.025210126569676,7.115599997632671,73.29215000027034,84.43296012447269,one shared preloaded model
conv-44-qa-51,pure_liquid,4.025210126569676,6.610600001295097,73.29215000027034,83.92796012813511,one shared preloaded model
conv-44-qa-52,pure_liquid,4.025210126569676,6.675500000710599,95.05015000013373,105.750860127414,one shared preloaded model
conv-44-qa-53,pure_liquid,4.025210126569676,10.90249999833759,95.05015000013373,109.97786012504099,one shared preloaded model
conv-44-qa-54,pure_liquid,4.025210126569676,7.658399998035748,95.05015000013373,106.73376012473915,one shared preloaded model
conv-44-qa-55,pure_liquid,4.025210126569676,6.303999998635845,95.05015000013373,105.37936012533925,one shared preloaded model
conv-44-qa-56,pure_liquid,4.025210126569676,6.173999998281943,59.776324999802455,69.97553512465407,one shared preloaded model
conv-44-qa-57,pure_liquid,4.025210126569676,10.706099998060381,59.776324999802455,74.50763512443251,one shared preloaded model
conv-44-qa-58,pure_liquid,4.025210126569676,10.758400003396673,59.776324999802455,74.5599351297688,one shared preloaded model
conv-44-qa-59,pure_liquid,4.025210126569676,10.840800001460593,59.776324999802455,74.64233512783272,one shared preloaded model
conv-44-qa-60,pure_liquid,4.025210126569676,5.962299997918308,60.94924999979412,70.9367601242821,one shared preloaded model
conv-44-qa-61,pure_liquid,4.025210126569676,5.735299997468246,60.94924999979412,70.70976012383204,one shared preloaded model
conv-44-qa-62,pure_liquid,4.025210126569676,6.2254000004031695,60.94924999979412,71.19986012676696,one shared preloaded model
conv-44-qa-63,pure_liquid,4.025210126569676,7.381600000371691,60.94924999979412,72.35606012673549,one shared preloaded model
conv-44-qa-64,pure_liquid,4.025210126569676,5.772600001364481,49.19144999985292,58.98926012778708,one shared preloaded model
conv-44-qa-65,pure_liquid,4.025210126569676,6.856100000732113,49.19144999985292,60.07276012715471,one shared preloaded model
conv-44-qa-66,pure_liquid,4.025210126569676,11.139599999296479,49.19144999985292,64.35626012571907,one shared preloaded model
conv-44-qa-67,pure_liquid,4.025210126569676,10.74489999882644,49.19144999985292,63.961560125249036,one shared preloaded model
conv-44-qa-68,pure_liquid,4.025210126569676,6.979099998716265,85.66815000085626,96.6724601261422,one shared preloaded model
conv-44-qa-69,pure_liquid,4.025210126569676,6.237800000235438,85.66815000085626,95.93116012766137,one shared preloaded model
conv-44-qa-70,pure_liquid,4.025210126569676,7.7146000003267545,85.66815000085626,97.40796012775269,one shared preloaded model
conv-44-qa-71,pure_liquid,4.025210126569676,6.919399998878362,85.66815000085626,96.6127601263043,one shared preloaded model
conv-44-qa-72,pure_liquid,4.025210126569676,9.897899999486981,69.43312500061438,83.35623512667104,one shared preloaded model
conv-44-qa-73,pure_liquid,4.025210126569676,9.939600000507198,69.43312500061438,83.39793512769126,one shared preloaded model
conv-44-qa-74,pure_liquid,4.025210126569676,9.921900000335881,69.43312500061438,83.38023512751994,one shared preloaded model
conv-44-qa-75,pure_liquid,4.025210126569676,9.841600000072503,69.43312500061438,83.29993512725656,one shared preloaded model
conv-44-qa-76,pure_liquid,4.025210126569676,6.840699999884237,54.53777499951684,65.40368512597075,one shared preloaded model
conv-44-qa-77,pure_liquid,4.025210126569676,10.954099998343736,54.53777499951684,69.51708512443025,one shared preloaded model
conv-44-qa-78,pure_liquid,4.025210126569676,10.673000000679167,54.53777499951684,69.23598512676568,one shared preloaded model
conv-44-qa-79,pure_liquid,4.025210126569676,10.597600001347018,54.53777499951684,69.16058512743354,one shared preloaded model
conv-44-qa-80,pure_liquid,4.025210126569676,7.380099999863887,50.12445000011212,61.52976012654568,one shared preloaded model
conv-44-qa-81,pure_liquid,4.025210126569676,10.843700001714751,50.12445000011212,64.99336012839655,one shared preloaded model
conv-44-qa-82,pure_liquid,4.025210126569676,10.187899999436922,50.12445000011212,64.33756012611872,one shared preloaded model
conv-44-qa-83,pure_liquid,4.025210126569676,9.606700001313584,50.12445000011212,63.75636012799538,one shared preloaded model
conv-44-qa-84,pure_liquid,4.025210126569676,5.924400000367314,47.22385000059148,57.17346012752847,one shared preloaded model
conv-44-qa-85,pure_liquid,4.025210126569676,8.073400000284892,47.22385000059148,59.32246012744605,one shared preloaded model
conv-44-qa-86,pure_liquid,4.025210126569676,10.535800000070594,47.22385000059148,61.78486012723175,one shared preloaded model
conv-44-qa-87,pure_liquid,4.025210126569676,10.748499997134786,47.22385000059148,61.997560124295944,one shared preloaded model
conv-44-qa-88,pure_liquid,4.025210126569676,6.3555000015185215,91.53110000079323,101.91181012888143,one shared preloaded model
conv-44-qa-89,pure_liquid,4.025210126569676,10.707199999160366,91.53110000079323,106.26351012652327,one shared preloaded model
conv-44-qa-90,pure_liquid,4.025210126569676,9.531900002912153,91.53110000079323,105.08821013027506,one shared preloaded model
conv-44-qa-91,pure_liquid,4.025210126569676,6.338099999993574,91.53110000079323,101.89441012735648,one shared preloaded model
conv-44-qa-92,pure_liquid,4.025210126569676,6.23740000082762,68.70940000044357,78.97201012784086,one shared preloaded model
conv-44-qa-93,pure_liquid,4.025210126569676,6.774099998438032,68.70940000044357,79.50871012545127,one shared preloaded model
conv-44-qa-94,pure_liquid,4.025210126569676,7.581900001241593,68.70940000044357,80.31651012825483,one shared preloaded model
conv-44-qa-95,pure_liquid,4.025210126569676,6.63890000214451,68.70940000044357,79.37351012915775,one shared preloaded model
conv-44-qa-96,pure_liquid,4.025210126569676,6.401499998901272,49.81857500024489,60.24528512571584,one shared preloaded model
conv-44-qa-97,pure_liquid,4.025210126569676,11.297999997623265,49.81857500024489,65.14178512443783,one shared preloaded model
conv-44-qa-98,pure_liquid,4.025210126569676,10.261899999022717,49.81857500024489,64.10568512583728,one shared preloaded model
conv-44-qa-99,pure_liquid,4.025210126569676,10.450900001160335,49.81857500024489,64.2946851279749,one shared preloaded model
conv-44-qa-100,pure_liquid,4.025210126569676,6.269800000154646,81.8691750000653,92.16418512678962,one shared preloaded model
conv-44-qa-101,pure_liquid,4.025210126569676,7.8520999995816965,81.8691750000653,93.74648512621667,one shared preloaded model
conv-44-qa-102,pure_liquid,4.025210126569676,6.815299999288982,81.8691750000653,92.70968512592395,one shared preloaded model
conv-44-qa-103,pure_liquid,4.025210126569676,6.851000001915963,81.8691750000653,92.74538512855094,one shared preloaded model
conv-44-qa-104,pure_liquid,4.025210126569676,6.038200001057703,45.80797499966138,55.87138512728876,one shared preloaded model
conv-44-qa-105,pure_liquid,4.025210126569676,6.7673000012291595,45.80797499966138,56.60048512746022,one shared preloaded model
conv-44-qa-106,pure_liquid,4.025210126569676,7.014899998466717,45.80797499966138,56.848085124697775,one shared preloaded model
conv-44-qa-107,pure_liquid,4.025210126569676,6.482299999333918,45.80797499966138,56.315485125564976,one shared preloaded model
conv-44-qa-108,pure_liquid,4.025210126569676,10.009099998569582,68.2818999994197,82.31621012455895,one shared preloaded model
conv-44-qa-109,pure_liquid,4.025210126569676,10.041999998065876,68.2818999994197,82.34911012405524,one shared preloaded model
conv-44-qa-110,pure_liquid,4.025210126569676,8.60830000237911,68.2818999994197,80.91541012836848,one shared preloaded model
conv-44-qa-111,pure_liquid,4.025210126569676,6.84959999853163,68.2818999994197,79.156710124521,one shared preloaded model
conv-44-qa-112,pure_liquid,4.025210126569676,6.19390000065323,46.994899999845074,57.21401012706798,one shared preloaded model
conv-44-qa-113,pure_liquid,4.025210126569676,6.642500000452856,46.994899999845074,57.662610126867605,one shared preloaded model
conv-44-qa-114,pure_liquid,4.025210126569676,5.8253000024706125,46.994899999845074,56.84541012888536,one shared preloaded model
conv-44-qa-115,pure_liquid,4.025210126569676,6.428000000596512,46.994899999845074,57.44811012701126,one shared preloaded model
conv-44-qa-116,pure_liquid,4.025210126569676,10.813699998834636,42.21382499963511,57.05273512503942,one shared preloaded model
conv-44-qa-117,pure_liquid,4.025210126569676,10.003100000176346,42.21382499963511,56.24213512638113,one shared preloaded model
conv-44-qa-118,pure_liquid,4.025210126569676,6.888600000820588,42.21382499963511,53.12763512702537,one shared preloaded model
conv-44-qa-119,pure_liquid,4.025210126569676,6.423999999242369,42.21382499963511,52.66303512544715,one shared preloaded model
conv-44-qa-120,pure_liquid,4.025210126569676,9.921600001689512,52.49045000073238,66.43726012899157,one shared preloaded model
conv-44-qa-121,pure_liquid,4.025210126569676,10.67709999915678,52.49045000073238,67.19276012645884,one shared preloaded model
conv-44-qa-122,pure_liquid,4.025210126569676,11.04729999860865,52.49045000073238,67.5629601259107,one shared preloaded model
conv-44-qa-123,pure_liquid,4.025210126569676,8.486800001264783,52.49045000073238,65.00246012856684,one shared preloaded model
conv-44-qa-124,pure_liquid,4.025210126569676,5.880100001377286,62.28712499978428,72.19243512773124,one shared preloaded model
conv-44-qa-125,pure_liquid,4.025210126569676,6.83039999785251,62.28712499978428,73.14273512420647,one shared preloaded model
conv-44-qa-126,pure_liquid,4.025210126569676,6.565799998497823,62.28712499978428,72.87813512485178,one shared preloaded model
conv-44-qa-127,pure_liquid,4.025210126569676,6.127200002083555,62.28712499978428,72.43953512843751,one shared preloaded model
conv-44-qa-128,pure_liquid,4.025210126569676,6.465599999501137,64.76855000073556,75.25936012680637,one shared preloaded model
conv-44-qa-129,pure_liquid,4.025210126569676,5.8143999995081685,64.76855000073556,74.6081601268134,one shared preloaded model
conv-44-qa-130,pure_liquid,4.025210126569676,10.508700001082616,64.76855000073556,79.30246012838785,one shared preloaded model
conv-44-qa-131,pure_liquid,4.025210126569676,10.332000001653796,64.76855000073556,79.12576012895903,one shared preloaded model
conv-44-qa-132,pure_liquid,4.025210126569676,8.307500000228174,54.89899999975023,67.23171012654808,one shared preloaded model
conv-44-qa-133,pure_liquid,4.025210126569676,10.796599999594036,54.89899999975023,69.72081012591394,one shared preloaded model
conv-44-qa-134,pure_liquid,4.025210126569676,7.290200002898928,54.89899999975023,66.21441012921883,one shared preloaded model
conv-44-qa-135,pure_liquid,4.025210126569676,10.35279999996419,54.89899999975023,69.2770101262841,one shared preloaded model
conv-44-qa-136,pure_liquid,4.025210126569676,6.024199999956181,39.14022500066494,49.1896351271908,one shared preloaded model
conv-44-qa-137,pure_liquid,4.025210126569676,6.448499996622559,39.14022500066494,49.613935123857175,one shared preloaded model
conv-44-qa-138,pure_liquid,4.025210126569676,5.972999999357853,39.14022500066494,49.13843512659247,one shared preloaded model
conv-44-qa-139,pure_liquid,4.025210126569676,5.600899999990361,39.14022500066494,48.76633512722498,one shared preloaded model
conv-44-qa-140,pure_liquid,4.025210126569676,10.865299998840783,73.75589999992371,88.64641012533417,one shared preloaded model
conv-44-qa-141,pure_liquid,4.025210126569676,9.936200000083772,73.75589999992371,87.71731012657716,one shared preloaded model
conv-44-qa-142,pure_liquid,4.025210126569676,6.585600000107661,73.75589999992371,84.36671012660105,one shared preloaded model
conv-44-qa-143,pure_liquid,4.025210126569676,6.606099999771686,73.75589999992371,84.38721012626507,one shared preloaded model
conv-44-qa-144,pure_liquid,4.025210126569676,6.923900000401773,69.2377999994278,80.18691012639925,one shared preloaded model
conv-44-qa-145,pure_liquid,4.025210126569676,7.06960000024992,69.2377999994278,80.3326101262474,one shared preloaded model
conv-44-qa-146,pure_liquid,4.025210126569676,6.223600001248997,69.2377999994278,79.48661012724648,one shared preloaded model
conv-44-qa-147,pure_liquid,4.025210126569676,8.62050000068848,69.2377999994278,81.88351012668596,one shared preloaded model
conv-44-qa-148,pure_liquid,4.025210126569676,6.2862999984645285,50.60890000004292,60.920410125077126,one shared preloaded model
conv-44-qa-149,pure_liquid,4.025210126569676,6.838000001152977,50.60890000004292,61.472110127765575,one shared preloaded model
conv-44-qa-150,pure_liquid,4.025210126569676,9.234799999831012,50.60890000004292,63.86891012644361,one shared preloaded model
conv-44-qa-151,pure_liquid,4.025210126569676,5.762500000855653,50.60890000004292,60.39661012746825,one shared preloaded model
conv-44-qa-152,pure_liquid,4.025210126569676,5.924200002482394,54.681824999534,64.63123512858607,one shared preloaded model
conv-44-qa-153,pure_liquid,4.025210126569676,6.615599999349797,54.681824999534,65.32263512545347,one shared preloaded model
conv-44-qa-154,pure_liquid,4.025210126569676,7.100899998476962,54.681824999534,65.80793512458064,one shared preloaded model
conv-44-qa-155,pure_liquid,4.025210126569676,7.9404000025533605,54.681824999534,66.64743512865704,one shared preloaded model
conv-44-qa-156,pure_liquid,4.025210126569676,6.27869999880204,104.91159999946831,115.21551012484002,one shared preloaded model
conv-44-qa-157,pure_liquid,4.025210126569676,7.145100000343518,104.91159999946831,116.0819101263815,one shared preloaded model
conv-47-qa-0,pure_liquid,3.394219473691345,10.218300001724856,54.46115000086138,68.07366947627759,one shared preloaded model
conv-47-qa-1,pure_liquid,3.394219473691345,10.42059999963385,54.46115000086138,68.27596947418658,one shared preloaded model
conv-47-qa-2,pure_liquid,3.394219473691345,10.245400000712834,54.46115000086138,68.10076947526557,one shared preloaded model
conv-47-qa-3,pure_liquid,3.394219473691345,10.092500000610016,54.46115000086138,67.94786947516275,one shared preloaded model
conv-47-qa-4,pure_liquid,3.394219473691345,6.285999999818159,59.458224999616505,69.13844447312601,one shared preloaded model
conv-47-qa-5,pure_liquid,3.394219473691345,9.853200001089135,59.458224999616505,72.70564447439699,one shared preloaded model
conv-47-qa-6,pure_liquid,3.394219473691345,9.850699996604817,59.458224999616505,72.70314446991267,one shared preloaded model
conv-47-qa-7,pure_liquid,3.394219473691345,5.7357000005140435,59.458224999616505,68.5881444738219,one shared preloaded model
conv-47-qa-8,pure_liquid,3.394219473691345,5.93509999816888,65.19112499972834,74.52044447158858,one shared preloaded model
conv-47-qa-9,pure_liquid,3.394219473691345,6.5015000000130385,65.19112499972834,75.08684447343273,one shared preloaded model
conv-47-qa-10,pure_liquid,3.394219473691345,6.760600001143757,65.19112499972834,75.34594447456345,one shared preloaded model
conv-47-qa-11,pure_liquid,3.394219473691345,8.560800000850577,65.19112499972834,77.14614447427027,one shared preloaded model
conv-47-qa-12,pure_liquid,3.394219473691345,6.332400000246707,96.88399999959074,106.6106194735288,one shared preloaded model
conv-47-qa-13,pure_liquid,3.394219473691345,6.678699999611126,96.88399999959074,106.95691947289322,one shared preloaded model
conv-47-qa-14,pure_liquid,3.394219473691345,10.290899997926317,96.88399999959074,110.56911947120841,one shared preloaded model
conv-47-qa-15,pure_liquid,3.394219473691345,10.539999999309657,96.88399999959074,110.81821947259175,one shared preloaded model
conv-47-qa-16,pure_liquid,3.394219473691345,6.800700000894722,56.93747499935853,67.1323944739446,one shared preloaded model
conv-47-qa-17,pure_liquid,3.394219473691345,7.233299998915754,56.93747499935853,67.56499447196563,one shared preloaded model
conv-47-qa-18,pure_liquid,3.394219473691345,11.180899997270899,56.93747499935853,71.51259447032078,one shared preloaded model
conv-47-qa-19,pure_liquid,3.394219473691345,10.143799998331815,56.93747499935853,70.4754944713817,one shared preloaded model
conv-47-qa-20,pure_liquid,3.394219473691345,6.068100003176369,57.85562500022934,67.31794447709706,one shared preloaded model
conv-47-qa-21,pure_liquid,3.394219473691345,10.127599998668302,57.85562500022934,71.37744447258899,one shared preloaded model
conv-47-qa-22,pure_liquid,3.394219473691345,10.989599999447819,57.85562500022934,72.23944447336851,one shared preloaded model
conv-47-qa-23,pure_liquid,3.394219473691345,10.574299998552306,57.85562500022934,71.824144472473,one shared preloaded model
conv-47-qa-24,pure_liquid,3.394219473691345,5.861800000275252,50.43680000017048,59.692819474137075,one shared preloaded model
conv-47-qa-25,pure_liquid,3.394219473691345,9.601900001143804,50.43680000017048,63.432919475005626,one shared preloaded model
conv-47-qa-26,pure_liquid,3.394219473691345,10.164999999688007,50.43680000017048,63.99601947354983,one shared preloaded model
conv-47-qa-27,pure_liquid,3.394219473691345,10.11330000255839,50.43680000017048,63.94431947642021,one shared preloaded model
conv-47-qa-28,pure_liquid,3.394219473691345,6.060499999875901,54.12037499991129,63.575094473478536,one shared preloaded model
conv-47-qa-29,pure_liquid,3.394219473691345,7.695199998124735,54.12037499991129,65.20979447172738,one shared preloaded model
conv-47-qa-30,pure_liquid,3.394219473691345,6.528100002469728,54.12037499991129,64.04269447607237,one shared preloaded model
conv-47-qa-31,pure_liquid,3.394219473691345,6.236699999135453,54.12037499991129,63.75129447273809,one shared preloaded model
conv-47-qa-32,pure_liquid,3.394219473691345,6.482299999333918,47.603349999917555,57.479869472942816,one shared preloaded model
conv-47-qa-33,pure_liquid,3.394219473691345,10.297900000296067,47.603349999917555,61.295469473904966,one shared preloaded model
conv-47-qa-34,pure_liquid,3.394219473691345,10.214499998255633,47.603349999917555,61.21206947186453,one shared preloaded model
conv-47-qa-35,pure_liquid,3.394219473691345,9.9926000002597,47.603349999917555,60.9901694738686,one shared preloaded model
conv-47-qa-36,pure_liquid,3.394219473691345,10.222900000371737,55.381225000019185,68.99834447408227,one shared preloaded model
conv-47-qa-37,pure_liquid,3.394219473691345,6.995900002948474,55.381225000019185,65.77134447665901,one shared preloaded model
conv-47-qa-38,pure_liquid,3.394219473691345,9.77489999786485,55.381225000019185,68.55034447157539,one shared preloaded model
conv-47-qa-39,pure_liquid,3.394219473691345,10.200199998507742,55.381225000019185,68.97564447221828,one shared preloaded model
conv-47-qa-40,pure_liquid,3.394219473691345,5.90369999918039,95.2612750006665,104.55919447353824,one shared preloaded model
conv-47-qa-41,pure_liquid,3.394219473691345,6.997399999818299,95.2612750006665,105.65289447417615,one shared preloaded model
conv-47-qa-42,pure_liquid,3.394219473691345,6.571599999006139,95.2612750006665,105.22709447336399,one shared preloaded model
conv-47-qa-43,pure_liquid,3.394219473691345,6.756300001143245,95.2612750006665,105.4117944755011,one shared preloaded model
conv-47-qa-44,pure_liquid,3.394219473691345,6.349100000079488,99.68699999990349,109.43031947367433,one shared preloaded model
conv-47-qa-45,pure_liquid,3.394219473691345,10.02410000000964,99.68699999990349,113.10531947360448,one shared preloaded model
conv-47-qa-46,pure_liquid,3.394219473691345,10.00460000068415,99.68699999990349,113.08581947427899,one shared preloaded model
conv-47-qa-47,pure_liquid,3.394219473691345,10.037700001703342,99.68699999990349,113.11891947529818,one shared preloaded model
conv-47-qa-48,pure_liquid,3.394219473691345,6.502899999759393,83.80600000054983,93.70311947400057,one shared preloaded model
conv-47-qa-49,pure_liquid,3.394219473691345,11.303499999485211,83.80600000054983,98.50371947372639,one shared preloaded model
conv-47-qa-50,pure_liquid,3.394219473691345,10.048399999504909,83.80600000054983,97.24861947374609,one shared preloaded model
conv-47-qa-51,pure_liquid,3.394219473691345,10.484099999302998,83.80600000054983,97.68431947354418,one shared preloaded model
conv-47-qa-52,pure_liquid,3.394219473691345,6.503399999928661,95.50722499989206,105.40484447351207,one shared preloaded model
conv-47-qa-53,pure_liquid,3.394219473691345,10.707099998398917,95.50722499989206,109.60854447198233,one shared preloaded model
conv-47-qa-54,pure_liquid,3.394219473691345,10.9191000010469,95.50722499989206,109.82054447463031,one shared preloaded model
conv-47-qa-55,pure_liquid,3.394219473691345,10.111600000527687,95.50722499989206,109.0130444741111,one shared preloaded model
conv-47-qa-56,pure_liquid,3.394219473691345,6.612699999095639,56.42195000018546,66.42886947297245,one shared preloaded model
conv-47-qa-57,pure_liquid,3.394219473691345,10.9721000007994,56.42195000018546,70.78826947467621,one shared preloaded model
conv-47-qa-58,pure_liquid,3.394219473691345,10.246900001220638,56.42195000018546,70.06306947509745,one shared preloaded model
conv-47-qa-59,pure_liquid,3.394219473691345,10.105199999088654,56.42195000018546,69.92136947296547,one shared preloaded model
conv-47-qa-60,pure_liquid,3.394219473691345,6.069800001569092,101.522224999826,110.98624447508644,one shared preloaded model
conv-47-qa-61,pure_liquid,3.394219473691345,7.2159000010287855,101.522224999826,112.13234447454613,one shared preloaded model
conv-47-qa-62,pure_liquid,3.394219473691345,7.121500002540415,101.522224999826,112.03794447605776,one shared preloaded model
conv-47-qa-63,pure_liquid,3.394219473691345,10.251600000628969,101.522224999826,115.16804447414631,one shared preloaded model
conv-47-qa-64,pure_liquid,3.394219473691345,6.541399998241104,58.95857499945123,68.89419447138368,one shared preloaded model
conv-47-qa-65,pure_liquid,3.394219473691345,10.533900000154972,58.95857499945123,72.88669447329755,one shared preloaded model
conv-47-qa-66,pure_liquid,3.394219473691345,10.477099996933248,58.95857499945123,72.82989447007583,one shared preloaded model
conv-47-qa-67,pure_liquid,3.394219473691345,9.832499999902211,58.95857499945123,72.18529447304479,one shared preloaded model
conv-47-qa-68,pure_liquid,3.394219473691345,5.9196000001975335,55.98297500000626,65.29679447389515,one shared preloaded model
conv-47-qa-69,pure_liquid,3.394219473691345,10.270200000377372,55.98297500000626,69.64739447407499,one shared preloaded model
conv-47-qa-70,pure_liquid,3.394219473691345,9.957499998563435,55.98297500000626,69.33469447226105,one shared preloaded model
conv-47-qa-71,pure_liquid,3.394219473691345,9.856500000751112,55.98297500000626,69.23369447444873,one shared preloaded model
conv-47-qa-72,pure_liquid,3.394219473691345,6.321200002275873,53.932650000206195,63.64806947617341,one shared preloaded model
conv-47-qa-73,pure_liquid,3.394219473691345,6.837000000814442,53.932650000206195,64.16386947471199,one shared preloaded model
conv-47-qa-74,pure_liquid,3.394219473691345,6.849000001238892,53.932650000206195,64.17586947513644,one shared preloaded model
conv-47-qa-75,pure_liquid,3.394219473691345,7.14479999805917,53.932650000206195,64.47166947195672,one shared preloaded model
conv-47-qa-76,pure_liquid,3.394219473691345,6.032000001141569,69.75865000003978,79.1848694748727,one shared preloaded model
conv-47-qa-77,pure_liquid,3.394219473691345,7.368700000370154,69.75865000003978,80.52156947410128,one shared preloaded model
conv-47-qa-78,pure_liquid,3.394219473691345,7.483699999283999,69.75865000003978,80.63656947301513,one shared preloaded model
conv-47-qa-79,pure_liquid,3.394219473691345,10.1329999997688,69.75865000003978,83.28586947349993,one shared preloaded model
conv-47-qa-80,pure_liquid,3.394219473691345,6.438899999920977,67.67089999993914,77.50401947355147,one shared preloaded model
conv-47-qa-81,pure_liquid,3.394219473691345,7.146200001443503,67.67089999993914,78.21131947507399,one shared preloaded model
conv-47-qa-82,pure_liquid,3.394219473691345,7.311900000786409,67.67089999993914,78.3770194744169,one shared preloaded model
conv-47-qa-83,pure_liquid,3.394219473691345,6.407700002455385,67.67089999993914,77.47281947608587,one shared preloaded model
conv-47-qa-84,pure_liquid,3.394219473691345,5.9168999978282955,70.11934999991354,79.43046947143318,one shared preloaded model
conv-47-qa-85,pure_liquid,3.394219473691345,5.822800001624273,70.11934999991354,79.33636947522916,one shared preloaded model
conv-47-qa-86,pure_liquid,3.394219473691345,9.449199998925906,70.11934999991354,82.9627694725308,one shared preloaded model
conv-47-qa-87,pure_liquid,3.394219473691345,10.008999997808132,70.11934999991354,83.52256947141302,one shared preloaded model
conv-47-qa-88,pure_liquid,3.394219473691345,6.3489000021945685,43.24432500015973,52.987444476045646,one shared preloaded model
conv-47-qa-89,pure_liquid,3.394219473691345,8.793500001047505,43.24432500015973,55.43204447489858,one shared preloaded model
conv-47-qa-90,pure_liquid,3.394219473691345,11.215899998205714,43.24432500015973,57.85444447205679,one shared preloaded model
conv-47-qa-91,pure_liquid,3.394219473691345,10.31929999953718,43.24432500015973,56.957844473388256,one shared preloaded model
conv-47-qa-92,pure_liquid,3.394219473691345,7.967199999256991,31.122925000090618,42.48434447303895,one shared preloaded model
conv-47-qa-93,pure_liquid,3.394219473691345,10.47899999684887,31.122925000090618,44.99614447063083,one shared preloaded model
conv-47-qa-94,pure_liquid,3.394219473691345,10.040299999673152,31.122925000090618,44.557444473455114,one shared preloaded model
conv-47-qa-95,pure_liquid,3.394219473691345,9.846299999480834,31.122925000090618,44.363444473262795,one shared preloaded model
conv-47-qa-96,pure_liquid,3.394219473691345,10.34060000165482,50.176400000054855,63.91121947540102,one shared preloaded model
conv-47-qa-97,pure_liquid,3.394219473691345,10.390900002676062,50.176400000054855,63.96151947642226,one shared preloaded model
conv-47-qa-98,pure_liquid,3.394219473691345,10.56090000201948,50.176400000054855,64.13151947576569,one shared preloaded model
conv-47-qa-99,pure_liquid,3.394219473691345,9.895299997879192,50.176400000054855,63.46591947162539,one shared preloaded model
conv-47-qa-100,pure_liquid,3.394219473691345,7.027499999821885,51.52575000010984,61.947469473623066,one shared preloaded model
conv-47-qa-101,pure_liquid,3.394219473691345,7.553800001915079,51.52575000010984,62.47376947571626,one shared preloaded model
conv-47-qa-102,pure_liquid,3.394219473691345,7.170100001530955,51.52575000010984,62.090069475332136,one shared preloaded model
conv-47-qa-103,pure_liquid,3.394219473691345,10.578800000075717,51.52575000010984,65.4987694738769,one shared preloaded model
conv-47-qa-104,pure_liquid,3.394219473691345,5.889299998671049,101.38300000016898,110.66651947253138,one shared preloaded model
conv-47-qa-105,pure_liquid,3.394219473691345,7.044500001939014,101.38300000016898,111.82171947579934,one shared preloaded model
conv-47-qa-106,pure_liquid,3.394219473691345,6.864599999971688,101.38300000016898,111.64181947383202,one shared preloaded model
conv-47-qa-107,pure_liquid,3.394219473691345,10.650700001860969,101.38300000016898,115.4279194757213,one shared preloaded model
conv-47-qa-108,pure_liquid,3.394219473691345,6.519500002468703,52.5120499996774,62.42576947583745,one shared preloaded model
conv-47-qa-109,pure_liquid,3.394219473691345,8.594799997808877,52.5120499996774,64.50106947117763,one shared preloaded model
conv-47-qa-110,pure_liquid,3.394219473691345,10.153900002478622,52.5120499996774,66.06016947584737,one shared preloaded model
conv-47-qa-111,pure_liquid,3.394219473691345,10.599199998978293,52.5120499996774,66.50546947234704,one shared preloaded model
conv-47-qa-112,pure_liquid,3.394219473691345,6.354900000587804,91.51392500007205,101.2630444743512,one shared preloaded model
conv-47-qa-113,pure_liquid,3.394219473691345,7.180500000686152,91.51392500007205,102.08864447444955,one shared preloaded model
conv-47-qa-114,pure_liquid,3.394219473691345,5.439100001240149,91.51392500007205,100.34724447500355,one shared preloaded model
conv-47-qa-115,pure_liquid,3.394219473691345,6.292000001849374,91.51392500007205,101.20014447561277,one shared preloaded model
conv-47-qa-116,pure_liquid,3.394219473691345,6.356800000503426,58.58360000001994,68.33461947421472,one shared preloaded model
conv-47-qa-117,pure_liquid,3.394219473691345,10.400899998785462,58.58360000001994,72.37871947249675,one shared preloaded model
conv-47-qa-118,pure_liquid,3.394219473691345,10.015399999247165,58.58360000001994,71.99321947295846,one shared preloaded model
conv-47-qa-119,pure_liquid,3.394219473691345,9.798099999898113,58.58360000001994,71.7759194736094,one shared preloaded model
conv-47-qa-120,pure_liquid,3.394219473691345,5.843699997058138,62.57367499983957,71.81159447058906,one shared preloaded model
conv-47-qa-121,pure_liquid,3.394219473691345,7.540099999459926,62.57367499983957,73.50799447299084,one shared preloaded model
conv-47-qa-122,pure_liquid,3.394219473691345,6.510999999591149,62.57367499983957,72.47889447312207,one shared preloaded model
conv-47-qa-123,pure_liquid,3.394219473691345,6.726400002662558,62.57367499983957,72.69429447619348,one shared preloaded model
conv-47-qa-124,pure_liquid,3.394219473691345,6.040399999619694,64.3703750001805,73.80499447349155,one shared preloaded model
conv-47-qa-125,pure_liquid,3.394219473691345,6.5970999967248645,64.3703750001805,74.36169447059672,one shared preloaded model
conv-47-qa-126,pure_liquid,3.394219473691345,7.544100000814069,64.3703750001805,75.30869447468592,one shared preloaded model
conv-47-qa-127,pure_liquid,3.394219473691345,6.3704999993206,64.3703750001805,74.13509447319245,one shared preloaded model
conv-47-qa-128,pure_liquid,3.394219473691345,6.246799999644281,43.17082499983371,52.81184447316934,one shared preloaded model
conv-47-qa-129,pure_liquid,3.394219473691345,6.952299998374656,43.17082499983371,53.51734447189971,one shared preloaded model
conv-47-qa-130,pure_liquid,3.394219473691345,6.792500000301516,43.17082499983371,53.35754447382657,one shared preloaded model
conv-47-qa-131,pure_liquid,3.394219473691345,7.500799998524599,43.17082499983371,54.065844472049655,one shared preloaded model
conv-47-qa-132,pure_liquid,3.394219473691345,10.068599996884586,50.265699999727076,63.728519470303006,one shared preloaded model
conv-47-qa-133,pure_liquid,3.394219473691345,10.378900002251612,50.265699999727076,64.03881947567004,one shared preloaded model
conv-47-qa-134,pure_liquid,3.394219473691345,9.915800001181196,50.265699999727076,63.575719474599616,one shared preloaded model
conv-47-qa-135,pure_liquid,3.394219473691345,10.564200001681456,50.265699999727076,64.22411947509988,one shared preloaded model
conv-47-qa-136,pure_liquid,3.394219473691345,6.307999999989988,81.43087499956891,91.13309447325025,one shared preloaded model
conv-47-qa-137,pure_liquid,3.394219473691345,7.23909999942407,81.43087499956891,92.06419447268433,one shared preloaded model
conv-47-qa-138,pure_liquid,3.394219473691345,6.37769999957527,81.43087499956891,91.20279447283554,one shared preloaded model
conv-47-qa-139,pure_liquid,3.394219473691345,6.592999998247251,81.43087499956891,91.41809447150752,one shared preloaded model
conv-47-qa-140,pure_liquid,3.394219473691345,6.984399999055313,92.43022499958897,102.80884447233564,one shared preloaded model
conv-47-qa-141,pure_liquid,3.394219473691345,6.738900003256276,92.43022499958897,102.5633444765366,one shared preloaded model
conv-47-qa-142,pure_liquid,3.394219473691345,8.229299997765338,92.43022499958897,104.05374447104566,one shared preloaded model
conv-47-qa-143,pure_liquid,3.394219473691345,6.3229000006685965,92.43022499958897,102.14734447394892,one shared preloaded model
conv-47-qa-144,pure_liquid,3.394219473691345,6.823300001997268,81.76834999994753,91.98586947563615,one shared preloaded model
conv-47-qa-145,pure_liquid,3.394219473691345,7.400900001812261,81.76834999994753,92.56346947545114,one shared preloaded model
conv-47-qa-146,pure_liquid,3.394219473691345,10.376299997005844,81.76834999994753,95.53886947064473,one shared preloaded model
conv-47-qa-147,pure_liquid,3.394219473691345,9.783299999980954,81.76834999994753,94.94586947361984,one shared preloaded model
conv-47-qa-148,pure_liquid,3.394219473691345,6.843799998023314,67.20235000011598,77.44036947183065,one shared preloaded model
conv-47-qa-149,pure_liquid,3.394219473691345,7.240799997816794,67.20235000011598,77.83736947162413,one shared preloaded model
conv-47-qa-150,pure_liquid,3.394219473691345,10.320599998522084,67.20235000011598,80.91716947232942,one shared preloaded model
conv-47-qa-151,pure_liquid,3.394219473691345,7.4621000021579675,67.20235000011598,78.0586694759653,one shared preloaded model
conv-47-qa-152,pure_liquid,3.394219473691345,6.010299999616109,67.78142500024842,77.18594447355588,one shared preloaded model
conv-47-qa-153,pure_liquid,3.394219473691345,10.47639999887906,67.78142500024842,81.65204447281883,one shared preloaded model
conv-47-qa-154,pure_liquid,3.394219473691345,10.454899998876499,67.78142500024842,81.63054447281627,one shared preloaded model
conv-47-qa-155,pure_liquid,3.394219473691345,10.396000001492212,67.78142500024842,81.57164447543198,one shared preloaded model
conv-47-qa-156,pure_liquid,3.394219473691345,6.456999999500113,72.13367499934975,81.98489447254121,one shared preloaded model
conv-47-qa-157,pure_liquid,3.394219473691345,6.432099999074126,72.13367499934975,81.95999447211523,one shared preloaded model
conv-47-qa-158,pure_liquid,3.394219473691345,10.540200000832556,72.13367499934975,86.06809447387366,one shared preloaded model
conv-47-qa-159,pure_liquid,3.394219473691345,10.009999998146668,72.13367499934975,85.53789447118777,one shared preloaded model
conv-47-qa-160,pure_liquid,3.394219473691345,6.960399998206412,55.27609999990091,65.63071947179867,one shared preloaded model
conv-47-qa-161,pure_liquid,3.394219473691345,10.597600001347018,55.27609999990091,69.26791947493928,one shared preloaded model
conv-47-qa-162,pure_liquid,3.394219473691345,10.62380000075791,55.27609999990091,69.29411947435017,one shared preloaded model
conv-47-qa-163,pure_liquid,3.394219473691345,10.439800000312971,55.27609999990091,69.11011947390523,one shared preloaded model
conv-47-qa-164,pure_liquid,3.394219473691345,6.316099999821745,97.68505000010919,107.39536947362228,one shared preloaded model
conv-47-qa-165,pure_liquid,3.394219473691345,10.05309999891324,97.68505000010919,111.13236947271378,one shared preloaded model
conv-47-qa-166,pure_liquid,3.394219473691345,10.13759999841568,97.68505000010919,111.21686947221622,one shared preloaded model
conv-47-qa-167,pure_liquid,3.394219473691345,8.056400001805741,97.68505000010919,109.13566947560628,one shared preloaded model
conv-47-qa-168,pure_liquid,3.394219473691345,6.214299999555806,33.06654999960301,42.67506947285016,one shared preloaded model
conv-47-qa-169,pure_liquid,3.394219473691345,7.131499998649815,33.06654999960301,43.59226947194417,one shared preloaded model
conv-47-qa-170,pure_liquid,3.394219473691345,10.174200000619749,33.06654999960301,46.634969473914104,one shared preloaded model
conv-47-qa-171,pure_liquid,3.394219473691345,9.595999999874039,33.06654999960301,46.056769473168394,one shared preloaded model
conv-47-qa-172,pure_liquid,3.394219473691345,9.028899999975692,69.04237500020827,81.46549447387531,one shared preloaded model
conv-47-qa-173,pure_liquid,3.394219473691345,7.79079999847454,69.04237500020827,80.22739447237416,one shared preloaded model
conv-47-qa-174,pure_liquid,3.394219473691345,10.63350000185892,69.04237500020827,83.07009447575854,one shared preloaded model
conv-47-qa-175,pure_liquid,3.394219473691345,10.893200000282377,69.04237500020827,83.329794474182,one shared preloaded model
conv-47-qa-176,pure_liquid,3.394219473691345,6.526599998323945,51.268775000608,61.18959447262329,one shared preloaded model
conv-47-qa-177,pure_liquid,3.394219473691345,7.410599999275291,51.268775000608,62.07359447357464,one shared preloaded model
conv-47-qa-178,pure_liquid,3.394219473691345,7.088000002113404,51.268775000608,61.75099447641275,one shared preloaded model
conv-47-qa-179,pure_liquid,3.394219473691345,10.937099999864586,51.268775000608,65.60009447416394,one shared preloaded model
conv-47-qa-180,pure_liquid,3.394219473691345,6.821899998612935,92.2811250002269,102.49724447253118,one shared preloaded model
conv-47-qa-181,pure_liquid,3.394219473691345,10.075199999846518,92.2811250002269,105.75054447376476,one shared preloaded model
conv-47-qa-182,pure_liquid,3.394219473691345,10.95990000249003,92.2811250002269,106.63524447640827,one shared preloaded model
conv-47-qa-183,pure_liquid,3.394219473691345,9.515000001556473,92.2811250002269,105.19034447547472,one shared preloaded model
conv-47-qa-184,pure_liquid,3.394219473691345,6.432400001358474,78.16640000055486,87.99301947560468,one shared preloaded model
conv-47-qa-185,pure_liquid,3.394219473691345,11.08820000081323,78.16640000055486,92.64881947505944,one shared preloaded model
conv-47-qa-186,pure_liquid,3.394219473691345,10.21299999774783,78.16640000055486,91.77361947199404,one shared preloaded model
conv-47-qa-187,pure_liquid,3.394219473691345,7.182699999248143,78.16640000055486,88.74331947349435,one shared preloaded model
conv-47-qa-188,pure_liquid,3.394219473691345,6.55430000188062,113.72830000073009,123.67681947630206,one shared preloaded model
conv-47-qa-189,pure_liquid,3.394219473691345,7.221600000775652,113.72830000073009,124.34411947519709,one shared preloaded model
conv-48-qa-0,pure_liquid,2.427628870292861,11.44180000119377,57.0909500002017,70.96037887168833,one shared preloaded model
conv-48-qa-1,pure_liquid,2.427628870292861,10.285500000463799,57.0909500002017,69.80407887095836,one shared preloaded model
conv-48-qa-2,pure_liquid,2.427628870292861,10.31689999945229,57.0909500002017,69.83547886994685,one shared preloaded model
conv-48-qa-3,pure_liquid,2.427628870292861,10.01170000017737,57.0909500002017,69.53027887067194,one shared preloaded model
conv-48-qa-4,pure_liquid,2.427628870292861,5.9848000018973835,89.49575000042387,97.90817887261412,one shared preloaded model
conv-48-qa-5,pure_liquid,2.427628870292861,7.939699997223215,89.49575000042387,99.86307886793995,one shared preloaded model
conv-48-qa-6,pure_liquid,2.427628870292861,10.418699999718228,89.49575000042387,102.34207887043496,one shared preloaded model
conv-48-qa-7,pure_liquid,2.427628870292861,9.950499999831663,89.49575000042387,101.8738788705484,one shared preloaded model
conv-48-qa-8,pure_liquid,2.427628870292861,6.633299999521114,54.995949999465665,64.05687886927964,one shared preloaded model
conv-48-qa-9,pure_liquid,2.427628870292861,5.458199997519841,54.995949999465665,62.88177886727837,one shared preloaded model
conv-48-qa-10,pure_liquid,2.427628870292861,5.724299997382332,54.995949999465665,63.14787886714086,one shared preloaded model
conv-48-qa-11,pure_liquid,2.427628870292861,6.649800001468975,54.995949999465665,64.0733788712275,one shared preloaded model
conv-48-qa-12,pure_liquid,2.427628870292861,5.910500000027241,54.76509999971313,63.103228870033234,one shared preloaded model
conv-48-qa-13,pure_liquid,2.427628870292861,6.441000001359498,54.76509999971313,63.63372887136549,one shared preloaded model
conv-48-qa-14,pure_liquid,2.427628870292861,6.492900000012014,54.76509999971313,63.68562887001801,one shared preloaded model
conv-48-qa-15,pure_liquid,2.427628870292861,6.4342000005126465,54.76509999971313,63.62692887051864,one shared preloaded model
conv-48-qa-16,pure_liquid,2.427628870292861,6.346000001940411,70.82675000037852,79.6003788726118,one shared preloaded model
conv-48-qa-17,pure_liquid,2.427628870292861,6.620399999519577,70.82675000037852,79.87477887019097,one shared preloaded model
conv-48-qa-18,pure_liquid,2.427628870292861,10.293899998941924,70.82675000037852,83.54827886961331,one shared preloaded model
conv-48-qa-19,pure_liquid,2.427628870292861,9.748300002684118,70.82675000037852,83.0026788733555,one shared preloaded model
conv-48-qa-20,pure_liquid,2.427628870292861,5.963399999018293,98.90474999974685,107.29577886905801,one shared preloaded model
conv-48-qa-21,pure_liquid,2.427628870292861,7.667199999559671,98.90474999974685,108.99957886959939,one shared preloaded model
conv-48-qa-22,pure_liquid,2.427628870292861,9.65619999988121,98.90474999974685,110.98857886992093,one shared preloaded model
conv-48-qa-23,pure_liquid,2.427628870292861,6.942300002265256,98.90474999974685,108.27467887230497,one shared preloaded model
conv-48-qa-24,pure_liquid,2.427628870292861,6.528400001116097,58.36062500020489,67.31665387161385,one shared preloaded model
conv-48-qa-25,pure_liquid,2.427628870292861,10.712100000091596,58.36062500020489,71.50035387058935,one shared preloaded model
conv-48-qa-26,pure_liquid,2.427628870292861,10.516799997276394,58.36062500020489,71.30505386777415,one shared preloaded model
conv-48-qa-27,pure_liquid,2.427628870292861,9.824100001424085,58.36062500020489,70.61235387192184,one shared preloaded model
conv-48-qa-28,pure_liquid,2.427628870292861,6.021900000632741,61.64695000006759,70.0964788709932,one shared preloaded model
conv-48-qa-29,pure_liquid,2.427628870292861,7.231600000523031,61.64695000006759,71.30617887088349,one shared preloaded model
conv-48-qa-30,pure_liquid,2.427628870292861,6.9720999999844935,61.64695000006759,71.04667887034495,one shared preloaded model
conv-48-qa-31,pure_liquid,2.427628870292861,6.820700000389479,61.64695000006759,70.89527887074993,one shared preloaded model
conv-48-qa-32,pure_liquid,2.427628870292861,6.095600001572166,94.71559999929013,103.23882887115516,one shared preloaded model
conv-48-qa-33,pure_liquid,2.427628870292861,6.125399999291403,94.71559999929013,103.2686288688744,one shared preloaded model
conv-48-qa-34,pure_liquid,2.427628870292861,5.4439999985334,94.71559999929013,102.5872288681164,one shared preloaded model
conv-48-qa-35,pure_liquid,2.427628870292861,6.346899997879518,94.71559999929013,103.49012886746252,one shared preloaded model
conv-48-qa-36,pure_liquid,2.427628870292861,6.860900000901893,100.46402499938267,109.75255387057743,one shared preloaded model
conv-48-qa-37,pure_liquid,2.427628870292861,10.632299999997485,100.46402499938267,113.52395386967302,one shared preloaded model
conv-48-qa-38,pure_liquid,2.427628870292861,10.331599998607999,100.46402499938267,113.22325386828354,one shared preloaded model
conv-48-qa-39,pure_liquid,2.427628870292861,10.092199998325668,100.46402499938267,112.9838538680012,one shared preloaded model
conv-48-qa-40,pure_liquid,2.427628870292861,6.162099998618942,93.25929999977234,101.84902886868414,one shared preloaded model
conv-48-qa-41,pure_liquid,2.427628870292861,6.311900000582682,93.25929999977234,101.99882887064788,one shared preloaded model
conv-48-qa-42,pure_liquid,2.427628870292861,9.221299998898758,93.25929999977234,104.90822886896396,one shared preloaded model
conv-48-qa-43,pure_liquid,2.427628870292861,9.626300001400523,93.25929999977234,105.31322887146572,one shared preloaded model
conv-48-qa-44,pure_liquid,2.427628870292861,6.83980000030715,96.72074999980396,105.98817887040397,one shared preloaded model
conv-48-qa-45,pure_liquid,2.427628870292861,10.237099999358179,96.72074999980396,109.385478869455,one shared preloaded model
conv-48-qa-46,pure_liquid,2.427628870292861,6.916100002854364,96.72074999980396,106.06447887295118,one shared preloaded model
conv-48-qa-47,pure_liquid,2.427628870292861,10.456199997861404,96.72074999980396,109.60457886795822,one shared preloaded model
conv-48-qa-48,pure_liquid,2.427628870292861,6.00529999792343,89.69557500040537,98.12850386862166,one shared preloaded model
conv-48-qa-49,pure_liquid,2.427628870292861,7.245200002216734,89.69557500040537,99.36840387291497,one shared preloaded model
conv-48-qa-50,pure_liquid,2.427628870292861,6.83240000216756,89.69557500040537,98.9556038728658,one shared preloaded model
conv-48-qa-51,pure_liquid,2.427628870292861,9.988699999667006,89.69557500040537,102.11190387036524,one shared preloaded model
conv-48-qa-52,pure_liquid,2.427628870292861,6.580799999937881,92.87832500012883,101.88675387035957,one shared preloaded model
conv-48-qa-53,pure_liquid,2.427628870292861,10.504400001082104,92.87832500012883,105.81035387150379,one shared preloaded model
conv-48-qa-54,pure_liquid,2.427628870292861,10.508300001674797,92.87832500012883,105.81425387209649,one shared preloaded model
conv-48-qa-55,pure_liquid,2.427628870292861,10.989599999447819,92.87832500012883,106.29555386986951,one shared preloaded model
conv-48-qa-56,pure_liquid,2.427628870292861,6.653200001892401,86.61402500001714,95.6948538722024,one shared preloaded model
conv-48-qa-57,pure_liquid,2.427628870292861,8.839499998430256,86.61402500001714,97.88115386874026,one shared preloaded model
conv-48-qa-58,pure_liquid,2.427628870292861,10.132299998076633,86.61402500001714,99.17395386838663,one shared preloaded model
conv-48-qa-59,pure_liquid,2.427628870292861,10.214500001893612,86.61402500001714,99.25615387220361,one shared preloaded model
conv-48-qa-60,pure_liquid,2.427628870292861,6.509700000606244,97.08479999972042,106.02212887061953,one shared preloaded model
conv-48-qa-61,pure_liquid,2.427628870292861,6.424600000173086,97.08479999972042,105.93702887018637,one shared preloaded model
conv-48-qa-62,pure_liquid,2.427628870292861,6.16240000090329,97.08479999972042,105.67482887091657,one shared preloaded model
conv-48-qa-63,pure_liquid,2.427628870292861,6.435999999666819,97.08479999972042,105.9484288696801,one shared preloaded model
conv-48-qa-64,pure_liquid,2.427628870292861,6.108300000050804,92.08297500026674,100.61890387061041,one shared preloaded model
conv-48-qa-65,pure_liquid,2.427628870292861,6.452100002206862,92.08297500026674,100.96270387276647,one shared preloaded model
conv-48-qa-66,pure_liquid,2.427628870292861,6.089599999540951,92.08297500026674,100.60020387010056,one shared preloaded model
conv-48-qa-67,pure_liquid,2.427628870292861,7.073100001434796,92.08297500026674,101.5837038719944,one shared preloaded model
conv-48-qa-68,pure_liquid,2.427628870292861,7.128799999918556,95.60809999948106,105.16452886969248,one shared preloaded model
conv-48-qa-69,pure_liquid,2.427628870292861,7.2872000018833205,95.60809999948106,105.32292887165724,one shared preloaded model
conv-48-qa-70,pure_liquid,2.427628870292861,10.571599999821046,95.60809999948106,108.60732886959497,one shared preloaded model
conv-48-qa-71,pure_liquid,2.427628870292861,10.114000000612577,95.60809999948106,108.1497288703865,one shared preloaded model
conv-48-qa-72,pure_liquid,2.427628870292861,6.584799997654045,58.70580000009795,67.71822886804486,one shared preloaded model
conv-48-qa-73,pure_liquid,2.427628870292861,9.945500001776963,58.70580000009795,71.07892887216778,one shared preloaded model
conv-48-qa-74,pure_liquid,2.427628870292861,10.589800000161631,58.70580000009795,71.72322887055245,one shared preloaded model
conv-48-qa-75,pure_liquid,2.427628870292861,7.324000001972308,58.70580000009795,68.45742887236312,one shared preloaded model
conv-48-qa-76,pure_liquid,2.427628870292861,5.807199999253498,58.01774999963527,66.25257886918163,one shared preloaded model
conv-48-qa-77,pure_liquid,2.427628870292861,10.146500000701053,58.01774999963527,70.59187887062919,one shared preloaded model
conv-48-qa-78,pure_liquid,2.427628870292861,8.636800001113443,58.01774999963527,69.08217887104158,one shared preloaded model
conv-48-qa-79,pure_liquid,2.427628870292861,10.04330000068876,58.01774999963527,70.4886788706169,one shared preloaded model
conv-48-qa-80,pure_liquid,2.427628870292861,5.917299997236114,113.39787500037346,121.74280386790244,one shared preloaded model
conv-48-qa-81,pure_liquid,2.427628870292861,6.3269000020227395,113.39787500037346,122.15240387268906,one shared preloaded model
conv-48-qa-82,pure_liquid,2.427628870292861,6.590599998162361,113.39787500037346,122.41610386882869,one shared preloaded model
conv-48-qa-83,pure_liquid,2.427628870292861,7.196200000180397,113.39787500037346,123.02170387084672,one shared preloaded model
conv-48-qa-84,pure_liquid,2.427628870292861,6.335300000500865,85.26767500006827,94.030603870862,one shared preloaded model
conv-48-qa-85,pure_liquid,2.427628870292861,7.374199998594122,85.26767500006827,95.06950386895525,one shared preloaded model
conv-48-qa-86,pure_liquid,2.427628870292861,10.342199999286095,85.26767500006827,98.03750386964722,one shared preloaded model
conv-48-qa-87,pure_liquid,2.427628870292861,9.871199999906821,85.26767500006827,97.56650387026795,one shared preloaded model
conv-48-qa-88,pure_liquid,2.427628870292861,6.414300001779338,97.38702499998908,106.22895387206128,one shared preloaded model
conv-48-qa-89,pure_liquid,2.427628870292861,6.707600001391256,97.38702499998908,106.5222538716732,one shared preloaded model
conv-48-qa-90,pure_liquid,2.427628870292861,9.949999999662396,97.38702499998908,109.76465386994434,one shared preloaded model
conv-48-qa-91,pure_liquid,2.427628870292861,9.92690000202856,97.38702499998908,109.7415538723105,one shared preloaded model
conv-48-qa-92,pure_liquid,2.427628870292861,6.623199999012286,28.594675000022107,37.64550386932726,one shared preloaded model
conv-48-qa-93,pure_liquid,2.427628870292861,10.53680000040913,28.594675000022107,41.5591038707241,one shared preloaded model
conv-48-qa-94,pure_liquid,2.427628870292861,10.59729999906267,28.594675000022107,41.61960386937764,one shared preloaded model
conv-48-qa-95,pure_liquid,2.427628870292861,9.899000000586966,28.594675000022107,40.92130387090194,one shared preloaded model
conv-48-qa-96,pure_liquid,2.427628870292861,10.08680000086315,56.8604249992859,69.37485387044191,one shared preloaded model
conv-48-qa-97,pure_liquid,2.427628870292861,10.286299999279436,56.8604249992859,69.5743538688582,one shared preloaded model
conv-48-qa-98,pure_liquid,2.427628870292861,10.175799998251023,56.8604249992859,69.46385386782978,one shared preloaded model
conv-48-qa-99,pure_liquid,2.427628870292861,10.68680000025779,56.8604249992859,69.97485386983655,one shared preloaded model
conv-48-qa-100,pure_liquid,2.427628870292861,6.396000000677304,73.3813500000906,82.20497887106077,one shared preloaded model
conv-48-qa-101,pure_liquid,2.427628870292861,5.919799998082453,73.3813500000906,81.72877886846592,one shared preloaded model
conv-48-qa-102,pure_liquid,2.427628870292861,10.175899999012472,73.3813500000906,85.98487886939594,one shared preloaded model
conv-48-qa-103,pure_liquid,2.427628870292861,10.512299999390962,73.3813500000906,86.32127886977443,one shared preloaded model
conv-48-qa-104,pure_liquid,2.427628870292861,6.981999998970423,61.12875000053464,70.53837886979792,one shared preloaded model
conv-48-qa-105,pure_liquid,2.427628870292861,10.121299997990718,61.12875000053464,73.67767886881822,one shared preloaded model
conv-48-qa-106,pure_liquid,2.427628870292861,10.596200001600664,61.12875000053464,74.15257887242817,one shared preloaded model
conv-48-qa-107,pure_liquid,2.427628870292861,10.109200000442797,61.12875000053464,73.6655788712703,one shared preloaded model
conv-48-qa-108,pure_liquid,2.427628870292861,6.486399997811532,62.46367500079941,71.37770386890381,one shared preloaded model
conv-48-qa-109,pure_liquid,2.427628870292861,7.54620000225259,62.46367500079941,72.43750387334487,one shared preloaded model
conv-48-qa-110,pure_liquid,2.427628870292861,7.569199999124976,62.46367500079941,72.46050387021725,one shared preloaded model
conv-48-qa-111,pure_liquid,2.427628870292861,7.216100002551684,62.46367500079941,72.10740387364396,one shared preloaded model
conv-48-qa-112,pure_liquid,2.427628870292861,6.039299998519709,53.215300000374555,61.68222886918713,one shared preloaded model
conv-48-qa-113,pure_liquid,2.427628870292861,6.404600000678329,53.215300000374555,62.04752887134575,one shared preloaded model
conv-48-qa-114,pure_liquid,2.427628870292861,6.337899998470675,53.215300000374555,61.980828869138094,one shared preloaded model
conv-48-qa-115,pure_liquid,2.427628870292861,7.793300002958858,53.215300000374555,63.43622887362628,one shared preloaded model
conv-48-qa-116,pure_liquid,2.427628870292861,6.192099997861078,88.33542499996838,96.95515386812232,one shared preloaded model
conv-48-qa-117,pure_liquid,2.427628870292861,10.733300001447788,88.33542499996838,101.49635387170903,one shared preloaded model
conv-48-qa-118,pure_liquid,2.427628870292861,10.542699998040916,88.33542499996838,101.30575386830216,one shared preloaded model
conv-48-qa-119,pure_liquid,2.427628870292861,8.017099997232435,88.33542499996838,98.78015386749368,one shared preloaded model
conv-48-qa-120,pure_liquid,2.427628870292861,7.214500001282431,42.091549999895506,51.7336788714708,one shared preloaded model
conv-48-qa-121,pure_liquid,2.427628870292861,10.916999999608379,42.091549999895506,55.43617886979675,one shared preloaded model
conv-48-qa-122,pure_liquid,2.427628870292861,11.223699999391101,42.091549999895506,55.74287886957947,one shared preloaded model
conv-48-qa-123,pure_liquid,2.427628870292861,10.73539999924833,42.091549999895506,55.2545788694367,one shared preloaded model
conv-48-qa-124,pure_liquid,2.427628870292861,10.047499999927823,72.19205000001239,84.66717887023307,one shared preloaded model
conv-48-qa-125,pure_liquid,2.427628870292861,10.42339999912656,72.19205000001239,85.04307886943181,one shared preloaded model
conv-48-qa-126,pure_liquid,2.427628870292861,10.13759999841568,72.19205000001239,84.75727886872093,one shared preloaded model
conv-48-qa-127,pure_liquid,2.427628870292861,10.900400000537047,72.19205000001239,85.5200788708423,one shared preloaded model
conv-48-qa-128,pure_liquid,2.427628870292861,6.978000001254259,72.32579999981681,81.73142887136393,one shared preloaded model
conv-48-qa-129,pure_liquid,2.427628870292861,10.191699999268167,72.32579999981681,84.94512886937784,one shared preloaded model
conv-48-qa-130,pure_liquid,2.427628870292861,10.010899997723754,72.32579999981681,84.76432886783343,one shared preloaded model
conv-48-qa-131,pure_liquid,2.427628870292861,6.216000001586508,72.32579999981681,80.96942887169618,one shared preloaded model
conv-48-qa-132,pure_liquid,2.427628870292861,6.176000002596993,46.66322499997477,55.26685387286463,one shared preloaded model
conv-48-qa-133,pure_liquid,2.427628870292861,7.7688999990641605,46.66322499997477,56.8597538693318,one shared preloaded model
conv-48-qa-134,pure_liquid,2.427628870292861,9.737199998198776,46.66322499997477,58.82805386846641,one shared preloaded model
conv-48-qa-135,pure_liquid,2.427628870292861,10.063400000944966,46.66322499997477,59.1542538712126,one shared preloaded model
conv-48-qa-136,pure_liquid,2.427628870292861,10.147799999685958,61.68877500022063,74.26420387019945,one shared preloaded model
conv-48-qa-137,pure_liquid,2.427628870292861,10.664400000678143,61.68877500022063,74.78080387119164,one shared preloaded model
conv-48-qa-138,pure_liquid,2.427628870292861,10.852700001123594,61.68877500022063,74.96910387163709,one shared preloaded model
conv-48-qa-139,pure_liquid,2.427628870292861,10.143700001208344,61.68877500022063,74.26010387172184,one shared preloaded model
conv-48-qa-140,pure_liquid,2.427628870292861,5.878700001630932,50.55477499990957,58.861103871833365,one shared preloaded model
conv-48-qa-141,pure_liquid,2.427628870292861,6.993099999817787,50.55477499990957,59.97550387002022,one shared preloaded model
conv-48-qa-142,pure_liquid,2.427628870292861,7.064500001433771,50.55477499990957,60.046903871636204,one shared preloaded model
conv-48-qa-143,pure_liquid,2.427628870292861,11.06430000072578,50.55477499990957,64.04670387092821,one shared preloaded model
conv-48-qa-144,pure_liquid,2.427628870292861,5.843699997058138,58.14455000017915,66.41587886753015,one shared preloaded model
conv-48-qa-145,pure_liquid,2.427628870292861,7.196899998234585,58.14455000017915,67.7690788687066,one shared preloaded model
conv-48-qa-146,pure_liquid,2.427628870292861,9.363900000607828,58.14455000017915,69.93607887107984,one shared preloaded model
conv-48-qa-147,pure_liquid,2.427628870292861,6.637999998929445,58.14455000017915,67.21017886940146,one shared preloaded model
conv-48-qa-148,pure_liquid,2.427628870292861,6.2063000004854985,57.94819999937317,66.58212887015154,one shared preloaded model
conv-48-qa-149,pure_liquid,2.427628870292861,7.823899999493733,57.94819999937317,68.19972886915977,one shared preloaded model
conv-48-qa-150,pure_liquid,2.427628870292861,8.336399998370325,57.94819999937317,68.71222886803636,one shared preloaded model
conv-48-qa-151,pure_liquid,2.427628870292861,7.494399997085566,57.94819999937317,67.8702288667516,one shared preloaded model
conv-48-qa-152,pure_liquid,2.427628870292861,6.258299999899464,57.719250000445754,66.40517887063808,one shared preloaded model
conv-48-qa-153,pure_liquid,2.427628870292861,8.820699997158954,57.719250000445754,68.96757886789757,one shared preloaded model
conv-48-qa-154,pure_liquid,2.427628870292861,8.634800000436371,57.719250000445754,68.78167887117499,one shared preloaded model
conv-48-qa-155,pure_liquid,2.427628870292861,10.481799999979557,57.719250000445754,70.62867887071818,one shared preloaded model
conv-48-qa-156,pure_liquid,2.427628870292861,6.321799999568611,50.19189999984519,58.941328869706666,one shared preloaded model
conv-48-qa-157,pure_liquid,2.427628870292861,9.224599998560734,50.19189999984519,61.84412886869879,one shared preloaded model
conv-48-qa-158,pure_liquid,2.427628870292861,10.424299998703646,50.19189999984519,63.0438288688417,one shared preloaded model
conv-48-qa-159,pure_liquid,2.427628870292861,9.579199999279808,50.19189999984519,62.19872886941786,one shared preloaded model
conv-48-qa-160,pure_liquid,2.427628870292861,6.082199997763382,57.00760000036098,65.51742886841723,one shared preloaded model
conv-48-qa-161,pure_liquid,2.427628870292861,6.084299999201903,57.00760000036098,65.51952886985575,one shared preloaded model
conv-48-qa-162,pure_liquid,2.427628870292861,5.667299999913666,57.00760000036098,65.10252887056751,one shared preloaded model
conv-48-qa-163,pure_liquid,2.427628870292861,5.3430000007210765,57.00760000036098,64.77822887137492,one shared preloaded model
conv-48-qa-164,pure_liquid,2.427628870292861,6.531999999424443,38.307275000079244,47.26690386979655,one shared preloaded model
conv-48-qa-165,pure_liquid,2.427628870292861,9.940800002368633,38.307275000079244,50.67570387274074,one shared preloaded model
conv-48-qa-166,pure_liquid,2.427628870292861,10.871599999518367,38.307275000079244,51.606503869890474,one shared preloaded model
conv-48-qa-167,pure_liquid,2.427628870292861,11.06419999996433,38.307275000079244,51.79910387033644,one shared preloaded model
conv-48-qa-168,pure_liquid,2.427628870292861,11.481300000014016,68.57032500010973,82.47925387041661,one shared preloaded model
conv-48-qa-169,pure_liquid,2.427628870292861,10.535099998378428,68.57032500010973,81.53305386878102,one shared preloaded model
conv-48-qa-170,pure_liquid,2.427628870292861,11.18059999862453,68.57032500010973,82.17855386902713,one shared preloaded model
conv-48-qa-171,pure_liquid,2.427628870292861,10.749599998234771,68.57032500010973,81.74755386863737,one shared preloaded model
conv-48-qa-172,pure_liquid,2.427628870292861,9.642500001064036,72.15495000036753,84.22507887172443,one shared preloaded model
conv-48-qa-173,pure_liquid,2.427628870292861,7.716300002357457,72.15495000036753,82.29887887301786,one shared preloaded model
conv-48-qa-174,pure_liquid,2.427628870292861,7.639699997525895,72.15495000036753,82.2222788681863,one shared preloaded model
conv-48-qa-175,pure_liquid,2.427628870292861,6.295800001680618,72.15495000036753,80.87837887234102,one shared preloaded model
conv-48-qa-176,pure_liquid,2.427628870292861,6.529599999339553,51.37459999968996,60.33182886932238,one shared preloaded model
conv-48-qa-177,pure_liquid,2.427628870292861,8.340399999724468,51.37459999968996,62.142628869707295,one shared preloaded model
conv-48-qa-178,pure_liquid,2.427628870292861,7.807300000422401,51.37459999968996,61.60952887040523,one shared preloaded model
conv-48-qa-179,pure_liquid,2.427628870292861,10.041499997896608,51.37459999968996,63.843728867879435,one shared preloaded model
conv-48-qa-180,pure_liquid,2.427628870292861,6.008199998177588,76.41552499990212,84.85135386837257,one shared preloaded model
conv-48-qa-181,pure_liquid,2.427628870292861,7.442199999786681,76.41552499990212,86.28535386998166,one shared preloaded model
conv-48-qa-182,pure_liquid,2.427628870292861,7.586699997773394,76.41552499990212,86.42985386796838,one shared preloaded model
conv-48-qa-183,pure_liquid,2.427628870292861,10.445500000059837,76.41552499990212,89.28865387025482,one shared preloaded model
conv-48-qa-184,pure_liquid,2.427628870292861,6.738300002325559,52.74252500021248,61.908453872830904,one shared preloaded model
conv-48-qa-185,pure_liquid,2.427628870292861,6.319100000837352,52.74252500021248,61.4892538713427,one shared preloaded model
conv-48-qa-186,pure_liquid,2.427628870292861,6.236500001250533,52.74252500021248,61.40665387175588,one shared preloaded model
conv-48-qa-187,pure_liquid,2.427628870292861,7.297600001038518,52.74252500021248,62.46775387154386,one shared preloaded model
conv-48-qa-188,pure_liquid,2.427628870292861,5.9652000018104445,56.00747500011494,64.40030387221825,one shared preloaded model
conv-48-qa-189,pure_liquid,2.427628870292861,6.965399999899091,56.00747500011494,65.40050387030689,one shared preloaded model
conv-48-qa-190,pure_liquid,2.427628870292861,7.585399998788489,56.00747500011494,66.02050386919629,one shared preloaded model
conv-48-qa-191,pure_liquid,2.427628870292861,10.114000000612577,56.00747500011494,68.54910387102038,one shared preloaded model
conv-48-qa-192,pure_liquid,2.427628870292861,5.960800001048483,64.85734999932902,73.24577887067036,one shared preloaded model
conv-48-qa-193,pure_liquid,2.427628870292861,6.460499997047009,64.85734999932902,73.74547886666889,one shared preloaded model
conv-48-qa-194,pure_liquid,2.427628870292861,6.835100000898819,64.85734999932902,74.1200788705207,one shared preloaded model
conv-48-qa-195,pure_liquid,2.427628870292861,10.547600002610125,64.85734999932902,77.832578872232,one shared preloaded model
conv-48-qa-196,pure_liquid,2.427628870292861,6.015699997078627,77.82859999952052,86.27192886689201,one shared preloaded model
conv-48-qa-197,pure_liquid,2.427628870292861,6.4066000013554,77.82859999952052,86.66282887116878,one shared preloaded model
conv-48-qa-198,pure_liquid,2.427628870292861,10.17639999918174,77.82859999952052,90.43262886899512,one shared preloaded model
conv-48-qa-199,pure_liquid,2.427628870292861,11.13949999853503,77.82859999952052,91.39572886834841,one shared preloaded model
conv-48-qa-200,pure_liquid,2.427628870292861,6.6890999987663236,58.76747499951307,67.88420386857226,one shared preloaded model
conv-48-qa-201,pure_liquid,2.427628870292861,9.166900003037881,58.76747499951307,70.36200387284381,one shared preloaded model
conv-48-qa-202,pure_liquid,2.427628870292861,10.171000001719221,58.76747499951307,71.36610387152516,one shared preloaded model
conv-48-qa-203,pure_liquid,2.427628870292861,7.429899997077882,58.76747499951307,68.62500386688382,one shared preloaded model
conv-48-qa-204,pure_liquid,2.427628870292861,6.175800001074094,73.05212499977642,81.65555387114338,one shared preloaded model
conv-48-qa-205,pure_liquid,2.427628870292861,7.477499999367865,73.05212499977642,82.95725386943715,one shared preloaded model
conv-48-qa-206,pure_liquid,2.427628870292861,6.453500001953216,73.05212499977642,81.9332538720225,one shared preloaded model
conv-48-qa-207,pure_liquid,2.427628870292861,7.2722999975667335,73.05212499977642,82.75205386763602,one shared preloaded model
conv-48-qa-208,pure_liquid,2.427628870292861,7.2236000014527235,56.44062499959546,66.09185387134104,one shared preloaded model
conv-48-qa-209,pure_liquid,2.427628870292861,10.086100002808962,56.44062499959546,68.95435387269728,one shared preloaded model
conv-48-qa-210,pure_liquid,2.427628870292861,11.18250000217813,56.44062499959546,70.05075387206645,one shared preloaded model
conv-48-qa-211,pure_liquid,2.427628870292861,9.998800000175834,56.44062499959546,68.86705387006415,one shared preloaded model
conv-48-qa-212,pure_liquid,2.427628870292861,6.004299997584894,54.035799999837764,62.46772886771552,one shared preloaded model
conv-48-qa-213,pure_liquid,2.427628870292861,10.116400000697467,54.035799999837764,66.5798288708281,one shared preloaded model
conv-48-qa-214,pure_liquid,2.427628870292861,10.190000000875443,54.035799999837764,66.65342887100607,one shared preloaded model
conv-48-qa-215,pure_liquid,2.427628870292861,6.70679999893764,54.035799999837764,63.17022886906827,one shared preloaded model
conv-48-qa-216,pure_liquid,2.427628870292861,5.831100002978928,58.01532500026951,66.2740538735413,one shared preloaded model
conv-48-qa-217,pure_liquid,2.427628870292861,6.271899997955188,58.01532500026951,66.71485386851757,one shared preloaded model
conv-48-qa-218,pure_liquid,2.427628870292861,6.744000002072426,58.01532500026951,67.1869538726348,one shared preloaded model
conv-48-qa-219,pure_liquid,2.427628870292861,6.641799998760689,58.01532500026951,67.08475386932307,one shared preloaded model
conv-48-qa-220,pure_liquid,2.427628870292861,6.5024999967135955,30.418899999858695,39.349028866865154,one shared preloaded model
conv-48-qa-221,pure_liquid,2.427628870292861,8.885700000973884,30.418899999858695,41.73222887112544,one shared preloaded model
conv-48-qa-222,pure_liquid,2.427628870292861,10.074400001030881,30.418899999858695,42.92092887118244,one shared preloaded model
conv-48-qa-223,pure_liquid,2.427628870292861,10.113600001204759,30.418899999858695,42.96012887135632,one shared preloaded model
conv-48-qa-224,pure_liquid,2.427628870292861,10.677500002202578,63.66425000032905,76.76937887282449,one shared preloaded model
conv-48-qa-225,pure_liquid,2.427628870292861,10.110200000781333,63.66425000032905,76.20207887140324,one shared preloaded model
conv-48-qa-226,pure_liquid,2.427628870292861,10.135900000022957,63.66425000032905,76.22777887064487,one shared preloaded model
conv-48-qa-227,pure_liquid,2.427628870292861,10.478200001671212,63.66425000032905,76.57007887229312,one shared preloaded model
conv-48-qa-228,pure_liquid,2.427628870292861,6.132799997430993,70.76539999980014,79.325828867524,one shared preloaded model
conv-48-qa-229,pure_liquid,2.427628870292861,8.568899997044355,70.76539999980014,81.76192886713736,one shared preloaded model
conv-48-qa-230,pure_liquid,2.427628870292861,8.576799998991191,70.76539999980014,81.7698288690842,one shared preloaded model
conv-48-qa-231,pure_liquid,2.427628870292861,11.549300001206575,70.76539999980014,84.74232887129958,one shared preloaded model
conv-48-qa-232,pure_liquid,2.427628870292861,6.62219999867375,58.49779999971361,67.54762886868022,one shared preloaded model
conv-48-qa-233,pure_liquid,2.427628870292861,6.519899998238543,58.49779999971361,67.44532886824501,one shared preloaded model
conv-48-qa-234,pure_liquid,2.427628870292861,7.590799999888986,58.49779999971361,68.51622886989546,one shared preloaded model
conv-48-qa-235,pure_liquid,2.427628870292861,10.743800001364434,58.49779999971361,71.6692288713709,one shared preloaded model
conv-48-qa-236,pure_liquid,2.427628870292861,5.9729000022343826,54.19936666658032,62.599895539107564,one shared preloaded model
conv-48-qa-237,pure_liquid,2.427628870292861,6.494799999927636,54.19936666658032,63.12179553680082,one shared preloaded model
conv-48-qa-238,pure_liquid,2.427628870292861,10.972799998853588,54.19936666658032,67.59979553572677,one shared preloaded model
conv-49-qa-0,pure_liquid,2.359973979579007,10.126700002729194,48.573224999927334,61.05989898223554,one shared preloaded model
conv-49-qa-1,pure_liquid,2.359973979579007,10.919799999101087,48.573224999927334,61.85299897860743,one shared preloaded model
conv-49-qa-2,pure_liquid,2.359973979579007,10.054700000182493,48.573224999927334,60.987898979688836,one shared preloaded model
conv-49-qa-3,pure_liquid,2.359973979579007,10.28990000122576,48.573224999927334,61.223098980732104,one shared preloaded model
conv-49-qa-4,pure_liquid,2.359973979579007,6.346000001940411,66.07310000072175,74.77907398224117,one shared preloaded model
conv-49-qa-5,pure_liquid,2.359973979579007,6.553100000019185,66.07310000072175,74.98617398031995,one shared preloaded model
conv-49-qa-6,pure_liquid,2.359973979579007,7.277099997736514,66.07310000072175,75.71017397803728,one shared preloaded model
conv-49-qa-7,pure_liquid,2.359973979579007,10.046600000350736,66.07310000072175,78.4796739806515,one shared preloaded model
conv-49-qa-8,pure_liquid,2.359973979579007,6.352899999910733,69.32365000011487,78.03652397960461,one shared preloaded model
conv-49-qa-9,pure_liquid,2.359973979579007,7.045299997116672,69.32365000011487,78.72892397681055,one shared preloaded model
conv-49-qa-10,pure_liquid,2.359973979579007,8.270399997854838,69.32365000011487,79.95402397754872,one shared preloaded model
conv-49-qa-11,pure_liquid,2.359973979579007,10.241100000712322,69.32365000011487,81.9247239804062,one shared preloaded model
conv-49-qa-12,pure_liquid,2.359973979579007,6.40670000211685,97.42484999969747,106.19152398139333,one shared preloaded model
conv-49-qa-13,pure_liquid,2.359973979579007,7.184499998402316,97.42484999969747,106.9693239776788,one shared preloaded model
conv-49-qa-14,pure_liquid,2.359973979579007,6.811600000219187,97.42484999969747,106.59642397949567,one shared preloaded model
conv-49-qa-15,pure_liquid,2.359973979579007,6.555099997058278,97.42484999969747,106.33992397633476,one shared preloaded model
conv-49-qa-16,pure_liquid,2.359973979579007,6.454300000768853,94.76094999990892,103.57522398025678,one shared preloaded model
conv-49-qa-17,pure_liquid,2.359973979579007,10.499299998627976,94.76094999990892,107.6202239781159,one shared preloaded model
conv-49-qa-18,pure_liquid,2.359973979579007,10.911000001215143,94.76094999990892,108.03192398070307,one shared preloaded model
conv-49-qa-19,pure_liquid,2.359973979579007,7.564200001070276,94.76094999990892,104.6851239805582,one shared preloaded model
conv-49-qa-20,pure_liquid,2.359973979579007,6.67789999715751,90.79072500026086,99.82859897699738,one shared preloaded model
conv-49-qa-21,pure_liquid,2.359973979579007,8.321100001921877,90.79072500026086,101.47179898176175,one shared preloaded model
conv-49-qa-22,pure_liquid,2.359973979579007,10.25870000012219,90.79072500026086,103.40939897996206,one shared preloaded model
conv-49-qa-23,pure_liquid,2.359973979579007,10.513399996852968,90.79072500026086,103.66409897669284,one shared preloaded model
conv-49-qa-24,pure_liquid,2.359973979579007,6.814899999881163,81.87880000059522,91.0536739800554,one shared preloaded model
conv-49-qa-25,pure_liquid,2.359973979579007,9.918699997797376,81.87880000059522,94.1574739779716,one shared preloaded model
conv-49-qa-26,pure_liquid,2.359973979579007,9.867199998552678,81.87880000059522,94.10597397872691,one shared preloaded model
conv-49-qa-27,pure_liquid,2.359973979579007,10.754200000519631,81.87880000059522,94.99297398069386,one shared preloaded model
conv-49-qa-28,pure_liquid,2.359973979579007,6.925399997271597,97.34764999939216,106.63302397624277,one shared preloaded model
conv-49-qa-29,pure_liquid,2.359973979579007,10.470200002600905,97.34764999939216,110.17782398157208,one shared preloaded model
conv-49-qa-30,pure_liquid,2.359973979579007,9.36829999773181,97.34764999939216,109.07592397670298,one shared preloaded model
conv-49-qa-31,pure_liquid,2.359973979579007,10.054900001705391,97.34764999939216,109.76252398067656,one shared preloaded model
conv-49-qa-32,pure_liquid,2.359973979579007,7.226099998661084,95.3799250000884,104.9659989783285,one shared preloaded model
conv-49-qa-33,pure_liquid,2.359973979579007,10.281399998348206,95.3799250000884,108.02129897801562,one shared preloaded model
conv-49-qa-34,pure_liquid,2.359973979579007,9.860199999820907,95.3799250000884,107.60009897948832,one shared preloaded model
conv-49-qa-35,pure_liquid,2.359973979579007,10.025700001278892,95.3799250000884,107.76559898094631,one shared preloaded model
conv-49-qa-36,pure_liquid,2.359973979579007,6.240200000320328,46.284949999972014,54.88512397987135,one shared preloaded model
conv-49-qa-37,pure_liquid,2.359973979579007,6.044199999450939,46.284949999972014,54.68912397900196,one shared preloaded model
conv-49-qa-38,pure_liquid,2.359973979579007,6.081200001062825,46.284949999972014,54.72612398061385,one shared preloaded model
conv-49-qa-39,pure_liquid,2.359973979579007,10.785300000861753,46.284949999972014,59.43022398041278,one shared preloaded model
conv-49-qa-40,pure_liquid,2.359973979579007,10.204899997916073,54.178350000256614,66.7432239777517,one shared preloaded model
conv-49-qa-41,pure_liquid,2.359973979579007,10.442700000567129,54.178350000256614,66.98102398040275,one shared preloaded model
conv-49-qa-42,pure_liquid,2.359973979579007,10.180099998251535,54.178350000256614,66.71842397808716,one shared preloaded model
conv-49-qa-43,pure_liquid,2.359973979579007,10.450400000991067,54.178350000256614,66.98872398082669,one shared preloaded model
conv-49-qa-44,pure_liquid,2.359973979579007,6.067400001484202,61.29647499983548,69.7238489808987,one shared preloaded model
conv-49-qa-45,pure_liquid,2.359973979579007,6.97559999753139,61.29647499983548,70.63204897694588,one shared preloaded model
conv-49-qa-46,pure_liquid,2.359973979579007,6.687900000542868,61.29647499983548,70.34434897995736,one shared preloaded model
conv-49-qa-47,pure_liquid,2.359973979579007,6.589799999346724,61.29647499983548,70.24624897876122,one shared preloaded model
conv-49-qa-48,pure_liquid,2.359973979579007,5.91829999757465,59.187650000239955,67.46592397739362,one shared preloaded model
conv-49-qa-49,pure_liquid,2.359973979579007,6.686599997919984,59.187650000239955,68.23422397773895,one shared preloaded model
conv-49-qa-50,pure_liquid,2.359973979579007,5.787599999166559,59.187650000239955,67.33522397898552,one shared preloaded model
conv-49-qa-51,pure_liquid,2.359973979579007,6.989199999225093,59.187650000239955,68.53682397904406,one shared preloaded model
conv-49-qa-52,pure_liquid,2.359973979579007,6.1980999998922925,91.22880000086298,99.78687398033428,one shared preloaded model
conv-49-qa-53,pure_liquid,2.359973979579007,5.6830000030458905,91.22880000086298,99.27177398348788,one shared preloaded model
conv-49-qa-54,pure_liquid,2.359973979579007,5.401400001574075,91.22880000086298,98.99017398201606,one shared preloaded model
conv-49-qa-55,pure_liquid,2.359973979579007,6.8734999986190815,91.22880000086298,100.46227397906107,one shared preloaded model
conv-49-qa-56,pure_liquid,2.359973979579007,6.174900001497008,98.10299999935523,106.63787398043125,one shared preloaded model
conv-49-qa-57,pure_liquid,2.359973979579007,6.444599999667844,98.10299999935523,106.90757397860209,one shared preloaded model
conv-49-qa-58,pure_liquid,2.359973979579007,7.661100000404986,98.10299999935523,108.12407397933923,one shared preloaded model
conv-49-qa-59,pure_liquid,2.359973979579007,10.215800000878517,98.10299999935523,110.67877397981276,one shared preloaded model
conv-49-qa-60,pure_liquid,2.359973979579007,6.378599999152357,98.32490000007965,107.06347397881102,one shared preloaded model
conv-49-qa-61,pure_liquid,2.359973979579007,6.253800002014032,98.32490000007965,106.9386739816727,one shared preloaded model
conv-49-qa-62,pure_liquid,2.359973979579007,9.94169999830774,98.32490000007965,110.6265739779664,one shared preloaded model
conv-49-qa-63,pure_liquid,2.359973979579007,10.024300001532538,98.32490000007965,110.7091739811912,one shared preloaded model
conv-49-qa-64,pure_liquid,2.359973979579007,6.954700002097525,81.32019999993645,90.63487398161298,one shared preloaded model
conv-49-qa-65,pure_liquid,2.359973979579007,10.252899999613874,81.32019999993645,93.93307397912933,one shared preloaded model
conv-49-qa-66,pure_liquid,2.359973979579007,9.96110000050976,81.32019999993645,93.64127398002522,one shared preloaded model
conv-49-qa-67,pure_liquid,2.359973979579007,10.098200000356883,81.32019999993645,93.77837397987234,one shared preloaded model
conv-49-qa-68,pure_liquid,2.359973979579007,6.204000001162058,58.37882499963598,66.94279898037705,one shared preloaded model
conv-49-qa-69,pure_liquid,2.359973979579007,6.027499999618158,58.37882499963598,66.76629897883315,one shared preloaded model
conv-49-qa-70,pure_liquid,2.359973979579007,7.160499997553416,58.37882499963598,67.8992989767684,one shared preloaded model
conv-49-qa-71,pure_liquid,2.359973979579007,6.8688999999722,58.37882499963598,67.60769897918719,one shared preloaded model
conv-49-qa-72,pure_liquid,2.359973979579007,6.251700000575511,93.51234999940061,102.12402397955513,one shared preloaded model
conv-49-qa-73,pure_liquid,2.359973979579007,6.774999998015119,93.51234999940061,102.64732397699474,one shared preloaded model
conv-49-qa-74,pure_liquid,2.359973979579007,5.766199999925448,93.51234999940061,101.63852397890507,one shared preloaded model
conv-49-qa-75,pure_liquid,2.359973979579007,8.288700002594851,93.51234999940061,104.16102398157447,one shared preloaded model
conv-49-qa-76,pure_liquid,2.359973979579007,6.205699999554781,93.48324999973556,102.04892397886935,one shared preloaded model
conv-49-qa-77,pure_liquid,2.359973979579007,6.794500000978587,93.48324999973556,102.63772398029316,one shared preloaded model
conv-49-qa-78,pure_liquid,2.359973979579007,7.73990000016056,93.48324999973556,103.58312397947513,one shared preloaded model
conv-49-qa-79,pure_liquid,2.359973979579007,10.13539999985369,93.48324999973556,105.97862397916826,one shared preloaded model
conv-49-qa-80,pure_liquid,2.359973979579007,7.376499997917563,98.87007499946776,108.60654897696433,one shared preloaded model
conv-49-qa-81,pure_liquid,2.359973979579007,10.088199996971525,98.87007499946776,111.3182489760183,one shared preloaded model
conv-49-qa-82,pure_liquid,2.359973979579007,9.741499998199288,98.87007499946776,110.97154897724606,one shared preloaded model
conv-49-qa-83,pure_liquid,2.359973979579007,10.474900002009235,98.87007499946776,111.704948981056,one shared preloaded model
conv-49-qa-84,pure_liquid,2.359973979579007,6.8461999981082045,76.61917499990523,85.82534897759244,one shared preloaded model
conv-49-qa-85,pure_liquid,2.359973979579007,10.85859999875538,76.61917499990523,89.83774897823962,one shared preloaded model
conv-49-qa-86,pure_liquid,2.359973979579007,9.686299999884795,76.61917499990523,88.66544897936903,one shared preloaded model
conv-49-qa-87,pure_liquid,2.359973979579007,7.790100000420352,76.61917499990523,86.76924897990459,one shared preloaded model
conv-49-qa-88,pure_liquid,2.359973979579007,6.4138000016100705,44.36772499957442,53.1414989807635,one shared preloaded model
conv-49-qa-89,pure_liquid,2.359973979579007,6.911700002092402,44.36772499957442,53.63939898124583,one shared preloaded model
conv-49-qa-90,pure_liquid,2.359973979579007,7.465999999112682,44.36772499957442,54.19369897826611,one shared preloaded model
conv-49-qa-91,pure_liquid,2.359973979579007,6.541200000356184,44.36772499957442,53.268898979509615,one shared preloaded model
conv-49-qa-92,pure_liquid,2.359973979579007,8.742499998334097,82.57947499987495,93.68194897778805,one shared preloaded model
conv-49-qa-93,pure_liquid,2.359973979579007,6.18160000158241,82.57947499987495,91.12104898103637,one shared preloaded model
conv-49-qa-94,pure_liquid,2.359973979579007,7.274199997482356,82.57947499987495,92.21364897693631,one shared preloaded model
conv-49-qa-95,pure_liquid,2.359973979579007,9.324800001195399,82.57947499987495,94.26424898064936,one shared preloaded model
conv-49-qa-96,pure_liquid,2.359973979579007,6.287500000325963,64.50997499996447,73.15744897986944,one shared preloaded model
conv-49-qa-97,pure_liquid,2.359973979579007,6.484400000772439,64.50997499996447,73.35434898031592,one shared preloaded model
conv-49-qa-98,pure_liquid,2.359973979579007,6.821200000558747,64.50997499996447,73.69114898010223,one shared preloaded model
conv-49-qa-99,pure_liquid,2.359973979579007,5.443599999125581,64.50997499996447,72.31354897866906,one shared preloaded model
conv-49-qa-100,pure_liquid,2.359973979579007,6.470399999670917,38.41940000074828,47.24977397999821,one shared preloaded model
conv-49-qa-101,pure_liquid,2.359973979579007,10.387499998614658,38.41940000074828,51.16687397894195,one shared preloaded model
conv-49-qa-102,pure_liquid,2.359973979579007,7.218100003228756,38.41940000074828,47.99747398355605,one shared preloaded model
conv-49-qa-103,pure_liquid,2.359973979579007,5.966600001556799,38.41940000074828,46.74597398188409,one shared preloaded model
conv-49-qa-104,pure_liquid,2.359973979579007,9.848800000327174,52.94197500006703,65.15074897997322,one shared preloaded model
conv-49-qa-105,pure_liquid,2.359973979579007,5.7654000011098105,52.94197500006703,61.06734898075585,one shared preloaded model
conv-49-qa-106,pure_liquid,2.359973979579007,7.379399998171721,52.94197500006703,62.68134897781776,one shared preloaded model
conv-49-qa-107,pure_liquid,2.359973979579007,10.782000001199776,52.94197500006703,66.08394898084582,one shared preloaded model
conv-49-qa-108,pure_liquid,2.359973979579007,5.867400002898648,42.315249999774096,50.542623982251754,one shared preloaded model
conv-49-qa-109,pure_liquid,2.359973979579007,7.57309999971767,42.315249999774096,52.248323979070776,one shared preloaded model
conv-49-qa-110,pure_liquid,2.359973979579007,7.820599999831757,42.315249999774096,52.49582397918486,one shared preloaded model
conv-49-qa-111,pure_liquid,2.359973979579007,11.406099998566788,42.315249999774096,56.081323977919894,one shared preloaded model
conv-49-qa-112,pure_liquid,2.359973979579007,11.414299999159994,95.7300000000032,109.5042739787422,one shared preloaded model
conv-49-qa-113,pure_liquid,2.359973979579007,10.459700002684258,95.7300000000032,108.54967398226647,one shared preloaded model
conv-49-qa-114,pure_liquid,2.359973979579007,9.84729999981937,95.7300000000032,107.93727397940158,one shared preloaded model
conv-49-qa-115,pure_liquid,2.359973979579007,10.378099999797996,95.7300000000032,108.46807397938021,one shared preloaded model
conv-49-qa-116,pure_liquid,2.359973979579007,6.197499998961575,73.14075000067533,81.69822397921591,one shared preloaded model
conv-49-qa-117,pure_liquid,2.359973979579007,7.753599998977734,73.14075000067533,83.25432397923207,one shared preloaded model
conv-49-qa-118,pure_liquid,2.359973979579007,6.5724999985832255,73.14075000067533,82.07322397883756,one shared preloaded model
conv-49-qa-119,pure_liquid,2.359973979579007,10.492399997019675,73.14075000067533,85.99312397727401,one shared preloaded model
conv-49-qa-120,pure_liquid,2.359973979579007,6.758499999705236,59.0074249994359,68.12589897872014,one shared preloaded model
conv-49-qa-121,pure_liquid,2.359973979579007,10.233400000288384,59.0074249994359,71.60079897930329,one shared preloaded model
conv-49-qa-122,pure_liquid,2.359973979579007,10.231000000203494,59.0074249994359,71.5983989792184,one shared preloaded model
conv-49-qa-123,pure_liquid,2.359973979579007,10.778699997899821,59.0074249994359,72.14609897691473,one shared preloaded model
conv-49-qa-124,pure_liquid,2.359973979579007,6.185199999890756,76.78254999973433,85.3277239792041,one shared preloaded model
conv-49-qa-125,pure_liquid,2.359973979579007,6.1047999988659285,76.78254999973433,85.24732397817927,one shared preloaded model
conv-49-qa-126,pure_liquid,2.359973979579007,5.830299996887334,76.78254999973433,84.97282397620067,one shared preloaded model
conv-49-qa-127,pure_liquid,2.359973979579007,6.057200000213925,76.78254999973433,85.19972397952726,one shared preloaded model
conv-49-qa-128,pure_liquid,2.359973979579007,6.415299998479895,71.35374999961641,80.12902397767532,one shared preloaded model
conv-49-qa-129,pure_liquid,2.359973979579007,7.165200000599725,71.35374999961641,80.87892397979515,one shared preloaded model
conv-49-qa-130,pure_liquid,2.359973979579007,7.128200002625817,71.35374999961641,80.84192398182124,one shared preloaded model
conv-49-qa-131,pure_liquid,2.359973979579007,6.538999998156214,71.35374999961641,80.25272397735164,one shared preloaded model
conv-49-qa-132,pure_liquid,2.359973979579007,7.307500000024447,80.10827499947482,89.77574897907827,one shared preloaded model
conv-49-qa-133,pure_liquid,2.359973979579007,10.58030000058352,80.10827499947482,93.04854897963735,one shared preloaded model
conv-49-qa-134,pure_liquid,2.359973979579007,10.054999998828862,80.10827499947482,92.52324897788269,one shared preloaded model
conv-49-qa-135,pure_liquid,2.359973979579007,9.752900001331,80.10827499947482,92.22114898038483,one shared preloaded model
conv-49-qa-136,pure_liquid,2.359973979579007,6.554899999173358,45.33105000064097,54.24592397939334,one shared preloaded model
conv-49-qa-137,pure_liquid,2.359973979579007,5.951799998001661,45.33105000064097,53.64282397822164,one shared preloaded model
conv-49-qa-138,pure_liquid,2.359973979579007,6.8089000014879275,45.33105000064097,54.49992398170791,one shared preloaded model
conv-49-qa-139,pure_liquid,2.359973979579007,6.436100000428269,45.33105000064097,54.12712398064825,one shared preloaded model
conv-49-qa-140,pure_liquid,2.359973979579007,10.499699998035794,65.07167499967181,77.93134897728662,one shared preloaded model
conv-49-qa-141,pure_liquid,2.359973979579007,11.273799998889444,65.07167499967181,78.70544897814027,one shared preloaded model
conv-49-qa-142,pure_liquid,2.359973979579007,10.78599999891594,65.07167499967181,78.21764897816676,one shared preloaded model
conv-49-qa-143,pure_liquid,2.359973979579007,9.836599998379825,65.07167499967181,77.26824897763065,one shared preloaded model
conv-49-qa-144,pure_liquid,2.359973979579007,6.8256000013207085,47.323175000201445,56.508748981101164,one shared preloaded model
conv-49-qa-145,pure_liquid,2.359973979579007,10.757799998827977,47.323175000201445,60.44094897860843,one shared preloaded model
conv-49-qa-146,pure_liquid,2.359973979579007,10.785599999508122,47.323175000201445,60.46874897928858,one shared preloaded model
conv-49-qa-147,pure_liquid,2.359973979579007,9.193699999741511,47.323175000201445,58.87684897952197,one shared preloaded model
conv-49-qa-148,pure_liquid,2.359973979579007,6.253799998376053,73.6709749999136,82.28474897786866,one shared preloaded model
conv-49-qa-149,pure_liquid,2.359973979579007,6.615000002057059,73.6709749999136,82.64594898154967,one shared preloaded model
conv-49-qa-150,pure_liquid,2.359973979579007,9.918700001435354,73.6709749999136,85.94964898092796,one shared preloaded model
conv-49-qa-151,pure_liquid,2.359973979579007,10.854500000277767,73.6709749999136,86.88544897977037,one shared preloaded model
conv-49-qa-152,pure_liquid,2.359973979579007,6.487800001195865,114.1645999996399,123.01237398041478,one shared preloaded model
conv-49-qa-153,pure_liquid,2.359973979579007,6.135400002676761,114.1645999996399,122.65997398189567,one shared preloaded model
conv-49-qa-154,pure_liquid,2.359973979579007,9.978900001442526,114.1645999996399,126.50347398066144,one shared preloaded model
conv-49-qa-155,pure_liquid,2.359973979579007,10.577500001090812,114.1645999996399,127.10207398030973,one shared preloaded model
conv-49-qa-156,pure_liquid,2.359973979579007,6.659599999693455,58.12397499994404,67.1435489792165,one shared preloaded model
conv-49-qa-157,pure_liquid,2.359973979579007,10.274700001900783,58.12397499994404,70.75864898142383,one shared preloaded model
conv-49-qa-158,pure_liquid,2.359973979579007,10.865299998840783,58.12397499994404,71.34924897836383,one shared preloaded model
conv-49-qa-159,pure_liquid,2.359973979579007,10.840199996891897,58.12397499994404,71.32414897641495,one shared preloaded model
conv-49-qa-160,pure_liquid,2.359973979579007,6.084799999371171,82.07417499943404,90.51894897838422,one shared preloaded model
conv-49-qa-161,pure_liquid,2.359973979579007,6.503399999928661,82.07417499943404,90.9375489789417,one shared preloaded model
conv-49-qa-162,pure_liquid,2.359973979579007,7.4617999998736195,82.07417499943404,91.89594897888666,one shared preloaded model
conv-49-qa-163,pure_liquid,2.359973979579007,10.146399999939604,82.07417499943404,94.58054897895265,one shared preloaded model
conv-49-qa-164,pure_liquid,2.359973979579007,6.388999998307554,42.8004499999588,51.549423977845365,one shared preloaded model
conv-49-qa-165,pure_liquid,2.359973979579007,10.664199999155244,42.8004499999588,55.824623978693054,one shared preloaded model
conv-49-qa-166,pure_liquid,2.359973979579007,10.681699997803662,42.8004499999588,55.84212397734147,one shared preloaded model
conv-49-qa-167,pure_liquid,2.359973979579007,10.229399998934241,42.8004499999588,55.38982397847205,one shared preloaded model
conv-49-qa-168,pure_liquid,2.359973979579007,10.560099999565864,52.449924999564246,65.36999897870912,one shared preloaded model
conv-49-qa-169,pure_liquid,2.359973979579007,7.0177000015974045,52.449924999564246,61.82759898074066,one shared preloaded model
conv-49-qa-170,pure_liquid,2.359973979579007,6.732400001055794,52.449924999564246,61.54229898019905,one shared preloaded model
conv-49-qa-171,pure_liquid,2.359973979579007,6.635400000959635,52.449924999564246,61.44529898010289,one shared preloaded model
conv-49-qa-172,pure_liquid,2.359973979579007,5.886900002224138,47.00237500037474,55.24924898217789,one shared preloaded model
conv-49-qa-173,pure_liquid,2.359973979579007,6.704899999022018,47.00237500037474,56.06724897897577,one shared preloaded model
conv-49-qa-174,pure_liquid,2.359973979579007,8.188900003005983,47.00237500037474,57.551248982959734,one shared preloaded model
conv-49-qa-175,pure_liquid,2.359973979579007,10.467599997355137,47.00237500037474,59.82994897730889,one shared preloaded model
conv-49-qa-176,pure_liquid,2.359973979579007,10.320000001229346,54.60697499984235,67.2869489806507,one shared preloaded model
conv-49-qa-177,pure_liquid,2.359973979579007,10.14950000171666,54.60697499984235,67.11644898113802,one shared preloaded model
conv-49-qa-178,pure_liquid,2.359973979579007,10.409099999378668,54.60697499984235,67.37604897880003,one shared preloaded model
conv-49-qa-179,pure_liquid,2.359973979579007,10.527800001000287,54.60697499984235,67.49474898042165,one shared preloaded model
conv-49-qa-180,pure_liquid,2.359973979579007,6.259899997530738,49.292249999780324,57.91212397689007,one shared preloaded model
conv-49-qa-181,pure_liquid,2.359973979579007,7.8128999994078185,49.292249999780324,59.46512397876715,one shared preloaded model
conv-49-qa-182,pure_liquid,2.359973979579007,6.980299996939721,49.292249999780324,58.632523976299055,one shared preloaded model
conv-49-qa-183,pure_liquid,2.359973979579007,8.987600002001273,49.292249999780324,60.63982398136061,one shared preloaded model
conv-49-qa-184,pure_liquid,2.359973979579007,7.675100001506507,52.163624999593594,62.19869898067911,one shared preloaded model
conv-49-qa-185,pure_liquid,2.359973979579007,7.247499997902196,52.163624999593594,61.7710989770748,one shared preloaded model
conv-49-qa-186,pure_liquid,2.359973979579007,10.420300000987481,52.163624999593594,64.94389898016009,one shared preloaded model
conv-49-qa-187,pure_liquid,2.359973979579007,11.44900000144844,52.163624999593594,65.97259898062104,one shared preloaded model
conv-49-qa-188,pure_liquid,2.359973979579007,6.24479999896721,51.02729999998701,59.63207397853323,one shared preloaded model
conv-49-qa-189,pure_liquid,2.359973979579007,6.717099997331388,51.02729999998701,60.104373976897406,one shared preloaded model
conv-49-qa-190,pure_liquid,2.359973979579007,5.998899996484397,51.02729999998701,59.386173976050415,one shared preloaded model
conv-49-qa-191,pure_liquid,2.359973979579007,6.96339999922202,51.02729999998701,60.35067397878804,one shared preloaded model
conv-49-qa-192,pure_liquid,2.359973979579007,5.709799999749521,63.572000000021944,71.64177397935048,one shared preloaded model
conv-49-qa-193,pure_liquid,2.359973979579007,7.1327000005112495,63.572000000021944,73.0646739801122,one shared preloaded model
conv-49-qa-194,pure_liquid,2.359973979579007,5.890799999178853,63.572000000021944,71.82277397877981,one shared preloaded model
conv-49-qa-195,pure_liquid,2.359973979579007,6.386599998222664,63.572000000021944,72.31857397782362,one shared preloaded model
conv-50-qa-0,pure_liquid,2.2455362745056524,10.574399999313755,81.94622499922843,94.76616127304784,one shared preloaded model
conv-50-qa-1,pure_liquid,2.2455362745056524,10.224900001048809,81.94622499922843,94.4166612747829,one shared preloaded model
conv-50-qa-2,pure_liquid,2.2455362745056524,9.804299999814248,81.94622499922843,93.99606127354834,one shared preloaded model
conv-50-qa-3,pure_liquid,2.2455362745056524,10.944500001642155,81.94622499922843,95.13626127537624,one shared preloaded model
conv-50-qa-4,pure_liquid,2.2455362745056524,6.831300001067575,51.53969999992114,60.61653627549437,one shared preloaded model
conv-50-qa-5,pure_liquid,2.2455362745056524,10.2924000020721,51.53969999992114,64.0776362764989,one shared preloaded model
conv-50-qa-6,pure_liquid,2.2455362745056524,10.021600002801279,51.53969999992114,63.80683627722807,one shared preloaded model
conv-50-qa-7,pure_liquid,2.2455362745056524,9.724999999889405,51.53969999992114,63.5102362743162,one shared preloaded model
conv-50-qa-8,pure_liquid,2.2455362745056524,6.482000000687549,89.67794999989565,98.40548627508885,one shared preloaded model
conv-50-qa-9,pure_liquid,2.2455362745056524,6.9798000004084315,89.67794999989565,98.90328627480973,one shared preloaded model
conv-50-qa-10,pure_liquid,2.2455362745056524,8.827199999359436,89.67794999989565,100.75068627376073,one shared preloaded model
conv-50-qa-11,pure_liquid,2.2455362745056524,9.693400003015995,89.67794999989565,101.6168862774173,one shared preloaded model
conv-50-qa-12,pure_liquid,2.2455362745056524,6.847399999969639,96.74232499946811,105.8352612739434,one shared preloaded model
conv-50-qa-13,pure_liquid,2.2455362745056524,6.118500001321081,96.74232499946811,105.10636127529484,one shared preloaded model
conv-50-qa-14,pure_liquid,2.2455362745056524,7.073500000842614,96.74232499946811,106.06136127481638,one shared preloaded model
conv-50-qa-15,pure_liquid,2.2455362745056524,6.450500000937609,96.74232499946811,105.43836127491137,one shared preloaded model
conv-50-qa-16,pure_liquid,2.2455362745056524,6.609200001548743,98.29365000041435,107.14838627646874,one shared preloaded model
conv-50-qa-17,pure_liquid,2.2455362745056524,6.44290000127512,98.29365000041435,106.98208627619512,one shared preloaded model
conv-50-qa-18,pure_liquid,2.2455362745056524,10.27089999843156,98.29365000041435,110.81008627335156,one shared preloaded model
conv-50-qa-19,pure_liquid,2.2455362745056524,6.198399998538662,98.29365000041435,106.73758627345866,one shared preloaded model
conv-50-qa-20,pure_liquid,2.2455362745056524,6.3289999998232815,36.49837499960995,45.072911273938885,one shared preloaded model
conv-50-qa-21,pure_liquid,2.2455362745056524,5.830199999763863,36.49837499960995,44.57411127387947,one shared preloaded model
conv-50-qa-22,pure_liquid,2.2455362745056524,6.019000000378583,36.49837499960995,44.762911274494186,one shared preloaded model
conv-50-qa-23,pure_liquid,2.2455362745056524,6.9221000012476,36.49837499960995,45.6660112753632,one shared preloaded model
conv-50-qa-24,pure_liquid,2.2455362745056524,6.066199999622768,92.85780000027444,101.16953627440286,one shared preloaded model
conv-50-qa-25,pure_liquid,2.2455362745056524,9.031199999299133,92.85780000027444,104.13453627407922,one shared preloaded model
conv-50-qa-26,pure_liquid,2.2455362745056524,10.21740000214777,92.85780000027444,105.32073627692786,one shared preloaded model
conv-50-qa-27,pure_liquid,2.2455362745056524,10.540499999478925,92.85780000027444,105.64383627425902,one shared preloaded model
conv-50-qa-28,pure_liquid,2.2455362745056524,6.191799999214709,43.88864999964426,52.32598627336462,one shared preloaded model
conv-50-qa-29,pure_liquid,2.2455362745056524,6.341100001009181,43.88864999964426,52.47528627515909,one shared preloaded model
conv-50-qa-30,pure_liquid,2.2455362745056524,6.360600000334671,43.88864999964426,52.49478627448458,one shared preloaded model
conv-50-qa-31,pure_liquid,2.2455362745056524,10.673799999494804,43.88864999964426,56.807986273644715,one shared preloaded model
conv-50-qa-32,pure_liquid,2.2455362745056524,11.114600001747021,101.52904999995371,114.88918627620639,one shared preloaded model
conv-50-qa-33,pure_liquid,2.2455362745056524,10.494900001503993,101.52904999995371,114.26948627596336,one shared preloaded model
conv-50-qa-34,pure_liquid,2.2455362745056524,8.514500001183478,101.52904999995371,112.28908627564284,one shared preloaded model
conv-50-qa-35,pure_liquid,2.2455362745056524,6.230799997865688,101.52904999995371,110.00538627232505,one shared preloaded model
conv-50-qa-36,pure_liquid,2.2455362745056524,6.4228000010189135,54.45827499988809,63.12661127541266,one shared preloaded model
conv-50-qa-37,pure_liquid,2.2455362745056524,10.080199997901218,54.45827499988809,66.78401127229496,one shared preloaded model
conv-50-qa-38,pure_liquid,2.2455362745056524,10.102100000949576,54.45827499988809,66.80591127534332,one shared preloaded model
conv-50-qa-39,pure_liquid,2.2455362745056524,10.310499998013256,54.45827499988809,67.014311272407,one shared preloaded model
conv-50-qa-40,pure_liquid,2.2455362745056524,6.274600000324426,61.63575000027777,70.15588627510785,one shared preloaded model
conv-50-qa-41,pure_liquid,2.2455362745056524,7.199300001957454,61.63575000027777,71.08058627674087,one shared preloaded model
conv-50-qa-42,pure_liquid,2.2455362745056524,7.208199996966869,61.63575000027777,71.08948627175029,one shared preloaded model
conv-50-qa-43,pure_liquid,2.2455362745056524,6.5304000017931685,61.63575000027777,70.41168627657659,one shared preloaded model
conv-50-qa-44,pure_liquid,2.2455362745056524,6.284499999310356,57.798025000010966,66.32806127382698,one shared preloaded model
conv-50-qa-45,pure_liquid,2.2455362745056524,7.206300000689225,57.798025000010966,67.24986127520584,one shared preloaded model
conv-50-qa-46,pure_liquid,2.2455362745056524,10.24400000096648,57.798025000010966,70.2875612754831,one shared preloaded model
conv-50-qa-47,pure_liquid,2.2455362745056524,9.980299997550901,57.798025000010966,70.02386127206752,one shared preloaded model
conv-50-qa-48,pure_liquid,2.2455362745056524,6.164599999465281,77.13965000039025,85.54978627436118,one shared preloaded model
conv-50-qa-49,pure_liquid,2.2455362745056524,11.099399998784065,77.13965000039025,90.48458627367997,one shared preloaded model
conv-50-qa-50,pure_liquid,2.2455362745056524,10.469900000316557,77.13965000039025,89.85508627521246,one shared preloaded model
conv-50-qa-51,pure_liquid,2.2455362745056524,9.93920000109938,77.13965000039025,89.32438627599528,one shared preloaded model
conv-50-qa-52,pure_liquid,2.2455362745056524,6.353100001433631,97.5463499999023,106.14498627584159,one shared preloaded model
conv-50-qa-53,pure_liquid,2.2455362745056524,10.333800000807969,97.5463499999023,110.12568627521593,one shared preloaded model
conv-50-qa-54,pure_liquid,2.2455362745056524,6.868399999802932,97.5463499999023,106.66028627421089,one shared preloaded model
conv-50-qa-55,pure_liquid,2.2455362745056524,6.720100001984974,97.5463499999023,106.51198627639293,one shared preloaded model
conv-50-qa-56,pure_liquid,2.2455362745056524,8.499299998220522,114.71435000021302,125.45918627293919,one shared preloaded model
conv-50-qa-57,pure_liquid,2.2455362745056524,5.9958999991067685,114.71435000021302,122.95578627382544,one shared preloaded model
conv-50-qa-58,pure_liquid,2.2455362745056524,11.44639999984065,114.71435000021302,128.4062862745593,one shared preloaded model
conv-50-qa-59,pure_liquid,2.2455362745056524,10.240700001304504,114.71435000021302,127.20058627602317,one shared preloaded model
conv-50-qa-60,pure_liquid,2.2455362745056524,6.55190000179573,50.526900000477326,59.32433627677871,one shared preloaded model
conv-50-qa-61,pure_liquid,2.2455362745056524,10.764799997559749,50.526900000477326,63.53723627254273,one shared preloaded model
conv-50-qa-62,pure_liquid,2.2455362745056524,10.052400000859052,50.526900000477326,62.82483627584203,one shared preloaded model
conv-50-qa-63,pure_liquid,2.2455362745056524,6.991500002186513,50.526900000477326,59.76393627716949,one shared preloaded model
conv-50-qa-64,pure_liquid,2.2455362745056524,6.703499999275664,55.57532500006346,64.52436127384478,one shared preloaded model
conv-50-qa-65,pure_liquid,2.2455362745056524,6.953899999643909,55.57532500006346,64.77476127421302,one shared preloaded model
conv-50-qa-66,pure_liquid,2.2455362745056524,10.016200001700781,55.57532500006346,67.83706127626989,one shared preloaded model
conv-50-qa-67,pure_liquid,2.2455362745056524,10.210799999185838,55.57532500006346,68.03166127375495,one shared preloaded model
conv-50-qa-68,pure_liquid,2.2455362745056524,6.378899997798726,61.54417499965348,70.16861127195786,one shared preloaded model
conv-50-qa-69,pure_liquid,2.2455362745056524,7.320299999264535,61.54417499965348,71.11001127342367,one shared preloaded model
conv-50-qa-70,pure_liquid,2.2455362745056524,7.192499997472623,61.54417499965348,70.98221127163175,one shared preloaded model
conv-50-qa-71,pure_liquid,2.2455362745056524,6.521600000269245,61.54417499965348,70.31131127442838,one shared preloaded model
conv-50-qa-72,pure_liquid,2.2455362745056524,6.355599998641992,65.11917500029085,73.7203112734385,one shared preloaded model
conv-50-qa-73,pure_liquid,2.2455362745056524,6.368600003042957,65.11917500029085,73.73331127783946,one shared preloaded model
conv-50-qa-74,pure_liquid,2.2455362745056524,7.098499998392072,65.11917500029085,74.46321127318858,one shared preloaded model
conv-50-qa-75,pure_liquid,2.2455362745056524,6.884999998874264,65.11917500029085,74.24971127367077,one shared preloaded model
conv-50-qa-76,pure_liquid,2.2455362745056524,6.030300002748845,40.785774999676505,49.061611276931,one shared preloaded model
conv-50-qa-77,pure_liquid,2.2455362745056524,5.772500000603031,40.785774999676505,48.80381127478519,one shared preloaded model
conv-50-qa-78,pure_liquid,2.2455362745056524,7.165200000599725,40.785774999676505,50.196511274781884,one shared preloaded model
conv-50-qa-79,pure_liquid,2.2455362745056524,9.94899999932386,40.785774999676505,52.98031127350602,one shared preloaded model
conv-50-qa-80,pure_liquid,2.2455362745056524,6.21569999930216,59.15939999977127,67.62063627357908,one shared preloaded model
conv-50-qa-81,pure_liquid,2.2455362745056524,6.226299999980256,59.15939999977127,67.63123627425718,one shared preloaded model
conv-50-qa-82,pure_liquid,2.2455362745056524,6.575999999768101,59.15939999977127,67.98093627404502,one shared preloaded model
conv-50-qa-83,pure_liquid,2.2455362745056524,6.423399998311652,59.15939999977127,67.82833627258857,one shared preloaded model
conv-50-qa-84,pure_liquid,2.2455362745056524,6.033599998772843,54.15439999978844,62.433536273066935,one shared preloaded model
conv-50-qa-85,pure_liquid,2.2455362745056524,6.694100000459002,54.15439999978844,63.094036274753094,one shared preloaded model
conv-50-qa-86,pure_liquid,2.2455362745056524,7.2179999988293275,54.15439999978844,63.61793627312342,one shared preloaded model
conv-50-qa-87,pure_liquid,2.2455362745056524,8.215699999709614,54.15439999978844,64.6156362740037,one shared preloaded model
conv-50-qa-88,pure_liquid,2.2455362745056524,5.78250000035041,56.63304999961838,64.66108627447444,one shared preloaded model
conv-50-qa-89,pure_liquid,2.2455362745056524,5.770200001279591,56.63304999961838,64.64878627540362,one shared preloaded model
conv-50-qa-90,pure_liquid,2.2455362745056524,6.040100000973325,56.63304999961838,64.91868627509736,one shared preloaded model
conv-50-qa-91,pure_liquid,2.2455362745056524,8.240499999374151,56.63304999961838,67.11908627349818,one shared preloaded model
conv-50-qa-92,pure_liquid,2.2455362745056524,6.216500001755776,66.12502499956463,74.58706127582606,one shared preloaded model
conv-50-qa-93,pure_liquid,2.2455362745056524,6.669500002317363,66.12502499956463,75.04006127638765,one shared preloaded model
conv-50-qa-94,pure_liquid,2.2455362745056524,7.209500003227731,66.12502499956463,75.58006127729801,one shared preloaded model
conv-50-qa-95,pure_liquid,2.2455362745056524,7.214000001113163,66.12502499956463,75.58456127518345,one shared preloaded model
conv-50-qa-96,pure_liquid,2.2455362745056524,6.719799999700626,53.03337500026828,61.99871127447456,one shared preloaded model
conv-50-qa-97,pure_liquid,2.2455362745056524,10.890900000958936,53.03337500026828,66.16981127573287,one shared preloaded model
conv-50-qa-98,pure_liquid,2.2455362745056524,9.721399997943081,53.03337500026828,65.00031127271701,one shared preloaded model
conv-50-qa-99,pure_liquid,2.2455362745056524,6.525199998577591,53.03337500026828,61.80411127335152,one shared preloaded model
conv-50-qa-100,pure_liquid,2.2455362745056524,6.357199999911245,47.82972500015603,56.43246127457293,one shared preloaded model
conv-50-qa-101,pure_liquid,2.2455362745056524,7.418900000629947,47.82972500015603,57.49416127529163,one shared preloaded model
conv-50-qa-102,pure_liquid,2.2455362745056524,6.641899999522138,47.82972500015603,56.71716127418382,one shared preloaded model
conv-50-qa-103,pure_liquid,2.2455362745056524,6.63650000205962,47.82972500015603,56.711761276721305,one shared preloaded model
conv-50-qa-104,pure_liquid,2.2455362745056524,6.567200001882156,46.56572500061884,55.37846127700665,one shared preloaded model
conv-50-qa-105,pure_liquid,2.2455362745056524,6.680700000288198,46.56572500061884,55.49196127541269,one shared preloaded model
conv-50-qa-106,pure_liquid,2.2455362745056524,7.533799998782342,46.56572500061884,56.345061273906836,one shared preloaded model
conv-50-qa-107,pure_liquid,2.2455362745056524,7.133300001441967,46.56572500061884,55.94456127656646,one shared preloaded model
conv-50-qa-108,pure_liquid,2.2455362745056524,6.478100000094855,57.64032499973837,66.36396127433888,one shared preloaded model
conv-50-qa-109,pure_liquid,2.2455362745056524,5.687000000762055,57.64032499973837,65.57286127500608,one shared preloaded model
conv-50-qa-110,pure_liquid,2.2455362745056524,6.814799999119714,57.64032499973837,66.70066127336374,one shared preloaded model
conv-50-qa-111,pure_liquid,2.2455362745056524,6.526499997562496,57.64032499973837,66.41236127180652,one shared preloaded model
conv-50-qa-112,pure_liquid,2.2455362745056524,6.648099999438273,73.5037000004013,82.39733627434522,one shared preloaded model
conv-50-qa-113,pure_liquid,2.2455362745056524,10.935400001471862,73.5037000004013,86.68463627637881,one shared preloaded model
conv-50-qa-114,pure_liquid,2.2455362745056524,10.82250000035856,73.5037000004013,86.57173627526551,one shared preloaded model
conv-50-qa-115,pure_liquid,2.2455362745056524,10.020100002293475,73.5037000004013,85.76933627720042,one shared preloaded model
conv-50-qa-116,pure_liquid,2.2455362745056524,6.506199999421369,60.89010000050621,69.64183627443323,one shared preloaded model
conv-50-qa-117,pure_liquid,2.2455362745056524,10.129499998583924,60.89010000050621,73.26513627359579,one shared preloaded model
conv-50-qa-118,pure_liquid,2.2455362745056524,10.433799998281756,60.89010000050621,73.56943627329362,one shared preloaded model
conv-50-qa-119,pure_liquid,2.2455362745056524,9.43840000036289,60.89010000050621,72.57403627537475,one shared preloaded model
conv-50-qa-120,pure_liquid,2.2455362745056524,7.0720000003348105,64.24699999934091,73.56453627418138,one shared preloaded model
conv-50-qa-121,pure_liquid,2.2455362745056524,6.8382999997993466,64.24699999934091,73.33083627364591,one shared preloaded model
conv-50-qa-122,pure_liquid,2.2455362745056524,6.5830999992613215,64.24699999934091,73.07563627310789,one shared preloaded model
conv-50-qa-123,pure_liquid,2.2455362745056524,6.953700001758989,64.24699999934091,73.44623627560556,one shared preloaded model
conv-50-qa-124,pure_liquid,2.2455362745056524,7.712700000411132,52.907999999661115,62.8662362745779,one shared preloaded model
conv-50-qa-125,pure_liquid,2.2455362745056524,10.396199999377131,52.907999999661115,65.5497362735439,one shared preloaded model
conv-50-qa-126,pure_liquid,2.2455362745056524,10.972099997161422,52.907999999661115,66.12563627132819,one shared preloaded model
conv-50-qa-127,pure_liquid,2.2455362745056524,10.31190000139759,52.907999999661115,65.46543627556436,one shared preloaded model
conv-50-qa-128,pure_liquid,2.2455362745056524,6.021000001055654,68.22114999977202,76.48768627533333,one shared preloaded model
conv-50-qa-129,pure_liquid,2.2455362745056524,6.6360999990138225,68.22114999977202,77.1027862732915,one shared preloaded model
conv-50-qa-130,pure_liquid,2.2455362745056524,8.223499997257022,68.22114999977202,78.6901862715347,one shared preloaded model
conv-50-qa-131,pure_liquid,2.2455362745056524,6.937699999980396,68.22114999977202,77.40438627425807,one shared preloaded model
conv-50-qa-132,pure_liquid,2.2455362745056524,6.765699999959907,84.06364999973448,93.07488627420004,one shared preloaded model
conv-50-qa-133,pure_liquid,2.2455362745056524,10.235800000373274,84.06364999973448,96.54498627461341,one shared preloaded model
conv-50-qa-134,pure_liquid,2.2455362745056524,10.665699999663047,84.06364999973448,96.97488627390318,one shared preloaded model
conv-50-qa-135,pure_liquid,2.2455362745056524,10.499500000150874,84.06364999973448,96.80868627439101,one shared preloaded model
conv-50-qa-136,pure_liquid,2.2455362745056524,6.708900000376161,67.76785000056407,76.72228627544588,one shared preloaded model
conv-50-qa-137,pure_liquid,2.2455362745056524,10.868099998333491,67.76785000056407,80.88148627340321,one shared preloaded model
conv-50-qa-138,pure_liquid,2.2455362745056524,10.258900001645088,67.76785000056407,80.27228627671481,one shared preloaded model
conv-50-qa-139,pure_liquid,2.2455362745056524,9.581799997249618,67.76785000056407,79.59518627231934,one shared preloaded model
conv-50-qa-140,pure_liquid,2.2455362745056524,6.043099998350954,50.26169999928243,58.550336272139035,one shared preloaded model
conv-50-qa-141,pure_liquid,2.2455362745056524,6.554400002642069,50.26169999928243,59.06163627643015,one shared preloaded model
conv-50-qa-142,pure_liquid,2.2455362745056524,10.024300001532538,50.26169999928243,62.53153627532062,one shared preloaded model
conv-50-qa-143,pure_liquid,2.2455362745056524,9.654600002249936,50.26169999928243,62.16183627603802,one shared preloaded model
conv-50-qa-144,pure_liquid,2.2455362745056524,6.318199997622287,52.90907499966124,61.47281127178918,one shared preloaded model
conv-50-qa-145,pure_liquid,2.2455362745056524,6.936099998711143,52.90907499966124,62.09071127287804,one shared preloaded model
conv-50-qa-146,pure_liquid,2.2455362745056524,6.4534999983152375,52.90907499966124,61.608111272482134,one shared preloaded model
conv-50-qa-147,pure_liquid,2.2455362745056524,9.714099996926961,52.90907499966124,64.86871127109386,one shared preloaded model
conv-50-qa-148,pure_liquid,2.2455362745056524,6.262300001253607,75.37897499969404,83.8868112754533,one shared preloaded model
conv-50-qa-149,pure_liquid,2.2455362745056524,6.328599996777484,75.37897499969404,83.95311127097717,one shared preloaded model
conv-50-qa-150,pure_liquid,2.2455362745056524,8.18749999962165,75.37897499969404,85.81201127382134,one shared preloaded model
conv-50-qa-151,pure_liquid,2.2455362745056524,6.735200000548502,75.37897499969404,84.3597112747482,one shared preloaded model
conv-50-qa-152,pure_liquid,2.2455362745056524,6.234699998458382,51.9216000002416,60.40183627320563,one shared preloaded model
conv-50-qa-153,pure_liquid,2.2455362745056524,6.281400001171278,51.9216000002416,60.44853627591853,one shared preloaded model
conv-50-qa-154,pure_liquid,2.2455362745056524,7.737600000837119,51.9216000002416,61.90473627558437,one shared preloaded model
conv-50-qa-155,pure_liquid,2.2455362745056524,6.054000001313398,51.9216000002416,60.22113627606065,one shared preloaded model
conv-50-qa-156,pure_liquid,2.2455362745056524,6.244299998797942,63.217550000445044,71.70738627374864,one shared preloaded model
conv-50-qa-157,pure_liquid,2.2455362745056524,7.073400000081165,63.217550000445044,72.53648627503186,one shared preloaded model
conv-50-qa-158,pure_liquid,2.2455362745056524,10.876500000449596,63.217550000445044,76.3395862754003,one shared preloaded model
conv-50-qa-159,pure_liquid,2.2455362745056524,9.987099998397753,63.217550000445044,75.45018627334845,one shared preloaded model
conv-50-qa-160,pure_liquid,2.2455362745056524,6.159000000479864,62.166474999685306,70.57101127467082,one shared preloaded model
conv-50-qa-161,pure_liquid,2.2455362745056524,6.234200001927093,62.166474999685306,70.64621127611805,one shared preloaded model
conv-50-qa-162,pure_liquid,2.2455362745056524,6.346599999233149,62.166474999685306,70.75861127342411,one shared preloaded model
conv-50-qa-163,pure_liquid,2.2455362745056524,6.084000000555534,62.166474999685306,70.4960112747465,one shared preloaded model
conv-50-qa-164,pure_liquid,2.2455362745056524,6.1308000003919005,47.975749999750406,56.35208627464796,one shared preloaded model
conv-50-qa-165,pure_liquid,2.2455362745056524,10.87319999714964,47.975749999750406,61.0944862714057,one shared preloaded model
conv-50-qa-166,pure_liquid,2.2455362745056524,7.887600000685779,47.975749999750406,58.10888627494184,one shared preloaded model
conv-50-qa-167,pure_liquid,2.2455362745056524,10.198300002230098,47.975749999750406,60.41958627648616,one shared preloaded model
conv-50-qa-168,pure_liquid,2.2455362745056524,9.984899999835761,87.01720000044588,99.2476362747873,one shared preloaded model
conv-50-qa-169,pure_liquid,2.2455362745056524,7.475900001736591,87.01720000044588,96.73863627668813,one shared preloaded model
conv-50-qa-170,pure_liquid,2.2455362745056524,10.95030000215047,87.01720000044588,100.213036277102,one shared preloaded model
conv-50-qa-171,pure_liquid,2.2455362745056524,10.46409999980824,87.01720000044588,99.72683627475978,one shared preloaded model
conv-50-qa-172,pure_liquid,2.2455362745056524,6.45760000043083,75.40302500001417,84.10616127495065,one shared preloaded model
conv-50-qa-173,pure_liquid,2.2455362745056524,9.083600001758896,75.40302500001417,86.73216127627872,one shared preloaded model
conv-50-qa-174,pure_liquid,2.2455362745056524,5.792400002974318,75.40302500001417,83.44096127749414,one shared preloaded model
conv-50-qa-175,pure_liquid,2.2455362745056524,6.077400001231581,75.40302500001417,83.7259612757514,one shared preloaded model
conv-50-qa-176,pure_liquid,2.2455362745056524,6.647700000030454,47.836950000601064,56.73018627513717,one shared preloaded model
conv-50-qa-177,pure_liquid,2.2455362745056524,7.331300002988428,47.836950000601064,57.413786278095145,one shared preloaded model
conv-50-qa-178,pure_liquid,2.2455362745056524,6.991400001425063,47.836950000601064,57.07388627653178,one shared preloaded model
conv-50-qa-179,pure_liquid,2.2455362745056524,6.7216999996162485,47.836950000601064,56.804186274722966,one shared preloaded model
conv-50-qa-180,pure_liquid,2.2455362745056524,10.117599998920923,72.34430000062275,84.70743627404933,one shared preloaded model
conv-50-qa-181,pure_liquid,2.2455362745056524,7.320400000025984,72.34430000062275,81.91023627515439,one shared preloaded model
conv-50-qa-182,pure_liquid,2.2455362745056524,6.675500000710599,72.34430000062275,81.265336275839,one shared preloaded model
conv-50-qa-183,pure_liquid,2.2455362745056524,7.6596999970206525,72.34430000062275,82.24953627214906,one shared preloaded model
conv-50-qa-184,pure_liquid,2.2455362745056524,6.535600001370767,57.95990000024176,66.74103627611818,one shared preloaded model
conv-50-qa-185,pure_liquid,2.2455362745056524,8.613699999841629,57.95990000024176,68.81913627458904,one shared preloaded model
conv-50-qa-186,pure_liquid,2.2455362745056524,6.676299999526236,57.95990000024176,66.88173627427365,one shared preloaded model
conv-50-qa-187,pure_liquid,2.2455362745056524,6.616499998926884,57.95990000024176,66.8219362736743,one shared preloaded model
conv-50-qa-188,pure_liquid,2.2455362745056524,6.03419999970356,59.14585000027728,67.42558627448649,one shared preloaded model
conv-50-qa-189,pure_liquid,2.2455362745056524,6.472600001870887,59.14585000027728,67.86398627665382,one shared preloaded model
conv-50-qa-190,pure_liquid,2.2455362745056524,9.79150000057416,59.14585000027728,71.18288627535709,one shared preloaded model
conv-50-qa-191,pure_liquid,2.2455362745056524,10.080399999424117,59.14585000027728,71.47178627420705,one shared preloaded model
conv-50-qa-192,pure_liquid,2.2455362745056524,5.91809999968973,78.81077499951061,86.974411273706,one shared preloaded model
conv-50-qa-193,pure_liquid,2.2455362745056524,9.817899997869972,78.81077499951061,90.87421127188624,one shared preloaded model
conv-50-qa-194,pure_liquid,2.2455362745056524,10.156500000448432,78.81077499951061,91.2128112744647,one shared preloaded model
conv-50-qa-195,pure_liquid,2.2455362745056524,5.678900000930298,78.81077499951061,86.73521127494656,one shared preloaded model
conv-50-qa-196,pure_liquid,2.2455362745056524,6.137199998192955,54.63635000069189,63.0190862733905,one shared preloaded model
conv-50-qa-197,pure_liquid,2.2455362745056524,8.371099997020792,54.63635000069189,65.25298627221834,one shared preloaded model
conv-50-qa-198,pure_liquid,2.2455362745056524,7.430599998770049,54.63635000069189,64.3124862739676,one shared preloaded model
conv-50-qa-199,pure_liquid,2.2455362745056524,10.459799999807728,54.63635000069189,67.34168627500527,one shared preloaded model
conv-50-qa-200,pure_liquid,2.2455362745056524,5.938499998592306,51.80015000041749,59.98418627351545,one shared preloaded model
conv-50-qa-201,pure_liquid,2.2455362745056524,6.959300000744406,51.80015000041749,61.00498627566755,one shared preloaded model
conv-50-qa-202,pure_liquid,2.2455362745056524,5.730999997467734,51.80015000041749,59.776686272390876,one shared preloaded model
conv-50-qa-203,pure_liquid,2.2455362745056524,9.297299999161623,51.80015000041749,63.342986274084765,one shared preloaded model
