group,dataset,agent,training_seed,loaded_checkpoint_seed,evaluation_seed,horizon,question_type,metric,n,value,predictions
newest-wins-original,synthetic,lexical_only,,7,13,100,all,correct,100,0.73,jobs\03b418ea1a6a\runs\20261003T184941Z_synthetic\predictions.jsonl
newest-wins-original,synthetic,lexical_only,,7,13,100,stable_fact,correct,10,1.0,jobs\03b418ea1a6a\runs\20261003T184941Z_synthetic\predictions.jsonl
newest-wins-original,synthetic,lexical_only,,7,13,100,correction,correct,10,1.0,jobs\03b418ea1a6a\runs\20261003T184941Z_synthetic\predictions.jsonl
newest-wins-original,synthetic,lexical_only,,7,13,100,repeated_fact,correct,10,1.0,jobs\03b418ea1a6a\runs\20261003T184941Z_synthetic\predictions.jsonl
newest-wins-original,synthetic,lexical_only,,7,13,100,contradictory_update,correct,10,0.7,jobs\03b418ea1a6a\runs\20261003T184941Z_synthetic\predictions.jsonl
newest-wins-original,synthetic,lexical_only,,7,13,100,boolean,correct,10,0.0,jobs\03b418ea1a6a\runs\20261003T184941Z_synthetic\predictions.jsonl
newest-wins-original,synthetic,lexical_only,,7,13,100,goal,correct,10,1.0,jobs\03b418ea1a6a\runs\20261003T184941Z_synthetic\predictions.jsonl
newest-wins-original,synthetic,lexical_only,,7,13,100,response_style,correct,10,0.7,jobs\03b418ea1a6a\runs\20261003T184941Z_synthetic\predictions.jsonl
newest-wins-original,synthetic,lexical_only,,7,13,100,temporal,correct,10,0.9,jobs\03b418ea1a6a\runs\20261003T184941Z_synthetic\predictions.jsonl
newest-wins-original,synthetic,lexical_only,,7,13,100,multi_fact,correct,10,0.0,jobs\03b418ea1a6a\runs\20261003T184941Z_synthetic\predictions.jsonl
newest-wins-original,synthetic,lexical_only,,7,13,100,paraphrase,correct,10,1.0,jobs\03b418ea1a6a\runs\20261003T184941Z_synthetic\predictions.jsonl
newest-wins-original,synthetic,lexical_only,,7,13,500,all,correct,75,0.6933333333333334,jobs\03b418ea1a6a\runs\20261003T184941Z_synthetic\predictions.jsonl
newest-wins-original,synthetic,lexical_only,,7,13,500,stable_fact,correct,8,1.0,jobs\03b418ea1a6a\runs\20261003T184941Z_synthetic\predictions.jsonl
newest-wins-original,synthetic,lexical_only,,7,13,500,correction,correct,8,0.75,jobs\03b418ea1a6a\runs\20261003T184941Z_synthetic\predictions.jsonl
newest-wins-original,synthetic,lexical_only,,7,13,500,repeated_fact,correct,8,1.0,jobs\03b418ea1a6a\runs\20261003T184941Z_synthetic\predictions.jsonl
newest-wins-original,synthetic,lexical_only,,7,13,500,contradictory_update,correct,8,0.75,jobs\03b418ea1a6a\runs\20261003T184941Z_synthetic\predictions.jsonl
newest-wins-original,synthetic,lexical_only,,7,13,500,boolean,correct,8,0.0,jobs\03b418ea1a6a\runs\20261003T184941Z_synthetic\predictions.jsonl
newest-wins-original,synthetic,lexical_only,,7,13,500,goal,correct,7,1.0,jobs\03b418ea1a6a\runs\20261003T184941Z_synthetic\predictions.jsonl
newest-wins-original,synthetic,lexical_only,,7,13,500,response_style,correct,7,0.5714285714285714,jobs\03b418ea1a6a\runs\20261003T184941Z_synthetic\predictions.jsonl
newest-wins-original,synthetic,lexical_only,,7,13,500,temporal,correct,7,1.0,jobs\03b418ea1a6a\runs\20261003T184941Z_synthetic\predictions.jsonl
newest-wins-original,synthetic,lexical_only,,7,13,500,multi_fact,correct,7,0.0,jobs\03b418ea1a6a\runs\20261003T184941Z_synthetic\predictions.jsonl
newest-wins-original,synthetic,lexical_only,,7,13,500,paraphrase,correct,7,0.8571428571428571,jobs\03b418ea1a6a\runs\20261003T184941Z_synthetic\predictions.jsonl
newest-wins-original,synthetic,lexical_only,,7,13,1000,all,correct,50,0.7,jobs\03b418ea1a6a\runs\20261003T184941Z_synthetic\predictions.jsonl
newest-wins-original,synthetic,lexical_only,,7,13,1000,stable_fact,correct,5,1.0,jobs\03b418ea1a6a\runs\20261003T184941Z_synthetic\predictions.jsonl
newest-wins-original,synthetic,lexical_only,,7,13,1000,correction,correct,5,1.0,jobs\03b418ea1a6a\runs\20261003T184941Z_synthetic\predictions.jsonl
newest-wins-original,synthetic,lexical_only,,7,13,1000,repeated_fact,correct,5,1.0,jobs\03b418ea1a6a\runs\20261003T184941Z_synthetic\predictions.jsonl
newest-wins-original,synthetic,lexical_only,,7,13,1000,contradictory_update,correct,5,0.6,jobs\03b418ea1a6a\runs\20261003T184941Z_synthetic\predictions.jsonl
newest-wins-original,synthetic,lexical_only,,7,13,1000,boolean,correct,5,0.0,jobs\03b418ea1a6a\runs\20261003T184941Z_synthetic\predictions.jsonl
newest-wins-original,synthetic,lexical_only,,7,13,1000,goal,correct,5,1.0,jobs\03b418ea1a6a\runs\20261003T184941Z_synthetic\predictions.jsonl
newest-wins-original,synthetic,lexical_only,,7,13,1000,response_style,correct,5,0.4,jobs\03b418ea1a6a\runs\20261003T184941Z_synthetic\predictions.jsonl
newest-wins-original,synthetic,lexical_only,,7,13,1000,temporal,correct,5,1.0,jobs\03b418ea1a6a\runs\20261003T184941Z_synthetic\predictions.jsonl
newest-wins-original,synthetic,lexical_only,,7,13,1000,multi_fact,correct,5,0.0,jobs\03b418ea1a6a\runs\20261003T184941Z_synthetic\predictions.jsonl
newest-wins-original,synthetic,lexical_only,,7,13,1000,paraphrase,correct,5,1.0,jobs\03b418ea1a6a\runs\20261003T184941Z_synthetic\predictions.jsonl
newest-wins-original,synthetic,lexical_only,,7,13,5000,all,correct,50,0.66,jobs\03b418ea1a6a\runs\20261003T184941Z_synthetic\predictions.jsonl
newest-wins-original,synthetic,lexical_only,,7,13,5000,stable_fact,correct,5,1.0,jobs\03b418ea1a6a\runs\20261003T184941Z_synthetic\predictions.jsonl
newest-wins-original,synthetic,lexical_only,,7,13,5000,correction,correct,5,0.4,jobs\03b418ea1a6a\runs\20261003T184941Z_synthetic\predictions.jsonl
newest-wins-original,synthetic,lexical_only,,7,13,5000,repeated_fact,correct,5,1.0,jobs\03b418ea1a6a\runs\20261003T184941Z_synthetic\predictions.jsonl
newest-wins-original,synthetic,lexical_only,,7,13,5000,contradictory_update,correct,5,0.6,jobs\03b418ea1a6a\runs\20261003T184941Z_synthetic\predictions.jsonl
newest-wins-original,synthetic,lexical_only,,7,13,5000,boolean,correct,5,0.0,jobs\03b418ea1a6a\runs\20261003T184941Z_synthetic\predictions.jsonl
newest-wins-original,synthetic,lexical_only,,7,13,5000,goal,correct,5,1.0,jobs\03b418ea1a6a\runs\20261003T184941Z_synthetic\predictions.jsonl
newest-wins-original,synthetic,lexical_only,,7,13,5000,response_style,correct,5,0.6,jobs\03b418ea1a6a\runs\20261003T184941Z_synthetic\predictions.jsonl
newest-wins-original,synthetic,lexical_only,,7,13,5000,temporal,correct,5,1.0,jobs\03b418ea1a6a\runs\20261003T184941Z_synthetic\predictions.jsonl
newest-wins-original,synthetic,lexical_only,,7,13,5000,multi_fact,correct,5,0.0,jobs\03b418ea1a6a\runs\20261003T184941Z_synthetic\predictions.jsonl
newest-wins-original,synthetic,lexical_only,,7,13,5000,paraphrase,correct,5,1.0,jobs\03b418ea1a6a\runs\20261003T184941Z_synthetic\predictions.jsonl
newest-wins-original,locomo,lexical_only,,7,7,,all,token_f1_diagnostic,1986,0.15779403137752657,jobs\0b5fd1d3a528\runs\20261003T215643Z_locomo\predictions.jsonl
newest-wins-original,locomo,lexical_only,,7,7,,category-2,token_f1_diagnostic,321,0.17589701445251535,jobs\0b5fd1d3a528\runs\20261003T215643Z_locomo\predictions.jsonl
newest-wins-original,locomo,lexical_only,,7,7,,all,correct,1986,0.057905337361530716,jobs\0b5fd1d3a528\runs\20261003T215643Z_locomo\predictions.jsonl
newest-wins-original,locomo,lexical_only,,7,7,,category-2,correct,321,0.012461059190031152,jobs\0b5fd1d3a528\runs\20261003T215643Z_locomo\predictions.jsonl
newest-wins-original,locomo,lexical_only,,7,7,,all,locomo_official_qa_score,1986,0.3090430801740285,jobs\0b5fd1d3a528\runs\20261003T215643Z_locomo\predictions.jsonl
newest-wins-original,locomo,lexical_only,,7,7,,category-2,locomo_official_qa_score,321,0.17978069697695867,jobs\0b5fd1d3a528\runs\20261003T215643Z_locomo\predictions.jsonl
newest-wins-original,locomo,lexical_only,,7,7,,category-3,token_f1_diagnostic,96,0.04309112757802016,jobs\0b5fd1d3a528\runs\20261003T215643Z_locomo\predictions.jsonl
newest-wins-original,locomo,lexical_only,,7,7,,category-3,correct,96,0.020833333333333332,jobs\0b5fd1d3a528\runs\20261003T215643Z_locomo\predictions.jsonl
newest-wins-original,locomo,lexical_only,,7,7,,category-3,locomo_official_qa_score,96,0.05244427526903017,jobs\0b5fd1d3a528\runs\20261003T215643Z_locomo\predictions.jsonl
newest-wins-original,locomo,lexical_only,,7,7,,category-1,token_f1_diagnostic,282,0.1535516024742559,jobs\0b5fd1d3a528\runs\20261003T215643Z_locomo\predictions.jsonl
newest-wins-original,locomo,lexical_only,,7,7,,category-1,correct,282,0.02127659574468085,jobs\0b5fd1d3a528\runs\20261003T215643Z_locomo\predictions.jsonl
newest-wins-original,locomo,lexical_only,,7,7,,category-1,locomo_official_qa_score,282,0.13581036894381543,jobs\0b5fd1d3a528\runs\20261003T215643Z_locomo\predictions.jsonl
newest-wins-original,locomo,lexical_only,,7,7,,category-4,token_f1_diagnostic,841,0.24848716353303238,jobs\0b5fd1d3a528\runs\20261003T215643Z_locomo\predictions.jsonl
newest-wins-original,locomo,lexical_only,,7,7,,category-4,correct,841,0.12247324613555291,jobs\0b5fd1d3a528\runs\20261003T215643Z_locomo\predictions.jsonl
newest-wins-original,locomo,lexical_only,,7,7,,category-4,locomo_official_qa_score,841,0.252933149854975,jobs\0b5fd1d3a528\runs\20261003T215643Z_locomo\predictions.jsonl
newest-wins-original,locomo,lexical_only,,7,7,,category-5,token_f1_diagnostic,446,0.0011210762331838565,jobs\0b5fd1d3a528\runs\20261003T215643Z_locomo\predictions.jsonl
newest-wins-original,locomo,lexical_only,,7,7,,category-5,correct,446,0.0,jobs\0b5fd1d3a528\runs\20261003T215643Z_locomo\predictions.jsonl
newest-wins-original,locomo,lexical_only,,7,7,,category-5,locomo_official_qa_score,446,0.672645739910314,jobs\0b5fd1d3a528\runs\20261003T215643Z_locomo\predictions.jsonl
newest-wins-cue_free,synthetic,lalm,37,37,17,1000,all,correct,50,0.62,jobs\134cb801d969\runs\20261003T204106Z_synthetic\predictions.jsonl
newest-wins-cue_free,synthetic,lalm,37,37,17,1000,stable_fact,correct,5,1.0,jobs\134cb801d969\runs\20261003T204106Z_synthetic\predictions.jsonl
newest-wins-cue_free,synthetic,lalm,37,37,17,1000,correction,correct,5,0.0,jobs\134cb801d969\runs\20261003T204106Z_synthetic\predictions.jsonl
newest-wins-cue_free,synthetic,lalm,37,37,17,1000,repeated_fact,correct,5,1.0,jobs\134cb801d969\runs\20261003T204106Z_synthetic\predictions.jsonl
newest-wins-cue_free,synthetic,lalm,37,37,17,1000,contradictory_update,correct,5,0.0,jobs\134cb801d969\runs\20261003T204106Z_synthetic\predictions.jsonl
newest-wins-cue_free,synthetic,lalm,37,37,17,1000,boolean,correct,5,0.6,jobs\134cb801d969\runs\20261003T204106Z_synthetic\predictions.jsonl
newest-wins-cue_free,synthetic,lalm,37,37,17,1000,goal,correct,5,1.0,jobs\134cb801d969\runs\20261003T204106Z_synthetic\predictions.jsonl
newest-wins-cue_free,synthetic,lalm,37,37,17,1000,response_style,correct,5,0.8,jobs\134cb801d969\runs\20261003T204106Z_synthetic\predictions.jsonl
newest-wins-cue_free,synthetic,lalm,37,37,17,1000,temporal,correct,5,0.8,jobs\134cb801d969\runs\20261003T204106Z_synthetic\predictions.jsonl
newest-wins-cue_free,synthetic,lalm,37,37,17,1000,multi_fact,correct,5,0.0,jobs\134cb801d969\runs\20261003T204106Z_synthetic\predictions.jsonl
newest-wins-cue_free,synthetic,lalm,37,37,17,1000,paraphrase,correct,5,1.0,jobs\134cb801d969\runs\20261003T204106Z_synthetic\predictions.jsonl
newest-wins-cue_free,synthetic,lalm,37,37,17,5000,all,correct,50,0.72,jobs\134cb801d969\runs\20261003T204106Z_synthetic\predictions.jsonl
newest-wins-cue_free,synthetic,lalm,37,37,17,5000,stable_fact,correct,5,1.0,jobs\134cb801d969\runs\20261003T204106Z_synthetic\predictions.jsonl
newest-wins-cue_free,synthetic,lalm,37,37,17,5000,correction,correct,5,0.2,jobs\134cb801d969\runs\20261003T204106Z_synthetic\predictions.jsonl
newest-wins-cue_free,synthetic,lalm,37,37,17,5000,repeated_fact,correct,5,1.0,jobs\134cb801d969\runs\20261003T204106Z_synthetic\predictions.jsonl
newest-wins-cue_free,synthetic,lalm,37,37,17,5000,contradictory_update,correct,5,0.6,jobs\134cb801d969\runs\20261003T204106Z_synthetic\predictions.jsonl
newest-wins-cue_free,synthetic,lalm,37,37,17,5000,boolean,correct,5,0.6,jobs\134cb801d969\runs\20261003T204106Z_synthetic\predictions.jsonl
newest-wins-cue_free,synthetic,lalm,37,37,17,5000,goal,correct,5,1.0,jobs\134cb801d969\runs\20261003T204106Z_synthetic\predictions.jsonl
newest-wins-cue_free,synthetic,lalm,37,37,17,5000,response_style,correct,5,1.0,jobs\134cb801d969\runs\20261003T204106Z_synthetic\predictions.jsonl
newest-wins-cue_free,synthetic,lalm,37,37,17,5000,temporal,correct,5,0.8,jobs\134cb801d969\runs\20261003T204106Z_synthetic\predictions.jsonl
newest-wins-cue_free,synthetic,lalm,37,37,17,5000,multi_fact,correct,5,0.0,jobs\134cb801d969\runs\20261003T204106Z_synthetic\predictions.jsonl
newest-wins-cue_free,synthetic,lalm,37,37,17,5000,paraphrase,correct,5,1.0,jobs\134cb801d969\runs\20261003T204106Z_synthetic\predictions.jsonl
newest-wins-cue_free,synthetic,lalm,13,13,11,1000,all,correct,50,0.58,jobs\13a4d451e725\runs\20261003T193408Z_synthetic\predictions.jsonl
newest-wins-cue_free,synthetic,lalm,13,13,11,1000,stable_fact,correct,5,1.0,jobs\13a4d451e725\runs\20261003T193408Z_synthetic\predictions.jsonl
newest-wins-cue_free,synthetic,lalm,13,13,11,1000,correction,correct,5,0.0,jobs\13a4d451e725\runs\20261003T193408Z_synthetic\predictions.jsonl
newest-wins-cue_free,synthetic,lalm,13,13,11,1000,repeated_fact,correct,5,1.0,jobs\13a4d451e725\runs\20261003T193408Z_synthetic\predictions.jsonl
newest-wins-cue_free,synthetic,lalm,13,13,11,1000,contradictory_update,correct,5,0.0,jobs\13a4d451e725\runs\20261003T193408Z_synthetic\predictions.jsonl
newest-wins-cue_free,synthetic,lalm,13,13,11,1000,boolean,correct,5,0.0,jobs\13a4d451e725\runs\20261003T193408Z_synthetic\predictions.jsonl
newest-wins-cue_free,synthetic,lalm,13,13,11,1000,goal,correct,5,1.0,jobs\13a4d451e725\runs\20261003T193408Z_synthetic\predictions.jsonl
newest-wins-cue_free,synthetic,lalm,13,13,11,1000,response_style,correct,5,1.0,jobs\13a4d451e725\runs\20261003T193408Z_synthetic\predictions.jsonl
newest-wins-cue_free,synthetic,lalm,13,13,11,1000,temporal,correct,5,0.8,jobs\13a4d451e725\runs\20261003T193408Z_synthetic\predictions.jsonl
newest-wins-cue_free,synthetic,lalm,13,13,11,1000,multi_fact,correct,5,0.0,jobs\13a4d451e725\runs\20261003T193408Z_synthetic\predictions.jsonl
newest-wins-cue_free,synthetic,lalm,13,13,11,1000,paraphrase,correct,5,1.0,jobs\13a4d451e725\runs\20261003T193408Z_synthetic\predictions.jsonl
newest-wins-cue_free,synthetic,lalm,13,13,11,5000,all,correct,50,0.62,jobs\13a4d451e725\runs\20261003T193408Z_synthetic\predictions.jsonl
newest-wins-cue_free,synthetic,lalm,13,13,11,5000,stable_fact,correct,5,1.0,jobs\13a4d451e725\runs\20261003T193408Z_synthetic\predictions.jsonl
newest-wins-cue_free,synthetic,lalm,13,13,11,5000,correction,correct,5,0.0,jobs\13a4d451e725\runs\20261003T193408Z_synthetic\predictions.jsonl
newest-wins-cue_free,synthetic,lalm,13,13,11,5000,repeated_fact,correct,5,1.0,jobs\13a4d451e725\runs\20261003T193408Z_synthetic\predictions.jsonl
newest-wins-cue_free,synthetic,lalm,13,13,11,5000,contradictory_update,correct,5,0.0,jobs\13a4d451e725\runs\20261003T193408Z_synthetic\predictions.jsonl
newest-wins-cue_free,synthetic,lalm,13,13,11,5000,boolean,correct,5,0.2,jobs\13a4d451e725\runs\20261003T193408Z_synthetic\predictions.jsonl
newest-wins-cue_free,synthetic,lalm,13,13,11,5000,goal,correct,5,1.0,jobs\13a4d451e725\runs\20261003T193408Z_synthetic\predictions.jsonl
newest-wins-cue_free,synthetic,lalm,13,13,11,5000,response_style,correct,5,1.0,jobs\13a4d451e725\runs\20261003T193408Z_synthetic\predictions.jsonl
newest-wins-cue_free,synthetic,lalm,13,13,11,5000,temporal,correct,5,1.0,jobs\13a4d451e725\runs\20261003T193408Z_synthetic\predictions.jsonl
newest-wins-cue_free,synthetic,lalm,13,13,11,5000,multi_fact,correct,5,0.0,jobs\13a4d451e725\runs\20261003T193408Z_synthetic\predictions.jsonl
newest-wins-cue_free,synthetic,lalm,13,13,11,5000,paraphrase,correct,5,1.0,jobs\13a4d451e725\runs\20261003T193408Z_synthetic\predictions.jsonl
newest-wins-cue_free,synthetic,lexical_only,,7,17,1000,all,correct,50,0.54,jobs\13da7635895b\runs\20261003T205144Z_synthetic\predictions.jsonl
newest-wins-cue_free,synthetic,lexical_only,,7,17,1000,stable_fact,correct,5,1.0,jobs\13da7635895b\runs\20261003T205144Z_synthetic\predictions.jsonl
newest-wins-cue_free,synthetic,lexical_only,,7,17,1000,correction,correct,5,0.0,jobs\13da7635895b\runs\20261003T205144Z_synthetic\predictions.jsonl
newest-wins-cue_free,synthetic,lexical_only,,7,17,1000,repeated_fact,correct,5,1.0,jobs\13da7635895b\runs\20261003T205144Z_synthetic\predictions.jsonl
newest-wins-cue_free,synthetic,lexical_only,,7,17,1000,contradictory_update,correct,5,0.0,jobs\13da7635895b\runs\20261003T205144Z_synthetic\predictions.jsonl
newest-wins-cue_free,synthetic,lexical_only,,7,17,1000,boolean,correct,5,0.0,jobs\13da7635895b\runs\20261003T205144Z_synthetic\predictions.jsonl
newest-wins-cue_free,synthetic,lexical_only,,7,17,1000,goal,correct,5,1.0,jobs\13da7635895b\runs\20261003T205144Z_synthetic\predictions.jsonl
newest-wins-cue_free,synthetic,lexical_only,,7,17,1000,response_style,correct,5,0.6,jobs\13da7635895b\runs\20261003T205144Z_synthetic\predictions.jsonl
newest-wins-cue_free,synthetic,lexical_only,,7,17,1000,temporal,correct,5,1.0,jobs\13da7635895b\runs\20261003T205144Z_synthetic\predictions.jsonl
newest-wins-cue_free,synthetic,lexical_only,,7,17,1000,multi_fact,correct,5,0.0,jobs\13da7635895b\runs\20261003T205144Z_synthetic\predictions.jsonl
newest-wins-cue_free,synthetic,lexical_only,,7,17,1000,paraphrase,correct,5,0.8,jobs\13da7635895b\runs\20261003T205144Z_synthetic\predictions.jsonl
newest-wins-cue_free,synthetic,lexical_only,,7,17,5000,all,correct,50,0.6,jobs\13da7635895b\runs\20261003T205144Z_synthetic\predictions.jsonl
newest-wins-cue_free,synthetic,lexical_only,,7,17,5000,stable_fact,correct,5,1.0,jobs\13da7635895b\runs\20261003T205144Z_synthetic\predictions.jsonl
newest-wins-cue_free,synthetic,lexical_only,,7,17,5000,correction,correct,5,0.0,jobs\13da7635895b\runs\20261003T205144Z_synthetic\predictions.jsonl
newest-wins-cue_free,synthetic,lexical_only,,7,17,5000,repeated_fact,correct,5,1.0,jobs\13da7635895b\runs\20261003T205144Z_synthetic\predictions.jsonl
newest-wins-cue_free,synthetic,lexical_only,,7,17,5000,contradictory_update,correct,5,0.2,jobs\13da7635895b\runs\20261003T205144Z_synthetic\predictions.jsonl
newest-wins-cue_free,synthetic,lexical_only,,7,17,5000,boolean,correct,5,0.0,jobs\13da7635895b\runs\20261003T205144Z_synthetic\predictions.jsonl
newest-wins-cue_free,synthetic,lexical_only,,7,17,5000,goal,correct,5,1.0,jobs\13da7635895b\runs\20261003T205144Z_synthetic\predictions.jsonl
newest-wins-cue_free,synthetic,lexical_only,,7,17,5000,response_style,correct,5,1.0,jobs\13da7635895b\runs\20261003T205144Z_synthetic\predictions.jsonl
newest-wins-cue_free,synthetic,lexical_only,,7,17,5000,temporal,correct,5,0.8,jobs\13da7635895b\runs\20261003T205144Z_synthetic\predictions.jsonl
newest-wins-cue_free,synthetic,lexical_only,,7,17,5000,multi_fact,correct,5,0.0,jobs\13da7635895b\runs\20261003T205144Z_synthetic\predictions.jsonl
newest-wins-cue_free,synthetic,lexical_only,,7,17,5000,paraphrase,correct,5,1.0,jobs\13da7635895b\runs\20261003T205144Z_synthetic\predictions.jsonl
newest-wins-cue_free,synthetic,lalm,7,7,11,1000,all,correct,50,0.6,jobs\15d14cba5ef7\runs\20261003T192906Z_synthetic\predictions.jsonl
newest-wins-cue_free,synthetic,lalm,7,7,11,1000,stable_fact,correct,5,1.0,jobs\15d14cba5ef7\runs\20261003T192906Z_synthetic\predictions.jsonl
newest-wins-cue_free,synthetic,lalm,7,7,11,1000,correction,correct,5,0.0,jobs\15d14cba5ef7\runs\20261003T192906Z_synthetic\predictions.jsonl
newest-wins-cue_free,synthetic,lalm,7,7,11,1000,repeated_fact,correct,5,1.0,jobs\15d14cba5ef7\runs\20261003T192906Z_synthetic\predictions.jsonl
newest-wins-cue_free,synthetic,lalm,7,7,11,1000,contradictory_update,correct,5,0.0,jobs\15d14cba5ef7\runs\20261003T192906Z_synthetic\predictions.jsonl
newest-wins-cue_free,synthetic,lalm,7,7,11,1000,boolean,correct,5,0.0,jobs\15d14cba5ef7\runs\20261003T192906Z_synthetic\predictions.jsonl
newest-wins-cue_free,synthetic,lalm,7,7,11,1000,goal,correct,5,1.0,jobs\15d14cba5ef7\runs\20261003T192906Z_synthetic\predictions.jsonl
newest-wins-cue_free,synthetic,lalm,7,7,11,1000,response_style,correct,5,1.0,jobs\15d14cba5ef7\runs\20261003T192906Z_synthetic\predictions.jsonl
newest-wins-cue_free,synthetic,lalm,7,7,11,1000,temporal,correct,5,1.0,jobs\15d14cba5ef7\runs\20261003T192906Z_synthetic\predictions.jsonl
newest-wins-cue_free,synthetic,lalm,7,7,11,1000,multi_fact,correct,5,0.0,jobs\15d14cba5ef7\runs\20261003T192906Z_synthetic\predictions.jsonl
newest-wins-cue_free,synthetic,lalm,7,7,11,1000,paraphrase,correct,5,1.0,jobs\15d14cba5ef7\runs\20261003T192906Z_synthetic\predictions.jsonl
newest-wins-cue_free,synthetic,lalm,7,7,11,5000,all,correct,50,0.62,jobs\15d14cba5ef7\runs\20261003T192906Z_synthetic\predictions.jsonl
newest-wins-cue_free,synthetic,lalm,7,7,11,5000,stable_fact,correct,5,1.0,jobs\15d14cba5ef7\runs\20261003T192906Z_synthetic\predictions.jsonl
newest-wins-cue_free,synthetic,lalm,7,7,11,5000,correction,correct,5,0.2,jobs\15d14cba5ef7\runs\20261003T192906Z_synthetic\predictions.jsonl
newest-wins-cue_free,synthetic,lalm,7,7,11,5000,repeated_fact,correct,5,1.0,jobs\15d14cba5ef7\runs\20261003T192906Z_synthetic\predictions.jsonl
newest-wins-cue_free,synthetic,lalm,7,7,11,5000,contradictory_update,correct,5,0.0,jobs\15d14cba5ef7\runs\20261003T192906Z_synthetic\predictions.jsonl
newest-wins-cue_free,synthetic,lalm,7,7,11,5000,boolean,correct,5,0.0,jobs\15d14cba5ef7\runs\20261003T192906Z_synthetic\predictions.jsonl
newest-wins-cue_free,synthetic,lalm,7,7,11,5000,goal,correct,5,1.0,jobs\15d14cba5ef7\runs\20261003T192906Z_synthetic\predictions.jsonl
newest-wins-cue_free,synthetic,lalm,7,7,11,5000,response_style,correct,5,1.0,jobs\15d14cba5ef7\runs\20261003T192906Z_synthetic\predictions.jsonl
newest-wins-cue_free,synthetic,lalm,7,7,11,5000,temporal,correct,5,1.0,jobs\15d14cba5ef7\runs\20261003T192906Z_synthetic\predictions.jsonl
newest-wins-cue_free,synthetic,lalm,7,7,11,5000,multi_fact,correct,5,0.0,jobs\15d14cba5ef7\runs\20261003T192906Z_synthetic\predictions.jsonl
newest-wins-cue_free,synthetic,lalm,7,7,11,5000,paraphrase,correct,5,1.0,jobs\15d14cba5ef7\runs\20261003T192906Z_synthetic\predictions.jsonl
newest-wins-cue_free,synthetic,lalm,13,13,13,1000,all,correct,50,0.66,jobs\183001bbfbdf\runs\20261003T200217Z_synthetic\predictions.jsonl
newest-wins-cue_free,synthetic,lalm,13,13,13,1000,stable_fact,correct,5,1.0,jobs\183001bbfbdf\runs\20261003T200217Z_synthetic\predictions.jsonl
newest-wins-cue_free,synthetic,lalm,13,13,13,1000,correction,correct,5,0.2,jobs\183001bbfbdf\runs\20261003T200217Z_synthetic\predictions.jsonl
newest-wins-cue_free,synthetic,lalm,13,13,13,1000,repeated_fact,correct,5,1.0,jobs\183001bbfbdf\runs\20261003T200217Z_synthetic\predictions.jsonl
newest-wins-cue_free,synthetic,lalm,13,13,13,1000,contradictory_update,correct,5,0.2,jobs\183001bbfbdf\runs\20261003T200217Z_synthetic\predictions.jsonl
newest-wins-cue_free,synthetic,lalm,13,13,13,1000,boolean,correct,5,0.4,jobs\183001bbfbdf\runs\20261003T200217Z_synthetic\predictions.jsonl
newest-wins-cue_free,synthetic,lalm,13,13,13,1000,goal,correct,5,1.0,jobs\183001bbfbdf\runs\20261003T200217Z_synthetic\predictions.jsonl
newest-wins-cue_free,synthetic,lalm,13,13,13,1000,response_style,correct,5,0.8,jobs\183001bbfbdf\runs\20261003T200217Z_synthetic\predictions.jsonl
newest-wins-cue_free,synthetic,lalm,13,13,13,1000,temporal,correct,5,1.0,jobs\183001bbfbdf\runs\20261003T200217Z_synthetic\predictions.jsonl
newest-wins-cue_free,synthetic,lalm,13,13,13,1000,multi_fact,correct,5,0.0,jobs\183001bbfbdf\runs\20261003T200217Z_synthetic\predictions.jsonl
newest-wins-cue_free,synthetic,lalm,13,13,13,1000,paraphrase,correct,5,1.0,jobs\183001bbfbdf\runs\20261003T200217Z_synthetic\predictions.jsonl
newest-wins-cue_free,synthetic,lalm,13,13,13,5000,all,correct,50,0.62,jobs\183001bbfbdf\runs\20261003T200217Z_synthetic\predictions.jsonl
newest-wins-cue_free,synthetic,lalm,13,13,13,5000,stable_fact,correct,5,1.0,jobs\183001bbfbdf\runs\20261003T200217Z_synthetic\predictions.jsonl
newest-wins-cue_free,synthetic,lalm,13,13,13,5000,correction,correct,5,0.2,jobs\183001bbfbdf\runs\20261003T200217Z_synthetic\predictions.jsonl
newest-wins-cue_free,synthetic,lalm,13,13,13,5000,repeated_fact,correct,5,1.0,jobs\183001bbfbdf\runs\20261003T200217Z_synthetic\predictions.jsonl
newest-wins-cue_free,synthetic,lalm,13,13,13,5000,contradictory_update,correct,5,0.0,jobs\183001bbfbdf\runs\20261003T200217Z_synthetic\predictions.jsonl
newest-wins-cue_free,synthetic,lalm,13,13,13,5000,boolean,correct,5,0.0,jobs\183001bbfbdf\runs\20261003T200217Z_synthetic\predictions.jsonl
newest-wins-cue_free,synthetic,lalm,13,13,13,5000,goal,correct,5,1.0,jobs\183001bbfbdf\runs\20261003T200217Z_synthetic\predictions.jsonl
newest-wins-cue_free,synthetic,lalm,13,13,13,5000,response_style,correct,5,1.0,jobs\183001bbfbdf\runs\20261003T200217Z_synthetic\predictions.jsonl
newest-wins-cue_free,synthetic,lalm,13,13,13,5000,temporal,correct,5,1.0,jobs\183001bbfbdf\runs\20261003T200217Z_synthetic\predictions.jsonl
newest-wins-cue_free,synthetic,lalm,13,13,13,5000,multi_fact,correct,5,0.0,jobs\183001bbfbdf\runs\20261003T200217Z_synthetic\predictions.jsonl
newest-wins-cue_free,synthetic,lalm,13,13,13,5000,paraphrase,correct,5,1.0,jobs\183001bbfbdf\runs\20261003T200217Z_synthetic\predictions.jsonl
newest-wins-original,synthetic,lexical_only,,7,17,100,all,correct,100,0.73,jobs\1f917c1bd245\runs\20261003T192614Z_synthetic\predictions.jsonl
newest-wins-original,synthetic,lexical_only,,7,17,100,stable_fact,correct,10,1.0,jobs\1f917c1bd245\runs\20261003T192614Z_synthetic\predictions.jsonl
newest-wins-original,synthetic,lexical_only,,7,17,100,correction,correct,10,0.7,jobs\1f917c1bd245\runs\20261003T192614Z_synthetic\predictions.jsonl
newest-wins-original,synthetic,lexical_only,,7,17,100,repeated_fact,correct,10,1.0,jobs\1f917c1bd245\runs\20261003T192614Z_synthetic\predictions.jsonl
newest-wins-original,synthetic,lexical_only,,7,17,100,contradictory_update,correct,10,0.7,jobs\1f917c1bd245\runs\20261003T192614Z_synthetic\predictions.jsonl
newest-wins-original,synthetic,lexical_only,,7,17,100,boolean,correct,10,0.0,jobs\1f917c1bd245\runs\20261003T192614Z_synthetic\predictions.jsonl
newest-wins-original,synthetic,lexical_only,,7,17,100,goal,correct,10,1.0,jobs\1f917c1bd245\runs\20261003T192614Z_synthetic\predictions.jsonl
newest-wins-original,synthetic,lexical_only,,7,17,100,response_style,correct,10,0.9,jobs\1f917c1bd245\runs\20261003T192614Z_synthetic\predictions.jsonl
newest-wins-original,synthetic,lexical_only,,7,17,100,temporal,correct,10,1.0,jobs\1f917c1bd245\runs\20261003T192614Z_synthetic\predictions.jsonl
newest-wins-original,synthetic,lexical_only,,7,17,100,multi_fact,correct,10,0.0,jobs\1f917c1bd245\runs\20261003T192614Z_synthetic\predictions.jsonl
newest-wins-original,synthetic,lexical_only,,7,17,100,paraphrase,correct,10,1.0,jobs\1f917c1bd245\runs\20261003T192614Z_synthetic\predictions.jsonl
newest-wins-original,synthetic,lexical_only,,7,17,500,all,correct,75,0.6933333333333334,jobs\1f917c1bd245\runs\20261003T192614Z_synthetic\predictions.jsonl
newest-wins-original,synthetic,lexical_only,,7,17,500,stable_fact,correct,8,1.0,jobs\1f917c1bd245\runs\20261003T192614Z_synthetic\predictions.jsonl
newest-wins-original,synthetic,lexical_only,,7,17,500,correction,correct,8,0.75,jobs\1f917c1bd245\runs\20261003T192614Z_synthetic\predictions.jsonl
newest-wins-original,synthetic,lexical_only,,7,17,500,repeated_fact,correct,8,1.0,jobs\1f917c1bd245\runs\20261003T192614Z_synthetic\predictions.jsonl
newest-wins-original,synthetic,lexical_only,,7,17,500,contradictory_update,correct,8,0.5,jobs\1f917c1bd245\runs\20261003T192614Z_synthetic\predictions.jsonl
newest-wins-original,synthetic,lexical_only,,7,17,500,boolean,correct,8,0.0,jobs\1f917c1bd245\runs\20261003T192614Z_synthetic\predictions.jsonl
newest-wins-original,synthetic,lexical_only,,7,17,500,goal,correct,7,1.0,jobs\1f917c1bd245\runs\20261003T192614Z_synthetic\predictions.jsonl
newest-wins-original,synthetic,lexical_only,,7,17,500,response_style,correct,7,0.8571428571428571,jobs\1f917c1bd245\runs\20261003T192614Z_synthetic\predictions.jsonl
newest-wins-original,synthetic,lexical_only,,7,17,500,temporal,correct,7,1.0,jobs\1f917c1bd245\runs\20261003T192614Z_synthetic\predictions.jsonl
newest-wins-original,synthetic,lexical_only,,7,17,500,multi_fact,correct,7,0.0,jobs\1f917c1bd245\runs\20261003T192614Z_synthetic\predictions.jsonl
newest-wins-original,synthetic,lexical_only,,7,17,500,paraphrase,correct,7,0.8571428571428571,jobs\1f917c1bd245\runs\20261003T192614Z_synthetic\predictions.jsonl
newest-wins-original,synthetic,lexical_only,,7,17,1000,all,correct,50,0.68,jobs\1f917c1bd245\runs\20261003T192614Z_synthetic\predictions.jsonl
newest-wins-original,synthetic,lexical_only,,7,17,1000,stable_fact,correct,5,1.0,jobs\1f917c1bd245\runs\20261003T192614Z_synthetic\predictions.jsonl
newest-wins-original,synthetic,lexical_only,,7,17,1000,correction,correct,5,0.4,jobs\1f917c1bd245\runs\20261003T192614Z_synthetic\predictions.jsonl
newest-wins-original,synthetic,lexical_only,,7,17,1000,repeated_fact,correct,5,1.0,jobs\1f917c1bd245\runs\20261003T192614Z_synthetic\predictions.jsonl
newest-wins-original,synthetic,lexical_only,,7,17,1000,contradictory_update,correct,5,0.8,jobs\1f917c1bd245\runs\20261003T192614Z_synthetic\predictions.jsonl
newest-wins-original,synthetic,lexical_only,,7,17,1000,boolean,correct,5,0.0,jobs\1f917c1bd245\runs\20261003T192614Z_synthetic\predictions.jsonl
newest-wins-original,synthetic,lexical_only,,7,17,1000,goal,correct,5,1.0,jobs\1f917c1bd245\runs\20261003T192614Z_synthetic\predictions.jsonl
newest-wins-original,synthetic,lexical_only,,7,17,1000,response_style,correct,5,0.8,jobs\1f917c1bd245\runs\20261003T192614Z_synthetic\predictions.jsonl
newest-wins-original,synthetic,lexical_only,,7,17,1000,temporal,correct,5,1.0,jobs\1f917c1bd245\runs\20261003T192614Z_synthetic\predictions.jsonl
newest-wins-original,synthetic,lexical_only,,7,17,1000,multi_fact,correct,5,0.0,jobs\1f917c1bd245\runs\20261003T192614Z_synthetic\predictions.jsonl
newest-wins-original,synthetic,lexical_only,,7,17,1000,paraphrase,correct,5,0.8,jobs\1f917c1bd245\runs\20261003T192614Z_synthetic\predictions.jsonl
newest-wins-original,synthetic,lexical_only,,7,17,5000,all,correct,50,0.7,jobs\1f917c1bd245\runs\20261003T192614Z_synthetic\predictions.jsonl
newest-wins-original,synthetic,lexical_only,,7,17,5000,stable_fact,correct,5,1.0,jobs\1f917c1bd245\runs\20261003T192614Z_synthetic\predictions.jsonl
newest-wins-original,synthetic,lexical_only,,7,17,5000,correction,correct,5,0.8,jobs\1f917c1bd245\runs\20261003T192614Z_synthetic\predictions.jsonl
newest-wins-original,synthetic,lexical_only,,7,17,5000,repeated_fact,correct,5,1.0,jobs\1f917c1bd245\runs\20261003T192614Z_synthetic\predictions.jsonl
newest-wins-original,synthetic,lexical_only,,7,17,5000,contradictory_update,correct,5,0.8,jobs\1f917c1bd245\runs\20261003T192614Z_synthetic\predictions.jsonl
newest-wins-original,synthetic,lexical_only,,7,17,5000,boolean,correct,5,0.0,jobs\1f917c1bd245\runs\20261003T192614Z_synthetic\predictions.jsonl
newest-wins-original,synthetic,lexical_only,,7,17,5000,goal,correct,5,1.0,jobs\1f917c1bd245\runs\20261003T192614Z_synthetic\predictions.jsonl
newest-wins-original,synthetic,lexical_only,,7,17,5000,response_style,correct,5,0.6,jobs\1f917c1bd245\runs\20261003T192614Z_synthetic\predictions.jsonl
newest-wins-original,synthetic,lexical_only,,7,17,5000,temporal,correct,5,0.8,jobs\1f917c1bd245\runs\20261003T192614Z_synthetic\predictions.jsonl
newest-wins-original,synthetic,lexical_only,,7,17,5000,multi_fact,correct,5,0.0,jobs\1f917c1bd245\runs\20261003T192614Z_synthetic\predictions.jsonl
newest-wins-original,synthetic,lexical_only,,7,17,5000,paraphrase,correct,5,1.0,jobs\1f917c1bd245\runs\20261003T192614Z_synthetic\predictions.jsonl
newest-wins-cue_free,synthetic,lexical_only,,7,13,1000,all,correct,50,0.62,jobs\21113031a580\runs\20261003T202333Z_synthetic\predictions.jsonl
newest-wins-cue_free,synthetic,lexical_only,,7,13,1000,stable_fact,correct,5,1.0,jobs\21113031a580\runs\20261003T202333Z_synthetic\predictions.jsonl
newest-wins-cue_free,synthetic,lexical_only,,7,13,1000,correction,correct,5,0.4,jobs\21113031a580\runs\20261003T202333Z_synthetic\predictions.jsonl
newest-wins-cue_free,synthetic,lexical_only,,7,13,1000,repeated_fact,correct,5,1.0,jobs\21113031a580\runs\20261003T202333Z_synthetic\predictions.jsonl
newest-wins-cue_free,synthetic,lexical_only,,7,13,1000,contradictory_update,correct,5,0.0,jobs\21113031a580\runs\20261003T202333Z_synthetic\predictions.jsonl
newest-wins-cue_free,synthetic,lexical_only,,7,13,1000,boolean,correct,5,0.0,jobs\21113031a580\runs\20261003T202333Z_synthetic\predictions.jsonl
newest-wins-cue_free,synthetic,lexical_only,,7,13,1000,goal,correct,5,1.0,jobs\21113031a580\runs\20261003T202333Z_synthetic\predictions.jsonl
newest-wins-cue_free,synthetic,lexical_only,,7,13,1000,response_style,correct,5,0.8,jobs\21113031a580\runs\20261003T202333Z_synthetic\predictions.jsonl
newest-wins-cue_free,synthetic,lexical_only,,7,13,1000,temporal,correct,5,1.0,jobs\21113031a580\runs\20261003T202333Z_synthetic\predictions.jsonl
newest-wins-cue_free,synthetic,lexical_only,,7,13,1000,multi_fact,correct,5,0.0,jobs\21113031a580\runs\20261003T202333Z_synthetic\predictions.jsonl
newest-wins-cue_free,synthetic,lexical_only,,7,13,1000,paraphrase,correct,5,1.0,jobs\21113031a580\runs\20261003T202333Z_synthetic\predictions.jsonl
newest-wins-cue_free,synthetic,lexical_only,,7,13,5000,all,correct,50,0.62,jobs\21113031a580\runs\20261003T202333Z_synthetic\predictions.jsonl
newest-wins-cue_free,synthetic,lexical_only,,7,13,5000,stable_fact,correct,5,1.0,jobs\21113031a580\runs\20261003T202333Z_synthetic\predictions.jsonl
newest-wins-cue_free,synthetic,lexical_only,,7,13,5000,correction,correct,5,0.2,jobs\21113031a580\runs\20261003T202333Z_synthetic\predictions.jsonl
newest-wins-cue_free,synthetic,lexical_only,,7,13,5000,repeated_fact,correct,5,1.0,jobs\21113031a580\runs\20261003T202333Z_synthetic\predictions.jsonl
newest-wins-cue_free,synthetic,lexical_only,,7,13,5000,contradictory_update,correct,5,0.0,jobs\21113031a580\runs\20261003T202333Z_synthetic\predictions.jsonl
newest-wins-cue_free,synthetic,lexical_only,,7,13,5000,boolean,correct,5,0.0,jobs\21113031a580\runs\20261003T202333Z_synthetic\predictions.jsonl
newest-wins-cue_free,synthetic,lexical_only,,7,13,5000,goal,correct,5,1.0,jobs\21113031a580\runs\20261003T202333Z_synthetic\predictions.jsonl
newest-wins-cue_free,synthetic,lexical_only,,7,13,5000,response_style,correct,5,1.0,jobs\21113031a580\runs\20261003T202333Z_synthetic\predictions.jsonl
newest-wins-cue_free,synthetic,lexical_only,,7,13,5000,temporal,correct,5,1.0,jobs\21113031a580\runs\20261003T202333Z_synthetic\predictions.jsonl
newest-wins-cue_free,synthetic,lexical_only,,7,13,5000,multi_fact,correct,5,0.0,jobs\21113031a580\runs\20261003T202333Z_synthetic\predictions.jsonl
newest-wins-cue_free,synthetic,lexical_only,,7,13,5000,paraphrase,correct,5,1.0,jobs\21113031a580\runs\20261003T202333Z_synthetic\predictions.jsonl
newest-wins-cue_free,synthetic,lexical_only,,7,11,1000,all,correct,50,0.54,jobs\254ff02afe37\runs\20261003T195503Z_synthetic\predictions.jsonl
newest-wins-cue_free,synthetic,lexical_only,,7,11,1000,stable_fact,correct,5,1.0,jobs\254ff02afe37\runs\20261003T195503Z_synthetic\predictions.jsonl
newest-wins-cue_free,synthetic,lexical_only,,7,11,1000,correction,correct,5,0.0,jobs\254ff02afe37\runs\20261003T195503Z_synthetic\predictions.jsonl
newest-wins-cue_free,synthetic,lexical_only,,7,11,1000,repeated_fact,correct,5,1.0,jobs\254ff02afe37\runs\20261003T195503Z_synthetic\predictions.jsonl
newest-wins-cue_free,synthetic,lexical_only,,7,11,1000,contradictory_update,correct,5,0.0,jobs\254ff02afe37\runs\20261003T195503Z_synthetic\predictions.jsonl
newest-wins-cue_free,synthetic,lexical_only,,7,11,1000,boolean,correct,5,0.0,jobs\254ff02afe37\runs\20261003T195503Z_synthetic\predictions.jsonl
newest-wins-cue_free,synthetic,lexical_only,,7,11,1000,goal,correct,5,1.0,jobs\254ff02afe37\runs\20261003T195503Z_synthetic\predictions.jsonl
newest-wins-cue_free,synthetic,lexical_only,,7,11,1000,response_style,correct,5,0.8,jobs\254ff02afe37\runs\20261003T195503Z_synthetic\predictions.jsonl
newest-wins-cue_free,synthetic,lexical_only,,7,11,1000,temporal,correct,5,0.8,jobs\254ff02afe37\runs\20261003T195503Z_synthetic\predictions.jsonl
newest-wins-cue_free,synthetic,lexical_only,,7,11,1000,multi_fact,correct,5,0.0,jobs\254ff02afe37\runs\20261003T195503Z_synthetic\predictions.jsonl
newest-wins-cue_free,synthetic,lexical_only,,7,11,1000,paraphrase,correct,5,0.8,jobs\254ff02afe37\runs\20261003T195503Z_synthetic\predictions.jsonl
newest-wins-cue_free,synthetic,lexical_only,,7,11,5000,all,correct,50,0.6,jobs\254ff02afe37\runs\20261003T195503Z_synthetic\predictions.jsonl
newest-wins-cue_free,synthetic,lexical_only,,7,11,5000,stable_fact,correct,5,1.0,jobs\254ff02afe37\runs\20261003T195503Z_synthetic\predictions.jsonl
newest-wins-cue_free,synthetic,lexical_only,,7,11,5000,correction,correct,5,0.2,jobs\254ff02afe37\runs\20261003T195503Z_synthetic\predictions.jsonl
newest-wins-cue_free,synthetic,lexical_only,,7,11,5000,repeated_fact,correct,5,1.0,jobs\254ff02afe37\runs\20261003T195503Z_synthetic\predictions.jsonl
newest-wins-cue_free,synthetic,lexical_only,,7,11,5000,contradictory_update,correct,5,0.0,jobs\254ff02afe37\runs\20261003T195503Z_synthetic\predictions.jsonl
newest-wins-cue_free,synthetic,lexical_only,,7,11,5000,boolean,correct,5,0.0,jobs\254ff02afe37\runs\20261003T195503Z_synthetic\predictions.jsonl
newest-wins-cue_free,synthetic,lexical_only,,7,11,5000,goal,correct,5,1.0,jobs\254ff02afe37\runs\20261003T195503Z_synthetic\predictions.jsonl
newest-wins-cue_free,synthetic,lexical_only,,7,11,5000,response_style,correct,5,0.8,jobs\254ff02afe37\runs\20261003T195503Z_synthetic\predictions.jsonl
newest-wins-cue_free,synthetic,lexical_only,,7,11,5000,temporal,correct,5,1.0,jobs\254ff02afe37\runs\20261003T195503Z_synthetic\predictions.jsonl
newest-wins-cue_free,synthetic,lexical_only,,7,11,5000,multi_fact,correct,5,0.0,jobs\254ff02afe37\runs\20261003T195503Z_synthetic\predictions.jsonl
newest-wins-cue_free,synthetic,lexical_only,,7,11,5000,paraphrase,correct,5,1.0,jobs\254ff02afe37\runs\20261003T195503Z_synthetic\predictions.jsonl
newest-wins-original,longmemeval,lalm,37,37,7,,all,token_f1_diagnostic,450,0.24724003856379653,jobs\2635c372f754\runs\20261003T211216Z_longmemeval\predictions.jsonl
newest-wins-original,longmemeval,lalm,37,37,7,,single-session-user,token_f1_diagnostic,20,0.5584877622377622,jobs\2635c372f754\runs\20261003T211216Z_longmemeval\predictions.jsonl
newest-wins-original,longmemeval,lalm,37,37,7,,all,correct,450,0.1288888888888889,jobs\2635c372f754\runs\20261003T211216Z_longmemeval\predictions.jsonl
newest-wins-original,longmemeval,lalm,37,37,7,,single-session-user,correct,20,0.4,jobs\2635c372f754\runs\20261003T211216Z_longmemeval\predictions.jsonl
newest-wins-original,longmemeval,lalm,37,37,7,,multi-session,token_f1_diagnostic,133,0.12463717664974494,jobs\2635c372f754\runs\20261003T211216Z_longmemeval\predictions.jsonl
newest-wins-original,longmemeval,lalm,37,37,7,,multi-session,correct,133,0.06015037593984962,jobs\2635c372f754\runs\20261003T211216Z_longmemeval\predictions.jsonl
newest-wins-original,longmemeval,lalm,37,37,7,,single-session-preference,token_f1_diagnostic,30,0.08556848766331875,jobs\2635c372f754\runs\20261003T211216Z_longmemeval\predictions.jsonl
newest-wins-original,longmemeval,lalm,37,37,7,,single-session-preference,correct,30,0.0,jobs\2635c372f754\runs\20261003T211216Z_longmemeval\predictions.jsonl
newest-wins-original,longmemeval,lalm,37,37,7,,temporal-reasoning,token_f1_diagnostic,133,0.25643557753625235,jobs\2635c372f754\runs\20261003T211216Z_longmemeval\predictions.jsonl
newest-wins-original,longmemeval,lalm,37,37,7,,temporal-reasoning,correct,133,0.12030075187969924,jobs\2635c372f754\runs\20261003T211216Z_longmemeval\predictions.jsonl
newest-wins-original,longmemeval,lalm,37,37,7,,knowledge-update,token_f1_diagnostic,78,0.3210304614396686,jobs\2635c372f754\runs\20261003T211216Z_longmemeval\predictions.jsonl
newest-wins-original,longmemeval,lalm,37,37,7,,knowledge-update,correct,78,0.1794871794871795,jobs\2635c372f754\runs\20261003T211216Z_longmemeval\predictions.jsonl
newest-wins-original,longmemeval,lalm,37,37,7,,single-session-assistant,token_f1_diagnostic,56,0.3892527710718186,jobs\2635c372f754\runs\20261003T211216Z_longmemeval\predictions.jsonl
newest-wins-original,longmemeval,lalm,37,37,7,,single-session-assistant,correct,56,0.21428571428571427,jobs\2635c372f754\runs\20261003T211216Z_longmemeval\predictions.jsonl
newest-wins-original,synthetic,lalm,7,7,13,100,all,correct,100,0.75,jobs\33940a920c33\runs\20261003T181553Z_synthetic\predictions.jsonl
newest-wins-original,synthetic,lalm,7,7,13,100,stable_fact,correct,10,1.0,jobs\33940a920c33\runs\20261003T181553Z_synthetic\predictions.jsonl
newest-wins-original,synthetic,lalm,7,7,13,100,correction,correct,10,1.0,jobs\33940a920c33\runs\20261003T181553Z_synthetic\predictions.jsonl
newest-wins-original,synthetic,lalm,7,7,13,100,repeated_fact,correct,10,1.0,jobs\33940a920c33\runs\20261003T181553Z_synthetic\predictions.jsonl
newest-wins-original,synthetic,lalm,7,7,13,100,contradictory_update,correct,10,1.0,jobs\33940a920c33\runs\20261003T181553Z_synthetic\predictions.jsonl
newest-wins-original,synthetic,lalm,7,7,13,100,boolean,correct,10,0.0,jobs\33940a920c33\runs\20261003T181553Z_synthetic\predictions.jsonl
newest-wins-original,synthetic,lalm,7,7,13,100,goal,correct,10,1.0,jobs\33940a920c33\runs\20261003T181553Z_synthetic\predictions.jsonl
newest-wins-original,synthetic,lalm,7,7,13,100,response_style,correct,10,0.7,jobs\33940a920c33\runs\20261003T181553Z_synthetic\predictions.jsonl
newest-wins-original,synthetic,lalm,7,7,13,100,temporal,correct,10,0.8,jobs\33940a920c33\runs\20261003T181553Z_synthetic\predictions.jsonl
newest-wins-original,synthetic,lalm,7,7,13,100,multi_fact,correct,10,0.0,jobs\33940a920c33\runs\20261003T181553Z_synthetic\predictions.jsonl
newest-wins-original,synthetic,lalm,7,7,13,100,paraphrase,correct,10,1.0,jobs\33940a920c33\runs\20261003T181553Z_synthetic\predictions.jsonl
newest-wins-original,synthetic,lalm,7,7,13,500,all,correct,75,0.68,jobs\33940a920c33\runs\20261003T181553Z_synthetic\predictions.jsonl
newest-wins-original,synthetic,lalm,7,7,13,500,stable_fact,correct,8,1.0,jobs\33940a920c33\runs\20261003T181553Z_synthetic\predictions.jsonl
newest-wins-original,synthetic,lalm,7,7,13,500,correction,correct,8,0.5,jobs\33940a920c33\runs\20261003T181553Z_synthetic\predictions.jsonl
newest-wins-original,synthetic,lalm,7,7,13,500,repeated_fact,correct,8,1.0,jobs\33940a920c33\runs\20261003T181553Z_synthetic\predictions.jsonl
newest-wins-original,synthetic,lalm,7,7,13,500,contradictory_update,correct,8,0.75,jobs\33940a920c33\runs\20261003T181553Z_synthetic\predictions.jsonl
newest-wins-original,synthetic,lalm,7,7,13,500,boolean,correct,8,0.0,jobs\33940a920c33\runs\20261003T181553Z_synthetic\predictions.jsonl
newest-wins-original,synthetic,lalm,7,7,13,500,goal,correct,7,1.0,jobs\33940a920c33\runs\20261003T181553Z_synthetic\predictions.jsonl
newest-wins-original,synthetic,lalm,7,7,13,500,response_style,correct,7,0.5714285714285714,jobs\33940a920c33\runs\20261003T181553Z_synthetic\predictions.jsonl
newest-wins-original,synthetic,lalm,7,7,13,500,temporal,correct,7,1.0,jobs\33940a920c33\runs\20261003T181553Z_synthetic\predictions.jsonl
newest-wins-original,synthetic,lalm,7,7,13,500,multi_fact,correct,7,0.0,jobs\33940a920c33\runs\20261003T181553Z_synthetic\predictions.jsonl
newest-wins-original,synthetic,lalm,7,7,13,500,paraphrase,correct,7,1.0,jobs\33940a920c33\runs\20261003T181553Z_synthetic\predictions.jsonl
newest-wins-original,synthetic,lalm,7,7,13,1000,all,correct,50,0.72,jobs\33940a920c33\runs\20261003T181553Z_synthetic\predictions.jsonl
newest-wins-original,synthetic,lalm,7,7,13,1000,stable_fact,correct,5,1.0,jobs\33940a920c33\runs\20261003T181553Z_synthetic\predictions.jsonl
newest-wins-original,synthetic,lalm,7,7,13,1000,correction,correct,5,0.8,jobs\33940a920c33\runs\20261003T181553Z_synthetic\predictions.jsonl
newest-wins-original,synthetic,lalm,7,7,13,1000,repeated_fact,correct,5,1.0,jobs\33940a920c33\runs\20261003T181553Z_synthetic\predictions.jsonl
newest-wins-original,synthetic,lalm,7,7,13,1000,contradictory_update,correct,5,0.8,jobs\33940a920c33\runs\20261003T181553Z_synthetic\predictions.jsonl
newest-wins-original,synthetic,lalm,7,7,13,1000,boolean,correct,5,0.2,jobs\33940a920c33\runs\20261003T181553Z_synthetic\predictions.jsonl
newest-wins-original,synthetic,lalm,7,7,13,1000,goal,correct,5,1.0,jobs\33940a920c33\runs\20261003T181553Z_synthetic\predictions.jsonl
newest-wins-original,synthetic,lalm,7,7,13,1000,response_style,correct,5,0.4,jobs\33940a920c33\runs\20261003T181553Z_synthetic\predictions.jsonl
newest-wins-original,synthetic,lalm,7,7,13,1000,temporal,correct,5,1.0,jobs\33940a920c33\runs\20261003T181553Z_synthetic\predictions.jsonl
newest-wins-original,synthetic,lalm,7,7,13,1000,multi_fact,correct,5,0.0,jobs\33940a920c33\runs\20261003T181553Z_synthetic\predictions.jsonl
newest-wins-original,synthetic,lalm,7,7,13,1000,paraphrase,correct,5,1.0,jobs\33940a920c33\runs\20261003T181553Z_synthetic\predictions.jsonl
newest-wins-original,synthetic,lalm,7,7,13,5000,all,correct,50,0.72,jobs\33940a920c33\runs\20261003T181553Z_synthetic\predictions.jsonl
newest-wins-original,synthetic,lalm,7,7,13,5000,stable_fact,correct,5,1.0,jobs\33940a920c33\runs\20261003T181553Z_synthetic\predictions.jsonl
newest-wins-original,synthetic,lalm,7,7,13,5000,correction,correct,5,0.6,jobs\33940a920c33\runs\20261003T181553Z_synthetic\predictions.jsonl
newest-wins-original,synthetic,lalm,7,7,13,5000,repeated_fact,correct,5,1.0,jobs\33940a920c33\runs\20261003T181553Z_synthetic\predictions.jsonl
newest-wins-original,synthetic,lalm,7,7,13,5000,contradictory_update,correct,5,1.0,jobs\33940a920c33\runs\20261003T181553Z_synthetic\predictions.jsonl
newest-wins-original,synthetic,lalm,7,7,13,5000,boolean,correct,5,0.0,jobs\33940a920c33\runs\20261003T181553Z_synthetic\predictions.jsonl
newest-wins-original,synthetic,lalm,7,7,13,5000,goal,correct,5,1.0,jobs\33940a920c33\runs\20261003T181553Z_synthetic\predictions.jsonl
newest-wins-original,synthetic,lalm,7,7,13,5000,response_style,correct,5,0.6,jobs\33940a920c33\runs\20261003T181553Z_synthetic\predictions.jsonl
newest-wins-original,synthetic,lalm,7,7,13,5000,temporal,correct,5,1.0,jobs\33940a920c33\runs\20261003T181553Z_synthetic\predictions.jsonl
newest-wins-original,synthetic,lalm,7,7,13,5000,multi_fact,correct,5,0.0,jobs\33940a920c33\runs\20261003T181553Z_synthetic\predictions.jsonl
newest-wins-original,synthetic,lalm,7,7,13,5000,paraphrase,correct,5,1.0,jobs\33940a920c33\runs\20261003T181553Z_synthetic\predictions.jsonl
newest-wins-cue_free,synthetic,lalm,23,23,11,1000,all,correct,50,0.5,jobs\380953d68aeb\runs\20261003T193912Z_synthetic\predictions.jsonl
newest-wins-cue_free,synthetic,lalm,23,23,11,1000,stable_fact,correct,5,1.0,jobs\380953d68aeb\runs\20261003T193912Z_synthetic\predictions.jsonl
newest-wins-cue_free,synthetic,lalm,23,23,11,1000,correction,correct,5,0.0,jobs\380953d68aeb\runs\20261003T193912Z_synthetic\predictions.jsonl
newest-wins-cue_free,synthetic,lalm,23,23,11,1000,repeated_fact,correct,5,1.0,jobs\380953d68aeb\runs\20261003T193912Z_synthetic\predictions.jsonl
newest-wins-cue_free,synthetic,lalm,23,23,11,1000,contradictory_update,correct,5,0.0,jobs\380953d68aeb\runs\20261003T193912Z_synthetic\predictions.jsonl
newest-wins-cue_free,synthetic,lalm,23,23,11,1000,boolean,correct,5,0.0,jobs\380953d68aeb\runs\20261003T193912Z_synthetic\predictions.jsonl
newest-wins-cue_free,synthetic,lalm,23,23,11,1000,goal,correct,5,1.0,jobs\380953d68aeb\runs\20261003T193912Z_synthetic\predictions.jsonl
newest-wins-cue_free,synthetic,lalm,23,23,11,1000,response_style,correct,5,1.0,jobs\380953d68aeb\runs\20261003T193912Z_synthetic\predictions.jsonl
newest-wins-cue_free,synthetic,lalm,23,23,11,1000,temporal,correct,5,0.2,jobs\380953d68aeb\runs\20261003T193912Z_synthetic\predictions.jsonl
newest-wins-cue_free,synthetic,lalm,23,23,11,1000,multi_fact,correct,5,0.0,jobs\380953d68aeb\runs\20261003T193912Z_synthetic\predictions.jsonl
newest-wins-cue_free,synthetic,lalm,23,23,11,1000,paraphrase,correct,5,0.8,jobs\380953d68aeb\runs\20261003T193912Z_synthetic\predictions.jsonl
newest-wins-cue_free,synthetic,lalm,23,23,11,5000,all,correct,50,0.56,jobs\380953d68aeb\runs\20261003T193912Z_synthetic\predictions.jsonl
newest-wins-cue_free,synthetic,lalm,23,23,11,5000,stable_fact,correct,5,1.0,jobs\380953d68aeb\runs\20261003T193912Z_synthetic\predictions.jsonl
newest-wins-cue_free,synthetic,lalm,23,23,11,5000,correction,correct,5,0.0,jobs\380953d68aeb\runs\20261003T193912Z_synthetic\predictions.jsonl
newest-wins-cue_free,synthetic,lalm,23,23,11,5000,repeated_fact,correct,5,1.0,jobs\380953d68aeb\runs\20261003T193912Z_synthetic\predictions.jsonl
newest-wins-cue_free,synthetic,lalm,23,23,11,5000,contradictory_update,correct,5,0.0,jobs\380953d68aeb\runs\20261003T193912Z_synthetic\predictions.jsonl
newest-wins-cue_free,synthetic,lalm,23,23,11,5000,boolean,correct,5,0.0,jobs\380953d68aeb\runs\20261003T193912Z_synthetic\predictions.jsonl
newest-wins-cue_free,synthetic,lalm,23,23,11,5000,goal,correct,5,1.0,jobs\380953d68aeb\runs\20261003T193912Z_synthetic\predictions.jsonl
newest-wins-cue_free,synthetic,lalm,23,23,11,5000,response_style,correct,5,1.0,jobs\380953d68aeb\runs\20261003T193912Z_synthetic\predictions.jsonl
newest-wins-cue_free,synthetic,lalm,23,23,11,5000,temporal,correct,5,0.6,jobs\380953d68aeb\runs\20261003T193912Z_synthetic\predictions.jsonl
newest-wins-cue_free,synthetic,lalm,23,23,11,5000,multi_fact,correct,5,0.0,jobs\380953d68aeb\runs\20261003T193912Z_synthetic\predictions.jsonl
newest-wins-cue_free,synthetic,lalm,23,23,11,5000,paraphrase,correct,5,1.0,jobs\380953d68aeb\runs\20261003T193912Z_synthetic\predictions.jsonl
newest-wins-original,synthetic,lalm,7,7,11,100,all,correct,100,0.75,jobs\3c3a30be5675\runs\20261003T173823Z_synthetic\predictions.jsonl
newest-wins-original,synthetic,lalm,7,7,11,100,stable_fact,correct,10,1.0,jobs\3c3a30be5675\runs\20261003T173823Z_synthetic\predictions.jsonl
newest-wins-original,synthetic,lalm,7,7,11,100,correction,correct,10,1.0,jobs\3c3a30be5675\runs\20261003T173823Z_synthetic\predictions.jsonl
newest-wins-original,synthetic,lalm,7,7,11,100,repeated_fact,correct,10,1.0,jobs\3c3a30be5675\runs\20261003T173823Z_synthetic\predictions.jsonl
newest-wins-original,synthetic,lalm,7,7,11,100,contradictory_update,correct,10,0.9,jobs\3c3a30be5675\runs\20261003T173823Z_synthetic\predictions.jsonl
newest-wins-original,synthetic,lalm,7,7,11,100,boolean,correct,10,0.0,jobs\3c3a30be5675\runs\20261003T173823Z_synthetic\predictions.jsonl
newest-wins-original,synthetic,lalm,7,7,11,100,goal,correct,10,1.0,jobs\3c3a30be5675\runs\20261003T173823Z_synthetic\predictions.jsonl
newest-wins-original,synthetic,lalm,7,7,11,100,response_style,correct,10,1.0,jobs\3c3a30be5675\runs\20261003T173823Z_synthetic\predictions.jsonl
newest-wins-original,synthetic,lalm,7,7,11,100,temporal,correct,10,0.6,jobs\3c3a30be5675\runs\20261003T173823Z_synthetic\predictions.jsonl
newest-wins-original,synthetic,lalm,7,7,11,100,multi_fact,correct,10,0.0,jobs\3c3a30be5675\runs\20261003T173823Z_synthetic\predictions.jsonl
newest-wins-original,synthetic,lalm,7,7,11,100,paraphrase,correct,10,1.0,jobs\3c3a30be5675\runs\20261003T173823Z_synthetic\predictions.jsonl
newest-wins-original,synthetic,lalm,7,7,11,500,all,correct,75,0.64,jobs\3c3a30be5675\runs\20261003T173823Z_synthetic\predictions.jsonl
newest-wins-original,synthetic,lalm,7,7,11,500,stable_fact,correct,8,1.0,jobs\3c3a30be5675\runs\20261003T173823Z_synthetic\predictions.jsonl
newest-wins-original,synthetic,lalm,7,7,11,500,correction,correct,8,0.75,jobs\3c3a30be5675\runs\20261003T173823Z_synthetic\predictions.jsonl
newest-wins-original,synthetic,lalm,7,7,11,500,repeated_fact,correct,8,1.0,jobs\3c3a30be5675\runs\20261003T173823Z_synthetic\predictions.jsonl
newest-wins-original,synthetic,lalm,7,7,11,500,contradictory_update,correct,8,0.5,jobs\3c3a30be5675\runs\20261003T173823Z_synthetic\predictions.jsonl
newest-wins-original,synthetic,lalm,7,7,11,500,boolean,correct,8,0.0,jobs\3c3a30be5675\runs\20261003T173823Z_synthetic\predictions.jsonl
newest-wins-original,synthetic,lalm,7,7,11,500,goal,correct,7,1.0,jobs\3c3a30be5675\runs\20261003T173823Z_synthetic\predictions.jsonl
newest-wins-original,synthetic,lalm,7,7,11,500,response_style,correct,7,0.42857142857142855,jobs\3c3a30be5675\runs\20261003T173823Z_synthetic\predictions.jsonl
newest-wins-original,synthetic,lalm,7,7,11,500,temporal,correct,7,0.7142857142857143,jobs\3c3a30be5675\runs\20261003T173823Z_synthetic\predictions.jsonl
newest-wins-original,synthetic,lalm,7,7,11,500,multi_fact,correct,7,0.0,jobs\3c3a30be5675\runs\20261003T173823Z_synthetic\predictions.jsonl
newest-wins-original,synthetic,lalm,7,7,11,500,paraphrase,correct,7,1.0,jobs\3c3a30be5675\runs\20261003T173823Z_synthetic\predictions.jsonl
newest-wins-original,synthetic,lalm,7,7,11,1000,all,correct,50,0.72,jobs\3c3a30be5675\runs\20261003T173823Z_synthetic\predictions.jsonl
newest-wins-original,synthetic,lalm,7,7,11,1000,stable_fact,correct,5,1.0,jobs\3c3a30be5675\runs\20261003T173823Z_synthetic\predictions.jsonl
newest-wins-original,synthetic,lalm,7,7,11,1000,correction,correct,5,0.6,jobs\3c3a30be5675\runs\20261003T173823Z_synthetic\predictions.jsonl
newest-wins-original,synthetic,lalm,7,7,11,1000,repeated_fact,correct,5,1.0,jobs\3c3a30be5675\runs\20261003T173823Z_synthetic\predictions.jsonl
newest-wins-original,synthetic,lalm,7,7,11,1000,contradictory_update,correct,5,1.0,jobs\3c3a30be5675\runs\20261003T173823Z_synthetic\predictions.jsonl
newest-wins-original,synthetic,lalm,7,7,11,1000,boolean,correct,5,0.0,jobs\3c3a30be5675\runs\20261003T173823Z_synthetic\predictions.jsonl
newest-wins-original,synthetic,lalm,7,7,11,1000,goal,correct,5,1.0,jobs\3c3a30be5675\runs\20261003T173823Z_synthetic\predictions.jsonl
newest-wins-original,synthetic,lalm,7,7,11,1000,response_style,correct,5,0.6,jobs\3c3a30be5675\runs\20261003T173823Z_synthetic\predictions.jsonl
newest-wins-original,synthetic,lalm,7,7,11,1000,temporal,correct,5,1.0,jobs\3c3a30be5675\runs\20261003T173823Z_synthetic\predictions.jsonl
newest-wins-original,synthetic,lalm,7,7,11,1000,multi_fact,correct,5,0.0,jobs\3c3a30be5675\runs\20261003T173823Z_synthetic\predictions.jsonl
newest-wins-original,synthetic,lalm,7,7,11,1000,paraphrase,correct,5,1.0,jobs\3c3a30be5675\runs\20261003T173823Z_synthetic\predictions.jsonl
newest-wins-original,synthetic,lalm,7,7,11,5000,all,correct,50,0.76,jobs\3c3a30be5675\runs\20261003T173823Z_synthetic\predictions.jsonl
newest-wins-original,synthetic,lalm,7,7,11,5000,stable_fact,correct,5,1.0,jobs\3c3a30be5675\runs\20261003T173823Z_synthetic\predictions.jsonl
newest-wins-original,synthetic,lalm,7,7,11,5000,correction,correct,5,0.6,jobs\3c3a30be5675\runs\20261003T173823Z_synthetic\predictions.jsonl
newest-wins-original,synthetic,lalm,7,7,11,5000,repeated_fact,correct,5,1.0,jobs\3c3a30be5675\runs\20261003T173823Z_synthetic\predictions.jsonl
newest-wins-original,synthetic,lalm,7,7,11,5000,contradictory_update,correct,5,1.0,jobs\3c3a30be5675\runs\20261003T173823Z_synthetic\predictions.jsonl
newest-wins-original,synthetic,lalm,7,7,11,5000,boolean,correct,5,0.0,jobs\3c3a30be5675\runs\20261003T173823Z_synthetic\predictions.jsonl
newest-wins-original,synthetic,lalm,7,7,11,5000,goal,correct,5,1.0,jobs\3c3a30be5675\runs\20261003T173823Z_synthetic\predictions.jsonl
newest-wins-original,synthetic,lalm,7,7,11,5000,response_style,correct,5,1.0,jobs\3c3a30be5675\runs\20261003T173823Z_synthetic\predictions.jsonl
newest-wins-original,synthetic,lalm,7,7,11,5000,temporal,correct,5,1.0,jobs\3c3a30be5675\runs\20261003T173823Z_synthetic\predictions.jsonl
newest-wins-original,synthetic,lalm,7,7,11,5000,multi_fact,correct,5,0.0,jobs\3c3a30be5675\runs\20261003T173823Z_synthetic\predictions.jsonl
newest-wins-original,synthetic,lalm,7,7,11,5000,paraphrase,correct,5,1.0,jobs\3c3a30be5675\runs\20261003T173823Z_synthetic\predictions.jsonl
newest-wins-cue_free,synthetic,lalm,37,37,13,1000,all,correct,50,0.66,jobs\459d8f702214\runs\20261003T201253Z_synthetic\predictions.jsonl
newest-wins-cue_free,synthetic,lalm,37,37,13,1000,stable_fact,correct,5,1.0,jobs\459d8f702214\runs\20261003T201253Z_synthetic\predictions.jsonl
newest-wins-cue_free,synthetic,lalm,37,37,13,1000,correction,correct,5,0.2,jobs\459d8f702214\runs\20261003T201253Z_synthetic\predictions.jsonl
newest-wins-cue_free,synthetic,lalm,37,37,13,1000,repeated_fact,correct,5,1.0,jobs\459d8f702214\runs\20261003T201253Z_synthetic\predictions.jsonl
newest-wins-cue_free,synthetic,lalm,37,37,13,1000,contradictory_update,correct,5,0.2,jobs\459d8f702214\runs\20261003T201253Z_synthetic\predictions.jsonl
newest-wins-cue_free,synthetic,lalm,37,37,13,1000,boolean,correct,5,0.6,jobs\459d8f702214\runs\20261003T201253Z_synthetic\predictions.jsonl
newest-wins-cue_free,synthetic,lalm,37,37,13,1000,goal,correct,5,1.0,jobs\459d8f702214\runs\20261003T201253Z_synthetic\predictions.jsonl
newest-wins-cue_free,synthetic,lalm,37,37,13,1000,response_style,correct,5,0.8,jobs\459d8f702214\runs\20261003T201253Z_synthetic\predictions.jsonl
newest-wins-cue_free,synthetic,lalm,37,37,13,1000,temporal,correct,5,0.8,jobs\459d8f702214\runs\20261003T201253Z_synthetic\predictions.jsonl
newest-wins-cue_free,synthetic,lalm,37,37,13,1000,multi_fact,correct,5,0.0,jobs\459d8f702214\runs\20261003T201253Z_synthetic\predictions.jsonl
newest-wins-cue_free,synthetic,lalm,37,37,13,1000,paraphrase,correct,5,1.0,jobs\459d8f702214\runs\20261003T201253Z_synthetic\predictions.jsonl
newest-wins-cue_free,synthetic,lalm,37,37,13,5000,all,correct,50,0.7,jobs\459d8f702214\runs\20261003T201253Z_synthetic\predictions.jsonl
newest-wins-cue_free,synthetic,lalm,37,37,13,5000,stable_fact,correct,5,1.0,jobs\459d8f702214\runs\20261003T201253Z_synthetic\predictions.jsonl
newest-wins-cue_free,synthetic,lalm,37,37,13,5000,correction,correct,5,0.4,jobs\459d8f702214\runs\20261003T201253Z_synthetic\predictions.jsonl
newest-wins-cue_free,synthetic,lalm,37,37,13,5000,repeated_fact,correct,5,1.0,jobs\459d8f702214\runs\20261003T201253Z_synthetic\predictions.jsonl
newest-wins-cue_free,synthetic,lalm,37,37,13,5000,contradictory_update,correct,5,0.2,jobs\459d8f702214\runs\20261003T201253Z_synthetic\predictions.jsonl
newest-wins-cue_free,synthetic,lalm,37,37,13,5000,boolean,correct,5,0.6,jobs\459d8f702214\runs\20261003T201253Z_synthetic\predictions.jsonl
newest-wins-cue_free,synthetic,lalm,37,37,13,5000,goal,correct,5,0.8,jobs\459d8f702214\runs\20261003T201253Z_synthetic\predictions.jsonl
newest-wins-cue_free,synthetic,lalm,37,37,13,5000,response_style,correct,5,1.0,jobs\459d8f702214\runs\20261003T201253Z_synthetic\predictions.jsonl
newest-wins-cue_free,synthetic,lalm,37,37,13,5000,temporal,correct,5,1.0,jobs\459d8f702214\runs\20261003T201253Z_synthetic\predictions.jsonl
newest-wins-cue_free,synthetic,lalm,37,37,13,5000,multi_fact,correct,5,0.0,jobs\459d8f702214\runs\20261003T201253Z_synthetic\predictions.jsonl
newest-wins-cue_free,synthetic,lalm,37,37,13,5000,paraphrase,correct,5,1.0,jobs\459d8f702214\runs\20261003T201253Z_synthetic\predictions.jsonl
newest-wins-original,longmemeval,lalm,7,7,7,,all,token_f1_diagnostic,450,0.20417154517218383,jobs\49aefee12d18\runs\20261003T205336Z_longmemeval\predictions.jsonl
newest-wins-original,longmemeval,lalm,7,7,7,,single-session-user,token_f1_diagnostic,20,0.5469049765388438,jobs\49aefee12d18\runs\20261003T205336Z_longmemeval\predictions.jsonl
newest-wins-original,longmemeval,lalm,7,7,7,,all,correct,450,0.13111111111111112,jobs\49aefee12d18\runs\20261003T205336Z_longmemeval\predictions.jsonl
newest-wins-original,longmemeval,lalm,7,7,7,,single-session-user,correct,20,0.45,jobs\49aefee12d18\runs\20261003T205336Z_longmemeval\predictions.jsonl
newest-wins-original,longmemeval,lalm,7,7,7,,multi-session,token_f1_diagnostic,133,0.08706186568321485,jobs\49aefee12d18\runs\20261003T205336Z_longmemeval\predictions.jsonl
newest-wins-original,longmemeval,lalm,7,7,7,,multi-session,correct,133,0.05263157894736842,jobs\49aefee12d18\runs\20261003T205336Z_longmemeval\predictions.jsonl
newest-wins-original,longmemeval,lalm,7,7,7,,single-session-preference,token_f1_diagnostic,30,0.05249333093352104,jobs\49aefee12d18\runs\20261003T205336Z_longmemeval\predictions.jsonl
newest-wins-original,longmemeval,lalm,7,7,7,,single-session-preference,correct,30,0.0,jobs\49aefee12d18\runs\20261003T205336Z_longmemeval\predictions.jsonl
newest-wins-original,longmemeval,lalm,7,7,7,,temporal-reasoning,token_f1_diagnostic,133,0.13114369950279622,jobs\49aefee12d18\runs\20261003T205336Z_longmemeval\predictions.jsonl
newest-wins-original,longmemeval,lalm,7,7,7,,temporal-reasoning,correct,133,0.07518796992481203,jobs\49aefee12d18\runs\20261003T205336Z_longmemeval\predictions.jsonl
newest-wins-original,longmemeval,lalm,7,7,7,,knowledge-update,token_f1_diagnostic,78,0.30961806224964117,jobs\49aefee12d18\runs\20261003T205336Z_longmemeval\predictions.jsonl
newest-wins-original,longmemeval,lalm,7,7,7,,knowledge-update,correct,78,0.19230769230769232,jobs\49aefee12d18\runs\20261003T205336Z_longmemeval\predictions.jsonl
newest-wins-original,longmemeval,lalm,7,7,7,,single-session-assistant,token_f1_diagnostic,56,0.4677276222051558,jobs\49aefee12d18\runs\20261003T205336Z_longmemeval\predictions.jsonl
newest-wins-original,longmemeval,lalm,7,7,7,,single-session-assistant,correct,56,0.32142857142857145,jobs\49aefee12d18\runs\20261003T205336Z_longmemeval\predictions.jsonl
newest-wins-cue_free,synthetic,lalm,37,37,11,1000,all,correct,50,0.66,jobs\54047b4836bf\runs\20261003T194418Z_synthetic\predictions.jsonl
newest-wins-cue_free,synthetic,lalm,37,37,11,1000,stable_fact,correct,5,1.0,jobs\54047b4836bf\runs\20261003T194418Z_synthetic\predictions.jsonl
newest-wins-cue_free,synthetic,lalm,37,37,11,1000,correction,correct,5,0.0,jobs\54047b4836bf\runs\20261003T194418Z_synthetic\predictions.jsonl
newest-wins-cue_free,synthetic,lalm,37,37,11,1000,repeated_fact,correct,5,1.0,jobs\54047b4836bf\runs\20261003T194418Z_synthetic\predictions.jsonl
newest-wins-cue_free,synthetic,lalm,37,37,11,1000,contradictory_update,correct,5,0.0,jobs\54047b4836bf\runs\20261003T194418Z_synthetic\predictions.jsonl
newest-wins-cue_free,synthetic,lalm,37,37,11,1000,boolean,correct,5,0.8,jobs\54047b4836bf\runs\20261003T194418Z_synthetic\predictions.jsonl
newest-wins-cue_free,synthetic,lalm,37,37,11,1000,goal,correct,5,1.0,jobs\54047b4836bf\runs\20261003T194418Z_synthetic\predictions.jsonl
newest-wins-cue_free,synthetic,lalm,37,37,11,1000,response_style,correct,5,1.0,jobs\54047b4836bf\runs\20261003T194418Z_synthetic\predictions.jsonl
newest-wins-cue_free,synthetic,lalm,37,37,11,1000,temporal,correct,5,0.8,jobs\54047b4836bf\runs\20261003T194418Z_synthetic\predictions.jsonl
newest-wins-cue_free,synthetic,lalm,37,37,11,1000,multi_fact,correct,5,0.0,jobs\54047b4836bf\runs\20261003T194418Z_synthetic\predictions.jsonl
newest-wins-cue_free,synthetic,lalm,37,37,11,1000,paraphrase,correct,5,1.0,jobs\54047b4836bf\runs\20261003T194418Z_synthetic\predictions.jsonl
newest-wins-cue_free,synthetic,lalm,37,37,11,5000,all,correct,50,0.72,jobs\54047b4836bf\runs\20261003T194418Z_synthetic\predictions.jsonl
newest-wins-cue_free,synthetic,lalm,37,37,11,5000,stable_fact,correct,5,1.0,jobs\54047b4836bf\runs\20261003T194418Z_synthetic\predictions.jsonl
newest-wins-cue_free,synthetic,lalm,37,37,11,5000,correction,correct,5,0.4,jobs\54047b4836bf\runs\20261003T194418Z_synthetic\predictions.jsonl
newest-wins-cue_free,synthetic,lalm,37,37,11,5000,repeated_fact,correct,5,1.0,jobs\54047b4836bf\runs\20261003T194418Z_synthetic\predictions.jsonl
newest-wins-cue_free,synthetic,lalm,37,37,11,5000,contradictory_update,correct,5,0.2,jobs\54047b4836bf\runs\20261003T194418Z_synthetic\predictions.jsonl
newest-wins-cue_free,synthetic,lalm,37,37,11,5000,boolean,correct,5,0.6,jobs\54047b4836bf\runs\20261003T194418Z_synthetic\predictions.jsonl
newest-wins-cue_free,synthetic,lalm,37,37,11,5000,goal,correct,5,1.0,jobs\54047b4836bf\runs\20261003T194418Z_synthetic\predictions.jsonl
newest-wins-cue_free,synthetic,lalm,37,37,11,5000,response_style,correct,5,1.0,jobs\54047b4836bf\runs\20261003T194418Z_synthetic\predictions.jsonl
newest-wins-cue_free,synthetic,lalm,37,37,11,5000,temporal,correct,5,1.0,jobs\54047b4836bf\runs\20261003T194418Z_synthetic\predictions.jsonl
newest-wins-cue_free,synthetic,lalm,37,37,11,5000,multi_fact,correct,5,0.0,jobs\54047b4836bf\runs\20261003T194418Z_synthetic\predictions.jsonl
newest-wins-cue_free,synthetic,lalm,37,37,11,5000,paraphrase,correct,5,1.0,jobs\54047b4836bf\runs\20261003T194418Z_synthetic\predictions.jsonl
newest-wins-original,synthetic,lalm,13,13,11,100,all,correct,100,0.8,jobs\554b2e644049\runs\20261003T174557Z_synthetic\predictions.jsonl
newest-wins-original,synthetic,lalm,13,13,11,100,stable_fact,correct,10,1.0,jobs\554b2e644049\runs\20261003T174557Z_synthetic\predictions.jsonl
newest-wins-original,synthetic,lalm,13,13,11,100,correction,correct,10,0.9,jobs\554b2e644049\runs\20261003T174557Z_synthetic\predictions.jsonl
newest-wins-original,synthetic,lalm,13,13,11,100,repeated_fact,correct,10,1.0,jobs\554b2e644049\runs\20261003T174557Z_synthetic\predictions.jsonl
newest-wins-original,synthetic,lalm,13,13,11,100,contradictory_update,correct,10,1.0,jobs\554b2e644049\runs\20261003T174557Z_synthetic\predictions.jsonl
newest-wins-original,synthetic,lalm,13,13,11,100,boolean,correct,10,0.1,jobs\554b2e644049\runs\20261003T174557Z_synthetic\predictions.jsonl
newest-wins-original,synthetic,lalm,13,13,11,100,goal,correct,10,1.0,jobs\554b2e644049\runs\20261003T174557Z_synthetic\predictions.jsonl
newest-wins-original,synthetic,lalm,13,13,11,100,response_style,correct,10,1.0,jobs\554b2e644049\runs\20261003T174557Z_synthetic\predictions.jsonl
newest-wins-original,synthetic,lalm,13,13,11,100,temporal,correct,10,1.0,jobs\554b2e644049\runs\20261003T174557Z_synthetic\predictions.jsonl
newest-wins-original,synthetic,lalm,13,13,11,100,multi_fact,correct,10,0.0,jobs\554b2e644049\runs\20261003T174557Z_synthetic\predictions.jsonl
newest-wins-original,synthetic,lalm,13,13,11,100,paraphrase,correct,10,1.0,jobs\554b2e644049\runs\20261003T174557Z_synthetic\predictions.jsonl
newest-wins-original,synthetic,lalm,13,13,11,500,all,correct,75,0.72,jobs\554b2e644049\runs\20261003T174557Z_synthetic\predictions.jsonl
newest-wins-original,synthetic,lalm,13,13,11,500,stable_fact,correct,8,1.0,jobs\554b2e644049\runs\20261003T174557Z_synthetic\predictions.jsonl
newest-wins-original,synthetic,lalm,13,13,11,500,correction,correct,8,1.0,jobs\554b2e644049\runs\20261003T174557Z_synthetic\predictions.jsonl
newest-wins-original,synthetic,lalm,13,13,11,500,repeated_fact,correct,8,1.0,jobs\554b2e644049\runs\20261003T174557Z_synthetic\predictions.jsonl
newest-wins-original,synthetic,lalm,13,13,11,500,contradictory_update,correct,8,0.75,jobs\554b2e644049\runs\20261003T174557Z_synthetic\predictions.jsonl
newest-wins-original,synthetic,lalm,13,13,11,500,boolean,correct,8,0.125,jobs\554b2e644049\runs\20261003T174557Z_synthetic\predictions.jsonl
newest-wins-original,synthetic,lalm,13,13,11,500,goal,correct,7,0.8571428571428571,jobs\554b2e644049\runs\20261003T174557Z_synthetic\predictions.jsonl
newest-wins-original,synthetic,lalm,13,13,11,500,response_style,correct,7,0.42857142857142855,jobs\554b2e644049\runs\20261003T174557Z_synthetic\predictions.jsonl
newest-wins-original,synthetic,lalm,13,13,11,500,temporal,correct,7,1.0,jobs\554b2e644049\runs\20261003T174557Z_synthetic\predictions.jsonl
newest-wins-original,synthetic,lalm,13,13,11,500,multi_fact,correct,7,0.0,jobs\554b2e644049\runs\20261003T174557Z_synthetic\predictions.jsonl
newest-wins-original,synthetic,lalm,13,13,11,500,paraphrase,correct,7,1.0,jobs\554b2e644049\runs\20261003T174557Z_synthetic\predictions.jsonl
newest-wins-original,synthetic,lalm,13,13,11,1000,all,correct,50,0.7,jobs\554b2e644049\runs\20261003T174557Z_synthetic\predictions.jsonl
newest-wins-original,synthetic,lalm,13,13,11,1000,stable_fact,correct,5,1.0,jobs\554b2e644049\runs\20261003T174557Z_synthetic\predictions.jsonl
newest-wins-original,synthetic,lalm,13,13,11,1000,correction,correct,5,0.6,jobs\554b2e644049\runs\20261003T174557Z_synthetic\predictions.jsonl
newest-wins-original,synthetic,lalm,13,13,11,1000,repeated_fact,correct,5,1.0,jobs\554b2e644049\runs\20261003T174557Z_synthetic\predictions.jsonl
newest-wins-original,synthetic,lalm,13,13,11,1000,contradictory_update,correct,5,1.0,jobs\554b2e644049\runs\20261003T174557Z_synthetic\predictions.jsonl
newest-wins-original,synthetic,lalm,13,13,11,1000,boolean,correct,5,0.0,jobs\554b2e644049\runs\20261003T174557Z_synthetic\predictions.jsonl
newest-wins-original,synthetic,lalm,13,13,11,1000,goal,correct,5,1.0,jobs\554b2e644049\runs\20261003T174557Z_synthetic\predictions.jsonl
newest-wins-original,synthetic,lalm,13,13,11,1000,response_style,correct,5,0.6,jobs\554b2e644049\runs\20261003T174557Z_synthetic\predictions.jsonl
newest-wins-original,synthetic,lalm,13,13,11,1000,temporal,correct,5,0.8,jobs\554b2e644049\runs\20261003T174557Z_synthetic\predictions.jsonl
newest-wins-original,synthetic,lalm,13,13,11,1000,multi_fact,correct,5,0.0,jobs\554b2e644049\runs\20261003T174557Z_synthetic\predictions.jsonl
newest-wins-original,synthetic,lalm,13,13,11,1000,paraphrase,correct,5,1.0,jobs\554b2e644049\runs\20261003T174557Z_synthetic\predictions.jsonl
newest-wins-original,synthetic,lalm,13,13,11,5000,all,correct,50,0.82,jobs\554b2e644049\runs\20261003T174557Z_synthetic\predictions.jsonl
newest-wins-original,synthetic,lalm,13,13,11,5000,stable_fact,correct,5,1.0,jobs\554b2e644049\runs\20261003T174557Z_synthetic\predictions.jsonl
newest-wins-original,synthetic,lalm,13,13,11,5000,correction,correct,5,1.0,jobs\554b2e644049\runs\20261003T174557Z_synthetic\predictions.jsonl
newest-wins-original,synthetic,lalm,13,13,11,5000,repeated_fact,correct,5,1.0,jobs\554b2e644049\runs\20261003T174557Z_synthetic\predictions.jsonl
newest-wins-original,synthetic,lalm,13,13,11,5000,contradictory_update,correct,5,1.0,jobs\554b2e644049\runs\20261003T174557Z_synthetic\predictions.jsonl
newest-wins-original,synthetic,lalm,13,13,11,5000,boolean,correct,5,0.2,jobs\554b2e644049\runs\20261003T174557Z_synthetic\predictions.jsonl
newest-wins-original,synthetic,lalm,13,13,11,5000,goal,correct,5,1.0,jobs\554b2e644049\runs\20261003T174557Z_synthetic\predictions.jsonl
newest-wins-original,synthetic,lalm,13,13,11,5000,response_style,correct,5,1.0,jobs\554b2e644049\runs\20261003T174557Z_synthetic\predictions.jsonl
newest-wins-original,synthetic,lalm,13,13,11,5000,temporal,correct,5,1.0,jobs\554b2e644049\runs\20261003T174557Z_synthetic\predictions.jsonl
newest-wins-original,synthetic,lalm,13,13,11,5000,multi_fact,correct,5,0.0,jobs\554b2e644049\runs\20261003T174557Z_synthetic\predictions.jsonl
newest-wins-original,synthetic,lalm,13,13,11,5000,paraphrase,correct,5,1.0,jobs\554b2e644049\runs\20261003T174557Z_synthetic\predictions.jsonl
newest-wins-original,synthetic,lalm,41,41,11,100,all,correct,100,0.66,jobs\5b2962d9739b\runs\20261003T180616Z_synthetic\predictions.jsonl
newest-wins-original,synthetic,lalm,41,41,11,100,stable_fact,correct,10,1.0,jobs\5b2962d9739b\runs\20261003T180616Z_synthetic\predictions.jsonl
newest-wins-original,synthetic,lalm,41,41,11,100,correction,correct,10,0.6,jobs\5b2962d9739b\runs\20261003T180616Z_synthetic\predictions.jsonl
newest-wins-original,synthetic,lalm,41,41,11,100,repeated_fact,correct,10,1.0,jobs\5b2962d9739b\runs\20261003T180616Z_synthetic\predictions.jsonl
newest-wins-original,synthetic,lalm,41,41,11,100,contradictory_update,correct,10,0.7,jobs\5b2962d9739b\runs\20261003T180616Z_synthetic\predictions.jsonl
newest-wins-original,synthetic,lalm,41,41,11,100,boolean,correct,10,0.0,jobs\5b2962d9739b\runs\20261003T180616Z_synthetic\predictions.jsonl
newest-wins-original,synthetic,lalm,41,41,11,100,goal,correct,10,0.9,jobs\5b2962d9739b\runs\20261003T180616Z_synthetic\predictions.jsonl
newest-wins-original,synthetic,lalm,41,41,11,100,response_style,correct,10,1.0,jobs\5b2962d9739b\runs\20261003T180616Z_synthetic\predictions.jsonl
newest-wins-original,synthetic,lalm,41,41,11,100,temporal,correct,10,0.8,jobs\5b2962d9739b\runs\20261003T180616Z_synthetic\predictions.jsonl
newest-wins-original,synthetic,lalm,41,41,11,100,multi_fact,correct,10,0.0,jobs\5b2962d9739b\runs\20261003T180616Z_synthetic\predictions.jsonl
newest-wins-original,synthetic,lalm,41,41,11,100,paraphrase,correct,10,0.6,jobs\5b2962d9739b\runs\20261003T180616Z_synthetic\predictions.jsonl
newest-wins-original,synthetic,lalm,41,41,11,500,all,correct,75,0.6133333333333333,jobs\5b2962d9739b\runs\20261003T180616Z_synthetic\predictions.jsonl
newest-wins-original,synthetic,lalm,41,41,11,500,stable_fact,correct,8,1.0,jobs\5b2962d9739b\runs\20261003T180616Z_synthetic\predictions.jsonl
newest-wins-original,synthetic,lalm,41,41,11,500,correction,correct,8,0.75,jobs\5b2962d9739b\runs\20261003T180616Z_synthetic\predictions.jsonl
newest-wins-original,synthetic,lalm,41,41,11,500,repeated_fact,correct,8,1.0,jobs\5b2962d9739b\runs\20261003T180616Z_synthetic\predictions.jsonl
newest-wins-original,synthetic,lalm,41,41,11,500,contradictory_update,correct,8,0.5,jobs\5b2962d9739b\runs\20261003T180616Z_synthetic\predictions.jsonl
newest-wins-original,synthetic,lalm,41,41,11,500,boolean,correct,8,0.0,jobs\5b2962d9739b\runs\20261003T180616Z_synthetic\predictions.jsonl
newest-wins-original,synthetic,lalm,41,41,11,500,goal,correct,7,0.7142857142857143,jobs\5b2962d9739b\runs\20261003T180616Z_synthetic\predictions.jsonl
newest-wins-original,synthetic,lalm,41,41,11,500,response_style,correct,7,0.42857142857142855,jobs\5b2962d9739b\runs\20261003T180616Z_synthetic\predictions.jsonl
newest-wins-original,synthetic,lalm,41,41,11,500,temporal,correct,7,1.0,jobs\5b2962d9739b\runs\20261003T180616Z_synthetic\predictions.jsonl
newest-wins-original,synthetic,lalm,41,41,11,500,multi_fact,correct,7,0.0,jobs\5b2962d9739b\runs\20261003T180616Z_synthetic\predictions.jsonl
newest-wins-original,synthetic,lalm,41,41,11,500,paraphrase,correct,7,0.7142857142857143,jobs\5b2962d9739b\runs\20261003T180616Z_synthetic\predictions.jsonl
newest-wins-original,synthetic,lalm,41,41,11,1000,all,correct,50,0.56,jobs\5b2962d9739b\runs\20261003T180616Z_synthetic\predictions.jsonl
newest-wins-original,synthetic,lalm,41,41,11,1000,stable_fact,correct,5,1.0,jobs\5b2962d9739b\runs\20261003T180616Z_synthetic\predictions.jsonl
newest-wins-original,synthetic,lalm,41,41,11,1000,correction,correct,5,0.6,jobs\5b2962d9739b\runs\20261003T180616Z_synthetic\predictions.jsonl
newest-wins-original,synthetic,lalm,41,41,11,1000,repeated_fact,correct,5,1.0,jobs\5b2962d9739b\runs\20261003T180616Z_synthetic\predictions.jsonl
newest-wins-original,synthetic,lalm,41,41,11,1000,contradictory_update,correct,5,0.4,jobs\5b2962d9739b\runs\20261003T180616Z_synthetic\predictions.jsonl
newest-wins-original,synthetic,lalm,41,41,11,1000,boolean,correct,5,0.0,jobs\5b2962d9739b\runs\20261003T180616Z_synthetic\predictions.jsonl
newest-wins-original,synthetic,lalm,41,41,11,1000,goal,correct,5,0.4,jobs\5b2962d9739b\runs\20261003T180616Z_synthetic\predictions.jsonl
newest-wins-original,synthetic,lalm,41,41,11,1000,response_style,correct,5,0.6,jobs\5b2962d9739b\runs\20261003T180616Z_synthetic\predictions.jsonl
newest-wins-original,synthetic,lalm,41,41,11,1000,temporal,correct,5,0.8,jobs\5b2962d9739b\runs\20261003T180616Z_synthetic\predictions.jsonl
newest-wins-original,synthetic,lalm,41,41,11,1000,multi_fact,correct,5,0.0,jobs\5b2962d9739b\runs\20261003T180616Z_synthetic\predictions.jsonl
newest-wins-original,synthetic,lalm,41,41,11,1000,paraphrase,correct,5,0.8,jobs\5b2962d9739b\runs\20261003T180616Z_synthetic\predictions.jsonl
newest-wins-original,synthetic,lalm,41,41,11,5000,all,correct,50,0.7,jobs\5b2962d9739b\runs\20261003T180616Z_synthetic\predictions.jsonl
newest-wins-original,synthetic,lalm,41,41,11,5000,stable_fact,correct,5,1.0,jobs\5b2962d9739b\runs\20261003T180616Z_synthetic\predictions.jsonl
newest-wins-original,synthetic,lalm,41,41,11,5000,correction,correct,5,1.0,jobs\5b2962d9739b\runs\20261003T180616Z_synthetic\predictions.jsonl
newest-wins-original,synthetic,lalm,41,41,11,5000,repeated_fact,correct,5,1.0,jobs\5b2962d9739b\runs\20261003T180616Z_synthetic\predictions.jsonl
newest-wins-original,synthetic,lalm,41,41,11,5000,contradictory_update,correct,5,1.0,jobs\5b2962d9739b\runs\20261003T180616Z_synthetic\predictions.jsonl
newest-wins-original,synthetic,lalm,41,41,11,5000,boolean,correct,5,0.0,jobs\5b2962d9739b\runs\20261003T180616Z_synthetic\predictions.jsonl
newest-wins-original,synthetic,lalm,41,41,11,5000,goal,correct,5,0.8,jobs\5b2962d9739b\runs\20261003T180616Z_synthetic\predictions.jsonl
newest-wins-original,synthetic,lalm,41,41,11,5000,response_style,correct,5,1.0,jobs\5b2962d9739b\runs\20261003T180616Z_synthetic\predictions.jsonl
newest-wins-original,synthetic,lalm,41,41,11,5000,temporal,correct,5,0.4,jobs\5b2962d9739b\runs\20261003T180616Z_synthetic\predictions.jsonl
newest-wins-original,synthetic,lalm,41,41,11,5000,multi_fact,correct,5,0.0,jobs\5b2962d9739b\runs\20261003T180616Z_synthetic\predictions.jsonl
newest-wins-original,synthetic,lalm,41,41,11,5000,paraphrase,correct,5,0.8,jobs\5b2962d9739b\runs\20261003T180616Z_synthetic\predictions.jsonl
newest-wins-original,locomo,lalm,23,23,7,,all,token_f1_diagnostic,1986,0.16552443174897574,jobs\60daf9810022\runs\20261003T213936Z_locomo\predictions.jsonl
newest-wins-original,locomo,lalm,23,23,7,,category-2,token_f1_diagnostic,321,0.1933992539132726,jobs\60daf9810022\runs\20261003T213936Z_locomo\predictions.jsonl
newest-wins-original,locomo,lalm,23,23,7,,all,correct,1986,0.05740181268882175,jobs\60daf9810022\runs\20261003T213936Z_locomo\predictions.jsonl
newest-wins-original,locomo,lalm,23,23,7,,category-2,correct,321,0.01557632398753894,jobs\60daf9810022\runs\20261003T213936Z_locomo\predictions.jsonl
newest-wins-original,locomo,lalm,23,23,7,,all,locomo_official_qa_score,1986,0.2976740900084155,jobs\60daf9810022\runs\20261003T213936Z_locomo\predictions.jsonl
newest-wins-original,locomo,lalm,23,23,7,,category-2,locomo_official_qa_score,321,0.19766002327849497,jobs\60daf9810022\runs\20261003T213936Z_locomo\predictions.jsonl
newest-wins-original,locomo,lalm,23,23,7,,category-3,token_f1_diagnostic,96,0.029138795232545235,jobs\60daf9810022\runs\20261003T213936Z_locomo\predictions.jsonl
newest-wins-original,locomo,lalm,23,23,7,,category-3,correct,96,0.0,jobs\60daf9810022\runs\20261003T213936Z_locomo\predictions.jsonl
newest-wins-original,locomo,lalm,23,23,7,,category-3,locomo_official_qa_score,96,0.03788287886004604,jobs\60daf9810022\runs\20261003T213936Z_locomo\predictions.jsonl
newest-wins-original,locomo,lalm,23,23,7,,category-1,token_f1_diagnostic,282,0.15640161530355465,jobs\60daf9810022\runs\20261003T213936Z_locomo\predictions.jsonl
newest-wins-original,locomo,lalm,23,23,7,,category-1,correct,282,0.01773049645390071,jobs\60daf9810022\runs\20261003T213936Z_locomo\predictions.jsonl
newest-wins-original,locomo,lalm,23,23,7,,category-1,locomo_official_qa_score,282,0.14397370701641915,jobs\60daf9810022\runs\20261003T213936Z_locomo\predictions.jsonl
newest-wins-original,locomo,lalm,23,23,7,,category-4,token_f1_diagnostic,841,0.26010437703850003,jobs\60daf9810022\runs\20261003T213936Z_locomo\predictions.jsonl
newest-wins-original,locomo,lalm,23,23,7,,category-4,correct,841,0.12366230677764566,jobs\60daf9810022\runs\20261003T213936Z_locomo\predictions.jsonl
newest-wins-original,locomo,lalm,23,23,7,,category-4,locomo_official_qa_score,841,0.25980325033902696,jobs\60daf9810022\runs\20261003T213936Z_locomo\predictions.jsonl
newest-wins-original,locomo,lalm,23,23,7,,category-5,token_f1_diagnostic,446,0.002242152466367713,jobs\60daf9810022\runs\20261003T213936Z_locomo\predictions.jsonl
newest-wins-original,locomo,lalm,23,23,7,,category-5,correct,446,0.0,jobs\60daf9810022\runs\20261003T213936Z_locomo\predictions.jsonl
newest-wins-original,locomo,lalm,23,23,7,,category-5,locomo_official_qa_score,446,0.594170403587444,jobs\60daf9810022\runs\20261003T213936Z_locomo\predictions.jsonl
newest-wins-original,synthetic,lalm,13,13,17,100,all,correct,100,0.8,jobs\69b46e2a0fef\runs\20261003T185914Z_synthetic\predictions.jsonl
newest-wins-original,synthetic,lalm,13,13,17,100,stable_fact,correct,10,1.0,jobs\69b46e2a0fef\runs\20261003T185914Z_synthetic\predictions.jsonl
newest-wins-original,synthetic,lalm,13,13,17,100,correction,correct,10,0.9,jobs\69b46e2a0fef\runs\20261003T185914Z_synthetic\predictions.jsonl
newest-wins-original,synthetic,lalm,13,13,17,100,repeated_fact,correct,10,1.0,jobs\69b46e2a0fef\runs\20261003T185914Z_synthetic\predictions.jsonl
newest-wins-original,synthetic,lalm,13,13,17,100,contradictory_update,correct,10,0.8,jobs\69b46e2a0fef\runs\20261003T185914Z_synthetic\predictions.jsonl
newest-wins-original,synthetic,lalm,13,13,17,100,boolean,correct,10,0.4,jobs\69b46e2a0fef\runs\20261003T185914Z_synthetic\predictions.jsonl
newest-wins-original,synthetic,lalm,13,13,17,100,goal,correct,10,1.0,jobs\69b46e2a0fef\runs\20261003T185914Z_synthetic\predictions.jsonl
newest-wins-original,synthetic,lalm,13,13,17,100,response_style,correct,10,0.9,jobs\69b46e2a0fef\runs\20261003T185914Z_synthetic\predictions.jsonl
newest-wins-original,synthetic,lalm,13,13,17,100,temporal,correct,10,1.0,jobs\69b46e2a0fef\runs\20261003T185914Z_synthetic\predictions.jsonl
newest-wins-original,synthetic,lalm,13,13,17,100,multi_fact,correct,10,0.0,jobs\69b46e2a0fef\runs\20261003T185914Z_synthetic\predictions.jsonl
newest-wins-original,synthetic,lalm,13,13,17,100,paraphrase,correct,10,1.0,jobs\69b46e2a0fef\runs\20261003T185914Z_synthetic\predictions.jsonl
newest-wins-original,synthetic,lalm,13,13,17,500,all,correct,75,0.7733333333333333,jobs\69b46e2a0fef\runs\20261003T185914Z_synthetic\predictions.jsonl
newest-wins-original,synthetic,lalm,13,13,17,500,stable_fact,correct,8,1.0,jobs\69b46e2a0fef\runs\20261003T185914Z_synthetic\predictions.jsonl
newest-wins-original,synthetic,lalm,13,13,17,500,correction,correct,8,0.875,jobs\69b46e2a0fef\runs\20261003T185914Z_synthetic\predictions.jsonl
newest-wins-original,synthetic,lalm,13,13,17,500,repeated_fact,correct,8,1.0,jobs\69b46e2a0fef\runs\20261003T185914Z_synthetic\predictions.jsonl
newest-wins-original,synthetic,lalm,13,13,17,500,contradictory_update,correct,8,0.75,jobs\69b46e2a0fef\runs\20261003T185914Z_synthetic\predictions.jsonl
newest-wins-original,synthetic,lalm,13,13,17,500,boolean,correct,8,0.25,jobs\69b46e2a0fef\runs\20261003T185914Z_synthetic\predictions.jsonl
newest-wins-original,synthetic,lalm,13,13,17,500,goal,correct,7,1.0,jobs\69b46e2a0fef\runs\20261003T185914Z_synthetic\predictions.jsonl
newest-wins-original,synthetic,lalm,13,13,17,500,response_style,correct,7,0.8571428571428571,jobs\69b46e2a0fef\runs\20261003T185914Z_synthetic\predictions.jsonl
newest-wins-original,synthetic,lalm,13,13,17,500,temporal,correct,7,1.0,jobs\69b46e2a0fef\runs\20261003T185914Z_synthetic\predictions.jsonl
newest-wins-original,synthetic,lalm,13,13,17,500,multi_fact,correct,7,0.0,jobs\69b46e2a0fef\runs\20261003T185914Z_synthetic\predictions.jsonl
newest-wins-original,synthetic,lalm,13,13,17,500,paraphrase,correct,7,1.0,jobs\69b46e2a0fef\runs\20261003T185914Z_synthetic\predictions.jsonl
newest-wins-original,synthetic,lalm,13,13,17,1000,all,correct,50,0.78,jobs\69b46e2a0fef\runs\20261003T185914Z_synthetic\predictions.jsonl
newest-wins-original,synthetic,lalm,13,13,17,1000,stable_fact,correct,5,1.0,jobs\69b46e2a0fef\runs\20261003T185914Z_synthetic\predictions.jsonl
newest-wins-original,synthetic,lalm,13,13,17,1000,correction,correct,5,1.0,jobs\69b46e2a0fef\runs\20261003T185914Z_synthetic\predictions.jsonl
newest-wins-original,synthetic,lalm,13,13,17,1000,repeated_fact,correct,5,1.0,jobs\69b46e2a0fef\runs\20261003T185914Z_synthetic\predictions.jsonl
newest-wins-original,synthetic,lalm,13,13,17,1000,contradictory_update,correct,5,1.0,jobs\69b46e2a0fef\runs\20261003T185914Z_synthetic\predictions.jsonl
newest-wins-original,synthetic,lalm,13,13,17,1000,boolean,correct,5,0.0,jobs\69b46e2a0fef\runs\20261003T185914Z_synthetic\predictions.jsonl
newest-wins-original,synthetic,lalm,13,13,17,1000,goal,correct,5,1.0,jobs\69b46e2a0fef\runs\20261003T185914Z_synthetic\predictions.jsonl
newest-wins-original,synthetic,lalm,13,13,17,1000,response_style,correct,5,0.8,jobs\69b46e2a0fef\runs\20261003T185914Z_synthetic\predictions.jsonl
newest-wins-original,synthetic,lalm,13,13,17,1000,temporal,correct,5,1.0,jobs\69b46e2a0fef\runs\20261003T185914Z_synthetic\predictions.jsonl
newest-wins-original,synthetic,lalm,13,13,17,1000,multi_fact,correct,5,0.0,jobs\69b46e2a0fef\runs\20261003T185914Z_synthetic\predictions.jsonl
newest-wins-original,synthetic,lalm,13,13,17,1000,paraphrase,correct,5,1.0,jobs\69b46e2a0fef\runs\20261003T185914Z_synthetic\predictions.jsonl
newest-wins-original,synthetic,lalm,13,13,17,5000,all,correct,50,0.76,jobs\69b46e2a0fef\runs\20261003T185914Z_synthetic\predictions.jsonl
newest-wins-original,synthetic,lalm,13,13,17,5000,stable_fact,correct,5,1.0,jobs\69b46e2a0fef\runs\20261003T185914Z_synthetic\predictions.jsonl
newest-wins-original,synthetic,lalm,13,13,17,5000,correction,correct,5,1.0,jobs\69b46e2a0fef\runs\20261003T185914Z_synthetic\predictions.jsonl
newest-wins-original,synthetic,lalm,13,13,17,5000,repeated_fact,correct,5,1.0,jobs\69b46e2a0fef\runs\20261003T185914Z_synthetic\predictions.jsonl
newest-wins-original,synthetic,lalm,13,13,17,5000,contradictory_update,correct,5,1.0,jobs\69b46e2a0fef\runs\20261003T185914Z_synthetic\predictions.jsonl
newest-wins-original,synthetic,lalm,13,13,17,5000,boolean,correct,5,0.0,jobs\69b46e2a0fef\runs\20261003T185914Z_synthetic\predictions.jsonl
newest-wins-original,synthetic,lalm,13,13,17,5000,goal,correct,5,1.0,jobs\69b46e2a0fef\runs\20261003T185914Z_synthetic\predictions.jsonl
newest-wins-original,synthetic,lalm,13,13,17,5000,response_style,correct,5,0.6,jobs\69b46e2a0fef\runs\20261003T185914Z_synthetic\predictions.jsonl
newest-wins-original,synthetic,lalm,13,13,17,5000,temporal,correct,5,1.0,jobs\69b46e2a0fef\runs\20261003T185914Z_synthetic\predictions.jsonl
newest-wins-original,synthetic,lalm,13,13,17,5000,multi_fact,correct,5,0.0,jobs\69b46e2a0fef\runs\20261003T185914Z_synthetic\predictions.jsonl
newest-wins-original,synthetic,lalm,13,13,17,5000,paraphrase,correct,5,1.0,jobs\69b46e2a0fef\runs\20261003T185914Z_synthetic\predictions.jsonl
newest-wins-original,locomo,lalm,41,41,7,,all,token_f1_diagnostic,1986,0.17174716180747807,jobs\732038db0b56\runs\20261003T215206Z_locomo\predictions.jsonl
newest-wins-original,locomo,lalm,41,41,7,,category-2,token_f1_diagnostic,321,0.1907987305183567,jobs\732038db0b56\runs\20261003T215206Z_locomo\predictions.jsonl
newest-wins-original,locomo,lalm,41,41,7,,all,correct,1986,0.0689828801611279,jobs\732038db0b56\runs\20261003T215206Z_locomo\predictions.jsonl
newest-wins-original,locomo,lalm,41,41,7,,category-2,correct,321,0.01557632398753894,jobs\732038db0b56\runs\20261003T215206Z_locomo\predictions.jsonl
newest-wins-original,locomo,lalm,41,41,7,,all,locomo_official_qa_score,1986,0.321214331909063,jobs\732038db0b56\runs\20261003T215206Z_locomo\predictions.jsonl
newest-wins-original,locomo,lalm,41,41,7,,category-2,locomo_official_qa_score,321,0.19463895398474837,jobs\732038db0b56\runs\20261003T215206Z_locomo\predictions.jsonl
newest-wins-original,locomo,lalm,41,41,7,,category-3,token_f1_diagnostic,96,0.07999699952824953,jobs\732038db0b56\runs\20261003T215206Z_locomo\predictions.jsonl
newest-wins-original,locomo,lalm,41,41,7,,category-3,correct,96,0.052083333333333336,jobs\732038db0b56\runs\20261003T215206Z_locomo\predictions.jsonl
newest-wins-original,locomo,lalm,41,41,7,,category-3,locomo_official_qa_score,96,0.09683394464073977,jobs\732038db0b56\runs\20261003T215206Z_locomo\predictions.jsonl
newest-wins-original,locomo,lalm,41,41,7,,category-1,token_f1_diagnostic,282,0.17001349058957366,jobs\732038db0b56\runs\20261003T215206Z_locomo\predictions.jsonl
newest-wins-original,locomo,lalm,41,41,7,,category-1,correct,282,0.02127659574468085,jobs\732038db0b56\runs\20261003T215206Z_locomo\predictions.jsonl
newest-wins-original,locomo,lalm,41,41,7,,category-1,locomo_official_qa_score,282,0.15347115837468361,jobs\732038db0b56\runs\20261003T215206Z_locomo\predictions.jsonl
newest-wins-original,locomo,lalm,41,41,7,,category-4,token_f1_diagnostic,841,0.2654220624878564,jobs\732038db0b56\runs\20261003T215206Z_locomo\predictions.jsonl
newest-wins-original,locomo,lalm,41,41,7,,category-4,correct,841,0.14387633769322236,jobs\732038db0b56\runs\20261003T215206Z_locomo\predictions.jsonl
newest-wins-original,locomo,lalm,41,41,7,,category-4,locomo_official_qa_score,841,0.26977126467910006,jobs\732038db0b56\runs\20261003T215206Z_locomo\predictions.jsonl
newest-wins-original,locomo,lalm,41,41,7,,category-5,token_f1_diagnostic,446,0.002242152466367713,jobs\732038db0b56\runs\20261003T215206Z_locomo\predictions.jsonl
newest-wins-original,locomo,lalm,41,41,7,,category-5,correct,446,0.0,jobs\732038db0b56\runs\20261003T215206Z_locomo\predictions.jsonl
newest-wins-original,locomo,lalm,41,41,7,,category-5,locomo_official_qa_score,446,0.6636771300448431,jobs\732038db0b56\runs\20261003T215206Z_locomo\predictions.jsonl
newest-wins-original,longmemeval,lalm,23,23,7,,all,token_f1_diagnostic,450,0.17432621921944866,jobs\756bbd352196\runs\20261003T210557Z_longmemeval\predictions.jsonl
newest-wins-original,longmemeval,lalm,23,23,7,,single-session-user,token_f1_diagnostic,20,0.5969049765388438,jobs\756bbd352196\runs\20261003T210557Z_longmemeval\predictions.jsonl
newest-wins-original,longmemeval,lalm,23,23,7,,all,correct,450,0.11555555555555555,jobs\756bbd352196\runs\20261003T210557Z_longmemeval\predictions.jsonl
newest-wins-original,longmemeval,lalm,23,23,7,,single-session-user,correct,20,0.5,jobs\756bbd352196\runs\20261003T210557Z_longmemeval\predictions.jsonl
newest-wins-original,longmemeval,lalm,23,23,7,,multi-session,token_f1_diagnostic,133,0.05951508647300783,jobs\756bbd352196\runs\20261003T210557Z_longmemeval\predictions.jsonl
newest-wins-original,longmemeval,lalm,23,23,7,,multi-session,correct,133,0.03007518796992481,jobs\756bbd352196\runs\20261003T210557Z_longmemeval\predictions.jsonl
newest-wins-original,longmemeval,lalm,23,23,7,,single-session-preference,token_f1_diagnostic,30,0.046301279520818917,jobs\756bbd352196\runs\20261003T210557Z_longmemeval\predictions.jsonl
newest-wins-original,longmemeval,lalm,23,23,7,,single-session-preference,correct,30,0.0,jobs\756bbd352196\runs\20261003T210557Z_longmemeval\predictions.jsonl
newest-wins-original,longmemeval,lalm,23,23,7,,temporal-reasoning,token_f1_diagnostic,133,0.0912453355442819,jobs\756bbd352196\runs\20261003T210557Z_longmemeval\predictions.jsonl
newest-wins-original,longmemeval,lalm,23,23,7,,temporal-reasoning,correct,133,0.05263157894736842,jobs\756bbd352196\runs\20261003T210557Z_longmemeval\predictions.jsonl
newest-wins-original,longmemeval,lalm,23,23,7,,knowledge-update,token_f1_diagnostic,78,0.2697347973663763,jobs\756bbd352196\runs\20261003T210557Z_longmemeval\predictions.jsonl
newest-wins-original,longmemeval,lalm,23,23,7,,knowledge-update,correct,78,0.1794871794871795,jobs\756bbd352196\runs\20261003T210557Z_longmemeval\predictions.jsonl
newest-wins-original,longmemeval,lalm,23,23,7,,single-session-assistant,token_f1_diagnostic,56,0.4290930430263137,jobs\756bbd352196\runs\20261003T210557Z_longmemeval\predictions.jsonl
newest-wins-original,longmemeval,lalm,23,23,7,,single-session-assistant,correct,56,0.30357142857142855,jobs\756bbd352196\runs\20261003T210557Z_longmemeval\predictions.jsonl
newest-wins-original,locomo,lalm,13,13,7,,all,token_f1_diagnostic,1986,0.1826694200276852,jobs\75ad3027803d\runs\20261003T213413Z_locomo\predictions.jsonl
newest-wins-original,locomo,lalm,13,13,7,,category-2,token_f1_diagnostic,321,0.17702866534642236,jobs\75ad3027803d\runs\20261003T213413Z_locomo\predictions.jsonl
newest-wins-original,locomo,lalm,13,13,7,,all,correct,1986,0.07401812688821752,jobs\75ad3027803d\runs\20261003T213413Z_locomo\predictions.jsonl
newest-wins-original,locomo,lalm,13,13,7,,category-2,correct,321,0.012461059190031152,jobs\75ad3027803d\runs\20261003T213413Z_locomo\predictions.jsonl
newest-wins-original,locomo,lalm,13,13,7,,all,locomo_official_qa_score,1986,0.32468218273157035,jobs\75ad3027803d\runs\20261003T213413Z_locomo\predictions.jsonl
newest-wins-original,locomo,lalm,13,13,7,,category-2,locomo_official_qa_score,321,0.18142873049415106,jobs\75ad3027803d\runs\20261003T213413Z_locomo\predictions.jsonl
newest-wins-original,locomo,lalm,13,13,7,,category-3,token_f1_diagnostic,96,0.030638985861025335,jobs\75ad3027803d\runs\20261003T213413Z_locomo\predictions.jsonl
newest-wins-original,locomo,lalm,13,13,7,,category-3,correct,96,0.010416666666666666,jobs\75ad3027803d\runs\20261003T213413Z_locomo\predictions.jsonl
newest-wins-original,locomo,lalm,13,13,7,,category-3,locomo_official_qa_score,96,0.042030975050276524,jobs\75ad3027803d\runs\20261003T213413Z_locomo\predictions.jsonl
newest-wins-original,locomo,lalm,13,13,7,,category-1,token_f1_diagnostic,282,0.17096302228491164,jobs\75ad3027803d\runs\20261003T213413Z_locomo\predictions.jsonl
newest-wins-original,locomo,lalm,13,13,7,,category-1,correct,282,0.031914893617021274,jobs\75ad3027803d\runs\20261003T213413Z_locomo\predictions.jsonl
newest-wins-original,locomo,lalm,13,13,7,,category-1,locomo_official_qa_score,282,0.15289450991385928,jobs\75ad3027803d\runs\20261003T213413Z_locomo\predictions.jsonl
newest-wins-original,locomo,lalm,13,13,7,,category-4,token_f1_diagnostic,841,0.30297544788558584,jobs\75ad3027803d\runs\20261003T213413Z_locomo\predictions.jsonl
newest-wins-original,locomo,lalm,13,13,7,,category-4,correct,841,0.1581450653983353,jobs\75ad3027803d\runs\20261003T213413Z_locomo\predictions.jsonl
newest-wins-original,locomo,lalm,13,13,7,,category-4,locomo_official_qa_score,841,0.3084767740971955,jobs\75ad3027803d\runs\20261003T213413Z_locomo\predictions.jsonl
newest-wins-original,locomo,lalm,13,13,7,,category-5,token_f1_diagnostic,446,0.0,jobs\75ad3027803d\runs\20261003T213413Z_locomo\predictions.jsonl
newest-wins-original,locomo,lalm,13,13,7,,category-5,correct,446,0.0,jobs\75ad3027803d\runs\20261003T213413Z_locomo\predictions.jsonl
newest-wins-original,locomo,lalm,13,13,7,,category-5,locomo_official_qa_score,446,0.6278026905829597,jobs\75ad3027803d\runs\20261003T213413Z_locomo\predictions.jsonl
newest-wins-cue_free,synthetic,lalm,41,41,13,1000,all,correct,50,0.5,jobs\7c472ae70cf1\runs\20261003T201816Z_synthetic\predictions.jsonl
newest-wins-cue_free,synthetic,lalm,41,41,13,1000,stable_fact,correct,5,0.8,jobs\7c472ae70cf1\runs\20261003T201816Z_synthetic\predictions.jsonl
newest-wins-cue_free,synthetic,lalm,41,41,13,1000,correction,correct,5,0.0,jobs\7c472ae70cf1\runs\20261003T201816Z_synthetic\predictions.jsonl
newest-wins-cue_free,synthetic,lalm,41,41,13,1000,repeated_fact,correct,5,1.0,jobs\7c472ae70cf1\runs\20261003T201816Z_synthetic\predictions.jsonl
newest-wins-cue_free,synthetic,lalm,41,41,13,1000,contradictory_update,correct,5,0.2,jobs\7c472ae70cf1\runs\20261003T201816Z_synthetic\predictions.jsonl
newest-wins-cue_free,synthetic,lalm,41,41,13,1000,boolean,correct,5,0.0,jobs\7c472ae70cf1\runs\20261003T201816Z_synthetic\predictions.jsonl
newest-wins-cue_free,synthetic,lalm,41,41,13,1000,goal,correct,5,0.6,jobs\7c472ae70cf1\runs\20261003T201816Z_synthetic\predictions.jsonl
newest-wins-cue_free,synthetic,lalm,41,41,13,1000,response_style,correct,5,0.8,jobs\7c472ae70cf1\runs\20261003T201816Z_synthetic\predictions.jsonl
newest-wins-cue_free,synthetic,lalm,41,41,13,1000,temporal,correct,5,1.0,jobs\7c472ae70cf1\runs\20261003T201816Z_synthetic\predictions.jsonl
newest-wins-cue_free,synthetic,lalm,41,41,13,1000,multi_fact,correct,5,0.0,jobs\7c472ae70cf1\runs\20261003T201816Z_synthetic\predictions.jsonl
newest-wins-cue_free,synthetic,lalm,41,41,13,1000,paraphrase,correct,5,0.6,jobs\7c472ae70cf1\runs\20261003T201816Z_synthetic\predictions.jsonl
newest-wins-cue_free,synthetic,lalm,41,41,13,5000,all,correct,50,0.54,jobs\7c472ae70cf1\runs\20261003T201816Z_synthetic\predictions.jsonl
newest-wins-cue_free,synthetic,lalm,41,41,13,5000,stable_fact,correct,5,1.0,jobs\7c472ae70cf1\runs\20261003T201816Z_synthetic\predictions.jsonl
newest-wins-cue_free,synthetic,lalm,41,41,13,5000,correction,correct,5,0.2,jobs\7c472ae70cf1\runs\20261003T201816Z_synthetic\predictions.jsonl
newest-wins-cue_free,synthetic,lalm,41,41,13,5000,repeated_fact,correct,5,1.0,jobs\7c472ae70cf1\runs\20261003T201816Z_synthetic\predictions.jsonl
newest-wins-cue_free,synthetic,lalm,41,41,13,5000,contradictory_update,correct,5,0.0,jobs\7c472ae70cf1\runs\20261003T201816Z_synthetic\predictions.jsonl
newest-wins-cue_free,synthetic,lalm,41,41,13,5000,boolean,correct,5,0.0,jobs\7c472ae70cf1\runs\20261003T201816Z_synthetic\predictions.jsonl
newest-wins-cue_free,synthetic,lalm,41,41,13,5000,goal,correct,5,0.6,jobs\7c472ae70cf1\runs\20261003T201816Z_synthetic\predictions.jsonl
newest-wins-cue_free,synthetic,lalm,41,41,13,5000,response_style,correct,5,1.0,jobs\7c472ae70cf1\runs\20261003T201816Z_synthetic\predictions.jsonl
newest-wins-cue_free,synthetic,lalm,41,41,13,5000,temporal,correct,5,0.6,jobs\7c472ae70cf1\runs\20261003T201816Z_synthetic\predictions.jsonl
newest-wins-cue_free,synthetic,lalm,41,41,13,5000,multi_fact,correct,5,0.0,jobs\7c472ae70cf1\runs\20261003T201816Z_synthetic\predictions.jsonl
newest-wins-cue_free,synthetic,lalm,41,41,13,5000,paraphrase,correct,5,1.0,jobs\7c472ae70cf1\runs\20261003T201816Z_synthetic\predictions.jsonl
newest-wins-original,locomo,lalm,37,37,7,,all,token_f1_diagnostic,1986,0.20302866811387038,jobs\7dff58b35800\runs\20261003T214555Z_locomo\predictions.jsonl
newest-wins-original,locomo,lalm,37,37,7,,category-2,token_f1_diagnostic,321,0.1936796646298204,jobs\7dff58b35800\runs\20261003T214555Z_locomo\predictions.jsonl
newest-wins-original,locomo,lalm,37,37,7,,all,correct,1986,0.07250755287009064,jobs\7dff58b35800\runs\20261003T214555Z_locomo\predictions.jsonl
newest-wins-original,locomo,lalm,37,37,7,,category-2,correct,321,0.024922118380062305,jobs\7dff58b35800\runs\20261003T214555Z_locomo\predictions.jsonl
newest-wins-original,locomo,lalm,37,37,7,,all,locomo_official_qa_score,1986,0.20400800046117576,jobs\7dff58b35800\runs\20261003T214555Z_locomo\predictions.jsonl
newest-wins-original,locomo,lalm,37,37,7,,category-2,locomo_official_qa_score,321,0.19581219493856633,jobs\7dff58b35800\runs\20261003T214555Z_locomo\predictions.jsonl
newest-wins-original,locomo,lalm,37,37,7,,category-3,token_f1_diagnostic,96,0.1621308103834292,jobs\7dff58b35800\runs\20261003T214555Z_locomo\predictions.jsonl
newest-wins-original,locomo,lalm,37,37,7,,category-3,correct,96,0.08333333333333333,jobs\7dff58b35800\runs\20261003T214555Z_locomo\predictions.jsonl
newest-wins-original,locomo,lalm,37,37,7,,category-3,locomo_official_qa_score,96,0.1903852233647692,jobs\7dff58b35800\runs\20261003T214555Z_locomo\predictions.jsonl
newest-wins-original,locomo,lalm,37,37,7,,category-1,token_f1_diagnostic,282,0.20606538947513514,jobs\7dff58b35800\runs\20261003T214555Z_locomo\predictions.jsonl
newest-wins-original,locomo,lalm,37,37,7,,category-1,correct,282,0.02127659574468085,jobs\7dff58b35800\runs\20261003T214555Z_locomo\predictions.jsonl
newest-wins-original,locomo,lalm,37,37,7,,category-1,locomo_official_qa_score,282,0.19422334401125824,jobs\7dff58b35800\runs\20261003T214555Z_locomo\predictions.jsonl
newest-wins-original,locomo,lalm,37,37,7,,category-4,token_f1_diagnostic,841,0.3167286146244672,jobs\7dff58b35800\runs\20261003T214555Z_locomo\predictions.jsonl
newest-wins-original,locomo,lalm,37,37,7,,category-4,correct,841,0.14387633769322236,jobs\7dff58b35800\runs\20261003T214555Z_locomo\predictions.jsonl
newest-wins-original,locomo,lalm,37,37,7,,category-4,locomo_official_qa_score,841,0.31183853732035977,jobs\7dff58b35800\runs\20261003T214555Z_locomo\predictions.jsonl
newest-wins-original,locomo,lalm,37,37,7,,category-5,token_f1_diagnostic,446,0.002242152466367713,jobs\7dff58b35800\runs\20261003T214555Z_locomo\predictions.jsonl
newest-wins-original,locomo,lalm,37,37,7,,category-5,correct,446,0.002242152466367713,jobs\7dff58b35800\runs\20261003T214555Z_locomo\predictions.jsonl
newest-wins-original,locomo,lalm,37,37,7,,category-5,locomo_official_qa_score,446,0.01569506726457399,jobs\7dff58b35800\runs\20261003T214555Z_locomo\predictions.jsonl
newest-wins-original,synthetic,lexical_only,,7,11,100,all,correct,100,0.72,jobs\83979b098283\runs\20261003T181301Z_synthetic\predictions.jsonl
newest-wins-original,synthetic,lexical_only,,7,11,100,stable_fact,correct,10,1.0,jobs\83979b098283\runs\20261003T181301Z_synthetic\predictions.jsonl
newest-wins-original,synthetic,lexical_only,,7,11,100,correction,correct,10,0.8,jobs\83979b098283\runs\20261003T181301Z_synthetic\predictions.jsonl
newest-wins-original,synthetic,lexical_only,,7,11,100,repeated_fact,correct,10,1.0,jobs\83979b098283\runs\20261003T181301Z_synthetic\predictions.jsonl
newest-wins-original,synthetic,lexical_only,,7,11,100,contradictory_update,correct,10,0.7,jobs\83979b098283\runs\20261003T181301Z_synthetic\predictions.jsonl
newest-wins-original,synthetic,lexical_only,,7,11,100,boolean,correct,10,0.0,jobs\83979b098283\runs\20261003T181301Z_synthetic\predictions.jsonl
newest-wins-original,synthetic,lexical_only,,7,11,100,goal,correct,10,1.0,jobs\83979b098283\runs\20261003T181301Z_synthetic\predictions.jsonl
newest-wins-original,synthetic,lexical_only,,7,11,100,response_style,correct,10,1.0,jobs\83979b098283\runs\20261003T181301Z_synthetic\predictions.jsonl
newest-wins-original,synthetic,lexical_only,,7,11,100,temporal,correct,10,0.9,jobs\83979b098283\runs\20261003T181301Z_synthetic\predictions.jsonl
newest-wins-original,synthetic,lexical_only,,7,11,100,multi_fact,correct,10,0.0,jobs\83979b098283\runs\20261003T181301Z_synthetic\predictions.jsonl
newest-wins-original,synthetic,lexical_only,,7,11,100,paraphrase,correct,10,0.8,jobs\83979b098283\runs\20261003T181301Z_synthetic\predictions.jsonl
newest-wins-original,synthetic,lexical_only,,7,11,500,all,correct,75,0.6266666666666667,jobs\83979b098283\runs\20261003T181301Z_synthetic\predictions.jsonl
newest-wins-original,synthetic,lexical_only,,7,11,500,stable_fact,correct,8,1.0,jobs\83979b098283\runs\20261003T181301Z_synthetic\predictions.jsonl
newest-wins-original,synthetic,lexical_only,,7,11,500,correction,correct,8,0.625,jobs\83979b098283\runs\20261003T181301Z_synthetic\predictions.jsonl
newest-wins-original,synthetic,lexical_only,,7,11,500,repeated_fact,correct,8,1.0,jobs\83979b098283\runs\20261003T181301Z_synthetic\predictions.jsonl
newest-wins-original,synthetic,lexical_only,,7,11,500,contradictory_update,correct,8,0.5,jobs\83979b098283\runs\20261003T181301Z_synthetic\predictions.jsonl
newest-wins-original,synthetic,lexical_only,,7,11,500,boolean,correct,8,0.0,jobs\83979b098283\runs\20261003T181301Z_synthetic\predictions.jsonl
newest-wins-original,synthetic,lexical_only,,7,11,500,goal,correct,7,1.0,jobs\83979b098283\runs\20261003T181301Z_synthetic\predictions.jsonl
newest-wins-original,synthetic,lexical_only,,7,11,500,response_style,correct,7,0.42857142857142855,jobs\83979b098283\runs\20261003T181301Z_synthetic\predictions.jsonl
newest-wins-original,synthetic,lexical_only,,7,11,500,temporal,correct,7,1.0,jobs\83979b098283\runs\20261003T181301Z_synthetic\predictions.jsonl
newest-wins-original,synthetic,lexical_only,,7,11,500,multi_fact,correct,7,0.0,jobs\83979b098283\runs\20261003T181301Z_synthetic\predictions.jsonl
newest-wins-original,synthetic,lexical_only,,7,11,500,paraphrase,correct,7,0.7142857142857143,jobs\83979b098283\runs\20261003T181301Z_synthetic\predictions.jsonl
newest-wins-original,synthetic,lexical_only,,7,11,1000,all,correct,50,0.64,jobs\83979b098283\runs\20261003T181301Z_synthetic\predictions.jsonl
newest-wins-original,synthetic,lexical_only,,7,11,1000,stable_fact,correct,5,1.0,jobs\83979b098283\runs\20261003T181301Z_synthetic\predictions.jsonl
newest-wins-original,synthetic,lexical_only,,7,11,1000,correction,correct,5,0.4,jobs\83979b098283\runs\20261003T181301Z_synthetic\predictions.jsonl
newest-wins-original,synthetic,lexical_only,,7,11,1000,repeated_fact,correct,5,1.0,jobs\83979b098283\runs\20261003T181301Z_synthetic\predictions.jsonl
newest-wins-original,synthetic,lexical_only,,7,11,1000,contradictory_update,correct,5,0.8,jobs\83979b098283\runs\20261003T181301Z_synthetic\predictions.jsonl
newest-wins-original,synthetic,lexical_only,,7,11,1000,boolean,correct,5,0.0,jobs\83979b098283\runs\20261003T181301Z_synthetic\predictions.jsonl
newest-wins-original,synthetic,lexical_only,,7,11,1000,goal,correct,5,1.0,jobs\83979b098283\runs\20261003T181301Z_synthetic\predictions.jsonl
newest-wins-original,synthetic,lexical_only,,7,11,1000,response_style,correct,5,0.6,jobs\83979b098283\runs\20261003T181301Z_synthetic\predictions.jsonl
newest-wins-original,synthetic,lexical_only,,7,11,1000,temporal,correct,5,0.8,jobs\83979b098283\runs\20261003T181301Z_synthetic\predictions.jsonl
newest-wins-original,synthetic,lexical_only,,7,11,1000,multi_fact,correct,5,0.0,jobs\83979b098283\runs\20261003T181301Z_synthetic\predictions.jsonl
newest-wins-original,synthetic,lexical_only,,7,11,1000,paraphrase,correct,5,0.8,jobs\83979b098283\runs\20261003T181301Z_synthetic\predictions.jsonl
newest-wins-original,synthetic,lexical_only,,7,11,5000,all,correct,50,0.74,jobs\83979b098283\runs\20261003T181301Z_synthetic\predictions.jsonl
newest-wins-original,synthetic,lexical_only,,7,11,5000,stable_fact,correct,5,1.0,jobs\83979b098283\runs\20261003T181301Z_synthetic\predictions.jsonl
newest-wins-original,synthetic,lexical_only,,7,11,5000,correction,correct,5,0.6,jobs\83979b098283\runs\20261003T181301Z_synthetic\predictions.jsonl
newest-wins-original,synthetic,lexical_only,,7,11,5000,repeated_fact,correct,5,1.0,jobs\83979b098283\runs\20261003T181301Z_synthetic\predictions.jsonl
newest-wins-original,synthetic,lexical_only,,7,11,5000,contradictory_update,correct,5,0.8,jobs\83979b098283\runs\20261003T181301Z_synthetic\predictions.jsonl
newest-wins-original,synthetic,lexical_only,,7,11,5000,boolean,correct,5,0.0,jobs\83979b098283\runs\20261003T181301Z_synthetic\predictions.jsonl
newest-wins-original,synthetic,lexical_only,,7,11,5000,goal,correct,5,1.0,jobs\83979b098283\runs\20261003T181301Z_synthetic\predictions.jsonl
newest-wins-original,synthetic,lexical_only,,7,11,5000,response_style,correct,5,1.0,jobs\83979b098283\runs\20261003T181301Z_synthetic\predictions.jsonl
newest-wins-original,synthetic,lexical_only,,7,11,5000,temporal,correct,5,1.0,jobs\83979b098283\runs\20261003T181301Z_synthetic\predictions.jsonl
newest-wins-original,synthetic,lexical_only,,7,11,5000,multi_fact,correct,5,0.0,jobs\83979b098283\runs\20261003T181301Z_synthetic\predictions.jsonl
newest-wins-original,synthetic,lexical_only,,7,11,5000,paraphrase,correct,5,1.0,jobs\83979b098283\runs\20261003T181301Z_synthetic\predictions.jsonl
newest-wins-original,synthetic,lalm,37,37,11,100,all,correct,100,0.68,jobs\8a7b4d491c4e\runs\20261003T175924Z_synthetic\predictions.jsonl
newest-wins-original,synthetic,lalm,37,37,11,100,stable_fact,correct,10,1.0,jobs\8a7b4d491c4e\runs\20261003T175924Z_synthetic\predictions.jsonl
newest-wins-original,synthetic,lalm,37,37,11,100,correction,correct,10,0.4,jobs\8a7b4d491c4e\runs\20261003T175924Z_synthetic\predictions.jsonl
newest-wins-original,synthetic,lalm,37,37,11,100,repeated_fact,correct,10,1.0,jobs\8a7b4d491c4e\runs\20261003T175924Z_synthetic\predictions.jsonl
newest-wins-original,synthetic,lalm,37,37,11,100,contradictory_update,correct,10,0.2,jobs\8a7b4d491c4e\runs\20261003T175924Z_synthetic\predictions.jsonl
newest-wins-original,synthetic,lalm,37,37,11,100,boolean,correct,10,0.5,jobs\8a7b4d491c4e\runs\20261003T175924Z_synthetic\predictions.jsonl
newest-wins-original,synthetic,lalm,37,37,11,100,goal,correct,10,0.9,jobs\8a7b4d491c4e\runs\20261003T175924Z_synthetic\predictions.jsonl
newest-wins-original,synthetic,lalm,37,37,11,100,response_style,correct,10,1.0,jobs\8a7b4d491c4e\runs\20261003T175924Z_synthetic\predictions.jsonl
newest-wins-original,synthetic,lalm,37,37,11,100,temporal,correct,10,0.8,jobs\8a7b4d491c4e\runs\20261003T175924Z_synthetic\predictions.jsonl
newest-wins-original,synthetic,lalm,37,37,11,100,multi_fact,correct,10,0.0,jobs\8a7b4d491c4e\runs\20261003T175924Z_synthetic\predictions.jsonl
newest-wins-original,synthetic,lalm,37,37,11,100,paraphrase,correct,10,1.0,jobs\8a7b4d491c4e\runs\20261003T175924Z_synthetic\predictions.jsonl
newest-wins-original,synthetic,lalm,37,37,11,500,all,correct,75,0.6533333333333333,jobs\8a7b4d491c4e\runs\20261003T175924Z_synthetic\predictions.jsonl
newest-wins-original,synthetic,lalm,37,37,11,500,stable_fact,correct,8,1.0,jobs\8a7b4d491c4e\runs\20261003T175924Z_synthetic\predictions.jsonl
newest-wins-original,synthetic,lalm,37,37,11,500,correction,correct,8,0.375,jobs\8a7b4d491c4e\runs\20261003T175924Z_synthetic\predictions.jsonl
newest-wins-original,synthetic,lalm,37,37,11,500,repeated_fact,correct,8,1.0,jobs\8a7b4d491c4e\runs\20261003T175924Z_synthetic\predictions.jsonl
newest-wins-original,synthetic,lalm,37,37,11,500,contradictory_update,correct,8,0.375,jobs\8a7b4d491c4e\runs\20261003T175924Z_synthetic\predictions.jsonl
newest-wins-original,synthetic,lalm,37,37,11,500,boolean,correct,8,0.375,jobs\8a7b4d491c4e\runs\20261003T175924Z_synthetic\predictions.jsonl
newest-wins-original,synthetic,lalm,37,37,11,500,goal,correct,7,1.0,jobs\8a7b4d491c4e\runs\20261003T175924Z_synthetic\predictions.jsonl
newest-wins-original,synthetic,lalm,37,37,11,500,response_style,correct,7,0.42857142857142855,jobs\8a7b4d491c4e\runs\20261003T175924Z_synthetic\predictions.jsonl
newest-wins-original,synthetic,lalm,37,37,11,500,temporal,correct,7,1.0,jobs\8a7b4d491c4e\runs\20261003T175924Z_synthetic\predictions.jsonl
newest-wins-original,synthetic,lalm,37,37,11,500,multi_fact,correct,7,0.0,jobs\8a7b4d491c4e\runs\20261003T175924Z_synthetic\predictions.jsonl
newest-wins-original,synthetic,lalm,37,37,11,500,paraphrase,correct,7,1.0,jobs\8a7b4d491c4e\runs\20261003T175924Z_synthetic\predictions.jsonl
newest-wins-original,synthetic,lalm,37,37,11,1000,all,correct,50,0.7,jobs\8a7b4d491c4e\runs\20261003T175924Z_synthetic\predictions.jsonl
newest-wins-original,synthetic,lalm,37,37,11,1000,stable_fact,correct,5,1.0,jobs\8a7b4d491c4e\runs\20261003T175924Z_synthetic\predictions.jsonl
newest-wins-original,synthetic,lalm,37,37,11,1000,correction,correct,5,0.6,jobs\8a7b4d491c4e\runs\20261003T175924Z_synthetic\predictions.jsonl
newest-wins-original,synthetic,lalm,37,37,11,1000,repeated_fact,correct,5,1.0,jobs\8a7b4d491c4e\runs\20261003T175924Z_synthetic\predictions.jsonl
newest-wins-original,synthetic,lalm,37,37,11,1000,contradictory_update,correct,5,0.4,jobs\8a7b4d491c4e\runs\20261003T175924Z_synthetic\predictions.jsonl
newest-wins-original,synthetic,lalm,37,37,11,1000,boolean,correct,5,0.8,jobs\8a7b4d491c4e\runs\20261003T175924Z_synthetic\predictions.jsonl
newest-wins-original,synthetic,lalm,37,37,11,1000,goal,correct,5,1.0,jobs\8a7b4d491c4e\runs\20261003T175924Z_synthetic\predictions.jsonl
newest-wins-original,synthetic,lalm,37,37,11,1000,response_style,correct,5,0.4,jobs\8a7b4d491c4e\runs\20261003T175924Z_synthetic\predictions.jsonl
newest-wins-original,synthetic,lalm,37,37,11,1000,temporal,correct,5,0.8,jobs\8a7b4d491c4e\runs\20261003T175924Z_synthetic\predictions.jsonl
newest-wins-original,synthetic,lalm,37,37,11,1000,multi_fact,correct,5,0.0,jobs\8a7b4d491c4e\runs\20261003T175924Z_synthetic\predictions.jsonl
newest-wins-original,synthetic,lalm,37,37,11,1000,paraphrase,correct,5,1.0,jobs\8a7b4d491c4e\runs\20261003T175924Z_synthetic\predictions.jsonl
newest-wins-original,synthetic,lalm,37,37,11,5000,all,correct,50,0.78,jobs\8a7b4d491c4e\runs\20261003T175924Z_synthetic\predictions.jsonl
newest-wins-original,synthetic,lalm,37,37,11,5000,stable_fact,correct,5,1.0,jobs\8a7b4d491c4e\runs\20261003T175924Z_synthetic\predictions.jsonl
newest-wins-original,synthetic,lalm,37,37,11,5000,correction,correct,5,0.6,jobs\8a7b4d491c4e\runs\20261003T175924Z_synthetic\predictions.jsonl
newest-wins-original,synthetic,lalm,37,37,11,5000,repeated_fact,correct,5,1.0,jobs\8a7b4d491c4e\runs\20261003T175924Z_synthetic\predictions.jsonl
newest-wins-original,synthetic,lalm,37,37,11,5000,contradictory_update,correct,5,0.6,jobs\8a7b4d491c4e\runs\20261003T175924Z_synthetic\predictions.jsonl
newest-wins-original,synthetic,lalm,37,37,11,5000,boolean,correct,5,0.6,jobs\8a7b4d491c4e\runs\20261003T175924Z_synthetic\predictions.jsonl
newest-wins-original,synthetic,lalm,37,37,11,5000,goal,correct,5,1.0,jobs\8a7b4d491c4e\runs\20261003T175924Z_synthetic\predictions.jsonl
newest-wins-original,synthetic,lalm,37,37,11,5000,response_style,correct,5,1.0,jobs\8a7b4d491c4e\runs\20261003T175924Z_synthetic\predictions.jsonl
newest-wins-original,synthetic,lalm,37,37,11,5000,temporal,correct,5,1.0,jobs\8a7b4d491c4e\runs\20261003T175924Z_synthetic\predictions.jsonl
newest-wins-original,synthetic,lalm,37,37,11,5000,multi_fact,correct,5,0.0,jobs\8a7b4d491c4e\runs\20261003T175924Z_synthetic\predictions.jsonl
newest-wins-original,synthetic,lalm,37,37,11,5000,paraphrase,correct,5,1.0,jobs\8a7b4d491c4e\runs\20261003T175924Z_synthetic\predictions.jsonl
newest-wins-original,synthetic,lalm,41,41,17,100,all,correct,100,0.65,jobs\92146cc8d5ba\runs\20261003T191929Z_synthetic\predictions.jsonl
newest-wins-original,synthetic,lalm,41,41,17,100,stable_fact,correct,10,1.0,jobs\92146cc8d5ba\runs\20261003T191929Z_synthetic\predictions.jsonl
newest-wins-original,synthetic,lalm,41,41,17,100,correction,correct,10,0.6,jobs\92146cc8d5ba\runs\20261003T191929Z_synthetic\predictions.jsonl
newest-wins-original,synthetic,lalm,41,41,17,100,repeated_fact,correct,10,1.0,jobs\92146cc8d5ba\runs\20261003T191929Z_synthetic\predictions.jsonl
newest-wins-original,synthetic,lalm,41,41,17,100,contradictory_update,correct,10,0.3,jobs\92146cc8d5ba\runs\20261003T191929Z_synthetic\predictions.jsonl
newest-wins-original,synthetic,lalm,41,41,17,100,boolean,correct,10,0.1,jobs\92146cc8d5ba\runs\20261003T191929Z_synthetic\predictions.jsonl
newest-wins-original,synthetic,lalm,41,41,17,100,goal,correct,10,0.9,jobs\92146cc8d5ba\runs\20261003T191929Z_synthetic\predictions.jsonl
newest-wins-original,synthetic,lalm,41,41,17,100,response_style,correct,10,0.9,jobs\92146cc8d5ba\runs\20261003T191929Z_synthetic\predictions.jsonl
newest-wins-original,synthetic,lalm,41,41,17,100,temporal,correct,10,0.8,jobs\92146cc8d5ba\runs\20261003T191929Z_synthetic\predictions.jsonl
newest-wins-original,synthetic,lalm,41,41,17,100,multi_fact,correct,10,0.0,jobs\92146cc8d5ba\runs\20261003T191929Z_synthetic\predictions.jsonl
newest-wins-original,synthetic,lalm,41,41,17,100,paraphrase,correct,10,0.9,jobs\92146cc8d5ba\runs\20261003T191929Z_synthetic\predictions.jsonl
newest-wins-original,synthetic,lalm,41,41,17,500,all,correct,75,0.6,jobs\92146cc8d5ba\runs\20261003T191929Z_synthetic\predictions.jsonl
newest-wins-original,synthetic,lalm,41,41,17,500,stable_fact,correct,8,1.0,jobs\92146cc8d5ba\runs\20261003T191929Z_synthetic\predictions.jsonl
newest-wins-original,synthetic,lalm,41,41,17,500,correction,correct,8,0.375,jobs\92146cc8d5ba\runs\20261003T191929Z_synthetic\predictions.jsonl
newest-wins-original,synthetic,lalm,41,41,17,500,repeated_fact,correct,8,1.0,jobs\92146cc8d5ba\runs\20261003T191929Z_synthetic\predictions.jsonl
newest-wins-original,synthetic,lalm,41,41,17,500,contradictory_update,correct,8,0.5,jobs\92146cc8d5ba\runs\20261003T191929Z_synthetic\predictions.jsonl
newest-wins-original,synthetic,lalm,41,41,17,500,boolean,correct,8,0.125,jobs\92146cc8d5ba\runs\20261003T191929Z_synthetic\predictions.jsonl
newest-wins-original,synthetic,lalm,41,41,17,500,goal,correct,7,0.8571428571428571,jobs\92146cc8d5ba\runs\20261003T191929Z_synthetic\predictions.jsonl
newest-wins-original,synthetic,lalm,41,41,17,500,response_style,correct,7,0.8571428571428571,jobs\92146cc8d5ba\runs\20261003T191929Z_synthetic\predictions.jsonl
newest-wins-original,synthetic,lalm,41,41,17,500,temporal,correct,7,0.7142857142857143,jobs\92146cc8d5ba\runs\20261003T191929Z_synthetic\predictions.jsonl
newest-wins-original,synthetic,lalm,41,41,17,500,multi_fact,correct,7,0.0,jobs\92146cc8d5ba\runs\20261003T191929Z_synthetic\predictions.jsonl
newest-wins-original,synthetic,lalm,41,41,17,500,paraphrase,correct,7,0.5714285714285714,jobs\92146cc8d5ba\runs\20261003T191929Z_synthetic\predictions.jsonl
newest-wins-original,synthetic,lalm,41,41,17,1000,all,correct,50,0.66,jobs\92146cc8d5ba\runs\20261003T191929Z_synthetic\predictions.jsonl
newest-wins-original,synthetic,lalm,41,41,17,1000,stable_fact,correct,5,1.0,jobs\92146cc8d5ba\runs\20261003T191929Z_synthetic\predictions.jsonl
newest-wins-original,synthetic,lalm,41,41,17,1000,correction,correct,5,0.6,jobs\92146cc8d5ba\runs\20261003T191929Z_synthetic\predictions.jsonl
newest-wins-original,synthetic,lalm,41,41,17,1000,repeated_fact,correct,5,1.0,jobs\92146cc8d5ba\runs\20261003T191929Z_synthetic\predictions.jsonl
newest-wins-original,synthetic,lalm,41,41,17,1000,contradictory_update,correct,5,1.0,jobs\92146cc8d5ba\runs\20261003T191929Z_synthetic\predictions.jsonl
newest-wins-original,synthetic,lalm,41,41,17,1000,boolean,correct,5,0.0,jobs\92146cc8d5ba\runs\20261003T191929Z_synthetic\predictions.jsonl
newest-wins-original,synthetic,lalm,41,41,17,1000,goal,correct,5,0.6,jobs\92146cc8d5ba\runs\20261003T191929Z_synthetic\predictions.jsonl
newest-wins-original,synthetic,lalm,41,41,17,1000,response_style,correct,5,0.8,jobs\92146cc8d5ba\runs\20261003T191929Z_synthetic\predictions.jsonl
newest-wins-original,synthetic,lalm,41,41,17,1000,temporal,correct,5,0.8,jobs\92146cc8d5ba\runs\20261003T191929Z_synthetic\predictions.jsonl
newest-wins-original,synthetic,lalm,41,41,17,1000,multi_fact,correct,5,0.0,jobs\92146cc8d5ba\runs\20261003T191929Z_synthetic\predictions.jsonl
newest-wins-original,synthetic,lalm,41,41,17,1000,paraphrase,correct,5,0.8,jobs\92146cc8d5ba\runs\20261003T191929Z_synthetic\predictions.jsonl
newest-wins-original,synthetic,lalm,41,41,17,5000,all,correct,50,0.58,jobs\92146cc8d5ba\runs\20261003T191929Z_synthetic\predictions.jsonl
newest-wins-original,synthetic,lalm,41,41,17,5000,stable_fact,correct,5,0.8,jobs\92146cc8d5ba\runs\20261003T191929Z_synthetic\predictions.jsonl
newest-wins-original,synthetic,lalm,41,41,17,5000,correction,correct,5,0.8,jobs\92146cc8d5ba\runs\20261003T191929Z_synthetic\predictions.jsonl
newest-wins-original,synthetic,lalm,41,41,17,5000,repeated_fact,correct,5,1.0,jobs\92146cc8d5ba\runs\20261003T191929Z_synthetic\predictions.jsonl
newest-wins-original,synthetic,lalm,41,41,17,5000,contradictory_update,correct,5,1.0,jobs\92146cc8d5ba\runs\20261003T191929Z_synthetic\predictions.jsonl
newest-wins-original,synthetic,lalm,41,41,17,5000,boolean,correct,5,0.0,jobs\92146cc8d5ba\runs\20261003T191929Z_synthetic\predictions.jsonl
newest-wins-original,synthetic,lalm,41,41,17,5000,goal,correct,5,0.4,jobs\92146cc8d5ba\runs\20261003T191929Z_synthetic\predictions.jsonl
newest-wins-original,synthetic,lalm,41,41,17,5000,response_style,correct,5,0.6,jobs\92146cc8d5ba\runs\20261003T191929Z_synthetic\predictions.jsonl
newest-wins-original,synthetic,lalm,41,41,17,5000,temporal,correct,5,0.2,jobs\92146cc8d5ba\runs\20261003T191929Z_synthetic\predictions.jsonl
newest-wins-original,synthetic,lalm,41,41,17,5000,multi_fact,correct,5,0.0,jobs\92146cc8d5ba\runs\20261003T191929Z_synthetic\predictions.jsonl
newest-wins-original,synthetic,lalm,41,41,17,5000,paraphrase,correct,5,1.0,jobs\92146cc8d5ba\runs\20261003T191929Z_synthetic\predictions.jsonl
newest-wins-original,synthetic,lalm,23,23,13,100,all,correct,100,0.74,jobs\93af49674d24\runs\20261003T182911Z_synthetic\predictions.jsonl
newest-wins-original,synthetic,lalm,23,23,13,100,stable_fact,correct,10,1.0,jobs\93af49674d24\runs\20261003T182911Z_synthetic\predictions.jsonl
newest-wins-original,synthetic,lalm,23,23,13,100,correction,correct,10,1.0,jobs\93af49674d24\runs\20261003T182911Z_synthetic\predictions.jsonl
newest-wins-original,synthetic,lalm,23,23,13,100,repeated_fact,correct,10,1.0,jobs\93af49674d24\runs\20261003T182911Z_synthetic\predictions.jsonl
newest-wins-original,synthetic,lalm,23,23,13,100,contradictory_update,correct,10,1.0,jobs\93af49674d24\runs\20261003T182911Z_synthetic\predictions.jsonl
newest-wins-original,synthetic,lalm,23,23,13,100,boolean,correct,10,0.0,jobs\93af49674d24\runs\20261003T182911Z_synthetic\predictions.jsonl
newest-wins-original,synthetic,lalm,23,23,13,100,goal,correct,10,0.9,jobs\93af49674d24\runs\20261003T182911Z_synthetic\predictions.jsonl
newest-wins-original,synthetic,lalm,23,23,13,100,response_style,correct,10,0.8,jobs\93af49674d24\runs\20261003T182911Z_synthetic\predictions.jsonl
newest-wins-original,synthetic,lalm,23,23,13,100,temporal,correct,10,0.8,jobs\93af49674d24\runs\20261003T182911Z_synthetic\predictions.jsonl
newest-wins-original,synthetic,lalm,23,23,13,100,multi_fact,correct,10,0.0,jobs\93af49674d24\runs\20261003T182911Z_synthetic\predictions.jsonl
newest-wins-original,synthetic,lalm,23,23,13,100,paraphrase,correct,10,0.9,jobs\93af49674d24\runs\20261003T182911Z_synthetic\predictions.jsonl
newest-wins-original,synthetic,lalm,23,23,13,500,all,correct,75,0.6666666666666666,jobs\93af49674d24\runs\20261003T182911Z_synthetic\predictions.jsonl
newest-wins-original,synthetic,lalm,23,23,13,500,stable_fact,correct,8,1.0,jobs\93af49674d24\runs\20261003T182911Z_synthetic\predictions.jsonl
newest-wins-original,synthetic,lalm,23,23,13,500,correction,correct,8,0.875,jobs\93af49674d24\runs\20261003T182911Z_synthetic\predictions.jsonl
newest-wins-original,synthetic,lalm,23,23,13,500,repeated_fact,correct,8,1.0,jobs\93af49674d24\runs\20261003T182911Z_synthetic\predictions.jsonl
newest-wins-original,synthetic,lalm,23,23,13,500,contradictory_update,correct,8,1.0,jobs\93af49674d24\runs\20261003T182911Z_synthetic\predictions.jsonl
newest-wins-original,synthetic,lalm,23,23,13,500,boolean,correct,8,0.0,jobs\93af49674d24\runs\20261003T182911Z_synthetic\predictions.jsonl
newest-wins-original,synthetic,lalm,23,23,13,500,goal,correct,7,0.8571428571428571,jobs\93af49674d24\runs\20261003T182911Z_synthetic\predictions.jsonl
newest-wins-original,synthetic,lalm,23,23,13,500,response_style,correct,7,0.5714285714285714,jobs\93af49674d24\runs\20261003T182911Z_synthetic\predictions.jsonl
newest-wins-original,synthetic,lalm,23,23,13,500,temporal,correct,7,0.5714285714285714,jobs\93af49674d24\runs\20261003T182911Z_synthetic\predictions.jsonl
newest-wins-original,synthetic,lalm,23,23,13,500,multi_fact,correct,7,0.0,jobs\93af49674d24\runs\20261003T182911Z_synthetic\predictions.jsonl
newest-wins-original,synthetic,lalm,23,23,13,500,paraphrase,correct,7,0.7142857142857143,jobs\93af49674d24\runs\20261003T182911Z_synthetic\predictions.jsonl
newest-wins-original,synthetic,lalm,23,23,13,1000,all,correct,50,0.66,jobs\93af49674d24\runs\20261003T182911Z_synthetic\predictions.jsonl
newest-wins-original,synthetic,lalm,23,23,13,1000,stable_fact,correct,5,1.0,jobs\93af49674d24\runs\20261003T182911Z_synthetic\predictions.jsonl
newest-wins-original,synthetic,lalm,23,23,13,1000,correction,correct,5,1.0,jobs\93af49674d24\runs\20261003T182911Z_synthetic\predictions.jsonl
newest-wins-original,synthetic,lalm,23,23,13,1000,repeated_fact,correct,5,1.0,jobs\93af49674d24\runs\20261003T182911Z_synthetic\predictions.jsonl
newest-wins-original,synthetic,lalm,23,23,13,1000,contradictory_update,correct,5,1.0,jobs\93af49674d24\runs\20261003T182911Z_synthetic\predictions.jsonl
newest-wins-original,synthetic,lalm,23,23,13,1000,boolean,correct,5,0.0,jobs\93af49674d24\runs\20261003T182911Z_synthetic\predictions.jsonl
newest-wins-original,synthetic,lalm,23,23,13,1000,goal,correct,5,1.0,jobs\93af49674d24\runs\20261003T182911Z_synthetic\predictions.jsonl
newest-wins-original,synthetic,lalm,23,23,13,1000,response_style,correct,5,0.2,jobs\93af49674d24\runs\20261003T182911Z_synthetic\predictions.jsonl
newest-wins-original,synthetic,lalm,23,23,13,1000,temporal,correct,5,0.6,jobs\93af49674d24\runs\20261003T182911Z_synthetic\predictions.jsonl
newest-wins-original,synthetic,lalm,23,23,13,1000,multi_fact,correct,5,0.0,jobs\93af49674d24\runs\20261003T182911Z_synthetic\predictions.jsonl
newest-wins-original,synthetic,lalm,23,23,13,1000,paraphrase,correct,5,0.8,jobs\93af49674d24\runs\20261003T182911Z_synthetic\predictions.jsonl
newest-wins-original,synthetic,lalm,23,23,13,5000,all,correct,50,0.76,jobs\93af49674d24\runs\20261003T182911Z_synthetic\predictions.jsonl
newest-wins-original,synthetic,lalm,23,23,13,5000,stable_fact,correct,5,1.0,jobs\93af49674d24\runs\20261003T182911Z_synthetic\predictions.jsonl
newest-wins-original,synthetic,lalm,23,23,13,5000,correction,correct,5,1.0,jobs\93af49674d24\runs\20261003T182911Z_synthetic\predictions.jsonl
newest-wins-original,synthetic,lalm,23,23,13,5000,repeated_fact,correct,5,1.0,jobs\93af49674d24\runs\20261003T182911Z_synthetic\predictions.jsonl
newest-wins-original,synthetic,lalm,23,23,13,5000,contradictory_update,correct,5,1.0,jobs\93af49674d24\runs\20261003T182911Z_synthetic\predictions.jsonl
newest-wins-original,synthetic,lalm,23,23,13,5000,boolean,correct,5,0.0,jobs\93af49674d24\runs\20261003T182911Z_synthetic\predictions.jsonl
newest-wins-original,synthetic,lalm,23,23,13,5000,goal,correct,5,1.0,jobs\93af49674d24\runs\20261003T182911Z_synthetic\predictions.jsonl
newest-wins-original,synthetic,lalm,23,23,13,5000,response_style,correct,5,0.6,jobs\93af49674d24\runs\20261003T182911Z_synthetic\predictions.jsonl
newest-wins-original,synthetic,lalm,23,23,13,5000,temporal,correct,5,1.0,jobs\93af49674d24\runs\20261003T182911Z_synthetic\predictions.jsonl
newest-wins-original,synthetic,lalm,23,23,13,5000,multi_fact,correct,5,0.0,jobs\93af49674d24\runs\20261003T182911Z_synthetic\predictions.jsonl
newest-wins-original,synthetic,lalm,23,23,13,5000,paraphrase,correct,5,1.0,jobs\93af49674d24\runs\20261003T182911Z_synthetic\predictions.jsonl
newest-wins-cue_free,synthetic,lalm,13,13,17,1000,all,correct,50,0.58,jobs\9fd7a074df64\runs\20261003T203037Z_synthetic\predictions.jsonl
newest-wins-cue_free,synthetic,lalm,13,13,17,1000,stable_fact,correct,5,1.0,jobs\9fd7a074df64\runs\20261003T203037Z_synthetic\predictions.jsonl
newest-wins-cue_free,synthetic,lalm,13,13,17,1000,correction,correct,5,0.0,jobs\9fd7a074df64\runs\20261003T203037Z_synthetic\predictions.jsonl
newest-wins-cue_free,synthetic,lalm,13,13,17,1000,repeated_fact,correct,5,1.0,jobs\9fd7a074df64\runs\20261003T203037Z_synthetic\predictions.jsonl
newest-wins-cue_free,synthetic,lalm,13,13,17,1000,contradictory_update,correct,5,0.0,jobs\9fd7a074df64\runs\20261003T203037Z_synthetic\predictions.jsonl
newest-wins-cue_free,synthetic,lalm,13,13,17,1000,boolean,correct,5,0.0,jobs\9fd7a074df64\runs\20261003T203037Z_synthetic\predictions.jsonl
newest-wins-cue_free,synthetic,lalm,13,13,17,1000,goal,correct,5,1.0,jobs\9fd7a074df64\runs\20261003T203037Z_synthetic\predictions.jsonl
newest-wins-cue_free,synthetic,lalm,13,13,17,1000,response_style,correct,5,0.8,jobs\9fd7a074df64\runs\20261003T203037Z_synthetic\predictions.jsonl
newest-wins-cue_free,synthetic,lalm,13,13,17,1000,temporal,correct,5,1.0,jobs\9fd7a074df64\runs\20261003T203037Z_synthetic\predictions.jsonl
newest-wins-cue_free,synthetic,lalm,13,13,17,1000,multi_fact,correct,5,0.0,jobs\9fd7a074df64\runs\20261003T203037Z_synthetic\predictions.jsonl
newest-wins-cue_free,synthetic,lalm,13,13,17,1000,paraphrase,correct,5,1.0,jobs\9fd7a074df64\runs\20261003T203037Z_synthetic\predictions.jsonl
newest-wins-cue_free,synthetic,lalm,13,13,17,5000,all,correct,50,0.62,jobs\9fd7a074df64\runs\20261003T203037Z_synthetic\predictions.jsonl
newest-wins-cue_free,synthetic,lalm,13,13,17,5000,stable_fact,correct,5,1.0,jobs\9fd7a074df64\runs\20261003T203037Z_synthetic\predictions.jsonl
newest-wins-cue_free,synthetic,lalm,13,13,17,5000,correction,correct,5,0.0,jobs\9fd7a074df64\runs\20261003T203037Z_synthetic\predictions.jsonl
newest-wins-cue_free,synthetic,lalm,13,13,17,5000,repeated_fact,correct,5,1.0,jobs\9fd7a074df64\runs\20261003T203037Z_synthetic\predictions.jsonl
newest-wins-cue_free,synthetic,lalm,13,13,17,5000,contradictory_update,correct,5,0.2,jobs\9fd7a074df64\runs\20261003T203037Z_synthetic\predictions.jsonl
newest-wins-cue_free,synthetic,lalm,13,13,17,5000,boolean,correct,5,0.0,jobs\9fd7a074df64\runs\20261003T203037Z_synthetic\predictions.jsonl
newest-wins-cue_free,synthetic,lalm,13,13,17,5000,goal,correct,5,1.0,jobs\9fd7a074df64\runs\20261003T203037Z_synthetic\predictions.jsonl
newest-wins-cue_free,synthetic,lalm,13,13,17,5000,response_style,correct,5,1.0,jobs\9fd7a074df64\runs\20261003T203037Z_synthetic\predictions.jsonl
newest-wins-cue_free,synthetic,lalm,13,13,17,5000,temporal,correct,5,1.0,jobs\9fd7a074df64\runs\20261003T203037Z_synthetic\predictions.jsonl
newest-wins-cue_free,synthetic,lalm,13,13,17,5000,multi_fact,correct,5,0.0,jobs\9fd7a074df64\runs\20261003T203037Z_synthetic\predictions.jsonl
newest-wins-cue_free,synthetic,lalm,13,13,17,5000,paraphrase,correct,5,1.0,jobs\9fd7a074df64\runs\20261003T203037Z_synthetic\predictions.jsonl
newest-wins-cue_free,synthetic,lalm,23,23,17,1000,all,correct,50,0.52,jobs\a46d8fd18893\runs\20261003T203547Z_synthetic\predictions.jsonl
newest-wins-cue_free,synthetic,lalm,23,23,17,1000,stable_fact,correct,5,1.0,jobs\a46d8fd18893\runs\20261003T203547Z_synthetic\predictions.jsonl
newest-wins-cue_free,synthetic,lalm,23,23,17,1000,correction,correct,5,0.2,jobs\a46d8fd18893\runs\20261003T203547Z_synthetic\predictions.jsonl
newest-wins-cue_free,synthetic,lalm,23,23,17,1000,repeated_fact,correct,5,1.0,jobs\a46d8fd18893\runs\20261003T203547Z_synthetic\predictions.jsonl
newest-wins-cue_free,synthetic,lalm,23,23,17,1000,contradictory_update,correct,5,0.0,jobs\a46d8fd18893\runs\20261003T203547Z_synthetic\predictions.jsonl
newest-wins-cue_free,synthetic,lalm,23,23,17,1000,boolean,correct,5,0.0,jobs\a46d8fd18893\runs\20261003T203547Z_synthetic\predictions.jsonl
newest-wins-cue_free,synthetic,lalm,23,23,17,1000,goal,correct,5,1.0,jobs\a46d8fd18893\runs\20261003T203547Z_synthetic\predictions.jsonl
newest-wins-cue_free,synthetic,lalm,23,23,17,1000,response_style,correct,5,0.8,jobs\a46d8fd18893\runs\20261003T203547Z_synthetic\predictions.jsonl
newest-wins-cue_free,synthetic,lalm,23,23,17,1000,temporal,correct,5,0.4,jobs\a46d8fd18893\runs\20261003T203547Z_synthetic\predictions.jsonl
newest-wins-cue_free,synthetic,lalm,23,23,17,1000,multi_fact,correct,5,0.0,jobs\a46d8fd18893\runs\20261003T203547Z_synthetic\predictions.jsonl
newest-wins-cue_free,synthetic,lalm,23,23,17,1000,paraphrase,correct,5,0.8,jobs\a46d8fd18893\runs\20261003T203547Z_synthetic\predictions.jsonl
newest-wins-cue_free,synthetic,lalm,23,23,17,5000,all,correct,50,0.58,jobs\a46d8fd18893\runs\20261003T203547Z_synthetic\predictions.jsonl
newest-wins-cue_free,synthetic,lalm,23,23,17,5000,stable_fact,correct,5,1.0,jobs\a46d8fd18893\runs\20261003T203547Z_synthetic\predictions.jsonl
newest-wins-cue_free,synthetic,lalm,23,23,17,5000,correction,correct,5,0.0,jobs\a46d8fd18893\runs\20261003T203547Z_synthetic\predictions.jsonl
newest-wins-cue_free,synthetic,lalm,23,23,17,5000,repeated_fact,correct,5,1.0,jobs\a46d8fd18893\runs\20261003T203547Z_synthetic\predictions.jsonl
newest-wins-cue_free,synthetic,lalm,23,23,17,5000,contradictory_update,correct,5,0.2,jobs\a46d8fd18893\runs\20261003T203547Z_synthetic\predictions.jsonl
newest-wins-cue_free,synthetic,lalm,23,23,17,5000,boolean,correct,5,0.0,jobs\a46d8fd18893\runs\20261003T203547Z_synthetic\predictions.jsonl
newest-wins-cue_free,synthetic,lalm,23,23,17,5000,goal,correct,5,1.0,jobs\a46d8fd18893\runs\20261003T203547Z_synthetic\predictions.jsonl
newest-wins-cue_free,synthetic,lalm,23,23,17,5000,response_style,correct,5,1.0,jobs\a46d8fd18893\runs\20261003T203547Z_synthetic\predictions.jsonl
newest-wins-cue_free,synthetic,lalm,23,23,17,5000,temporal,correct,5,0.8,jobs\a46d8fd18893\runs\20261003T203547Z_synthetic\predictions.jsonl
newest-wins-cue_free,synthetic,lalm,23,23,17,5000,multi_fact,correct,5,0.0,jobs\a46d8fd18893\runs\20261003T203547Z_synthetic\predictions.jsonl
newest-wins-cue_free,synthetic,lalm,23,23,17,5000,paraphrase,correct,5,0.8,jobs\a46d8fd18893\runs\20261003T203547Z_synthetic\predictions.jsonl
newest-wins-original,longmemeval,lalm,41,41,7,,all,token_f1_diagnostic,450,0.20619958280661205,jobs\a89cf327ab44\runs\20261003T211903Z_longmemeval\predictions.jsonl
newest-wins-original,longmemeval,lalm,41,41,7,,single-session-user,token_f1_diagnostic,20,0.40690497653884383,jobs\a89cf327ab44\runs\20261003T211903Z_longmemeval\predictions.jsonl
newest-wins-original,longmemeval,lalm,41,41,7,,all,correct,450,0.13111111111111112,jobs\a89cf327ab44\runs\20261003T211903Z_longmemeval\predictions.jsonl
newest-wins-original,longmemeval,lalm,41,41,7,,single-session-user,correct,20,0.3,jobs\a89cf327ab44\runs\20261003T211903Z_longmemeval\predictions.jsonl
newest-wins-original,longmemeval,lalm,41,41,7,,multi-session,token_f1_diagnostic,133,0.12136972306448653,jobs\a89cf327ab44\runs\20261003T211903Z_longmemeval\predictions.jsonl
newest-wins-original,longmemeval,lalm,41,41,7,,multi-session,correct,133,0.08270676691729323,jobs\a89cf327ab44\runs\20261003T211903Z_longmemeval\predictions.jsonl
newest-wins-original,longmemeval,lalm,41,41,7,,single-session-preference,token_f1_diagnostic,30,0.044029597386984726,jobs\a89cf327ab44\runs\20261003T211903Z_longmemeval\predictions.jsonl
newest-wins-original,longmemeval,lalm,41,41,7,,single-session-preference,correct,30,0.0,jobs\a89cf327ab44\runs\20261003T211903Z_longmemeval\predictions.jsonl
newest-wins-original,longmemeval,lalm,41,41,7,,temporal-reasoning,token_f1_diagnostic,133,0.1304471902316589,jobs\a89cf327ab44\runs\20261003T211903Z_longmemeval\predictions.jsonl
newest-wins-original,longmemeval,lalm,41,41,7,,temporal-reasoning,correct,133,0.06015037593984962,jobs\a89cf327ab44\runs\20261003T211903Z_longmemeval\predictions.jsonl
newest-wins-original,longmemeval,lalm,41,41,7,,knowledge-update,token_f1_diagnostic,78,0.32186877450035345,jobs\a89cf327ab44\runs\20261003T211903Z_longmemeval\predictions.jsonl
newest-wins-original,longmemeval,lalm,41,41,7,,knowledge-update,correct,78,0.21794871794871795,jobs\a89cf327ab44\runs\20261003T211903Z_longmemeval\predictions.jsonl
newest-wins-original,longmemeval,lalm,41,41,7,,single-session-assistant,token_f1_diagnostic,56,0.4416680523423944,jobs\a89cf327ab44\runs\20261003T211903Z_longmemeval\predictions.jsonl
newest-wins-original,longmemeval,lalm,41,41,7,,single-session-assistant,correct,56,0.30357142857142855,jobs\a89cf327ab44\runs\20261003T211903Z_longmemeval\predictions.jsonl
newest-wins-original,synthetic,lalm,13,13,13,100,all,correct,100,0.83,jobs\aa7d3bd3ee37\runs\20261003T182232Z_synthetic\predictions.jsonl
newest-wins-original,synthetic,lalm,13,13,13,100,stable_fact,correct,10,1.0,jobs\aa7d3bd3ee37\runs\20261003T182232Z_synthetic\predictions.jsonl
newest-wins-original,synthetic,lalm,13,13,13,100,correction,correct,10,1.0,jobs\aa7d3bd3ee37\runs\20261003T182232Z_synthetic\predictions.jsonl
newest-wins-original,synthetic,lalm,13,13,13,100,repeated_fact,correct,10,1.0,jobs\aa7d3bd3ee37\runs\20261003T182232Z_synthetic\predictions.jsonl
newest-wins-original,synthetic,lalm,13,13,13,100,contradictory_update,correct,10,1.0,jobs\aa7d3bd3ee37\runs\20261003T182232Z_synthetic\predictions.jsonl
newest-wins-original,synthetic,lalm,13,13,13,100,boolean,correct,10,0.5,jobs\aa7d3bd3ee37\runs\20261003T182232Z_synthetic\predictions.jsonl
newest-wins-original,synthetic,lalm,13,13,13,100,goal,correct,10,1.0,jobs\aa7d3bd3ee37\runs\20261003T182232Z_synthetic\predictions.jsonl
newest-wins-original,synthetic,lalm,13,13,13,100,response_style,correct,10,0.8,jobs\aa7d3bd3ee37\runs\20261003T182232Z_synthetic\predictions.jsonl
newest-wins-original,synthetic,lalm,13,13,13,100,temporal,correct,10,1.0,jobs\aa7d3bd3ee37\runs\20261003T182232Z_synthetic\predictions.jsonl
newest-wins-original,synthetic,lalm,13,13,13,100,multi_fact,correct,10,0.0,jobs\aa7d3bd3ee37\runs\20261003T182232Z_synthetic\predictions.jsonl
newest-wins-original,synthetic,lalm,13,13,13,100,paraphrase,correct,10,1.0,jobs\aa7d3bd3ee37\runs\20261003T182232Z_synthetic\predictions.jsonl
newest-wins-original,synthetic,lalm,13,13,13,500,all,correct,75,0.7333333333333333,jobs\aa7d3bd3ee37\runs\20261003T182232Z_synthetic\predictions.jsonl
newest-wins-original,synthetic,lalm,13,13,13,500,stable_fact,correct,8,1.0,jobs\aa7d3bd3ee37\runs\20261003T182232Z_synthetic\predictions.jsonl
newest-wins-original,synthetic,lalm,13,13,13,500,correction,correct,8,0.75,jobs\aa7d3bd3ee37\runs\20261003T182232Z_synthetic\predictions.jsonl
newest-wins-original,synthetic,lalm,13,13,13,500,repeated_fact,correct,8,1.0,jobs\aa7d3bd3ee37\runs\20261003T182232Z_synthetic\predictions.jsonl
newest-wins-original,synthetic,lalm,13,13,13,500,contradictory_update,correct,8,1.0,jobs\aa7d3bd3ee37\runs\20261003T182232Z_synthetic\predictions.jsonl
newest-wins-original,synthetic,lalm,13,13,13,500,boolean,correct,8,0.0,jobs\aa7d3bd3ee37\runs\20261003T182232Z_synthetic\predictions.jsonl
newest-wins-original,synthetic,lalm,13,13,13,500,goal,correct,7,1.0,jobs\aa7d3bd3ee37\runs\20261003T182232Z_synthetic\predictions.jsonl
newest-wins-original,synthetic,lalm,13,13,13,500,response_style,correct,7,0.5714285714285714,jobs\aa7d3bd3ee37\runs\20261003T182232Z_synthetic\predictions.jsonl
newest-wins-original,synthetic,lalm,13,13,13,500,temporal,correct,7,1.0,jobs\aa7d3bd3ee37\runs\20261003T182232Z_synthetic\predictions.jsonl
newest-wins-original,synthetic,lalm,13,13,13,500,multi_fact,correct,7,0.0,jobs\aa7d3bd3ee37\runs\20261003T182232Z_synthetic\predictions.jsonl
newest-wins-original,synthetic,lalm,13,13,13,500,paraphrase,correct,7,1.0,jobs\aa7d3bd3ee37\runs\20261003T182232Z_synthetic\predictions.jsonl
newest-wins-original,synthetic,lalm,13,13,13,1000,all,correct,50,0.76,jobs\aa7d3bd3ee37\runs\20261003T182232Z_synthetic\predictions.jsonl
newest-wins-original,synthetic,lalm,13,13,13,1000,stable_fact,correct,5,1.0,jobs\aa7d3bd3ee37\runs\20261003T182232Z_synthetic\predictions.jsonl
newest-wins-original,synthetic,lalm,13,13,13,1000,correction,correct,5,0.8,jobs\aa7d3bd3ee37\runs\20261003T182232Z_synthetic\predictions.jsonl
newest-wins-original,synthetic,lalm,13,13,13,1000,repeated_fact,correct,5,1.0,jobs\aa7d3bd3ee37\runs\20261003T182232Z_synthetic\predictions.jsonl
newest-wins-original,synthetic,lalm,13,13,13,1000,contradictory_update,correct,5,1.0,jobs\aa7d3bd3ee37\runs\20261003T182232Z_synthetic\predictions.jsonl
newest-wins-original,synthetic,lalm,13,13,13,1000,boolean,correct,5,0.4,jobs\aa7d3bd3ee37\runs\20261003T182232Z_synthetic\predictions.jsonl
newest-wins-original,synthetic,lalm,13,13,13,1000,goal,correct,5,1.0,jobs\aa7d3bd3ee37\runs\20261003T182232Z_synthetic\predictions.jsonl
newest-wins-original,synthetic,lalm,13,13,13,1000,response_style,correct,5,0.4,jobs\aa7d3bd3ee37\runs\20261003T182232Z_synthetic\predictions.jsonl
newest-wins-original,synthetic,lalm,13,13,13,1000,temporal,correct,5,1.0,jobs\aa7d3bd3ee37\runs\20261003T182232Z_synthetic\predictions.jsonl
newest-wins-original,synthetic,lalm,13,13,13,1000,multi_fact,correct,5,0.0,jobs\aa7d3bd3ee37\runs\20261003T182232Z_synthetic\predictions.jsonl
newest-wins-original,synthetic,lalm,13,13,13,1000,paraphrase,correct,5,1.0,jobs\aa7d3bd3ee37\runs\20261003T182232Z_synthetic\predictions.jsonl
newest-wins-original,synthetic,lalm,13,13,13,5000,all,correct,50,0.76,jobs\aa7d3bd3ee37\runs\20261003T182232Z_synthetic\predictions.jsonl
newest-wins-original,synthetic,lalm,13,13,13,5000,stable_fact,correct,5,1.0,jobs\aa7d3bd3ee37\runs\20261003T182232Z_synthetic\predictions.jsonl
newest-wins-original,synthetic,lalm,13,13,13,5000,correction,correct,5,1.0,jobs\aa7d3bd3ee37\runs\20261003T182232Z_synthetic\predictions.jsonl
newest-wins-original,synthetic,lalm,13,13,13,5000,repeated_fact,correct,5,1.0,jobs\aa7d3bd3ee37\runs\20261003T182232Z_synthetic\predictions.jsonl
newest-wins-original,synthetic,lalm,13,13,13,5000,contradictory_update,correct,5,1.0,jobs\aa7d3bd3ee37\runs\20261003T182232Z_synthetic\predictions.jsonl
newest-wins-original,synthetic,lalm,13,13,13,5000,boolean,correct,5,0.0,jobs\aa7d3bd3ee37\runs\20261003T182232Z_synthetic\predictions.jsonl
newest-wins-original,synthetic,lalm,13,13,13,5000,goal,correct,5,1.0,jobs\aa7d3bd3ee37\runs\20261003T182232Z_synthetic\predictions.jsonl
newest-wins-original,synthetic,lalm,13,13,13,5000,response_style,correct,5,0.6,jobs\aa7d3bd3ee37\runs\20261003T182232Z_synthetic\predictions.jsonl
newest-wins-original,synthetic,lalm,13,13,13,5000,temporal,correct,5,1.0,jobs\aa7d3bd3ee37\runs\20261003T182232Z_synthetic\predictions.jsonl
newest-wins-original,synthetic,lalm,13,13,13,5000,multi_fact,correct,5,0.0,jobs\aa7d3bd3ee37\runs\20261003T182232Z_synthetic\predictions.jsonl
newest-wins-original,synthetic,lalm,13,13,13,5000,paraphrase,correct,5,1.0,jobs\aa7d3bd3ee37\runs\20261003T182232Z_synthetic\predictions.jsonl
newest-wins-original,synthetic,lalm,7,7,17,100,all,correct,100,0.72,jobs\ab835b8f333c\runs\20261003T185234Z_synthetic\predictions.jsonl
newest-wins-original,synthetic,lalm,7,7,17,100,stable_fact,correct,10,1.0,jobs\ab835b8f333c\runs\20261003T185234Z_synthetic\predictions.jsonl
newest-wins-original,synthetic,lalm,7,7,17,100,correction,correct,10,0.9,jobs\ab835b8f333c\runs\20261003T185234Z_synthetic\predictions.jsonl
newest-wins-original,synthetic,lalm,7,7,17,100,repeated_fact,correct,10,1.0,jobs\ab835b8f333c\runs\20261003T185234Z_synthetic\predictions.jsonl
newest-wins-original,synthetic,lalm,7,7,17,100,contradictory_update,correct,10,0.9,jobs\ab835b8f333c\runs\20261003T185234Z_synthetic\predictions.jsonl
newest-wins-original,synthetic,lalm,7,7,17,100,boolean,correct,10,0.0,jobs\ab835b8f333c\runs\20261003T185234Z_synthetic\predictions.jsonl
newest-wins-original,synthetic,lalm,7,7,17,100,goal,correct,10,1.0,jobs\ab835b8f333c\runs\20261003T185234Z_synthetic\predictions.jsonl
newest-wins-original,synthetic,lalm,7,7,17,100,response_style,correct,10,0.8,jobs\ab835b8f333c\runs\20261003T185234Z_synthetic\predictions.jsonl
newest-wins-original,synthetic,lalm,7,7,17,100,temporal,correct,10,0.6,jobs\ab835b8f333c\runs\20261003T185234Z_synthetic\predictions.jsonl
newest-wins-original,synthetic,lalm,7,7,17,100,multi_fact,correct,10,0.0,jobs\ab835b8f333c\runs\20261003T185234Z_synthetic\predictions.jsonl
newest-wins-original,synthetic,lalm,7,7,17,100,paraphrase,correct,10,1.0,jobs\ab835b8f333c\runs\20261003T185234Z_synthetic\predictions.jsonl
newest-wins-original,synthetic,lalm,7,7,17,500,all,correct,75,0.7466666666666667,jobs\ab835b8f333c\runs\20261003T185234Z_synthetic\predictions.jsonl
newest-wins-original,synthetic,lalm,7,7,17,500,stable_fact,correct,8,1.0,jobs\ab835b8f333c\runs\20261003T185234Z_synthetic\predictions.jsonl
newest-wins-original,synthetic,lalm,7,7,17,500,correction,correct,8,0.75,jobs\ab835b8f333c\runs\20261003T185234Z_synthetic\predictions.jsonl
newest-wins-original,synthetic,lalm,7,7,17,500,repeated_fact,correct,8,1.0,jobs\ab835b8f333c\runs\20261003T185234Z_synthetic\predictions.jsonl
newest-wins-original,synthetic,lalm,7,7,17,500,contradictory_update,correct,8,0.75,jobs\ab835b8f333c\runs\20261003T185234Z_synthetic\predictions.jsonl
newest-wins-original,synthetic,lalm,7,7,17,500,boolean,correct,8,0.125,jobs\ab835b8f333c\runs\20261003T185234Z_synthetic\predictions.jsonl
newest-wins-original,synthetic,lalm,7,7,17,500,goal,correct,7,1.0,jobs\ab835b8f333c\runs\20261003T185234Z_synthetic\predictions.jsonl
newest-wins-original,synthetic,lalm,7,7,17,500,response_style,correct,7,0.8571428571428571,jobs\ab835b8f333c\runs\20261003T185234Z_synthetic\predictions.jsonl
newest-wins-original,synthetic,lalm,7,7,17,500,temporal,correct,7,1.0,jobs\ab835b8f333c\runs\20261003T185234Z_synthetic\predictions.jsonl
newest-wins-original,synthetic,lalm,7,7,17,500,multi_fact,correct,7,0.0,jobs\ab835b8f333c\runs\20261003T185234Z_synthetic\predictions.jsonl
newest-wins-original,synthetic,lalm,7,7,17,500,paraphrase,correct,7,1.0,jobs\ab835b8f333c\runs\20261003T185234Z_synthetic\predictions.jsonl
newest-wins-original,synthetic,lalm,7,7,17,1000,all,correct,50,0.76,jobs\ab835b8f333c\runs\20261003T185234Z_synthetic\predictions.jsonl
newest-wins-original,synthetic,lalm,7,7,17,1000,stable_fact,correct,5,1.0,jobs\ab835b8f333c\runs\20261003T185234Z_synthetic\predictions.jsonl
newest-wins-original,synthetic,lalm,7,7,17,1000,correction,correct,5,0.8,jobs\ab835b8f333c\runs\20261003T185234Z_synthetic\predictions.jsonl
newest-wins-original,synthetic,lalm,7,7,17,1000,repeated_fact,correct,5,1.0,jobs\ab835b8f333c\runs\20261003T185234Z_synthetic\predictions.jsonl
newest-wins-original,synthetic,lalm,7,7,17,1000,contradictory_update,correct,5,1.0,jobs\ab835b8f333c\runs\20261003T185234Z_synthetic\predictions.jsonl
newest-wins-original,synthetic,lalm,7,7,17,1000,boolean,correct,5,0.2,jobs\ab835b8f333c\runs\20261003T185234Z_synthetic\predictions.jsonl
newest-wins-original,synthetic,lalm,7,7,17,1000,goal,correct,5,1.0,jobs\ab835b8f333c\runs\20261003T185234Z_synthetic\predictions.jsonl
newest-wins-original,synthetic,lalm,7,7,17,1000,response_style,correct,5,0.8,jobs\ab835b8f333c\runs\20261003T185234Z_synthetic\predictions.jsonl
newest-wins-original,synthetic,lalm,7,7,17,1000,temporal,correct,5,1.0,jobs\ab835b8f333c\runs\20261003T185234Z_synthetic\predictions.jsonl
newest-wins-original,synthetic,lalm,7,7,17,1000,multi_fact,correct,5,0.0,jobs\ab835b8f333c\runs\20261003T185234Z_synthetic\predictions.jsonl
newest-wins-original,synthetic,lalm,7,7,17,1000,paraphrase,correct,5,0.8,jobs\ab835b8f333c\runs\20261003T185234Z_synthetic\predictions.jsonl
newest-wins-original,synthetic,lalm,7,7,17,5000,all,correct,50,0.74,jobs\ab835b8f333c\runs\20261003T185234Z_synthetic\predictions.jsonl
newest-wins-original,synthetic,lalm,7,7,17,5000,stable_fact,correct,5,1.0,jobs\ab835b8f333c\runs\20261003T185234Z_synthetic\predictions.jsonl
newest-wins-original,synthetic,lalm,7,7,17,5000,correction,correct,5,0.8,jobs\ab835b8f333c\runs\20261003T185234Z_synthetic\predictions.jsonl
newest-wins-original,synthetic,lalm,7,7,17,5000,repeated_fact,correct,5,1.0,jobs\ab835b8f333c\runs\20261003T185234Z_synthetic\predictions.jsonl
newest-wins-original,synthetic,lalm,7,7,17,5000,contradictory_update,correct,5,1.0,jobs\ab835b8f333c\runs\20261003T185234Z_synthetic\predictions.jsonl
newest-wins-original,synthetic,lalm,7,7,17,5000,boolean,correct,5,0.2,jobs\ab835b8f333c\runs\20261003T185234Z_synthetic\predictions.jsonl
newest-wins-original,synthetic,lalm,7,7,17,5000,goal,correct,5,1.0,jobs\ab835b8f333c\runs\20261003T185234Z_synthetic\predictions.jsonl
newest-wins-original,synthetic,lalm,7,7,17,5000,response_style,correct,5,0.6,jobs\ab835b8f333c\runs\20261003T185234Z_synthetic\predictions.jsonl
newest-wins-original,synthetic,lalm,7,7,17,5000,temporal,correct,5,0.8,jobs\ab835b8f333c\runs\20261003T185234Z_synthetic\predictions.jsonl
newest-wins-original,synthetic,lalm,7,7,17,5000,multi_fact,correct,5,0.0,jobs\ab835b8f333c\runs\20261003T185234Z_synthetic\predictions.jsonl
newest-wins-original,synthetic,lalm,7,7,17,5000,paraphrase,correct,5,1.0,jobs\ab835b8f333c\runs\20261003T185234Z_synthetic\predictions.jsonl
newest-wins-original,synthetic,lalm,37,37,17,100,all,correct,100,0.72,jobs\b0962f286999\runs\20261003T191238Z_synthetic\predictions.jsonl
newest-wins-original,synthetic,lalm,37,37,17,100,stable_fact,correct,10,1.0,jobs\b0962f286999\runs\20261003T191238Z_synthetic\predictions.jsonl
newest-wins-original,synthetic,lalm,37,37,17,100,correction,correct,10,0.2,jobs\b0962f286999\runs\20261003T191238Z_synthetic\predictions.jsonl
newest-wins-original,synthetic,lalm,37,37,17,100,repeated_fact,correct,10,1.0,jobs\b0962f286999\runs\20261003T191238Z_synthetic\predictions.jsonl
newest-wins-original,synthetic,lalm,37,37,17,100,contradictory_update,correct,10,0.6,jobs\b0962f286999\runs\20261003T191238Z_synthetic\predictions.jsonl
newest-wins-original,synthetic,lalm,37,37,17,100,boolean,correct,10,0.6,jobs\b0962f286999\runs\20261003T191238Z_synthetic\predictions.jsonl
newest-wins-original,synthetic,lalm,37,37,17,100,goal,correct,10,1.0,jobs\b0962f286999\runs\20261003T191238Z_synthetic\predictions.jsonl
newest-wins-original,synthetic,lalm,37,37,17,100,response_style,correct,10,0.9,jobs\b0962f286999\runs\20261003T191238Z_synthetic\predictions.jsonl
newest-wins-original,synthetic,lalm,37,37,17,100,temporal,correct,10,0.9,jobs\b0962f286999\runs\20261003T191238Z_synthetic\predictions.jsonl
newest-wins-original,synthetic,lalm,37,37,17,100,multi_fact,correct,10,0.0,jobs\b0962f286999\runs\20261003T191238Z_synthetic\predictions.jsonl
newest-wins-original,synthetic,lalm,37,37,17,100,paraphrase,correct,10,1.0,jobs\b0962f286999\runs\20261003T191238Z_synthetic\predictions.jsonl
newest-wins-original,synthetic,lalm,37,37,17,500,all,correct,75,0.6533333333333333,jobs\b0962f286999\runs\20261003T191238Z_synthetic\predictions.jsonl
newest-wins-original,synthetic,lalm,37,37,17,500,stable_fact,correct,8,1.0,jobs\b0962f286999\runs\20261003T191238Z_synthetic\predictions.jsonl
newest-wins-original,synthetic,lalm,37,37,17,500,correction,correct,8,0.125,jobs\b0962f286999\runs\20261003T191238Z_synthetic\predictions.jsonl
newest-wins-original,synthetic,lalm,37,37,17,500,repeated_fact,correct,8,1.0,jobs\b0962f286999\runs\20261003T191238Z_synthetic\predictions.jsonl
newest-wins-original,synthetic,lalm,37,37,17,500,contradictory_update,correct,8,0.375,jobs\b0962f286999\runs\20261003T191238Z_synthetic\predictions.jsonl
newest-wins-original,synthetic,lalm,37,37,17,500,boolean,correct,8,0.5,jobs\b0962f286999\runs\20261003T191238Z_synthetic\predictions.jsonl
newest-wins-original,synthetic,lalm,37,37,17,500,goal,correct,7,1.0,jobs\b0962f286999\runs\20261003T191238Z_synthetic\predictions.jsonl
newest-wins-original,synthetic,lalm,37,37,17,500,response_style,correct,7,0.8571428571428571,jobs\b0962f286999\runs\20261003T191238Z_synthetic\predictions.jsonl
newest-wins-original,synthetic,lalm,37,37,17,500,temporal,correct,7,0.7142857142857143,jobs\b0962f286999\runs\20261003T191238Z_synthetic\predictions.jsonl
newest-wins-original,synthetic,lalm,37,37,17,500,multi_fact,correct,7,0.0,jobs\b0962f286999\runs\20261003T191238Z_synthetic\predictions.jsonl
newest-wins-original,synthetic,lalm,37,37,17,500,paraphrase,correct,7,1.0,jobs\b0962f286999\runs\20261003T191238Z_synthetic\predictions.jsonl
newest-wins-original,synthetic,lalm,37,37,17,1000,all,correct,50,0.76,jobs\b0962f286999\runs\20261003T191238Z_synthetic\predictions.jsonl
newest-wins-original,synthetic,lalm,37,37,17,1000,stable_fact,correct,5,1.0,jobs\b0962f286999\runs\20261003T191238Z_synthetic\predictions.jsonl
newest-wins-original,synthetic,lalm,37,37,17,1000,correction,correct,5,0.4,jobs\b0962f286999\runs\20261003T191238Z_synthetic\predictions.jsonl
newest-wins-original,synthetic,lalm,37,37,17,1000,repeated_fact,correct,5,1.0,jobs\b0962f286999\runs\20261003T191238Z_synthetic\predictions.jsonl
newest-wins-original,synthetic,lalm,37,37,17,1000,contradictory_update,correct,5,1.0,jobs\b0962f286999\runs\20261003T191238Z_synthetic\predictions.jsonl
newest-wins-original,synthetic,lalm,37,37,17,1000,boolean,correct,5,0.6,jobs\b0962f286999\runs\20261003T191238Z_synthetic\predictions.jsonl
newest-wins-original,synthetic,lalm,37,37,17,1000,goal,correct,5,1.0,jobs\b0962f286999\runs\20261003T191238Z_synthetic\predictions.jsonl
newest-wins-original,synthetic,lalm,37,37,17,1000,response_style,correct,5,0.8,jobs\b0962f286999\runs\20261003T191238Z_synthetic\predictions.jsonl
newest-wins-original,synthetic,lalm,37,37,17,1000,temporal,correct,5,0.8,jobs\b0962f286999\runs\20261003T191238Z_synthetic\predictions.jsonl
newest-wins-original,synthetic,lalm,37,37,17,1000,multi_fact,correct,5,0.0,jobs\b0962f286999\runs\20261003T191238Z_synthetic\predictions.jsonl
newest-wins-original,synthetic,lalm,37,37,17,1000,paraphrase,correct,5,1.0,jobs\b0962f286999\runs\20261003T191238Z_synthetic\predictions.jsonl
newest-wins-original,synthetic,lalm,37,37,17,5000,all,correct,50,0.74,jobs\b0962f286999\runs\20261003T191238Z_synthetic\predictions.jsonl
newest-wins-original,synthetic,lalm,37,37,17,5000,stable_fact,correct,5,1.0,jobs\b0962f286999\runs\20261003T191238Z_synthetic\predictions.jsonl
newest-wins-original,synthetic,lalm,37,37,17,5000,correction,correct,5,0.6,jobs\b0962f286999\runs\20261003T191238Z_synthetic\predictions.jsonl
newest-wins-original,synthetic,lalm,37,37,17,5000,repeated_fact,correct,5,1.0,jobs\b0962f286999\runs\20261003T191238Z_synthetic\predictions.jsonl
newest-wins-original,synthetic,lalm,37,37,17,5000,contradictory_update,correct,5,0.8,jobs\b0962f286999\runs\20261003T191238Z_synthetic\predictions.jsonl
newest-wins-original,synthetic,lalm,37,37,17,5000,boolean,correct,5,0.6,jobs\b0962f286999\runs\20261003T191238Z_synthetic\predictions.jsonl
newest-wins-original,synthetic,lalm,37,37,17,5000,goal,correct,5,1.0,jobs\b0962f286999\runs\20261003T191238Z_synthetic\predictions.jsonl
newest-wins-original,synthetic,lalm,37,37,17,5000,response_style,correct,5,0.6,jobs\b0962f286999\runs\20261003T191238Z_synthetic\predictions.jsonl
newest-wins-original,synthetic,lalm,37,37,17,5000,temporal,correct,5,0.8,jobs\b0962f286999\runs\20261003T191238Z_synthetic\predictions.jsonl
newest-wins-original,synthetic,lalm,37,37,17,5000,multi_fact,correct,5,0.0,jobs\b0962f286999\runs\20261003T191238Z_synthetic\predictions.jsonl
newest-wins-original,synthetic,lalm,37,37,17,5000,paraphrase,correct,5,1.0,jobs\b0962f286999\runs\20261003T191238Z_synthetic\predictions.jsonl
newest-wins-original,longmemeval,lexical_only,,7,7,,all,token_f1_diagnostic,450,0.19149764925295293,jobs\b504f685e3dd\runs\20261003T212511Z_longmemeval\predictions.jsonl
newest-wins-original,longmemeval,lexical_only,,7,7,,single-session-user,token_f1_diagnostic,20,0.43023830987217715,jobs\b504f685e3dd\runs\20261003T212511Z_longmemeval\predictions.jsonl
newest-wins-original,longmemeval,lexical_only,,7,7,,all,correct,450,0.12666666666666668,jobs\b504f685e3dd\runs\20261003T212511Z_longmemeval\predictions.jsonl
newest-wins-original,longmemeval,lexical_only,,7,7,,single-session-user,correct,20,0.3,jobs\b504f685e3dd\runs\20261003T212511Z_longmemeval\predictions.jsonl
newest-wins-original,longmemeval,lexical_only,,7,7,,multi-session,token_f1_diagnostic,133,0.09703309030366178,jobs\b504f685e3dd\runs\20261003T212511Z_longmemeval\predictions.jsonl
newest-wins-original,longmemeval,lexical_only,,7,7,,multi-session,correct,133,0.07518796992481203,jobs\b504f685e3dd\runs\20261003T212511Z_longmemeval\predictions.jsonl
newest-wins-original,longmemeval,lexical_only,,7,7,,single-session-preference,token_f1_diagnostic,30,0.04372324197114607,jobs\b504f685e3dd\runs\20261003T212511Z_longmemeval\predictions.jsonl
newest-wins-original,longmemeval,lexical_only,,7,7,,single-session-preference,correct,30,0.0,jobs\b504f685e3dd\runs\20261003T212511Z_longmemeval\predictions.jsonl
newest-wins-original,longmemeval,lexical_only,,7,7,,temporal-reasoning,token_f1_diagnostic,133,0.08710999719841724,jobs\b504f685e3dd\runs\20261003T212511Z_longmemeval\predictions.jsonl
newest-wins-original,longmemeval,lexical_only,,7,7,,temporal-reasoning,correct,133,0.045112781954887216,jobs\b504f685e3dd\runs\20261003T212511Z_longmemeval\predictions.jsonl
newest-wins-original,longmemeval,lexical_only,,7,7,,knowledge-update,token_f1_diagnostic,78,0.3539200565516355,jobs\b504f685e3dd\runs\20261003T212511Z_longmemeval\predictions.jsonl
newest-wins-original,longmemeval,lexical_only,,7,7,,knowledge-update,correct,78,0.23076923076923078,jobs\b504f685e3dd\runs\20261003T212511Z_longmemeval\predictions.jsonl
newest-wins-original,longmemeval,lexical_only,,7,7,,single-session-assistant,token_f1_diagnostic,56,0.43144077961512173,jobs\b504f685e3dd\runs\20261003T212511Z_longmemeval\predictions.jsonl
newest-wins-original,longmemeval,lexical_only,,7,7,,single-session-assistant,correct,56,0.30357142857142855,jobs\b504f685e3dd\runs\20261003T212511Z_longmemeval\predictions.jsonl
newest-wins-original,synthetic,lalm,41,41,13,100,all,correct,100,0.67,jobs\b601fdbafd88\runs\20261003T184255Z_synthetic\predictions.jsonl
newest-wins-original,synthetic,lalm,41,41,13,100,stable_fact,correct,10,1.0,jobs\b601fdbafd88\runs\20261003T184255Z_synthetic\predictions.jsonl
newest-wins-original,synthetic,lalm,41,41,13,100,correction,correct,10,0.7,jobs\b601fdbafd88\runs\20261003T184255Z_synthetic\predictions.jsonl
newest-wins-original,synthetic,lalm,41,41,13,100,repeated_fact,correct,10,1.0,jobs\b601fdbafd88\runs\20261003T184255Z_synthetic\predictions.jsonl
newest-wins-original,synthetic,lalm,41,41,13,100,contradictory_update,correct,10,0.6,jobs\b601fdbafd88\runs\20261003T184255Z_synthetic\predictions.jsonl
newest-wins-original,synthetic,lalm,41,41,13,100,boolean,correct,10,0.1,jobs\b601fdbafd88\runs\20261003T184255Z_synthetic\predictions.jsonl
newest-wins-original,synthetic,lalm,41,41,13,100,goal,correct,10,0.7,jobs\b601fdbafd88\runs\20261003T184255Z_synthetic\predictions.jsonl
newest-wins-original,synthetic,lalm,41,41,13,100,response_style,correct,10,0.8,jobs\b601fdbafd88\runs\20261003T184255Z_synthetic\predictions.jsonl
newest-wins-original,synthetic,lalm,41,41,13,100,temporal,correct,10,0.9,jobs\b601fdbafd88\runs\20261003T184255Z_synthetic\predictions.jsonl
newest-wins-original,synthetic,lalm,41,41,13,100,multi_fact,correct,10,0.0,jobs\b601fdbafd88\runs\20261003T184255Z_synthetic\predictions.jsonl
newest-wins-original,synthetic,lalm,41,41,13,100,paraphrase,correct,10,0.9,jobs\b601fdbafd88\runs\20261003T184255Z_synthetic\predictions.jsonl
newest-wins-original,synthetic,lalm,41,41,13,500,all,correct,75,0.6266666666666667,jobs\b601fdbafd88\runs\20261003T184255Z_synthetic\predictions.jsonl
newest-wins-original,synthetic,lalm,41,41,13,500,stable_fact,correct,8,1.0,jobs\b601fdbafd88\runs\20261003T184255Z_synthetic\predictions.jsonl
newest-wins-original,synthetic,lalm,41,41,13,500,correction,correct,8,0.25,jobs\b601fdbafd88\runs\20261003T184255Z_synthetic\predictions.jsonl
newest-wins-original,synthetic,lalm,41,41,13,500,repeated_fact,correct,8,1.0,jobs\b601fdbafd88\runs\20261003T184255Z_synthetic\predictions.jsonl
newest-wins-original,synthetic,lalm,41,41,13,500,contradictory_update,correct,8,0.625,jobs\b601fdbafd88\runs\20261003T184255Z_synthetic\predictions.jsonl
newest-wins-original,synthetic,lalm,41,41,13,500,boolean,correct,8,0.0,jobs\b601fdbafd88\runs\20261003T184255Z_synthetic\predictions.jsonl
newest-wins-original,synthetic,lalm,41,41,13,500,goal,correct,7,0.8571428571428571,jobs\b601fdbafd88\runs\20261003T184255Z_synthetic\predictions.jsonl
newest-wins-original,synthetic,lalm,41,41,13,500,response_style,correct,7,0.5714285714285714,jobs\b601fdbafd88\runs\20261003T184255Z_synthetic\predictions.jsonl
newest-wins-original,synthetic,lalm,41,41,13,500,temporal,correct,7,1.0,jobs\b601fdbafd88\runs\20261003T184255Z_synthetic\predictions.jsonl
newest-wins-original,synthetic,lalm,41,41,13,500,multi_fact,correct,7,0.0,jobs\b601fdbafd88\runs\20261003T184255Z_synthetic\predictions.jsonl
newest-wins-original,synthetic,lalm,41,41,13,500,paraphrase,correct,7,1.0,jobs\b601fdbafd88\runs\20261003T184255Z_synthetic\predictions.jsonl
newest-wins-original,synthetic,lalm,41,41,13,1000,all,correct,50,0.6,jobs\b601fdbafd88\runs\20261003T184255Z_synthetic\predictions.jsonl
newest-wins-original,synthetic,lalm,41,41,13,1000,stable_fact,correct,5,0.8,jobs\b601fdbafd88\runs\20261003T184255Z_synthetic\predictions.jsonl
newest-wins-original,synthetic,lalm,41,41,13,1000,correction,correct,5,0.8,jobs\b601fdbafd88\runs\20261003T184255Z_synthetic\predictions.jsonl
newest-wins-original,synthetic,lalm,41,41,13,1000,repeated_fact,correct,5,1.0,jobs\b601fdbafd88\runs\20261003T184255Z_synthetic\predictions.jsonl
newest-wins-original,synthetic,lalm,41,41,13,1000,contradictory_update,correct,5,0.8,jobs\b601fdbafd88\runs\20261003T184255Z_synthetic\predictions.jsonl
newest-wins-original,synthetic,lalm,41,41,13,1000,boolean,correct,5,0.0,jobs\b601fdbafd88\runs\20261003T184255Z_synthetic\predictions.jsonl
newest-wins-original,synthetic,lalm,41,41,13,1000,goal,correct,5,0.6,jobs\b601fdbafd88\runs\20261003T184255Z_synthetic\predictions.jsonl
newest-wins-original,synthetic,lalm,41,41,13,1000,response_style,correct,5,0.4,jobs\b601fdbafd88\runs\20261003T184255Z_synthetic\predictions.jsonl
newest-wins-original,synthetic,lalm,41,41,13,1000,temporal,correct,5,1.0,jobs\b601fdbafd88\runs\20261003T184255Z_synthetic\predictions.jsonl
newest-wins-original,synthetic,lalm,41,41,13,1000,multi_fact,correct,5,0.0,jobs\b601fdbafd88\runs\20261003T184255Z_synthetic\predictions.jsonl
newest-wins-original,synthetic,lalm,41,41,13,1000,paraphrase,correct,5,0.6,jobs\b601fdbafd88\runs\20261003T184255Z_synthetic\predictions.jsonl
newest-wins-original,synthetic,lalm,41,41,13,5000,all,correct,50,0.68,jobs\b601fdbafd88\runs\20261003T184255Z_synthetic\predictions.jsonl
newest-wins-original,synthetic,lalm,41,41,13,5000,stable_fact,correct,5,1.0,jobs\b601fdbafd88\runs\20261003T184255Z_synthetic\predictions.jsonl
newest-wins-original,synthetic,lalm,41,41,13,5000,correction,correct,5,1.0,jobs\b601fdbafd88\runs\20261003T184255Z_synthetic\predictions.jsonl
newest-wins-original,synthetic,lalm,41,41,13,5000,repeated_fact,correct,5,1.0,jobs\b601fdbafd88\runs\20261003T184255Z_synthetic\predictions.jsonl
newest-wins-original,synthetic,lalm,41,41,13,5000,contradictory_update,correct,5,1.0,jobs\b601fdbafd88\runs\20261003T184255Z_synthetic\predictions.jsonl
newest-wins-original,synthetic,lalm,41,41,13,5000,boolean,correct,5,0.0,jobs\b601fdbafd88\runs\20261003T184255Z_synthetic\predictions.jsonl
newest-wins-original,synthetic,lalm,41,41,13,5000,goal,correct,5,0.6,jobs\b601fdbafd88\runs\20261003T184255Z_synthetic\predictions.jsonl
newest-wins-original,synthetic,lalm,41,41,13,5000,response_style,correct,5,0.6,jobs\b601fdbafd88\runs\20261003T184255Z_synthetic\predictions.jsonl
newest-wins-original,synthetic,lalm,41,41,13,5000,temporal,correct,5,0.6,jobs\b601fdbafd88\runs\20261003T184255Z_synthetic\predictions.jsonl
newest-wins-original,synthetic,lalm,41,41,13,5000,multi_fact,correct,5,0.0,jobs\b601fdbafd88\runs\20261003T184255Z_synthetic\predictions.jsonl
newest-wins-original,synthetic,lalm,41,41,13,5000,paraphrase,correct,5,1.0,jobs\b601fdbafd88\runs\20261003T184255Z_synthetic\predictions.jsonl
newest-wins-cue_free,synthetic,lalm,7,7,13,1000,all,correct,50,0.66,jobs\b8236b538319\runs\20261003T195657Z_synthetic\predictions.jsonl
newest-wins-cue_free,synthetic,lalm,7,7,13,1000,stable_fact,correct,5,1.0,jobs\b8236b538319\runs\20261003T195657Z_synthetic\predictions.jsonl
newest-wins-cue_free,synthetic,lalm,7,7,13,1000,correction,correct,5,0.2,jobs\b8236b538319\runs\20261003T195657Z_synthetic\predictions.jsonl
newest-wins-cue_free,synthetic,lalm,7,7,13,1000,repeated_fact,correct,5,1.0,jobs\b8236b538319\runs\20261003T195657Z_synthetic\predictions.jsonl
newest-wins-cue_free,synthetic,lalm,7,7,13,1000,contradictory_update,correct,5,0.4,jobs\b8236b538319\runs\20261003T195657Z_synthetic\predictions.jsonl
newest-wins-cue_free,synthetic,lalm,7,7,13,1000,boolean,correct,5,0.2,jobs\b8236b538319\runs\20261003T195657Z_synthetic\predictions.jsonl
newest-wins-cue_free,synthetic,lalm,7,7,13,1000,goal,correct,5,1.0,jobs\b8236b538319\runs\20261003T195657Z_synthetic\predictions.jsonl
newest-wins-cue_free,synthetic,lalm,7,7,13,1000,response_style,correct,5,0.8,jobs\b8236b538319\runs\20261003T195657Z_synthetic\predictions.jsonl
newest-wins-cue_free,synthetic,lalm,7,7,13,1000,temporal,correct,5,1.0,jobs\b8236b538319\runs\20261003T195657Z_synthetic\predictions.jsonl
newest-wins-cue_free,synthetic,lalm,7,7,13,1000,multi_fact,correct,5,0.0,jobs\b8236b538319\runs\20261003T195657Z_synthetic\predictions.jsonl
newest-wins-cue_free,synthetic,lalm,7,7,13,1000,paraphrase,correct,5,1.0,jobs\b8236b538319\runs\20261003T195657Z_synthetic\predictions.jsonl
newest-wins-cue_free,synthetic,lalm,7,7,13,5000,all,correct,50,0.62,jobs\b8236b538319\runs\20261003T195657Z_synthetic\predictions.jsonl
newest-wins-cue_free,synthetic,lalm,7,7,13,5000,stable_fact,correct,5,1.0,jobs\b8236b538319\runs\20261003T195657Z_synthetic\predictions.jsonl
newest-wins-cue_free,synthetic,lalm,7,7,13,5000,correction,correct,5,0.2,jobs\b8236b538319\runs\20261003T195657Z_synthetic\predictions.jsonl
newest-wins-cue_free,synthetic,lalm,7,7,13,5000,repeated_fact,correct,5,1.0,jobs\b8236b538319\runs\20261003T195657Z_synthetic\predictions.jsonl
newest-wins-cue_free,synthetic,lalm,7,7,13,5000,contradictory_update,correct,5,0.0,jobs\b8236b538319\runs\20261003T195657Z_synthetic\predictions.jsonl
newest-wins-cue_free,synthetic,lalm,7,7,13,5000,boolean,correct,5,0.0,jobs\b8236b538319\runs\20261003T195657Z_synthetic\predictions.jsonl
newest-wins-cue_free,synthetic,lalm,7,7,13,5000,goal,correct,5,1.0,jobs\b8236b538319\runs\20261003T195657Z_synthetic\predictions.jsonl
newest-wins-cue_free,synthetic,lalm,7,7,13,5000,response_style,correct,5,1.0,jobs\b8236b538319\runs\20261003T195657Z_synthetic\predictions.jsonl
newest-wins-cue_free,synthetic,lalm,7,7,13,5000,temporal,correct,5,1.0,jobs\b8236b538319\runs\20261003T195657Z_synthetic\predictions.jsonl
newest-wins-cue_free,synthetic,lalm,7,7,13,5000,multi_fact,correct,5,0.0,jobs\b8236b538319\runs\20261003T195657Z_synthetic\predictions.jsonl
newest-wins-cue_free,synthetic,lalm,7,7,13,5000,paraphrase,correct,5,1.0,jobs\b8236b538319\runs\20261003T195657Z_synthetic\predictions.jsonl
newest-wins-original,synthetic,lalm,37,37,13,100,all,correct,100,0.75,jobs\c88ada9d0e2e\runs\20261003T183600Z_synthetic\predictions.jsonl
newest-wins-original,synthetic,lalm,37,37,13,100,stable_fact,correct,10,1.0,jobs\c88ada9d0e2e\runs\20261003T183600Z_synthetic\predictions.jsonl
newest-wins-original,synthetic,lalm,37,37,13,100,correction,correct,10,0.6,jobs\c88ada9d0e2e\runs\20261003T183600Z_synthetic\predictions.jsonl
newest-wins-original,synthetic,lalm,37,37,13,100,repeated_fact,correct,10,1.0,jobs\c88ada9d0e2e\runs\20261003T183600Z_synthetic\predictions.jsonl
newest-wins-original,synthetic,lalm,37,37,13,100,contradictory_update,correct,10,0.6,jobs\c88ada9d0e2e\runs\20261003T183600Z_synthetic\predictions.jsonl
newest-wins-original,synthetic,lalm,37,37,13,100,boolean,correct,10,0.5,jobs\c88ada9d0e2e\runs\20261003T183600Z_synthetic\predictions.jsonl
newest-wins-original,synthetic,lalm,37,37,13,100,goal,correct,10,1.0,jobs\c88ada9d0e2e\runs\20261003T183600Z_synthetic\predictions.jsonl
newest-wins-original,synthetic,lalm,37,37,13,100,response_style,correct,10,0.8,jobs\c88ada9d0e2e\runs\20261003T183600Z_synthetic\predictions.jsonl
newest-wins-original,synthetic,lalm,37,37,13,100,temporal,correct,10,1.0,jobs\c88ada9d0e2e\runs\20261003T183600Z_synthetic\predictions.jsonl
newest-wins-original,synthetic,lalm,37,37,13,100,multi_fact,correct,10,0.0,jobs\c88ada9d0e2e\runs\20261003T183600Z_synthetic\predictions.jsonl
newest-wins-original,synthetic,lalm,37,37,13,100,paraphrase,correct,10,1.0,jobs\c88ada9d0e2e\runs\20261003T183600Z_synthetic\predictions.jsonl
newest-wins-original,synthetic,lalm,37,37,13,500,all,correct,75,0.6266666666666667,jobs\c88ada9d0e2e\runs\20261003T183600Z_synthetic\predictions.jsonl
newest-wins-original,synthetic,lalm,37,37,13,500,stable_fact,correct,8,1.0,jobs\c88ada9d0e2e\runs\20261003T183600Z_synthetic\predictions.jsonl
newest-wins-original,synthetic,lalm,37,37,13,500,correction,correct,8,0.375,jobs\c88ada9d0e2e\runs\20261003T183600Z_synthetic\predictions.jsonl
newest-wins-original,synthetic,lalm,37,37,13,500,repeated_fact,correct,8,1.0,jobs\c88ada9d0e2e\runs\20261003T183600Z_synthetic\predictions.jsonl
newest-wins-original,synthetic,lalm,37,37,13,500,contradictory_update,correct,8,0.375,jobs\c88ada9d0e2e\runs\20261003T183600Z_synthetic\predictions.jsonl
newest-wins-original,synthetic,lalm,37,37,13,500,boolean,correct,8,0.375,jobs\c88ada9d0e2e\runs\20261003T183600Z_synthetic\predictions.jsonl
newest-wins-original,synthetic,lalm,37,37,13,500,goal,correct,7,1.0,jobs\c88ada9d0e2e\runs\20261003T183600Z_synthetic\predictions.jsonl
newest-wins-original,synthetic,lalm,37,37,13,500,response_style,correct,7,0.5714285714285714,jobs\c88ada9d0e2e\runs\20261003T183600Z_synthetic\predictions.jsonl
newest-wins-original,synthetic,lalm,37,37,13,500,temporal,correct,7,0.7142857142857143,jobs\c88ada9d0e2e\runs\20261003T183600Z_synthetic\predictions.jsonl
newest-wins-original,synthetic,lalm,37,37,13,500,multi_fact,correct,7,0.0,jobs\c88ada9d0e2e\runs\20261003T183600Z_synthetic\predictions.jsonl
newest-wins-original,synthetic,lalm,37,37,13,500,paraphrase,correct,7,0.8571428571428571,jobs\c88ada9d0e2e\runs\20261003T183600Z_synthetic\predictions.jsonl
newest-wins-original,synthetic,lalm,37,37,13,1000,all,correct,50,0.74,jobs\c88ada9d0e2e\runs\20261003T183600Z_synthetic\predictions.jsonl
newest-wins-original,synthetic,lalm,37,37,13,1000,stable_fact,correct,5,1.0,jobs\c88ada9d0e2e\runs\20261003T183600Z_synthetic\predictions.jsonl
newest-wins-original,synthetic,lalm,37,37,13,1000,correction,correct,5,0.8,jobs\c88ada9d0e2e\runs\20261003T183600Z_synthetic\predictions.jsonl
newest-wins-original,synthetic,lalm,37,37,13,1000,repeated_fact,correct,5,1.0,jobs\c88ada9d0e2e\runs\20261003T183600Z_synthetic\predictions.jsonl
newest-wins-original,synthetic,lalm,37,37,13,1000,contradictory_update,correct,5,0.8,jobs\c88ada9d0e2e\runs\20261003T183600Z_synthetic\predictions.jsonl
newest-wins-original,synthetic,lalm,37,37,13,1000,boolean,correct,5,0.6,jobs\c88ada9d0e2e\runs\20261003T183600Z_synthetic\predictions.jsonl
newest-wins-original,synthetic,lalm,37,37,13,1000,goal,correct,5,1.0,jobs\c88ada9d0e2e\runs\20261003T183600Z_synthetic\predictions.jsonl
newest-wins-original,synthetic,lalm,37,37,13,1000,response_style,correct,5,0.4,jobs\c88ada9d0e2e\runs\20261003T183600Z_synthetic\predictions.jsonl
newest-wins-original,synthetic,lalm,37,37,13,1000,temporal,correct,5,0.8,jobs\c88ada9d0e2e\runs\20261003T183600Z_synthetic\predictions.jsonl
newest-wins-original,synthetic,lalm,37,37,13,1000,multi_fact,correct,5,0.0,jobs\c88ada9d0e2e\runs\20261003T183600Z_synthetic\predictions.jsonl
newest-wins-original,synthetic,lalm,37,37,13,1000,paraphrase,correct,5,1.0,jobs\c88ada9d0e2e\runs\20261003T183600Z_synthetic\predictions.jsonl
newest-wins-original,synthetic,lalm,37,37,13,5000,all,correct,50,0.72,jobs\c88ada9d0e2e\runs\20261003T183600Z_synthetic\predictions.jsonl
newest-wins-original,synthetic,lalm,37,37,13,5000,stable_fact,correct,5,1.0,jobs\c88ada9d0e2e\runs\20261003T183600Z_synthetic\predictions.jsonl
newest-wins-original,synthetic,lalm,37,37,13,5000,correction,correct,5,0.4,jobs\c88ada9d0e2e\runs\20261003T183600Z_synthetic\predictions.jsonl
newest-wins-original,synthetic,lalm,37,37,13,5000,repeated_fact,correct,5,1.0,jobs\c88ada9d0e2e\runs\20261003T183600Z_synthetic\predictions.jsonl
newest-wins-original,synthetic,lalm,37,37,13,5000,contradictory_update,correct,5,0.8,jobs\c88ada9d0e2e\runs\20261003T183600Z_synthetic\predictions.jsonl
newest-wins-original,synthetic,lalm,37,37,13,5000,boolean,correct,5,0.6,jobs\c88ada9d0e2e\runs\20261003T183600Z_synthetic\predictions.jsonl
newest-wins-original,synthetic,lalm,37,37,13,5000,goal,correct,5,0.8,jobs\c88ada9d0e2e\runs\20261003T183600Z_synthetic\predictions.jsonl
newest-wins-original,synthetic,lalm,37,37,13,5000,response_style,correct,5,0.6,jobs\c88ada9d0e2e\runs\20261003T183600Z_synthetic\predictions.jsonl
newest-wins-original,synthetic,lalm,37,37,13,5000,temporal,correct,5,1.0,jobs\c88ada9d0e2e\runs\20261003T183600Z_synthetic\predictions.jsonl
newest-wins-original,synthetic,lalm,37,37,13,5000,multi_fact,correct,5,0.0,jobs\c88ada9d0e2e\runs\20261003T183600Z_synthetic\predictions.jsonl
newest-wins-original,synthetic,lalm,37,37,13,5000,paraphrase,correct,5,1.0,jobs\c88ada9d0e2e\runs\20261003T183600Z_synthetic\predictions.jsonl
newest-wins-original,synthetic,lalm,23,23,11,100,all,correct,100,0.72,jobs\cf7d3570fd58\runs\20261003T175237Z_synthetic\predictions.jsonl
newest-wins-original,synthetic,lalm,23,23,11,100,stable_fact,correct,10,1.0,jobs\cf7d3570fd58\runs\20261003T175237Z_synthetic\predictions.jsonl
newest-wins-original,synthetic,lalm,23,23,11,100,correction,correct,10,0.9,jobs\cf7d3570fd58\runs\20261003T175237Z_synthetic\predictions.jsonl
newest-wins-original,synthetic,lalm,23,23,11,100,repeated_fact,correct,10,1.0,jobs\cf7d3570fd58\runs\20261003T175237Z_synthetic\predictions.jsonl
newest-wins-original,synthetic,lalm,23,23,11,100,contradictory_update,correct,10,1.0,jobs\cf7d3570fd58\runs\20261003T175237Z_synthetic\predictions.jsonl
newest-wins-original,synthetic,lalm,23,23,11,100,boolean,correct,10,0.0,jobs\cf7d3570fd58\runs\20261003T175237Z_synthetic\predictions.jsonl
newest-wins-original,synthetic,lalm,23,23,11,100,goal,correct,10,0.9,jobs\cf7d3570fd58\runs\20261003T175237Z_synthetic\predictions.jsonl
newest-wins-original,synthetic,lalm,23,23,11,100,response_style,correct,10,0.9,jobs\cf7d3570fd58\runs\20261003T175237Z_synthetic\predictions.jsonl
newest-wins-original,synthetic,lalm,23,23,11,100,temporal,correct,10,0.6,jobs\cf7d3570fd58\runs\20261003T175237Z_synthetic\predictions.jsonl
newest-wins-original,synthetic,lalm,23,23,11,100,multi_fact,correct,10,0.0,jobs\cf7d3570fd58\runs\20261003T175237Z_synthetic\predictions.jsonl
newest-wins-original,synthetic,lalm,23,23,11,100,paraphrase,correct,10,0.9,jobs\cf7d3570fd58\runs\20261003T175237Z_synthetic\predictions.jsonl
newest-wins-original,synthetic,lalm,23,23,11,500,all,correct,75,0.6933333333333334,jobs\cf7d3570fd58\runs\20261003T175237Z_synthetic\predictions.jsonl
newest-wins-original,synthetic,lalm,23,23,11,500,stable_fact,correct,8,1.0,jobs\cf7d3570fd58\runs\20261003T175237Z_synthetic\predictions.jsonl
newest-wins-original,synthetic,lalm,23,23,11,500,correction,correct,8,1.0,jobs\cf7d3570fd58\runs\20261003T175237Z_synthetic\predictions.jsonl
newest-wins-original,synthetic,lalm,23,23,11,500,repeated_fact,correct,8,1.0,jobs\cf7d3570fd58\runs\20261003T175237Z_synthetic\predictions.jsonl
newest-wins-original,synthetic,lalm,23,23,11,500,contradictory_update,correct,8,0.875,jobs\cf7d3570fd58\runs\20261003T175237Z_synthetic\predictions.jsonl
newest-wins-original,synthetic,lalm,23,23,11,500,boolean,correct,8,0.0,jobs\cf7d3570fd58\runs\20261003T175237Z_synthetic\predictions.jsonl
newest-wins-original,synthetic,lalm,23,23,11,500,goal,correct,7,1.0,jobs\cf7d3570fd58\runs\20261003T175237Z_synthetic\predictions.jsonl
newest-wins-original,synthetic,lalm,23,23,11,500,response_style,correct,7,0.42857142857142855,jobs\cf7d3570fd58\runs\20261003T175237Z_synthetic\predictions.jsonl
newest-wins-original,synthetic,lalm,23,23,11,500,temporal,correct,7,0.7142857142857143,jobs\cf7d3570fd58\runs\20261003T175237Z_synthetic\predictions.jsonl
newest-wins-original,synthetic,lalm,23,23,11,500,multi_fact,correct,7,0.0,jobs\cf7d3570fd58\runs\20261003T175237Z_synthetic\predictions.jsonl
newest-wins-original,synthetic,lalm,23,23,11,500,paraphrase,correct,7,0.8571428571428571,jobs\cf7d3570fd58\runs\20261003T175237Z_synthetic\predictions.jsonl
newest-wins-original,synthetic,lalm,23,23,11,1000,all,correct,50,0.62,jobs\cf7d3570fd58\runs\20261003T175237Z_synthetic\predictions.jsonl
newest-wins-original,synthetic,lalm,23,23,11,1000,stable_fact,correct,5,1.0,jobs\cf7d3570fd58\runs\20261003T175237Z_synthetic\predictions.jsonl
newest-wins-original,synthetic,lalm,23,23,11,1000,correction,correct,5,1.0,jobs\cf7d3570fd58\runs\20261003T175237Z_synthetic\predictions.jsonl
newest-wins-original,synthetic,lalm,23,23,11,1000,repeated_fact,correct,5,1.0,jobs\cf7d3570fd58\runs\20261003T175237Z_synthetic\predictions.jsonl
newest-wins-original,synthetic,lalm,23,23,11,1000,contradictory_update,correct,5,1.0,jobs\cf7d3570fd58\runs\20261003T175237Z_synthetic\predictions.jsonl
newest-wins-original,synthetic,lalm,23,23,11,1000,boolean,correct,5,0.0,jobs\cf7d3570fd58\runs\20261003T175237Z_synthetic\predictions.jsonl
newest-wins-original,synthetic,lalm,23,23,11,1000,goal,correct,5,1.0,jobs\cf7d3570fd58\runs\20261003T175237Z_synthetic\predictions.jsonl
newest-wins-original,synthetic,lalm,23,23,11,1000,response_style,correct,5,0.2,jobs\cf7d3570fd58\runs\20261003T175237Z_synthetic\predictions.jsonl
newest-wins-original,synthetic,lalm,23,23,11,1000,temporal,correct,5,0.2,jobs\cf7d3570fd58\runs\20261003T175237Z_synthetic\predictions.jsonl
newest-wins-original,synthetic,lalm,23,23,11,1000,multi_fact,correct,5,0.0,jobs\cf7d3570fd58\runs\20261003T175237Z_synthetic\predictions.jsonl
newest-wins-original,synthetic,lalm,23,23,11,1000,paraphrase,correct,5,0.8,jobs\cf7d3570fd58\runs\20261003T175237Z_synthetic\predictions.jsonl
newest-wins-original,synthetic,lalm,23,23,11,5000,all,correct,50,0.76,jobs\cf7d3570fd58\runs\20261003T175237Z_synthetic\predictions.jsonl
newest-wins-original,synthetic,lalm,23,23,11,5000,stable_fact,correct,5,1.0,jobs\cf7d3570fd58\runs\20261003T175237Z_synthetic\predictions.jsonl
newest-wins-original,synthetic,lalm,23,23,11,5000,correction,correct,5,1.0,jobs\cf7d3570fd58\runs\20261003T175237Z_synthetic\predictions.jsonl
newest-wins-original,synthetic,lalm,23,23,11,5000,repeated_fact,correct,5,1.0,jobs\cf7d3570fd58\runs\20261003T175237Z_synthetic\predictions.jsonl
newest-wins-original,synthetic,lalm,23,23,11,5000,contradictory_update,correct,5,1.0,jobs\cf7d3570fd58\runs\20261003T175237Z_synthetic\predictions.jsonl
newest-wins-original,synthetic,lalm,23,23,11,5000,boolean,correct,5,0.0,jobs\cf7d3570fd58\runs\20261003T175237Z_synthetic\predictions.jsonl
newest-wins-original,synthetic,lalm,23,23,11,5000,goal,correct,5,1.0,jobs\cf7d3570fd58\runs\20261003T175237Z_synthetic\predictions.jsonl
newest-wins-original,synthetic,lalm,23,23,11,5000,response_style,correct,5,1.0,jobs\cf7d3570fd58\runs\20261003T175237Z_synthetic\predictions.jsonl
newest-wins-original,synthetic,lalm,23,23,11,5000,temporal,correct,5,0.6,jobs\cf7d3570fd58\runs\20261003T175237Z_synthetic\predictions.jsonl
newest-wins-original,synthetic,lalm,23,23,11,5000,multi_fact,correct,5,0.0,jobs\cf7d3570fd58\runs\20261003T175237Z_synthetic\predictions.jsonl
newest-wins-original,synthetic,lalm,23,23,11,5000,paraphrase,correct,5,1.0,jobs\cf7d3570fd58\runs\20261003T175237Z_synthetic\predictions.jsonl
newest-wins-original,locomo,lalm,7,7,7,,all,token_f1_diagnostic,1986,0.17742912536785377,jobs\d423c6480360\runs\20261003T212859Z_locomo\predictions.jsonl
newest-wins-original,locomo,lalm,7,7,7,,category-2,token_f1_diagnostic,321,0.1802097348826321,jobs\d423c6480360\runs\20261003T212859Z_locomo\predictions.jsonl
newest-wins-original,locomo,lalm,7,7,7,,all,correct,1986,0.07351460221550855,jobs\d423c6480360\runs\20261003T212859Z_locomo\predictions.jsonl
newest-wins-original,locomo,lalm,7,7,7,,category-2,correct,321,0.01557632398753894,jobs\d423c6480360\runs\20261003T212859Z_locomo\predictions.jsonl
newest-wins-original,locomo,lalm,7,7,7,,all,locomo_official_qa_score,1986,0.31644049795845974,jobs\d423c6480360\runs\20261003T212859Z_locomo\predictions.jsonl
newest-wins-original,locomo,lalm,7,7,7,,category-2,locomo_official_qa_score,321,0.18333251969865494,jobs\d423c6480360\runs\20261003T212859Z_locomo\predictions.jsonl
newest-wins-original,locomo,lalm,7,7,7,,category-3,token_f1_diagnostic,96,0.0552255684470758,jobs\d423c6480360\runs\20261003T212859Z_locomo\predictions.jsonl
newest-wins-original,locomo,lalm,7,7,7,,category-3,correct,96,0.03125,jobs\d423c6480360\runs\20261003T212859Z_locomo\predictions.jsonl
newest-wins-original,locomo,lalm,7,7,7,,category-3,locomo_official_qa_score,96,0.06912301014101217,jobs\d423c6480360\runs\20261003T212859Z_locomo\predictions.jsonl
newest-wins-original,locomo,lalm,7,7,7,,category-1,token_f1_diagnostic,282,0.15894858669507322,jobs\d423c6480360\runs\20261003T212859Z_locomo\predictions.jsonl
newest-wins-original,locomo,lalm,7,7,7,,category-1,correct,282,0.028368794326241134,jobs\d423c6480360\runs\20261003T212859Z_locomo\predictions.jsonl
newest-wins-original,locomo,lalm,7,7,7,,category-1,locomo_official_qa_score,282,0.13795997748102803,jobs\d423c6480360\runs\20261003T212859Z_locomo\predictions.jsonl
newest-wins-original,locomo,lalm,7,7,7,,category-4,token_f1_diagnostic,841,0.2888249251656394,jobs\d423c6480360\runs\20261003T212859Z_locomo\predictions.jsonl
newest-wins-original,locomo,lalm,7,7,7,,category-4,correct,841,0.15338882282996433,jobs\d423c6480360\runs\20261003T212859Z_locomo\predictions.jsonl
newest-wins-original,locomo,lalm,7,7,7,,category-4,locomo_official_qa_score,841,0.2937699970262137,jobs\d423c6480360\runs\20261003T212859Z_locomo\predictions.jsonl
newest-wins-original,locomo,lalm,7,7,7,,category-5,token_f1_diagnostic,446,0.0033632286995515697,jobs\d423c6480360\runs\20261003T212859Z_locomo\predictions.jsonl
newest-wins-original,locomo,lalm,7,7,7,,category-5,correct,446,0.002242152466367713,jobs\d423c6480360\runs\20261003T212859Z_locomo\predictions.jsonl
newest-wins-original,locomo,lalm,7,7,7,,category-5,locomo_official_qa_score,446,0.6210762331838565,jobs\d423c6480360\runs\20261003T212859Z_locomo\predictions.jsonl
newest-wins-original,longmemeval,lalm,13,13,7,,all,token_f1_diagnostic,450,0.20629680627893965,jobs\dbf4c0df343a\runs\20261003T205947Z_longmemeval\predictions.jsonl
newest-wins-original,longmemeval,lalm,13,13,7,,single-session-user,token_f1_diagnostic,20,0.5802383098721772,jobs\dbf4c0df343a\runs\20261003T205947Z_longmemeval\predictions.jsonl
newest-wins-original,longmemeval,lalm,13,13,7,,all,correct,450,0.13555555555555557,jobs\dbf4c0df343a\runs\20261003T205947Z_longmemeval\predictions.jsonl
newest-wins-original,longmemeval,lalm,13,13,7,,single-session-user,correct,20,0.45,jobs\dbf4c0df343a\runs\20261003T205947Z_longmemeval\predictions.jsonl
newest-wins-original,longmemeval,lalm,13,13,7,,multi-session,token_f1_diagnostic,133,0.07127116776682324,jobs\dbf4c0df343a\runs\20261003T205947Z_longmemeval\predictions.jsonl
newest-wins-original,longmemeval,lalm,13,13,7,,multi-session,correct,133,0.05263157894736842,jobs\dbf4c0df343a\runs\20261003T205947Z_longmemeval\predictions.jsonl
newest-wins-original,longmemeval,lalm,13,13,7,,single-session-preference,token_f1_diagnostic,30,0.05220814274147107,jobs\dbf4c0df343a\runs\20261003T205947Z_longmemeval\predictions.jsonl
newest-wins-original,longmemeval,lalm,13,13,7,,single-session-preference,correct,30,0.0,jobs\dbf4c0df343a\runs\20261003T205947Z_longmemeval\predictions.jsonl
newest-wins-original,longmemeval,lalm,13,13,7,,temporal-reasoning,token_f1_diagnostic,133,0.12304020876452705,jobs\dbf4c0df343a\runs\20261003T205947Z_longmemeval\predictions.jsonl
newest-wins-original,longmemeval,lalm,13,13,7,,temporal-reasoning,correct,133,0.05263157894736842,jobs\dbf4c0df343a\runs\20261003T205947Z_longmemeval\predictions.jsonl
newest-wins-original,longmemeval,lalm,13,13,7,,knowledge-update,token_f1_diagnostic,78,0.36767944531102426,jobs\dbf4c0df343a\runs\20261003T205947Z_longmemeval\predictions.jsonl
newest-wins-original,longmemeval,lalm,13,13,7,,knowledge-update,correct,78,0.2564102564102564,jobs\dbf4c0df343a\runs\20261003T205947Z_longmemeval\predictions.jsonl
newest-wins-original,longmemeval,lalm,13,13,7,,single-session-assistant,token_f1_diagnostic,56,0.4489311166590302,jobs\dbf4c0df343a\runs\20261003T205947Z_longmemeval\predictions.jsonl
newest-wins-original,longmemeval,lalm,13,13,7,,single-session-assistant,correct,56,0.32142857142857145,jobs\dbf4c0df343a\runs\20261003T205947Z_longmemeval\predictions.jsonl
newest-wins-cue_free,synthetic,lalm,41,41,17,1000,all,correct,50,0.5,jobs\e5a03fb15905\runs\20261003T204627Z_synthetic\predictions.jsonl
newest-wins-cue_free,synthetic,lalm,41,41,17,1000,stable_fact,correct,5,1.0,jobs\e5a03fb15905\runs\20261003T204627Z_synthetic\predictions.jsonl
newest-wins-cue_free,synthetic,lalm,41,41,17,1000,correction,correct,5,0.0,jobs\e5a03fb15905\runs\20261003T204627Z_synthetic\predictions.jsonl
newest-wins-cue_free,synthetic,lalm,41,41,17,1000,repeated_fact,correct,5,1.0,jobs\e5a03fb15905\runs\20261003T204627Z_synthetic\predictions.jsonl
newest-wins-cue_free,synthetic,lalm,41,41,17,1000,contradictory_update,correct,5,0.0,jobs\e5a03fb15905\runs\20261003T204627Z_synthetic\predictions.jsonl
newest-wins-cue_free,synthetic,lalm,41,41,17,1000,boolean,correct,5,0.0,jobs\e5a03fb15905\runs\20261003T204627Z_synthetic\predictions.jsonl
newest-wins-cue_free,synthetic,lalm,41,41,17,1000,goal,correct,5,0.6,jobs\e5a03fb15905\runs\20261003T204627Z_synthetic\predictions.jsonl
newest-wins-cue_free,synthetic,lalm,41,41,17,1000,response_style,correct,5,0.8,jobs\e5a03fb15905\runs\20261003T204627Z_synthetic\predictions.jsonl
newest-wins-cue_free,synthetic,lalm,41,41,17,1000,temporal,correct,5,0.8,jobs\e5a03fb15905\runs\20261003T204627Z_synthetic\predictions.jsonl
newest-wins-cue_free,synthetic,lalm,41,41,17,1000,multi_fact,correct,5,0.0,jobs\e5a03fb15905\runs\20261003T204627Z_synthetic\predictions.jsonl
newest-wins-cue_free,synthetic,lalm,41,41,17,1000,paraphrase,correct,5,0.8,jobs\e5a03fb15905\runs\20261003T204627Z_synthetic\predictions.jsonl
newest-wins-cue_free,synthetic,lalm,41,41,17,5000,all,correct,50,0.46,jobs\e5a03fb15905\runs\20261003T204627Z_synthetic\predictions.jsonl
newest-wins-cue_free,synthetic,lalm,41,41,17,5000,stable_fact,correct,5,0.8,jobs\e5a03fb15905\runs\20261003T204627Z_synthetic\predictions.jsonl
newest-wins-cue_free,synthetic,lalm,41,41,17,5000,correction,correct,5,0.0,jobs\e5a03fb15905\runs\20261003T204627Z_synthetic\predictions.jsonl
newest-wins-cue_free,synthetic,lalm,41,41,17,5000,repeated_fact,correct,5,1.0,jobs\e5a03fb15905\runs\20261003T204627Z_synthetic\predictions.jsonl
newest-wins-cue_free,synthetic,lalm,41,41,17,5000,contradictory_update,correct,5,0.2,jobs\e5a03fb15905\runs\20261003T204627Z_synthetic\predictions.jsonl
newest-wins-cue_free,synthetic,lalm,41,41,17,5000,boolean,correct,5,0.0,jobs\e5a03fb15905\runs\20261003T204627Z_synthetic\predictions.jsonl
newest-wins-cue_free,synthetic,lalm,41,41,17,5000,goal,correct,5,0.4,jobs\e5a03fb15905\runs\20261003T204627Z_synthetic\predictions.jsonl
newest-wins-cue_free,synthetic,lalm,41,41,17,5000,response_style,correct,5,1.0,jobs\e5a03fb15905\runs\20261003T204627Z_synthetic\predictions.jsonl
newest-wins-cue_free,synthetic,lalm,41,41,17,5000,temporal,correct,5,0.2,jobs\e5a03fb15905\runs\20261003T204627Z_synthetic\predictions.jsonl
newest-wins-cue_free,synthetic,lalm,41,41,17,5000,multi_fact,correct,5,0.0,jobs\e5a03fb15905\runs\20261003T204627Z_synthetic\predictions.jsonl
newest-wins-cue_free,synthetic,lalm,41,41,17,5000,paraphrase,correct,5,1.0,jobs\e5a03fb15905\runs\20261003T204627Z_synthetic\predictions.jsonl
newest-wins-cue_free,synthetic,lalm,7,7,17,1000,all,correct,50,0.56,jobs\e5c2c06f123a\runs\20261003T202524Z_synthetic\predictions.jsonl
newest-wins-cue_free,synthetic,lalm,7,7,17,1000,stable_fact,correct,5,1.0,jobs\e5c2c06f123a\runs\20261003T202524Z_synthetic\predictions.jsonl
newest-wins-cue_free,synthetic,lalm,7,7,17,1000,correction,correct,5,0.0,jobs\e5c2c06f123a\runs\20261003T202524Z_synthetic\predictions.jsonl
newest-wins-cue_free,synthetic,lalm,7,7,17,1000,repeated_fact,correct,5,1.0,jobs\e5c2c06f123a\runs\20261003T202524Z_synthetic\predictions.jsonl
newest-wins-cue_free,synthetic,lalm,7,7,17,1000,contradictory_update,correct,5,0.0,jobs\e5c2c06f123a\runs\20261003T202524Z_synthetic\predictions.jsonl
newest-wins-cue_free,synthetic,lalm,7,7,17,1000,boolean,correct,5,0.2,jobs\e5c2c06f123a\runs\20261003T202524Z_synthetic\predictions.jsonl
newest-wins-cue_free,synthetic,lalm,7,7,17,1000,goal,correct,5,1.0,jobs\e5c2c06f123a\runs\20261003T202524Z_synthetic\predictions.jsonl
newest-wins-cue_free,synthetic,lalm,7,7,17,1000,response_style,correct,5,0.6,jobs\e5c2c06f123a\runs\20261003T202524Z_synthetic\predictions.jsonl
newest-wins-cue_free,synthetic,lalm,7,7,17,1000,temporal,correct,5,1.0,jobs\e5c2c06f123a\runs\20261003T202524Z_synthetic\predictions.jsonl
newest-wins-cue_free,synthetic,lalm,7,7,17,1000,multi_fact,correct,5,0.0,jobs\e5c2c06f123a\runs\20261003T202524Z_synthetic\predictions.jsonl
newest-wins-cue_free,synthetic,lalm,7,7,17,1000,paraphrase,correct,5,0.8,jobs\e5c2c06f123a\runs\20261003T202524Z_synthetic\predictions.jsonl
newest-wins-cue_free,synthetic,lalm,7,7,17,5000,all,correct,50,0.62,jobs\e5c2c06f123a\runs\20261003T202524Z_synthetic\predictions.jsonl
newest-wins-cue_free,synthetic,lalm,7,7,17,5000,stable_fact,correct,5,1.0,jobs\e5c2c06f123a\runs\20261003T202524Z_synthetic\predictions.jsonl
newest-wins-cue_free,synthetic,lalm,7,7,17,5000,correction,correct,5,0.0,jobs\e5c2c06f123a\runs\20261003T202524Z_synthetic\predictions.jsonl
newest-wins-cue_free,synthetic,lalm,7,7,17,5000,repeated_fact,correct,5,1.0,jobs\e5c2c06f123a\runs\20261003T202524Z_synthetic\predictions.jsonl
newest-wins-cue_free,synthetic,lalm,7,7,17,5000,contradictory_update,correct,5,0.2,jobs\e5c2c06f123a\runs\20261003T202524Z_synthetic\predictions.jsonl
newest-wins-cue_free,synthetic,lalm,7,7,17,5000,boolean,correct,5,0.2,jobs\e5c2c06f123a\runs\20261003T202524Z_synthetic\predictions.jsonl
newest-wins-cue_free,synthetic,lalm,7,7,17,5000,goal,correct,5,1.0,jobs\e5c2c06f123a\runs\20261003T202524Z_synthetic\predictions.jsonl
newest-wins-cue_free,synthetic,lalm,7,7,17,5000,response_style,correct,5,1.0,jobs\e5c2c06f123a\runs\20261003T202524Z_synthetic\predictions.jsonl
newest-wins-cue_free,synthetic,lalm,7,7,17,5000,temporal,correct,5,0.8,jobs\e5c2c06f123a\runs\20261003T202524Z_synthetic\predictions.jsonl
newest-wins-cue_free,synthetic,lalm,7,7,17,5000,multi_fact,correct,5,0.0,jobs\e5c2c06f123a\runs\20261003T202524Z_synthetic\predictions.jsonl
newest-wins-cue_free,synthetic,lalm,7,7,17,5000,paraphrase,correct,5,1.0,jobs\e5c2c06f123a\runs\20261003T202524Z_synthetic\predictions.jsonl
newest-wins-cue_free,synthetic,lalm,41,41,11,1000,all,correct,50,0.5,jobs\f15d20682383\runs\20261003T194932Z_synthetic\predictions.jsonl
newest-wins-cue_free,synthetic,lalm,41,41,11,1000,stable_fact,correct,5,1.0,jobs\f15d20682383\runs\20261003T194932Z_synthetic\predictions.jsonl
newest-wins-cue_free,synthetic,lalm,41,41,11,1000,correction,correct,5,0.0,jobs\f15d20682383\runs\20261003T194932Z_synthetic\predictions.jsonl
newest-wins-cue_free,synthetic,lalm,41,41,11,1000,repeated_fact,correct,5,1.0,jobs\f15d20682383\runs\20261003T194932Z_synthetic\predictions.jsonl
newest-wins-cue_free,synthetic,lalm,41,41,11,1000,contradictory_update,correct,5,0.0,jobs\f15d20682383\runs\20261003T194932Z_synthetic\predictions.jsonl
newest-wins-cue_free,synthetic,lalm,41,41,11,1000,boolean,correct,5,0.0,jobs\f15d20682383\runs\20261003T194932Z_synthetic\predictions.jsonl
newest-wins-cue_free,synthetic,lalm,41,41,11,1000,goal,correct,5,0.4,jobs\f15d20682383\runs\20261003T194932Z_synthetic\predictions.jsonl
newest-wins-cue_free,synthetic,lalm,41,41,11,1000,response_style,correct,5,1.0,jobs\f15d20682383\runs\20261003T194932Z_synthetic\predictions.jsonl
newest-wins-cue_free,synthetic,lalm,41,41,11,1000,temporal,correct,5,0.8,jobs\f15d20682383\runs\20261003T194932Z_synthetic\predictions.jsonl
newest-wins-cue_free,synthetic,lalm,41,41,11,1000,multi_fact,correct,5,0.0,jobs\f15d20682383\runs\20261003T194932Z_synthetic\predictions.jsonl
newest-wins-cue_free,synthetic,lalm,41,41,11,1000,paraphrase,correct,5,0.8,jobs\f15d20682383\runs\20261003T194932Z_synthetic\predictions.jsonl
newest-wins-cue_free,synthetic,lalm,41,41,11,5000,all,correct,50,0.5,jobs\f15d20682383\runs\20261003T194932Z_synthetic\predictions.jsonl
newest-wins-cue_free,synthetic,lalm,41,41,11,5000,stable_fact,correct,5,1.0,jobs\f15d20682383\runs\20261003T194932Z_synthetic\predictions.jsonl
newest-wins-cue_free,synthetic,lalm,41,41,11,5000,correction,correct,5,0.0,jobs\f15d20682383\runs\20261003T194932Z_synthetic\predictions.jsonl
newest-wins-cue_free,synthetic,lalm,41,41,11,5000,repeated_fact,correct,5,1.0,jobs\f15d20682383\runs\20261003T194932Z_synthetic\predictions.jsonl
newest-wins-cue_free,synthetic,lalm,41,41,11,5000,contradictory_update,correct,5,0.0,jobs\f15d20682383\runs\20261003T194932Z_synthetic\predictions.jsonl
newest-wins-cue_free,synthetic,lalm,41,41,11,5000,boolean,correct,5,0.0,jobs\f15d20682383\runs\20261003T194932Z_synthetic\predictions.jsonl
newest-wins-cue_free,synthetic,lalm,41,41,11,5000,goal,correct,5,0.8,jobs\f15d20682383\runs\20261003T194932Z_synthetic\predictions.jsonl
newest-wins-cue_free,synthetic,lalm,41,41,11,5000,response_style,correct,5,1.0,jobs\f15d20682383\runs\20261003T194932Z_synthetic\predictions.jsonl
newest-wins-cue_free,synthetic,lalm,41,41,11,5000,temporal,correct,5,0.4,jobs\f15d20682383\runs\20261003T194932Z_synthetic\predictions.jsonl
newest-wins-cue_free,synthetic,lalm,41,41,11,5000,multi_fact,correct,5,0.0,jobs\f15d20682383\runs\20261003T194932Z_synthetic\predictions.jsonl
newest-wins-cue_free,synthetic,lalm,41,41,11,5000,paraphrase,correct,5,0.8,jobs\f15d20682383\runs\20261003T194932Z_synthetic\predictions.jsonl
newest-wins-original,synthetic,lalm,23,23,17,100,all,correct,100,0.74,jobs\f38c4b31b8f6\runs\20261003T190551Z_synthetic\predictions.jsonl
newest-wins-original,synthetic,lalm,23,23,17,100,stable_fact,correct,10,1.0,jobs\f38c4b31b8f6\runs\20261003T190551Z_synthetic\predictions.jsonl
newest-wins-original,synthetic,lalm,23,23,17,100,correction,correct,10,1.0,jobs\f38c4b31b8f6\runs\20261003T190551Z_synthetic\predictions.jsonl
newest-wins-original,synthetic,lalm,23,23,17,100,repeated_fact,correct,10,1.0,jobs\f38c4b31b8f6\runs\20261003T190551Z_synthetic\predictions.jsonl
newest-wins-original,synthetic,lalm,23,23,17,100,contradictory_update,correct,10,1.0,jobs\f38c4b31b8f6\runs\20261003T190551Z_synthetic\predictions.jsonl
newest-wins-original,synthetic,lalm,23,23,17,100,boolean,correct,10,0.0,jobs\f38c4b31b8f6\runs\20261003T190551Z_synthetic\predictions.jsonl
newest-wins-original,synthetic,lalm,23,23,17,100,goal,correct,10,1.0,jobs\f38c4b31b8f6\runs\20261003T190551Z_synthetic\predictions.jsonl
newest-wins-original,synthetic,lalm,23,23,17,100,response_style,correct,10,0.7,jobs\f38c4b31b8f6\runs\20261003T190551Z_synthetic\predictions.jsonl
newest-wins-original,synthetic,lalm,23,23,17,100,temporal,correct,10,0.7,jobs\f38c4b31b8f6\runs\20261003T190551Z_synthetic\predictions.jsonl
newest-wins-original,synthetic,lalm,23,23,17,100,multi_fact,correct,10,0.0,jobs\f38c4b31b8f6\runs\20261003T190551Z_synthetic\predictions.jsonl
newest-wins-original,synthetic,lalm,23,23,17,100,paraphrase,correct,10,1.0,jobs\f38c4b31b8f6\runs\20261003T190551Z_synthetic\predictions.jsonl
newest-wins-original,synthetic,lalm,23,23,17,500,all,correct,75,0.6933333333333334,jobs\f38c4b31b8f6\runs\20261003T190551Z_synthetic\predictions.jsonl
newest-wins-original,synthetic,lalm,23,23,17,500,stable_fact,correct,8,1.0,jobs\f38c4b31b8f6\runs\20261003T190551Z_synthetic\predictions.jsonl
newest-wins-original,synthetic,lalm,23,23,17,500,correction,correct,8,1.0,jobs\f38c4b31b8f6\runs\20261003T190551Z_synthetic\predictions.jsonl
newest-wins-original,synthetic,lalm,23,23,17,500,repeated_fact,correct,8,1.0,jobs\f38c4b31b8f6\runs\20261003T190551Z_synthetic\predictions.jsonl
newest-wins-original,synthetic,lalm,23,23,17,500,contradictory_update,correct,8,0.875,jobs\f38c4b31b8f6\runs\20261003T190551Z_synthetic\predictions.jsonl
newest-wins-original,synthetic,lalm,23,23,17,500,boolean,correct,8,0.0,jobs\f38c4b31b8f6\runs\20261003T190551Z_synthetic\predictions.jsonl
newest-wins-original,synthetic,lalm,23,23,17,500,goal,correct,7,1.0,jobs\f38c4b31b8f6\runs\20261003T190551Z_synthetic\predictions.jsonl
newest-wins-original,synthetic,lalm,23,23,17,500,response_style,correct,7,0.8571428571428571,jobs\f38c4b31b8f6\runs\20261003T190551Z_synthetic\predictions.jsonl
newest-wins-original,synthetic,lalm,23,23,17,500,temporal,correct,7,0.2857142857142857,jobs\f38c4b31b8f6\runs\20261003T190551Z_synthetic\predictions.jsonl
newest-wins-original,synthetic,lalm,23,23,17,500,multi_fact,correct,7,0.0,jobs\f38c4b31b8f6\runs\20261003T190551Z_synthetic\predictions.jsonl
newest-wins-original,synthetic,lalm,23,23,17,500,paraphrase,correct,7,0.8571428571428571,jobs\f38c4b31b8f6\runs\20261003T190551Z_synthetic\predictions.jsonl
newest-wins-original,synthetic,lalm,23,23,17,1000,all,correct,50,0.7,jobs\f38c4b31b8f6\runs\20261003T190551Z_synthetic\predictions.jsonl
newest-wins-original,synthetic,lalm,23,23,17,1000,stable_fact,correct,5,1.0,jobs\f38c4b31b8f6\runs\20261003T190551Z_synthetic\predictions.jsonl
newest-wins-original,synthetic,lalm,23,23,17,1000,correction,correct,5,1.0,jobs\f38c4b31b8f6\runs\20261003T190551Z_synthetic\predictions.jsonl
newest-wins-original,synthetic,lalm,23,23,17,1000,repeated_fact,correct,5,1.0,jobs\f38c4b31b8f6\runs\20261003T190551Z_synthetic\predictions.jsonl
newest-wins-original,synthetic,lalm,23,23,17,1000,contradictory_update,correct,5,1.0,jobs\f38c4b31b8f6\runs\20261003T190551Z_synthetic\predictions.jsonl
newest-wins-original,synthetic,lalm,23,23,17,1000,boolean,correct,5,0.0,jobs\f38c4b31b8f6\runs\20261003T190551Z_synthetic\predictions.jsonl
newest-wins-original,synthetic,lalm,23,23,17,1000,goal,correct,5,1.0,jobs\f38c4b31b8f6\runs\20261003T190551Z_synthetic\predictions.jsonl
newest-wins-original,synthetic,lalm,23,23,17,1000,response_style,correct,5,0.8,jobs\f38c4b31b8f6\runs\20261003T190551Z_synthetic\predictions.jsonl
newest-wins-original,synthetic,lalm,23,23,17,1000,temporal,correct,5,0.4,jobs\f38c4b31b8f6\runs\20261003T190551Z_synthetic\predictions.jsonl
newest-wins-original,synthetic,lalm,23,23,17,1000,multi_fact,correct,5,0.0,jobs\f38c4b31b8f6\runs\20261003T190551Z_synthetic\predictions.jsonl
newest-wins-original,synthetic,lalm,23,23,17,1000,paraphrase,correct,5,0.8,jobs\f38c4b31b8f6\runs\20261003T190551Z_synthetic\predictions.jsonl
newest-wins-original,synthetic,lalm,23,23,17,5000,all,correct,50,0.72,jobs\f38c4b31b8f6\runs\20261003T190551Z_synthetic\predictions.jsonl
newest-wins-original,synthetic,lalm,23,23,17,5000,stable_fact,correct,5,1.0,jobs\f38c4b31b8f6\runs\20261003T190551Z_synthetic\predictions.jsonl
newest-wins-original,synthetic,lalm,23,23,17,5000,correction,correct,5,1.0,jobs\f38c4b31b8f6\runs\20261003T190551Z_synthetic\predictions.jsonl
newest-wins-original,synthetic,lalm,23,23,17,5000,repeated_fact,correct,5,1.0,jobs\f38c4b31b8f6\runs\20261003T190551Z_synthetic\predictions.jsonl
newest-wins-original,synthetic,lalm,23,23,17,5000,contradictory_update,correct,5,1.0,jobs\f38c4b31b8f6\runs\20261003T190551Z_synthetic\predictions.jsonl
newest-wins-original,synthetic,lalm,23,23,17,5000,boolean,correct,5,0.0,jobs\f38c4b31b8f6\runs\20261003T190551Z_synthetic\predictions.jsonl
newest-wins-original,synthetic,lalm,23,23,17,5000,goal,correct,5,1.0,jobs\f38c4b31b8f6\runs\20261003T190551Z_synthetic\predictions.jsonl
newest-wins-original,synthetic,lalm,23,23,17,5000,response_style,correct,5,0.6,jobs\f38c4b31b8f6\runs\20261003T190551Z_synthetic\predictions.jsonl
newest-wins-original,synthetic,lalm,23,23,17,5000,temporal,correct,5,0.8,jobs\f38c4b31b8f6\runs\20261003T190551Z_synthetic\predictions.jsonl
newest-wins-original,synthetic,lalm,23,23,17,5000,multi_fact,correct,5,0.0,jobs\f38c4b31b8f6\runs\20261003T190551Z_synthetic\predictions.jsonl
newest-wins-original,synthetic,lalm,23,23,17,5000,paraphrase,correct,5,0.8,jobs\f38c4b31b8f6\runs\20261003T190551Z_synthetic\predictions.jsonl
newest-wins-cue_free,synthetic,lalm,23,23,13,1000,all,correct,50,0.58,jobs\fe757ab58772\runs\20261003T200734Z_synthetic\predictions.jsonl
newest-wins-cue_free,synthetic,lalm,23,23,13,1000,stable_fact,correct,5,1.0,jobs\fe757ab58772\runs\20261003T200734Z_synthetic\predictions.jsonl
newest-wins-cue_free,synthetic,lalm,23,23,13,1000,correction,correct,5,0.4,jobs\fe757ab58772\runs\20261003T200734Z_synthetic\predictions.jsonl
newest-wins-cue_free,synthetic,lalm,23,23,13,1000,repeated_fact,correct,5,1.0,jobs\fe757ab58772\runs\20261003T200734Z_synthetic\predictions.jsonl
newest-wins-cue_free,synthetic,lalm,23,23,13,1000,contradictory_update,correct,5,0.2,jobs\fe757ab58772\runs\20261003T200734Z_synthetic\predictions.jsonl
newest-wins-cue_free,synthetic,lalm,23,23,13,1000,boolean,correct,5,0.0,jobs\fe757ab58772\runs\20261003T200734Z_synthetic\predictions.jsonl
newest-wins-cue_free,synthetic,lalm,23,23,13,1000,goal,correct,5,1.0,jobs\fe757ab58772\runs\20261003T200734Z_synthetic\predictions.jsonl
newest-wins-cue_free,synthetic,lalm,23,23,13,1000,response_style,correct,5,0.8,jobs\fe757ab58772\runs\20261003T200734Z_synthetic\predictions.jsonl
newest-wins-cue_free,synthetic,lalm,23,23,13,1000,temporal,correct,5,0.6,jobs\fe757ab58772\runs\20261003T200734Z_synthetic\predictions.jsonl
newest-wins-cue_free,synthetic,lalm,23,23,13,1000,multi_fact,correct,5,0.0,jobs\fe757ab58772\runs\20261003T200734Z_synthetic\predictions.jsonl
newest-wins-cue_free,synthetic,lalm,23,23,13,1000,paraphrase,correct,5,0.8,jobs\fe757ab58772\runs\20261003T200734Z_synthetic\predictions.jsonl
newest-wins-cue_free,synthetic,lalm,23,23,13,5000,all,correct,50,0.62,jobs\fe757ab58772\runs\20261003T200734Z_synthetic\predictions.jsonl
newest-wins-cue_free,synthetic,lalm,23,23,13,5000,stable_fact,correct,5,1.0,jobs\fe757ab58772\runs\20261003T200734Z_synthetic\predictions.jsonl
newest-wins-cue_free,synthetic,lalm,23,23,13,5000,correction,correct,5,0.2,jobs\fe757ab58772\runs\20261003T200734Z_synthetic\predictions.jsonl
newest-wins-cue_free,synthetic,lalm,23,23,13,5000,repeated_fact,correct,5,1.0,jobs\fe757ab58772\runs\20261003T200734Z_synthetic\predictions.jsonl
newest-wins-cue_free,synthetic,lalm,23,23,13,5000,contradictory_update,correct,5,0.0,jobs\fe757ab58772\runs\20261003T200734Z_synthetic\predictions.jsonl
newest-wins-cue_free,synthetic,lalm,23,23,13,5000,boolean,correct,5,0.0,jobs\fe757ab58772\runs\20261003T200734Z_synthetic\predictions.jsonl
newest-wins-cue_free,synthetic,lalm,23,23,13,5000,goal,correct,5,1.0,jobs\fe757ab58772\runs\20261003T200734Z_synthetic\predictions.jsonl
newest-wins-cue_free,synthetic,lalm,23,23,13,5000,response_style,correct,5,1.0,jobs\fe757ab58772\runs\20261003T200734Z_synthetic\predictions.jsonl
newest-wins-cue_free,synthetic,lalm,23,23,13,5000,temporal,correct,5,1.0,jobs\fe757ab58772\runs\20261003T200734Z_synthetic\predictions.jsonl
newest-wins-cue_free,synthetic,lalm,23,23,13,5000,multi_fact,correct,5,0.0,jobs\fe757ab58772\runs\20261003T200734Z_synthetic\predictions.jsonl
newest-wins-cue_free,synthetic,lalm,23,23,13,5000,paraphrase,correct,5,1.0,jobs\fe757ab58772\runs\20261003T200734Z_synthetic\predictions.jsonl
