example_id,agent,update_ms,read_ms,generation_ms,end_to_end_ms,model_loading_policy
conv-26-qa-0,lalm,2.576414070346398,16.10189999883005,178.91065000003437,197.58896406921082,one shared preloaded model
conv-26-qa-1,lalm,2.576414070346398,9.528799999316107,178.91065000003437,191.01586406969687,one shared preloaded model
conv-26-qa-2,lalm,2.576414070346398,10.627899999235524,178.91065000003437,192.1149640696163,one shared preloaded model
conv-26-qa-3,lalm,2.576414070346398,9.830599999986589,178.91065000003437,191.31766407036736,one shared preloaded model
conv-26-qa-4,lalm,2.576414070346398,7.356199999776436,188.34689999994225,198.2795140700651,one shared preloaded model
conv-26-qa-5,lalm,2.576414070346398,9.701699998913682,188.34689999994225,200.62501406920234,one shared preloaded model
conv-26-qa-6,lalm,2.576414070346398,9.284100000513718,188.34689999994225,200.20741407080237,one shared preloaded model
conv-26-qa-7,lalm,2.576414070346398,6.440900000598049,188.34689999994225,197.3642140708867,one shared preloaded model
conv-26-qa-8,lalm,2.576414070346398,9.004800000184332,116.90614999997706,128.4873640705078,one shared preloaded model
conv-26-qa-9,lalm,2.576414070346398,10.405499999251333,116.90614999997706,129.8880640695748,one shared preloaded model
conv-26-qa-10,lalm,2.576414070346398,9.850499998719897,116.90614999997706,129.33306406904336,one shared preloaded model
conv-26-qa-11,lalm,2.576414070346398,9.59559999864723,116.90614999997706,129.0781640689707,one shared preloaded model
conv-26-qa-12,lalm,2.576414070346398,6.001499999911175,88.82032500014247,97.39823907040005,one shared preloaded model
conv-26-qa-13,lalm,2.576414070346398,6.729300001097727,88.82032500014247,98.1260390715866,one shared preloaded model
conv-26-qa-14,lalm,2.576414070346398,10.760199998912867,88.82032500014247,102.15693906940174,one shared preloaded model
conv-26-qa-15,lalm,2.576414070346398,9.156199999779346,88.82032500014247,100.55293907026822,one shared preloaded model
conv-26-qa-16,lalm,2.576414070346398,6.433900000047288,157.84862500004238,166.85893907043607,one shared preloaded model
conv-26-qa-17,lalm,2.576414070346398,6.703200000629295,157.84862500004238,167.12823907101807,one shared preloaded model
conv-26-qa-18,lalm,2.576414070346398,6.241099999897415,157.84862500004238,166.6661390702862,one shared preloaded model
conv-26-qa-19,lalm,2.576414070346398,7.164399999965099,157.84862500004238,167.58943907035388,one shared preloaded model
conv-26-qa-20,lalm,2.576414070346398,7.1975999999267515,86.68342500004655,96.45743907031971,one shared preloaded model
conv-26-qa-21,lalm,2.576414070346398,9.490999998888583,86.68342500004655,98.75083906928154,one shared preloaded model
conv-26-qa-22,lalm,2.576414070346398,10.26359999923443,86.68342500004655,99.52343906962739,one shared preloaded model
conv-26-qa-23,lalm,2.576414070346398,9.39239999934216,86.68342500004655,98.65223906973512,one shared preloaded model
conv-26-qa-24,lalm,2.576414070346398,6.720699999277713,197.98797500016008,207.2850890697842,one shared preloaded model
conv-26-qa-25,lalm,2.576414070346398,9.762899999259389,197.98797500016008,210.32728906976587,one shared preloaded model
conv-26-qa-26,lalm,2.576414070346398,9.553200001391815,197.98797500016008,210.1175890718983,one shared preloaded model
conv-26-qa-27,lalm,2.576414070346398,9.513900000456488,197.98797500016008,210.07828907096297,one shared preloaded model
conv-26-qa-28,lalm,2.576414070346398,6.0574000017368235,160.17172499959997,168.8055390716832,one shared preloaded model
conv-26-qa-29,lalm,2.576414070346398,6.402700000762707,160.17172499959997,169.15083907070908,one shared preloaded model
conv-26-qa-30,lalm,2.576414070346398,6.364000000758097,160.17172499959997,169.11213907070447,one shared preloaded model
conv-26-qa-31,lalm,2.576414070346398,6.275100000493694,160.17172499959997,169.02323907044007,one shared preloaded model
conv-26-qa-32,lalm,2.576414070346398,6.55910000023141,130.3755750000164,139.5110890705942,one shared preloaded model
conv-26-qa-33,lalm,2.576414070346398,9.851599999819882,130.3755750000164,142.80358907018268,one shared preloaded model
conv-26-qa-34,lalm,2.576414070346398,9.99989999945683,130.3755750000164,142.95188906981963,one shared preloaded model
conv-26-qa-35,lalm,2.576414070346398,9.489599999142229,130.3755750000164,142.44158906950503,one shared preloaded model
conv-26-qa-36,lalm,2.576414070346398,6.378800000675255,166.2723750000623,175.22758907108397,one shared preloaded model
conv-26-qa-37,lalm,2.576414070346398,9.688500000265776,166.2723750000623,178.5372890706745,one shared preloaded model
conv-26-qa-38,lalm,2.576414070346398,9.252500000002328,166.2723750000623,178.10128907041104,one shared preloaded model
conv-26-qa-39,lalm,2.576414070346398,9.791800001039519,166.2723750000623,178.64058907144823,one shared preloaded model
conv-26-qa-40,lalm,2.576414070346398,6.464199999754783,86.01614999997764,95.05676407007883,one shared preloaded model
conv-26-qa-41,lalm,2.576414070346398,10.03130000026431,86.01614999997764,98.62386407058835,one shared preloaded model
conv-26-qa-42,lalm,2.576414070346398,9.912899999108049,86.01614999997764,98.5054640694321,one shared preloaded model
conv-26-qa-43,lalm,2.576414070346398,5.189100000279723,86.01614999997764,93.78166407060377,one shared preloaded model
conv-26-qa-44,lalm,2.576414070346398,6.426699999792618,125.06667499974355,134.06978906988257,one shared preloaded model
conv-26-qa-45,lalm,2.576414070346398,5.513400001291302,125.06667499974355,133.15648907138126,one shared preloaded model
conv-26-qa-46,lalm,2.576414070346398,5.400899999585818,125.06667499974355,133.04398906967577,one shared preloaded model
conv-26-qa-47,lalm,2.576414070346398,8.574999999837019,125.06667499974355,136.21808906992698,one shared preloaded model
conv-26-qa-48,lalm,2.576414070346398,6.719999999404536,158.9830500001881,168.27946406993902,one shared preloaded model
conv-26-qa-49,lalm,2.576414070346398,10.496800001419615,158.9830500001881,172.0562640719541,one shared preloaded model
conv-26-qa-50,lalm,2.576414070346398,6.362099999023485,158.9830500001881,167.92156406955797,one shared preloaded model
conv-26-qa-51,lalm,2.576414070346398,5.97849999940081,158.9830500001881,167.5379640699353,one shared preloaded model
conv-26-qa-52,lalm,2.576414070346398,5.814600001031067,166.56162499975835,174.95263907113582,one shared preloaded model
conv-26-qa-53,lalm,2.576414070346398,5.311099999744329,166.56162499975835,174.44913906984908,one shared preloaded model
conv-26-qa-54,lalm,2.576414070346398,6.117700000686455,166.56162499975835,175.2557390707912,one shared preloaded model
conv-26-qa-55,lalm,2.576414070346398,6.43330000093556,166.56162499975835,175.5713390710403,one shared preloaded model
conv-26-qa-56,lalm,2.576414070346398,6.542799999806448,162.2095999996418,171.32881406979465,one shared preloaded model
conv-26-qa-57,lalm,2.576414070346398,9.638500001528882,162.2095999996418,174.42451407151708,one shared preloaded model
conv-26-qa-58,lalm,2.576414070346398,9.356799999295617,162.2095999996418,174.14281406928382,one shared preloaded model
conv-26-qa-59,lalm,2.576414070346398,9.947900000042864,162.2095999996418,174.73391407003106,one shared preloaded model
conv-26-qa-60,lalm,2.576414070346398,6.236699999135453,265.848675000143,274.66178906962483,one shared preloaded model
conv-26-qa-61,lalm,2.576414070346398,9.785499998542946,265.848675000143,278.2105890690323,one shared preloaded model
conv-26-qa-62,lalm,2.576414070346398,9.360500000184402,265.848675000143,277.7855890706738,one shared preloaded model
conv-26-qa-63,lalm,2.576414070346398,9.973700000045937,265.848675000143,278.3987890705353,one shared preloaded model
conv-26-qa-64,lalm,2.576414070346398,6.806600000345497,92.45097499979238,101.83398907048428,one shared preloaded model
conv-26-qa-65,lalm,2.576414070346398,5.3508000000874745,92.45097499979238,100.37818907022626,one shared preloaded model
conv-26-qa-66,lalm,2.576414070346398,5.861199999344535,92.45097499979238,100.88858906948332,one shared preloaded model
conv-26-qa-67,lalm,2.576414070346398,8.990100001028623,92.45097499979238,104.0174890711674,one shared preloaded model
conv-26-qa-68,lalm,2.576414070346398,6.470399999670917,166.59134999963499,175.6381640696523,one shared preloaded model
conv-26-qa-69,lalm,2.576414070346398,10.097899999891524,166.59134999963499,179.2656640698729,one shared preloaded model
conv-26-qa-70,lalm,2.576414070346398,9.810499999730382,166.59134999963499,178.97826406971177,one shared preloaded model
conv-26-qa-71,lalm,2.576414070346398,9.855600001174025,166.59134999963499,179.0233640711554,one shared preloaded model
conv-26-qa-72,lalm,2.576414070346398,7.184800000686664,164.6161500002563,174.37736407128938,one shared preloaded model
conv-26-qa-73,lalm,2.576414070346398,10.513499999433407,164.6161500002563,177.70606407003612,one shared preloaded model
conv-26-qa-74,lalm,2.576414070346398,10.100800000145682,164.6161500002563,177.2933640707484,one shared preloaded model
conv-26-qa-75,lalm,2.576414070346398,9.574300000167568,164.6161500002563,176.76686407077028,one shared preloaded model
conv-26-qa-76,lalm,2.576414070346398,6.168699999761884,194.97454999964248,203.71966406975076,one shared preloaded model
conv-26-qa-77,lalm,2.576414070346398,5.4959000008238945,194.97454999964248,203.04686407081277,one shared preloaded model
conv-26-qa-78,lalm,2.576414070346398,6.581499999811058,194.97454999964248,204.13246406979994,one shared preloaded model
conv-26-qa-79,lalm,2.576414070346398,9.654599998611957,194.97454999964248,207.20556406860084,one shared preloaded model
conv-26-qa-80,lalm,2.576414070346398,6.505000001197914,184.72400000018752,193.80541407173183,one shared preloaded model
conv-26-qa-81,lalm,2.576414070346398,9.984300000724033,184.72400000018752,197.28471407125795,one shared preloaded model
conv-26-qa-82,lalm,2.576414070346398,9.253000000171596,184.72400000018752,196.55341407070551,one shared preloaded model
conv-26-qa-83,lalm,2.576414070346398,9.387800000695279,184.72400000018752,196.6882140712292,one shared preloaded model
conv-26-qa-84,lalm,2.576414070346398,6.374799999321112,118.94449999999779,127.8957140696653,one shared preloaded model
conv-26-qa-85,lalm,2.576414070346398,9.616399998776615,118.94449999999779,131.1373140691208,one shared preloaded model
conv-26-qa-86,lalm,2.576414070346398,7.054599998809863,118.94449999999779,128.57551406915405,one shared preloaded model
conv-26-qa-87,lalm,2.576414070346398,6.136399999377318,118.94449999999779,127.65731406972151,one shared preloaded model
conv-26-qa-88,lalm,2.576414070346398,5.978000001050532,253.92589999955817,262.4803140709551,one shared preloaded model
conv-26-qa-89,lalm,2.576414070346398,10.21490000130143,253.92589999955817,266.717214071206,one shared preloaded model
conv-26-qa-90,lalm,2.576414070346398,9.655699999711942,253.92589999955817,266.1580140696165,one shared preloaded model
conv-26-qa-91,lalm,2.576414070346398,9.269800000765827,253.92589999955817,265.7721140706704,one shared preloaded model
conv-26-qa-92,lalm,2.576414070346398,6.248899999263813,191.52940000003582,200.35471406964604,one shared preloaded model
conv-26-qa-93,lalm,2.576414070346398,8.053800000197953,191.52940000003582,202.15961407058018,one shared preloaded model
conv-26-qa-94,lalm,2.576414070346398,6.192299999383977,191.52940000003582,200.2981140697662,one shared preloaded model
conv-26-qa-95,lalm,2.576414070346398,5.849300001500524,191.52940000003582,199.95511407188275,one shared preloaded model
conv-26-qa-96,lalm,2.576414070346398,6.942099998923368,284.38682499972856,293.90533906899833,one shared preloaded model
conv-26-qa-97,lalm,2.576414070346398,9.562999999616295,284.38682499972856,296.52623906969126,one shared preloaded model
conv-26-qa-98,lalm,2.576414070346398,9.62219999928493,284.38682499972856,296.5854390693599,one shared preloaded model
conv-26-qa-99,lalm,2.576414070346398,9.73589999921387,284.38682499972856,296.69913906928883,one shared preloaded model
conv-26-qa-100,lalm,2.576414070346398,6.891199998790398,217.67367499978718,227.14128906892398,one shared preloaded model
conv-26-qa-101,lalm,2.576414070346398,10.2441999988514,217.67367499978718,230.49428906898498,one shared preloaded model
conv-26-qa-102,lalm,2.576414070346398,9.589400000550086,217.67367499978718,229.83948907068367,one shared preloaded model
conv-26-qa-103,lalm,2.576414070346398,9.23039999906905,217.67367499978718,229.48048906920263,one shared preloaded model
conv-26-qa-104,lalm,2.576414070346398,6.456999999500113,200.6822249995821,209.71563906942862,one shared preloaded model
conv-26-qa-105,lalm,2.576414070346398,9.734100000059698,200.6822249995821,212.9927390699882,one shared preloaded model
conv-26-qa-106,lalm,2.576414070346398,9.432900000319933,200.6822249995821,212.69153907024844,one shared preloaded model
conv-26-qa-107,lalm,2.576414070346398,9.579300000041258,200.6822249995821,212.83793906996976,one shared preloaded model
conv-26-qa-108,lalm,2.576414070346398,6.575900000825641,84.59099999981845,93.7433140709905,one shared preloaded model
conv-26-qa-109,lalm,2.576414070346398,10.286599999744794,84.59099999981845,97.45401406990965,one shared preloaded model
conv-26-qa-110,lalm,2.576414070346398,9.814200000619167,84.59099999981845,96.98161407078402,one shared preloaded model
conv-26-qa-111,lalm,2.576414070346398,9.531199999400997,84.59099999981845,96.69861406956585,one shared preloaded model
conv-26-qa-112,lalm,2.576414070346398,7.253100000525592,192.1953749997556,202.02488907062758,one shared preloaded model
conv-26-qa-113,lalm,2.576414070346398,10.696900000766618,192.1953749997556,205.4686890708686,one shared preloaded model
conv-26-qa-114,lalm,2.576414070346398,9.36589999946591,192.1953749997556,204.1376890695679,one shared preloaded model
conv-26-qa-115,lalm,2.576414070346398,6.584099999599857,192.1953749997556,201.35588906970185,one shared preloaded model
conv-26-qa-116,lalm,2.576414070346398,6.255899999814574,187.07260000019232,195.9049140703533,one shared preloaded model
conv-26-qa-117,lalm,2.576414070346398,5.912900000112131,187.07260000019232,195.56191407065086,one shared preloaded model
conv-26-qa-118,lalm,2.576414070346398,5.801699999210541,187.07260000019232,195.45071406974927,one shared preloaded model
conv-26-qa-119,lalm,2.576414070346398,6.612399998630281,187.07260000019232,196.261414069169,one shared preloaded model
conv-26-qa-120,lalm,2.576414070346398,6.832700000813929,127.09499999982654,136.50411407098687,one shared preloaded model
conv-26-qa-121,lalm,2.576414070346398,10.114100001374027,127.09499999982654,139.78551407154697,one shared preloaded model
conv-26-qa-122,lalm,2.576414070346398,9.657000000515836,127.09499999982654,139.32841407068878,one shared preloaded model
conv-26-qa-123,lalm,2.576414070346398,9.73840000006021,127.09499999982654,139.40981407023315,one shared preloaded model
conv-26-qa-124,lalm,2.576414070346398,5.885500000658794,86.4078999998128,94.869814070818,one shared preloaded model
conv-26-qa-125,lalm,2.576414070346398,6.020599999828846,86.4078999998128,95.00491406998805,one shared preloaded model
conv-26-qa-126,lalm,2.576414070346398,5.435600000055274,86.4078999998128,94.41991407021447,one shared preloaded model
conv-26-qa-127,lalm,2.576414070346398,5.790199998955359,86.4078999998128,94.77451406911456,one shared preloaded model
conv-26-qa-128,lalm,2.576414070346398,6.3824000008025905,236.11457500010147,245.07338907125046,one shared preloaded model
conv-26-qa-129,lalm,2.576414070346398,9.768699999767705,236.11457500010147,248.45968907021557,one shared preloaded model
conv-26-qa-130,lalm,2.576414070346398,9.63690000025963,236.11457500010147,248.3278890707075,one shared preloaded model
conv-26-qa-131,lalm,2.576414070346398,9.529199998723925,236.11457500010147,248.2201890691718,one shared preloaded model
conv-26-qa-132,lalm,2.576414070346398,7.243300000482122,300.57834999979605,310.39806407062457,one shared preloaded model
conv-26-qa-133,lalm,2.576414070346398,5.519500000445987,300.57834999979605,308.67426407058844,one shared preloaded model
conv-26-qa-134,lalm,2.576414070346398,5.530799999178271,300.57834999979605,308.6855640693207,one shared preloaded model
conv-26-qa-135,lalm,2.576414070346398,6.794200000513229,300.57834999979605,309.9489640706557,one shared preloaded model
conv-26-qa-136,lalm,2.576414070346398,6.494899998870096,89.32012500008568,98.39143906930218,one shared preloaded model
conv-26-qa-137,lalm,2.576414070346398,9.952299998985836,89.32012500008568,101.84883906941792,one shared preloaded model
conv-26-qa-138,lalm,2.576414070346398,10.646599999745376,89.32012500008568,102.54313907017746,one shared preloaded model
conv-26-qa-139,lalm,2.576414070346398,9.616900000764872,89.32012500008568,101.51343907119696,one shared preloaded model
conv-26-qa-140,lalm,2.576414070346398,7.289699999091681,113.59575000005862,123.4618640694967,one shared preloaded model
conv-26-qa-141,lalm,2.576414070346398,10.401800000181538,113.59575000005862,126.57396407058656,one shared preloaded model
conv-26-qa-142,lalm,2.576414070346398,9.570700000040233,113.59575000005862,125.74286407044525,one shared preloaded model
conv-26-qa-143,lalm,2.576414070346398,9.483300000283634,113.59575000005862,125.65546407068865,one shared preloaded model
conv-26-qa-144,lalm,2.576414070346398,6.3704999993206,200.01554999998916,208.96246406965616,one shared preloaded model
conv-26-qa-145,lalm,2.576414070346398,9.563800000250922,200.01554999998916,212.15576407058649,one shared preloaded model
conv-26-qa-146,lalm,2.576414070346398,9.826400000747526,200.01554999998916,212.4183640710831,one shared preloaded model
conv-26-qa-147,lalm,2.576414070346398,9.010499999931199,200.01554999998916,211.60246407026676,one shared preloaded model
conv-26-qa-148,lalm,2.576414070346398,6.478799999968032,157.97167500022624,167.02688907054068,one shared preloaded model
conv-26-qa-149,lalm,2.576414070346398,9.688799998912145,157.97167500022624,170.2368890694848,one shared preloaded model
conv-26-qa-150,lalm,2.576414070346398,10.141599999769824,157.97167500022624,170.68968907034247,one shared preloaded model
conv-26-qa-151,lalm,2.576414070346398,10.366800001065712,157.97167500022624,170.91488907163836,one shared preloaded model
conv-26-qa-152,lalm,2.576414070346398,5.953699999736273,84.56362500010073,93.0937390701834,one shared preloaded model
conv-26-qa-153,lalm,2.576414070346398,5.794900000182679,84.56362500010073,92.93493907062981,one shared preloaded model
conv-26-qa-154,lalm,2.576414070346398,9.686699999292614,84.56362500010073,96.82673906973974,one shared preloaded model
conv-26-qa-155,lalm,2.576414070346398,9.609000000637025,84.56362500010073,96.74903907108416,one shared preloaded model
conv-26-qa-156,lalm,2.576414070346398,6.538800000271294,285.3423000001385,294.4575140707562,one shared preloaded model
conv-26-qa-157,lalm,2.576414070346398,9.596600000804756,285.3423000001385,297.51531407128965,one shared preloaded model
conv-26-qa-158,lalm,2.576414070346398,9.966499999791267,285.3423000001385,297.88521407027616,one shared preloaded model
conv-26-qa-159,lalm,2.576414070346398,9.60559999839461,285.3423000001385,297.5243140688795,one shared preloaded model
conv-26-qa-160,lalm,2.576414070346398,6.5622999991319375,179.09245000009832,188.23116406957666,one shared preloaded model
conv-26-qa-161,lalm,2.576414070346398,9.761600000274484,179.09245000009832,191.4304640707192,one shared preloaded model
conv-26-qa-162,lalm,2.576414070346398,9.35620000018389,179.09245000009832,191.02506407062862,one shared preloaded model
conv-26-qa-163,lalm,2.576414070346398,9.465700000873767,179.09245000009832,191.1345640713185,one shared preloaded model
conv-26-qa-164,lalm,2.576414070346398,9.430000000065775,163.87650000024223,175.8829140706544,one shared preloaded model
conv-26-qa-165,lalm,2.576414070346398,9.650899999542162,163.87650000024223,176.1038140701308,one shared preloaded model
conv-26-qa-166,lalm,2.576414070346398,6.67059999977937,163.87650000024223,173.123514070368,one shared preloaded model
conv-26-qa-167,lalm,2.576414070346398,6.3147999990178505,163.87650000024223,172.76771406960648,one shared preloaded model
conv-26-qa-168,lalm,2.576414070346398,6.16009999976086,172.10647499996412,180.84298907007138,one shared preloaded model
conv-26-qa-169,lalm,2.576414070346398,7.027100000414066,172.10647499996412,181.7099890707246,one shared preloaded model
conv-26-qa-170,lalm,2.576414070346398,9.80830000116839,172.10647499996412,184.4911890714789,one shared preloaded model
conv-26-qa-171,lalm,2.576414070346398,9.417699999175966,172.10647499996412,184.1005890694865,one shared preloaded model
conv-26-qa-172,lalm,2.576414070346398,7.596299999931944,158.57527500020296,168.7479890704813,one shared preloaded model
conv-26-qa-173,lalm,2.576414070346398,9.417000001121778,158.57527500020296,170.56868907167114,one shared preloaded model
conv-26-qa-174,lalm,2.576414070346398,9.790999998585903,158.57527500020296,170.94268906913527,one shared preloaded model
conv-26-qa-175,lalm,2.576414070346398,10.172500000408036,158.57527500020296,171.3241890709574,one shared preloaded model
conv-26-qa-176,lalm,2.576414070346398,8.755200000450714,215.23165000007793,226.56326407087505,one shared preloaded model
conv-26-qa-177,lalm,2.576414070346398,5.474400000821333,215.23165000007793,223.28246407124567,one shared preloaded model
conv-26-qa-178,lalm,2.576414070346398,6.187499999214197,215.23165000007793,223.99556406963853,one shared preloaded model
conv-26-qa-179,lalm,2.576414070346398,6.287200001679594,215.23165000007793,224.09526407210393,one shared preloaded model
conv-26-qa-180,lalm,2.576414070346398,6.697900000290247,127.87655000011,137.15086407074665,one shared preloaded model
conv-26-qa-181,lalm,2.576414070346398,9.65879999967001,127.87655000011,140.1117640701264,one shared preloaded model
conv-26-qa-182,lalm,2.576414070346398,9.855799999058945,127.87655000011,140.30876406951535,one shared preloaded model
conv-26-qa-183,lalm,2.576414070346398,9.161300000414485,127.87655000011,139.6142640708709,one shared preloaded model
conv-26-qa-184,lalm,2.576414070346398,8.720100000573439,194.34034999994765,205.6368640708675,one shared preloaded model
conv-26-qa-185,lalm,2.576414070346398,5.156600000191247,194.34034999994765,202.0733640704853,one shared preloaded model
conv-26-qa-186,lalm,2.576414070346398,9.362700000565383,194.34034999994765,206.27946407085943,one shared preloaded model
conv-26-qa-187,lalm,2.576414070346398,9.786299999177572,194.34034999994765,206.70306406947162,one shared preloaded model
conv-26-qa-188,lalm,2.576414070346398,5.883800000447081,84.14162500002931,92.60183907082279,one shared preloaded model
conv-26-qa-189,lalm,2.576414070346398,6.169899999804329,84.14162500002931,92.88793907018004,one shared preloaded model
conv-26-qa-190,lalm,2.576414070346398,9.063700001206598,84.14162500002931,95.78173907158231,one shared preloaded model
conv-26-qa-191,lalm,2.576414070346398,9.51840000016091,84.14162500002931,96.23643907053662,one shared preloaded model
conv-26-qa-192,lalm,2.576414070346398,6.1451999990822515,172.4088999999367,181.13051406936535,one shared preloaded model
conv-26-qa-193,lalm,2.576414070346398,5.202000000281259,172.4088999999367,180.18731407056436,one shared preloaded model
conv-26-qa-194,lalm,2.576414070346398,5.767200000263983,172.4088999999367,180.75251407054708,one shared preloaded model
conv-26-qa-195,lalm,2.576414070346398,5.73170000097889,172.4088999999367,180.71701407126199,one shared preloaded model
conv-26-qa-196,lalm,2.576414070346398,6.781399999454152,454.5839999997649,463.94181406956545,one shared preloaded model
conv-26-qa-197,lalm,2.576414070346398,9.272299999793177,454.5839999997649,466.4327140699045,one shared preloaded model
conv-26-qa-198,lalm,2.576414070346398,9.570399999574875,454.5839999997649,466.7308140696862,one shared preloaded model
conv-30-qa-0,lalm,4.021011428579056,9.602300000551622,147.97392499986017,161.59723642899084,one shared preloaded model
conv-30-qa-1,lalm,4.021011428579056,9.734600000228966,147.97392499986017,161.72953642866818,one shared preloaded model
conv-30-qa-2,lalm,4.021011428579056,9.630099999412778,147.97392499986017,161.625036427852,one shared preloaded model
conv-30-qa-3,lalm,4.021011428579056,9.613199999876088,147.97392499986017,161.6081364283153,one shared preloaded model
conv-30-qa-4,lalm,4.021011428579056,6.94149999981164,190.4942750002192,201.4567864286099,one shared preloaded model
conv-30-qa-5,lalm,4.021011428579056,9.239700000762241,190.4942750002192,203.7549864295605,one shared preloaded model
conv-30-qa-6,lalm,4.021011428579056,9.57399999970221,190.4942750002192,204.08928642850046,one shared preloaded model
conv-30-qa-7,lalm,4.021011428579056,9.426799999346258,190.4942750002192,203.9420864281445,one shared preloaded model
conv-30-qa-8,lalm,4.021011428579056,6.410699999833014,115.38727500010282,125.81898642851489,one shared preloaded model
conv-30-qa-9,lalm,4.021011428579056,5.291900000884198,115.38727500010282,124.70018642956607,one shared preloaded model
conv-30-qa-10,lalm,4.021011428579056,5.646899999192101,115.38727500010282,125.05518642787398,one shared preloaded model
conv-30-qa-11,lalm,4.021011428579056,9.366399999635178,115.38727500010282,128.77468642831704,one shared preloaded model
conv-30-qa-12,lalm,4.021011428579056,6.139700000858284,201.26165000010587,211.4223614295432,one shared preloaded model
conv-30-qa-13,lalm,4.021011428579056,5.29639999876963,201.26165000010587,210.57906142745455,one shared preloaded model
conv-30-qa-14,lalm,4.021011428579056,5.494499999258551,201.26165000010587,210.77716142794347,one shared preloaded model
conv-30-qa-15,lalm,4.021011428579056,6.256999999095569,201.26165000010587,211.5396614277805,one shared preloaded model
conv-30-qa-16,lalm,4.021011428579056,6.8864999993820675,243.17287499980011,254.08038642776123,one shared preloaded model
conv-30-qa-17,lalm,4.021011428579056,9.711000000606873,243.17287499980011,256.90488642898606,one shared preloaded model
conv-30-qa-18,lalm,4.021011428579056,9.676900001068134,243.17287499980011,256.8707864294473,one shared preloaded model
conv-30-qa-19,lalm,4.021011428579056,9.757900001204689,243.17287499980011,256.9517864295839,one shared preloaded model
conv-30-qa-20,lalm,4.021011428579056,6.577600001037354,242.3069999999825,252.9056114295989,one shared preloaded model
conv-30-qa-21,lalm,4.021011428579056,10.033299999122391,242.3069999999825,256.361311427684,one shared preloaded model
conv-30-qa-22,lalm,4.021011428579056,10.24630000028992,242.3069999999825,256.5743114288515,one shared preloaded model
conv-30-qa-23,lalm,4.021011428579056,6.010299999616109,242.3069999999825,252.33831142817766,one shared preloaded model
conv-30-qa-24,lalm,4.021011428579056,6.514099999549217,325.84924999991927,336.38436142804755,one shared preloaded model
conv-30-qa-25,lalm,4.021011428579056,9.251699999367702,325.84924999991927,339.12196142786604,one shared preloaded model
conv-30-qa-26,lalm,4.021011428579056,9.914199999911943,325.84924999991927,339.7844614284103,one shared preloaded model
conv-30-qa-27,lalm,4.021011428579056,9.223700000802637,325.84924999991927,339.093961429301,one shared preloaded model
conv-30-qa-28,lalm,4.021011428579056,6.0154000002512475,191.9259249998504,201.9623364286807,one shared preloaded model
conv-30-qa-29,lalm,4.021011428579056,6.102999999711756,191.9259249998504,202.0499364281412,one shared preloaded model
conv-30-qa-30,lalm,4.021011428579056,9.890200000882032,191.9259249998504,205.83713642931147,one shared preloaded model
conv-30-qa-31,lalm,4.021011428579056,9.437799999432173,191.9259249998504,205.3847364278616,one shared preloaded model
conv-30-qa-32,lalm,4.021011428579056,8.162300000549294,151.24292500013325,163.4262364292616,one shared preloaded model
conv-30-qa-33,lalm,4.021011428579056,9.352499999295105,151.24292500013325,164.6164364280074,one shared preloaded model
conv-30-qa-34,lalm,4.021011428579056,10.019600000305218,151.24292500013325,165.28353642901752,one shared preloaded model
conv-30-qa-35,lalm,4.021011428579056,9.812500000407454,151.24292500013325,165.07643642911975,one shared preloaded model
conv-30-qa-36,lalm,4.021011428579056,7.230500001242035,83.02085000013903,94.27236142996013,one shared preloaded model
conv-30-qa-37,lalm,4.021011428579056,9.505800000624731,83.02085000013903,96.54766142934282,one shared preloaded model
conv-30-qa-38,lalm,4.021011428579056,9.85229999969306,83.02085000013903,96.89416142841115,one shared preloaded model
conv-30-qa-39,lalm,4.021011428579056,9.708899999168352,83.02085000013903,96.75076142788645,one shared preloaded model
conv-30-qa-40,lalm,4.021011428579056,6.685700000161887,231.58965000038734,242.29636142912827,one shared preloaded model
conv-30-qa-41,lalm,4.021011428579056,9.99249999949825,231.58965000038734,245.60316142846463,one shared preloaded model
conv-30-qa-42,lalm,4.021011428579056,10.097500000483706,231.58965000038734,245.7081614294501,one shared preloaded model
conv-30-qa-43,lalm,4.021011428579056,9.37069999963569,231.58965000038734,244.98136142860207,one shared preloaded model
conv-30-qa-44,lalm,4.021011428579056,6.850600000689155,155.12494999984483,165.99656142911303,one shared preloaded model
conv-30-qa-45,lalm,4.021011428579056,9.845300000961288,155.12494999984483,168.99126142938516,one shared preloaded model
conv-30-qa-46,lalm,4.021011428579056,9.597100000974024,155.12494999984483,168.7430614293979,one shared preloaded model
conv-30-qa-47,lalm,4.021011428579056,9.637900000598165,155.12494999984483,168.78386142902204,one shared preloaded model
conv-30-qa-48,lalm,4.021011428579056,6.02949999847624,359.4067499998346,369.4572614268899,one shared preloaded model
conv-30-qa-49,lalm,4.021011428579056,10.266199999023229,359.4067499998346,373.6939614274369,one shared preloaded model
conv-30-qa-50,lalm,4.021011428579056,9.44089999939024,359.4067499998346,372.8686614278039,one shared preloaded model
conv-30-qa-51,lalm,4.021011428579056,9.551000001010834,359.4067499998346,372.9787614294245,one shared preloaded model
conv-30-qa-52,lalm,4.021011428579056,6.470299998909468,407.5105000001713,418.00181142765985,one shared preloaded model
conv-30-qa-53,lalm,4.021011428579056,9.839399999691523,407.5105000001713,421.3709114284419,one shared preloaded model
conv-30-qa-54,lalm,4.021011428579056,9.5567000007577,407.5105000001713,421.0882114295081,one shared preloaded model
conv-30-qa-55,lalm,4.021011428579056,5.926800000452204,407.5105000001713,417.4583114292026,one shared preloaded model
conv-30-qa-56,lalm,4.021011428579056,6.658899999820278,209.93599999974322,220.61591142814254,one shared preloaded model
conv-30-qa-57,lalm,4.021011428579056,9.85680000121647,209.93599999974322,223.81381142953873,one shared preloaded model
conv-30-qa-58,lalm,4.021011428579056,9.272399998735636,209.93599999974322,223.2294114270579,one shared preloaded model
conv-30-qa-59,lalm,4.021011428579056,9.93190000008326,209.93599999974322,223.88891142840552,one shared preloaded model
conv-30-qa-60,lalm,4.021011428579056,8.725300000151037,305.91777499967066,318.66408642840076,one shared preloaded model
conv-30-qa-61,lalm,4.021011428579056,10.008999999627122,305.91777499967066,319.94778642787685,one shared preloaded model
conv-30-qa-62,lalm,4.021011428579056,9.707900000648806,305.91777499967066,319.64668642889853,one shared preloaded model
conv-30-qa-63,lalm,4.021011428579056,9.809600000153296,305.91777499967066,319.748386428403,one shared preloaded model
conv-30-qa-64,lalm,4.021011428579056,6.766799999240902,188.11332499990385,198.9011364277238,one shared preloaded model
conv-30-qa-65,lalm,4.021011428579056,9.385999999722117,188.11332499990385,201.520336428205,one shared preloaded model
conv-30-qa-66,lalm,4.021011428579056,10.11579999976675,188.11332499990385,202.25013642824965,one shared preloaded model
conv-30-qa-67,lalm,4.021011428579056,10.054399999717134,188.11332499990385,202.18873642820003,one shared preloaded model
conv-30-qa-68,lalm,4.021011428579056,6.970099999307422,230.57109999990644,241.5622114277929,one shared preloaded model
conv-30-qa-69,lalm,4.021011428579056,9.839500000452972,230.57109999990644,244.43161142893845,one shared preloaded model
conv-30-qa-70,lalm,4.021011428579056,9.1842000001634,230.57109999990644,243.77631142864888,one shared preloaded model
conv-30-qa-71,lalm,4.021011428579056,9.589499999492546,230.57109999990644,244.18161142797803,one shared preloaded model
conv-30-qa-72,lalm,4.021011428579056,5.958699999609962,164.02640000023894,174.00611142842794,one shared preloaded model
conv-30-qa-73,lalm,4.021011428579056,5.956900000455789,164.02640000023894,174.00431142927377,one shared preloaded model
conv-30-qa-74,lalm,4.021011428579056,10.420000000522123,164.02640000023894,178.4674114293401,one shared preloaded model
conv-30-qa-75,lalm,4.021011428579056,9.445300000152201,164.02640000023894,177.49271142897018,one shared preloaded model
conv-30-qa-76,lalm,4.021011428579056,6.0790999996243045,132.48109999994995,142.5812114281533,one shared preloaded model
conv-30-qa-77,lalm,4.021011428579056,6.495999999970081,132.48109999994995,142.99811142849907,one shared preloaded model
conv-30-qa-78,lalm,4.021011428579056,6.299200000285055,132.48109999994995,142.80131142881405,one shared preloaded model
conv-30-qa-79,lalm,4.021011428579056,5.721100000300794,132.48109999994995,142.22321142882979,one shared preloaded model
conv-30-qa-80,lalm,4.021011428579056,6.33669999842823,167.202399999951,177.5601114269583,one shared preloaded model
conv-30-qa-81,lalm,4.021011428579056,6.206799998835777,167.202399999951,177.43021142736583,one shared preloaded model
conv-30-qa-82,lalm,4.021011428579056,6.031900000380119,167.202399999951,177.25531142891018,one shared preloaded model
conv-30-qa-83,lalm,4.021011428579056,6.21089999913238,167.202399999951,177.43431142766244,one shared preloaded model
conv-30-qa-84,lalm,4.021011428579056,6.637800001044525,330.8070749999388,341.4658864295624,one shared preloaded model
conv-30-qa-85,lalm,4.021011428579056,9.688900001492584,330.8070749999388,344.51698643001043,one shared preloaded model
conv-30-qa-86,lalm,4.021011428579056,9.5205999987229,330.8070749999388,344.34868642724075,one shared preloaded model
conv-30-qa-87,lalm,4.021011428579056,7.456000001184293,330.8070749999388,342.28408642970214,one shared preloaded model
conv-30-qa-88,lalm,4.021011428579056,6.25199999922188,222.7591749997373,233.03218642753822,one shared preloaded model
conv-30-qa-89,lalm,4.021011428579056,9.765599999809638,222.7591749997373,236.54578642812598,one shared preloaded model
conv-30-qa-90,lalm,4.021011428579056,9.324300001026131,222.7591749997373,236.10448642934247,one shared preloaded model
conv-30-qa-91,lalm,4.021011428579056,9.245299999747658,222.7591749997373,236.025486428064,one shared preloaded model
conv-30-qa-92,lalm,4.021011428579056,5.938299998888397,143.95370000011098,153.91301142757843,one shared preloaded model
conv-30-qa-93,lalm,4.021011428579056,5.066199999419041,143.95370000011098,153.04091142810907,one shared preloaded model
conv-30-qa-94,lalm,4.021011428579056,5.770999998276238,143.95370000011098,153.74571142696627,one shared preloaded model
conv-30-qa-95,lalm,4.021011428579056,5.910599998969701,143.95370000011098,153.88531142765973,one shared preloaded model
conv-30-qa-96,lalm,4.021011428579056,6.614299998545903,170.0117999998838,180.64711142700875,one shared preloaded model
conv-30-qa-97,lalm,4.021011428579056,5.440500000986503,170.0117999998838,179.47331142944935,one shared preloaded model
conv-30-qa-98,lalm,4.021011428579056,5.952600000455277,170.0117999998838,179.98541142891813,one shared preloaded model
conv-30-qa-99,lalm,4.021011428579056,8.843600000545848,170.0117999998838,182.8764114290087,one shared preloaded model
conv-30-qa-100,lalm,4.021011428579056,6.7954999994981335,72.54459999967366,83.36111142775086,one shared preloaded model
conv-30-qa-101,lalm,4.021011428579056,10.22249999914493,72.54459999967366,86.78811142739765,one shared preloaded model
conv-30-qa-102,lalm,4.021011428579056,9.514499999568216,72.54459999967366,86.08011142782094,one shared preloaded model
conv-30-qa-103,lalm,4.021011428579056,9.278000001359032,72.54459999967366,85.84361142961176,one shared preloaded model
conv-30-qa-104,lalm,4.021011428579056,6.489499999588588,562.9454999998416,573.4560114280092,one shared preloaded model
conv-41-qa-0,lalm,3.741093264254675,9.67789999958768,81.96122500021374,95.3802182640561,one shared preloaded model
conv-41-qa-1,lalm,3.741093264254675,9.928800000125193,81.96122500021374,95.63111826459361,one shared preloaded model
conv-41-qa-2,lalm,3.741093264254675,9.376300000440096,81.96122500021374,95.07861826490851,one shared preloaded model
conv-41-qa-3,lalm,3.741093264254675,9.522099999230704,81.96122500021374,95.22441826369912,one shared preloaded model
conv-41-qa-4,lalm,3.741093264254675,6.24959999913699,249.26725000022998,259.25794326362166,one shared preloaded model
conv-41-qa-5,lalm,3.741093264254675,9.828399999605608,249.26725000022998,262.8367432640903,one shared preloaded model
conv-41-qa-6,lalm,3.741093264254675,9.620900000300026,249.26725000022998,262.6292432647847,one shared preloaded model
conv-41-qa-7,lalm,3.741093264254675,9.278000001359032,249.26725000022998,262.2863432658437,one shared preloaded model
conv-41-qa-8,lalm,3.741093264254675,6.294299999353825,154.7961250003027,164.83151826391122,one shared preloaded model
conv-41-qa-9,lalm,3.741093264254675,8.847299999615643,154.7961250003027,167.38451826417304,one shared preloaded model
conv-41-qa-10,lalm,3.741093264254675,7.813499998519546,154.7961250003027,166.35071826307694,one shared preloaded model
conv-41-qa-11,lalm,3.741093264254675,8.728799999516923,154.7961250003027,167.26601826407432,one shared preloaded model
conv-41-qa-12,lalm,3.741093264254675,6.514799999422394,220.30485000004774,230.56074326372482,one shared preloaded model
conv-41-qa-13,lalm,3.741093264254675,9.326800000053481,220.30485000004774,233.3727432643559,one shared preloaded model
conv-41-qa-14,lalm,3.741093264254675,9.791299999051262,220.30485000004774,233.83724326335368,one shared preloaded model
conv-41-qa-15,lalm,3.741093264254675,9.396300001753843,220.30485000004774,233.44224326605627,one shared preloaded model
conv-41-qa-16,lalm,3.741093264254675,5.881500001123641,205.32235000018773,214.94494326556605,one shared preloaded model
conv-41-qa-17,lalm,3.741093264254675,6.3367999991896795,205.32235000018773,215.4002432636321,one shared preloaded model
conv-41-qa-18,lalm,3.741093264254675,6.253699999433593,205.32235000018773,215.317143263876,one shared preloaded model
conv-41-qa-19,lalm,3.741093264254675,5.943100000877166,205.32235000018773,215.00654326531958,one shared preloaded model
conv-41-qa-20,lalm,3.741093264254675,6.775699999707285,151.56917500007694,162.0859682640389,one shared preloaded model
conv-41-qa-21,lalm,3.741093264254675,10.124000000359956,151.56917500007694,165.43426826469158,one shared preloaded model
conv-41-qa-22,lalm,3.741093264254675,10.240200001135236,151.56917500007694,165.55046826546686,one shared preloaded model
conv-41-qa-23,lalm,3.741093264254675,9.560799999235314,151.56917500007694,164.87106826356694,one shared preloaded model
conv-41-qa-24,lalm,3.741093264254675,6.819800000812393,162.55374999991545,173.11464326498253,one shared preloaded model
conv-41-qa-25,lalm,3.741093264254675,10.039099999630707,162.55374999991545,176.33394326380085,one shared preloaded model
conv-41-qa-26,lalm,3.741093264254675,9.583099999872502,162.55374999991545,175.87794326404264,one shared preloaded model
conv-41-qa-27,lalm,3.741093264254675,9.242899999662768,162.55374999991545,175.5377432638329,one shared preloaded model
conv-41-qa-28,lalm,3.741093264254675,5.810900000142283,381.2177499999052,390.7697432643022,one shared preloaded model
conv-41-qa-29,lalm,3.741093264254675,10.108000000400352,381.2177499999052,395.06684326456025,one shared preloaded model
conv-41-qa-30,lalm,3.741093264254675,9.259700000256998,381.2177499999052,394.2185432644169,one shared preloaded model
conv-41-qa-31,lalm,3.741093264254675,8.914900001400383,381.2177499999052,393.8737432655603,one shared preloaded model
conv-41-qa-32,lalm,3.741093264254675,7.049499999993714,98.98335000025327,109.77394326450165,one shared preloaded model
conv-41-qa-33,lalm,3.741093264254675,9.649300000091898,98.98335000025327,112.37374326459984,one shared preloaded model
conv-41-qa-34,lalm,3.741093264254675,9.932599999956437,98.98335000025327,112.65704326446438,one shared preloaded model
conv-41-qa-35,lalm,3.741093264254675,9.710500000437605,98.98335000025327,112.43494326494555,one shared preloaded model
conv-41-qa-36,lalm,3.741093264254675,8.503000000928296,149.54307500011055,161.78716826529353,one shared preloaded model
conv-41-qa-37,lalm,3.741093264254675,9.66809999954421,149.54307500011055,162.95226826390945,one shared preloaded model
conv-41-qa-38,lalm,3.741093264254675,9.63699999920209,149.54307500011055,162.92116826356732,one shared preloaded model
conv-41-qa-39,lalm,3.741093264254675,9.13600000058068,149.54307500011055,162.42016826494591,one shared preloaded model
conv-41-qa-40,lalm,3.741093264254675,6.102800000007846,116.73144999986107,126.57534326412359,one shared preloaded model
conv-41-qa-41,lalm,3.741093264254675,9.923100000378327,116.73144999986107,130.39564326449408,one shared preloaded model
conv-41-qa-42,lalm,3.741093264254675,9.632899998905486,116.73144999986107,130.10544326302124,one shared preloaded model
conv-41-qa-43,lalm,3.741093264254675,9.057299999767565,116.73144999986107,129.52984326388332,one shared preloaded model
conv-41-qa-44,lalm,3.741093264254675,6.3110000010055955,167.85490000029313,177.9069932655534,one shared preloaded model
conv-41-qa-45,lalm,3.741093264254675,5.953100000624545,167.85490000029313,177.54909326517236,one shared preloaded model
conv-41-qa-46,lalm,3.741093264254675,6.686200000331155,167.85490000029313,178.28219326487897,one shared preloaded model
conv-41-qa-47,lalm,3.741093264254675,6.2397000001510605,167.85490000029313,177.83569326469888,one shared preloaded model
conv-41-qa-48,lalm,3.741093264254675,6.16230000014184,159.88952499992592,169.79291826432245,one shared preloaded model
conv-41-qa-49,lalm,3.741093264254675,10.131699998964905,159.88952499992592,173.76231826314552,one shared preloaded model
conv-41-qa-50,lalm,3.741093264254675,8.5335000003397,159.88952499992592,172.1641182645203,one shared preloaded model
conv-41-qa-51,lalm,3.741093264254675,7.897999999840977,159.88952499992592,171.5286182640216,one shared preloaded model
conv-41-qa-52,lalm,3.741093264254675,6.0118000001239125,152.26810000012847,162.02099326450707,one shared preloaded model
conv-41-qa-53,lalm,3.741093264254675,10.074400001030881,152.26810000012847,166.08359326541404,one shared preloaded model
conv-41-qa-54,lalm,3.741093264254675,9.44580000032147,152.26810000012847,165.45499326470463,one shared preloaded model
conv-41-qa-55,lalm,3.741093264254675,9.664400000474416,152.26810000012847,165.67359326485757,one shared preloaded model
conv-41-qa-56,lalm,3.741093264254675,6.872600000860984,164.27840000005745,174.89209326517312,one shared preloaded model
conv-41-qa-57,lalm,3.741093264254675,9.759000000485685,164.27840000005745,177.77849326479782,one shared preloaded model
conv-41-qa-58,lalm,3.741093264254675,9.632699999201577,164.27840000005745,177.6521932635137,one shared preloaded model
conv-41-qa-59,lalm,3.741093264254675,9.421900000234018,164.27840000005745,177.44139326454615,one shared preloaded model
conv-41-qa-60,lalm,3.741093264254675,6.451400000514695,78.84879999983241,89.04129326460178,one shared preloaded model
conv-41-qa-61,lalm,3.741093264254675,9.940599999026745,78.84879999983241,92.53049326311383,one shared preloaded model
conv-41-qa-62,lalm,3.741093264254675,9.363600000142469,78.84879999983241,91.95349326422955,one shared preloaded model
conv-41-qa-63,lalm,3.741093264254675,9.313000000474858,78.84879999983241,91.90289326456194,one shared preloaded model
conv-41-qa-64,lalm,3.741093264254675,7.106499999281368,157.8327000001991,168.68029326373517,one shared preloaded model
conv-41-qa-65,lalm,3.741093264254675,9.40950000040175,157.8327000001991,170.98329326485555,one shared preloaded model
conv-41-qa-66,lalm,3.741093264254675,10.458700000526733,157.8327000001991,172.03249326498053,one shared preloaded model
conv-41-qa-67,lalm,3.741093264254675,9.95619999957853,157.8327000001991,171.52999326403233,one shared preloaded model
conv-41-qa-68,lalm,3.741093264254675,6.572700000106124,241.7982749998373,252.11206826419811,one shared preloaded model
conv-41-qa-69,lalm,3.741093264254675,5.159000000276137,241.7982749998373,250.69836826436813,one shared preloaded model
conv-41-qa-70,lalm,3.741093264254675,9.595300000000861,241.7982749998373,255.13466826409285,one shared preloaded model
conv-41-qa-71,lalm,3.741093264254675,6.241799999770592,241.7982749998373,251.78116826386258,one shared preloaded model
conv-41-qa-72,lalm,3.741093264254675,7.079599999997299,279.3747999999141,290.1954932641661,one shared preloaded model
conv-41-qa-73,lalm,3.741093264254675,9.50840000041353,279.3747999999141,292.6242932645823,one shared preloaded model
conv-41-qa-74,lalm,3.741093264254675,10.638899999321438,279.3747999999141,293.7547932634902,one shared preloaded model
conv-41-qa-75,lalm,3.741093264254675,9.335299999293056,279.3747999999141,292.45119326346185,one shared preloaded model
conv-41-qa-76,lalm,3.741093264254675,6.348400000206311,184.80030000000625,194.88979326446724,one shared preloaded model
conv-41-qa-77,lalm,3.741093264254675,7.636400001501897,184.80030000000625,196.17779326576283,one shared preloaded model
conv-41-qa-78,lalm,3.741093264254675,6.432899999708752,184.80030000000625,194.97429326396968,one shared preloaded model
conv-41-qa-79,lalm,3.741093264254675,5.996500000037486,184.80030000000625,194.53789326429842,one shared preloaded model
conv-41-qa-80,lalm,3.741093264254675,6.71659999898111,216.15955000015674,226.61724326339254,one shared preloaded model
conv-41-qa-81,lalm,3.741093264254675,5.542000000787084,216.15955000015674,225.4426432651985,one shared preloaded model
conv-41-qa-82,lalm,3.741093264254675,6.236999999600812,216.15955000015674,226.13764326401224,one shared preloaded model
conv-41-qa-83,lalm,3.741093264254675,9.357200000522425,216.15955000015674,229.25784326493385,one shared preloaded model
conv-41-qa-84,lalm,3.741093264254675,6.269800000154646,358.76915000017107,368.7800432645804,one shared preloaded model
conv-41-qa-85,lalm,3.741093264254675,9.978800000681076,358.76915000017107,372.48904326510683,one shared preloaded model
conv-41-qa-86,lalm,3.741093264254675,9.647099999710917,358.76915000017107,372.15734326413667,one shared preloaded model
conv-41-qa-87,lalm,3.741093264254675,9.238499998900807,358.76915000017107,371.74874326332656,one shared preloaded model
conv-41-qa-88,lalm,3.741093264254675,6.473600000390434,168.14927499990517,178.3639682645503,one shared preloaded model
conv-41-qa-89,lalm,3.741093264254675,9.474000000409433,168.14927499990517,181.3643682645693,one shared preloaded model
conv-41-qa-90,lalm,3.741093264254675,10.33840000127384,168.14927499990517,182.2287682654337,one shared preloaded model
conv-41-qa-91,lalm,3.741093264254675,9.542899999360088,168.14927499990517,181.43326826351995,one shared preloaded model
conv-41-qa-92,lalm,3.741093264254675,5.872600000657258,341.8237250002676,351.43741826517953,one shared preloaded model
conv-41-qa-93,lalm,3.741093264254675,5.7797999998001615,341.8237250002676,351.34461826432243,one shared preloaded model
conv-41-qa-94,lalm,3.741093264254675,6.295200000749901,341.8237250002676,351.8600182652722,one shared preloaded model
conv-41-qa-95,lalm,3.741093264254675,6.129499999588006,341.8237250002676,351.6943182641103,one shared preloaded model
conv-41-qa-96,lalm,3.741093264254675,6.3539000002492685,172.81717500009108,182.91216826459504,one shared preloaded model
conv-41-qa-97,lalm,3.741093264254675,5.8351999996375525,172.81717500009108,182.39346826398332,one shared preloaded model
conv-41-qa-98,lalm,3.741093264254675,8.676999999806867,172.81717500009108,185.23526826415264,one shared preloaded model
conv-41-qa-99,lalm,3.741093264254675,9.279500000047847,172.81717500009108,185.83776826439362,one shared preloaded model
conv-41-qa-100,lalm,3.741093264254675,5.924600000071223,126.82384999970964,136.48954326403555,one shared preloaded model
conv-41-qa-101,lalm,3.741093264254675,8.17769999957818,126.82384999970964,138.7426432635425,one shared preloaded model
conv-41-qa-102,lalm,3.741093264254675,9.977600000638631,126.82384999970964,140.54254326460295,one shared preloaded model
conv-41-qa-103,lalm,3.741093264254675,10.01880000148958,126.82384999970964,140.5837432654539,one shared preloaded model
conv-41-qa-104,lalm,3.741093264254675,6.152100000690552,198.7444249998589,208.63761826480413,one shared preloaded model
conv-41-qa-105,lalm,3.741093264254675,5.828100000144332,198.7444249998589,208.3136182642579,one shared preloaded model
conv-41-qa-106,lalm,3.741093264254675,5.823899999086279,198.7444249998589,208.30941826319986,one shared preloaded model
conv-41-qa-107,lalm,3.741093264254675,6.521499999507796,198.7444249998589,209.00701826362138,one shared preloaded model
conv-41-qa-108,lalm,3.741093264254675,6.8199999986973125,291.98742500011576,302.54851826306776,one shared preloaded model
conv-41-qa-109,lalm,3.741093264254675,10.052600000562961,291.98742500011576,305.7811182649334,one shared preloaded model
conv-41-qa-110,lalm,3.741093264254675,9.519299999737996,291.98742500011576,305.24781826410845,one shared preloaded model
conv-41-qa-111,lalm,3.741093264254675,9.414500000275439,291.98742500011576,305.1430182646459,one shared preloaded model
conv-41-qa-112,lalm,3.741093264254675,6.12370000089868,161.02589999991324,170.8906932650666,one shared preloaded model
conv-41-qa-113,lalm,3.741093264254675,6.870499999422464,161.02589999991324,171.6374932635904,one shared preloaded model
conv-41-qa-114,lalm,3.741093264254675,6.541799999467912,161.02589999991324,171.30879326363583,one shared preloaded model
conv-41-qa-115,lalm,3.741093264254675,7.0214000006671995,161.02589999991324,171.78839326483512,one shared preloaded model
conv-41-qa-116,lalm,3.741093264254675,6.605799999306328,225.42992499984393,235.77681826340495,one shared preloaded model
conv-41-qa-117,lalm,3.741093264254675,9.48439999956463,225.42992499984393,238.65541826366325,one shared preloaded model
conv-41-qa-118,lalm,3.741093264254675,9.810699999434291,225.42992499984393,238.9817182635329,one shared preloaded model
conv-41-qa-119,lalm,3.741093264254675,9.785799999008304,225.42992499984393,238.95681826310692,one shared preloaded model
conv-41-qa-120,lalm,3.741093264254675,6.732199999532895,241.291899999851,251.7651932636386,one shared preloaded model
conv-41-qa-121,lalm,3.741093264254675,6.455600001572748,241.291899999851,251.48859326567845,one shared preloaded model
conv-41-qa-122,lalm,3.741093264254675,7.1947999986150535,241.291899999851,252.22779326272075,one shared preloaded model
conv-41-qa-123,lalm,3.741093264254675,6.830000000263681,241.291899999851,251.86299326436938,one shared preloaded model
conv-41-qa-124,lalm,3.741093264254675,6.807799998568953,173.1496249999509,183.69851826277454,one shared preloaded model
conv-41-qa-125,lalm,3.741093264254675,12.181199999758974,173.1496249999509,189.07191826396456,one shared preloaded model
conv-41-qa-126,lalm,3.741093264254675,9.75060000018857,173.1496249999509,186.64131826439416,one shared preloaded model
conv-41-qa-127,lalm,3.741093264254675,10.104500001034467,173.1496249999509,186.99521826524006,one shared preloaded model
conv-41-qa-128,lalm,3.741093264254675,6.853900000351132,139.50130000011995,150.09629326472577,one shared preloaded model
conv-41-qa-129,lalm,3.741093264254675,9.89069999923231,139.50130000011995,153.13309326360695,one shared preloaded model
conv-41-qa-130,lalm,3.741093264254675,9.857600000032107,139.50130000011995,153.09999326440675,one shared preloaded model
conv-41-qa-131,lalm,3.741093264254675,9.869800000160467,139.50130000011995,153.1121932645351,one shared preloaded model
conv-41-qa-132,lalm,3.741093264254675,6.097399998907349,330.9430250001242,340.7815182632862,one shared preloaded model
conv-41-qa-133,lalm,3.741093264254675,5.7238999997935025,330.9430250001242,340.40801826417237,one shared preloaded model
conv-41-qa-134,lalm,3.741093264254675,6.2111999995977385,330.9430250001242,340.8953182639766,one shared preloaded model
conv-41-qa-135,lalm,3.741093264254675,5.69069999983185,330.9430250001242,340.3748182642107,one shared preloaded model
conv-41-qa-136,lalm,3.741093264254675,6.421699999918928,298.86017500029993,309.02296826447355,one shared preloaded model
conv-41-qa-137,lalm,3.741093264254675,10.756099998616264,298.86017500029993,313.3573682631709,one shared preloaded model
conv-41-qa-138,lalm,3.741093264254675,10.7110000008106,298.86017500029993,313.3122682653652,one shared preloaded model
conv-41-qa-139,lalm,3.741093264254675,9.55449999855773,298.86017500029993,312.15576826311235,one shared preloaded model
conv-41-qa-140,lalm,3.741093264254675,6.501300000309129,315.4618499997923,325.70424326435614,one shared preloaded model
conv-41-qa-141,lalm,3.741093264254675,6.534800000736141,315.4618499997923,325.73774326478315,one shared preloaded model
conv-41-qa-142,lalm,3.741093264254675,8.956100000432343,315.4618499997923,328.15904326447935,one shared preloaded model
conv-41-qa-143,lalm,3.741093264254675,10.054099999251775,315.4618499997923,329.2570432632988,one shared preloaded model
conv-41-qa-144,lalm,3.741093264254675,6.116299999121111,296.37564999984534,306.23304326322113,one shared preloaded model
conv-41-qa-145,lalm,3.741093264254675,9.743700000399258,296.37564999984534,309.8604432644993,one shared preloaded model
conv-41-qa-146,lalm,3.741093264254675,9.35369999933755,296.37564999984534,309.4704432634376,one shared preloaded model
conv-41-qa-147,lalm,3.741093264254675,9.360199999719043,296.37564999984534,309.47694326381907,one shared preloaded model
conv-41-qa-148,lalm,3.741093264254675,6.358700000419049,254.58024999988993,264.68004326456366,one shared preloaded model
conv-41-qa-149,lalm,3.741093264254675,5.776799998784554,254.58024999988993,264.09814326292917,one shared preloaded model
conv-41-qa-150,lalm,3.741093264254675,5.575299999691197,254.58024999988993,263.8966432638358,one shared preloaded model
conv-41-qa-151,lalm,3.741093264254675,5.407700000432669,254.58024999988993,263.7290432645773,one shared preloaded model
conv-41-qa-152,lalm,3.741093264254675,6.346099999063881,85.12620000010429,95.21339326342284,one shared preloaded model
conv-41-qa-153,lalm,3.741093264254675,10.078299999804585,85.12620000010429,98.94559326416355,one shared preloaded model
conv-41-qa-154,lalm,3.741093264254675,9.531800000331714,85.12620000010429,98.39909326469068,one shared preloaded model
conv-41-qa-155,lalm,3.741093264254675,9.601399999155547,85.12620000010429,98.46869326351451,one shared preloaded model
conv-41-qa-156,lalm,3.741093264254675,6.836500000645174,91.6615749997618,102.23916826466164,one shared preloaded model
conv-41-qa-157,lalm,3.741093264254675,10.48830000036105,91.6615749997618,105.89096826437752,one shared preloaded model
conv-41-qa-158,lalm,3.741093264254675,9.683700000095996,91.6615749997618,105.08636826411247,one shared preloaded model
conv-41-qa-159,lalm,3.741093264254675,9.75540000035835,91.6615749997618,105.15806826437482,one shared preloaded model
conv-41-qa-160,lalm,3.741093264254675,10.10130000031495,212.68804999999702,226.53044326456666,one shared preloaded model
conv-41-qa-161,lalm,3.741093264254675,9.85699999910139,212.68804999999702,226.2861432633531,one shared preloaded model
conv-41-qa-162,lalm,3.741093264254675,9.470599999986007,212.68804999999702,225.8997432642377,one shared preloaded model
conv-41-qa-163,lalm,3.741093264254675,9.416300001248601,212.68804999999702,225.8454432655003,one shared preloaded model
conv-41-qa-164,lalm,3.741093264254675,6.3241000007110415,219.75520000023607,229.8203932652018,one shared preloaded model
conv-41-qa-165,lalm,3.741093264254675,9.9344000009296,219.75520000023607,233.43069326542036,one shared preloaded model
conv-41-qa-166,lalm,3.741093264254675,10.052599998743972,219.75520000023607,233.54889326323473,one shared preloaded model
conv-41-qa-167,lalm,3.741093264254675,10.666400001355214,219.75520000023607,234.16269326584597,one shared preloaded model
conv-41-qa-168,lalm,3.741093264254675,6.23249999989639,211.7220999998608,221.69569326401188,one shared preloaded model
conv-41-qa-169,lalm,3.741093264254675,5.2370000012160745,211.7220999998608,220.70019326533156,one shared preloaded model
conv-41-qa-170,lalm,3.741093264254675,6.293399999776739,211.7220999998608,221.75659326389223,one shared preloaded model
conv-41-qa-171,lalm,3.741093264254675,5.785999999716296,211.7220999998608,221.24919326383178,one shared preloaded model
conv-41-qa-172,lalm,3.741093264254675,7.048999999824446,107.987299999877,118.77739326395611,one shared preloaded model
conv-41-qa-173,lalm,3.741093264254675,5.984100000205217,107.987299999877,117.71249326433689,one shared preloaded model
conv-41-qa-174,lalm,3.741093264254675,6.092700001318008,107.987299999877,117.82109326544968,one shared preloaded model
conv-41-qa-175,lalm,3.741093264254675,6.886099999974249,107.987299999877,118.61449326410592,one shared preloaded model
conv-41-qa-176,lalm,3.741093264254675,6.5699999995558755,395.26634999992893,405.5774432637395,one shared preloaded model
conv-41-qa-177,lalm,3.741093264254675,9.753600001204177,395.26634999992893,408.7610432653878,one shared preloaded model
conv-41-qa-178,lalm,3.741093264254675,10.082599999805097,395.26634999992893,409.0900432639887,one shared preloaded model
conv-41-qa-179,lalm,3.741093264254675,9.778800000276533,395.26634999992893,408.78624326446015,one shared preloaded model
conv-41-qa-180,lalm,3.741093264254675,6.473299999925075,81.89660000016374,92.11099326434349,one shared preloaded model
conv-41-qa-181,lalm,3.741093264254675,9.869900000921916,81.89660000016374,95.50759326534033,one shared preloaded model
conv-41-qa-182,lalm,3.741093264254675,10.74719999996887,81.89660000016374,96.38489326438729,one shared preloaded model
conv-41-qa-183,lalm,3.741093264254675,9.67320000017935,81.89660000016374,95.31089326459777,one shared preloaded model
conv-41-qa-184,lalm,3.741093264254675,7.30430000112392,82.80852500001856,93.85391826539716,one shared preloaded model
conv-41-qa-185,lalm,3.741093264254675,9.355600001072162,82.80852500001856,95.9052182653454,one shared preloaded model
conv-41-qa-186,lalm,3.741093264254675,9.93670000025304,82.80852500001856,96.48631826452628,one shared preloaded model
conv-41-qa-187,lalm,3.741093264254675,9.512200000244775,82.80852500001856,96.06181826451801,one shared preloaded model
conv-41-qa-188,lalm,3.741093264254675,5.835099998876103,154.0377249998528,163.6139182629836,one shared preloaded model
conv-41-qa-189,lalm,3.741093264254675,5.713500000638305,154.0377249998528,163.4923182647458,one shared preloaded model
conv-41-qa-190,lalm,3.741093264254675,6.636000000071363,154.0377249998528,164.41481826417885,one shared preloaded model
conv-41-qa-191,lalm,3.741093264254675,5.925699999352219,154.0377249998528,163.7045182634597,one shared preloaded model
conv-41-qa-192,lalm,3.741093264254675,6.41650000034133,427.3033999998006,437.4609932643966,one shared preloaded model
conv-42-qa-0,lalm,2.4263711538459085,5.3638000008504605,94.72139999979845,102.51157115449482,one shared preloaded model
conv-42-qa-1,lalm,2.4263711538459085,8.382300000448595,94.72139999979845,105.53007115409295,one shared preloaded model
conv-42-qa-2,lalm,2.4263711538459085,9.63180000144348,94.72139999979845,106.77957115508784,one shared preloaded model
conv-42-qa-3,lalm,2.4263711538459085,9.49649999893154,94.72139999979845,106.6442711525759,one shared preloaded model
conv-42-qa-4,lalm,2.4263711538459085,9.03180000022985,82.68022499987637,94.13839615395213,one shared preloaded model
conv-42-qa-5,lalm,2.4263711538459085,5.623899998681736,82.68022499987637,90.73049615240402,one shared preloaded model
conv-42-qa-6,lalm,2.4263711538459085,8.296100000734441,82.68022499987637,93.40269615445672,one shared preloaded model
conv-42-qa-7,lalm,2.4263711538459085,10.326900001018657,82.68022499987637,95.43349615474094,one shared preloaded model
conv-42-qa-8,lalm,2.4263711538459085,6.594700000277953,103.49020000012388,112.51127115424774,one shared preloaded model
conv-42-qa-9,lalm,2.4263711538459085,9.84480000079202,103.49020000012388,115.7613711547618,one shared preloaded model
conv-42-qa-10,lalm,2.4263711538459085,9.32710000051884,103.49020000012388,115.24367115448862,one shared preloaded model
conv-42-qa-11,lalm,2.4263711538459085,9.43589999951655,103.49020000012388,115.35247115348633,one shared preloaded model
conv-42-qa-12,lalm,2.4263711538459085,5.93990000015765,153.6953499999072,162.06162115391075,one shared preloaded model
conv-42-qa-13,lalm,2.4263711538459085,5.768299999544979,153.6953499999072,161.89002115329808,one shared preloaded model
conv-42-qa-14,lalm,2.4263711538459085,5.346199999621604,153.6953499999072,161.4679211533747,one shared preloaded model
conv-42-qa-15,lalm,2.4263711538459085,6.444000000556116,153.6953499999072,162.56572115430922,one shared preloaded model
conv-42-qa-16,lalm,2.4263711538459085,6.6858000009233365,131.55989999995654,140.67207115472578,one shared preloaded model
conv-42-qa-17,lalm,2.4263711538459085,5.114300000059302,131.55989999995654,139.10057115386175,one shared preloaded model
conv-42-qa-18,lalm,2.4263711538459085,7.8622999990329845,131.55989999995654,141.84857115283543,one shared preloaded model
conv-42-qa-19,lalm,2.4263711538459085,9.744699998918804,131.55989999995654,143.73097115272125,one shared preloaded model
conv-42-qa-20,lalm,2.4263711538459085,8.602500000051805,172.14654999997947,183.17542115387718,one shared preloaded model
conv-42-qa-21,lalm,2.4263711538459085,10.38919999882637,172.14654999997947,184.96212115265175,one shared preloaded model
conv-42-qa-22,lalm,2.4263711538459085,9.840499998972518,172.14654999997947,184.4134211527979,one shared preloaded model
conv-42-qa-23,lalm,2.4263711538459085,9.726599999339669,172.14654999997947,184.29952115316505,one shared preloaded model
conv-42-qa-24,lalm,2.4263711538459085,6.5336999996361556,153.01772500015431,161.97779615363638,one shared preloaded model
conv-42-qa-25,lalm,2.4263711538459085,5.914900000789203,153.01772500015431,161.35899615478942,one shared preloaded model
conv-42-qa-26,lalm,2.4263711538459085,11.181300000316696,153.01772500015431,166.62539615431692,one shared preloaded model
conv-42-qa-27,lalm,2.4263711538459085,10.31200000034005,153.01772500015431,165.75609615434027,one shared preloaded model
conv-42-qa-28,lalm,2.4263711538459085,6.786100000681472,163.48524999966685,172.69772115419423,one shared preloaded model
conv-42-qa-29,lalm,2.4263711538459085,9.776700000657002,163.48524999966685,175.68832115416976,one shared preloaded model
conv-42-qa-30,lalm,2.4263711538459085,9.846599999946193,163.48524999966685,175.75822115345895,one shared preloaded model
conv-42-qa-31,lalm,2.4263711538459085,9.62000000072294,163.48524999966685,175.5316211542357,one shared preloaded model
conv-42-qa-32,lalm,2.4263711538459085,6.194599998707417,157.78397500025676,166.40494615281008,one shared preloaded model
conv-42-qa-33,lalm,2.4263711538459085,9.828500000367058,157.78397500025676,170.03884615446972,one shared preloaded model
conv-42-qa-34,lalm,2.4263711538459085,9.474899999986519,157.78397500025676,169.68524615408919,one shared preloaded model
conv-42-qa-35,lalm,2.4263711538459085,9.805400000914233,157.78397500025676,170.0157461550169,one shared preloaded model
conv-42-qa-36,lalm,2.4263711538459085,6.4836000001378125,111.34394999999131,120.25392115397503,one shared preloaded model
conv-42-qa-37,lalm,2.4263711538459085,10.010800000600284,111.34394999999131,123.7811211544375,one shared preloaded model
conv-42-qa-38,lalm,2.4263711538459085,9.303299999373849,111.34394999999131,123.07362115321106,one shared preloaded model
conv-42-qa-39,lalm,2.4263711538459085,9.444100000109756,111.34394999999131,123.21442115394697,one shared preloaded model
conv-42-qa-40,lalm,2.4263711538459085,6.239199999981793,168.4194499998739,177.0850211537016,one shared preloaded model
conv-42-qa-41,lalm,2.4263711538459085,5.654800001138938,168.4194499998739,176.50062115485875,one shared preloaded model
conv-42-qa-42,lalm,2.4263711538459085,10.040099999969243,168.4194499998739,180.88592115368905,one shared preloaded model
conv-42-qa-43,lalm,2.4263711538459085,9.779899999557529,168.4194499998739,180.62572115327734,one shared preloaded model
conv-42-qa-44,lalm,2.4263711538459085,6.5704000007826835,156.05682500017792,165.0535961548065,one shared preloaded model
conv-42-qa-45,lalm,2.4263711538459085,9.93900000139547,156.05682500017792,168.4221961554193,one shared preloaded model
conv-42-qa-46,lalm,2.4263711538459085,9.396299999934854,156.05682500017792,167.87949615395868,one shared preloaded model
conv-42-qa-47,lalm,2.4263711538459085,8.988999999928637,156.05682500017792,167.47219615395247,one shared preloaded model
conv-42-qa-48,lalm,2.4263711538459085,6.945899998754612,174.75324999986697,184.12552115246748,one shared preloaded model
conv-42-qa-49,lalm,2.4263711538459085,9.402699999554898,174.75324999986697,186.58232115326777,one shared preloaded model
conv-42-qa-50,lalm,2.4263711538459085,10.313200000382494,174.75324999986697,187.49282115409537,one shared preloaded model
conv-42-qa-51,lalm,2.4263711538459085,9.526399999231216,174.75324999986697,186.7060211529441,one shared preloaded model
conv-42-qa-52,lalm,2.4263711538459085,7.243699999889941,239.70059999965088,249.37067115338672,one shared preloaded model
conv-42-qa-53,lalm,2.4263711538459085,9.347700000944315,239.70059999965088,251.4746711544411,one shared preloaded model
conv-42-qa-54,lalm,2.4263711538459085,9.761499999513035,239.70059999965088,251.88847115300982,one shared preloaded model
conv-42-qa-55,lalm,2.4263711538459085,9.674900000391062,239.70059999965088,251.80187115388784,one shared preloaded model
conv-42-qa-56,lalm,2.4263711538459085,5.975800000669551,169.08607499999562,177.48824615451107,one shared preloaded model
conv-42-qa-57,lalm,2.4263711538459085,5.633700000544195,169.08607499999562,177.14614615438572,one shared preloaded model
conv-42-qa-58,lalm,2.4263711538459085,5.658899999616551,169.08607499999562,177.17134615345807,one shared preloaded model
conv-42-qa-59,lalm,2.4263711538459085,5.845699999554199,169.08607499999562,177.35814615339572,one shared preloaded model
conv-42-qa-60,lalm,2.4263711538459085,6.8656000003102235,81.93774999972447,91.2297211538806,one shared preloaded model
conv-42-qa-61,lalm,2.4263711538459085,9.775399999853107,81.93774999972447,94.13952115342349,one shared preloaded model
conv-42-qa-62,lalm,2.4263711538459085,9.307399999670452,81.93774999972447,93.67152115324083,one shared preloaded model
conv-42-qa-63,lalm,2.4263711538459085,9.686500001407694,81.93774999972447,94.05062115497807,one shared preloaded model
conv-42-qa-64,lalm,2.4263711538459085,6.208299999343581,146.3247249998858,154.9593961530753,one shared preloaded model
conv-42-qa-65,lalm,2.4263711538459085,6.795600000259583,146.3247249998858,155.5466961539913,one shared preloaded model
conv-42-qa-66,lalm,2.4263711538459085,9.60029999987455,146.3247249998858,158.35139615360626,one shared preloaded model
conv-42-qa-67,lalm,2.4263711538459085,9.348300000056042,146.3247249998858,158.09939615378775,one shared preloaded model
conv-42-qa-68,lalm,2.4263711538459085,6.698399998640525,120.12324999977864,129.24802115226507,one shared preloaded model
conv-42-qa-69,lalm,2.4263711538459085,9.853999999904772,120.12324999977864,132.40362115352931,one shared preloaded model
conv-42-qa-70,lalm,2.4263711538459085,9.39730000027339,120.12324999977864,131.94692115389793,one shared preloaded model
conv-42-qa-71,lalm,2.4263711538459085,9.866100001090672,120.12324999977864,132.41572115471521,one shared preloaded model
conv-42-qa-72,lalm,2.4263711538459085,6.510200000775512,85.6488750000608,94.58544615468222,one shared preloaded model
conv-42-qa-73,lalm,2.4263711538459085,9.897300000375253,85.6488750000608,97.97254615428196,one shared preloaded model
conv-42-qa-74,lalm,2.4263711538459085,9.259099999326281,85.6488750000608,97.33434615323299,one shared preloaded model
conv-42-qa-75,lalm,2.4263711538459085,9.37080000039714,85.6488750000608,97.44604615430384,one shared preloaded model
conv-42-qa-76,lalm,2.4263711538459085,8.71980000010808,278.36357500018494,289.50974615413895,one shared preloaded model
conv-42-qa-77,lalm,2.4263711538459085,9.663900000305148,278.36357500018494,290.453846154336,one shared preloaded model
conv-42-qa-78,lalm,2.4263711538459085,9.46980000117037,278.36357500018494,290.25974615520124,one shared preloaded model
conv-42-qa-79,lalm,2.4263711538459085,8.218000000852044,278.36357500018494,289.0079461548829,one shared preloaded model
conv-42-qa-80,lalm,2.4263711538459085,6.568099999640253,274.4083999996292,283.40287115311537,one shared preloaded model
conv-42-qa-81,lalm,2.4263711538459085,9.642999999414315,274.4083999996292,286.47777115288943,one shared preloaded model
conv-42-qa-82,lalm,2.4263711538459085,9.492899998804205,274.4083999996292,286.3276711522793,one shared preloaded model
conv-42-qa-83,lalm,2.4263711538459085,9.639900001275237,274.4083999996292,286.47467115475035,one shared preloaded model
conv-42-qa-84,lalm,2.4263711538459085,9.790599999178085,114.53537499983213,126.75234615285612,one shared preloaded model
conv-42-qa-85,lalm,2.4263711538459085,10.38460000017949,114.53537499983213,127.34634615385752,one shared preloaded model
conv-42-qa-86,lalm,2.4263711538459085,10.121500001332606,114.53537499983213,127.08324615501064,one shared preloaded model
conv-42-qa-87,lalm,2.4263711538459085,9.543599999233265,114.53537499983213,126.5053461529113,one shared preloaded model
conv-42-qa-88,lalm,2.4263711538459085,6.496899999547168,208.07710000008228,217.00037115347536,one shared preloaded model
conv-42-qa-89,lalm,2.4263711538459085,5.22840000121505,208.07710000008228,215.73187115514324,one shared preloaded model
conv-42-qa-90,lalm,2.4263711538459085,6.550299998707487,208.07710000008228,217.05377115263568,one shared preloaded model
conv-42-qa-91,lalm,2.4263711538459085,6.083399999624817,208.07710000008228,216.586871153553,one shared preloaded model
conv-42-qa-92,lalm,2.4263711538459085,8.764799998971284,218.7311249999766,229.9222961527938,one shared preloaded model
conv-42-qa-93,lalm,2.4263711538459085,10.058899999421556,218.7311249999766,231.21639615324406,one shared preloaded model
conv-42-qa-94,lalm,2.4263711538459085,10.092000000440748,218.7311249999766,231.24949615426326,one shared preloaded model
conv-42-qa-95,lalm,2.4263711538459085,9.509999999863794,218.7311249999766,230.6674961536863,one shared preloaded model
conv-42-qa-96,lalm,2.4263711538459085,6.481099999291473,138.92864999979793,147.8361211529353,one shared preloaded model
conv-42-qa-97,lalm,2.4263711538459085,9.838100000706618,138.92864999979793,151.19312115435045,one shared preloaded model
conv-42-qa-98,lalm,2.4263711538459085,9.558499999911874,138.92864999979793,150.9135211535557,one shared preloaded model
conv-42-qa-99,lalm,2.4263711538459085,10.270200000377372,138.92864999979793,151.6252211540212,one shared preloaded model
conv-42-qa-100,lalm,2.4263711538459085,6.07049999962328,272.8085999997347,281.30547115320394,one shared preloaded model
conv-42-qa-101,lalm,2.4263711538459085,5.4372999984479975,272.8085999997347,280.67227115202866,one shared preloaded model
conv-42-qa-102,lalm,2.4263711538459085,6.30749999982072,272.8085999997347,281.5424711534014,one shared preloaded model
conv-42-qa-103,lalm,2.4263711538459085,6.608699999560486,272.8085999997347,281.84367115314114,one shared preloaded model
conv-42-qa-104,lalm,2.4263711538459085,8.324100001118495,217.73549999988973,228.48597115485413,one shared preloaded model
conv-42-qa-105,lalm,2.4263711538459085,7.34310000007099,217.73549999988973,227.50497115380662,one shared preloaded model
conv-42-qa-106,lalm,2.4263711538459085,9.158100001513958,217.73549999988973,229.3199711552496,one shared preloaded model
conv-42-qa-107,lalm,2.4263711538459085,9.408300000359304,217.73549999988973,229.57017115409494,one shared preloaded model
conv-42-qa-108,lalm,2.4263711538459085,5.876100000023143,138.73822499999733,147.04069615386638,one shared preloaded model
conv-42-qa-109,lalm,2.4263711538459085,6.1478999996325,138.73822499999733,147.31249615347573,one shared preloaded model
conv-42-qa-110,lalm,2.4263711538459085,6.3771000004635425,138.73822499999733,147.54169615430678,one shared preloaded model
conv-42-qa-111,lalm,2.4263711538459085,6.392400000549969,138.73822499999733,147.5569961543932,one shared preloaded model
conv-42-qa-112,lalm,2.4263711538459085,9.098699998503434,136.96217500000785,148.4872461523572,one shared preloaded model
conv-42-qa-113,lalm,2.4263711538459085,5.379999998694984,136.96217500000785,144.76854615254874,one shared preloaded model
conv-42-qa-114,lalm,2.4263711538459085,9.170299999823328,136.96217500000785,148.55884615367708,one shared preloaded model
conv-42-qa-115,lalm,2.4263711538459085,6.887100000312785,136.96217500000785,146.27564615416654,one shared preloaded model
conv-42-qa-116,lalm,2.4263711538459085,7.525699998950586,124.1997000001902,134.1517711529867,one shared preloaded model
conv-42-qa-117,lalm,2.4263711538459085,10.166000000026543,124.1997000001902,136.79207115406265,one shared preloaded model
conv-42-qa-118,lalm,2.4263711538459085,11.091500000475207,124.1997000001902,137.71757115451132,one shared preloaded model
conv-42-qa-119,lalm,2.4263711538459085,11.5483999998105,124.1997000001902,138.1744711538466,one shared preloaded model
conv-42-qa-120,lalm,2.4263711538459085,6.695100000797538,211.43044999962513,220.55192115426857,one shared preloaded model
conv-42-qa-121,lalm,2.4263711538459085,6.103700001403922,211.43044999962513,219.96052115487495,one shared preloaded model
conv-42-qa-122,lalm,2.4263711538459085,6.37780000033672,211.43044999962513,220.23462115380775,one shared preloaded model
conv-42-qa-123,lalm,2.4263711538459085,6.355400000757072,211.43044999962513,220.2122211542281,one shared preloaded model
conv-42-qa-124,lalm,2.4263711538459085,6.083199999920907,209.88465000027645,218.39422115404327,one shared preloaded model
conv-42-qa-125,lalm,2.4263711538459085,6.363599999531289,209.88465000027645,218.67462115365365,one shared preloaded model
conv-42-qa-126,lalm,2.4263711538459085,10.037000000011176,209.88465000027645,222.34802115413353,one shared preloaded model
conv-42-qa-127,lalm,2.4263711538459085,9.17459999982384,209.88465000027645,221.4856211539462,one shared preloaded model
conv-42-qa-128,lalm,2.4263711538459085,6.168699999761884,139.6668249999493,148.2618961535571,one shared preloaded model
conv-42-qa-129,lalm,2.4263711538459085,9.252999998352607,139.6668249999493,151.34619615214783,one shared preloaded model
conv-42-qa-130,lalm,2.4263711538459085,6.770799998776056,139.6668249999493,148.86399615257127,one shared preloaded model
conv-42-qa-131,lalm,2.4263711538459085,6.674899999779882,139.6668249999493,148.7680961535751,one shared preloaded model
conv-42-qa-132,lalm,2.4263711538459085,7.411599999613827,293.73930000019755,303.5772711536573,one shared preloaded model
conv-42-qa-133,lalm,2.4263711538459085,10.27799999974377,293.73930000019755,306.44367115378725,one shared preloaded model
conv-42-qa-134,lalm,2.4263711538459085,9.601699999620905,293.73930000019755,305.7673711536644,one shared preloaded model
conv-42-qa-135,lalm,2.4263711538459085,9.097500000279979,293.73930000019755,305.26317115432346,one shared preloaded model
conv-42-qa-136,lalm,2.4263711538459085,7.049699999697623,155.44885000008435,164.92492115362788,one shared preloaded model
conv-42-qa-137,lalm,2.4263711538459085,5.905099998926744,155.44885000008435,163.780321152857,one shared preloaded model
conv-42-qa-138,lalm,2.4263711538459085,6.603699999686796,155.44885000008435,164.47892115361705,one shared preloaded model
conv-42-qa-139,lalm,2.4263711538459085,10.453000000779866,155.44885000008435,168.32822115471012,one shared preloaded model
conv-42-qa-140,lalm,2.4263711538459085,6.228800000826595,156.0467500003142,164.7019211549867,one shared preloaded model
conv-42-qa-141,lalm,2.4263711538459085,5.925100000240491,156.0467500003142,164.3982211544006,one shared preloaded model
conv-42-qa-142,lalm,2.4263711538459085,6.577299998753006,156.0467500003142,165.05042115291312,one shared preloaded model
conv-42-qa-143,lalm,2.4263711538459085,6.842599999799859,156.0467500003142,165.31572115395997,one shared preloaded model
conv-42-qa-144,lalm,2.4263711538459085,9.7167999992962,144.28907499996058,156.43224615310268,one shared preloaded model
conv-42-qa-145,lalm,2.4263711538459085,10.56830000015907,144.28907499996058,157.28374615396555,one shared preloaded model
conv-42-qa-146,lalm,2.4263711538459085,9.684499998911633,144.28907499996058,156.39994615271812,one shared preloaded model
conv-42-qa-147,lalm,2.4263711538459085,9.915700000419747,144.28907499996058,156.63114615422623,one shared preloaded model
conv-42-qa-148,lalm,2.4263711538459085,7.061199999952805,300.85525000004054,310.3428211538393,one shared preloaded model
conv-42-qa-149,lalm,2.4263711538459085,7.0512000002054265,300.85525000004054,310.3328211540919,one shared preloaded model
conv-42-qa-150,lalm,2.4263711538459085,6.661499999609077,300.85525000004054,309.94312115349555,one shared preloaded model
conv-42-qa-151,lalm,2.4263711538459085,6.963900001210277,300.85525000004054,310.24552115509675,one shared preloaded model
conv-42-qa-152,lalm,2.4263711538459085,6.3616999996156665,126.09650000013062,134.8845711535922,one shared preloaded model
conv-42-qa-153,lalm,2.4263711538459085,9.752799998750561,126.09650000013062,138.27567115272709,one shared preloaded model
conv-42-qa-154,lalm,2.4263711538459085,10.16170000002603,126.09650000013062,138.68457115400255,one shared preloaded model
conv-42-qa-155,lalm,2.4263711538459085,9.252500000002328,126.09650000013062,137.77537115397885,one shared preloaded model
conv-42-qa-156,lalm,2.4263711538459085,7.916000000477652,188.37834999976621,198.72072115408977,one shared preloaded model
conv-42-qa-157,lalm,2.4263711538459085,7.063500001095235,188.37834999976621,197.86822115470736,one shared preloaded model
conv-42-qa-158,lalm,2.4263711538459085,6.171400000312133,188.37834999976621,196.97612115392425,one shared preloaded model
conv-42-qa-159,lalm,2.4263711538459085,5.94700000146986,188.37834999976621,196.75172115508198,one shared preloaded model
conv-42-qa-160,lalm,2.4263711538459085,7.065200001306948,111.32344999987254,120.81502115502539,one shared preloaded model
conv-42-qa-161,lalm,2.4263711538459085,5.386599999837927,111.32344999987254,119.13642115355637,one shared preloaded model
conv-42-qa-162,lalm,2.4263711538459085,6.782799999200506,111.32344999987254,120.53262115291895,one shared preloaded model
conv-42-qa-163,lalm,2.4263711538459085,6.458199999542558,111.32344999987254,120.208021153261,one shared preloaded model
conv-42-qa-164,lalm,2.4263711538459085,6.6365000002406305,211.19157500015717,220.2544461542437,one shared preloaded model
conv-42-qa-165,lalm,2.4263711538459085,10.924399999566958,211.19157500015717,224.54234615357004,one shared preloaded model
conv-42-qa-166,lalm,2.4263711538459085,9.18909999927564,211.19157500015717,222.80704615327872,one shared preloaded model
conv-42-qa-167,lalm,2.4263711538459085,9.716399999888381,211.19157500015717,223.33434615389146,one shared preloaded model
conv-42-qa-168,lalm,2.4263711538459085,6.349499999487307,250.17615000024307,258.9520211535763,one shared preloaded model
conv-42-qa-169,lalm,2.4263711538459085,9.664600000178325,250.17615000024307,262.26712115426733,one shared preloaded model
conv-42-qa-170,lalm,2.4263711538459085,9.94410000021162,250.17615000024307,262.5466211543006,one shared preloaded model
conv-42-qa-171,lalm,2.4263711538459085,9.357299999464885,250.17615000024307,261.9598211535539,one shared preloaded model
conv-42-qa-172,lalm,2.4263711538459085,6.414999999833526,196.39737499983312,205.23874615351255,one shared preloaded model
conv-42-qa-173,lalm,2.4263711538459085,9.762099998624763,196.39737499983312,208.5858461523038,one shared preloaded model
conv-42-qa-174,lalm,2.4263711538459085,9.518899998511188,196.39737499983312,208.3426461521902,one shared preloaded model
conv-42-qa-175,lalm,2.4263711538459085,6.063099999664701,196.39737499983312,204.88684615334373,one shared preloaded model
conv-42-qa-176,lalm,2.4263711538459085,6.754499998351093,238.42270000022836,247.60357115242536,one shared preloaded model
conv-42-qa-177,lalm,2.4263711538459085,5.288799999107141,238.42270000022836,246.1378711531814,one shared preloaded model
conv-42-qa-178,lalm,2.4263711538459085,5.8013999987451825,238.42270000022836,246.65047115281945,one shared preloaded model
conv-42-qa-179,lalm,2.4263711538459085,6.853700000647223,238.42270000022836,247.7027711547215,one shared preloaded model
conv-42-qa-180,lalm,2.4263711538459085,5.861899999217712,140.8835749998616,149.1718461529252,one shared preloaded model
conv-42-qa-181,lalm,2.4263711538459085,6.330099999104277,140.8835749998616,149.64004615281178,one shared preloaded model
conv-42-qa-182,lalm,2.4263711538459085,6.343199998809723,140.8835749998616,149.65314615251722,one shared preloaded model
conv-42-qa-183,lalm,2.4263711538459085,6.944900000235066,140.8835749998616,150.25484615394257,one shared preloaded model
conv-42-qa-184,lalm,2.4263711538459085,6.5235000001848675,94.50014999993073,103.4500211539615,one shared preloaded model
conv-42-qa-185,lalm,2.4263711538459085,9.803499999179621,94.50014999993073,106.73002115295625,one shared preloaded model
conv-42-qa-186,lalm,2.4263711538459085,9.809299999687937,94.50014999993073,106.73582115346457,one shared preloaded model
conv-42-qa-187,lalm,2.4263711538459085,10.562499999650754,94.50014999993073,107.48902115342739,one shared preloaded model
conv-42-qa-188,lalm,2.4263711538459085,6.407700000636396,180.31592499983162,189.14999615431392,one shared preloaded model
conv-42-qa-189,lalm,2.4263711538459085,9.621499999411753,180.31592499983162,192.36379615308928,one shared preloaded model
conv-42-qa-190,lalm,2.4263711538459085,9.776799999599461,180.31592499983162,192.519096153277,one shared preloaded model
conv-42-qa-191,lalm,2.4263711538459085,9.408799998709583,180.31592499983162,192.1510961523871,one shared preloaded model
conv-42-qa-192,lalm,2.4263711538459085,6.37040000037814,169.19589999997697,177.99267115420102,one shared preloaded model
conv-42-qa-193,lalm,2.4263711538459085,5.713000000469037,169.19589999997697,177.33527115429192,one shared preloaded model
conv-42-qa-194,lalm,2.4263711538459085,5.989000001136446,169.19589999997697,177.61127115495933,one shared preloaded model
conv-42-qa-195,lalm,2.4263711538459085,8.019299999432405,169.19589999997697,179.64157115325528,one shared preloaded model
conv-42-qa-196,lalm,2.4263711538459085,6.474899999375339,145.8152750001318,154.71654615335305,one shared preloaded model
conv-42-qa-197,lalm,2.4263711538459085,10.203399999227258,145.8152750001318,158.44504615320497,one shared preloaded model
conv-42-qa-198,lalm,2.4263711538459085,10.139099998923484,145.8152750001318,158.3807461529012,one shared preloaded model
conv-42-qa-199,lalm,2.4263711538459085,9.064200001375866,145.8152750001318,157.30584615535358,one shared preloaded model
conv-42-qa-200,lalm,2.4263711538459085,6.894500000271364,137.97422500010725,147.29509615422452,one shared preloaded model
conv-42-qa-201,lalm,2.4263711538459085,9.790800000700983,137.97422500010725,150.19139615465414,one shared preloaded model
conv-42-qa-202,lalm,2.4263711538459085,9.538999998767395,137.97422500010725,149.93959615272055,one shared preloaded model
conv-42-qa-203,lalm,2.4263711538459085,9.090499999729218,137.97422500010725,149.49109615368238,one shared preloaded model
conv-42-qa-204,lalm,2.4263711538459085,5.983600000035949,215.9631999998055,224.37317115368737,one shared preloaded model
conv-42-qa-205,lalm,2.4263711538459085,5.442600000606035,215.9631999998055,223.83217115425745,one shared preloaded model
conv-42-qa-206,lalm,2.4263711538459085,9.51569999961066,215.9631999998055,227.90527115326208,one shared preloaded model
conv-42-qa-207,lalm,2.4263711538459085,11.519900001076167,215.9631999998055,229.90947115472758,one shared preloaded model
conv-42-qa-208,lalm,2.4263711538459085,5.959699999948498,189.47712500039415,197.86319615418856,one shared preloaded model
conv-42-qa-209,lalm,2.4263711538459085,6.478799999968032,189.47712500039415,198.3822961542081,one shared preloaded model
conv-42-qa-210,lalm,2.4263711538459085,6.173200001285295,189.47712500039415,198.07669615552535,one shared preloaded model
conv-42-qa-211,lalm,2.4263711538459085,6.071699999665725,189.47712500039415,197.97519615390578,one shared preloaded model
conv-42-qa-212,lalm,2.4263711538459085,6.3027999985934,79.66572499981339,88.3948961522527,one shared preloaded model
conv-42-qa-213,lalm,2.4263711538459085,9.690799999589217,79.66572499981339,91.78289615324852,one shared preloaded model
conv-42-qa-214,lalm,2.4263711538459085,8.143600000039442,79.66572499981339,90.23569615369874,one shared preloaded model
conv-42-qa-215,lalm,2.4263711538459085,5.0425000008544885,79.66572499981339,87.13459615451379,one shared preloaded model
conv-42-qa-216,lalm,2.4263711538459085,6.492200000138837,84.07674999989467,92.99532115387942,one shared preloaded model
conv-42-qa-217,lalm,2.4263711538459085,10.33359999928507,84.07674999989467,96.83672115302565,one shared preloaded model
conv-42-qa-218,lalm,2.4263711538459085,9.758500000316417,84.07674999989467,96.261621154057,one shared preloaded model
conv-42-qa-219,lalm,2.4263711538459085,9.335599999758415,84.07674999989467,95.838721153499,one shared preloaded model
conv-42-qa-220,lalm,2.4263711538459085,6.065800000214949,234.32245000003604,242.8146211540969,one shared preloaded model
conv-42-qa-221,lalm,2.4263711538459085,8.47040000007837,234.32245000003604,245.21922115396032,one shared preloaded model
conv-42-qa-222,lalm,2.4263711538459085,10.13030000103754,234.32245000003604,246.8791211549195,one shared preloaded model
conv-42-qa-223,lalm,2.4263711538459085,9.480300001087016,234.32245000003604,246.22912115496896,one shared preloaded model
conv-42-qa-224,lalm,2.4263711538459085,6.332799999654526,93.6796000000868,102.43877115358723,one shared preloaded model
conv-42-qa-225,lalm,2.4263711538459085,9.377299998959643,93.6796000000868,105.48327115289234,one shared preloaded model
conv-42-qa-226,lalm,2.4263711538459085,10.154800000236719,93.6796000000868,106.26077115416942,one shared preloaded model
conv-42-qa-227,lalm,2.4263711538459085,6.05600000017148,93.6796000000868,102.16197115410418,one shared preloaded model
conv-42-qa-228,lalm,2.4263711538459085,5.9348000013415,82.51807500028008,90.87924615546748,one shared preloaded model
conv-42-qa-229,lalm,2.4263711538459085,5.613400000584079,82.51807500028008,90.55784615471006,one shared preloaded model
conv-42-qa-230,lalm,2.4263711538459085,6.395600001269486,82.51807500028008,91.34004615539547,one shared preloaded model
conv-42-qa-231,lalm,2.4263711538459085,6.298100001004059,82.51807500028008,91.24254615513004,one shared preloaded model
conv-42-qa-232,lalm,2.4263711538459085,6.979300000239164,301.1400999998841,310.5457711539692,one shared preloaded model
conv-42-qa-233,lalm,2.4263711538459085,5.2890999995725,301.1400999998841,308.85557115330255,one shared preloaded model
conv-42-qa-234,lalm,2.4263711538459085,5.856900001163012,301.1400999998841,309.42337115489306,one shared preloaded model
conv-42-qa-235,lalm,2.4263711538459085,6.8424000000959495,301.1400999998841,310.408871153826,one shared preloaded model
conv-42-qa-236,lalm,2.4263711538459085,6.7579999995359685,115.74892499993439,124.93329615331626,one shared preloaded model
conv-42-qa-237,lalm,2.4263711538459085,9.719499999846448,115.74892499993439,127.89479615362674,one shared preloaded model
conv-42-qa-238,lalm,2.4263711538459085,10.094899998875917,115.74892499993439,128.2701961526562,one shared preloaded model
conv-42-qa-239,lalm,2.4263711538459085,9.81070000125328,115.74892499993439,127.98599615503358,one shared preloaded model
conv-42-qa-240,lalm,2.4263711538459085,6.12860000001092,162.88517500015587,171.4401461540127,one shared preloaded model
conv-42-qa-241,lalm,2.4263711538459085,6.0647999998764135,162.88517500015587,171.3763461538782,one shared preloaded model
conv-42-qa-242,lalm,2.4263711538459085,6.424400000469177,162.88517500015587,171.73594615447095,one shared preloaded model
conv-42-qa-243,lalm,2.4263711538459085,5.992700000206241,162.88517500015587,171.30424615420802,one shared preloaded model
conv-42-qa-244,lalm,2.4263711538459085,6.54479999866453,128.18425000023126,137.1554211527417,one shared preloaded model
conv-42-qa-245,lalm,2.4263711538459085,9.89339999978256,128.18425000023126,140.50402115385972,one shared preloaded model
conv-42-qa-246,lalm,2.4263711538459085,9.464299999308423,128.18425000023126,140.0749211533856,one shared preloaded model
conv-42-qa-247,lalm,2.4263711538459085,9.26689999869268,128.18425000023126,139.87752115276984,one shared preloaded model
conv-42-qa-248,lalm,2.4263711538459085,6.249000000025262,84.64725000021645,93.32262115408761,one shared preloaded model
conv-42-qa-249,lalm,2.4263711538459085,5.652699999700417,84.64725000021645,92.72632115376277,one shared preloaded model
conv-42-qa-250,lalm,2.4263711538459085,6.090200000471668,84.64725000021645,93.16382115453402,one shared preloaded model
conv-42-qa-251,lalm,2.4263711538459085,6.728800000928459,84.64725000021645,93.80242115499081,one shared preloaded model
conv-42-qa-252,lalm,2.4263711538459085,6.761399999959394,113.4100250001211,122.5977961539264,one shared preloaded model
conv-42-qa-253,lalm,2.4263711538459085,7.6575000002776505,113.4100250001211,123.49389615424465,one shared preloaded model
conv-42-qa-254,lalm,2.4263711538459085,9.766199998921365,113.4100250001211,125.60259615288837,one shared preloaded model
conv-42-qa-255,lalm,2.4263711538459085,9.675299999798881,113.4100250001211,125.51169615376588,one shared preloaded model
conv-42-qa-256,lalm,2.4263711538459085,6.675000000541331,150.68622499984485,159.7875961542321,one shared preloaded model
conv-42-qa-257,lalm,2.4263711538459085,9.996400000090944,150.68622499984485,163.1089961537817,one shared preloaded model
conv-42-qa-258,lalm,2.4263711538459085,9.69989999975951,150.68622499984485,162.81249615345027,one shared preloaded model
conv-42-qa-259,lalm,2.4263711538459085,9.59559999864723,150.68622499984485,162.708196152338,one shared preloaded model
conv-43-qa-0,lalm,2.5753789256240385,9.540600000036648,365.9281000000192,378.04407892567986,one shared preloaded model
conv-43-qa-1,lalm,2.5753789256240385,10.369300000093062,365.9281000000192,378.87277892573627,one shared preloaded model
conv-43-qa-2,lalm,2.5753789256240385,9.36089999959222,365.9281000000192,377.8643789252354,one shared preloaded model
conv-43-qa-3,lalm,2.5753789256240385,9.855700000116485,365.9281000000192,378.3591789257597,one shared preloaded model
conv-43-qa-4,lalm,2.5753789256240385,6.088199999794597,108.35235000013199,117.01592892555063,one shared preloaded model
conv-43-qa-5,lalm,2.5753789256240385,5.870799999684095,108.35235000013199,116.79852892544012,one shared preloaded model
conv-43-qa-6,lalm,2.5753789256240385,10.04790000115463,108.35235000013199,120.97562892691066,one shared preloaded model
conv-43-qa-7,lalm,2.5753789256240385,9.838500000114436,108.35235000013199,120.76622892587046,one shared preloaded model
conv-43-qa-8,lalm,2.5753789256240385,6.072300000596442,247.11354999999458,255.76122892621507,one shared preloaded model
conv-43-qa-9,lalm,2.5753789256240385,9.76020000052813,247.11354999999458,259.4491289261467,one shared preloaded model
conv-43-qa-10,lalm,2.5753789256240385,9.460499999477179,247.11354999999458,259.1494289250958,one shared preloaded model
conv-43-qa-11,lalm,2.5753789256240385,9.553900001264992,247.11354999999458,259.2428289268836,one shared preloaded model
conv-43-qa-12,lalm,2.5753789256240385,5.880200000319746,81.40082499994605,89.85640392588984,one shared preloaded model
conv-43-qa-13,lalm,2.5753789256240385,6.104699999923469,81.40082499994605,90.08090392549356,one shared preloaded model
conv-43-qa-14,lalm,2.5753789256240385,8.212099999582279,81.40082499994605,92.18830392515237,one shared preloaded model
conv-43-qa-15,lalm,2.5753789256240385,9.690900000350666,81.40082499994605,93.66710392592076,one shared preloaded model
conv-43-qa-16,lalm,2.5753789256240385,7.771900000079768,141.17132499995932,151.51860392566314,one shared preloaded model
conv-43-qa-17,lalm,2.5753789256240385,9.405499999047606,141.17132499995932,153.15220392463098,one shared preloaded model
conv-43-qa-18,lalm,2.5753789256240385,6.363599999531289,141.17132499995932,150.11030392511466,one shared preloaded model
conv-43-qa-19,lalm,2.5753789256240385,6.293799999184557,141.17132499995932,150.04050392476793,one shared preloaded model
conv-43-qa-20,lalm,2.5753789256240385,6.776599999284372,218.1449499998962,227.49692892480462,one shared preloaded model
conv-43-qa-21,lalm,2.5753789256240385,5.485699999553617,218.1449499998962,226.20602892507387,one shared preloaded model
conv-43-qa-22,lalm,2.5753789256240385,9.533399999781977,218.1449499998962,230.25372892530223,one shared preloaded model
conv-43-qa-23,lalm,2.5753789256240385,5.351399999199202,218.1449499998962,226.07172892471945,one shared preloaded model
conv-43-qa-24,lalm,2.5753789256240385,6.836099999418366,140.88232499989317,150.2938039249356,one shared preloaded model
conv-43-qa-25,lalm,2.5753789256240385,5.113899998832494,140.88232499989317,148.57160392434972,one shared preloaded model
conv-43-qa-26,lalm,2.5753789256240385,5.585900000369293,140.88232499989317,149.04360392588652,one shared preloaded model
conv-43-qa-27,lalm,2.5753789256240385,5.661799999870709,140.88232499989317,149.11950392538793,one shared preloaded model
conv-43-qa-28,lalm,2.5753789256240385,6.6030000016326085,242.64727500030858,251.82565392756524,one shared preloaded model
conv-43-qa-29,lalm,2.5753789256240385,10.104299999511568,242.64727500030858,255.3269539254442,one shared preloaded model
conv-43-qa-30,lalm,2.5753789256240385,9.807000000364496,242.64727500030858,255.02965392629713,one shared preloaded model
conv-43-qa-31,lalm,2.5753789256240385,9.398399999554385,242.64727500030858,254.62105392548702,one shared preloaded model
conv-43-qa-32,lalm,2.5753789256240385,6.141199999547098,121.6598249998242,130.37640392499534,one shared preloaded model
conv-43-qa-33,lalm,2.5753789256240385,6.4248999988194555,121.6598249998242,130.6601039242677,one shared preloaded model
conv-43-qa-34,lalm,2.5753789256240385,6.0689000001730165,121.6598249998242,130.30410392562126,one shared preloaded model
conv-43-qa-35,lalm,2.5753789256240385,6.102000001192209,121.6598249998242,130.33720392664046,one shared preloaded model
conv-43-qa-36,lalm,2.5753789256240385,6.797799998821574,115.87277500029813,125.24595392474374,one shared preloaded model
conv-43-qa-37,lalm,2.5753789256240385,9.453900000153226,115.87277500029813,127.9020539260754,one shared preloaded model
conv-43-qa-38,lalm,2.5753789256240385,11.635999999271007,115.87277500029813,130.0841539251932,one shared preloaded model
conv-43-qa-39,lalm,2.5753789256240385,6.965300000956631,115.87277500029813,125.4134539268788,one shared preloaded model
conv-43-qa-40,lalm,2.5753789256240385,6.114499999966938,196.25997499997538,204.94985392556637,one shared preloaded model
conv-43-qa-41,lalm,2.5753789256240385,5.511399998795241,196.25997499997538,204.34675392439468,one shared preloaded model
conv-43-qa-42,lalm,2.5753789256240385,5.321700000422425,196.25997499997538,204.15705392602186,one shared preloaded model
conv-43-qa-43,lalm,2.5753789256240385,9.532499998385902,196.25997499997538,208.36785392398534,one shared preloaded model
conv-43-qa-44,lalm,2.5753789256240385,6.48900000123831,180.01700000013443,189.0813789269968,one shared preloaded model
conv-43-qa-45,lalm,2.5753789256240385,10.08449999972072,180.01700000013443,192.6768789254792,one shared preloaded model
conv-43-qa-46,lalm,2.5753789256240385,11.181300000316696,180.01700000013443,193.77367892607518,one shared preloaded model
conv-43-qa-47,lalm,2.5753789256240385,9.49390000096173,180.01700000013443,192.0862789267202,one shared preloaded model
conv-43-qa-48,lalm,2.5753789256240385,8.614599999418715,205.10162499977014,216.2916039248129,one shared preloaded model
conv-43-qa-49,lalm,2.5753789256240385,5.3508000000874745,205.10162499977014,213.02780392548166,one shared preloaded model
conv-43-qa-50,lalm,2.5753789256240385,9.769300000698422,205.10162499977014,217.4463039260926,one shared preloaded model
conv-43-qa-51,lalm,2.5753789256240385,9.445199999390752,205.10162499977014,217.12220392478494,one shared preloaded model
conv-43-qa-52,lalm,2.5753789256240385,6.576799998583738,110.9001999998327,120.05237892404047,one shared preloaded model
conv-43-qa-53,lalm,2.5753789256240385,9.519799999907264,110.9001999998327,122.995378925364,one shared preloaded model
conv-43-qa-54,lalm,2.5753789256240385,10.078200000862125,110.9001999998327,123.55377892631886,one shared preloaded model
conv-43-qa-55,lalm,2.5753789256240385,9.452199999941513,110.9001999998327,122.92777892539824,one shared preloaded model
conv-43-qa-56,lalm,2.5753789256240385,6.5483000016683945,238.3978749999187,247.52155392721116,one shared preloaded model
conv-43-qa-57,lalm,2.5753789256240385,9.638399998948444,238.3978749999187,250.6116539244912,one shared preloaded model
conv-43-qa-58,lalm,2.5753789256240385,9.60289999966335,238.3978749999187,250.5761539252061,one shared preloaded model
conv-43-qa-59,lalm,2.5753789256240385,9.329200000138371,238.3978749999187,250.30245392568114,one shared preloaded model
conv-43-qa-60,lalm,2.5753789256240385,8.095299999695271,323.53634999981296,334.20702892513225,one shared preloaded model
conv-43-qa-61,lalm,2.5753789256240385,6.23249999989639,323.53634999981296,332.34422892533337,one shared preloaded model
conv-43-qa-62,lalm,2.5753789256240385,6.254299998545321,323.53634999981296,332.3660289239823,one shared preloaded model
conv-43-qa-63,lalm,2.5753789256240385,6.011600000420003,323.53634999981296,332.123328925857,one shared preloaded model
conv-43-qa-64,lalm,2.5753789256240385,7.862900001782691,232.31829999986076,242.7565789272675,one shared preloaded model
conv-43-qa-65,lalm,2.5753789256240385,9.75779999862425,232.31829999986076,244.65147892410906,one shared preloaded model
conv-43-qa-66,lalm,2.5753789256240385,10.201200000665267,232.31829999986076,245.09487892615007,one shared preloaded model
conv-43-qa-67,lalm,2.5753789256240385,10.001900000133901,232.31829999986076,244.8955789256187,one shared preloaded model
conv-43-qa-68,lalm,2.5753789256240385,6.586400000742287,146.92497500027457,156.0867539266409,one shared preloaded model
conv-43-qa-69,lalm,2.5753789256240385,9.45789999968838,146.92497500027457,158.958253925587,one shared preloaded model
conv-43-qa-70,lalm,2.5753789256240385,10.793699999339879,146.92497500027457,160.2940539252385,one shared preloaded model
conv-43-qa-71,lalm,2.5753789256240385,9.306900001320173,146.92497500027457,158.8072539272188,one shared preloaded model
conv-43-qa-72,lalm,2.5753789256240385,6.16970000010042,165.1875249999648,173.93260392568928,one shared preloaded model
conv-43-qa-73,lalm,2.5753789256240385,10.119000000486267,165.1875249999648,177.88190392607513,one shared preloaded model
conv-43-qa-74,lalm,2.5753789256240385,9.98509999953967,165.1875249999648,177.74800392512853,one shared preloaded model
conv-43-qa-75,lalm,2.5753789256240385,9.287900000344962,165.1875249999648,177.05080392593382,one shared preloaded model
conv-43-qa-76,lalm,2.5753789256240385,9.215399999447982,185.4673749999165,197.25815392498853,one shared preloaded model
conv-43-qa-77,lalm,2.5753789256240385,5.154799999218085,185.4673749999165,193.19755392475864,one shared preloaded model
conv-43-qa-78,lalm,2.5753789256240385,6.259900001168717,185.4673749999165,194.30265392670927,one shared preloaded model
conv-43-qa-79,lalm,2.5753789256240385,5.439200000182609,185.4673749999165,193.48195392572316,one shared preloaded model
conv-43-qa-80,lalm,2.5753789256240385,5.989899998894543,301.60244999979113,310.1677289243097,one shared preloaded model
conv-43-qa-81,lalm,2.5753789256240385,5.438500000309432,301.60244999979113,309.6163289257246,one shared preloaded model
conv-43-qa-82,lalm,2.5753789256240385,6.4990999999281485,301.60244999979113,310.6769289253433,one shared preloaded model
conv-43-qa-83,lalm,2.5753789256240385,6.055699999706121,301.60244999979113,310.2335289251213,one shared preloaded model
conv-43-qa-84,lalm,2.5753789256240385,8.489599998938502,288.3825250000882,299.44750392465073,one shared preloaded model
conv-43-qa-85,lalm,2.5753789256240385,9.688999998616055,288.3825250000882,300.6469039243283,one shared preloaded model
conv-43-qa-86,lalm,2.5753789256240385,9.498200000962242,288.3825250000882,300.4561039266745,one shared preloaded model
conv-43-qa-87,lalm,2.5753789256240385,9.432099999685306,288.3825250000882,300.39000392539754,one shared preloaded model
conv-43-qa-88,lalm,2.5753789256240385,6.421500000215019,365.46275000000605,374.4596289258451,one shared preloaded model
conv-43-qa-89,lalm,2.5753789256240385,9.888900000078138,365.46275000000605,377.9270289257082,one shared preloaded model
conv-43-qa-90,lalm,2.5753789256240385,6.303699999989476,365.46275000000605,374.34182892561955,one shared preloaded model
conv-43-qa-91,lalm,2.5753789256240385,10.27050000084273,365.46275000000605,378.3086289264728,one shared preloaded model
conv-43-qa-92,lalm,2.5753789256240385,6.868300000860472,375.99420000015016,385.43787892663465,one shared preloaded model
conv-43-qa-93,lalm,2.5753789256240385,9.882600001219544,375.99420000015016,388.4521789269937,one shared preloaded model
conv-43-qa-94,lalm,2.5753789256240385,9.373400000185939,375.99420000015016,387.9429789259601,one shared preloaded model
conv-43-qa-95,lalm,2.5753789256240385,9.801099999094731,375.99420000015016,388.3706789248689,one shared preloaded model
conv-43-qa-96,lalm,2.5753789256240385,6.908100000146078,155.8461750000788,165.32965392584893,one shared preloaded model
conv-43-qa-97,lalm,2.5753789256240385,6.975000000238651,155.8461750000788,165.3965539259415,one shared preloaded model
conv-43-qa-98,lalm,2.5753789256240385,6.171000000904314,155.8461750000788,164.59255392660717,one shared preloaded model
conv-43-qa-99,lalm,2.5753789256240385,6.307000001470442,155.8461750000788,164.7285539271733,one shared preloaded model
conv-43-qa-100,lalm,2.5753789256240385,6.659000000581727,246.4380000001256,255.6723789263314,one shared preloaded model
conv-43-qa-101,lalm,2.5753789256240385,5.962999999610474,246.4380000001256,254.97637892536014,one shared preloaded model
conv-43-qa-102,lalm,2.5753789256240385,6.6520000000309665,246.4380000001256,255.66537892578063,one shared preloaded model
conv-43-qa-103,lalm,2.5753789256240385,9.77940000120725,246.4380000001256,258.7927789269569,one shared preloaded model
conv-43-qa-104,lalm,2.5753789256240385,6.416600001102779,84.79869999973744,93.79067892646425,one shared preloaded model
conv-43-qa-105,lalm,2.5753789256240385,6.027800000083516,84.79869999973744,93.40187892544499,one shared preloaded model
conv-43-qa-106,lalm,2.5753789256240385,5.329300000084913,84.79869999973744,92.70337892544639,one shared preloaded model
conv-43-qa-107,lalm,2.5753789256240385,5.992000000333064,84.79869999973744,93.36607892569454,one shared preloaded model
conv-43-qa-108,lalm,2.5753789256240385,6.439000000682427,288.91715000008844,297.9315289263949,one shared preloaded model
conv-43-qa-109,lalm,2.5753789256240385,9.907300000122632,288.91715000008844,301.3998289258351,one shared preloaded model
conv-43-qa-110,lalm,2.5753789256240385,8.157299998856615,288.91715000008844,299.6498289245691,one shared preloaded model
conv-43-qa-111,lalm,2.5753789256240385,5.418700000518584,288.91715000008844,296.91122892623105,one shared preloaded model
conv-43-qa-112,lalm,2.5753789256240385,6.633499999225023,253.2568500000707,262.46572892491974,one shared preloaded model
conv-43-qa-113,lalm,2.5753789256240385,10.98699999965902,253.2568500000707,266.81922892535374,one shared preloaded model
conv-43-qa-114,lalm,2.5753789256240385,11.251600000832696,253.2568500000707,267.0838289265274,one shared preloaded model
conv-43-qa-115,lalm,2.5753789256240385,10.899200000494602,253.2568500000707,266.7314289261893,one shared preloaded model
conv-43-qa-116,lalm,2.5753789256240385,6.260300000576535,335.6270249996669,344.46270392586746,one shared preloaded model
conv-43-qa-117,lalm,2.5753789256240385,10.353699999541277,335.6270249996669,348.5561039248322,one shared preloaded model
conv-43-qa-118,lalm,2.5753789256240385,9.580399999322253,335.6270249996669,347.7828039246132,one shared preloaded model
conv-43-qa-119,lalm,2.5753789256240385,9.49649999893154,335.6270249996669,347.69890392422246,one shared preloaded model
conv-43-qa-120,lalm,2.5753789256240385,9.527500000331202,160.5852499997127,172.68812892566794,one shared preloaded model
conv-43-qa-121,lalm,2.5753789256240385,9.868300001471653,160.5852499997127,173.0289289268084,one shared preloaded model
conv-43-qa-122,lalm,2.5753789256240385,6.570600000486593,160.5852499997127,169.73122892582333,one shared preloaded model
conv-43-qa-123,lalm,2.5753789256240385,6.535800001074676,160.5852499997127,169.69642892641141,one shared preloaded model
conv-43-qa-124,lalm,2.5753789256240385,6.576400000994909,221.68174999978874,230.8335289264077,one shared preloaded model
conv-43-qa-125,lalm,2.5753789256240385,5.6406999992759665,221.68174999978874,229.89782892468875,one shared preloaded model
conv-43-qa-126,lalm,2.5753789256240385,6.424100000003818,221.68174999978874,230.6812289254166,one shared preloaded model
conv-43-qa-127,lalm,2.5753789256240385,5.99789999978384,221.68174999978874,230.25502892519663,one shared preloaded model
conv-43-qa-128,lalm,2.5753789256240385,5.956000000878703,322.7367999998023,331.26817892630504,one shared preloaded model
conv-43-qa-129,lalm,2.5753789256240385,6.316500001048553,322.7367999998023,331.6286789264749,one shared preloaded model
conv-43-qa-130,lalm,2.5753789256240385,6.812300000092364,322.7367999998023,332.1244789255187,one shared preloaded model
conv-43-qa-131,lalm,2.5753789256240385,7.189199999629636,322.7367999998023,332.501378925056,one shared preloaded model
conv-43-qa-132,lalm,2.5753789256240385,6.1177999996289145,273.1781249999585,281.87130392521146,one shared preloaded model
conv-43-qa-133,lalm,2.5753789256240385,10.410200000478653,273.1781249999585,286.1637039260612,one shared preloaded model
conv-43-qa-134,lalm,2.5753789256240385,9.998199999245116,273.1781249999585,285.75170392482767,one shared preloaded model
conv-43-qa-135,lalm,2.5753789256240385,9.603500000594067,273.1781249999585,285.3570039261766,one shared preloaded model
conv-43-qa-136,lalm,2.5753789256240385,6.219499999133404,195.83430000011504,204.6291789248725,one shared preloaded model
conv-43-qa-137,lalm,2.5753789256240385,5.870000000868458,195.83430000011504,204.27967892660755,one shared preloaded model
conv-43-qa-138,lalm,2.5753789256240385,6.589999999050633,195.83430000011504,204.99967892478972,one shared preloaded model
conv-43-qa-139,lalm,2.5753789256240385,5.752699998993194,195.83430000011504,204.16237892473228,one shared preloaded model
conv-43-qa-140,lalm,2.5753789256240385,6.917000000612461,320.5450999998902,330.0374789261267,one shared preloaded model
conv-43-qa-141,lalm,2.5753789256240385,10.552600000664825,320.5450999998902,333.6730789261791,one shared preloaded model
conv-43-qa-142,lalm,2.5753789256240385,6.695400001262897,320.5450999998902,329.81587892677715,one shared preloaded model
conv-43-qa-143,lalm,2.5753789256240385,9.913400001096306,320.5450999998902,333.03387892661056,one shared preloaded model
conv-43-qa-144,lalm,2.5753789256240385,5.996199999572127,95.75764999999592,104.32922892519208,one shared preloaded model
conv-43-qa-145,lalm,2.5753789256240385,5.673900001056609,95.75764999999592,104.00692892667657,one shared preloaded model
conv-43-qa-146,lalm,2.5753789256240385,5.535399999644142,95.75764999999592,103.8684289252641,one shared preloaded model
conv-43-qa-147,lalm,2.5753789256240385,6.196700000145938,95.75764999999592,104.5297289257659,one shared preloaded model
conv-43-qa-148,lalm,2.5753789256240385,8.839799998895614,82.04852499966364,93.46370392418329,one shared preloaded model
conv-43-qa-149,lalm,2.5753789256240385,5.705700001271907,82.04852499966364,90.32960392655959,one shared preloaded model
conv-43-qa-150,lalm,2.5753789256240385,5.787899999631918,82.04852499966364,90.4118039249196,one shared preloaded model
conv-43-qa-151,lalm,2.5753789256240385,5.829199999425327,82.04852499966364,90.453103924713,one shared preloaded model
conv-43-qa-152,lalm,2.5753789256240385,6.74319999961881,147.4649749998207,156.78355392506356,one shared preloaded model
conv-43-qa-153,lalm,2.5753789256240385,8.697799999936251,147.4649749998207,158.738153925381,one shared preloaded model
conv-43-qa-154,lalm,2.5753789256240385,11.394400000426685,147.4649749998207,161.43475392587143,one shared preloaded model
conv-43-qa-155,lalm,2.5753789256240385,9.240899998985697,147.4649749998207,159.28125392443044,one shared preloaded model
conv-43-qa-156,lalm,2.5753789256240385,5.859100001543993,91.94385000000693,100.37832892717496,one shared preloaded model
conv-43-qa-157,lalm,2.5753789256240385,5.213100001128623,91.94385000000693,99.73232892675959,one shared preloaded model
conv-43-qa-158,lalm,2.5753789256240385,6.438399999751709,91.94385000000693,100.95762892538268,one shared preloaded model
conv-43-qa-159,lalm,2.5753789256240385,5.777800000942079,91.94385000000693,100.29702892657305,one shared preloaded model
conv-43-qa-160,lalm,2.5753789256240385,5.938099999184487,203.8961000002928,212.40957892510133,one shared preloaded model
conv-43-qa-161,lalm,2.5753789256240385,10.40139999895473,203.8961000002928,216.87287892487157,one shared preloaded model
conv-43-qa-162,lalm,2.5753789256240385,9.310499999628519,203.8961000002928,215.78197892554536,one shared preloaded model
conv-43-qa-163,lalm,2.5753789256240385,9.253399999579415,203.8961000002928,215.72487892549626,one shared preloaded model
conv-43-qa-164,lalm,2.5753789256240385,6.234300000869553,277.71147500016014,286.5211539266537,one shared preloaded model
conv-43-qa-165,lalm,2.5753789256240385,7.027300000117975,277.71147500016014,287.31415392590213,one shared preloaded model
conv-43-qa-166,lalm,2.5753789256240385,6.165700000565266,277.71147500016014,286.4525539263494,one shared preloaded model
conv-43-qa-167,lalm,2.5753789256240385,6.582899999557412,277.71147500016014,286.86975392534157,one shared preloaded model
conv-43-qa-168,lalm,2.5753789256240385,6.535700000313227,181.7617000001519,190.87277892608918,one shared preloaded model
conv-43-qa-169,lalm,2.5753789256240385,5.183299999771407,181.7617000001519,189.52037892554736,one shared preloaded model
conv-43-qa-170,lalm,2.5753789256240385,9.918600000673905,181.7617000001519,194.25567892644986,one shared preloaded model
conv-43-qa-171,lalm,2.5753789256240385,9.364700001242454,181.7617000001519,193.7017789270184,one shared preloaded model
conv-43-qa-172,lalm,2.5753789256240385,8.121200000459794,85.57424999980867,96.2708289258925,one shared preloaded model
conv-43-qa-173,lalm,2.5753789256240385,9.589500001311535,85.57424999980867,97.73912892674424,one shared preloaded model
conv-43-qa-174,lalm,2.5753789256240385,9.600800000043819,85.57424999980867,97.75042892547653,one shared preloaded model
conv-43-qa-175,lalm,2.5753789256240385,5.767799999375711,85.57424999980867,93.91742892480842,one shared preloaded model
conv-43-qa-176,lalm,2.5753789256240385,7.158600001275772,278.88162499993996,288.61560392683975,one shared preloaded model
conv-43-qa-177,lalm,2.5753789256240385,9.859199999482371,278.88162499993996,291.31620392504635,one shared preloaded model
conv-43-qa-178,lalm,2.5753789256240385,9.6415000007255,278.88162499993996,291.0985039262895,one shared preloaded model
conv-43-qa-179,lalm,2.5753789256240385,9.48219999918365,278.88162499993996,290.93920392474763,one shared preloaded model
conv-43-qa-180,lalm,2.5753789256240385,6.401000000550994,252.425824999591,261.402203925766,one shared preloaded model
conv-43-qa-181,lalm,2.5753789256240385,5.243999999947846,252.425824999591,260.24520392516285,one shared preloaded model
conv-43-qa-182,lalm,2.5753789256240385,6.3527000002068235,252.425824999591,261.35390392542183,one shared preloaded model
conv-43-qa-183,lalm,2.5753789256240385,8.561000000554486,252.425824999591,263.5622039257695,one shared preloaded model
conv-43-qa-184,lalm,2.5753789256240385,6.364200000462006,82.16852500027017,91.10810392635621,one shared preloaded model
conv-43-qa-185,lalm,2.5753789256240385,7.577599999422091,82.16852500027017,92.32150392531629,one shared preloaded model
conv-43-qa-186,lalm,2.5753789256240385,6.964599999264465,82.16852500027017,91.70850392515867,one shared preloaded model
conv-43-qa-187,lalm,2.5753789256240385,6.9863999997323845,82.16852500027017,91.73030392562659,one shared preloaded model
conv-43-qa-188,lalm,2.5753789256240385,6.159500000649132,87.48599999989892,96.22087892617209,one shared preloaded model
conv-43-qa-189,lalm,2.5753789256240385,5.090900000141119,87.48599999989892,95.15227892566408,one shared preloaded model
conv-43-qa-190,lalm,2.5753789256240385,5.7821999998850515,87.48599999989892,95.84357892540801,one shared preloaded model
conv-43-qa-191,lalm,2.5753789256240385,5.970599999272963,87.48599999989892,96.03197892479592,one shared preloaded model
conv-43-qa-192,lalm,2.5753789256240385,6.767599999875529,144.08414999979868,153.42712892529826,one shared preloaded model
conv-43-qa-193,lalm,2.5753789256240385,9.608500000467757,144.08414999979868,156.2680289258905,one shared preloaded model
conv-43-qa-194,lalm,2.5753789256240385,9.386400000948925,144.08414999979868,156.04592892637166,one shared preloaded model
conv-43-qa-195,lalm,2.5753789256240385,9.765599999809638,144.08414999979868,156.42512892523237,one shared preloaded model
conv-43-qa-196,lalm,2.5753789256240385,6.080500001189648,84.12657500002751,92.7824539268412,one shared preloaded model
conv-43-qa-197,lalm,2.5753789256240385,9.810300000026473,84.12657500002751,96.51225392567802,one shared preloaded model
conv-43-qa-198,lalm,2.5753789256240385,9.865500000159955,84.12657500002751,96.5674539258115,one shared preloaded model
conv-43-qa-199,lalm,2.5753789256240385,9.486299999480252,84.12657500002751,96.1882539251318,one shared preloaded model
conv-43-qa-200,lalm,2.5753789256240385,6.275499999901513,147.55512500005352,156.40600392557909,one shared preloaded model
conv-43-qa-201,lalm,2.5753789256240385,10.072600000057719,147.55512500005352,160.2031039257353,one shared preloaded model
conv-43-qa-202,lalm,2.5753789256240385,9.524299999611685,147.55512500005352,159.65480392528926,one shared preloaded model
conv-43-qa-203,lalm,2.5753789256240385,9.04880000052799,147.55512500005352,159.17930392620556,one shared preloaded model
conv-43-qa-204,lalm,2.5753789256240385,6.378500000209897,154.4418499997846,163.39572892561856,one shared preloaded model
conv-43-qa-205,lalm,2.5753789256240385,9.785400001419475,154.4418499997846,166.80262892682813,one shared preloaded model
conv-43-qa-206,lalm,2.5753789256240385,10.38660000085656,154.4418499997846,167.40382892626522,one shared preloaded model
conv-43-qa-207,lalm,2.5753789256240385,9.527200001684832,154.4418499997846,166.5444289270935,one shared preloaded model
conv-43-qa-208,lalm,2.5753789256240385,6.507500000225264,120.8945000003041,129.97737892615342,one shared preloaded model
conv-43-qa-209,lalm,2.5753789256240385,9.629199999835691,120.8945000003041,133.09907892576385,one shared preloaded model
conv-43-qa-210,lalm,2.5753789256240385,9.57850000122562,120.8945000003041,133.04837892715378,one shared preloaded model
conv-43-qa-211,lalm,2.5753789256240385,9.560599999531405,120.8945000003041,133.03047892545956,one shared preloaded model
conv-43-qa-212,lalm,2.5753789256240385,8.910500000638422,237.07019999983459,248.55607892609706,one shared preloaded model
conv-43-qa-213,lalm,2.5753789256240385,9.888099999443511,237.07019999983459,249.53367892490215,one shared preloaded model
conv-43-qa-214,lalm,2.5753789256240385,9.484800000791438,237.07019999983459,249.13037892625007,one shared preloaded model
conv-43-qa-215,lalm,2.5753789256240385,9.574699999575387,237.07019999983459,249.22027892503402,one shared preloaded model
conv-43-qa-216,lalm,2.5753789256240385,7.222399999591289,343.38190000016766,353.179678925383,one shared preloaded model
conv-43-qa-217,lalm,2.5753789256240385,10.243200000331854,343.38190000016766,356.20047892612354,one shared preloaded model
conv-43-qa-218,lalm,2.5753789256240385,10.204899999735062,343.38190000016766,356.16217892552675,one shared preloaded model
conv-43-qa-219,lalm,2.5753789256240385,9.81560000036552,343.38190000016766,355.7728789261572,one shared preloaded model
conv-43-qa-220,lalm,2.5753789256240385,6.362500000250293,259.60747499993886,268.5453539258132,one shared preloaded model
conv-43-qa-221,lalm,2.5753789256240385,5.779400000392343,259.60747499993886,267.9622539259552,one shared preloaded model
conv-43-qa-222,lalm,2.5753789256240385,7.338900000831927,259.60747499993886,269.5217539263948,one shared preloaded model
conv-43-qa-223,lalm,2.5753789256240385,9.821699999520206,259.60747499993886,272.0045539250831,one shared preloaded model
conv-43-qa-224,lalm,2.5753789256240385,6.601899998713634,150.31444999976884,159.49172892410652,one shared preloaded model
conv-43-qa-225,lalm,2.5753789256240385,8.571899999878951,150.31444999976884,161.46172892527184,one shared preloaded model
conv-43-qa-226,lalm,2.5753789256240385,6.081300000005285,150.31444999976884,158.97112892539818,one shared preloaded model
conv-43-qa-227,lalm,2.5753789256240385,6.273800001508789,150.31444999976884,159.16362892690168,one shared preloaded model
conv-43-qa-228,lalm,2.5753789256240385,6.8191999998816755,81.29732499992315,90.69190392542886,one shared preloaded model
conv-43-qa-229,lalm,2.5753789256240385,9.765900000274996,81.29732499992315,93.63860392582218,one shared preloaded model
conv-43-qa-230,lalm,2.5753789256240385,10.143699999389355,81.29732499992315,94.01640392493654,one shared preloaded model
conv-43-qa-231,lalm,2.5753789256240385,8.885400000508525,81.29732499992315,92.75810392605571,one shared preloaded model
conv-43-qa-232,lalm,2.5753789256240385,6.352399999741465,184.31250000003274,193.24027892539826,one shared preloaded model
conv-43-qa-233,lalm,2.5753789256240385,9.87140000142972,184.31250000003274,196.7592789270865,one shared preloaded model
conv-43-qa-234,lalm,2.5753789256240385,9.415500000613974,184.31250000003274,196.30337892627077,one shared preloaded model
conv-43-qa-235,lalm,2.5753789256240385,6.95599999926344,184.31250000003274,193.84387892492023,one shared preloaded model
conv-43-qa-236,lalm,2.5753789256240385,6.947799998670234,240.0322500002403,249.5554289245346,one shared preloaded model
conv-43-qa-237,lalm,2.5753789256240385,9.662500000558794,240.0322500002403,252.27012892642315,one shared preloaded model
conv-43-qa-238,lalm,2.5753789256240385,10.300400001142407,240.0322500002403,252.90802892700677,one shared preloaded model
conv-43-qa-239,lalm,2.5753789256240385,9.534699998766882,240.0322500002403,252.14232892463124,one shared preloaded model
conv-43-qa-240,lalm,2.5753789256240385,6.22289999955683,166.29434999958903,175.0926289247699,one shared preloaded model
conv-43-qa-241,lalm,2.5753789256240385,8.425600000919076,166.29434999958903,177.29532892613216,one shared preloaded model
conv-44-qa-0,lalm,4.666155696202024,6.29789999948116,158.89944999980798,169.86350569549117,one shared preloaded model
conv-44-qa-1,lalm,4.666155696202024,7.296100000530714,158.89944999980798,170.86170569654072,one shared preloaded model
conv-44-qa-2,lalm,4.666155696202024,9.857400000328198,158.89944999980798,173.4230056963382,one shared preloaded model
conv-44-qa-3,lalm,4.666155696202024,10.687400001188507,158.89944999980798,174.25300569719852,one shared preloaded model
conv-44-qa-4,lalm,4.666155696202024,6.4431999999214895,161.07814999986658,172.1875056959901,one shared preloaded model
conv-44-qa-5,lalm,4.666155696202024,9.476199998971424,161.07814999986658,175.22050569504003,one shared preloaded model
conv-44-qa-6,lalm,4.666155696202024,9.390600000187987,161.07814999986658,175.1349056962566,one shared preloaded model
conv-44-qa-7,lalm,4.666155696202024,9.604099999705795,161.07814999986658,175.3484056957744,one shared preloaded model
conv-44-qa-8,lalm,4.666155696202024,10.727599999881932,169.14142499990703,184.535180695991,one shared preloaded model
conv-44-qa-9,lalm,4.666155696202024,10.532299998885719,169.14142499990703,184.33988069499478,one shared preloaded model
conv-44-qa-10,lalm,4.666155696202024,9.790899999643443,169.14142499990703,183.5984806957525,one shared preloaded model
conv-44-qa-11,lalm,4.666155696202024,9.560100001181127,169.14142499990703,183.36768069729018,one shared preloaded model
conv-44-qa-12,lalm,4.666155696202024,5.7870999989972916,91.36652500001219,101.8197806952115,one shared preloaded model
conv-44-qa-13,lalm,4.666155696202024,5.412099999375641,91.36652500001219,101.44478069558986,one shared preloaded model
conv-44-qa-14,lalm,4.666155696202024,5.479299999933573,91.36652500001219,101.51198069614779,one shared preloaded model
conv-44-qa-15,lalm,4.666155696202024,6.537899998875218,91.36652500001219,102.57058069508943,one shared preloaded model
conv-44-qa-16,lalm,4.666155696202024,8.488600000418955,176.27374999983658,189.42850569645756,one shared preloaded model
conv-44-qa-17,lalm,4.666155696202024,10.392000000138069,176.27374999983658,191.33190569617668,one shared preloaded model
conv-44-qa-18,lalm,4.666155696202024,9.3778000009479,176.27374999983658,190.3177056969865,one shared preloaded model
conv-44-qa-19,lalm,4.666155696202024,10.230399999272777,176.27374999983658,191.17030569531138,one shared preloaded model
conv-44-qa-20,lalm,4.666155696202024,6.428700000469689,125.88032500025292,136.97518069692464,one shared preloaded model
conv-44-qa-21,lalm,4.666155696202024,9.724699999424047,125.88032500025292,140.271180695879,one shared preloaded model
conv-44-qa-22,lalm,4.666155696202024,9.888799999316689,125.88032500025292,140.43528069577164,one shared preloaded model
conv-44-qa-23,lalm,4.666155696202024,9.555799999361625,125.88032500025292,140.10228069581657,one shared preloaded model
conv-44-qa-24,lalm,4.666155696202024,6.018999998559593,195.02169999987018,205.7068556946318,one shared preloaded model
conv-44-qa-25,lalm,4.666155696202024,6.996699999945122,195.02169999987018,206.68455569601733,one shared preloaded model
conv-44-qa-26,lalm,4.666155696202024,6.5027000000554835,195.02169999987018,206.1905556961277,one shared preloaded model
conv-44-qa-27,lalm,4.666155696202024,5.884700000024168,195.02169999987018,205.57255569609637,one shared preloaded model
conv-44-qa-28,lalm,4.666155696202024,8.622100000138744,120.913924999968,134.20218069630877,one shared preloaded model
conv-44-qa-29,lalm,4.666155696202024,11.021399999663117,120.913924999968,136.60148069583315,one shared preloaded model
conv-44-qa-30,lalm,4.666155696202024,10.075299998788978,120.913924999968,135.655380694959,one shared preloaded model
conv-44-qa-31,lalm,4.666155696202024,9.844599999269121,120.913924999968,135.42468069543915,one shared preloaded model
conv-44-qa-32,lalm,4.666155696202024,8.29149999844958,154.8544000002039,167.8120556948555,one shared preloaded model
conv-44-qa-33,lalm,4.666155696202024,6.043200000931392,154.8544000002039,165.5637556973373,one shared preloaded model
conv-44-qa-34,lalm,4.666155696202024,10.443900000609574,154.8544000002039,169.9644556970155,one shared preloaded model
conv-44-qa-35,lalm,4.666155696202024,9.616400000595604,154.8544000002039,169.13695569700153,one shared preloaded model
conv-44-qa-36,lalm,4.666155696202024,8.72680000065884,163.08622499991543,176.4791806967763,one shared preloaded model
conv-44-qa-37,lalm,4.666155696202024,6.674300000668154,163.08622499991543,174.4266806967856,one shared preloaded model
conv-44-qa-38,lalm,4.666155696202024,6.047500000931905,163.08622499991543,173.79988069704936,one shared preloaded model
conv-44-qa-39,lalm,4.666155696202024,6.416799998987699,163.08622499991543,174.16918069510515,one shared preloaded model
conv-44-qa-40,lalm,4.666155696202024,6.298899999819696,88.52427499959958,99.4893306956213,one shared preloaded model
conv-44-qa-41,lalm,4.666155696202024,6.751399998393026,88.52427499959958,99.94183069419464,one shared preloaded model
conv-44-qa-42,lalm,4.666155696202024,6.341899999824818,88.52427499959958,99.53233069562643,one shared preloaded model
conv-44-qa-43,lalm,4.666155696202024,5.987399999867193,88.52427499959958,99.1778306956688,one shared preloaded model
conv-44-qa-44,lalm,4.666155696202024,7.3659999998199055,85.37795000029291,97.41010569631484,one shared preloaded model
conv-44-qa-45,lalm,4.666155696202024,10.01909999831696,85.37795000029291,100.0632056948119,one shared preloaded model
conv-44-qa-46,lalm,4.666155696202024,9.472499999901629,85.37795000029291,99.51660569639657,one shared preloaded model
conv-44-qa-47,lalm,4.666155696202024,8.279800000309478,85.37795000029291,98.32390569680442,one shared preloaded model
conv-44-qa-48,lalm,4.666155696202024,6.323100000372506,179.30675000025076,190.2960056968253,one shared preloaded model
conv-44-qa-49,lalm,4.666155696202024,9.507900000244263,179.30675000025076,193.48080569669705,one shared preloaded model
conv-44-qa-50,lalm,4.666155696202024,9.694200000012643,179.30675000025076,193.66710569646543,one shared preloaded model
conv-44-qa-51,lalm,4.666155696202024,9.58100000025297,179.30675000025076,193.55390569670575,one shared preloaded model
conv-44-qa-52,lalm,4.666155696202024,6.5271999992546625,162.33277499986798,173.52613069532467,one shared preloaded model
conv-44-qa-53,lalm,4.666155696202024,9.873099999822443,162.33277499986798,176.87203069589245,one shared preloaded model
conv-44-qa-54,lalm,4.666155696202024,10.219199999482953,162.33277499986798,177.21813069555296,one shared preloaded model
conv-44-qa-55,lalm,4.666155696202024,9.588000000803731,162.33277499986798,176.58693069687374,one shared preloaded model
conv-44-qa-56,lalm,4.666155696202024,6.0093000010965625,92.69945000005464,103.37490569735323,one shared preloaded model
conv-44-qa-57,lalm,4.666155696202024,5.144900000232155,92.69945000005464,102.51050569648882,one shared preloaded model
conv-44-qa-58,lalm,4.666155696202024,5.565900000874535,92.69945000005464,102.9315056971312,one shared preloaded model
conv-44-qa-59,lalm,4.666155696202024,9.45289999981469,92.69945000005464,106.81850569607136,one shared preloaded model
conv-44-qa-60,lalm,4.666155696202024,6.045799998901202,359.36642500018934,370.07838069529254,one shared preloaded model
conv-44-qa-61,lalm,4.666155696202024,5.269700001008459,359.36642500018934,369.3022806973998,one shared preloaded model
conv-44-qa-62,lalm,4.666155696202024,6.7037000007985625,359.36642500018934,370.7362806971899,one shared preloaded model
conv-44-qa-63,lalm,4.666155696202024,6.563400000231923,359.36642500018934,370.59598069662326,one shared preloaded model
conv-44-qa-64,lalm,4.666155696202024,8.306899999297457,222.63477499973305,235.60783069523254,one shared preloaded model
conv-44-qa-65,lalm,4.666155696202024,5.49690000116243,222.63477499973305,232.7978306970975,one shared preloaded model
conv-44-qa-66,lalm,4.666155696202024,10.620700000799843,222.63477499973305,237.92163069673492,one shared preloaded model
conv-44-qa-67,lalm,4.666155696202024,10.263699999995879,222.63477499973305,237.56463069593096,one shared preloaded model
conv-44-qa-68,lalm,4.666155696202024,6.113700001151301,86.86012499993012,97.63998069728345,one shared preloaded model
conv-44-qa-69,lalm,4.666155696202024,5.936699999438133,86.86012499993012,97.46298069557028,one shared preloaded model
conv-44-qa-70,lalm,4.666155696202024,5.75349999962782,86.86012499993012,97.27978069575997,one shared preloaded model
conv-44-qa-71,lalm,4.666155696202024,5.2574000001186505,86.86012499993012,96.7836806962508,one shared preloaded model
conv-44-qa-72,lalm,4.666155696202024,10.981000001265784,247.1810000001824,262.8281556976502,one shared preloaded model
conv-44-qa-73,lalm,4.666155696202024,10.08440000077826,247.1810000001824,261.93155569716265,one shared preloaded model
conv-44-qa-74,lalm,4.666155696202024,9.612899999410729,247.1810000001824,261.4600556957951,one shared preloaded model
conv-44-qa-75,lalm,4.666155696202024,9.453599999687867,247.1810000001824,261.30075569607226,one shared preloaded model
conv-44-qa-76,lalm,4.666155696202024,7.1184000007633585,267.23625000022366,279.020805697189,one shared preloaded model
conv-44-qa-77,lalm,4.666155696202024,6.3098999999056105,267.23625000022366,278.21230569633127,one shared preloaded model
conv-44-qa-78,lalm,4.666155696202024,7.145999999920605,267.23625000022366,279.04840569634626,one shared preloaded model
conv-44-qa-79,lalm,4.666155696202024,10.43530000060855,267.23625000022366,282.3377056970342,one shared preloaded model
conv-44-qa-80,lalm,4.666155696202024,6.370999999489868,269.94652499979566,280.9836806954875,one shared preloaded model
conv-44-qa-81,lalm,4.666155696202024,5.693700000847457,269.94652499979566,280.3063806968451,one shared preloaded model
conv-44-qa-82,lalm,4.666155696202024,9.828899999774876,269.94652499979566,284.44158069577253,one shared preloaded model
conv-44-qa-83,lalm,4.666155696202024,9.49880000007397,269.94652499979566,284.1114806960716,one shared preloaded model
conv-44-qa-84,lalm,4.666155696202024,6.143399999928079,124.52875000008135,135.33830569621145,one shared preloaded model
conv-44-qa-85,lalm,4.666155696202024,5.886099999770522,124.52875000008135,135.0810056960539,one shared preloaded model
conv-44-qa-86,lalm,4.666155696202024,6.306400000539725,124.52875000008135,135.5013056968231,one shared preloaded model
conv-44-qa-87,lalm,4.666155696202024,6.1439000000973465,124.52875000008135,135.33880569638072,one shared preloaded model
conv-44-qa-88,lalm,4.666155696202024,6.170600001496496,187.42435000012847,198.261105697827,one shared preloaded model
conv-44-qa-89,lalm,4.666155696202024,9.708699999464443,187.42435000012847,201.79920569579494,one shared preloaded model
conv-44-qa-90,lalm,4.666155696202024,9.694200000012643,187.42435000012847,201.78470569634314,one shared preloaded model
conv-44-qa-91,lalm,4.666155696202024,10.125100001459941,187.42435000012847,202.21560569779044,one shared preloaded model
conv-44-qa-92,lalm,4.666155696202024,6.4081000000442145,171.09467499994935,182.1689306961956,one shared preloaded model
conv-44-qa-93,lalm,4.666155696202024,9.91000000067288,171.09467499994935,185.67083069682425,one shared preloaded model
conv-44-qa-94,lalm,4.666155696202024,9.640700000090874,171.09467499994935,185.40153069624225,one shared preloaded model
conv-44-qa-95,lalm,4.666155696202024,9.432699998797034,171.09467499994935,185.1935306949484,one shared preloaded model
conv-44-qa-96,lalm,4.666155696202024,6.08260000080918,265.429750000294,276.1785056973052,one shared preloaded model
conv-44-qa-97,lalm,4.666155696202024,5.722899999454967,265.429750000294,275.81880569595097,one shared preloaded model
conv-44-qa-98,lalm,4.666155696202024,9.837299998253002,265.429750000294,279.933205694749,one shared preloaded model
conv-44-qa-99,lalm,4.666155696202024,9.938200000760844,265.429750000294,280.03410569725685,one shared preloaded model
conv-44-qa-100,lalm,4.666155696202024,9.230600000591949,238.56639999985418,252.46315569664816,one shared preloaded model
conv-44-qa-101,lalm,4.666155696202024,10.21749999927124,238.56639999985418,253.45005569532745,one shared preloaded model
conv-44-qa-102,lalm,4.666155696202024,9.378700000524987,238.56639999985418,252.6112556965812,one shared preloaded model
conv-44-qa-103,lalm,4.666155696202024,9.31239999954414,238.56639999985418,252.54495569560035,one shared preloaded model
conv-44-qa-104,lalm,4.666155696202024,5.899400000998867,100.0955750000685,110.66113069726939,one shared preloaded model
conv-44-qa-105,lalm,4.666155696202024,5.839099998411257,100.0955750000685,110.60083069468178,one shared preloaded model
conv-44-qa-106,lalm,4.666155696202024,5.163099998753751,100.0955750000685,109.92483069502427,one shared preloaded model
conv-44-qa-107,lalm,4.666155696202024,6.470599999374826,100.0955750000685,111.23233069564535,one shared preloaded model
conv-44-qa-108,lalm,4.666155696202024,6.440400000428781,103.63914999970802,114.74570569633883,one shared preloaded model
conv-44-qa-109,lalm,4.666155696202024,9.87139999961073,103.63914999970802,118.17670569552078,one shared preloaded model
conv-44-qa-110,lalm,4.666155696202024,9.50129999910132,103.63914999970802,117.80660569501137,one shared preloaded model
conv-44-qa-111,lalm,4.666155696202024,9.281399999963469,103.63914999970802,117.58670569587352,one shared preloaded model
conv-44-qa-112,lalm,4.666155696202024,6.611700000576093,105.1626500002385,116.44050569701662,one shared preloaded model
conv-44-qa-113,lalm,4.666155696202024,8.490500000334578,105.1626500002385,118.3193056967751,one shared preloaded model
conv-44-qa-114,lalm,4.666155696202024,10.136899998542503,105.1626500002385,119.96570569498303,one shared preloaded model
conv-44-qa-115,lalm,4.666155696202024,10.732500000813161,105.1626500002385,120.56130569725369,one shared preloaded model
conv-44-qa-116,lalm,4.666155696202024,6.517300000268733,196.22795000032056,207.41140569679132,one shared preloaded model
conv-44-qa-117,lalm,4.666155696202024,10.613500000545173,196.22795000032056,211.50760569706776,one shared preloaded model
conv-44-qa-118,lalm,4.666155696202024,10.1885999993101,196.22795000032056,211.0827056958327,one shared preloaded model
conv-44-qa-119,lalm,4.666155696202024,10.161000000152853,196.22795000032056,211.05510569667544,one shared preloaded model
conv-44-qa-120,lalm,4.666155696202024,6.243600000743754,136.30722499965486,147.21698069660064,one shared preloaded model
conv-44-qa-121,lalm,4.666155696202024,10.018799999670591,136.30722499965486,150.99218069552748,one shared preloaded model
conv-44-qa-122,lalm,4.666155696202024,9.839100001045153,136.30722499965486,150.81248069690204,one shared preloaded model
conv-44-qa-123,lalm,4.666155696202024,10.066699998787954,136.30722499965486,151.04008069464484,one shared preloaded model
conv-44-qa-124,lalm,4.666155696202024,7.107299999915995,84.89289999988614,96.66635569600416,one shared preloaded model
conv-44-qa-125,lalm,4.666155696202024,10.458199998538475,84.89289999988614,100.01725569462664,one shared preloaded model
conv-44-qa-126,lalm,4.666155696202024,9.529899998597102,84.89289999988614,99.08895569468527,one shared preloaded model
conv-44-qa-127,lalm,4.666155696202024,9.41880000027595,84.89289999988614,98.97785569636412,one shared preloaded model
conv-44-qa-128,lalm,4.666155696202024,6.6193999991810415,91.34625000024243,102.6318056956255,one shared preloaded model
conv-44-qa-129,lalm,4.666155696202024,5.195399999138317,91.34625000024243,101.20780569558278,one shared preloaded model
conv-44-qa-130,lalm,4.666155696202024,5.355899998903624,91.34625000024243,101.36830569534808,one shared preloaded model
conv-44-qa-131,lalm,4.666155696202024,6.538199999340577,91.34625000024243,102.55060569578504,one shared preloaded model
conv-44-qa-132,lalm,4.666155696202024,6.734099999448517,85.04812499995751,96.44838069560805,one shared preloaded model
conv-44-qa-133,lalm,4.666155696202024,10.656700000254204,85.04812499995751,100.37098069641374,one shared preloaded model
conv-44-qa-134,lalm,4.666155696202024,9.73830000111775,85.04812499995751,99.45258069727728,one shared preloaded model
conv-44-qa-135,lalm,4.666155696202024,9.574100000463659,85.04812499995751,99.2883806966232,one shared preloaded model
conv-44-qa-136,lalm,4.666155696202024,6.21550000141724,96.9089499999427,107.79060569756197,one shared preloaded model
conv-44-qa-137,lalm,4.666155696202024,5.675700000210782,96.9089499999427,107.25080569635551,one shared preloaded model
conv-44-qa-138,lalm,4.666155696202024,5.6043999993562466,96.9089499999427,107.17950569550098,one shared preloaded model
conv-44-qa-139,lalm,4.666155696202024,6.59310000082769,96.9089499999427,108.16820569697242,one shared preloaded model
conv-44-qa-140,lalm,4.666155696202024,6.076899999243324,107.62694999993982,118.37000569538517,one shared preloaded model
conv-44-qa-141,lalm,4.666155696202024,5.70039999911387,107.62694999993982,117.99350569525572,one shared preloaded model
conv-44-qa-142,lalm,4.666155696202024,9.755799999766168,107.62694999993982,122.04890569590802,one shared preloaded model
conv-44-qa-143,lalm,4.666155696202024,9.765899998456007,107.62694999993982,122.05900569459786,one shared preloaded model
conv-44-qa-144,lalm,4.666155696202024,6.231899998965673,218.08694999981526,228.98500569498296,one shared preloaded model
conv-44-qa-145,lalm,4.666155696202024,5.50430000112101,218.08694999981526,228.2574056971383,one shared preloaded model
conv-44-qa-146,lalm,4.666155696202024,6.020099999659578,218.08694999981526,228.77320569567686,one shared preloaded model
conv-44-qa-147,lalm,4.666155696202024,5.3467999987333314,218.08694999981526,228.09990569475062,one shared preloaded model
conv-44-qa-148,lalm,4.666155696202024,6.342200000290177,109.2772749998403,120.2856306963325,one shared preloaded model
conv-44-qa-149,lalm,4.666155696202024,10.005699999965145,109.2772749998403,123.94913069600747,one shared preloaded model
conv-44-qa-150,lalm,4.666155696202024,9.580199999618344,109.2772749998403,123.52363069566067,one shared preloaded model
conv-44-qa-151,lalm,4.666155696202024,9.353900000860449,109.2772749998403,123.29733069690278,one shared preloaded model
conv-44-qa-152,lalm,4.666155696202024,5.946199999016244,86.84632499989675,97.45868069511502,one shared preloaded model
conv-44-qa-153,lalm,4.666155696202024,5.210600000282284,86.84632499989675,96.72308069638106,one shared preloaded model
conv-44-qa-154,lalm,4.666155696202024,5.172299999685492,86.84632499989675,96.68478069578427,one shared preloaded model
conv-44-qa-155,lalm,4.666155696202024,6.852200000139419,86.84632499989675,98.3646806962382,one shared preloaded model
conv-44-qa-156,lalm,4.666155696202024,6.37789999927918,119.75745000017923,130.80150569566044,one shared preloaded model
conv-44-qa-157,lalm,4.666155696202024,10.560099999565864,119.75745000017923,134.98370569594712,one shared preloaded model
conv-47-qa-0,lalm,3.6022431578921417,10.097099999256898,82.18759999999747,95.88694315714652,one shared preloaded model
conv-47-qa-1,lalm,3.6022431578921417,9.927899998729117,82.18759999999747,95.71774315661874,one shared preloaded model
conv-47-qa-2,lalm,3.6022431578921417,9.382000000186963,82.18759999999747,95.17184315807658,one shared preloaded model
conv-47-qa-3,lalm,3.6022431578921417,9.23299999885785,82.18759999999747,95.02284315674747,one shared preloaded model
conv-47-qa-4,lalm,3.6022431578921417,6.188299999848823,155.80162500009465,165.5921681578356,one shared preloaded model
conv-47-qa-5,lalm,3.6022431578921417,9.784899999431218,155.80162500009465,169.188768157418,one shared preloaded model
conv-47-qa-6,lalm,3.6022431578921417,9.097600001041428,155.80162500009465,168.5014681590282,one shared preloaded model
conv-47-qa-7,lalm,3.6022431578921417,9.563000001435285,155.80162500009465,168.96686815942206,one shared preloaded model
conv-47-qa-8,lalm,3.6022431578921417,6.245900000067195,153.6849499998425,163.53309315780183,one shared preloaded model
conv-47-qa-9,lalm,3.6022431578921417,9.781599999769242,153.6849499998425,167.06879315750388,one shared preloaded model
conv-47-qa-10,lalm,3.6022431578921417,9.409700000105659,153.6849499998425,166.6968931578403,one shared preloaded model
conv-47-qa-11,lalm,3.6022431578921417,9.16250000045693,153.6849499998425,166.44969315819156,one shared preloaded model
conv-47-qa-12,lalm,3.6022431578921417,6.96319999951811,80.24144999990312,90.80689315731338,one shared preloaded model
conv-47-qa-13,lalm,3.6022431578921417,9.505199999694014,80.24144999990312,93.34889315748929,one shared preloaded model
conv-47-qa-14,lalm,3.6022431578921417,9.59319999856234,80.24144999990312,93.43689315635761,one shared preloaded model
conv-47-qa-15,lalm,3.6022431578921417,9.430899999642861,80.24144999990312,93.27459315743813,one shared preloaded model
conv-47-qa-16,lalm,3.6022431578921417,6.800600000133272,328.547124999659,338.9499681576844,one shared preloaded model
conv-47-qa-17,lalm,3.6022431578921417,5.755000000135624,328.547124999659,337.90436815768675,one shared preloaded model
conv-47-qa-18,lalm,3.6022431578921417,5.23819999943953,328.547124999659,337.38756815699065,one shared preloaded model
conv-47-qa-19,lalm,3.6022431578921417,6.274500001381966,328.547124999659,338.4238681589331,one shared preloaded model
conv-47-qa-20,lalm,3.6022431578921417,5.6614999994053505,234.84842500010927,244.11216815740676,one shared preloaded model
conv-47-qa-21,lalm,3.6022431578921417,5.221900000833557,234.84842500010927,243.67256815883496,one shared preloaded model
conv-47-qa-22,lalm,3.6022431578921417,6.750900000042748,234.84842500010927,245.20156815804415,one shared preloaded model
conv-47-qa-23,lalm,3.6022431578921417,9.961800000382937,234.84842500010927,248.41246815838434,one shared preloaded model
conv-47-qa-24,lalm,3.6022431578921417,6.124199999248958,91.33732500004044,101.06376815718154,one shared preloaded model
conv-47-qa-25,lalm,3.6022431578921417,5.3871000000071945,91.33732500004044,100.32666815793978,one shared preloaded model
conv-47-qa-26,lalm,3.6022431578921417,7.802300000548712,91.33732500004044,102.7418681584813,one shared preloaded model
conv-47-qa-27,lalm,3.6022431578921417,9.252500000002328,91.33732500004044,104.19206815793491,one shared preloaded model
conv-47-qa-28,lalm,3.6022431578921417,6.50839999980235,179.72329999975045,189.83394315744493,one shared preloaded model
conv-47-qa-29,lalm,3.6022431578921417,9.439899999051704,179.72329999975045,192.7654431566943,one shared preloaded model
conv-47-qa-30,lalm,3.6022431578921417,9.764099999301834,179.72329999975045,193.08964315694442,one shared preloaded model
conv-47-qa-31,lalm,3.6022431578921417,9.563899999193382,179.72329999975045,192.88944315683597,one shared preloaded model
conv-47-qa-32,lalm,3.6022431578921417,6.289799999649404,77.74460000018735,87.6366431577289,one shared preloaded model
conv-47-qa-33,lalm,3.6022431578921417,9.332899999208166,77.74460000018735,90.67974315728766,one shared preloaded model
conv-47-qa-34,lalm,3.6022431578921417,9.675899998910609,77.74460000018735,91.0227431569901,one shared preloaded model
conv-47-qa-35,lalm,3.6022431578921417,9.527399999569752,77.74460000018735,90.87424315764925,one shared preloaded model
conv-47-qa-36,lalm,3.6022431578921417,6.91960000040126,157.20490000012433,167.72674315841772,one shared preloaded model
conv-47-qa-37,lalm,3.6022431578921417,9.779199999684351,157.20490000012433,170.5863431577008,one shared preloaded model
conv-47-qa-38,lalm,3.6022431578921417,10.180200000831974,157.20490000012433,170.98734315884843,one shared preloaded model
conv-47-qa-39,lalm,3.6022431578921417,9.580699999787612,157.20490000012433,170.38784315780407,one shared preloaded model
conv-47-qa-40,lalm,3.6022431578921417,6.268199998885393,161.85117500026536,171.72161815704288,one shared preloaded model
conv-47-qa-41,lalm,3.6022431578921417,5.663599999024882,161.85117500026536,171.11701815718237,one shared preloaded model
conv-47-qa-42,lalm,3.6022431578921417,5.229899999903864,161.85117500026536,170.68331815806135,one shared preloaded model
conv-47-qa-43,lalm,3.6022431578921417,7.265899999765679,161.85117500026536,172.71931815792317,one shared preloaded model
conv-47-qa-44,lalm,3.6022431578921417,6.086000001232605,174.14747500015437,183.8357181592791,one shared preloaded model
conv-47-qa-45,lalm,3.6022431578921417,9.569300000293879,174.14747500015437,187.31901815834038,one shared preloaded model
conv-47-qa-46,lalm,3.6022431578921417,10.432299999592942,174.14747500015437,188.18201815763945,one shared preloaded model
conv-47-qa-47,lalm,3.6022431578921417,9.723499999381602,174.14747500015437,187.4732181574281,one shared preloaded model
conv-47-qa-48,lalm,3.6022431578921417,6.01730000016687,145.87352500029738,155.49306815835638,one shared preloaded model
conv-47-qa-49,lalm,3.6022431578921417,9.842100000241771,145.87352500029738,159.31786815843128,one shared preloaded model
conv-47-qa-50,lalm,3.6022431578921417,9.27370000135852,145.87352500029738,158.74946815954803,one shared preloaded model
conv-47-qa-51,lalm,3.6022431578921417,10.545000001002336,145.87352500029738,160.02076815919185,one shared preloaded model
conv-47-qa-52,lalm,3.6022431578921417,6.160400000226218,150.80647500008126,160.56911815819961,one shared preloaded model
conv-47-qa-53,lalm,3.6022431578921417,10.451100000864244,150.80647500008126,164.85981815883764,one shared preloaded model
conv-47-qa-54,lalm,3.6022431578921417,9.580500000083703,150.80647500008126,163.9892181580571,one shared preloaded model
conv-47-qa-55,lalm,3.6022431578921417,9.538400001474656,150.80647500008126,163.94711815944805,one shared preloaded model
conv-47-qa-56,lalm,3.6022431578921417,6.614199999603443,157.83979999969233,168.0562431571879,one shared preloaded model
conv-47-qa-57,lalm,3.6022431578921417,10.202199999184813,157.83979999969233,171.64424315676928,one shared preloaded model
conv-47-qa-58,lalm,3.6022431578921417,9.654199999204138,157.83979999969233,171.0962431567886,one shared preloaded model
conv-47-qa-59,lalm,3.6022431578921417,9.620199998607859,157.83979999969233,171.06224315619232,one shared preloaded model
conv-47-qa-60,lalm,3.6022431578921417,9.543400001348346,80.7720750003682,93.9177181596087,one shared preloaded model
conv-47-qa-61,lalm,3.6022431578921417,9.909399999742163,80.7720750003682,94.28371815800251,one shared preloaded model
conv-47-qa-62,lalm,3.6022431578921417,9.964700000637094,80.7720750003682,94.33901815889745,one shared preloaded model
conv-47-qa-63,lalm,3.6022431578921417,9.896700001263525,80.7720750003682,94.27101815952388,one shared preloaded model
conv-47-qa-64,lalm,3.6022431578921417,6.178100000397535,147.23952499980442,157.01986815809408,one shared preloaded model
conv-47-qa-65,lalm,3.6022431578921417,8.390399998461362,147.23952499980442,159.2321681561579,one shared preloaded model
conv-47-qa-66,lalm,3.6022431578921417,6.764699999621371,147.23952499980442,157.60646815731792,one shared preloaded model
conv-47-qa-67,lalm,3.6022431578921417,6.3396000005013775,147.23952499980442,157.18136815819793,one shared preloaded model
conv-47-qa-68,lalm,3.6022431578921417,6.274499999562977,228.6428999996133,238.5196431570684,one shared preloaded model
conv-47-qa-69,lalm,3.6022431578921417,10.182599999097874,228.6428999996133,242.4277431566033,one shared preloaded model
conv-47-qa-70,lalm,3.6022431578921417,9.820400000535301,228.6428999996133,242.06554315804073,one shared preloaded model
conv-47-qa-71,lalm,3.6022431578921417,9.525100000246312,228.6428999996133,241.77024315775174,one shared preloaded model
conv-47-qa-72,lalm,3.6022431578921417,6.723399999827961,76.20847499993033,86.53411815765044,one shared preloaded model
conv-47-qa-73,lalm,3.6022431578921417,10.470000001078006,76.20847499993033,90.28071815890048,one shared preloaded model
conv-47-qa-74,lalm,3.6022431578921417,9.948500000973581,76.20847499993033,89.75921815879606,one shared preloaded model
conv-47-qa-75,lalm,3.6022431578921417,9.786000000531203,76.20847499993033,89.59671815835368,one shared preloaded model
conv-47-qa-76,lalm,3.6022431578921417,5.760300000474672,136.81615000041347,146.17869315878028,one shared preloaded model
conv-47-qa-77,lalm,3.6022431578921417,6.326200000330573,136.81615000041347,146.74459315863618,one shared preloaded model
conv-47-qa-78,lalm,3.6022431578921417,6.32930000028864,136.81615000041347,146.74769315859425,one shared preloaded model
conv-47-qa-79,lalm,3.6022431578921417,6.213900000147987,136.81615000041347,146.6322931584536,one shared preloaded model
conv-47-qa-80,lalm,3.6022431578921417,7.354499999564723,244.17982500017388,255.13656815763073,one shared preloaded model
conv-47-qa-81,lalm,3.6022431578921417,9.646199998314842,244.17982500017388,257.42826815638085,one shared preloaded model
conv-47-qa-82,lalm,3.6022431578921417,9.595100000296952,244.17982500017388,257.37716815836296,one shared preloaded model
conv-47-qa-83,lalm,3.6022431578921417,9.375100000397651,244.17982500017388,257.15716815846366,one shared preloaded model
conv-47-qa-84,lalm,3.6022431578921417,6.039699999746517,81.34737500040501,90.98931815804367,one shared preloaded model
conv-47-qa-85,lalm,3.6022431578921417,5.623299999570008,81.34737500040501,90.57291815786716,one shared preloaded model
conv-47-qa-86,lalm,3.6022431578921417,6.924999999682768,81.34737500040501,91.87461815797992,one shared preloaded model
conv-47-qa-87,lalm,3.6022431578921417,6.026700000802521,81.34737500040501,90.97631815909968,one shared preloaded model
conv-47-qa-88,lalm,3.6022431578921417,6.332999999358435,256.2821999999869,266.2174431572375,one shared preloaded model
conv-47-qa-89,lalm,3.6022431578921417,10.834600001544459,256.2821999999869,270.7190431594235,one shared preloaded model
conv-47-qa-90,lalm,3.6022431578921417,7.517199999711011,256.2821999999869,267.40164315759006,one shared preloaded model
conv-47-qa-91,lalm,3.6022431578921417,5.924600000071223,256.2821999999869,265.80904315795027,one shared preloaded model
conv-47-qa-92,lalm,3.6022431578921417,8.5335000003397,370.67512500016164,382.8108681583935,one shared preloaded model
conv-47-qa-93,lalm,3.6022431578921417,9.495700000115903,370.67512500016164,383.7730681581697,one shared preloaded model
conv-47-qa-94,lalm,3.6022431578921417,9.996899998441222,370.67512500016164,384.274268156495,one shared preloaded model
conv-47-qa-95,lalm,3.6022431578921417,9.353299999929732,370.67512500016164,383.6306681579835,one shared preloaded model
conv-47-qa-96,lalm,3.6022431578921417,6.145800000012969,262.70257500027583,272.45061815818093,one shared preloaded model
conv-47-qa-97,lalm,3.6022431578921417,11.311799999020877,262.70257500027583,277.61661815718884,one shared preloaded model
conv-47-qa-98,lalm,3.6022431578921417,9.488199999395874,262.70257500027583,275.79301815756384,one shared preloaded model
conv-47-qa-99,lalm,3.6022431578921417,9.351099999548751,262.70257500027583,275.6559181577167,one shared preloaded model
conv-47-qa-100,lalm,3.6022431578921417,7.235300001411815,105.4269999999633,116.26454315926726,one shared preloaded model
conv-47-qa-101,lalm,3.6022431578921417,10.73990000077174,105.4269999999633,119.76914315862719,one shared preloaded model
conv-47-qa-102,lalm,3.6022431578921417,9.684000000561355,105.4269999999633,118.7132431584168,one shared preloaded model
conv-47-qa-103,lalm,3.6022431578921417,9.981700000935234,105.4269999999633,119.01094315879068,one shared preloaded model
conv-47-qa-104,lalm,3.6022431578921417,6.139099999927566,208.56962500010923,218.31096815792893,one shared preloaded model
conv-47-qa-105,lalm,3.6022431578921417,9.562600000208477,208.56962500010923,221.73446815820984,one shared preloaded model
conv-47-qa-106,lalm,3.6022431578921417,9.216800001013326,208.56962500010923,221.38866815901468,one shared preloaded model
conv-47-qa-107,lalm,3.6022431578921417,9.08739999977115,208.56962500010923,221.2592681577725,one shared preloaded model
conv-47-qa-108,lalm,3.6022431578921417,6.52280000031169,216.72149999994872,226.84654315815254,one shared preloaded model
conv-47-qa-109,lalm,3.6022431578921417,10.05549999899813,216.72149999994872,230.37924315683898,one shared preloaded model
conv-47-qa-110,lalm,3.6022431578921417,6.184800000482937,216.72149999994872,226.5085431583238,one shared preloaded model
conv-47-qa-111,lalm,3.6022431578921417,6.1504000004788395,216.72149999994872,226.4741431583197,one shared preloaded model
conv-47-qa-112,lalm,3.6022431578921417,7.159700000556768,124.19229999977688,134.95424315822578,one shared preloaded model
conv-47-qa-113,lalm,3.6022431578921417,9.922799999912968,124.19229999977688,137.71734315758198,one shared preloaded model
conv-47-qa-114,lalm,3.6022431578921417,9.703099998660036,124.19229999977688,137.49764315632905,one shared preloaded model
conv-47-qa-115,lalm,3.6022431578921417,9.395299999596318,124.19229999977688,137.18984315726533,one shared preloaded model
conv-47-qa-116,lalm,3.6022431578921417,6.3926000002538785,214.5767749998413,224.5716181579873,one shared preloaded model
conv-47-qa-117,lalm,3.6022431578921417,10.209199999735574,214.5767749998413,228.388218157469,one shared preloaded model
conv-47-qa-118,lalm,3.6022431578921417,9.398299998792936,214.5767749998413,227.57731815652636,one shared preloaded model
conv-47-qa-119,lalm,3.6022431578921417,9.035000000949367,214.5767749998413,227.2140181586828,one shared preloaded model
conv-47-qa-120,lalm,3.6022431578921417,6.4954000008583535,99.23945000036838,109.33709315911888,one shared preloaded model
conv-47-qa-121,lalm,3.6022431578921417,6.528100000650738,99.23945000036838,109.36979315891126,one shared preloaded model
conv-47-qa-122,lalm,3.6022431578921417,9.700000000520959,99.23945000036838,112.54169315878148,one shared preloaded model
conv-47-qa-123,lalm,3.6022431578921417,10.077599999931408,99.23945000036838,112.91929315819193,one shared preloaded model
conv-47-qa-124,lalm,3.6022431578921417,7.154699998864089,172.2233249997771,182.98026815653333,one shared preloaded model
conv-47-qa-125,lalm,3.6022431578921417,10.283199999321369,172.2233249997771,186.1087681569906,one shared preloaded model
conv-47-qa-126,lalm,3.6022431578921417,10.473500000443892,172.2233249997771,186.29906815811313,one shared preloaded model
conv-47-qa-127,lalm,3.6022431578921417,5.958099998679245,172.2233249997771,181.78366815634848,one shared preloaded model
conv-47-qa-128,lalm,3.6022431578921417,5.887600000278326,148.94077500002822,158.43061815819868,one shared preloaded model
conv-47-qa-129,lalm,3.6022431578921417,9.167000000161352,148.94077500002822,161.7100181580817,one shared preloaded model
conv-47-qa-130,lalm,3.6022431578921417,9.53019999906246,148.94077500002822,162.07321815698282,one shared preloaded model
conv-47-qa-131,lalm,3.6022431578921417,10.138199999346398,148.94077500002822,162.68121815726676,one shared preloaded model
conv-47-qa-132,lalm,3.6022431578921417,6.150699999125209,128.64772500006438,138.40066815708172,one shared preloaded model
conv-47-qa-133,lalm,3.6022431578921417,9.854100000666222,128.64772500006438,142.10406815862274,one shared preloaded model
conv-47-qa-134,lalm,3.6022431578921417,9.475299999394338,128.64772500006438,141.72526815735085,one shared preloaded model
conv-47-qa-135,lalm,3.6022431578921417,6.335999998555053,128.64772500006438,138.58596815651157,one shared preloaded model
conv-47-qa-136,lalm,3.6022431578921417,9.88370000050054,269.1013500002555,282.58729315864815,one shared preloaded model
conv-47-qa-137,lalm,3.6022431578921417,10.264299999107607,269.1013500002555,282.9678931572552,one shared preloaded model
conv-47-qa-138,lalm,3.6022431578921417,8.144399998855079,269.1013500002555,280.8479931570027,one shared preloaded model
conv-47-qa-139,lalm,3.6022431578921417,5.702099999325583,269.1013500002555,278.4056931574732,one shared preloaded model
conv-47-qa-140,lalm,3.6022431578921417,6.247999999686726,193.30399999989822,203.15424315747708,one shared preloaded model
conv-47-qa-141,lalm,3.6022431578921417,6.781399999454152,193.30399999989822,203.6876431572445,one shared preloaded model
conv-47-qa-142,lalm,3.6022431578921417,6.615599999349797,193.30399999989822,203.52184315714015,one shared preloaded model
conv-47-qa-143,lalm,3.6022431578921417,6.199100000230828,193.30399999989822,203.10534315802118,one shared preloaded model
conv-47-qa-144,lalm,3.6022431578921417,6.368400001520058,121.08504999969227,131.05569315910446,one shared preloaded model
conv-47-qa-145,lalm,3.6022431578921417,9.298500001023058,121.08504999969227,133.98579315860746,one shared preloaded model
conv-47-qa-146,lalm,3.6022431578921417,9.422500001164735,121.08504999969227,134.10979315874914,one shared preloaded model
conv-47-qa-147,lalm,3.6022431578921417,9.498200000962242,121.08504999969227,134.18549315854665,one shared preloaded model
conv-47-qa-148,lalm,3.6022431578921417,6.119699999544537,99.46239999999307,109.18434315742975,one shared preloaded model
conv-47-qa-149,lalm,3.6022431578921417,6.023200001436635,99.46239999999307,109.08784315932185,one shared preloaded model
conv-47-qa-150,lalm,3.6022431578921417,5.852899999808869,99.46239999999307,108.91754315769408,one shared preloaded model
conv-47-qa-151,lalm,3.6022431578921417,6.285299999944982,99.46239999999307,109.3499431578302,one shared preloaded model
conv-47-qa-152,lalm,3.6022431578921417,9.355700000014622,179.25689999992755,192.2148431578343,one shared preloaded model
conv-47-qa-153,lalm,3.6022431578921417,5.355599998438265,179.25689999992755,188.21474315625795,one shared preloaded model
conv-47-qa-154,lalm,3.6022431578921417,8.511100000760052,179.25689999992755,191.37024315857974,one shared preloaded model
conv-47-qa-155,lalm,3.6022431578921417,9.826899999097805,179.25689999992755,192.6860431569175,one shared preloaded model
conv-47-qa-156,lalm,3.6022431578921417,6.907799999680719,139.42839999981516,149.938443157388,one shared preloaded model
conv-47-qa-157,lalm,3.6022431578921417,9.691699999166303,139.42839999981516,152.7223431568736,one shared preloaded model
conv-47-qa-158,lalm,3.6022431578921417,10.255600000164122,139.42839999981516,153.2862431578714,one shared preloaded model
conv-47-qa-159,lalm,3.6022431578921417,9.400400000231457,139.42839999981516,152.43104315793875,one shared preloaded model
conv-47-qa-160,lalm,3.6022431578921417,6.235899998500827,159.86897499988117,169.70711815627413,one shared preloaded model
conv-47-qa-161,lalm,3.6022431578921417,5.9445000006235205,159.86897499988117,169.41571815839683,one shared preloaded model
conv-47-qa-162,lalm,3.6022431578921417,6.547700000737677,159.86897499988117,170.01891815851098,one shared preloaded model
conv-47-qa-163,lalm,3.6022431578921417,9.131999999226537,159.86897499988117,172.60321815699984,one shared preloaded model
conv-47-qa-164,lalm,3.6022431578921417,5.966900000203168,218.10855000012452,227.67769315821982,one shared preloaded model
conv-47-qa-165,lalm,3.6022431578921417,9.446099998967838,218.10855000012452,231.1568931569845,one shared preloaded model
conv-47-qa-166,lalm,3.6022431578921417,9.567699999024626,218.10855000012452,231.27849315704128,one shared preloaded model
conv-47-qa-167,lalm,3.6022431578921417,6.606200000533136,218.10855000012452,228.3169931585498,one shared preloaded model
conv-47-qa-168,lalm,3.6022431578921417,6.836799999291543,81.25827499998195,91.69731815716564,one shared preloaded model
conv-47-qa-169,lalm,3.6022431578921417,10.012800001277355,81.25827499998195,94.87331815915145,one shared preloaded model
conv-47-qa-170,lalm,3.6022431578921417,9.500599999228143,81.25827499998195,94.36111815710224,one shared preloaded model
conv-47-qa-171,lalm,3.6022431578921417,9.471100000155275,81.25827499998195,94.33161815802937,one shared preloaded model
conv-47-qa-172,lalm,3.6022431578921417,7.2029000002657995,87.67832500006989,98.48346815822784,one shared preloaded model
conv-47-qa-173,lalm,3.6022431578921417,9.502099999735947,87.67832500006989,100.78266815769798,one shared preloaded model
conv-47-qa-174,lalm,3.6022431578921417,9.830799999690498,87.67832500006989,101.11136815765254,one shared preloaded model
conv-47-qa-175,lalm,3.6022431578921417,9.8108999991382,87.67832500006989,101.09146815710024,one shared preloaded model
conv-47-qa-176,lalm,3.6022431578921417,6.134799999927054,238.51097500028118,248.24801815810036,one shared preloaded model
conv-47-qa-177,lalm,3.6022431578921417,7.441600000674953,238.51097500028118,249.55481815884826,one shared preloaded model
conv-47-qa-178,lalm,3.6022431578921417,10.167599999476806,238.51097500028118,252.28081815765012,one shared preloaded model
conv-47-qa-179,lalm,3.6022431578921417,7.238000000143074,238.51097500028118,249.35121815831639,one shared preloaded model
conv-47-qa-180,lalm,3.6022431578921417,7.416399999783607,106.47924999966563,117.49789315734138,one shared preloaded model
conv-47-qa-181,lalm,3.6022431578921417,9.84979999884672,106.47924999966563,119.9312931564045,one shared preloaded model
conv-47-qa-182,lalm,3.6022431578921417,9.869700001218007,106.47924999966563,119.95119315877578,one shared preloaded model
conv-47-qa-183,lalm,3.6022431578921417,10.088900000482681,106.47924999966563,120.17039315804045,one shared preloaded model
conv-47-qa-184,lalm,3.6022431578921417,6.788800001231721,213.7137999998231,224.10484315894695,one shared preloaded model
conv-47-qa-185,lalm,3.6022431578921417,10.605999999825144,213.7137999998231,227.92204315754037,one shared preloaded model
conv-47-qa-186,lalm,3.6022431578921417,9.330500000942266,213.7137999998231,226.6465431586575,one shared preloaded model
conv-47-qa-187,lalm,3.6022431578921417,9.286799999244977,213.7137999998231,226.6028431569602,one shared preloaded model
conv-47-qa-188,lalm,3.6022431578921417,6.813500000134809,134.4802499997968,144.89599315782374,one shared preloaded model
conv-47-qa-189,lalm,3.6022431578921417,9.780599999430706,134.4802499997968,147.86309315711964,one shared preloaded model
conv-48-qa-0,lalm,2.6817368200845446,5.7691999991220655,86.39387499988516,94.84481181909177,one shared preloaded model
conv-48-qa-1,lalm,2.6817368200845446,5.354799999622628,86.39387499988516,94.43041181959234,one shared preloaded model
conv-48-qa-2,lalm,2.6817368200845446,5.145799999809242,86.39387499988516,94.22141181977895,one shared preloaded model
conv-48-qa-3,lalm,2.6817368200845446,10.075399999550427,86.39387499988516,99.15101181952014,one shared preloaded model
conv-48-qa-4,lalm,2.6817368200845446,6.303699999989476,85.26629999960278,94.25173681967681,one shared preloaded model
conv-48-qa-5,lalm,2.6817368200845446,7.373199998255586,85.26629999960278,95.32123681794292,one shared preloaded model
conv-48-qa-6,lalm,2.6817368200845446,6.067700000130571,85.26629999960278,94.0157368198179,one shared preloaded model
conv-48-qa-7,lalm,2.6817368200845446,10.68430000123044,85.26629999960278,98.63233682091777,one shared preloaded model
conv-48-qa-8,lalm,2.6817368200845446,6.226599998626625,162.3223749998033,171.23071181851446,one shared preloaded model
conv-48-qa-9,lalm,2.6817368200845446,10.115099999893573,162.3223749998033,175.1192118197814,one shared preloaded model
conv-48-qa-10,lalm,2.6817368200845446,9.824899998420733,162.3223749998033,174.82901181830857,one shared preloaded model
conv-48-qa-11,lalm,2.6817368200845446,9.250900000552065,162.3223749998033,174.2550118204399,one shared preloaded model
conv-48-qa-12,lalm,2.6817368200845446,6.460999999035266,136.31442499990953,145.45716181902935,one shared preloaded model
conv-48-qa-13,lalm,2.6817368200845446,9.661300000516349,136.31442499990953,148.65746182051043,one shared preloaded model
conv-48-qa-14,lalm,2.6817368200845446,8.24800000009418,136.31442499990953,147.24416182008827,one shared preloaded model
conv-48-qa-15,lalm,2.6817368200845446,7.586300000184565,136.31442499990953,146.58246182017865,one shared preloaded model
conv-48-qa-16,lalm,2.6817368200845446,6.874300001072697,161.81877500002884,171.37481182118609,one shared preloaded model
conv-48-qa-17,lalm,2.6817368200845446,9.863299999778974,161.81877500002884,174.36381181989236,one shared preloaded model
conv-48-qa-18,lalm,2.6817368200845446,10.163099999772385,161.81877500002884,174.66361181988577,one shared preloaded model
conv-48-qa-19,lalm,2.6817368200845446,9.328500000265194,161.81877500002884,173.82901182037858,one shared preloaded model
conv-48-qa-20,lalm,2.6817368200845446,7.499499999539694,110.18450000028679,120.36573681991104,one shared preloaded model
conv-48-qa-21,lalm,2.6817368200845446,10.559100001046318,110.18450000028679,123.42533682141766,one shared preloaded model
conv-48-qa-22,lalm,2.6817368200845446,9.362200000396115,110.18450000028679,122.22843682076746,one shared preloaded model
conv-48-qa-23,lalm,2.6817368200845446,9.4530999995186,110.18450000028679,122.31933681988994,one shared preloaded model
conv-48-qa-24,lalm,2.6817368200845446,6.674099999145255,113.63302499967176,122.98886181890157,one shared preloaded model
conv-48-qa-25,lalm,2.6817368200845446,10.422699999253382,113.63302499967176,126.7374618190097,one shared preloaded model
conv-48-qa-26,lalm,2.6817368200845446,9.58350000109931,113.63302499967176,125.89826182085562,one shared preloaded model
conv-48-qa-27,lalm,2.6817368200845446,9.180099999866798,113.63302499967176,125.49486181962311,one shared preloaded model
conv-48-qa-28,lalm,2.6817368200845446,6.146499999886146,82.40077499976906,91.22901181973975,one shared preloaded model
conv-48-qa-29,lalm,2.6817368200845446,6.185600001117564,82.40077499976906,91.26811182097117,one shared preloaded model
conv-48-qa-30,lalm,2.6817368200845446,8.270899999843095,82.40077499976906,93.3534118196967,one shared preloaded model
conv-48-qa-31,lalm,2.6817368200845446,9.373300001243479,82.40077499976906,94.45581182109709,one shared preloaded model
conv-48-qa-32,lalm,2.6817368200845446,6.653100001130952,155.64485000004424,164.97968682125975,one shared preloaded model
conv-48-qa-33,lalm,2.6817368200845446,9.584199999153498,155.64485000004424,167.9107868192823,one shared preloaded model
conv-48-qa-34,lalm,2.6817368200845446,9.658899998612469,155.64485000004424,167.98548681874126,one shared preloaded model
conv-48-qa-35,lalm,2.6817368200845446,10.46649999989313,155.64485000004424,168.79308682002193,one shared preloaded model
conv-48-qa-36,lalm,2.6817368200845446,6.136500000138767,149.80097500028933,158.61921182051265,one shared preloaded model
conv-48-qa-37,lalm,2.6817368200845446,9.915399999954388,149.80097500028933,162.39811182032827,one shared preloaded model
conv-48-qa-38,lalm,2.6817368200845446,9.872599999653175,149.80097500028933,162.35531182002705,one shared preloaded model
conv-48-qa-39,lalm,2.6817368200845446,9.6415000007255,149.80097500028933,162.12421182109938,one shared preloaded model
conv-48-qa-40,lalm,2.6817368200845446,6.129299999884097,209.3587499998648,218.16978681983346,one shared preloaded model
conv-48-qa-41,lalm,2.6817368200845446,10.291900000083842,209.3587499998648,222.3323868200332,one shared preloaded model
conv-48-qa-42,lalm,2.6817368200845446,9.33430000077351,209.3587499998648,221.37478682072287,one shared preloaded model
conv-48-qa-43,lalm,2.6817368200845446,8.98599999891303,209.3587499998648,221.0264868188624,one shared preloaded model
conv-48-qa-44,lalm,2.6817368200845446,6.572099999175407,159.67070000033345,168.9245368195934,one shared preloaded model
conv-48-qa-45,lalm,2.6817368200845446,5.2235999992262805,159.67070000033345,167.5760368196443,one shared preloaded model
conv-48-qa-46,lalm,2.6817368200845446,5.82120000035502,159.67070000033345,168.17363682077303,one shared preloaded model
conv-48-qa-47,lalm,2.6817368200845446,6.502899999759393,159.67070000033345,168.8553368201774,one shared preloaded model
conv-48-qa-48,lalm,2.6817368200845446,6.806999999753316,168.21260000006077,177.70133681989864,one shared preloaded model
conv-48-qa-49,lalm,2.6817368200845446,9.830099999817321,168.21260000006077,180.72443681996265,one shared preloaded model
conv-48-qa-50,lalm,2.6817368200845446,9.727499998916755,168.21260000006077,180.62183681906208,one shared preloaded model
conv-48-qa-51,lalm,2.6817368200845446,9.293499999330379,168.21260000006077,180.1878368194757,one shared preloaded model
conv-48-qa-52,lalm,2.6817368200845446,6.532100000185892,154.5875500000875,163.80138682035795,one shared preloaded model
conv-48-qa-53,lalm,2.6817368200845446,9.642000000894768,154.5875500000875,166.91128682106682,one shared preloaded model
conv-48-qa-54,lalm,2.6817368200845446,9.316800000306102,154.5875500000875,166.58608682047816,one shared preloaded model
conv-48-qa-55,lalm,2.6817368200845446,9.836499999437365,154.5875500000875,167.10578681960942,one shared preloaded model
conv-48-qa-56,lalm,2.6817368200845446,6.171500001073582,160.28797499984648,169.14121182100462,one shared preloaded model
conv-48-qa-57,lalm,2.6817368200845446,9.119599999394268,160.28797499984648,172.0893118193253,one shared preloaded model
conv-48-qa-58,lalm,2.6817368200845446,8.578200000556535,160.28797499984648,171.54791182048757,one shared preloaded model
conv-48-qa-59,lalm,2.6817368200845446,9.138600000369479,160.28797499984648,172.10831182030051,one shared preloaded model
conv-48-qa-60,lalm,2.6817368200845446,6.489899998996407,124.62167500007126,133.79331181915222,one shared preloaded model
conv-48-qa-61,lalm,2.6817368200845446,5.382399998779874,124.62167500007126,132.6858118189357,one shared preloaded model
conv-48-qa-62,lalm,2.6817368200845446,6.5199000000575325,124.62167500007126,133.82331182021335,one shared preloaded model
conv-48-qa-63,lalm,2.6817368200845446,9.883200000331271,124.62167500007126,137.1866118204871,one shared preloaded model
conv-48-qa-64,lalm,2.6817368200845446,6.976200000281096,170.16977499997665,179.8277118203423,one shared preloaded model
conv-48-qa-65,lalm,2.6817368200845446,10.427200000776793,170.16977499997665,183.278711820838,one shared preloaded model
conv-48-qa-66,lalm,2.6817368200845446,9.301000000050408,170.16977499997665,182.1525118201116,one shared preloaded model
conv-48-qa-67,lalm,2.6817368200845446,9.39970000035828,170.16977499997665,182.25121182041948,one shared preloaded model
conv-48-qa-68,lalm,2.6817368200845446,6.221200001164107,139.52405000009094,148.4269868213396,one shared preloaded model
conv-48-qa-69,lalm,2.6817368200845446,10.179799999605166,139.52405000009094,152.38558681978066,one shared preloaded model
conv-48-qa-70,lalm,2.6817368200845446,6.894099999044556,139.52405000009094,149.09988681922005,one shared preloaded model
conv-48-qa-71,lalm,2.6817368200845446,9.886399999231799,139.52405000009094,152.0921868194073,one shared preloaded model
conv-48-qa-72,lalm,2.6817368200845446,9.069399999134475,90.55212499970366,102.30326181892269,one shared preloaded model
conv-48-qa-73,lalm,2.6817368200845446,6.7049999997834675,90.55212499970366,99.93886181957168,one shared preloaded model
conv-48-qa-74,lalm,2.6817368200845446,10.99410000097123,90.55212499970366,104.22796182075945,one shared preloaded model
conv-48-qa-75,lalm,2.6817368200845446,9.420899999895482,90.55212499970366,102.6547618196837,one shared preloaded model
conv-48-qa-76,lalm,2.6817368200845446,7.055000000036671,186.5107500002523,196.24748682037352,one shared preloaded model
conv-48-qa-77,lalm,2.6817368200845446,9.340500000689644,186.5107500002523,198.5329868210265,one shared preloaded model
conv-48-qa-78,lalm,2.6817368200845446,9.582500000760774,186.5107500002523,198.77498682109763,one shared preloaded model
conv-48-qa-79,lalm,2.6817368200845446,9.294700001191813,186.5107500002523,198.48718682152867,one shared preloaded model
conv-48-qa-80,lalm,2.6817368200845446,7.1066000000428176,125.22510000007969,135.01343682020706,one shared preloaded model
conv-48-qa-81,lalm,2.6817368200845446,9.882300000754185,125.22510000007969,137.78913682091843,one shared preloaded model
conv-48-qa-82,lalm,2.6817368200845446,9.518200000457,125.22510000007969,137.42503682062124,one shared preloaded model
conv-48-qa-83,lalm,2.6817368200845446,9.831700001086574,125.22510000007969,137.73853682125082,one shared preloaded model
conv-48-qa-84,lalm,2.6817368200845446,6.816900000558235,81.76442500007397,91.26306182071676,one shared preloaded model
conv-48-qa-85,lalm,2.6817368200845446,10.013900000558351,81.76442500007397,94.46006182071687,one shared preloaded model
conv-48-qa-86,lalm,2.6817368200845446,9.533200000078068,81.76442500007397,93.97936182023659,one shared preloaded model
conv-48-qa-87,lalm,2.6817368200845446,9.324099999503233,81.76442500007397,93.77026181966175,one shared preloaded model
conv-48-qa-88,lalm,2.6817368200845446,5.828800000017509,87.38022499983344,95.8907618199355,one shared preloaded model
conv-48-qa-89,lalm,2.6817368200845446,5.5089000015868805,87.38022499983344,95.57086182150488,one shared preloaded model
conv-48-qa-90,lalm,2.6817368200845446,10.261200000968529,87.38022499983344,100.32316182088653,one shared preloaded model
conv-48-qa-91,lalm,2.6817368200845446,9.450800000195159,87.38022499983344,99.51276182011316,one shared preloaded model
conv-48-qa-92,lalm,2.6817368200845446,7.264100000611506,79.48542500025724,89.4312618209533,one shared preloaded model
conv-48-qa-93,lalm,2.6817368200845446,5.331899999873713,79.48542500025724,87.4990618202155,one shared preloaded model
conv-48-qa-94,lalm,2.6817368200845446,5.456499999127118,79.48542500025724,87.62366181946891,one shared preloaded model
conv-48-qa-95,lalm,2.6817368200845446,9.159399998679874,79.48542500025724,91.32656181902166,one shared preloaded model
conv-48-qa-96,lalm,2.6817368200845446,6.14309999946272,167.47310000027937,176.29793681982665,one shared preloaded model
conv-48-qa-97,lalm,2.6817368200845446,6.559900000866037,167.47310000027937,176.71473682122996,one shared preloaded model
conv-48-qa-98,lalm,2.6817368200845446,9.050899998328532,167.47310000027937,179.20573681869246,one shared preloaded model
conv-48-qa-99,lalm,2.6817368200845446,10.29729999936535,167.47310000027937,180.45213681972928,one shared preloaded model
conv-48-qa-100,lalm,2.6817368200845446,6.38509999953385,123.54175000018586,132.60858681980426,one shared preloaded model
conv-48-qa-101,lalm,2.6817368200845446,5.727799998567207,123.54175000018586,131.95128681883762,one shared preloaded model
conv-48-qa-102,lalm,2.6817368200845446,5.591299999650801,123.54175000018586,131.8147868199212,one shared preloaded model
conv-48-qa-103,lalm,2.6817368200845446,6.307300000116811,123.54175000018586,132.53078682038722,one shared preloaded model
conv-48-qa-104,lalm,2.6817368200845446,7.562200000393204,158.72899999976653,168.97293682024429,one shared preloaded model
conv-48-qa-105,lalm,2.6817368200845446,9.853400000793044,158.72899999976653,171.26413682064413,one shared preloaded model
conv-48-qa-106,lalm,2.6817368200845446,10.627399999066256,158.72899999976653,172.03813681891734,one shared preloaded model
conv-48-qa-107,lalm,2.6817368200845446,9.922699999151519,158.72899999976653,171.3334368190026,one shared preloaded model
conv-48-qa-108,lalm,2.6817368200845446,6.144500001028064,201.94057499975315,210.76681182086577,one shared preloaded model
conv-48-qa-109,lalm,2.6817368200845446,5.7381000005989335,201.94057499975315,210.36041182043664,one shared preloaded model
conv-48-qa-110,lalm,2.6817368200845446,6.693399998766836,201.94057499975315,211.31571181860454,one shared preloaded model
conv-48-qa-111,lalm,2.6817368200845446,6.637200000113808,201.94057499975315,211.2595118199515,one shared preloaded model
conv-48-qa-112,lalm,2.6817368200845446,6.338499999401392,96.72867499966742,105.74891181915336,one shared preloaded model
conv-48-qa-113,lalm,2.6817368200845446,10.092799999256385,96.72867499966742,109.50321181900836,one shared preloaded model
conv-48-qa-114,lalm,2.6817368200845446,9.658900000431458,96.72867499966742,109.06931182018343,one shared preloaded model
conv-48-qa-115,lalm,2.6817368200845446,7.426500000292435,96.72867499966742,106.8369118200444,one shared preloaded model
conv-48-qa-116,lalm,2.6817368200845446,6.573199998456403,108.88097499992,118.13591181846095,one shared preloaded model
conv-48-qa-117,lalm,2.6817368200845446,10.279300000547664,108.88097499992,121.84201182055222,one shared preloaded model
conv-48-qa-118,lalm,2.6817368200845446,9.906899998895824,108.88097499992,121.46961181890038,one shared preloaded model
conv-48-qa-119,lalm,2.6817368200845446,9.309099999882164,108.88097499992,120.87181181988672,one shared preloaded model
conv-48-qa-120,lalm,2.6817368200845446,6.720599998516263,172.86512499958917,182.26746181819,one shared preloaded model
conv-48-qa-121,lalm,2.6817368200845446,11.022699998648022,172.86512499958917,186.56956181832174,one shared preloaded model
conv-48-qa-122,lalm,2.6817368200845446,9.974699998565484,172.86512499958917,185.5215618182392,one shared preloaded model
conv-48-qa-123,lalm,2.6817368200845446,9.732999998959713,172.86512499958917,185.27986181863344,one shared preloaded model
conv-48-qa-124,lalm,2.6817368200845446,6.52059999993071,190.44177500018122,199.64411182019649,one shared preloaded model
conv-48-qa-125,lalm,2.6817368200845446,6.458900001234724,190.44177500018122,199.5824118215005,one shared preloaded model
conv-48-qa-126,lalm,2.6817368200845446,6.48170000022219,190.44177500018122,199.60521182048797,one shared preloaded model
conv-48-qa-127,lalm,2.6817368200845446,8.933600000091246,190.44177500018122,202.05711182035702,one shared preloaded model
conv-48-qa-128,lalm,2.6817368200845446,7.958900001540314,382.2954749998644,392.93611182148925,one shared preloaded model
conv-48-qa-129,lalm,2.6817368200845446,9.913200001392397,382.2954749998644,394.89041182134133,one shared preloaded model
conv-48-qa-130,lalm,2.6817368200845446,10.104299999511568,382.2954749998644,395.0815118194605,one shared preloaded model
conv-48-qa-131,lalm,2.6817368200845446,9.698300000309246,382.2954749998644,394.6755118202582,one shared preloaded model
conv-48-qa-132,lalm,2.6817368200845446,8.516900001268368,188.48789999992732,199.68653682128024,one shared preloaded model
conv-48-qa-133,lalm,2.6817368200845446,9.780100001080427,188.48789999992732,200.9497368210923,one shared preloaded model
conv-48-qa-134,lalm,2.6817368200845446,9.59550000152376,188.48789999992732,200.76513682153563,one shared preloaded model
conv-48-qa-135,lalm,2.6817368200845446,9.372599999551312,188.48789999992732,200.5422368195632,one shared preloaded model
conv-48-qa-136,lalm,2.6817368200845446,6.323899999188143,369.603300000108,378.6089368193807,one shared preloaded model
conv-48-qa-137,lalm,2.6817368200845446,5.317099999956554,369.603300000108,377.6021368201491,one shared preloaded model
conv-48-qa-138,lalm,2.6817368200845446,6.263100000069244,369.603300000108,378.5481368202618,one shared preloaded model
conv-48-qa-139,lalm,2.6817368200845446,7.626900000104797,369.603300000108,379.91193682029734,one shared preloaded model
conv-48-qa-140,lalm,2.6817368200845446,9.658299999500741,145.97249999997075,158.31253681955604,one shared preloaded model
conv-48-qa-141,lalm,2.6817368200845446,5.2431999993132195,145.97249999997075,153.89743681936852,one shared preloaded model
conv-48-qa-142,lalm,2.6817368200845446,7.8622000000905246,145.97249999997075,156.51643682014583,one shared preloaded model
conv-48-qa-143,lalm,2.6817368200845446,9.957799999028794,145.97249999997075,158.6120368190841,one shared preloaded model
conv-48-qa-144,lalm,2.6817368200845446,6.119699999544537,302.45892500033733,311.2603618199664,one shared preloaded model
conv-48-qa-145,lalm,2.6817368200845446,9.331100000053993,302.45892500033733,314.4717618204759,one shared preloaded model
conv-48-qa-146,lalm,2.6817368200845446,9.442599999601953,302.45892500033733,314.58326182002384,one shared preloaded model
conv-48-qa-147,lalm,2.6817368200845446,9.520999999949709,302.45892500033733,314.6616618203716,one shared preloaded model
conv-48-qa-148,lalm,2.6817368200845446,6.362200001603924,81.42964999979085,90.47358682147933,one shared preloaded model
conv-48-qa-149,lalm,2.6817368200845446,10.098200000356883,81.42964999979085,94.20958682023229,one shared preloaded model
conv-48-qa-150,lalm,2.6817368200845446,10.121899998921435,81.42964999979085,94.23328681879684,one shared preloaded model
conv-48-qa-151,lalm,2.6817368200845446,10.103200000230572,81.42964999979085,94.21458682010598,one shared preloaded model
conv-48-qa-152,lalm,2.6817368200845446,6.441100000301958,309.13362499995856,318.25646182034507,one shared preloaded model
conv-48-qa-153,lalm,2.6817368200845446,10.16420000087237,309.13362499995856,321.9795618209155,one shared preloaded model
conv-48-qa-154,lalm,2.6817368200845446,10.092399999848567,309.13362499995856,321.9077618198917,one shared preloaded model
conv-48-qa-155,lalm,2.6817368200845446,9.573100000125123,309.13362499995856,321.38846182016823,one shared preloaded model
conv-48-qa-156,lalm,2.6817368200845446,8.442500000455766,153.58522500036997,164.7094618209103,one shared preloaded model
conv-48-qa-157,lalm,2.6817368200845446,6.134100000053877,153.58522500036997,162.4010618205084,one shared preloaded model
conv-48-qa-158,lalm,2.6817368200845446,6.571199999598321,153.58522500036997,162.83816182005285,one shared preloaded model
conv-48-qa-159,lalm,2.6817368200845446,6.172600000354578,153.58522500036997,162.4395618208091,one shared preloaded model
conv-48-qa-160,lalm,2.6817368200845446,6.373300000632298,116.56312500008426,125.6181618208011,one shared preloaded model
conv-48-qa-161,lalm,2.6817368200845446,6.891499999255757,116.56312500008426,126.13636181942456,one shared preloaded model
conv-48-qa-162,lalm,2.6817368200845446,6.819899999754853,116.56312500008426,126.06476181992366,one shared preloaded model
conv-48-qa-163,lalm,2.6817368200845446,7.783700000800309,116.56312500008426,127.02856182096912,one shared preloaded model
conv-48-qa-164,lalm,2.6817368200845446,6.136699999842676,132.92239999964295,141.74083681957018,one shared preloaded model
conv-48-qa-165,lalm,2.6817368200845446,6.148399999801768,132.92239999964295,141.75253681952927,one shared preloaded model
conv-48-qa-166,lalm,2.6817368200845446,6.7478000000846805,132.92239999964295,142.35193681981218,one shared preloaded model
conv-48-qa-167,lalm,2.6817368200845446,6.671099999948638,132.92239999964295,142.27523681967614,one shared preloaded model
conv-48-qa-168,lalm,2.6817368200845446,6.335000000035507,201.34907500005284,210.3658118201729,one shared preloaded model
conv-48-qa-169,lalm,2.6817368200845446,5.157000001418055,201.34907500005284,209.18781182155544,one shared preloaded model
conv-48-qa-170,lalm,2.6817368200845446,10.119800001120893,201.34907500005284,214.15061182125828,one shared preloaded model
conv-48-qa-171,lalm,2.6817368200845446,5.800099999760278,201.34907500005284,209.83091181989766,one shared preloaded model
conv-48-qa-172,lalm,2.6817368200845446,6.633400000282563,70.94759999972666,80.26273682009378,one shared preloaded model
conv-48-qa-173,lalm,2.6817368200845446,9.55939999948896,70.94759999972666,83.18873681930017,one shared preloaded model
conv-48-qa-174,lalm,2.6817368200845446,10.175999999773921,70.94759999972666,83.80533681958514,one shared preloaded model
conv-48-qa-175,lalm,2.6817368200845446,10.037500000180444,70.94759999972666,83.66683681999166,one shared preloaded model
conv-48-qa-176,lalm,2.6817368200845446,6.3510999989375705,185.34977500030436,194.38261181932648,one shared preloaded model
conv-48-qa-177,lalm,2.6817368200845446,10.132200000953162,185.34977500030436,198.16371182134208,one shared preloaded model
conv-48-qa-178,lalm,2.6817368200845446,9.809499999391846,185.34977500030436,197.84101181978076,one shared preloaded model
conv-48-qa-179,lalm,2.6817368200845446,9.285300000556163,185.34977500030436,197.31681182094508,one shared preloaded model
conv-48-qa-180,lalm,2.6817368200845446,6.543699999383534,371.63295000027574,380.8583868197438,one shared preloaded model
conv-48-qa-181,lalm,2.6817368200845446,9.153400000286638,371.63295000027574,383.46808682064693,one shared preloaded model
conv-48-qa-182,lalm,2.6817368200845446,10.17169999977341,371.63295000027574,384.4863868201337,one shared preloaded model
conv-48-qa-183,lalm,2.6817368200845446,9.666299998571048,371.63295000027574,383.98098681893134,one shared preloaded model
conv-48-qa-184,lalm,2.6817368200845446,6.691300000966294,144.50944999998683,153.88248682103767,one shared preloaded model
conv-48-qa-185,lalm,2.6817368200845446,9.891400000924477,144.50944999998683,157.08258682099586,one shared preloaded model
conv-48-qa-186,lalm,2.6817368200845446,7.662399999389891,144.50944999998683,154.85358681946127,one shared preloaded model
conv-48-qa-187,lalm,2.6817368200845446,6.333200000881334,144.50944999998683,153.5243868209527,one shared preloaded model
conv-48-qa-188,lalm,2.6817368200845446,9.217400000125053,126.19250000034299,138.0916368205526,one shared preloaded model
conv-48-qa-189,lalm,2.6817368200845446,10.338600000977749,126.19250000034299,139.2128368214053,one shared preloaded model
conv-48-qa-190,lalm,2.6817368200845446,9.528700000373647,126.19250000034299,138.4029368208012,one shared preloaded model
conv-48-qa-191,lalm,2.6817368200845446,9.462300000450341,126.19250000034299,138.33653682087788,one shared preloaded model
conv-48-qa-192,lalm,2.6817368200845446,6.763399998817476,85.05212500040216,94.49726181930419,one shared preloaded model
conv-48-qa-193,lalm,2.6817368200845446,10.2296999993996,85.05212500040216,97.96356181988631,one shared preloaded model
conv-48-qa-194,lalm,2.6817368200845446,7.036699998934637,85.05212500040216,94.77056181942135,one shared preloaded model
conv-48-qa-195,lalm,2.6817368200845446,5.693999999493826,85.05212500040216,93.42786181998054,one shared preloaded model
conv-48-qa-196,lalm,2.6817368200845446,6.480899999587564,120.23675000000367,129.39938681967578,one shared preloaded model
conv-48-qa-197,lalm,2.6817368200845446,9.6611999997549,120.23675000000367,132.57968681984312,one shared preloaded model
conv-48-qa-198,lalm,2.6817368200845446,9.748399999807589,120.23675000000367,132.6668868198958,one shared preloaded model
conv-48-qa-199,lalm,2.6817368200845446,10.130000000572181,120.23675000000367,133.0484868206604,one shared preloaded model
conv-48-qa-200,lalm,2.6817368200845446,7.134499999665422,85.08942500020567,94.90566181995564,one shared preloaded model
conv-48-qa-201,lalm,2.6817368200845446,10.204700000031153,85.08942500020567,97.97586182032137,one shared preloaded model
conv-48-qa-202,lalm,2.6817368200845446,9.194899999783956,85.08942500020567,96.96606182007417,one shared preloaded model
conv-48-qa-203,lalm,2.6817368200845446,9.712700000818586,85.08942500020567,97.4838618211088,one shared preloaded model
conv-48-qa-204,lalm,2.6817368200845446,8.941600000980543,152.18370000002324,163.80703682108833,one shared preloaded model
conv-48-qa-205,lalm,2.6817368200845446,10.739100000137114,152.18370000002324,165.6045368202449,one shared preloaded model
conv-48-qa-206,lalm,2.6817368200845446,9.427599999980885,152.18370000002324,164.29303682008867,one shared preloaded model
conv-48-qa-207,lalm,2.6817368200845446,9.90529999944556,152.18370000002324,164.77073681955335,one shared preloaded model
conv-48-qa-208,lalm,2.6817368200845446,6.51809999908437,388.5453249999955,397.7451618191644,one shared preloaded model
conv-48-qa-209,lalm,2.6817368200845446,5.619899999146583,388.5453249999955,396.84696181922664,one shared preloaded model
conv-48-qa-210,lalm,2.6817368200845446,10.024200000771089,388.5453249999955,401.25126182085114,one shared preloaded model
conv-48-qa-211,lalm,2.6817368200845446,9.445900001082919,388.5453249999955,400.67296182116297,one shared preloaded model
conv-48-qa-212,lalm,2.6817368200845446,7.5038000013591954,255.3541749998658,265.53971182130954,one shared preloaded model
conv-48-qa-213,lalm,2.6817368200845446,10.953299999528099,255.3541749998658,268.98921181947844,one shared preloaded model
conv-48-qa-214,lalm,2.6817368200845446,10.062199999083532,255.3541749998658,268.0981118190339,one shared preloaded model
conv-48-qa-215,lalm,2.6817368200845446,9.140000000115833,255.3541749998658,267.1759118200662,one shared preloaded model
conv-48-qa-216,lalm,2.6817368200845446,6.532299999889801,86.84577500025625,96.0598118202306,one shared preloaded model
conv-48-qa-217,lalm,2.6817368200845446,10.230800000499585,86.84577500025625,99.75831182084039,one shared preloaded model
conv-48-qa-218,lalm,2.6817368200845446,9.423699999388191,86.84577500025625,98.951211819729,one shared preloaded model
conv-48-qa-219,lalm,2.6817368200845446,9.79890000053274,86.84577500025625,99.32641182087355,one shared preloaded model
conv-48-qa-220,lalm,2.6817368200845446,6.50609999865992,321.15417499971954,330.342011818464,one shared preloaded model
conv-48-qa-221,lalm,2.6817368200845446,10.352699999202741,321.15417499971954,334.18861181900684,one shared preloaded model
conv-48-qa-222,lalm,2.6817368200845446,9.880300000077114,321.15417499971954,333.7162118198812,one shared preloaded model
conv-48-qa-223,lalm,2.6817368200845446,9.567099999912898,321.15417499971954,333.403011819717,one shared preloaded model
conv-48-qa-224,lalm,2.6817368200845446,6.654199998592958,183.65897500007122,192.99491181874873,one shared preloaded model
conv-48-qa-225,lalm,2.6817368200845446,5.8262999991711695,183.65897500007122,192.16701181932694,one shared preloaded model
conv-48-qa-226,lalm,2.6817368200845446,7.643800001460477,183.65897500007122,193.98451182161625,one shared preloaded model
conv-48-qa-227,lalm,2.6817368200845446,6.596900000658934,183.65897500007122,192.9376118208147,one shared preloaded model
conv-48-qa-228,lalm,2.6817368200845446,8.849599998939084,173.29327499965075,184.82461181867438,one shared preloaded model
conv-48-qa-229,lalm,2.6817368200845446,9.980699998777709,173.29327499965075,185.955711818513,one shared preloaded model
conv-48-qa-230,lalm,2.6817368200845446,10.409200000140117,173.29327499965075,186.38421181987542,one shared preloaded model
conv-48-qa-231,lalm,2.6817368200845446,10.29960000050778,173.29327499965075,186.27461182024308,one shared preloaded model
conv-48-qa-232,lalm,2.6817368200845446,7.024399999863817,75.87952499989115,85.58566181983952,one shared preloaded model
conv-48-qa-233,lalm,2.6817368200845446,9.994500000175321,75.87952499989115,88.55576182015102,one shared preloaded model
conv-48-qa-234,lalm,2.6817368200845446,10.959699999148143,75.87952499989115,89.52096181912384,one shared preloaded model
conv-48-qa-235,lalm,2.6817368200845446,10.775800001283642,75.87952499989115,89.33706182125934,one shared preloaded model
conv-48-qa-236,lalm,2.6817368200845446,6.234000000404194,178.28493333339188,187.20067015388062,one shared preloaded model
conv-48-qa-237,lalm,2.6817368200845446,9.976199999073287,178.28493333339188,190.94287015254972,one shared preloaded model
conv-48-qa-238,lalm,2.6817368200845446,6.308800000624615,178.28493333339188,187.27547015410104,one shared preloaded model
conv-49-qa-0,lalm,2.4101658163257227,7.62610000128916,73.4692000000905,83.50546581770539,one shared preloaded model
conv-49-qa-1,lalm,2.4101658163257227,5.940899998677196,73.4692000000905,81.82026581509342,one shared preloaded model
conv-49-qa-2,lalm,2.4101658163257227,6.19139999980689,73.4692000000905,82.07076581622312,one shared preloaded model
conv-49-qa-3,lalm,2.4101658163257227,9.832100000494393,73.4692000000905,85.71146581691062,one shared preloaded model
conv-49-qa-4,lalm,2.4101658163257227,6.6801999982999405,96.77707500031829,105.86744081494396,one shared preloaded model
conv-49-qa-5,lalm,2.4101658163257227,9.79159999951662,96.77707500031829,108.97884081616064,one shared preloaded model
conv-49-qa-6,lalm,2.4101658163257227,9.885299999950803,96.77707500031829,109.07254081659482,one shared preloaded model
conv-49-qa-7,lalm,2.4101658163257227,9.280899999794201,96.77707500031829,108.46814081643822,one shared preloaded model
conv-49-qa-8,lalm,2.4101658163257227,6.151199999294477,156.03877500007002,164.60014081569022,one shared preloaded model
conv-49-qa-9,lalm,2.4101658163257227,9.838300000410527,156.03877500007002,168.28724081680627,one shared preloaded model
conv-49-qa-10,lalm,2.4101658163257227,9.977100000469363,156.03877500007002,168.4260408168651,one shared preloaded model
conv-49-qa-11,lalm,2.4101658163257227,9.37309999972058,156.03877500007002,167.82204081611633,one shared preloaded model
conv-49-qa-12,lalm,2.4101658163257227,6.65119999939634,151.07845000011366,160.13981581583573,one shared preloaded model
conv-49-qa-13,lalm,2.4101658163257227,9.0608999998949,151.07845000011366,162.5495158163343,one shared preloaded model
conv-49-qa-14,lalm,2.4101658163257227,7.247999999890453,151.07845000011366,160.73661581632985,one shared preloaded model
conv-49-qa-15,lalm,2.4101658163257227,9.325099999841768,151.07845000011366,162.81371581628116,one shared preloaded model
conv-49-qa-16,lalm,2.4101658163257227,6.591800000023795,175.04159999998592,184.04356581633544,one shared preloaded model
conv-49-qa-17,lalm,2.4101658163257227,9.46269999985816,175.04159999998592,186.9144658161698,one shared preloaded model
conv-49-qa-18,lalm,2.4101658163257227,9.718799999973271,175.04159999998592,187.17056581628492,one shared preloaded model
conv-49-qa-19,lalm,2.4101658163257227,10.237399999823538,175.04159999998592,187.6891658161352,one shared preloaded model
conv-49-qa-20,lalm,2.4101658163257227,6.585299999642302,152.23695000031512,161.23241581628315,one shared preloaded model
conv-49-qa-21,lalm,2.4101658163257227,10.710599999583792,152.23695000031512,165.35771581622464,one shared preloaded model
conv-49-qa-22,lalm,2.4101658163257227,9.677500000179862,152.23695000031512,164.3246158168207,one shared preloaded model
conv-49-qa-23,lalm,2.4101658163257227,9.907100000418723,152.23695000031512,164.55421581705957,one shared preloaded model
conv-49-qa-24,lalm,2.4101658163257227,7.291199999599485,122.63070000017251,132.33206581609772,one shared preloaded model
conv-49-qa-25,lalm,2.4101658163257227,5.588199999692733,122.63070000017251,130.62906581619097,one shared preloaded model
conv-49-qa-26,lalm,2.4101658163257227,6.353200000376091,122.63070000017251,131.39406581687433,one shared preloaded model
conv-49-qa-27,lalm,2.4101658163257227,6.2760999990132404,122.63070000017251,131.31696581551148,one shared preloaded model
conv-49-qa-28,lalm,2.4101658163257227,6.756500000847154,234.24982500000624,243.41649081717912,one shared preloaded model
conv-49-qa-29,lalm,2.4101658163257227,6.228000000191969,234.24982500000624,242.88799081652394,one shared preloaded model
conv-49-qa-30,lalm,2.4101658163257227,6.605999999010237,234.24982500000624,243.2659908153422,one shared preloaded model
conv-49-qa-31,lalm,2.4101658163257227,7.046700000501005,234.24982500000624,243.70669081683297,one shared preloaded model
conv-49-qa-32,lalm,2.4101658163257227,7.146899999497691,180.77912500029925,190.33619081612267,one shared preloaded model
conv-49-qa-33,lalm,2.4101658163257227,9.884799999781535,180.77912500029925,193.0740908164065,one shared preloaded model
conv-49-qa-34,lalm,2.4101658163257227,9.258000000045286,180.77912500029925,192.44729081667026,one shared preloaded model
conv-49-qa-35,lalm,2.4101658163257227,6.770800000595045,180.77912500029925,189.96009081722002,one shared preloaded model
conv-49-qa-36,lalm,2.4101658163257227,6.439499999032705,100.31545000038022,109.16511581573866,one shared preloaded model
conv-49-qa-37,lalm,2.4101658163257227,6.526700000904384,100.31545000038022,109.25231581761034,one shared preloaded model
conv-49-qa-38,lalm,2.4101658163257227,10.573599998679128,100.31545000038022,113.29921581538508,one shared preloaded model
conv-49-qa-39,lalm,2.4101658163257227,10.152900000321097,100.31545000038022,112.87851581702705,one shared preloaded model
conv-49-qa-40,lalm,2.4101658163257227,6.303699999989476,194.90229999973963,203.61616581605483,one shared preloaded model
conv-49-qa-41,lalm,2.4101658163257227,9.642999999414315,194.90229999973963,206.95546581547967,one shared preloaded model
conv-49-qa-42,lalm,2.4101658163257227,9.637600000132807,194.90229999973963,206.95006581619816,one shared preloaded model
conv-49-qa-43,lalm,2.4101658163257227,9.56199999927776,194.90229999973963,206.87446581534311,one shared preloaded model
conv-49-qa-44,lalm,2.4101658163257227,6.310799999482697,129.3124250000801,138.03339081588854,one shared preloaded model
conv-49-qa-45,lalm,2.4101658163257227,9.706600001663901,129.3124250000801,141.42919081806974,one shared preloaded model
conv-49-qa-46,lalm,2.4101658163257227,10.155900001336704,129.3124250000801,141.87849081774255,one shared preloaded model
conv-49-qa-47,lalm,2.4101658163257227,9.682099998826743,129.3124250000801,141.40469081523258,one shared preloaded model
conv-49-qa-48,lalm,2.4101658163257227,8.202500001061708,182.00914999988527,192.6218158172727,one shared preloaded model
conv-49-qa-49,lalm,2.4101658163257227,5.994999999529682,182.00914999988527,190.41431581574068,one shared preloaded model
conv-49-qa-50,lalm,2.4101658163257227,9.770900000148686,182.00914999988527,194.19021581635968,one shared preloaded model
conv-49-qa-51,lalm,2.4101658163257227,8.048100000451086,182.00914999988527,192.46741581666208,one shared preloaded model
conv-49-qa-52,lalm,2.4101658163257227,6.363399999827379,158.74135000012757,167.51491581628068,one shared preloaded model
conv-49-qa-53,lalm,2.4101658163257227,5.321399999957066,158.74135000012757,166.47291581641036,one shared preloaded model
conv-49-qa-54,lalm,2.4101658163257227,5.987399999867193,158.74135000012757,167.1389158163205,one shared preloaded model
conv-49-qa-55,lalm,2.4101658163257227,6.029500000295229,158.74135000012757,167.18101581674853,one shared preloaded model
conv-49-qa-56,lalm,2.4101658163257227,6.861500000013621,169.68972500035306,178.96139081669241,one shared preloaded model
conv-49-qa-57,lalm,2.4101658163257227,10.166000000026543,169.68972500035306,182.26589081670534,one shared preloaded model
conv-49-qa-58,lalm,2.4101658163257227,10.196400000495487,169.68972500035306,182.29629081717428,one shared preloaded model
conv-49-qa-59,lalm,2.4101658163257227,9.088900000278954,169.68972500035306,181.18879081695775,one shared preloaded model
conv-49-qa-60,lalm,2.4101658163257227,6.772599999749218,153.6055500000657,162.78831581614065,one shared preloaded model
conv-49-qa-61,lalm,2.4101658163257227,9.724499999720138,153.6055500000657,165.74021581611157,one shared preloaded model
conv-49-qa-62,lalm,2.4101658163257227,11.222699999052566,153.6055500000657,167.238415815444,one shared preloaded model
conv-49-qa-63,lalm,2.4101658163257227,10.007700000642217,153.6055500000657,166.02341581703365,one shared preloaded model
conv-49-qa-64,lalm,2.4101658163257227,9.310500001447508,94.02975000011793,105.75041581789117,one shared preloaded model
conv-49-qa-65,lalm,2.4101658163257227,9.805499999856693,94.02975000011793,106.24541581630035,one shared preloaded model
conv-49-qa-66,lalm,2.4101658163257227,9.644499999922118,94.02975000011793,106.08441581636578,one shared preloaded model
conv-49-qa-67,lalm,2.4101658163257227,9.505100000751554,94.02975000011793,105.94501581719521,one shared preloaded model
conv-49-qa-68,lalm,2.4101658163257227,6.4293000014004065,237.06369999990784,245.90316581763398,one shared preloaded model
conv-49-qa-69,lalm,2.4101658163257227,10.713100000430131,237.06369999990784,250.1869658166637,one shared preloaded model
conv-49-qa-70,lalm,2.4101658163257227,9.970299999622512,237.06369999990784,249.44416581585608,one shared preloaded model
conv-49-qa-71,lalm,2.4101658163257227,9.023700000398094,237.06369999990784,248.49756581663166,one shared preloaded model
conv-49-qa-72,lalm,2.4101658163257227,6.219900000360212,145.84912500004066,154.4791908167266,one shared preloaded model
conv-49-qa-73,lalm,2.4101658163257227,5.15359999917564,145.84912500004066,153.41289081554203,one shared preloaded model
conv-49-qa-74,lalm,2.4101658163257227,9.230600000591949,145.84912500004066,157.48989081695834,one shared preloaded model
conv-49-qa-75,lalm,2.4101658163257227,9.955300000001444,145.84912500004066,158.21459081636783,one shared preloaded model
conv-49-qa-76,lalm,2.4101658163257227,5.999500001053093,98.8815999999133,107.29126581729213,one shared preloaded model
conv-49-qa-77,lalm,2.4101658163257227,10.050200000478071,98.8815999999133,111.3419658167171,one shared preloaded model
conv-49-qa-78,lalm,2.4101658163257227,9.658200000558281,98.8815999999133,110.94996581679732,one shared preloaded model
conv-49-qa-79,lalm,2.4101658163257227,9.31239999954414,98.8815999999133,110.60416581578318,one shared preloaded model
conv-49-qa-80,lalm,2.4101658163257227,6.8293000003905036,170.30017500019312,179.53964081690935,one shared preloaded model
conv-49-qa-81,lalm,2.4101658163257227,9.94410000021162,170.30017500019312,182.65444081673047,one shared preloaded model
conv-49-qa-82,lalm,2.4101658163257227,9.647699998822645,170.30017500019312,182.3580408153415,one shared preloaded model
conv-49-qa-83,lalm,2.4101658163257227,9.761299999809125,170.30017500019312,182.47164081632798,one shared preloaded model
conv-49-qa-84,lalm,2.4101658163257227,7.42790000003879,116.55625000003056,126.39431581639508,one shared preloaded model
conv-49-qa-85,lalm,2.4101658163257227,10.20760000028531,116.55625000003056,129.1740158166416,one shared preloaded model
conv-49-qa-86,lalm,2.4101658163257227,10.059899999760091,116.55625000003056,129.02631581611638,one shared preloaded model
conv-49-qa-87,lalm,2.4101658163257227,10.034400000222377,116.55625000003056,129.00081581657867,one shared preloaded model
conv-49-qa-88,lalm,2.4101658163257227,6.4598999997542705,169.93475000026592,178.80481581634592,one shared preloaded model
conv-49-qa-89,lalm,2.4101658163257227,6.132599999546073,169.93475000026592,178.47751581613772,one shared preloaded model
conv-49-qa-90,lalm,2.4101658163257227,6.825099999332451,169.93475000026592,179.1700158159241,one shared preloaded model
conv-49-qa-91,lalm,2.4101658163257227,8.46580000143149,169.93475000026592,180.81071581802314,one shared preloaded model
conv-49-qa-92,lalm,2.4101658163257227,6.231100000150036,95.70487499968294,104.34614081615871,one shared preloaded model
conv-49-qa-93,lalm,2.4101658163257227,9.442300000955584,95.70487499968294,107.55734081696426,one shared preloaded model
conv-49-qa-94,lalm,2.4101658163257227,10.422800000014831,95.70487499968294,108.5378408160235,one shared preloaded model
conv-49-qa-95,lalm,2.4101658163257227,9.032400001160568,95.70487499968294,107.14744081716924,one shared preloaded model
conv-49-qa-96,lalm,2.4101658163257227,6.675500000710599,205.24945000033767,214.335115817374,one shared preloaded model
conv-49-qa-97,lalm,2.4101658163257227,9.705899999971734,205.24945000033767,217.36551581663514,one shared preloaded model
conv-49-qa-98,lalm,2.4101658163257227,7.245500000863103,205.24945000033767,214.9051158175265,one shared preloaded model
conv-49-qa-99,lalm,2.4101658163257227,5.739400001402828,205.24945000033767,213.39901581806623,one shared preloaded model
conv-49-qa-100,lalm,2.4101658163257227,7.365800000115996,80.21495000002687,89.9909158164686,one shared preloaded model
conv-49-qa-101,lalm,2.4101658163257227,10.12789999913366,80.21495000002687,92.75301581548626,one shared preloaded model
conv-49-qa-102,lalm,2.4101658163257227,10.418800000479678,80.21495000002687,93.04391581683228,one shared preloaded model
conv-49-qa-103,lalm,2.4101658163257227,10.167899999942165,80.21495000002687,92.79301581629477,one shared preloaded model
conv-49-qa-104,lalm,2.4101658163257227,7.578500000818167,217.31002500018803,227.29869081733193,one shared preloaded model
conv-49-qa-105,lalm,2.4101658163257227,9.788600000320002,217.31002500018803,229.50879081683377,one shared preloaded model
conv-49-qa-106,lalm,2.4101658163257227,10.005299998738337,217.31002500018803,229.7254908152521,one shared preloaded model
conv-49-qa-107,lalm,2.4101658163257227,9.529200000542914,217.31002500018803,229.24939081705668,one shared preloaded model
conv-49-qa-108,lalm,2.4101658163257227,6.297699999777251,130.15900000027614,138.86686581637912,one shared preloaded model
conv-49-qa-109,lalm,2.4101658163257227,5.359400000088499,130.15900000027614,137.92856581669037,one shared preloaded model
conv-49-qa-110,lalm,2.4101658163257227,5.390899999838439,130.15900000027614,137.9600658164403,one shared preloaded model
conv-49-qa-111,lalm,2.4101658163257227,6.881299999804469,130.15900000027614,139.45046581640634,one shared preloaded model
conv-49-qa-112,lalm,2.4101658163257227,6.315099999483209,161.54287500012288,170.26814081593182,one shared preloaded model
conv-49-qa-113,lalm,2.4101658163257227,9.767899999133078,161.54287500012288,173.72094081558168,one shared preloaded model
conv-49-qa-114,lalm,2.4101658163257227,9.919000000081724,161.54287500012288,173.87204081653033,one shared preloaded model
conv-49-qa-115,lalm,2.4101658163257227,9.237199999915902,161.54287500012288,173.1902408163645,one shared preloaded model
conv-49-qa-116,lalm,2.4101658163257227,8.751800000027288,181.5608249999059,192.7227908162589,one shared preloaded model
conv-49-qa-117,lalm,2.4101658163257227,9.831699999267585,181.5608249999059,193.8026908154992,one shared preloaded model
conv-49-qa-118,lalm,2.4101658163257227,8.232300000599935,181.5608249999059,192.20329081683155,one shared preloaded model
conv-49-qa-119,lalm,2.4101658163257227,9.360300000480493,181.5608249999059,193.3312908167121,one shared preloaded model
conv-49-qa-120,lalm,2.4101658163257227,6.878800000777119,173.6339499998394,182.92291581694224,one shared preloaded model
conv-49-qa-121,lalm,2.4101658163257227,9.753599999385187,173.6339499998394,185.7977158155503,one shared preloaded model
conv-49-qa-122,lalm,2.4101658163257227,9.64879999992263,173.6339499998394,185.69291581608775,one shared preloaded model
conv-49-qa-123,lalm,2.4101658163257227,6.289700000706944,173.6339499998394,182.33381581687206,one shared preloaded model
conv-49-qa-124,lalm,2.4101658163257227,6.998599999860744,163.91557499991904,173.32434081610552,one shared preloaded model
conv-49-qa-125,lalm,2.4101658163257227,5.171400000108406,163.91557499991904,171.49714081635318,one shared preloaded model
conv-49-qa-126,lalm,2.4101658163257227,7.15929999932996,163.91557499991904,173.48504081557473,one shared preloaded model
conv-49-qa-127,lalm,2.4101658163257227,9.539700000459561,163.91557499991904,175.86544081670434,one shared preloaded model
conv-49-qa-128,lalm,2.4101658163257227,7.276799999090144,148.18954999964262,157.8765158150585,one shared preloaded model
conv-49-qa-129,lalm,2.4101658163257227,10.294399999111192,148.18954999964262,160.89411581507954,one shared preloaded model
conv-49-qa-130,lalm,2.4101658163257227,9.91480000084266,148.18954999964262,160.514515816811,one shared preloaded model
conv-49-qa-131,lalm,2.4101658163257227,9.525100000246312,148.18954999964262,160.12481581621466,one shared preloaded model
conv-49-qa-132,lalm,2.4101658163257227,5.7422000008955365,203.45922499973312,211.6115908169544,one shared preloaded model
conv-49-qa-133,lalm,2.4101658163257227,5.6205000000773,203.45922499973312,211.48989081613615,one shared preloaded model
conv-49-qa-134,lalm,2.4101658163257227,6.807699999626493,203.45922499973312,212.67709081568535,one shared preloaded model
conv-49-qa-135,lalm,2.4101658163257227,6.1617999999725726,203.45922499973312,212.03119081603143,one shared preloaded model
conv-49-qa-136,lalm,2.4101658163257227,6.795399998736684,234.9050249999891,244.11059081505152,one shared preloaded model
conv-49-qa-137,lalm,2.4101658163257227,9.62489999983518,234.9050249999891,246.94009081615002,one shared preloaded model
conv-49-qa-138,lalm,2.4101658163257227,9.474099999351893,234.9050249999891,246.78929081566673,one shared preloaded model
conv-49-qa-139,lalm,2.4101658163257227,5.17750000108208,234.9050249999891,242.49269081739692,one shared preloaded model
conv-49-qa-140,lalm,2.4101658163257227,6.83509999907983,146.41165000011824,155.6569158155238,one shared preloaded model
conv-49-qa-141,lalm,2.4101658163257227,10.128600000825827,146.41165000011824,158.9504158172698,one shared preloaded model
conv-49-qa-142,lalm,2.4101658163257227,10.197800000241841,146.41165000011824,159.0196158166858,one shared preloaded model
conv-49-qa-143,lalm,2.4101658163257227,9.323800000856863,146.41165000011824,158.14561581730084,one shared preloaded model
conv-49-qa-144,lalm,2.4101658163257227,9.123199999521603,250.4249250000612,261.9582908159085,one shared preloaded model
conv-49-qa-145,lalm,2.4101658163257227,9.941199999957462,250.4249250000612,262.7762908163444,one shared preloaded model
conv-49-qa-146,lalm,2.4101658163257227,10.115099999893573,250.4249250000612,262.9501908162805,one shared preloaded model
conv-49-qa-147,lalm,2.4101658163257227,9.487100000114879,250.4249250000612,262.3221908165018,one shared preloaded model
conv-49-qa-148,lalm,2.4101658163257227,6.342599999697995,102.28407499971581,111.03684081573954,one shared preloaded model
conv-49-qa-149,lalm,2.4101658163257227,9.676200001194957,102.28407499971581,114.3704408172365,one shared preloaded model
conv-49-qa-150,lalm,2.4101658163257227,7.080800000039744,102.28407499971581,111.77504081608129,one shared preloaded model
conv-49-qa-151,lalm,2.4101658163257227,6.2670000006619375,102.28407499971581,110.96124081670348,one shared preloaded model
conv-49-qa-152,lalm,2.4101658163257227,5.855299999893759,249.7086999997009,257.9741658159204,one shared preloaded model
conv-49-qa-153,lalm,2.4101658163257227,5.611099999441649,249.7086999997009,257.7299658154683,one shared preloaded model
conv-49-qa-154,lalm,2.4101658163257227,6.106000000727363,249.7086999997009,258.224865816754,one shared preloaded model
conv-49-qa-155,lalm,2.4101658163257227,7.809900000211201,249.7086999997009,259.92876581623784,one shared preloaded model
conv-49-qa-156,lalm,2.4101658163257227,11.273599999185535,112.6347250001345,126.31849081564576,one shared preloaded model
conv-49-qa-157,lalm,2.4101658163257227,9.438600000066799,112.6347250001345,124.48349081652702,one shared preloaded model
conv-49-qa-158,lalm,2.4101658163257227,7.377799998721457,112.6347250001345,122.42269081518168,one shared preloaded model
conv-49-qa-159,lalm,2.4101658163257227,7.4434999987715855,112.6347250001345,122.48839081523181,one shared preloaded model
conv-49-qa-160,lalm,2.4101658163257227,5.891100001463201,163.62800000024436,171.9292658180333,one shared preloaded model
conv-49-qa-161,lalm,2.4101658163257227,5.958800000371411,163.62800000024436,171.9969658169415,one shared preloaded model
conv-49-qa-162,lalm,2.4101658163257227,6.798599999456201,163.62800000024436,172.8367658160263,one shared preloaded model
conv-49-qa-163,lalm,2.4101658163257227,9.856199998466764,163.62800000024436,175.89436581503685,one shared preloaded model
conv-49-qa-164,lalm,2.4101658163257227,6.405599999197875,107.56304999995336,116.37881581547697,one shared preloaded model
conv-49-qa-165,lalm,2.4101658163257227,9.637999999540625,107.56304999995336,119.61121581581972,one shared preloaded model
conv-49-qa-166,lalm,2.4101658163257227,10.734299999967334,107.56304999995336,120.70751581624643,one shared preloaded model
conv-49-qa-167,lalm,2.4101658163257227,9.410500000740285,107.56304999995336,119.38371581701938,one shared preloaded model
conv-49-qa-168,lalm,2.4101658163257227,6.7078000010951655,113.78105000039795,122.89901581781885,one shared preloaded model
conv-49-qa-169,lalm,2.4101658163257227,10.485499999049352,113.78105000039795,126.67671581577304,one shared preloaded model
conv-49-qa-170,lalm,2.4101658163257227,10.09140000132902,113.78105000039795,126.2826158180527,one shared preloaded model
conv-49-qa-171,lalm,2.4101658163257227,9.454799999730312,113.78105000039795,125.646015816454,one shared preloaded model
conv-49-qa-172,lalm,2.4101658163257227,6.604599999263883,78.72002499971131,87.73479081530093,one shared preloaded model
conv-49-qa-173,lalm,2.4101658163257227,10.586399999738205,78.72002499971131,91.71659081577525,one shared preloaded model
conv-49-qa-174,lalm,2.4101658163257227,9.528399999908288,78.72002499971131,90.65859081594533,one shared preloaded model
conv-49-qa-175,lalm,2.4101658163257227,9.325500001068576,78.72002499971131,90.45569081710562,one shared preloaded model
conv-49-qa-176,lalm,2.4101658163257227,6.442300000344403,89.947050000319,98.79951581698913,one shared preloaded model
conv-49-qa-177,lalm,2.4101658163257227,9.562400000504567,89.947050000319,101.91961581714929,one shared preloaded model
conv-49-qa-178,lalm,2.4101658163257227,10.632800000166753,89.947050000319,102.99001581681148,one shared preloaded model
conv-49-qa-179,lalm,2.4101658163257227,9.478500000113854,89.947050000319,101.83571581675858,one shared preloaded model
conv-49-qa-180,lalm,2.4101658163257227,6.869999999253196,178.06860000018787,187.3487658157668,one shared preloaded model
conv-49-qa-181,lalm,2.4101658163257227,9.879500001261476,178.06860000018787,190.35826581777508,one shared preloaded model
conv-49-qa-182,lalm,2.4101658163257227,9.709600000860519,178.06860000018787,190.18836581737412,one shared preloaded model
conv-49-qa-183,lalm,2.4101658163257227,10.030100000221864,178.06860000018787,190.50886581673547,one shared preloaded model
conv-49-qa-184,lalm,2.4101658163257227,7.296800000403891,170.772025000133,180.47899081686262,one shared preloaded model
conv-49-qa-185,lalm,2.4101658163257227,9.581699998307158,170.772025000133,182.7638908147659,one shared preloaded model
conv-49-qa-186,lalm,2.4101658163257227,9.91020000037679,170.772025000133,183.09239081683552,one shared preloaded model
conv-49-qa-187,lalm,2.4101658163257227,10.1593999988836,170.772025000133,183.34159081534233,one shared preloaded model
conv-49-qa-188,lalm,2.4101658163257227,6.954200000109267,84.43125000030705,93.79561581674204,one shared preloaded model
conv-49-qa-189,lalm,2.4101658163257227,10.345000000597793,84.43125000030705,97.18641581723057,one shared preloaded model
conv-49-qa-190,lalm,2.4101658163257227,9.602199999790173,84.43125000030705,96.44361581642295,one shared preloaded model
conv-49-qa-191,lalm,2.4101658163257227,10.06989999950747,84.43125000030705,96.91131581614025,one shared preloaded model
conv-49-qa-192,lalm,2.4101658163257227,9.232200000042212,182.0903749999161,193.73274081628404,one shared preloaded model
conv-49-qa-193,lalm,2.4101658163257227,5.689800000254763,182.0903749999161,190.1903408164966,one shared preloaded model
conv-49-qa-194,lalm,2.4101658163257227,6.400599999324186,182.0903749999161,190.901140815566,one shared preloaded model
conv-49-qa-195,lalm,2.4101658163257227,6.892600000355742,182.0903749999161,191.39314081659757,one shared preloaded model
conv-50-qa-0,lalm,3.1388725490204723,7.711600001130137,118.29325000007884,129.14372255022946,one shared preloaded model
conv-50-qa-1,lalm,3.1388725490204723,5.276100000628503,118.29325000007884,126.70822254972782,one shared preloaded model
conv-50-qa-2,lalm,3.1388725490204723,5.351499999960652,118.29325000007884,126.78362254905997,one shared preloaded model
conv-50-qa-3,lalm,3.1388725490204723,7.745799999611336,118.29325000007884,129.17792254871065,one shared preloaded model
conv-50-qa-4,lalm,3.1388725490204723,6.743300000380259,122.01737500026866,131.8995475496694,one shared preloaded model
conv-50-qa-5,lalm,3.1388725490204723,6.512199999633594,122.01737500026866,131.66844754892273,one shared preloaded model
conv-50-qa-6,lalm,3.1388725490204723,6.575000001248554,122.01737500026866,131.7312475505377,one shared preloaded model
conv-50-qa-7,lalm,3.1388725490204723,8.915500000512111,122.01737500026866,134.07174754980124,one shared preloaded model
conv-50-qa-8,lalm,3.1388725490204723,6.599300000743824,114.72825000009834,124.46642254986264,one shared preloaded model
conv-50-qa-9,lalm,3.1388725490204723,10.044500000731205,114.72825000009834,127.91162254985002,one shared preloaded model
conv-50-qa-10,lalm,3.1388725490204723,10.737200000221492,114.72825000009834,128.6043225493403,one shared preloaded model
conv-50-qa-11,lalm,3.1388725490204723,9.241499999916414,114.72825000009834,127.10862254903523,one shared preloaded model
conv-50-qa-12,lalm,3.1388725490204723,6.716300000334741,188.10412500033635,197.95929754969157,one shared preloaded model
conv-50-qa-13,lalm,3.1388725490204723,10.1619999986724,188.10412500033635,201.40499754802923,one shared preloaded model
conv-50-qa-14,lalm,3.1388725490204723,9.480900000198744,188.10412500033635,200.72389754955557,one shared preloaded model
conv-50-qa-15,lalm,3.1388725490204723,6.450799999583978,188.10412500033635,197.6937975489408,one shared preloaded model
conv-50-qa-16,lalm,3.1388725490204723,6.495999999970081,209.58817500013538,219.22304754912594,one shared preloaded model
conv-50-qa-17,lalm,3.1388725490204723,9.661399999458808,209.58817500013538,222.38844754861466,one shared preloaded model
conv-50-qa-18,lalm,3.1388725490204723,9.55919999978505,209.58817500013538,222.2862475489409,one shared preloaded model
conv-50-qa-19,lalm,3.1388725490204723,9.523300001092139,209.58817500013538,222.250347550248,one shared preloaded model
conv-50-qa-20,lalm,3.1388725490204723,6.039300000338699,148.46110000007684,157.63927254943601,one shared preloaded model
conv-50-qa-21,lalm,3.1388725490204723,6.519999998999992,148.46110000007684,158.1199725480973,one shared preloaded model
conv-50-qa-22,lalm,3.1388725490204723,6.240299999262788,148.46110000007684,157.8402725483601,one shared preloaded model
conv-50-qa-23,lalm,3.1388725490204723,5.997300000672112,148.46110000007684,157.59727254976943,one shared preloaded model
conv-50-qa-24,lalm,3.1388725490204723,6.926199999725213,160.10852499994144,170.17359754868713,one shared preloaded model
conv-50-qa-25,lalm,3.1388725490204723,9.657000000515836,160.10852499994144,172.90439754947775,one shared preloaded model
conv-50-qa-26,lalm,3.1388725490204723,9.528999999020016,160.10852499994144,172.77639754798193,one shared preloaded model
conv-50-qa-27,lalm,3.1388725490204723,9.53759999902104,160.10852499994144,172.78499754798295,one shared preloaded model
conv-50-qa-28,lalm,3.1388725490204723,10.88779999918188,136.57530000000406,150.60197254820642,one shared preloaded model
conv-50-qa-29,lalm,3.1388725490204723,9.731800000736257,136.57530000000406,149.4459725497608,one shared preloaded model
conv-50-qa-30,lalm,3.1388725490204723,9.220199999617762,136.57530000000406,148.9343725486423,one shared preloaded model
conv-50-qa-31,lalm,3.1388725490204723,9.526199999527307,136.57530000000406,149.24037254855185,one shared preloaded model
conv-50-qa-32,lalm,3.1388725490204723,6.7490999990695855,124.47264999991603,134.3606225480061,one shared preloaded model
conv-50-qa-33,lalm,3.1388725490204723,5.895399999644724,124.47264999991603,133.50692254858123,one shared preloaded model
conv-50-qa-34,lalm,3.1388725490204723,6.9435000004887115,124.47264999991603,134.55502254942522,one shared preloaded model
conv-50-qa-35,lalm,3.1388725490204723,6.9777000007889,124.47264999991603,134.5892225497254,one shared preloaded model
conv-50-qa-36,lalm,3.1388725490204723,9.265900000173133,114.55167500025709,126.9564475494507,one shared preloaded model
conv-50-qa-37,lalm,3.1388725490204723,9.773100000529666,114.55167500025709,127.46364754980723,one shared preloaded model
conv-50-qa-38,lalm,3.1388725490204723,9.588000000803731,114.55167500025709,127.2785475500813,one shared preloaded model
conv-50-qa-39,lalm,3.1388725490204723,10.075399999550427,114.55167500025709,127.765947548828,one shared preloaded model
conv-50-qa-40,lalm,3.1388725490204723,6.454500000472763,97.72892499995578,107.32229754944902,one shared preloaded model
conv-50-qa-41,lalm,3.1388725490204723,5.581299999903422,97.72892499995578,106.44909754887968,one shared preloaded model
conv-50-qa-42,lalm,3.1388725490204723,6.4603000009810785,97.72892499995578,107.32809754995733,one shared preloaded model
conv-50-qa-43,lalm,3.1388725490204723,6.441300000005867,97.72892499995578,107.30909754898212,one shared preloaded model
conv-50-qa-44,lalm,3.1388725490204723,6.935099998372607,157.1031500002391,167.1771225476322,one shared preloaded model
conv-50-qa-45,lalm,3.1388725490204723,10.585799998807488,157.1031500002391,170.82782254806708,one shared preloaded model
conv-50-qa-46,lalm,3.1388725490204723,10.148200000912766,157.1031500002391,170.39022255017235,one shared preloaded model
conv-50-qa-47,lalm,3.1388725490204723,11.184800001501571,157.1031500002391,171.42682255076116,one shared preloaded model
conv-50-qa-48,lalm,3.1388725490204723,7.262299999638344,140.436525000041,150.83769754869982,one shared preloaded model
conv-50-qa-49,lalm,3.1388725490204723,10.50059999943187,140.436525000041,154.07599754849335,one shared preloaded model
conv-50-qa-50,lalm,3.1388725490204723,9.551199998895754,140.436525000041,153.12659754795723,one shared preloaded model
conv-50-qa-51,lalm,3.1388725490204723,9.15500000155589,140.436525000041,152.73039755061737,one shared preloaded model
conv-50-qa-52,lalm,3.1388725490204723,6.22299999849929,157.719625000027,167.08149754754677,one shared preloaded model
conv-50-qa-53,lalm,3.1388725490204723,5.827599999975064,157.719625000027,166.68609754902255,one shared preloaded model
conv-50-qa-54,lalm,3.1388725490204723,5.25279999965278,157.719625000027,166.11129754870026,one shared preloaded model
conv-50-qa-55,lalm,3.1388725490204723,5.505999999513733,157.719625000027,166.36449754856122,one shared preloaded model
conv-50-qa-56,lalm,3.1388725490204723,6.008599999404396,444.83037500003775,453.9778475484626,one shared preloaded model
conv-50-qa-57,lalm,3.1388725490204723,5.375999999159831,444.83037500003775,453.345247548218,one shared preloaded model
conv-50-qa-58,lalm,3.1388725490204723,5.648000000292086,444.83037500003775,453.6172475493503,one shared preloaded model
conv-50-qa-59,lalm,3.1388725490204723,6.331300000965712,444.83037500003775,454.3005475500239,one shared preloaded model
conv-50-qa-60,lalm,3.1388725490204723,6.490199999461765,206.07047499970577,215.699547548188,one shared preloaded model
conv-50-qa-61,lalm,3.1388725490204723,9.576700000252458,206.07047499970577,218.7860475489787,one shared preloaded model
conv-50-qa-62,lalm,3.1388725490204723,9.563400000843103,206.07047499970577,218.77274754956935,one shared preloaded model
conv-50-qa-63,lalm,3.1388725490204723,9.475999999267515,206.07047499970577,218.68534754799376,one shared preloaded model
conv-50-qa-64,lalm,3.1388725490204723,8.246999999755644,174.17319999958636,185.55907254836248,one shared preloaded model
conv-50-qa-65,lalm,3.1388725490204723,9.77009999951406,174.17319999958636,187.0821725481209,one shared preloaded model
conv-50-qa-66,lalm,3.1388725490204723,5.904200001168647,174.17319999958636,183.21627254977548,one shared preloaded model
conv-50-qa-67,lalm,3.1388725490204723,5.126299998664763,174.17319999958636,182.4383725472716,one shared preloaded model
conv-50-qa-68,lalm,3.1388725490204723,6.597400000828202,253.25694999992265,262.9932225497713,one shared preloaded model
conv-50-qa-69,lalm,3.1388725490204723,5.4674000002705725,253.25694999992265,261.8632225492137,one shared preloaded model
conv-50-qa-70,lalm,3.1388725490204723,6.669500000498374,253.25694999992265,263.0653225494415,one shared preloaded model
conv-50-qa-71,lalm,3.1388725490204723,6.122500000856235,253.25694999992265,262.51832254979934,one shared preloaded model
conv-50-qa-72,lalm,3.1388725490204723,9.30789999983972,98.07769999997618,110.52447254883637,one shared preloaded model
conv-50-qa-73,lalm,3.1388725490204723,9.971299999961047,98.07769999997618,111.1878725489577,one shared preloaded model
conv-50-qa-74,lalm,3.1388725490204723,9.643400000641122,98.07769999997618,110.85997254963777,one shared preloaded model
conv-50-qa-75,lalm,3.1388725490204723,9.916799999700743,98.07769999997618,111.1333725486974,one shared preloaded model
conv-50-qa-76,lalm,3.1388725490204723,6.539399999383022,240.48820000007254,250.16647254847604,one shared preloaded model
conv-50-qa-77,lalm,3.1388725490204723,5.800200000521727,240.48820000007254,249.42727254961474,one shared preloaded model
conv-50-qa-78,lalm,3.1388725490204723,6.9166000012046425,240.48820000007254,250.54367255029766,one shared preloaded model
conv-50-qa-79,lalm,3.1388725490204723,9.776199998668744,240.48820000007254,253.40327254776176,one shared preloaded model
conv-50-qa-80,lalm,3.1388725490204723,6.265400001211674,117.2337250000055,126.63799755023766,one shared preloaded model
conv-50-qa-81,lalm,3.1388725490204723,6.6936000002897345,117.2337250000055,127.06619754931572,one shared preloaded model
conv-50-qa-82,lalm,3.1388725490204723,6.4443999999639345,117.2337250000055,126.81699754898992,one shared preloaded model
conv-50-qa-83,lalm,3.1388725490204723,6.613899999138084,117.2337250000055,126.98649754816407,one shared preloaded model
conv-50-qa-84,lalm,3.1388725490204723,6.536799999594223,232.73305000020628,242.40872254882098,one shared preloaded model
conv-50-qa-85,lalm,3.1388725490204723,9.678700000222307,232.73305000020628,245.55062254944906,one shared preloaded model
conv-50-qa-86,lalm,3.1388725490204723,10.572299999694224,232.73305000020628,246.44422254892098,one shared preloaded model
conv-50-qa-87,lalm,3.1388725490204723,10.168000000703614,232.73305000020628,246.03992254993037,one shared preloaded model
conv-50-qa-88,lalm,3.1388725490204723,7.044199999654666,147.03907500006608,157.22214754874122,one shared preloaded model
conv-50-qa-89,lalm,3.1388725490204723,9.775599999557016,147.03907500006608,159.95354754864357,one shared preloaded model
conv-50-qa-90,lalm,3.1388725490204723,9.83030000134022,147.03907500006608,160.00824755042677,one shared preloaded model
conv-50-qa-91,lalm,3.1388725490204723,9.27390000106243,147.03907500006608,159.45184755014898,one shared preloaded model
conv-50-qa-92,lalm,3.1388725490204723,8.068199998888304,165.20312500006185,176.41019754797063,one shared preloaded model
conv-50-qa-93,lalm,3.1388725490204723,9.356700000353158,165.20312500006185,177.69869754943548,one shared preloaded model
conv-50-qa-94,lalm,3.1388725490204723,10.100900000907131,165.20312500006185,178.44289754998945,one shared preloaded model
conv-50-qa-95,lalm,3.1388725490204723,6.726300000082119,165.20312500006185,175.06829754916444,one shared preloaded model
conv-50-qa-96,lalm,3.1388725490204723,6.703099999867845,312.52837500005626,322.37034754894455,one shared preloaded model
conv-50-qa-97,lalm,3.1388725490204723,10.24660000075528,312.52837500005626,325.913847549832,one shared preloaded model
conv-50-qa-98,lalm,3.1388725490204723,10.16400000116846,312.52837500005626,325.83124755024517,one shared preloaded model
conv-50-qa-99,lalm,3.1388725490204723,9.033199999976205,312.52837500005626,324.7004475490529,one shared preloaded model
conv-50-qa-100,lalm,3.1388725490204723,8.438800001385971,261.7175000000316,273.295172550438,one shared preloaded model
conv-50-qa-101,lalm,3.1388725490204723,10.144400001081522,261.7175000000316,275.00077255013355,one shared preloaded model
conv-50-qa-102,lalm,3.1388725490204723,6.4008000008470844,261.7175000000316,271.2571725498991,one shared preloaded model
conv-50-qa-103,lalm,3.1388725490204723,6.04620000012801,261.7175000000316,270.90257254918004,one shared preloaded model
conv-50-qa-104,lalm,3.1388725490204723,6.0880000000906875,210.25890000009895,219.4857725492101,one shared preloaded model
conv-50-qa-105,lalm,3.1388725490204723,5.225199998676544,210.25890000009895,218.62297254779597,one shared preloaded model
conv-50-qa-106,lalm,3.1388725490204723,6.729300001097727,210.25890000009895,220.12707255021715,one shared preloaded model
conv-50-qa-107,lalm,3.1388725490204723,7.170999999289052,210.25890000009895,220.56877254840848,one shared preloaded model
conv-50-qa-108,lalm,3.1388725490204723,7.883399999627727,210.52227499967557,221.54454754832378,one shared preloaded model
conv-50-qa-109,lalm,3.1388725490204723,9.507500000836444,210.52227499967557,223.1686475495325,one shared preloaded model
conv-50-qa-110,lalm,3.1388725490204723,9.583299999576411,210.52227499967557,223.24444754827246,one shared preloaded model
conv-50-qa-111,lalm,3.1388725490204723,9.239799999704701,210.52227499967557,222.90094754840075,one shared preloaded model
conv-50-qa-112,lalm,3.1388725490204723,9.456399999180576,164.4114000000627,177.00667254826377,one shared preloaded model
conv-50-qa-113,lalm,3.1388725490204723,6.018199999743956,164.4114000000627,173.56847254882715,one shared preloaded model
conv-50-qa-114,lalm,3.1388725490204723,6.318499999906635,164.4114000000627,173.86877254898982,one shared preloaded model
conv-50-qa-115,lalm,3.1388725490204723,6.223999998837826,164.4114000000627,173.77427254792102,one shared preloaded model
conv-50-qa-116,lalm,3.1388725490204723,7.81970000025467,182.69269999973403,193.65127254900918,one shared preloaded model
conv-50-qa-117,lalm,3.1388725490204723,9.565899999870453,182.69269999973403,195.39747254862496,one shared preloaded model
conv-50-qa-118,lalm,3.1388725490204723,10.05760000043665,182.69269999973403,195.88917254919116,one shared preloaded model
conv-50-qa-119,lalm,3.1388725490204723,9.389100001499173,182.69269999973403,195.22067255025368,one shared preloaded model
conv-50-qa-120,lalm,3.1388725490204723,6.404699999620789,302.6721249998445,312.21569754848576,one shared preloaded model
conv-50-qa-121,lalm,3.1388725490204723,8.33500000044296,302.6721249998445,314.14599754930794,one shared preloaded model
conv-50-qa-122,lalm,3.1388725490204723,9.706299999379553,302.6721249998445,315.5172975482445,one shared preloaded model
conv-50-qa-123,lalm,3.1388725490204723,8.959099999628961,302.6721249998445,314.77009754849394,one shared preloaded model
conv-50-qa-124,lalm,3.1388725490204723,6.539699999848381,91.29239999992933,100.97097254879819,one shared preloaded model
conv-50-qa-125,lalm,3.1388725490204723,9.347799999886774,91.29239999992933,103.77907254883658,one shared preloaded model
conv-50-qa-126,lalm,3.1388725490204723,7.9519000009895535,91.29239999992933,102.38317254993936,one shared preloaded model
conv-50-qa-127,lalm,3.1388725490204723,5.112000000735861,91.29239999992933,99.54327254968567,one shared preloaded model
conv-50-qa-128,lalm,3.1388725490204723,6.381799999871873,206.69404999989638,216.21472254878873,one shared preloaded model
conv-50-qa-129,lalm,3.1388725490204723,6.144699998912984,206.69404999989638,215.97762254782984,one shared preloaded model
conv-50-qa-130,lalm,3.1388725490204723,5.939000000580563,206.69404999989638,215.77192254949742,one shared preloaded model
conv-50-qa-131,lalm,3.1388725490204723,6.44050000119023,206.69404999989638,216.27342255010709,one shared preloaded model
conv-50-qa-132,lalm,3.1388725490204723,8.172199999535223,428.0785249998189,439.3895975483746,one shared preloaded model
conv-50-qa-133,lalm,3.1388725490204723,9.841199998845696,428.0785249998189,441.05859754768505,one shared preloaded model
conv-50-qa-134,lalm,3.1388725490204723,6.195199999638135,428.0785249998189,437.4125975484775,one shared preloaded model
conv-50-qa-135,lalm,3.1388725490204723,5.956500001047971,428.0785249998189,437.17389754988733,one shared preloaded model
conv-50-qa-136,lalm,3.1388725490204723,8.26009999946109,84.54225000014048,95.94122254862205,one shared preloaded model
conv-50-qa-137,lalm,3.1388725490204723,9.889199998724507,84.54225000014048,97.57032254788547,one shared preloaded model
conv-50-qa-138,lalm,3.1388725490204723,10.19079999969108,84.54225000014048,97.87192254885204,one shared preloaded model
conv-50-qa-139,lalm,3.1388725490204723,9.708100000352715,84.54225000014048,97.38922254951368,one shared preloaded model
conv-50-qa-140,lalm,3.1388725490204723,6.186900000102469,142.1126750001349,151.43844754925786,one shared preloaded model
conv-50-qa-141,lalm,3.1388725490204723,6.207599999470403,142.1126750001349,151.4591475486258,one shared preloaded model
conv-50-qa-142,lalm,3.1388725490204723,6.8627999989985256,142.1126750001349,152.11434754815392,one shared preloaded model
conv-50-qa-143,lalm,3.1388725490204723,5.924600000071223,142.1126750001349,151.1761475492266,one shared preloaded model
conv-50-qa-144,lalm,3.1388725490204723,6.8721999996341765,117.8924000000734,127.90347254872805,one shared preloaded model
conv-50-qa-145,lalm,3.1388725490204723,9.967400001187343,117.8924000000734,130.9986725502812,one shared preloaded model
conv-50-qa-146,lalm,3.1388725490204723,9.739999999510474,117.8924000000734,130.77127254860434,one shared preloaded model
conv-50-qa-147,lalm,3.1388725490204723,9.562000001096749,117.8924000000734,130.59327255019062,one shared preloaded model
conv-50-qa-148,lalm,3.1388725490204723,7.151200001317193,149.4857249999768,159.77579755031448,one shared preloaded model
conv-50-qa-149,lalm,3.1388725490204723,10.635399999955553,149.4857249999768,163.25999754895284,one shared preloaded model
conv-50-qa-150,lalm,3.1388725490204723,9.75280000056955,149.4857249999768,162.37739754956684,one shared preloaded model
conv-50-qa-151,lalm,3.1388725490204723,9.373500000947388,149.4857249999768,161.99809754994467,one shared preloaded model
conv-50-qa-152,lalm,3.1388725490204723,6.410400001186645,124.99657499984096,134.54584755004808,one shared preloaded model
conv-50-qa-153,lalm,3.1388725490204723,10.055000000647851,124.99657499984096,138.1904475495093,one shared preloaded model
conv-50-qa-154,lalm,3.1388725490204723,9.457500000280561,124.99657499984096,137.592947549142,one shared preloaded model
conv-50-qa-155,lalm,3.1388725490204723,9.602300000551622,124.99657499984096,137.73774754941306,one shared preloaded model
conv-50-qa-156,lalm,3.1388725490204723,6.402900000466616,126.35652500011929,135.89829754960638,one shared preloaded model
conv-50-qa-157,lalm,3.1388725490204723,9.5619000003353,126.35652500011929,139.05729754947507,one shared preloaded model
conv-50-qa-158,lalm,3.1388725490204723,10.914899999988847,126.35652500011929,140.41029754912861,one shared preloaded model
conv-50-qa-159,lalm,3.1388725490204723,9.500000000116415,126.35652500011929,138.99539754925618,one shared preloaded model
conv-50-qa-160,lalm,3.1388725490204723,6.9411000004038215,82.04905000002327,92.12902254944757,one shared preloaded model
conv-50-qa-161,lalm,3.1388725490204723,10.116399998878478,82.04905000002327,95.30432254792223,one shared preloaded model
conv-50-qa-162,lalm,3.1388725490204723,8.931399999710266,82.04905000002327,94.11932254875401,one shared preloaded model
conv-50-qa-163,lalm,3.1388725490204723,5.818600000566221,82.04905000002327,91.00652254960997,one shared preloaded model
conv-50-qa-164,lalm,3.1388725490204723,6.699800000205869,122.35455000018192,132.19322254940826,one shared preloaded model
conv-50-qa-165,lalm,3.1388725490204723,9.649899999203626,122.35455000018192,135.14332254840602,one shared preloaded model
conv-50-qa-166,lalm,3.1388725490204723,10.146700000404962,122.35455000018192,135.64012254960736,one shared preloaded model
conv-50-qa-167,lalm,3.1388725490204723,5.296499999531079,122.35455000018192,130.78992254873347,one shared preloaded model
conv-50-qa-168,lalm,3.1388725490204723,6.04370000110066,221.2789000000157,230.46147255013685,one shared preloaded model
conv-50-qa-169,lalm,3.1388725490204723,9.93449999987206,221.2789000000157,234.35227254890825,one shared preloaded model
conv-50-qa-170,lalm,3.1388725490204723,10.247099999105558,221.2789000000157,234.66487254814174,one shared preloaded model
conv-50-qa-171,lalm,3.1388725490204723,9.401400000569993,221.2789000000157,233.81917254960618,one shared preloaded model
conv-50-qa-172,lalm,3.1388725490204723,6.984199999351404,157.54550000019663,167.6685725485685,one shared preloaded model
conv-50-qa-173,lalm,3.1388725490204723,9.717900000396185,157.54550000019663,170.4022725496133,one shared preloaded model
conv-50-qa-174,lalm,3.1388725490204723,9.996999999202671,157.54550000019663,170.68137254841977,one shared preloaded model
conv-50-qa-175,lalm,3.1388725490204723,9.462399999392801,157.54550000019663,170.1467725486099,one shared preloaded model
conv-50-qa-176,lalm,3.1388725490204723,6.5920999986701645,82.27679999981774,92.00777254750838,one shared preloaded model
conv-50-qa-177,lalm,3.1388725490204723,10.305299998435657,82.27679999981774,95.72097254727387,one shared preloaded model
conv-50-qa-178,lalm,3.1388725490204723,10.361000000557397,82.27679999981774,95.77667254939561,one shared preloaded model
conv-50-qa-179,lalm,3.1388725490204723,9.26649999928486,82.27679999981774,94.68217254812308,one shared preloaded model
conv-50-qa-180,lalm,3.1388725490204723,6.547299999510869,162.0181500002218,171.70432254875314,one shared preloaded model
conv-50-qa-181,lalm,3.1388725490204723,10.679900000468479,162.0181500002218,175.83692254971075,one shared preloaded model
conv-50-qa-182,lalm,3.1388725490204723,8.105500000965549,162.0181500002218,173.26252255020782,one shared preloaded model
conv-50-qa-183,lalm,3.1388725490204723,6.391799999619252,162.0181500002218,171.54882254886152,one shared preloaded model
conv-50-qa-184,lalm,3.1388725490204723,5.936199999268865,91.0964250001598,100.17149754844914,one shared preloaded model
conv-50-qa-185,lalm,3.1388725490204723,6.201300000611809,91.0964250001598,100.43659754979208,one shared preloaded model
conv-50-qa-186,lalm,3.1388725490204723,5.756799999289797,91.0964250001598,99.99209754847007,one shared preloaded model
conv-50-qa-187,lalm,3.1388725490204723,5.215299999690615,91.0964250001598,99.45059754887089,one shared preloaded model
conv-50-qa-188,lalm,3.1388725490204723,7.594099999550963,85.85627499996917,96.58924754854061,one shared preloaded model
conv-50-qa-189,lalm,3.1388725490204723,11.005399999703513,85.85627499996917,100.00054754869316,one shared preloaded model
conv-50-qa-190,lalm,3.1388725490204723,9.463700000196695,85.85627499996917,98.45884754918634,one shared preloaded model
conv-50-qa-191,lalm,3.1388725490204723,9.449600000152714,85.85627499996917,98.44474754914236,one shared preloaded model
conv-50-qa-192,lalm,3.1388725490204723,6.316999999398831,82.08607500000653,91.54194754842584,one shared preloaded model
conv-50-qa-193,lalm,3.1388725490204723,10.8899000006204,82.08607500000653,96.11484754964741,one shared preloaded model
conv-50-qa-194,lalm,3.1388725490204723,9.885699999358621,82.08607500000653,95.11064754838563,one shared preloaded model
conv-50-qa-195,lalm,3.1388725490204723,9.284400000979076,82.08607500000653,94.50934755000608,one shared preloaded model
conv-50-qa-196,lalm,3.1388725490204723,6.335399999443325,382.2434499998053,391.7177225482691,one shared preloaded model
conv-50-qa-197,lalm,3.1388725490204723,10.306200001650723,382.2434499998053,395.6885225504765,one shared preloaded model
conv-50-qa-198,lalm,3.1388725490204723,10.080599999128026,382.2434499998053,395.4629225479538,one shared preloaded model
conv-50-qa-199,lalm,3.1388725490204723,9.929899999406189,382.2434499998053,395.31222254823194,one shared preloaded model
conv-50-qa-200,lalm,3.1388725490204723,6.988200000705547,139.15432500016323,149.28139754988925,one shared preloaded model
conv-50-qa-201,lalm,3.1388725490204723,5.6034000008367,139.15432500016323,147.8965975500204,one shared preloaded model
conv-50-qa-202,lalm,3.1388725490204723,8.05190000028233,139.15432500016323,150.34509754946603,one shared preloaded model
conv-50-qa-203,lalm,3.1388725490204723,9.516699999949196,139.15432500016323,151.8098975491329,one shared preloaded model
