example_id,agent,update_ms,read_ms,generation_ms,end_to_end_ms,model_loading_policy
conv-26-qa-0,lexical_only,1.3052457286528751,7.919800002127886,234.98229999950127,244.20734573028201,one shared preloaded model
conv-26-qa-1,lexical_only,1.3052457286528751,4.1519000005791895,234.98229999950127,240.43944572873332,one shared preloaded model
conv-26-qa-2,lexical_only,1.3052457286528751,4.194400000415044,234.98229999950127,240.48194572856917,one shared preloaded model
conv-26-qa-3,lexical_only,1.3052457286528751,4.148100000747945,234.98229999950127,240.43564572890207,one shared preloaded model
conv-26-qa-4,lexical_only,1.3052457286528751,4.71319999996922,174.0900499999043,180.10849572852638,one shared preloaded model
conv-26-qa-5,lexical_only,1.3052457286528751,3.8214999985939357,174.0900499999043,179.2167957271511,one shared preloaded model
conv-26-qa-6,lexical_only,1.3052457286528751,3.5066999989794567,174.0900499999043,178.90199572753662,one shared preloaded model
conv-26-qa-7,lexical_only,1.3052457286528751,3.9789000002201647,174.0900499999043,179.37419572877732,one shared preloaded model
conv-26-qa-8,lexical_only,1.3052457286528751,4.271300000254996,153.71587500067108,159.29242072957894,one shared preloaded model
conv-26-qa-9,lexical_only,1.3052457286528751,4.475599998841062,153.71587500067108,159.496720728165,one shared preloaded model
conv-26-qa-10,lexical_only,1.3052457286528751,4.652499999792781,153.71587500067108,159.67362072911672,one shared preloaded model
conv-26-qa-11,lexical_only,1.3052457286528751,3.6505999996734317,153.71587500067108,158.67172072899737,one shared preloaded model
conv-26-qa-12,lexical_only,1.3052457286528751,5.653700001857942,87.67644999988988,94.6353957304007,one shared preloaded model
conv-26-qa-13,lexical_only,1.3052457286528751,7.382599997072248,87.67644999988988,96.36429572561501,one shared preloaded model
conv-26-qa-14,lexical_only,1.3052457286528751,7.771000000502681,87.67644999988988,96.75269572904544,one shared preloaded model
conv-26-qa-15,lexical_only,1.3052457286528751,4.577800002152799,87.67644999988988,93.55949573069556,one shared preloaded model
conv-26-qa-16,lexical_only,1.3052457286528751,4.451000000699423,226.40735000004497,232.16359572939726,one shared preloaded model
conv-26-qa-17,lexical_only,1.3052457286528751,7.986200002051191,226.40735000004497,235.69879573074903,one shared preloaded model
conv-26-qa-18,lexical_only,1.3052457286528751,7.200199997896561,226.40735000004497,234.9127957265944,one shared preloaded model
conv-26-qa-19,lexical_only,1.3052457286528751,7.276500000443775,226.40735000004497,234.9890957291416,one shared preloaded model
conv-26-qa-20,lexical_only,1.3052457286528751,4.42520000069635,85.41182499993738,91.14227072928661,one shared preloaded model
conv-26-qa-21,lexical_only,1.3052457286528751,7.500899999286048,85.41182499993738,94.2179707278763,one shared preloaded model
conv-26-qa-22,lexical_only,1.3052457286528751,8.130300000630086,85.41182499993738,94.84737072922034,one shared preloaded model
conv-26-qa-23,lexical_only,1.3052457286528751,7.314399997994769,85.41182499993738,94.03147072658503,one shared preloaded model
conv-26-qa-24,lexical_only,1.3052457286528751,4.311900000175228,89.64955000010377,95.26669572893188,one shared preloaded model
conv-26-qa-25,lexical_only,1.3052457286528751,6.23980000091251,89.64955000010377,97.19459572966916,one shared preloaded model
conv-26-qa-26,lexical_only,1.3052457286528751,7.144300001527881,89.64955000010377,98.09909573028453,one shared preloaded model
conv-26-qa-27,lexical_only,1.3052457286528751,7.540700000390643,89.64955000010377,98.4954957291473,one shared preloaded model
conv-26-qa-28,lexical_only,1.3052457286528751,4.5678999995288905,178.01882500043575,183.8919707286175,one shared preloaded model
conv-26-qa-29,lexical_only,1.3052457286528751,7.675000000745058,178.01882500043575,186.99907072983368,one shared preloaded model
conv-26-qa-30,lexical_only,1.3052457286528751,7.120499998563901,178.01882500043575,186.44457072765252,one shared preloaded model
conv-26-qa-31,lexical_only,1.3052457286528751,7.188300001871539,178.01882500043575,186.51237073096016,one shared preloaded model
conv-26-qa-32,lexical_only,1.3052457286528751,4.389699999592267,116.14057499991759,121.83552072816273,one shared preloaded model
conv-26-qa-33,lexical_only,1.3052457286528751,3.8926999986870214,116.14057499991759,121.33852072725749,one shared preloaded model
conv-26-qa-34,lexical_only,1.3052457286528751,3.6742000011145137,116.14057499991759,121.12002072968498,one shared preloaded model
conv-26-qa-35,lexical_only,1.3052457286528751,4.305099999328377,116.14057499991759,121.75092072789884,one shared preloaded model
conv-26-qa-36,lexical_only,1.3052457286528751,4.181599997536978,151.46797499983222,156.95482072602206,one shared preloaded model
conv-26-qa-37,lexical_only,1.3052457286528751,7.349799998337403,151.46797499983222,160.1230207268225,one shared preloaded model
conv-26-qa-38,lexical_only,1.3052457286528751,7.290499997907318,151.46797499983222,160.0637207263924,one shared preloaded model
conv-26-qa-39,lexical_only,1.3052457286528751,7.222799998999108,151.46797499983222,159.9960207274842,one shared preloaded model
conv-26-qa-40,lexical_only,1.3052457286528751,4.356500001449604,86.62914999968052,92.290895729783,one shared preloaded model
conv-26-qa-41,lexical_only,1.3052457286528751,4.086799999640789,86.62914999968052,92.02119572797419,one shared preloaded model
conv-26-qa-42,lexical_only,1.3052457286528751,5.044800000177929,86.62914999968052,92.97919572851133,one shared preloaded model
conv-26-qa-43,lexical_only,1.3052457286528751,4.537700002401834,86.62914999968052,92.47209573073523,one shared preloaded model
conv-26-qa-44,lexical_only,1.3052457286528751,4.296300001442432,163.22142500030168,168.82297073039697,one shared preloaded model
conv-26-qa-45,lexical_only,1.3052457286528751,3.575899998395471,163.22142500030168,168.10257072735,one shared preloaded model
conv-26-qa-46,lexical_only,1.3052457286528751,3.555499999492895,163.22142500030168,168.08217072844744,one shared preloaded model
conv-26-qa-47,lexical_only,1.3052457286528751,3.5213000010116957,163.22142500030168,168.04797072996624,one shared preloaded model
conv-26-qa-48,lexical_only,1.3052457286528751,4.744499998196261,260.2749500001664,266.3246957270156,one shared preloaded model
conv-26-qa-49,lexical_only,1.3052457286528751,4.578399999445537,260.2749500001664,266.15859572826486,one shared preloaded model
conv-26-qa-50,lexical_only,1.3052457286528751,4.269600001862273,260.2749500001664,265.8497957306816,one shared preloaded model
conv-26-qa-51,lexical_only,1.3052457286528751,4.195700003037928,260.2749500001664,265.77589573185725,one shared preloaded model
conv-26-qa-52,lexical_only,1.3052457286528751,5.501299998286413,165.45392500029266,172.26047072723193,one shared preloaded model
conv-26-qa-53,lexical_only,1.3052457286528751,7.546199998614611,165.45392500029266,174.30537072756013,one shared preloaded model
conv-26-qa-54,lexical_only,1.3052457286528751,7.354800000030082,165.45392500029266,174.1139707289756,one shared preloaded model
conv-26-qa-55,lexical_only,1.3052457286528751,7.304200000362471,165.45392500029266,174.063370729308,one shared preloaded model
conv-26-qa-56,lexical_only,1.3052457286528751,4.243600000336301,122.01269999968645,127.56154572867563,one shared preloaded model
conv-26-qa-57,lexical_only,1.3052457286528751,7.471600001736078,122.01269999968645,130.7895457300754,one shared preloaded model
conv-26-qa-58,lexical_only,1.3052457286528751,7.502199998270953,122.01269999968645,130.82014572661026,one shared preloaded model
conv-26-qa-59,lexical_only,1.3052457286528751,7.209199997305404,122.01269999968645,130.52714572564471,one shared preloaded model
conv-26-qa-60,lexical_only,1.3052457286528751,6.394500000169501,134.49952499922802,142.19927072805038,one shared preloaded model
conv-26-qa-61,lexical_only,1.3052457286528751,7.6942000014241785,134.49952499922802,143.49897072930506,one shared preloaded model
conv-26-qa-62,lexical_only,1.3052457286528751,7.386700002825819,134.49952499922802,143.1914707307067,one shared preloaded model
conv-26-qa-63,lexical_only,1.3052457286528751,7.164400001784088,134.49952499922802,142.96917072966497,one shared preloaded model
conv-26-qa-64,lexical_only,1.3052457286528751,4.632200001651654,88.35807500054216,94.29552073084669,one shared preloaded model
conv-26-qa-65,lexical_only,1.3052457286528751,6.596600000193575,88.35807500054216,96.25992072938861,one shared preloaded model
conv-26-qa-66,lexical_only,1.3052457286528751,5.3529999968304764,88.35807500054216,95.01632072602551,one shared preloaded model
conv-26-qa-67,lexical_only,1.3052457286528751,4.179800002020784,88.35807500054216,93.84312073121582,one shared preloaded model
conv-26-qa-68,lexical_only,1.3052457286528751,4.167899998719804,98.2034750004459,103.67662072781859,one shared preloaded model
conv-26-qa-69,lexical_only,1.3052457286528751,7.728799999313196,98.2034750004459,107.23752072841198,one shared preloaded model
conv-26-qa-70,lexical_only,1.3052457286528751,7.27059999917401,98.2034750004459,106.7793207282728,one shared preloaded model
conv-26-qa-71,lexical_only,1.3052457286528751,7.231499999761581,98.2034750004459,106.74022072886036,one shared preloaded model
conv-26-qa-72,lexical_only,1.3052457286528751,6.892500001413282,79.36677499947109,87.56452072953725,one shared preloaded model
conv-26-qa-73,lexical_only,1.3052457286528751,7.520700000895886,79.36677499947109,88.19272072901985,one shared preloaded model
conv-26-qa-74,lexical_only,1.3052457286528751,7.449799999449169,79.36677499947109,88.12182072757314,one shared preloaded model
conv-26-qa-75,lexical_only,1.3052457286528751,7.201599997642916,79.36677499947109,87.87362072576688,one shared preloaded model
conv-26-qa-76,lexical_only,1.3052457286528751,4.428599997481797,169.14437499963242,174.87822072576708,one shared preloaded model
conv-26-qa-77,lexical_only,1.3052457286528751,7.362100001046201,169.14437499963242,177.81172072933148,one shared preloaded model
conv-26-qa-78,lexical_only,1.3052457286528751,7.302799996978138,169.14437499963242,177.75242072526342,one shared preloaded model
conv-26-qa-79,lexical_only,1.3052457286528751,7.383799998933682,169.14437499963242,177.83342072721896,one shared preloaded model
conv-26-qa-80,lexical_only,1.3052457286528751,4.621699998097029,224.47172500051238,230.39867072726227,one shared preloaded model
conv-26-qa-81,lexical_only,1.3052457286528751,3.713399997650413,224.47172500051238,229.49037072681566,one shared preloaded model
conv-26-qa-82,lexical_only,1.3052457286528751,3.629999999247957,224.47172500051238,229.4069707284132,one shared preloaded model
conv-26-qa-83,lexical_only,1.3052457286528751,3.78640000053565,224.47172500051238,229.5633707297009,one shared preloaded model
conv-26-qa-84,lexical_only,1.3052457286528751,4.762100001244107,148.1775000002017,154.24484573009866,one shared preloaded model
conv-26-qa-85,lexical_only,1.3052457286528751,7.424600000376813,148.1775000002017,156.90734572923137,one shared preloaded model
conv-26-qa-86,lexical_only,1.3052457286528751,7.434099999954924,148.1775000002017,156.91684572880948,one shared preloaded model
conv-26-qa-87,lexical_only,1.3052457286528751,7.372000000032131,148.1775000002017,156.85474572888668,one shared preloaded model
conv-26-qa-88,lexical_only,1.3052457286528751,4.386000000522472,94.76457499931712,100.45582072849247,one shared preloaded model
conv-26-qa-89,lexical_only,1.3052457286528751,7.3721999979170505,94.76457499931712,103.44202072588705,one shared preloaded model
conv-26-qa-90,lexical_only,1.3052457286528751,7.237699999677716,94.76457499931712,103.30752072764771,one shared preloaded model
conv-26-qa-91,lexical_only,1.3052457286528751,7.555199998023454,94.76457499931712,103.62502072599345,one shared preloaded model
conv-26-qa-92,lexical_only,1.3052457286528751,4.566100000374718,249.4672000002538,255.33854572928138,one shared preloaded model
conv-26-qa-93,lexical_only,1.3052457286528751,4.619499999535037,249.4672000002538,255.3919457284417,one shared preloaded model
conv-26-qa-94,lexical_only,1.3052457286528751,7.845100000849925,249.4672000002538,258.6175457297566,one shared preloaded model
conv-26-qa-95,lexical_only,1.3052457286528751,7.315799997741124,249.4672000002538,258.0882457266478,one shared preloaded model
conv-26-qa-96,lexical_only,1.3052457286528751,4.358999998657964,260.0137999997969,265.67804572710776,one shared preloaded model
conv-26-qa-97,lexical_only,1.3052457286528751,7.514400000218302,260.0137999997969,268.8334457286681,one shared preloaded model
conv-26-qa-98,lexical_only,1.3052457286528751,5.006899998988956,260.0137999997969,266.32594572743875,one shared preloaded model
conv-26-qa-99,lexical_only,1.3052457286528751,4.291900000680471,260.0137999997969,265.61094572913026,one shared preloaded model
conv-26-qa-100,lexical_only,1.3052457286528751,4.361399998742854,180.10107500049344,185.76772072788916,one shared preloaded model
conv-26-qa-101,lexical_only,1.3052457286528751,3.700000001117587,180.10107500049344,185.1063207302639,one shared preloaded model
conv-26-qa-102,lexical_only,1.3052457286528751,4.243999999744119,180.10107500049344,185.65032072889042,one shared preloaded model
conv-26-qa-103,lexical_only,1.3052457286528751,4.227000001264969,180.10107500049344,185.63332073041127,one shared preloaded model
conv-26-qa-104,lexical_only,1.3052457286528751,4.36479999916628,189.1577749993303,194.82782072714943,one shared preloaded model
conv-26-qa-105,lexical_only,1.3052457286528751,5.1098000003548805,189.1577749993303,195.57282072833803,one shared preloaded model
conv-26-qa-106,lexical_only,1.3052457286528751,7.363400000031106,189.1577749993303,197.82642072801426,one shared preloaded model
conv-26-qa-107,lexical_only,1.3052457286528751,7.3554999980842695,189.1577749993303,197.81852072606742,one shared preloaded model
conv-26-qa-108,lexical_only,1.3052457286528751,5.285199997160817,97.23117500016087,103.82162072597457,one shared preloaded model
conv-26-qa-109,lexical_only,1.3052457286528751,7.3105000010400545,97.23117500016087,105.8469207298538,one shared preloaded model
conv-26-qa-110,lexical_only,1.3052457286528751,7.164499998907559,97.23117500016087,105.70092072772131,one shared preloaded model
conv-26-qa-111,lexical_only,1.3052457286528751,7.764699999825098,97.23117500016087,106.30112072863885,one shared preloaded model
conv-26-qa-112,lexical_only,1.3052457286528751,4.63310000122874,327.46182499977294,333.4001707296546,one shared preloaded model
conv-26-qa-113,lexical_only,1.3052457286528751,3.5700000007636845,327.46182499977294,332.3370707291895,one shared preloaded model
conv-26-qa-114,lexical_only,1.3052457286528751,3.6990000007790513,327.46182499977294,332.4660707292049,one shared preloaded model
conv-26-qa-115,lexical_only,1.3052457286528751,3.6481999995885417,327.46182499977294,332.4152707280144,one shared preloaded model
conv-26-qa-116,lexical_only,1.3052457286528751,4.499999999097781,251.16827500005456,256.97352072780524,one shared preloaded model
conv-26-qa-117,lexical_only,1.3052457286528751,7.704799998464296,251.16827500005456,260.17832072717175,one shared preloaded model
conv-26-qa-118,lexical_only,1.3052457286528751,7.261400001880247,251.16827500005456,259.7349207305877,one shared preloaded model
conv-26-qa-119,lexical_only,1.3052457286528751,7.20759999967413,251.16827500005456,259.6811207283816,one shared preloaded model
conv-26-qa-120,lexical_only,1.3052457286528751,4.280599998310208,88.78705000006448,94.37289572702757,one shared preloaded model
conv-26-qa-121,lexical_only,1.3052457286528751,3.6498000008577947,88.78705000006448,93.74209572957515,one shared preloaded model
conv-26-qa-122,lexical_only,1.3052457286528751,3.4896999968623277,88.78705000006448,93.58199572557969,one shared preloaded model
conv-26-qa-123,lexical_only,1.3052457286528751,4.0140999990399,88.78705000006448,94.10639572775726,one shared preloaded model
conv-26-qa-124,lexical_only,1.3052457286528751,4.185999998298939,85.98669999992126,91.47794572687307,one shared preloaded model
conv-26-qa-125,lexical_only,1.3052457286528751,7.487299997592345,85.98669999992126,94.77924572616648,one shared preloaded model
conv-26-qa-126,lexical_only,1.3052457286528751,7.147700001951307,85.98669999992126,94.43964573052544,one shared preloaded model
conv-26-qa-127,lexical_only,1.3052457286528751,7.129300000087824,85.98669999992126,94.42124572866196,one shared preloaded model
conv-26-qa-128,lexical_only,1.3052457286528751,4.329300001700176,117.15697499948874,122.79152072984179,one shared preloaded model
conv-26-qa-129,lexical_only,1.3052457286528751,7.327100000111386,117.15697499948874,125.789320728253,one shared preloaded model
conv-26-qa-130,lexical_only,1.3052457286528751,7.57789999988745,117.15697499948874,126.04012072802907,one shared preloaded model
conv-26-qa-131,lexical_only,1.3052457286528751,7.277199998497963,117.15697499948874,125.73942072663958,one shared preloaded model
conv-26-qa-132,lexical_only,1.3052457286528751,7.530599999881815,267.686324999886,276.5221707284207,one shared preloaded model
conv-26-qa-133,lexical_only,1.3052457286528751,7.571600002847845,267.686324999886,276.5631707313867,one shared preloaded model
conv-26-qa-134,lexical_only,1.3052457286528751,7.267500001034932,267.686324999886,276.2590707295738,one shared preloaded model
conv-26-qa-135,lexical_only,1.3052457286528751,7.220999999844935,267.686324999886,276.2125707283838,one shared preloaded model
conv-26-qa-136,lexical_only,1.3052457286528751,4.928399997879751,233.55569999966974,239.78934572620236,one shared preloaded model
conv-26-qa-137,lexical_only,1.3052457286528751,7.6139000011608005,233.55569999966974,242.4748457294834,one shared preloaded model
conv-26-qa-138,lexical_only,1.3052457286528751,7.669599999644561,233.55569999966974,242.53054572796717,one shared preloaded model
conv-26-qa-139,lexical_only,1.3052457286528751,7.610600001498824,233.55569999966974,242.47154572982143,one shared preloaded model
conv-26-qa-140,lexical_only,1.3052457286528751,4.6769000000495,262.88860000022396,268.87074572892635,one shared preloaded model
conv-26-qa-141,lexical_only,1.3052457286528751,7.34780000129831,262.88860000022396,271.54164573017516,one shared preloaded model
conv-26-qa-142,lexical_only,1.3052457286528751,7.474699999875156,262.88860000022396,271.668545728752,one shared preloaded model
conv-26-qa-143,lexical_only,1.3052457286528751,7.697099998040358,262.88860000022396,271.8909457269172,one shared preloaded model
conv-26-qa-144,lexical_only,1.3052457286528751,4.687000000558328,199.1974749998917,205.1897207291029,one shared preloaded model
conv-26-qa-145,lexical_only,1.3052457286528751,4.403200000524521,199.1974749998917,204.9059207290691,one shared preloaded model
conv-26-qa-146,lexical_only,1.3052457286528751,4.2697999997471925,199.1974749998917,204.77252072829177,one shared preloaded model
conv-26-qa-147,lexical_only,1.3052457286528751,4.164699999819277,199.1974749998917,204.66742072836385,one shared preloaded model
conv-26-qa-148,lexical_only,1.3052457286528751,4.507199999352451,148.23887500006094,154.05132072806626,one shared preloaded model
conv-26-qa-149,lexical_only,1.3052457286528751,4.565499999444,148.23887500006094,154.1096207281578,one shared preloaded model
conv-26-qa-150,lexical_only,1.3052457286528751,4.323400000430411,148.23887500006094,153.86752072914422,one shared preloaded model
conv-26-qa-151,lexical_only,1.3052457286528751,4.290599998057587,148.23887500006094,153.8347207267714,one shared preloaded model
conv-26-qa-152,lexical_only,1.3052457286528751,4.985599996871315,84.66862500063144,90.95947072615563,one shared preloaded model
conv-26-qa-153,lexical_only,1.3052457286528751,6.836000000475906,84.66862500063144,92.80987072976022,one shared preloaded model
conv-26-qa-154,lexical_only,1.3052457286528751,4.201399999146815,84.66862500063144,90.17527072843113,one shared preloaded model
conv-26-qa-155,lexical_only,1.3052457286528751,4.026599999633618,84.66862500063144,90.00047072891793,one shared preloaded model
conv-26-qa-156,lexical_only,1.3052457286528751,4.400199999508914,221.380500000123,227.08594572828477,one shared preloaded model
conv-26-qa-157,lexical_only,1.3052457286528751,3.8592999990214594,221.380500000123,226.54504572779732,one shared preloaded model
conv-26-qa-158,lexical_only,1.3052457286528751,3.676899999845773,221.380500000123,226.36264572862163,one shared preloaded model
conv-26-qa-159,lexical_only,1.3052457286528751,4.895300000498537,221.380500000123,227.5810457292744,one shared preloaded model
conv-26-qa-160,lexical_only,1.3052457286528751,4.938100002618739,322.2508500002732,328.49419573154483,one shared preloaded model
conv-26-qa-161,lexical_only,1.3052457286528751,3.7236999996821396,322.2508500002732,327.27979572860824,one shared preloaded model
conv-26-qa-162,lexical_only,1.3052457286528751,3.7207999994279817,322.2508500002732,327.2768957283541,one shared preloaded model
conv-26-qa-163,lexical_only,1.3052457286528751,3.7158999984967522,322.2508500002732,327.27199572742285,one shared preloaded model
conv-26-qa-164,lexical_only,1.3052457286528751,4.297000003134599,262.6653499992244,268.2675957310119,one shared preloaded model
conv-26-qa-165,lexical_only,1.3052457286528751,4.595300000801217,262.6653499992244,268.5658957286785,one shared preloaded model
conv-26-qa-166,lexical_only,1.3052457286528751,7.375900000624824,262.6653499992244,271.34649572850213,one shared preloaded model
conv-26-qa-167,lexical_only,1.3052457286528751,4.475199999433244,262.6653499992244,268.44579572731055,one shared preloaded model
conv-26-qa-168,lexical_only,1.3052457286528751,4.388599998492282,258.97175000045536,264.66559572760053,one shared preloaded model
conv-26-qa-169,lexical_only,1.3052457286528751,6.785199999285396,258.97175000045536,267.06219572839365,one shared preloaded model
conv-26-qa-170,lexical_only,1.3052457286528751,5.2651000005425885,258.97175000045536,265.54209572965084,one shared preloaded model
conv-26-qa-171,lexical_only,1.3052457286528751,7.201300002634525,258.97175000045536,267.4782957317428,one shared preloaded model
conv-26-qa-172,lexical_only,1.3052457286528751,4.3374000015319325,107.62137500023528,113.26402073042009,one shared preloaded model
conv-26-qa-173,lexical_only,1.3052457286528751,3.6617000005207956,107.62137500023528,112.58832072940895,one shared preloaded model
conv-26-qa-174,lexical_only,1.3052457286528751,7.457200001226738,107.62137500023528,116.38382073011489,one shared preloaded model
conv-26-qa-175,lexical_only,1.3052457286528751,7.145100000343518,107.62137500023528,116.07172072923167,one shared preloaded model
conv-26-qa-176,lexical_only,1.3052457286528751,4.377499997644918,88.08042500004376,93.76317072634156,one shared preloaded model
conv-26-qa-177,lexical_only,1.3052457286528751,3.588599996874109,88.08042500004376,92.97427072557075,one shared preloaded model
conv-26-qa-178,lexical_only,1.3052457286528751,3.5836999995808583,88.08042500004376,92.9693707282775,one shared preloaded model
conv-26-qa-179,lexical_only,1.3052457286528751,4.803600000741426,88.08042500004376,94.18927072943806,one shared preloaded model
conv-26-qa-180,lexical_only,1.3052457286528751,4.2897000021184795,141.63482500043756,147.2297707312089,one shared preloaded model
conv-26-qa-181,lexical_only,1.3052457286528751,4.066699999384582,141.63482500043756,147.006770728475,one shared preloaded model
conv-26-qa-182,lexical_only,1.3052457286528751,4.741499997180654,141.63482500043756,147.68157072627108,one shared preloaded model
conv-26-qa-183,lexical_only,1.3052457286528751,6.035500002326444,141.63482500043756,148.97557073141687,one shared preloaded model
conv-26-qa-184,lexical_only,1.3052457286528751,6.411999998817919,201.966325000285,209.68357072775578,one shared preloaded model
conv-26-qa-185,lexical_only,1.3052457286528751,7.443700000294484,201.966325000285,210.71527072923234,one shared preloaded model
conv-26-qa-186,lexical_only,1.3052457286528751,7.445299997925758,201.966325000285,210.71687072686362,one shared preloaded model
conv-26-qa-187,lexical_only,1.3052457286528751,6.63669999994454,201.966325000285,209.9082707288824,one shared preloaded model
conv-26-qa-188,lexical_only,1.3052457286528751,6.361399999150308,85.855024999546,93.52167072734919,one shared preloaded model
conv-26-qa-189,lexical_only,1.3052457286528751,3.6451999985729344,85.855024999546,90.80547072677182,one shared preloaded model
conv-26-qa-190,lexical_only,1.3052457286528751,3.526100001181476,85.855024999546,90.68637072938036,one shared preloaded model
conv-26-qa-191,lexical_only,1.3052457286528751,4.101999998965766,85.855024999546,91.26227072716465,one shared preloaded model
conv-26-qa-192,lexical_only,1.3052457286528751,4.074899999977788,164.06917499989504,169.4493207285257,one shared preloaded model
conv-26-qa-193,lexical_only,1.3052457286528751,7.7828999965277035,164.06917499989504,173.1573207250756,one shared preloaded model
conv-26-qa-194,lexical_only,1.3052457286528751,7.232200001453748,164.06917499989504,172.60662073000165,one shared preloaded model
conv-26-qa-195,lexical_only,1.3052457286528751,7.299799999600509,164.06917499989504,172.6742207281484,one shared preloaded model
conv-26-qa-196,lexical_only,1.3052457286528751,4.483900000195717,96.76126666575631,102.5504123946049,one shared preloaded model
conv-26-qa-197,lexical_only,1.3052457286528751,7.435899999109097,96.76126666575631,105.50241239351828,one shared preloaded model
conv-26-qa-198,lexical_only,1.3052457286528751,7.520600000134436,96.76126666575631,105.58711239454362,one shared preloaded model
conv-30-qa-0,lexical_only,1.0610085714212065,7.056200000079116,227.02764999939973,235.14485857090006,one shared preloaded model
conv-30-qa-1,lexical_only,1.0610085714212065,7.061200001771795,227.02764999939973,235.14985857259273,one shared preloaded model
conv-30-qa-2,lexical_only,1.0610085714212065,7.168199997977354,227.02764999939973,235.2568585687983,one shared preloaded model
conv-30-qa-3,lexical_only,1.0610085714212065,7.456999999703839,227.02764999939973,235.54565857052478,one shared preloaded model
conv-30-qa-4,lexical_only,1.0610085714212065,4.116600000998005,298.56999999992695,303.74760857234617,one shared preloaded model
conv-30-qa-5,lexical_only,1.0610085714212065,3.5151000010955613,298.56999999992695,303.1461085724437,one shared preloaded model
conv-30-qa-6,lexical_only,1.0610085714212065,3.9903999968373682,298.56999999992695,303.62140856818553,one shared preloaded model
conv-30-qa-7,lexical_only,1.0610085714212065,4.772000000230037,298.56999999992695,304.4030085715782,one shared preloaded model
conv-30-qa-8,lexical_only,1.0610085714212065,4.391400001622969,113.03674999999203,118.4891585730362,one shared preloaded model
conv-30-qa-9,lexical_only,1.0610085714212065,4.4003999973938335,113.03674999999203,118.49815856880707,one shared preloaded model
conv-30-qa-10,lexical_only,1.0610085714212065,4.285499999241438,113.03674999999203,118.38325857065468,one shared preloaded model
conv-30-qa-11,lexical_only,1.0610085714212065,4.319300001952797,113.03674999999203,118.41705857336603,one shared preloaded model
conv-30-qa-12,lexical_only,1.0610085714212065,4.26329999754671,161.05002500080445,166.37433356977238,one shared preloaded model
conv-30-qa-13,lexical_only,1.0610085714212065,7.313000001886394,161.05002500080445,169.42403357411206,one shared preloaded model
conv-30-qa-14,lexical_only,1.0610085714212065,7.349799998337403,161.05002500080445,169.46083357056307,one shared preloaded model
conv-30-qa-15,lexical_only,1.0610085714212065,7.226100002299063,161.05002500080445,169.33713357452473,one shared preloaded model
conv-30-qa-16,lexical_only,1.0610085714212065,4.599199997755932,142.99109999956272,148.65130856873986,one shared preloaded model
conv-30-qa-17,lexical_only,1.0610085714212065,7.519999999203719,142.99109999956272,151.57210857018765,one shared preloaded model
conv-30-qa-18,lexical_only,1.0610085714212065,7.349899999098852,142.99109999956272,151.40200857008278,one shared preloaded model
conv-30-qa-19,lexical_only,1.0610085714212065,7.197099999757484,142.99109999956272,151.24920857074142,one shared preloaded model
conv-30-qa-20,lexical_only,1.0610085714212065,4.397299999254756,239.41692500011413,244.8752335707901,one shared preloaded model
conv-30-qa-21,lexical_only,1.0610085714212065,7.953299998916918,239.41692500011413,248.43123357045226,one shared preloaded model
conv-30-qa-22,lexical_only,1.0610085714212065,8.309200002258876,239.41692500011413,248.78713357379422,one shared preloaded model
conv-30-qa-23,lexical_only,1.0610085714212065,7.381300001725322,239.41692500011413,247.85923357326067,one shared preloaded model
conv-30-qa-24,lexical_only,1.0610085714212065,4.28499999907217,153.94515000025422,159.2911585707476,one shared preloaded model
conv-30-qa-25,lexical_only,1.0610085714212065,7.724600000074133,153.94515000025422,162.73075857174956,one shared preloaded model
conv-30-qa-26,lexical_only,1.0610085714212065,7.236499997816281,153.94515000025422,162.2426585694917,one shared preloaded model
conv-30-qa-27,lexical_only,1.0610085714212065,7.139599998481572,153.94515000025422,162.145758570157,one shared preloaded model
conv-30-qa-28,lexical_only,1.0610085714212065,4.158400002779672,192.17015000049287,197.38955857469375,one shared preloaded model
conv-30-qa-29,lexical_only,1.0610085714212065,4.249699999490986,192.17015000049287,197.48085857140507,one shared preloaded model
conv-30-qa-30,lexical_only,1.0610085714212065,4.363800002465723,192.17015000049287,197.5949585743798,one shared preloaded model
conv-30-qa-31,lexical_only,1.0610085714212065,5.792800002382137,192.17015000049287,199.02395857429622,one shared preloaded model
conv-30-qa-32,lexical_only,1.0610085714212065,5.820700000185752,152.81030000005558,159.69200857166254,one shared preloaded model
conv-30-qa-33,lexical_only,1.0610085714212065,7.336599999689497,152.81030000005558,161.20790857116629,one shared preloaded model
conv-30-qa-34,lexical_only,1.0610085714212065,7.140500001696637,152.81030000005558,161.01180857317343,one shared preloaded model
conv-30-qa-35,lexical_only,1.0610085714212065,7.9177999978128355,152.81030000005558,161.78910856928962,one shared preloaded model
conv-30-qa-36,lexical_only,1.0610085714212065,6.18659999963711,196.66057499944145,203.90818357049977,one shared preloaded model
conv-30-qa-37,lexical_only,1.0610085714212065,7.457499999873107,196.66057499944145,205.17908357073577,one shared preloaded model
conv-30-qa-38,lexical_only,1.0610085714212065,7.211500000266824,196.66057499944145,204.9330835711295,one shared preloaded model
conv-30-qa-39,lexical_only,1.0610085714212065,7.430099998600781,196.66057499944145,205.15168356946344,one shared preloaded model
conv-30-qa-40,lexical_only,1.0610085714212065,4.278299998986768,119.68877500021335,125.02808357062133,one shared preloaded model
conv-30-qa-41,lexical_only,1.0610085714212065,3.6601000028895214,119.68877500021335,124.40988357452409,one shared preloaded model
conv-30-qa-42,lexical_only,1.0610085714212065,3.7441000022226945,119.68877500021335,124.49388357385726,one shared preloaded model
conv-30-qa-43,lexical_only,1.0610085714212065,3.3765000007406343,119.68877500021335,124.1262835723752,one shared preloaded model
conv-30-qa-44,lexical_only,1.0610085714212065,4.258799999661278,102.32657500000641,107.6463835710889,one shared preloaded model
conv-30-qa-45,lexical_only,1.0610085714212065,4.5315999996091705,102.32657500000641,107.9191835710368,one shared preloaded model
conv-30-qa-46,lexical_only,1.0610085714212065,4.711699999461416,102.32657500000641,108.09928357088904,one shared preloaded model
conv-30-qa-47,lexical_only,1.0610085714212065,4.672000002756249,102.32657500000641,108.05958357418388,one shared preloaded model
conv-30-qa-48,lexical_only,1.0610085714212065,4.3966999983240385,319.97525000042515,325.4329585701704,one shared preloaded model
conv-30-qa-49,lexical_only,1.0610085714212065,3.643000000010943,319.97525000042515,324.6792585718573,one shared preloaded model
conv-30-qa-50,lexical_only,1.0610085714212065,3.448800001933705,319.97525000042515,324.48505857378007,one shared preloaded model
conv-30-qa-51,lexical_only,1.0610085714212065,5.557399999815971,319.97525000042515,326.59365857166233,one shared preloaded model
conv-30-qa-52,lexical_only,1.0610085714212065,5.266200001642574,435.0056000002951,441.3328085733589,one shared preloaded model
conv-30-qa-53,lexical_only,1.0610085714212065,7.411299997329479,435.0056000002951,443.4779085690458,one shared preloaded model
conv-30-qa-54,lexical_only,1.0610085714212065,7.329100000788458,435.0056000002951,443.39570857250476,one shared preloaded model
conv-30-qa-55,lexical_only,1.0610085714212065,4.383399998914683,435.0056000002951,440.450008570631,one shared preloaded model
conv-30-qa-56,lexical_only,1.0610085714212065,4.312200002459576,311.0713249998298,316.4445335737106,one shared preloaded model
conv-30-qa-57,lexical_only,1.0610085714212065,7.678000001760665,311.0713249998298,319.8103335730117,one shared preloaded model
conv-30-qa-58,lexical_only,1.0610085714212065,8.021699999517296,311.0713249998298,320.1540335707683,one shared preloaded model
conv-30-qa-59,lexical_only,1.0610085714212065,8.668099999340484,311.0713249998298,320.8004335705915,one shared preloaded model
conv-30-qa-60,lexical_only,1.0610085714212065,4.098299999895971,129.38397499965504,134.54328357097222,one shared preloaded model
conv-30-qa-61,lexical_only,1.0610085714212065,7.291600002645282,129.38397499965504,137.73658357372153,one shared preloaded model
conv-30-qa-62,lexical_only,1.0610085714212065,7.0850000010977965,129.38397499965504,137.52998357217405,one shared preloaded model
conv-30-qa-63,lexical_only,1.0610085714212065,7.9719000023033,129.38397499965504,138.41688357337955,one shared preloaded model
conv-30-qa-64,lexical_only,1.0610085714212065,4.201899999316083,216.83124999981374,222.09415857055103,one shared preloaded model
conv-30-qa-65,lexical_only,1.0610085714212065,7.349199997406686,216.83124999981374,225.24145856864163,one shared preloaded model
conv-30-qa-66,lexical_only,1.0610085714212065,7.426100000884617,216.83124999981374,225.31835857211956,one shared preloaded model
conv-30-qa-67,lexical_only,1.0610085714212065,7.932799999252893,216.83124999981374,225.82505857048784,one shared preloaded model
conv-30-qa-68,lexical_only,1.0610085714212065,6.318600000668084,234.9918500003696,242.3714585724589,one shared preloaded model
conv-30-qa-69,lexical_only,1.0610085714212065,7.613699999637902,234.9918500003696,243.6665585714287,one shared preloaded model
conv-30-qa-70,lexical_only,1.0610085714212065,7.231999999930849,234.9918500003696,243.28485857172166,one shared preloaded model
conv-30-qa-71,lexical_only,1.0610085714212065,7.389300000795629,234.9918500003696,243.44215857258644,one shared preloaded model
conv-30-qa-72,lexical_only,1.0610085714212065,4.407399999763584,514.3728749999354,519.8412835711202,one shared preloaded model
conv-30-qa-73,lexical_only,1.0610085714212065,7.60670000090613,514.3728749999354,523.0405835722628,one shared preloaded model
conv-30-qa-74,lexical_only,1.0610085714212065,8.493099998304388,514.3728749999354,523.926983569661,one shared preloaded model
conv-30-qa-75,lexical_only,1.0610085714212065,5.0229000007675495,514.3728749999354,520.4567835721242,one shared preloaded model
conv-30-qa-76,lexical_only,1.0610085714212065,4.37679999959073,240.21067500052595,245.6484835715379,one shared preloaded model
conv-30-qa-77,lexical_only,1.0610085714212065,7.556600001407787,240.21067500052595,248.82828357335495,one shared preloaded model
conv-30-qa-78,lexical_only,1.0610085714212065,7.192000000941334,240.21067500052595,248.4636835728885,one shared preloaded model
conv-30-qa-79,lexical_only,1.0610085714212065,7.275199997820891,240.21067500052595,248.54688356976806,one shared preloaded model
conv-30-qa-80,lexical_only,1.0610085714212065,4.261899997800356,135.14697499977046,140.46988356899203,one shared preloaded model
conv-30-qa-81,lexical_only,1.0610085714212065,7.4271000012231525,135.14697499977046,143.63508357241483,one shared preloaded model
conv-30-qa-82,lexical_only,1.0610085714212065,7.706700002017897,135.14697499977046,143.91468357320957,one shared preloaded model
conv-30-qa-83,lexical_only,1.0610085714212065,7.162100002460647,135.14697499977046,143.37008357365232,one shared preloaded model
conv-30-qa-84,lexical_only,1.0610085714212065,4.495000001043081,235.88590000053955,241.44190857300384,one shared preloaded model
conv-30-qa-85,lexical_only,1.0610085714212065,4.103399998712121,235.88590000053955,241.05030857067288,one shared preloaded model
conv-30-qa-86,lexical_only,1.0610085714212065,4.37930000043707,235.88590000053955,241.32620857239783,one shared preloaded model
conv-30-qa-87,lexical_only,1.0610085714212065,5.992400001559872,235.88590000053955,242.93930857352063,one shared preloaded model
conv-30-qa-88,lexical_only,1.0610085714212065,4.746200000226963,383.3532249991549,389.1604335708031,one shared preloaded model
conv-30-qa-89,lexical_only,1.0610085714212065,7.36499999766238,383.3532249991549,391.7792335682385,one shared preloaded model
conv-30-qa-90,lexical_only,1.0610085714212065,7.476899998437148,383.3532249991549,391.8911335690133,one shared preloaded model
conv-30-qa-91,lexical_only,1.0610085714212065,7.2106000006897375,383.3532249991549,391.62483357126587,one shared preloaded model
conv-30-qa-92,lexical_only,1.0610085714212065,4.684999999881256,143.34074999987934,149.0867585711818,one shared preloaded model
conv-30-qa-93,lexical_only,1.0610085714212065,3.5532999972929247,143.34074999987934,147.95505856859347,one shared preloaded model
conv-30-qa-94,lexical_only,1.0610085714212065,4.728799998702016,143.34074999987934,149.13055857000256,one shared preloaded model
conv-30-qa-95,lexical_only,1.0610085714212065,4.247199998644646,143.34074999987934,148.6489585699452,one shared preloaded model
conv-30-qa-96,lexical_only,1.0610085714212065,5.023599998821737,182.37737500021467,188.46198357045762,one shared preloaded model
conv-30-qa-97,lexical_only,1.0610085714212065,7.39889999749721,182.37737500021467,190.8372835691331,one shared preloaded model
conv-30-qa-98,lexical_only,1.0610085714212065,7.077899997966597,182.37737500021467,190.51628356960248,one shared preloaded model
conv-30-qa-99,lexical_only,1.0610085714212065,7.845000000088476,182.37737500021467,191.28338357172436,one shared preloaded model
conv-30-qa-100,lexical_only,1.0610085714212065,4.674600000726059,72.48652500038588,78.22213357253315,one shared preloaded model
conv-30-qa-101,lexical_only,1.0610085714212065,7.457699997758027,72.48652500038588,81.00523356956512,one shared preloaded model
conv-30-qa-102,lexical_only,1.0610085714212065,7.412099999783095,72.48652500038588,80.95963357159019,one shared preloaded model
conv-30-qa-103,lexical_only,1.0610085714212065,7.854100000258768,72.48652500038588,81.40163357206586,one shared preloaded model
conv-30-qa-104,lexical_only,1.0610085714212065,4.343600001448067,214.27590000166674,219.68050857453602,one shared preloaded model
conv-41-qa-0,lexical_only,1.0289238341945257,6.7455999997037,82.360874999722,90.13539883362023,one shared preloaded model
conv-41-qa-1,lexical_only,1.0289238341945257,6.67289999910281,82.360874999722,90.06269883301934,one shared preloaded model
conv-41-qa-2,lexical_only,1.0289238341945257,7.463699999789242,82.360874999722,90.85349883370577,one shared preloaded model
conv-41-qa-3,lexical_only,1.0289238341945257,7.506400001147995,82.360874999722,90.89619883506452,one shared preloaded model
conv-41-qa-4,lexical_only,1.0289238341945257,4.554499999358086,116.22792500020296,121.81134883375557,one shared preloaded model
conv-41-qa-5,lexical_only,1.0289238341945257,7.907700000941986,116.22792500020296,125.16454883533947,one shared preloaded model
conv-41-qa-6,lexical_only,1.0289238341945257,7.332799999858253,116.22792500020296,124.58964883425574,one shared preloaded model
conv-41-qa-7,lexical_only,1.0289238341945257,7.210000003396999,116.22792500020296,124.46684883779449,one shared preloaded model
conv-41-qa-8,lexical_only,1.0289238341945257,4.208899998047855,154.6822250002151,159.9200488324575,one shared preloaded model
conv-41-qa-9,lexical_only,1.0289238341945257,3.87350000164588,154.6822250002151,159.58464883605552,one shared preloaded model
conv-41-qa-10,lexical_only,1.0289238341945257,3.716700000950368,154.6822250002151,159.42784883536,one shared preloaded model
conv-41-qa-11,lexical_only,1.0289238341945257,3.66790000043693,154.6822250002151,159.37904883484657,one shared preloaded model
conv-41-qa-12,lexical_only,1.0289238341945257,4.2868000018643215,79.57030000034138,84.88602383640023,one shared preloaded model
conv-41-qa-13,lexical_only,1.0289238341945257,7.983800001966301,79.57030000034138,88.5830238365022,one shared preloaded model
conv-41-qa-14,lexical_only,1.0289238341945257,7.619399999384768,79.57030000034138,88.21862383392067,one shared preloaded model
conv-41-qa-15,lexical_only,1.0289238341945257,7.099499998730607,79.57030000034138,87.69872383326651,one shared preloaded model
conv-41-qa-16,lexical_only,1.0289238341945257,4.6236999987741,158.31615000024613,163.96877383321475,one shared preloaded model
conv-41-qa-17,lexical_only,1.0289238341945257,7.544800002506236,158.31615000024613,166.8898738369469,one shared preloaded model
conv-41-qa-18,lexical_only,1.0289238341945257,7.110300000931602,158.31615000024613,166.45537383537226,one shared preloaded model
conv-41-qa-19,lexical_only,1.0289238341945257,7.249600002978696,158.31615000024613,166.59467383741935,one shared preloaded model
conv-41-qa-20,lexical_only,1.0289238341945257,4.322000000684056,158.0264750000424,163.377398834921,one shared preloaded model
conv-41-qa-21,lexical_only,1.0289238341945257,7.875900002545677,158.0264750000424,166.93129883678262,one shared preloaded model
conv-41-qa-22,lexical_only,1.0289238341945257,7.207200000266312,158.0264750000424,166.26259883450325,one shared preloaded model
conv-41-qa-23,lexical_only,1.0289238341945257,7.35750000239932,158.0264750000424,166.41289883663626,one shared preloaded model
conv-41-qa-24,lexical_only,1.0289238341945257,4.077299996424699,155.29222500026663,160.39844883088585,one shared preloaded model
conv-41-qa-25,lexical_only,1.0289238341945257,4.247699998813914,155.29222500026663,160.56884883327507,one shared preloaded model
conv-41-qa-26,lexical_only,1.0289238341945257,4.825999996683095,155.29222500026663,161.14714883114425,one shared preloaded model
conv-41-qa-27,lexical_only,1.0289238341945257,7.43030000012368,155.29222500026663,163.75144883458483,one shared preloaded model
conv-41-qa-28,lexical_only,1.0289238341945257,4.343100001278799,221.04037500048435,226.41239883595767,one shared preloaded model
conv-41-qa-29,lexical_only,1.0289238341945257,7.433599999785656,221.04037500048435,229.50289883446453,one shared preloaded model
conv-41-qa-30,lexical_only,1.0289238341945257,7.330399999773363,221.04037500048435,229.39969883445224,one shared preloaded model
conv-41-qa-31,lexical_only,1.0289238341945257,7.102899999154033,221.04037500048435,229.1721988338329,one shared preloaded model
conv-41-qa-32,lexical_only,1.0289238341945257,4.280600001948187,109.39917500036245,114.70869883650516,one shared preloaded model
conv-41-qa-33,lexical_only,1.0289238341945257,4.0466999998898245,109.39917500036245,114.4747988344468,one shared preloaded model
conv-41-qa-34,lexical_only,1.0289238341945257,4.048499999043997,109.39917500036245,114.47659883360097,one shared preloaded model
conv-41-qa-35,lexical_only,1.0289238341945257,4.234699998050928,109.39917500036245,114.6627988326079,one shared preloaded model
conv-41-qa-36,lexical_only,1.0289238341945257,4.18790000185254,153.29819999988104,158.5150238359281,one shared preloaded model
conv-41-qa-37,lexical_only,1.0289238341945257,4.358999998657964,153.29819999988104,158.68612383273353,one shared preloaded model
conv-41-qa-38,lexical_only,1.0289238341945257,4.605800000717863,153.29819999988104,158.93292383479343,one shared preloaded model
conv-41-qa-39,lexical_only,1.0289238341945257,3.6093000016990118,153.29819999988104,157.93642383577458,one shared preloaded model
conv-41-qa-40,lexical_only,1.0289238341945257,4.6285999997053295,151.67952499996318,157.33704883386304,one shared preloaded model
conv-41-qa-41,lexical_only,1.0289238341945257,8.452599999145605,151.67952499996318,161.1610488333033,one shared preloaded model
conv-41-qa-42,lexical_only,1.0289238341945257,7.407300003251294,151.67952499996318,160.115748837409,one shared preloaded model
conv-41-qa-43,lexical_only,1.0289238341945257,7.2946000000229105,151.67952499996318,160.00304883418062,one shared preloaded model
conv-41-qa-44,lexical_only,1.0289238341945257,4.7374999994644895,228.78587499963032,234.55229883328934,one shared preloaded model
conv-41-qa-45,lexical_only,1.0289238341945257,6.612399996811291,228.78587499963032,236.42719883063614,one shared preloaded model
conv-41-qa-46,lexical_only,1.0289238341945257,6.715300001815194,228.78587499963032,236.53009883564005,one shared preloaded model
conv-41-qa-47,lexical_only,1.0289238341945257,4.527400000370108,228.78587499963032,234.34219883419496,one shared preloaded model
conv-41-qa-48,lexical_only,1.0289238341945257,4.755200003273785,157.6538499994058,163.4379738368741,one shared preloaded model
conv-41-qa-49,lexical_only,1.0289238341945257,7.395200002065394,157.6538499994058,166.07797383566572,one shared preloaded model
conv-41-qa-50,lexical_only,1.0289238341945257,7.12539999949513,157.6538499994058,165.80817383309545,one shared preloaded model
conv-41-qa-51,lexical_only,1.0289238341945257,7.720100002188701,157.6538499994058,166.40287383578902,one shared preloaded model
conv-41-qa-52,lexical_only,1.0289238341945257,4.160700002103113,150.04277499974705,155.2323988360447,one shared preloaded model
conv-41-qa-53,lexical_only,1.0289238341945257,3.6236000014469028,150.04277499974705,154.69529883538848,one shared preloaded model
conv-41-qa-54,lexical_only,1.0289238341945257,3.684900002554059,150.04277499974705,154.75659883649564,one shared preloaded model
conv-41-qa-55,lexical_only,1.0289238341945257,4.08909999896423,150.04277499974705,155.1607988329058,one shared preloaded model
conv-41-qa-56,lexical_only,1.0289238341945257,4.09389999913401,179.511199999979,184.63402383330754,one shared preloaded model
conv-41-qa-57,lexical_only,1.0289238341945257,3.5604000004241243,179.511199999979,184.10052383459765,one shared preloaded model
conv-41-qa-58,lexical_only,1.0289238341945257,3.5237999982200563,179.511199999979,184.06392383239358,one shared preloaded model
conv-41-qa-59,lexical_only,1.0289238341945257,4.457699997146847,179.511199999979,184.99782383132037,one shared preloaded model
conv-41-qa-60,lexical_only,1.0289238341945257,4.289200001949212,84.13085000029241,89.44897383643615,one shared preloaded model
conv-41-qa-61,lexical_only,1.0289238341945257,7.687100001930958,84.13085000029241,92.8468738364179,one shared preloaded model
conv-41-qa-62,lexical_only,1.0289238341945257,4.377500001282897,84.13085000029241,89.53727383576984,one shared preloaded model
conv-41-qa-63,lexical_only,1.0289238341945257,4.088399997272063,84.13085000029241,89.248173831759,one shared preloaded model
conv-41-qa-64,lexical_only,1.0289238341945257,4.018399999040412,169.29160000017873,174.33892383341367,one shared preloaded model
conv-41-qa-65,lexical_only,1.0289238341945257,7.653299999219598,169.29160000017873,177.97382383359286,one shared preloaded model
conv-41-qa-66,lexical_only,1.0289238341945257,7.945100001961691,169.29160000017873,178.26562383633495,one shared preloaded model
conv-41-qa-67,lexical_only,1.0289238341945257,8.005700001376681,169.29160000017873,178.32622383574994,one shared preloaded model
conv-41-qa-68,lexical_only,1.0289238341945257,4.123900002014125,284.2975000003207,289.4503238365294,one shared preloaded model
conv-41-qa-69,lexical_only,1.0289238341945257,7.4088000001211185,284.2975000003207,292.7352238346364,one shared preloaded model
conv-41-qa-70,lexical_only,1.0289238341945257,7.919899999251356,284.2975000003207,293.2463238337666,one shared preloaded model
conv-41-qa-71,lexical_only,1.0289238341945257,7.210300002043368,284.2975000003207,292.5367238365586,one shared preloaded model
conv-41-qa-72,lexical_only,1.0289238341945257,4.962700000760378,82.09242499924585,88.08404883420076,one shared preloaded model
conv-41-qa-73,lexical_only,1.0289238341945257,7.458899999619462,82.09242499924585,90.58024883305984,one shared preloaded model
conv-41-qa-74,lexical_only,1.0289238341945257,7.719399996858556,82.09242499924585,90.84074883029893,one shared preloaded model
conv-41-qa-75,lexical_only,1.0289238341945257,7.3092000020551495,82.09242499924585,90.43054883549553,one shared preloaded model
conv-41-qa-76,lexical_only,1.0289238341945257,4.47590000112541,113.56269999942015,119.06752383474009,one shared preloaded model
conv-41-qa-77,lexical_only,1.0289238341945257,7.82450000042445,113.56269999942015,122.41612383403913,one shared preloaded model
conv-41-qa-78,lexical_only,1.0289238341945257,7.881300000008196,113.56269999942015,122.47292383362287,one shared preloaded model
conv-41-qa-79,lexical_only,1.0289238341945257,7.280899997567758,113.56269999942015,121.87252383118243,one shared preloaded model
conv-41-qa-80,lexical_only,1.0289238341945257,4.7024999985296745,106.82934999931604,112.56077383204024,one shared preloaded model
conv-41-qa-81,lexical_only,1.0289238341945257,8.27930000014021,106.82934999931604,116.13757383365078,one shared preloaded model
conv-41-qa-82,lexical_only,1.0289238341945257,7.367000001977431,106.82934999931604,115.225273835488,one shared preloaded model
conv-41-qa-83,lexical_only,1.0289238341945257,7.342199998674914,106.82934999931604,115.20047383218548,one shared preloaded model
conv-41-qa-84,lexical_only,1.0289238341945257,4.836700001760619,82.49697500014008,88.36259883609523,one shared preloaded model
conv-41-qa-85,lexical_only,1.0289238341945257,4.0622999986226205,82.49697500014008,87.58819883295723,one shared preloaded model
conv-41-qa-86,lexical_only,1.0289238341945257,4.283199999917997,82.49697500014008,87.80909883425261,one shared preloaded model
conv-41-qa-87,lexical_only,1.0289238341945257,4.803499999979977,82.49697500014008,88.32939883431459,one shared preloaded model
conv-41-qa-88,lexical_only,1.0289238341945257,4.044400000566384,251.1556749996089,256.2289988343698,one shared preloaded model
conv-41-qa-89,lexical_only,1.0289238341945257,4.086799999640789,251.1556749996089,256.2713988334442,one shared preloaded model
conv-41-qa-90,lexical_only,1.0289238341945257,4.605599999194965,251.1556749996089,256.7901988329984,one shared preloaded model
conv-41-qa-91,lexical_only,1.0289238341945257,4.283299997041468,251.1556749996089,256.4678988308449,one shared preloaded model
conv-41-qa-92,lexical_only,1.0289238341945257,4.389900001115166,311.11930000042776,316.53812383573745,one shared preloaded model
conv-41-qa-93,lexical_only,1.0289238341945257,7.953699998324737,311.11930000042776,320.101923832947,one shared preloaded model
conv-41-qa-94,lexical_only,1.0289238341945257,8.062299999437528,311.11930000042776,320.2105238340598,one shared preloaded model
conv-41-qa-95,lexical_only,1.0289238341945257,7.289100001798943,311.11930000042776,319.4373238364212,one shared preloaded model
conv-41-qa-96,lexical_only,1.0289238341945257,4.327700000430923,234.59327500040672,239.94989883503217,one shared preloaded model
conv-41-qa-97,lexical_only,1.0289238341945257,3.6632999981520697,234.59327500040672,239.28549883275332,one shared preloaded model
conv-41-qa-98,lexical_only,1.0289238341945257,4.548400000203401,234.59327500040672,240.17059883480465,one shared preloaded model
conv-41-qa-99,lexical_only,1.0289238341945257,4.517899997154018,234.59327500040672,240.14009883175527,one shared preloaded model
conv-41-qa-100,lexical_only,1.0289238341945257,4.272099999070633,84.014400000342,89.31542383360716,one shared preloaded model
conv-41-qa-101,lexical_only,1.0289238341945257,7.9727000011189375,84.014400000342,93.01602383565546,one shared preloaded model
conv-41-qa-102,lexical_only,1.0289238341945257,7.946400000946596,84.014400000342,92.98972383548312,one shared preloaded model
conv-41-qa-103,lexical_only,1.0289238341945257,7.743800000753254,84.014400000342,92.78712383528978,one shared preloaded model
conv-41-qa-104,lexical_only,1.0289238341945257,4.296399998565903,206.60032500018133,211.92564883294176,one shared preloaded model
conv-41-qa-105,lexical_only,1.0289238341945257,5.592099998466438,206.60032500018133,213.2213488328423,one shared preloaded model
conv-41-qa-106,lexical_only,1.0289238341945257,5.007499999919673,206.60032500018133,212.63674883429553,one shared preloaded model
conv-41-qa-107,lexical_only,1.0289238341945257,3.9790999981050845,206.60032500018133,211.60834883248094,one shared preloaded model
conv-41-qa-108,lexical_only,1.0289238341945257,4.364299998997012,100.07649999988644,105.46972383307798,one shared preloaded model
conv-41-qa-109,lexical_only,1.0289238341945257,7.479899999452755,100.07649999988644,108.58532383353372,one shared preloaded model
conv-41-qa-110,lexical_only,1.0289238341945257,7.175200000347104,100.07649999988644,108.28062383442807,one shared preloaded model
conv-41-qa-111,lexical_only,1.0289238341945257,7.237400001031347,100.07649999988644,108.34282383511231,one shared preloaded model
conv-41-qa-112,lexical_only,1.0289238341945257,4.232499999488937,105.26310000022931,110.52452383391278,one shared preloaded model
conv-41-qa-113,lexical_only,1.0289238341945257,8.10769999952754,105.26310000022931,114.39972383395138,one shared preloaded model
conv-41-qa-114,lexical_only,1.0289238341945257,7.789699997374555,105.26310000022931,114.0817238317984,one shared preloaded model
conv-41-qa-115,lexical_only,1.0289238341945257,7.555100000899984,105.26310000022931,113.84712383532383,one shared preloaded model
conv-41-qa-116,lexical_only,1.0289238341945257,4.677199998695869,236.8015749998449,242.5076988327353,one shared preloaded model
conv-41-qa-117,lexical_only,1.0289238341945257,5.187900002056267,236.8015749998449,243.01839883609568,one shared preloaded model
conv-41-qa-118,lexical_only,1.0289238341945257,4.521499999100342,236.8015749998449,242.35199883313976,one shared preloaded model
conv-41-qa-119,lexical_only,1.0289238341945257,4.679800000303658,236.8015749998449,242.51029883434308,one shared preloaded model
conv-41-qa-120,lexical_only,1.0289238341945257,4.518600002484163,149.90052499979356,155.44804883647225,one shared preloaded model
conv-41-qa-121,lexical_only,1.0289238341945257,4.19030000193743,149.90052499979356,155.11974883592552,one shared preloaded model
conv-41-qa-122,lexical_only,1.0289238341945257,3.8813999999547377,149.90052499979356,154.81084883394283,one shared preloaded model
conv-41-qa-123,lexical_only,1.0289238341945257,3.8776000001234934,149.90052499979356,154.80704883411158,one shared preloaded model
conv-41-qa-124,lexical_only,1.0289238341945257,4.562300000543473,156.45595000023604,162.04717383497405,one shared preloaded model
conv-41-qa-125,lexical_only,1.0289238341945257,3.540500001690816,156.45595000023604,161.0253738361214,one shared preloaded model
conv-41-qa-126,lexical_only,1.0289238341945257,3.4858999970310833,156.45595000023604,160.97077383146166,one shared preloaded model
conv-41-qa-127,lexical_only,1.0289238341945257,3.829500001302222,156.45595000023604,161.3143738357328,one shared preloaded model
conv-41-qa-128,lexical_only,1.0289238341945257,4.6308000019053,186.73610000041663,192.39582383651646,one shared preloaded model
conv-41-qa-129,lexical_only,1.0289238341945257,3.5975999999209307,186.73610000041663,191.3626238345321,one shared preloaded model
conv-41-qa-130,lexical_only,1.0289238341945257,3.523499999573687,186.73610000041663,191.28852383418484,one shared preloaded model
conv-41-qa-131,lexical_only,1.0289238341945257,3.826600001048064,186.73610000041663,191.59162383565922,one shared preloaded model
conv-41-qa-132,lexical_only,1.0289238341945257,4.465300000447314,335.2516499999183,340.74587383456014,one shared preloaded model
conv-41-qa-133,lexical_only,1.0289238341945257,4.694400002335897,335.2516499999183,340.9749738364487,one shared preloaded model
conv-41-qa-134,lexical_only,1.0289238341945257,4.2164999977103435,335.2516499999183,340.4970738318232,one shared preloaded model
conv-41-qa-135,lexical_only,1.0289238341945257,4.60449999809498,335.2516499999183,340.8850738322078,one shared preloaded model
conv-41-qa-136,lexical_only,1.0289238341945257,4.832499998883577,189.43325000054756,195.29467383362567,one shared preloaded model
conv-41-qa-137,lexical_only,1.0289238341945257,4.034499997942476,189.43325000054756,194.49667383268456,one shared preloaded model
conv-41-qa-138,lexical_only,1.0289238341945257,4.708899999968708,189.43325000054756,195.1710738347108,one shared preloaded model
conv-41-qa-139,lexical_only,1.0289238341945257,4.685600000811974,189.43325000054756,195.14777383555406,one shared preloaded model
conv-41-qa-140,lexical_only,1.0289238341945257,4.1005000020959415,324.43789999979344,329.5673238360839,one shared preloaded model
conv-41-qa-141,lexical_only,1.0289238341945257,8.277699998870958,324.43789999979344,333.74452383285893,one shared preloaded model
conv-41-qa-142,lexical_only,1.0289238341945257,7.235799999762094,324.43789999979344,332.70262383375007,one shared preloaded model
conv-41-qa-143,lexical_only,1.0289238341945257,8.023599999432918,324.43789999979344,333.4904238334209,one shared preloaded model
conv-41-qa-144,lexical_only,1.0289238341945257,7.020000000920845,368.1115499994121,376.16047383452747,one shared preloaded model
conv-41-qa-145,lexical_only,1.0289238341945257,8.567600001697429,368.1115499994121,377.70807383530405,one shared preloaded model
conv-41-qa-146,lexical_only,1.0289238341945257,7.547000001068227,368.1115499994121,376.68747383467485,one shared preloaded model
conv-41-qa-147,lexical_only,1.0289238341945257,7.229299997561611,368.1115499994121,376.36977383116823,one shared preloaded model
conv-41-qa-148,lexical_only,1.0289238341945257,4.541599999356549,485.52529999960825,491.09582383315933,one shared preloaded model
conv-41-qa-149,lexical_only,1.0289238341945257,7.857300002797274,485.52529999960825,494.41152383660005,one shared preloaded model
conv-41-qa-150,lexical_only,1.0289238341945257,7.322600002225954,485.52529999960825,493.87682383602873,one shared preloaded model
conv-41-qa-151,lexical_only,1.0289238341945257,7.6212999993003905,485.52529999960825,494.17552383310317,one shared preloaded model
conv-41-qa-152,lexical_only,1.0289238341945257,5.1827000024786685,93.36852500018722,99.58014883686042,one shared preloaded model
conv-41-qa-153,lexical_only,1.0289238341945257,7.379200000286801,93.36852500018722,101.77664883466855,one shared preloaded model
conv-41-qa-154,lexical_only,1.0289238341945257,7.247400000778725,93.36852500018722,101.64484883516047,one shared preloaded model
conv-41-qa-155,lexical_only,1.0289238341945257,7.448000000294996,93.36852500018722,101.84544883467674,one shared preloaded model
conv-41-qa-156,lexical_only,1.0289238341945257,4.253000002790941,101.73984999983077,107.02177383681624,one shared preloaded model
conv-41-qa-157,lexical_only,1.0289238341945257,7.916700000350829,101.73984999983077,110.68547383437613,one shared preloaded model
conv-41-qa-158,lexical_only,1.0289238341945257,7.5816000025952235,101.73984999983077,110.35037383662052,one shared preloaded model
conv-41-qa-159,lexical_only,1.0289238341945257,7.92159999764408,101.73984999983077,110.69037383166938,one shared preloaded model
conv-41-qa-160,lexical_only,1.0289238341945257,7.144400002289331,102.46120000010706,110.63452383659092,one shared preloaded model
conv-41-qa-161,lexical_only,1.0289238341945257,7.550499998615123,102.46120000010706,111.04062383291671,one shared preloaded model
conv-41-qa-162,lexical_only,1.0289238341945257,7.479500000044936,102.46120000010706,110.96962383434652,one shared preloaded model
conv-41-qa-163,lexical_only,1.0289238341945257,7.273300001543248,102.46120000010706,110.76342383584483,one shared preloaded model
conv-41-qa-164,lexical_only,1.0289238341945257,7.1625999989919364,86.74407499984227,94.93559883302873,one shared preloaded model
conv-41-qa-165,lexical_only,1.0289238341945257,4.046499998366926,86.74407499984227,91.81949883240372,one shared preloaded model
conv-41-qa-166,lexical_only,1.0289238341945257,3.9125999974203296,86.74407499984227,91.68559883145713,one shared preloaded model
conv-41-qa-167,lexical_only,1.0289238341945257,3.832200000033481,86.74407499984227,91.60519883407028,one shared preloaded model
conv-41-qa-168,lexical_only,1.0289238341945257,4.313000001275213,226.8908999994892,232.23282383495894,one shared preloaded model
conv-41-qa-169,lexical_only,1.0289238341945257,7.488499999453779,226.8908999994892,235.4083238331375,one shared preloaded model
conv-41-qa-170,lexical_only,1.0289238341945257,4.135800001677126,226.8908999994892,232.05562383536085,one shared preloaded model
conv-41-qa-171,lexical_only,1.0289238341945257,6.194499997945968,226.8908999994892,234.1143238316297,one shared preloaded model
conv-41-qa-172,lexical_only,1.0289238341945257,4.986899999494199,86.89125000000786,92.90707383369659,one shared preloaded model
conv-41-qa-173,lexical_only,1.0289238341945257,7.487700000638142,86.89125000000786,95.40787383484053,one shared preloaded model
conv-41-qa-174,lexical_only,1.0289238341945257,7.323400001041591,86.89125000000786,95.24357383524398,one shared preloaded model
conv-41-qa-175,lexical_only,1.0289238341945257,7.1457000012742355,86.89125000000786,95.06587383547662,one shared preloaded model
conv-41-qa-176,lexical_only,1.0289238341945257,4.54610000087996,525.8104750000712,531.3854988351457,one shared preloaded model
conv-41-qa-177,lexical_only,1.0289238341945257,8.035499999095919,525.8104750000712,534.8748988333616,one shared preloaded model
conv-41-qa-178,lexical_only,1.0289238341945257,7.261700000526616,525.8104750000712,534.1010988347923,one shared preloaded model
conv-41-qa-179,lexical_only,1.0289238341945257,7.447599997249199,525.8104750000712,534.2869988315149,one shared preloaded model
conv-41-qa-180,lexical_only,1.0289238341945257,4.417199997988064,82.58062500044616,88.02674883262875,one shared preloaded model
conv-41-qa-181,lexical_only,1.0289238341945257,3.5725999987334944,82.58062500044616,87.18214883337419,one shared preloaded model
conv-41-qa-182,lexical_only,1.0289238341945257,3.914299999451032,82.58062500044616,87.52384883409172,one shared preloaded model
conv-41-qa-183,lexical_only,1.0289238341945257,3.482699998130556,82.58062500044616,87.09224883277125,one shared preloaded model
conv-41-qa-184,lexical_only,1.0289238341945257,4.627999998774612,81.67349999985163,87.33042383282077,one shared preloaded model
conv-41-qa-185,lexical_only,1.0289238341945257,7.376800000201911,81.67349999985163,90.07922383424807,one shared preloaded model
conv-41-qa-186,lexical_only,1.0289238341945257,7.163000002037734,81.67349999985163,89.86542383608389,one shared preloaded model
conv-41-qa-187,lexical_only,1.0289238341945257,7.1253000023716595,81.67349999985163,89.82772383641782,one shared preloaded model
conv-41-qa-188,lexical_only,1.0289238341945257,4.587600000377279,124.45592499989289,130.0724488344647,one shared preloaded model
conv-41-qa-189,lexical_only,1.0289238341945257,8.16800000029616,124.45592499989289,133.65284883438358,one shared preloaded model
conv-41-qa-190,lexical_only,1.0289238341945257,7.181999997555977,124.45592499989289,132.6668488316434,one shared preloaded model
conv-41-qa-191,lexical_only,1.0289238341945257,7.308000000193715,124.45592499989289,132.79284883428113,one shared preloaded model
conv-41-qa-192,lexical_only,1.0289238341945257,4.3953999993391335,965.0815000022703,970.505823835804,one shared preloaded model
conv-42-qa-0,lexical_only,0.7878973076983059,7.714100000157487,107.5195250004981,116.0215223083539,one shared preloaded model
conv-42-qa-1,lexical_only,0.7878973076983059,7.146600000851322,107.5195250004981,115.45402230904773,one shared preloaded model
conv-42-qa-2,lexical_only,0.7878973076983059,7.310900000447873,107.5195250004981,115.61832230864428,one shared preloaded model
conv-42-qa-3,lexical_only,0.7878973076983059,5.462200002511963,107.5195250004981,113.76962231070837,one shared preloaded model
conv-42-qa-4,lexical_only,0.7878973076983059,6.815200002165511,164.99257499981468,172.5956723096785,one shared preloaded model
conv-42-qa-5,lexical_only,0.7878973076983059,7.36970000070869,164.99257499981468,173.15017230822167,one shared preloaded model
conv-42-qa-6,lexical_only,0.7878973076983059,7.170199998654425,164.99257499981468,172.9506723061674,one shared preloaded model
conv-42-qa-7,lexical_only,0.7878973076983059,7.049499999993714,164.99257499981468,172.8299723075067,one shared preloaded model
conv-42-qa-8,lexical_only,0.7878973076983059,4.2448999993212055,128.34755000039877,133.38034730741828,one shared preloaded model
conv-42-qa-9,lexical_only,0.7878973076983059,7.559400000900496,128.34755000039877,136.69484730899757,one shared preloaded model
conv-42-qa-10,lexical_only,0.7878973076983059,7.141099998989375,128.34755000039877,136.27654730708645,one shared preloaded model
conv-42-qa-11,lexical_only,0.7878973076983059,7.1613000000070315,128.34755000039877,136.2967473081041,one shared preloaded model
conv-42-qa-12,lexical_only,0.7878973076983059,7.032699999399483,339.9940499994045,347.8146473065023,one shared preloaded model
conv-42-qa-13,lexical_only,0.7878973076983059,4.17129999914323,339.9940499994045,344.95324730624606,one shared preloaded model
conv-42-qa-14,lexical_only,0.7878973076983059,4.143900001508882,339.9940499994045,344.9258473086117,one shared preloaded model
conv-42-qa-15,lexical_only,0.7878973076983059,4.160200001933845,339.9940499994045,344.94214730903667,one shared preloaded model
conv-42-qa-16,lexical_only,0.7878973076983059,4.357199999503791,146.22555000005377,151.37064730725587,one shared preloaded model
conv-42-qa-17,lexical_only,0.7878973076983059,7.371499999862863,146.22555000005377,154.38494730761494,one shared preloaded model
conv-42-qa-18,lexical_only,0.7878973076983059,6.993699997110525,146.22555000005377,154.0071473048626,one shared preloaded model
conv-42-qa-19,lexical_only,0.7878973076983059,7.388699999864912,146.22555000005377,154.40214730761699,one shared preloaded model
conv-42-qa-20,lexical_only,0.7878973076983059,4.503900003328454,158.76127499996073,164.0530723109875,one shared preloaded model
conv-42-qa-21,lexical_only,0.7878973076983059,3.7870000014663674,158.76127499996073,163.3361723091254,one shared preloaded model
conv-42-qa-22,lexical_only,0.7878973076983059,3.4506999982113484,158.76127499996073,162.99987230587038,one shared preloaded model
conv-42-qa-23,lexical_only,0.7878973076983059,4.605699999956414,158.76127499996073,164.15487230761545,one shared preloaded model
conv-42-qa-24,lexical_only,0.7878973076983059,6.92969999727211,157.70507500019448,165.4226723051649,one shared preloaded model
conv-42-qa-25,lexical_only,0.7878973076983059,4.351100000349106,157.70507500019448,162.8440723082419,one shared preloaded model
conv-42-qa-26,lexical_only,0.7878973076983059,4.065500001161126,157.70507500019448,162.5584723090539,one shared preloaded model
conv-42-qa-27,lexical_only,0.7878973076983059,3.4865000015997794,157.70507500019448,161.97947230949256,one shared preloaded model
conv-42-qa-28,lexical_only,0.7878973076983059,6.814500000473345,180.61465000027965,188.2170473084513,one shared preloaded model
conv-42-qa-29,lexical_only,0.7878973076983059,5.751699998654658,180.61465000027965,187.1542473066326,one shared preloaded model
conv-42-qa-30,lexical_only,0.7878973076983059,3.8869000018166844,180.61465000027965,185.28944730979464,one shared preloaded model
conv-42-qa-31,lexical_only,0.7878973076983059,3.572800000256393,180.61465000027965,184.97534730823435,one shared preloaded model
conv-42-qa-32,lexical_only,0.7878973076983059,4.515399999945657,260.30782499947236,265.6111223071163,one shared preloaded model
conv-42-qa-33,lexical_only,0.7878973076983059,6.3482999976258725,260.30782499947236,267.44402230479653,one shared preloaded model
conv-42-qa-34,lexical_only,0.7878973076983059,6.983100000070408,260.30782499947236,268.07882230724107,one shared preloaded model
conv-42-qa-35,lexical_only,0.7878973076983059,7.4161999982607085,260.30782499947236,268.51192230543137,one shared preloaded model
conv-42-qa-36,lexical_only,0.7878973076983059,4.457600000023376,159.06149999955232,164.306997307274,one shared preloaded model
conv-42-qa-37,lexical_only,0.7878973076983059,3.5487999994074926,159.06149999955232,163.39819730665812,one shared preloaded model
conv-42-qa-38,lexical_only,0.7878973076983059,4.5059000003675465,159.06149999955232,164.35529730761817,one shared preloaded model
conv-42-qa-39,lexical_only,0.7878973076983059,7.467099996574689,159.06149999955232,167.31649730382532,one shared preloaded model
conv-42-qa-40,lexical_only,0.7878973076983059,4.1229999987990595,175.01787499986676,179.92877230636412,one shared preloaded model
conv-42-qa-41,lexical_only,0.7878973076983059,7.499100000131875,175.01787499986676,183.30487230769694,one shared preloaded model
conv-42-qa-42,lexical_only,0.7878973076983059,7.083199998305645,175.01787499986676,182.8889723058707,one shared preloaded model
conv-42-qa-43,lexical_only,0.7878973076983059,7.227900001453236,175.01787499986676,183.0336723090183,one shared preloaded model
conv-42-qa-44,lexical_only,0.7878973076983059,4.302199999074219,235.37587499959045,240.46597230636297,one shared preloaded model
conv-42-qa-45,lexical_only,0.7878973076983059,7.532800002081785,235.37587499959045,243.69657230937054,one shared preloaded model
conv-42-qa-46,lexical_only,0.7878973076983059,7.368399998085806,235.37587499959045,243.53217230537456,one shared preloaded model
conv-42-qa-47,lexical_only,0.7878973076983059,7.163300000684103,235.37587499959045,243.32707230797286,one shared preloaded model
conv-42-qa-48,lexical_only,0.7878973076983059,4.039600000396604,201.54897500015068,206.37647230824558,one shared preloaded model
conv-42-qa-49,lexical_only,0.7878973076983059,7.504100001824554,201.54897500015068,209.84097230967353,one shared preloaded model
conv-42-qa-50,lexical_only,0.7878973076983059,7.711300000664778,201.54897500015068,210.04817230851376,one shared preloaded model
conv-42-qa-51,lexical_only,0.7878973076983059,7.397199999104487,201.54897500015068,209.73407230695346,one shared preloaded model
conv-42-qa-52,lexical_only,0.7878973076983059,5.572799997025868,182.30599999969854,188.6666973044227,one shared preloaded model
conv-42-qa-53,lexical_only,0.7878973076983059,7.482799999706913,182.30599999969854,190.57669730710376,one shared preloaded model
conv-42-qa-54,lexical_only,0.7878973076983059,7.691399998293491,182.30599999969854,190.78529730569034,one shared preloaded model
conv-42-qa-55,lexical_only,0.7878973076983059,7.469100000889739,182.30599999969854,190.56299730828658,one shared preloaded model
conv-42-qa-56,lexical_only,0.7878973076983059,4.414100003486965,230.81989999991492,236.0218973111002,one shared preloaded model
conv-42-qa-57,lexical_only,0.7878973076983059,4.531200000201352,230.81989999991492,236.13899730781458,one shared preloaded model
conv-42-qa-58,lexical_only,0.7878973076983059,4.15419999990263,230.81989999991492,235.76199730751586,one shared preloaded model
conv-42-qa-59,lexical_only,0.7878973076983059,4.245699998136843,230.81989999991492,235.85349730575007,one shared preloaded model
conv-42-qa-60,lexical_only,0.7878973076983059,4.188800001429627,92.00609999970766,96.98279730883559,one shared preloaded model
conv-42-qa-61,lexical_only,0.7878973076983059,3.8616999991063494,92.00609999970766,96.65569730651231,one shared preloaded model
conv-42-qa-62,lexical_only,0.7878973076983059,4.320200001529884,92.00609999970766,97.11419730893584,one shared preloaded model
conv-42-qa-63,lexical_only,0.7878973076983059,6.042199998773867,92.00609999970766,98.83619730617983,one shared preloaded model
conv-42-qa-64,lexical_only,0.7878973076983059,6.686299999273615,188.65507500049716,196.12927230746908,one shared preloaded model
conv-42-qa-65,lexical_only,0.7878973076983059,3.8033999990148004,188.65507500049716,193.24637230721027,one shared preloaded model
conv-42-qa-66,lexical_only,0.7878973076983059,3.521899998304434,188.65507500049716,192.9648723064999,one shared preloaded model
conv-42-qa-67,lexical_only,0.7878973076983059,3.4875999990617856,188.65507500049716,192.93057230725725,one shared preloaded model
conv-42-qa-68,lexical_only,0.7878973076983059,4.366699999081902,378.7724750000052,383.9270723067854,one shared preloaded model
conv-42-qa-69,lexical_only,0.7878973076983059,7.497499998862622,378.7724750000052,387.05787230656614,one shared preloaded model
conv-42-qa-70,lexical_only,0.7878973076983059,7.326400002057198,378.7724750000052,386.8867723097607,one shared preloaded model
conv-42-qa-71,lexical_only,0.7878973076983059,7.371699997747783,378.7724750000052,386.9320723054513,one shared preloaded model
conv-42-qa-72,lexical_only,0.7878973076983059,7.249899997987086,79.82842500041443,87.86622230609981,one shared preloaded model
conv-42-qa-73,lexical_only,0.7878973076983059,6.317300001683179,79.82842500041443,86.93362230979591,one shared preloaded model
conv-42-qa-74,lexical_only,0.7878973076983059,7.490100000723032,79.82842500041443,88.10642230883576,one shared preloaded model
conv-42-qa-75,lexical_only,0.7878973076983059,7.358199996815529,79.82842500041443,87.97452230492826,one shared preloaded model
conv-42-qa-76,lexical_only,0.7878973076983059,4.941400002280716,205.16447499994683,210.89377230992585,one shared preloaded model
conv-42-qa-77,lexical_only,0.7878973076983059,7.427699998515891,205.16447499994683,213.38007230616103,one shared preloaded model
conv-42-qa-78,lexical_only,0.7878973076983059,7.656199999473756,205.16447499994683,213.6085723071189,one shared preloaded model
conv-42-qa-79,lexical_only,0.7878973076983059,7.202400000096532,205.16447499994683,213.15477230774167,one shared preloaded model
conv-42-qa-80,lexical_only,0.7878973076983059,4.681599999457831,211.83552500042424,217.30502230758037,one shared preloaded model
conv-42-qa-81,lexical_only,0.7878973076983059,7.485399997676723,211.83552500042424,220.10882230579926,one shared preloaded model
conv-42-qa-82,lexical_only,0.7878973076983059,7.172999998147134,211.83552500042424,219.79642230626968,one shared preloaded model
conv-42-qa-83,lexical_only,0.7878973076983059,7.323300000280142,211.83552500042424,219.94672230840268,one shared preloaded model
conv-42-qa-84,lexical_only,0.7878973076983059,4.962400002114009,114.94577499979641,120.69607230960872,one shared preloaded model
conv-42-qa-85,lexical_only,0.7878973076983059,8.728400000109104,114.94577499979641,124.46207230760382,one shared preloaded model
conv-42-qa-86,lexical_only,0.7878973076983059,8.62299999789684,114.94577499979641,124.35667230539156,one shared preloaded model
conv-42-qa-87,lexical_only,0.7878973076983059,7.954599997901823,114.94577499979641,123.68827230539654,one shared preloaded model
conv-42-qa-88,lexical_only,0.7878973076983059,5.313900001056027,275.4322000000684,281.53399730882273,one shared preloaded model
conv-42-qa-89,lexical_only,0.7878973076983059,7.549099998868769,275.4322000000684,283.7691973066355,one shared preloaded model
conv-42-qa-90,lexical_only,0.7878973076983059,7.098399997630622,275.4322000000684,283.31849730539733,one shared preloaded model
conv-42-qa-91,lexical_only,0.7878973076983059,5.6007999992289115,275.4322000000684,281.8208973069956,one shared preloaded model
conv-42-qa-92,lexical_only,0.7878973076983059,4.429700002219761,84.31380000001809,89.53139730993615,one shared preloaded model
conv-42-qa-93,lexical_only,0.7878973076983059,8.302499998535495,84.31380000001809,93.40419730625189,one shared preloaded model
conv-42-qa-94,lexical_only,0.7878973076983059,7.310900000447873,84.31380000001809,92.41259730816427,one shared preloaded model
conv-42-qa-95,lexical_only,0.7878973076983059,7.230899998830864,84.31380000001809,92.33259730654726,one shared preloaded model
conv-42-qa-96,lexical_only,0.7878973076983059,4.654300002584932,365.9731000007014,371.4152973109846,one shared preloaded model
conv-42-qa-97,lexical_only,0.7878973076983059,7.382899999356596,365.9731000007014,374.1438973077563,one shared preloaded model
conv-42-qa-98,lexical_only,0.7878973076983059,7.385699998849304,365.9731000007014,374.146697307249,one shared preloaded model
conv-42-qa-99,lexical_only,0.7878973076983059,7.717700002103811,365.9731000007014,374.4786973105035,one shared preloaded model
conv-42-qa-100,lexical_only,0.7878973076983059,4.500499999267049,146.1131750002096,151.40157230717494,one shared preloaded model
conv-42-qa-101,lexical_only,0.7878973076983059,3.5567000013543293,146.1131750002096,150.45777230926223,one shared preloaded model
conv-42-qa-102,lexical_only,0.7878973076983059,3.568300002370961,146.1131750002096,150.46937231027886,one shared preloaded model
conv-42-qa-103,lexical_only,0.7878973076983059,3.830300000117859,146.1131750002096,150.73137230802575,one shared preloaded model
conv-42-qa-104,lexical_only,0.7878973076983059,4.74450000183424,214.65075000014622,220.18314730967876,one shared preloaded model
conv-42-qa-105,lexical_only,0.7878973076983059,8.043999998335494,214.65075000014622,223.48264730618,one shared preloaded model
conv-42-qa-106,lexical_only,0.7878973076983059,7.341499996982748,214.65075000014622,222.78014730482727,one shared preloaded model
conv-42-qa-107,lexical_only,0.7878973076983059,7.415100000798702,214.65075000014622,222.85374730864322,one shared preloaded model
conv-42-qa-108,lexical_only,0.7878973076983059,4.673199997341726,174.98059999979887,180.4416973048389,one shared preloaded model
conv-42-qa-109,lexical_only,0.7878973076983059,7.5317000009818,174.98059999979887,183.30019730847897,one shared preloaded model
conv-42-qa-110,lexical_only,0.7878973076983059,7.340100000874372,174.98059999979887,183.10859730837154,one shared preloaded model
conv-42-qa-111,lexical_only,0.7878973076983059,7.522399999288609,174.98059999979887,183.29089730678578,one shared preloaded model
conv-42-qa-112,lexical_only,0.7878973076983059,4.080000002431916,148.68695000041043,153.55484731054065,one shared preloaded model
conv-42-qa-113,lexical_only,0.7878973076983059,7.386700002825819,148.68695000041043,156.86154731093455,one shared preloaded model
conv-42-qa-114,lexical_only,0.7878973076983059,7.400000002235174,148.68695000041043,156.8748473103439,one shared preloaded model
conv-42-qa-115,lexical_only,0.7878973076983059,7.346299997152528,148.68695000041043,156.82114730526126,one shared preloaded model
conv-42-qa-116,lexical_only,0.7878973076983059,4.290699998819036,291.0698499999853,296.14844730650265,one shared preloaded model
conv-42-qa-117,lexical_only,0.7878973076983059,8.350600000994746,291.0698499999853,300.20834730867836,one shared preloaded model
conv-42-qa-118,lexical_only,0.7878973076983059,8.24790000115172,291.0698499999853,300.10564730883533,one shared preloaded model
conv-42-qa-119,lexical_only,0.7878973076983059,7.559099998616148,291.0698499999853,299.41684730629976,one shared preloaded model
conv-42-qa-120,lexical_only,0.7878973076983059,4.50519999867538,222.25342500041734,227.54652230679102,one shared preloaded model
conv-42-qa-121,lexical_only,0.7878973076983059,7.417000000714324,222.25342500041734,230.45832230882996,one shared preloaded model
conv-42-qa-122,lexical_only,0.7878973076983059,7.281600002897903,222.25342500041734,230.32292231101354,one shared preloaded model
conv-42-qa-123,lexical_only,0.7878973076983059,7.116200002201367,222.25342500041734,230.157522310317,one shared preloaded model
conv-42-qa-124,lexical_only,0.7878973076983059,4.873400001088157,446.7662750003001,452.42757230908654,one shared preloaded model
conv-42-qa-125,lexical_only,0.7878973076983059,7.960400002048118,446.7662750003001,455.5145723100465,one shared preloaded model
conv-42-qa-126,lexical_only,0.7878973076983059,7.135400002880488,446.7662750003001,454.6895723108789,one shared preloaded model
conv-42-qa-127,lexical_only,0.7878973076983059,6.366100002196617,446.7662750003001,453.920272310195,one shared preloaded model
conv-42-qa-128,lexical_only,0.7878973076983059,4.553000002488261,164.155225000286,169.49612231047257,one shared preloaded model
conv-42-qa-129,lexical_only,0.7878973076983059,7.807800000591669,164.155225000286,172.75092230857598,one shared preloaded model
conv-42-qa-130,lexical_only,0.7878973076983059,7.283099999767728,164.155225000286,172.22622230775204,one shared preloaded model
conv-42-qa-131,lexical_only,0.7878973076983059,7.095300003129523,164.155225000286,172.03842231111383,one shared preloaded model
conv-42-qa-132,lexical_only,0.7878973076983059,4.1339000017615035,79.96329999969021,84.88509730915001,one shared preloaded model
conv-42-qa-133,lexical_only,0.7878973076983059,7.885200000600889,79.96329999969021,88.6363973079894,one shared preloaded model
conv-42-qa-134,lexical_only,0.7878973076983059,7.376699999440461,79.96329999969021,88.12789730682897,one shared preloaded model
conv-42-qa-135,lexical_only,0.7878973076983059,7.195100002718391,79.96329999969021,87.9462973101069,one shared preloaded model
conv-42-qa-136,lexical_only,0.7878973076983059,4.5196999999461696,106.17079999974521,111.47839730738968,one shared preloaded model
conv-42-qa-137,lexical_only,0.7878973076983059,8.305100000143284,106.17079999974521,115.2637973075868,one shared preloaded model
conv-42-qa-138,lexical_only,0.7878973076983059,7.557099997939076,106.17079999974521,114.51579730538259,one shared preloaded model
conv-42-qa-139,lexical_only,0.7878973076983059,7.37469999876339,106.17079999974521,114.3333973062069,one shared preloaded model
conv-42-qa-140,lexical_only,0.7878973076983059,4.127899999730289,152.27607500037266,157.19187230780125,one shared preloaded model
conv-42-qa-141,lexical_only,0.7878973076983059,3.829499997664243,152.27607500037266,156.8934723057352,one shared preloaded model
conv-42-qa-142,lexical_only,0.7878973076983059,3.8568999989365693,152.27607500037266,156.92087230700753,one shared preloaded model
conv-42-qa-143,lexical_only,0.7878973076983059,3.944799998862436,152.27607500037266,157.0087723069334,one shared preloaded model
conv-42-qa-144,lexical_only,0.7878973076983059,4.2221000003337394,145.7101749992944,150.72017230732644,one shared preloaded model
conv-42-qa-145,lexical_only,0.7878973076983059,8.142499998939456,145.7101749992944,154.64057230593215,one shared preloaded model
conv-42-qa-146,lexical_only,0.7878973076983059,3.7067000012029894,145.7101749992944,150.2047723081957,one shared preloaded model
conv-42-qa-147,lexical_only,0.7878973076983059,3.927800000383286,145.7101749992944,150.42587230737598,one shared preloaded model
conv-42-qa-148,lexical_only,0.7878973076983059,4.511599996476434,154.91087499958667,160.2103723037614,one shared preloaded model
conv-42-qa-149,lexical_only,0.7878973076983059,3.6169000013615005,154.91087499958667,159.31567230864647,one shared preloaded model
conv-42-qa-150,lexical_only,0.7878973076983059,3.644299998995848,154.91087499958667,159.34307230628082,one shared preloaded model
conv-42-qa-151,lexical_only,0.7878973076983059,3.6633000017900486,154.91087499958667,159.36207230907502,one shared preloaded model
conv-42-qa-152,lexical_only,0.7878973076983059,4.340899999078829,170.78482499982783,175.91362230660496,one shared preloaded model
conv-42-qa-153,lexical_only,0.7878973076983059,7.494699999369914,170.78482499982783,179.06742230689605,one shared preloaded model
conv-42-qa-154,lexical_only,0.7878973076983059,7.8973999989102595,170.78482499982783,179.4701223064364,one shared preloaded model
conv-42-qa-155,lexical_only,0.7878973076983059,7.223900000099093,170.78482499982783,178.79662230762523,one shared preloaded model
conv-42-qa-156,lexical_only,0.7878973076983059,4.677699998865137,114.47165000026871,119.93724730683215,one shared preloaded model
conv-42-qa-157,lexical_only,0.7878973076983059,8.627499999420252,114.47165000026871,123.88704730738726,one shared preloaded model
conv-42-qa-158,lexical_only,0.7878973076983059,8.142999999108724,114.47165000026871,123.40254730707574,one shared preloaded model
conv-42-qa-159,lexical_only,0.7878973076983059,7.770000000164146,114.47165000026871,123.02954730813116,one shared preloaded model
conv-42-qa-160,lexical_only,0.7878973076983059,4.571400000713766,94.80824999991455,100.16754730832662,one shared preloaded model
conv-42-qa-161,lexical_only,0.7878973076983059,7.572100003017113,94.80824999991455,103.16824731062997,one shared preloaded model
conv-42-qa-162,lexical_only,0.7878973076983059,7.89249999797903,94.80824999991455,103.48864730559188,one shared preloaded model
conv-42-qa-163,lexical_only,0.7878973076983059,7.190099997387733,94.80824999991455,102.78624730500059,one shared preloaded model
conv-42-qa-164,lexical_only,0.7878973076983059,4.700699999375502,104.497724999419,109.98632230649281,one shared preloaded model
conv-42-qa-165,lexical_only,0.7878973076983059,3.777599999011727,104.497724999419,109.06322230612903,one shared preloaded model
conv-42-qa-166,lexical_only,0.7878973076983059,3.506000000925269,104.497724999419,108.79162230804258,one shared preloaded model
conv-42-qa-167,lexical_only,0.7878973076983059,3.528299999743467,104.497724999419,108.81392230686077,one shared preloaded model
conv-42-qa-168,lexical_only,0.7878973076983059,4.894999998214189,378.75247499960096,384.43537230551345,one shared preloaded model
conv-42-qa-169,lexical_only,0.7878973076983059,3.45269999888842,378.75247499960096,382.9930723061877,one shared preloaded model
conv-42-qa-170,lexical_only,0.7878973076983059,3.4927000015159138,378.75247499960096,383.0330723088152,one shared preloaded model
conv-42-qa-171,lexical_only,0.7878973076983059,3.4482999981264584,378.75247499960096,382.9886723054257,one shared preloaded model
conv-42-qa-172,lexical_only,0.7878973076983059,4.469799998332746,415.5266749994553,420.78437230548633,one shared preloaded model
conv-42-qa-173,lexical_only,0.7878973076983059,3.673499999422347,415.5266749994553,419.98807230657593,one shared preloaded model
conv-42-qa-174,lexical_only,0.7878973076983059,4.678799999965122,415.5266749994553,420.9933723071187,one shared preloaded model
conv-42-qa-175,lexical_only,0.7878973076983059,7.333199999266071,415.5266749994553,423.64777230641965,one shared preloaded model
conv-42-qa-176,lexical_only,0.7878973076983059,4.522799998085247,243.84060000011232,249.15129730589587,one shared preloaded model
conv-42-qa-177,lexical_only,0.7878973076983059,7.546799999545328,243.84060000011232,252.17529730735595,one shared preloaded model
conv-42-qa-178,lexical_only,0.7878973076983059,7.410500002151821,243.84060000011232,252.03899730996244,one shared preloaded model
conv-42-qa-179,lexical_only,0.7878973076983059,7.896399998571724,243.84060000011232,252.52489730638234,one shared preloaded model
conv-42-qa-180,lexical_only,0.7878973076983059,4.1423999973631,137.2263750008642,142.1566723059256,one shared preloaded model
conv-42-qa-181,lexical_only,0.7878973076983059,4.147400002693757,137.2263750008642,142.16167231125627,one shared preloaded model
conv-42-qa-182,lexical_only,0.7878973076983059,7.240800001454772,137.2263750008642,145.25507231001728,one shared preloaded model
conv-42-qa-183,lexical_only,0.7878973076983059,7.787700000335462,137.2263750008642,145.80197230889797,one shared preloaded model
conv-42-qa-184,lexical_only,0.7878973076983059,4.165700000157813,90.03495000069961,94.98854730855572,one shared preloaded model
conv-42-qa-185,lexical_only,0.7878973076983059,8.00349999917671,90.03495000069961,98.82634730757462,one shared preloaded model
conv-42-qa-186,lexical_only,0.7878973076983059,7.172300000092946,90.03495000069961,97.99514730849086,one shared preloaded model
conv-42-qa-187,lexical_only,0.7878973076983059,7.60929999887594,90.03495000069961,98.43214730727385,one shared preloaded model
conv-42-qa-188,lexical_only,0.7878973076983059,4.246399999829009,288.10252499988565,293.13682230741296,one shared preloaded model
conv-42-qa-189,lexical_only,0.7878973076983059,4.04069999785861,288.10252499988565,292.93112230544256,one shared preloaded model
conv-42-qa-190,lexical_only,0.7878973076983059,4.018699997686781,288.10252499988565,292.9091223052707,one shared preloaded model
conv-42-qa-191,lexical_only,0.7878973076983059,4.1788999988057185,288.10252499988565,293.06932230638967,one shared preloaded model
conv-42-qa-192,lexical_only,0.7878973076983059,4.396599997562589,276.63537499938684,281.81987230464773,one shared preloaded model
conv-42-qa-193,lexical_only,0.7878973076983059,8.201500000723172,276.63537499938684,285.6247723078083,one shared preloaded model
conv-42-qa-194,lexical_only,0.7878973076983059,7.347300001129042,276.63537499938684,284.7705723082142,one shared preloaded model
conv-42-qa-195,lexical_only,0.7878973076983059,7.900299999164417,276.63537499938684,285.32357230624956,one shared preloaded model
conv-42-qa-196,lexical_only,0.7878973076983059,4.447999999683816,127.71997500021826,132.95587230760037,one shared preloaded model
conv-42-qa-197,lexical_only,0.7878973076983059,7.407100001728395,127.71997500021826,135.91497230964495,one shared preloaded model
conv-42-qa-198,lexical_only,0.7878973076983059,8.026499999687076,127.71997500021826,136.53437230760363,one shared preloaded model
conv-42-qa-199,lexical_only,0.7878973076983059,7.189899999502813,127.71997500021826,135.69777230741937,one shared preloaded model
conv-42-qa-200,lexical_only,0.7878973076983059,4.138399999646936,81.94714999990538,86.87344730725061,one shared preloaded model
conv-42-qa-201,lexical_only,0.7878973076983059,7.467899999028305,81.94714999990538,90.20294730663198,one shared preloaded model
conv-42-qa-202,lexical_only,0.7878973076983059,7.351600001129555,81.94714999990538,90.08664730873323,one shared preloaded model
conv-42-qa-203,lexical_only,0.7878973076983059,4.265999999915948,81.94714999990538,87.00104730751963,one shared preloaded model
conv-42-qa-204,lexical_only,0.7878973076983059,4.0826999975251965,84.97107500079437,89.84167230601787,one shared preloaded model
conv-42-qa-205,lexical_only,0.7878973076983059,7.5438000021677,84.97107500079437,93.30277231066037,one shared preloaded model
conv-42-qa-206,lexical_only,0.7878973076983059,7.245100001455285,84.97107500079437,93.00407230994796,one shared preloaded model
conv-42-qa-207,lexical_only,0.7878973076983059,7.83199999932549,84.97107500079437,93.59097230781816,one shared preloaded model
conv-42-qa-208,lexical_only,0.7878973076983059,4.164499998296378,82.6279249995423,87.58032230553698,one shared preloaded model
conv-42-qa-209,lexical_only,0.7878973076983059,7.711900001595495,82.6279249995423,91.1277223088361,one shared preloaded model
conv-42-qa-210,lexical_only,0.7878973076983059,7.723200000327779,82.6279249995423,91.13902230756838,one shared preloaded model
conv-42-qa-211,lexical_only,0.7878973076983059,7.266300002811477,82.6279249995423,90.68212231005208,one shared preloaded model
conv-42-qa-212,lexical_only,0.7878973076983059,4.770299998199334,189.9379250007769,195.49612230667452,one shared preloaded model
conv-42-qa-213,lexical_only,0.7878973076983059,7.595200000650948,189.9379250007769,198.32102230912614,one shared preloaded model
conv-42-qa-214,lexical_only,0.7878973076983059,7.220499999675667,189.9379250007769,197.94632230815085,one shared preloaded model
conv-42-qa-215,lexical_only,0.7878973076983059,7.232300002215197,189.9379250007769,197.95812231069038,one shared preloaded model
conv-42-qa-216,lexical_only,0.7878973076983059,4.728299998532748,78.7681749998228,84.28437230605385,one shared preloaded model
conv-42-qa-217,lexical_only,0.7878973076983059,6.931600000825711,78.7681749998228,86.48767230834682,one shared preloaded model
conv-42-qa-218,lexical_only,0.7878973076983059,7.625700000062352,78.7681749998228,87.18177230758346,one shared preloaded model
conv-42-qa-219,lexical_only,0.7878973076983059,7.32380000044941,78.7681749998228,86.87987230797052,one shared preloaded model
conv-42-qa-220,lexical_only,0.7878973076983059,4.066899997269502,78.79535000029136,83.65014730525917,one shared preloaded model
conv-42-qa-221,lexical_only,0.7878973076983059,7.700199999817414,78.79535000029136,87.28344730780708,one shared preloaded model
conv-42-qa-222,lexical_only,0.7878973076983059,7.89960000111023,78.79535000029136,87.4828473090999,one shared preloaded model
conv-42-qa-223,lexical_only,0.7878973076983059,7.227500002045417,78.79535000029136,86.81074731003508,one shared preloaded model
conv-42-qa-224,lexical_only,0.7878973076983059,4.100599999219412,87.47494999988703,92.36344730680474,one shared preloaded model
conv-42-qa-225,lexical_only,0.7878973076983059,7.6812000006611925,87.47494999988703,95.94404730824652,one shared preloaded model
conv-42-qa-226,lexical_only,0.7878973076983059,8.048899999266723,87.47494999988703,96.31174730685206,one shared preloaded model
conv-42-qa-227,lexical_only,0.7878973076983059,7.196599999588216,87.47494999988703,95.45944730717355,one shared preloaded model
conv-42-qa-228,lexical_only,0.7878973076983059,4.231000002619112,84.10672500031069,89.1256223106281,one shared preloaded model
conv-42-qa-229,lexical_only,0.7878973076983059,7.733400001598056,84.10672500031069,92.62802230960705,one shared preloaded model
conv-42-qa-230,lexical_only,0.7878973076983059,8.83359999716049,84.10672500031069,93.72822230516948,one shared preloaded model
conv-42-qa-231,lexical_only,0.7878973076983059,8.360700001503574,84.10672500031069,93.25532230951256,one shared preloaded model
conv-42-qa-232,lexical_only,0.7878973076983059,4.885499998636078,88.36719999999332,94.0405973063277,one shared preloaded model
conv-42-qa-233,lexical_only,0.7878973076983059,4.403800001455238,88.36719999999332,93.55889730914686,one shared preloaded model
conv-42-qa-234,lexical_only,0.7878973076983059,4.634400000213645,88.36719999999332,93.78949730790526,one shared preloaded model
conv-42-qa-235,lexical_only,0.7878973076983059,4.5972999978403095,88.36719999999332,93.75239730553193,one shared preloaded model
conv-42-qa-236,lexical_only,0.7878973076983059,5.403000002843328,202.22102499974426,208.4119223102859,one shared preloaded model
conv-42-qa-237,lexical_only,0.7878973076983059,7.6696000032825395,202.22102499974426,210.6785223107251,one shared preloaded model
conv-42-qa-238,lexical_only,0.7878973076983059,7.813600001099985,202.22102499974426,210.82252230854255,one shared preloaded model
conv-42-qa-239,lexical_only,0.7878973076983059,7.428299999446608,202.22102499974426,210.43722230688917,one shared preloaded model
conv-42-qa-240,lexical_only,0.7878973076983059,5.745099999330705,438.7376499998936,445.2706473069226,one shared preloaded model
conv-42-qa-241,lexical_only,0.7878973076983059,4.402499998832354,438.7376499998936,443.9280473064243,one shared preloaded model
conv-42-qa-242,lexical_only,0.7878973076983059,4.634799999621464,438.7376499998936,444.1603473072134,one shared preloaded model
conv-42-qa-243,lexical_only,0.7878973076983059,4.193600001599407,438.7376499998936,443.7191473091913,one shared preloaded model
conv-42-qa-244,lexical_only,0.7878973076983059,4.250300000421703,115.14992499996879,120.1881223080888,one shared preloaded model
conv-42-qa-245,lexical_only,0.7878973076983059,7.615500002430053,115.14992499996879,123.55332231009714,one shared preloaded model
conv-42-qa-246,lexical_only,0.7878973076983059,6.022699999448378,115.14992499996879,121.96052230711547,one shared preloaded model
conv-42-qa-247,lexical_only,0.7878973076983059,7.397800000035204,115.14992499996879,123.3356223077023,one shared preloaded model
conv-42-qa-248,lexical_only,0.7878973076983059,6.980500002100598,76.03272500000458,83.80112230980347,one shared preloaded model
conv-42-qa-249,lexical_only,0.7878973076983059,7.186800001363736,76.03272500000458,84.00742230906661,one shared preloaded model
conv-42-qa-250,lexical_only,0.7878973076983059,4.43499999892083,76.03272500000458,81.2556223066237,one shared preloaded model
conv-42-qa-251,lexical_only,0.7878973076983059,4.478899998503039,76.03272500000458,81.29952230620592,one shared preloaded model
conv-42-qa-252,lexical_only,0.7878973076983059,4.682599999796366,78.58662499984348,84.05712230733815,one shared preloaded model
conv-42-qa-253,lexical_only,0.7878973076983059,3.8053000025684014,78.58662499984348,83.17982231011018,one shared preloaded model
conv-42-qa-254,lexical_only,0.7878973076983059,4.327699996792944,78.58662499984348,83.70222230433473,one shared preloaded model
conv-42-qa-255,lexical_only,0.7878973076983059,4.414200000610435,78.58662499984348,83.78872230815222,one shared preloaded model
conv-42-qa-256,lexical_only,0.7878973076983059,4.898099999991246,94.43860000010318,100.12459730779273,one shared preloaded model
conv-42-qa-257,lexical_only,0.7878973076983059,7.37930000104825,94.43860000010318,102.60579730884973,one shared preloaded model
conv-42-qa-258,lexical_only,0.7878973076983059,7.223000000522006,94.43860000010318,102.44949730832349,one shared preloaded model
conv-42-qa-259,lexical_only,0.7878973076983059,7.102399998984765,94.43860000010318,102.32889730678625,one shared preloaded model
conv-43-qa-0,lexical_only,0.9944822314153964,7.670400002098177,396.2113249999675,404.87620723348107,one shared preloaded model
conv-43-qa-1,lexical_only,0.9944822314153964,8.161199999449309,396.2113249999675,405.3670072308322,one shared preloaded model
conv-43-qa-2,lexical_only,0.9944822314153964,7.479399999283487,396.2113249999675,404.6852072306664,one shared preloaded model
conv-43-qa-3,lexical_only,0.9944822314153964,7.907699997304007,396.2113249999675,405.1135072286869,one shared preloaded model
conv-43-qa-4,lexical_only,0.9944822314153964,4.394200001115678,88.61574999991717,94.00443223244824,one shared preloaded model
conv-43-qa-5,lexical_only,0.9944822314153964,8.009000001038658,88.61574999991717,97.61923223237122,one shared preloaded model
conv-43-qa-6,lexical_only,0.9944822314153964,7.838599998649443,88.61574999991717,97.448832229982,one shared preloaded model
conv-43-qa-7,lexical_only,0.9944822314153964,7.485200003429782,88.61574999991717,97.09543223476234,one shared preloaded model
conv-43-qa-8,lexical_only,0.9944822314153964,4.274499999155523,315.11342500016326,320.3824072307342,one shared preloaded model
conv-43-qa-9,lexical_only,0.9944822314153964,3.8308000002871267,315.11342500016326,319.9387072318658,one shared preloaded model
conv-43-qa-10,lexical_only,0.9944822314153964,4.691299996920861,315.11342500016326,320.79920722849954,one shared preloaded model
conv-43-qa-11,lexical_only,0.9944822314153964,4.502900002989918,315.11342500016326,320.6108072345686,one shared preloaded model
conv-43-qa-12,lexical_only,0.9944822314153964,4.368599998997524,268.0806250000387,273.44370723045165,one shared preloaded model
conv-43-qa-13,lexical_only,0.9944822314153964,7.433899998432025,268.0806250000387,276.50900722988615,one shared preloaded model
conv-43-qa-14,lexical_only,0.9944822314153964,7.1433000011893455,268.0806250000387,276.2184072326435,one shared preloaded model
conv-43-qa-15,lexical_only,0.9944822314153964,7.601799999974901,268.0806250000387,276.676907231429,one shared preloaded model
conv-43-qa-16,lexical_only,0.9944822314153964,4.681399997934932,85.01662500020757,90.69250722955789,one shared preloaded model
conv-43-qa-17,lexical_only,0.9944822314153964,7.31889999951818,85.01662500020757,93.33000723114114,one shared preloaded model
conv-43-qa-18,lexical_only,0.9944822314153964,7.341399999859277,85.01662500020757,93.35250723148224,one shared preloaded model
conv-43-qa-19,lexical_only,0.9944822314153964,8.017399999516783,85.01662500020757,94.02850723113974,one shared preloaded model
conv-43-qa-20,lexical_only,0.9944822314153964,4.490899998927489,190.89209999947343,196.3774822298163,one shared preloaded model
conv-43-qa-21,lexical_only,0.9944822314153964,7.460699998773634,190.89209999947343,199.34728222966245,one shared preloaded model
conv-43-qa-22,lexical_only,0.9944822314153964,7.255299999087583,190.89209999947343,199.1418822299764,one shared preloaded model
conv-43-qa-23,lexical_only,0.9944822314153964,7.028199997876072,190.89209999947343,198.9147822287649,one shared preloaded model
conv-43-qa-24,lexical_only,0.9944822314153964,4.172500001004664,100.52017500038346,105.68715723280351,one shared preloaded model
conv-43-qa-25,lexical_only,0.9944822314153964,7.842899998649955,100.52017500038346,109.3575572304488,one shared preloaded model
conv-43-qa-26,lexical_only,0.9944822314153964,7.516100002249004,100.52017500038346,109.03075723404785,one shared preloaded model
conv-43-qa-27,lexical_only,0.9944822314153964,7.617400002345676,100.52017500038346,109.13205723414453,one shared preloaded model
conv-43-qa-28,lexical_only,0.9944822314153964,4.465399997570785,86.57270000003336,92.03258222901954,one shared preloaded model
conv-43-qa-29,lexical_only,0.9944822314153964,4.027800001495052,86.57270000003336,91.5949822329438,one shared preloaded model
conv-43-qa-30,lexical_only,0.9944822314153964,3.632100000686478,86.57270000003336,91.19928223213523,one shared preloaded model
conv-43-qa-31,lexical_only,0.9944822314153964,3.5754999989876524,86.57270000003336,91.1426822304364,one shared preloaded model
conv-43-qa-32,lexical_only,0.9944822314153964,4.661999999370892,84.60575000026438,90.26223223105066,one shared preloaded model
conv-43-qa-33,lexical_only,0.9944822314153964,7.40360000054352,84.60575000026438,93.00383223222329,one shared preloaded model
conv-43-qa-34,lexical_only,0.9944822314153964,7.230499999423046,84.60575000026438,92.83073223110281,one shared preloaded model
conv-43-qa-35,lexical_only,0.9944822314153964,7.265399999596411,84.60575000026438,92.86563223127618,one shared preloaded model
conv-43-qa-36,lexical_only,0.9944822314153964,3.9890999978524633,146.29630000035831,151.27988222962617,one shared preloaded model
conv-43-qa-37,lexical_only,0.9944822314153964,3.645400000095833,146.29630000035831,150.93618223186954,one shared preloaded model
conv-43-qa-38,lexical_only,0.9944822314153964,3.7401000008685514,146.29630000035831,151.03088223264226,one shared preloaded model
conv-43-qa-39,lexical_only,0.9944822314153964,4.4483999990916345,146.29630000035831,151.73918223086534,one shared preloaded model
conv-43-qa-40,lexical_only,0.9944822314153964,6.056499998521758,133.68902500042168,140.74000723035883,one shared preloaded model
conv-43-qa-41,lexical_only,0.9944822314153964,7.460699998773634,133.68902500042168,142.1442072306107,one shared preloaded model
conv-43-qa-42,lexical_only,0.9944822314153964,7.4414000009710435,133.68902500042168,142.1249072328081,one shared preloaded model
conv-43-qa-43,lexical_only,0.9944822314153964,7.669999999052379,133.68902500042168,142.35350723088945,one shared preloaded model
conv-43-qa-44,lexical_only,0.9944822314153964,4.186800000752555,165.95890000007785,171.1401822322458,one shared preloaded model
conv-43-qa-45,lexical_only,0.9944822314153964,3.6588000002666377,165.95890000007785,170.61218223175987,one shared preloaded model
conv-43-qa-46,lexical_only,0.9944822314153964,4.267200001777383,165.95890000007785,171.22058223327062,one shared preloaded model
conv-43-qa-47,lexical_only,0.9944822314153964,4.294499998650281,165.95890000007785,171.24788223014352,one shared preloaded model
conv-43-qa-48,lexical_only,0.9944822314153964,4.5589000001200475,161.00189999997383,166.55528223150927,one shared preloaded model
conv-43-qa-49,lexical_only,0.9944822314153964,7.648499999049818,161.00189999997383,169.64488223043904,one shared preloaded model
conv-43-qa-50,lexical_only,0.9944822314153964,7.107399997039465,161.00189999997383,169.10378222842868,one shared preloaded model
conv-43-qa-51,lexical_only,0.9944822314153964,7.278199998836499,161.00189999997383,169.27458223022572,one shared preloaded model
conv-43-qa-52,lexical_only,0.9944822314153964,4.410300000017742,158.87969999948837,164.2844822309215,one shared preloaded model
conv-43-qa-53,lexical_only,0.9944822314153964,6.027499999618158,158.87969999948837,165.9016822305219,one shared preloaded model
conv-43-qa-54,lexical_only,0.9944822314153964,8.683100000780541,158.87969999948837,168.5572822316843,one shared preloaded model
conv-43-qa-55,lexical_only,0.9944822314153964,8.062299999437528,158.87969999948837,167.93648223034128,one shared preloaded model
conv-43-qa-56,lexical_only,0.9944822314153964,4.358600002888124,148.23830000023008,153.5913822345336,one shared preloaded model
conv-43-qa-57,lexical_only,0.9944822314153964,7.590400000481168,148.23830000023008,156.82318223212664,one shared preloaded model
conv-43-qa-58,lexical_only,0.9944822314153964,7.444999999279389,148.23830000023008,156.67778223092486,one shared preloaded model
conv-43-qa-59,lexical_only,0.9944822314153964,7.1496999989904,148.23830000023008,156.38248223063587,one shared preloaded model
conv-43-qa-60,lexical_only,0.9944822314153964,4.219700000248849,197.4998499999856,202.71403223164984,one shared preloaded model
conv-43-qa-61,lexical_only,0.9944822314153964,7.431400001223665,197.4998499999856,205.92573223262465,one shared preloaded model
conv-43-qa-62,lexical_only,0.9944822314153964,7.689499998377869,197.4998499999856,206.18383222977886,one shared preloaded model
conv-43-qa-63,lexical_only,0.9944822314153964,7.349499999691034,197.4998499999856,205.84383223109202,one shared preloaded model
conv-43-qa-64,lexical_only,0.9944822314153964,5.316200000379467,87.12892499988811,93.43960723168297,one shared preloaded model
conv-43-qa-65,lexical_only,0.9944822314153964,5.202699998335447,87.12892499988811,93.32610722963895,one shared preloaded model
conv-43-qa-66,lexical_only,0.9944822314153964,4.3293999988236465,87.12892499988811,92.45280723012715,one shared preloaded model
conv-43-qa-67,lexical_only,0.9944822314153964,4.446599999937462,87.12892499988811,92.57000723124096,one shared preloaded model
conv-43-qa-68,lexical_only,0.9944822314153964,4.563400001643458,160.70937499989668,166.26725723295553,one shared preloaded model
conv-43-qa-69,lexical_only,0.9944822314153964,7.441799996740883,160.70937499989668,169.14565722805295,one shared preloaded model
conv-43-qa-70,lexical_only,0.9944822314153964,7.7521999992313795,160.70937499989668,169.45605723054345,one shared preloaded model
conv-43-qa-71,lexical_only,0.9944822314153964,7.395000000542495,160.70937499989668,169.09885723185457,one shared preloaded model
conv-43-qa-72,lexical_only,0.9944822314153964,4.100899997865781,120.57887499940989,125.67425722869106,one shared preloaded model
conv-43-qa-73,lexical_only,0.9944822314153964,4.181799999059876,120.57887499940989,125.75515722988516,one shared preloaded model
conv-43-qa-74,lexical_only,0.9944822314153964,6.578000000445172,120.57887499940989,128.15135723127045,one shared preloaded model
conv-43-qa-75,lexical_only,0.9944822314153964,7.42790000003879,120.57887499940989,129.00125723086407,one shared preloaded model
conv-43-qa-76,lexical_only,0.9944822314153964,4.47849999909522,287.8238749999582,293.29685723046885,one shared preloaded model
conv-43-qa-77,lexical_only,0.9944822314153964,7.407900000544032,287.8238749999582,296.22625723191766,one shared preloaded model
conv-43-qa-78,lexical_only,0.9944822314153964,7.202200002211612,287.8238749999582,296.02055723358524,one shared preloaded model
conv-43-qa-79,lexical_only,0.9944822314153964,7.135599997127429,287.8238749999582,295.95395722850105,one shared preloaded model
conv-43-qa-80,lexical_only,0.9944822314153964,4.102399998373585,251.32872499943915,256.42560722922815,one shared preloaded model
conv-43-qa-81,lexical_only,0.9944822314153964,4.419400000188034,251.32872499943915,256.7426072310426,one shared preloaded model
conv-43-qa-82,lexical_only,0.9944822314153964,7.397099998343037,251.32872499943915,259.7203072291976,one shared preloaded model
conv-43-qa-83,lexical_only,0.9944822314153964,7.324300000618678,251.32872499943915,259.64750723147324,one shared preloaded model
conv-43-qa-84,lexical_only,0.9944822314153964,4.171699998551048,274.7612499997558,279.9274322297223,one shared preloaded model
conv-43-qa-85,lexical_only,0.9944822314153964,3.4419999974488746,274.7612499997558,279.1977322286201,one shared preloaded model
conv-43-qa-86,lexical_only,0.9944822314153964,3.6652000017056707,274.7612499997558,279.4209322328769,one shared preloaded model
conv-43-qa-87,lexical_only,0.9944822314153964,4.133499998715706,274.7612499997558,279.88923222988694,one shared preloaded model
conv-43-qa-88,lexical_only,0.9944822314153964,4.297200001019519,468.88092500012135,474.1726072325563,one shared preloaded model
conv-43-qa-89,lexical_only,0.9944822314153964,4.047099999297643,468.88092500012135,473.9225072308344,one shared preloaded model
conv-43-qa-90,lexical_only,0.9944822314153964,3.8844999980938155,468.88092500012135,473.7599072296306,one shared preloaded model
conv-43-qa-91,lexical_only,0.9944822314153964,4.605900001479313,468.88092500012135,474.4813072330161,one shared preloaded model
conv-43-qa-92,lexical_only,0.9944822314153964,4.611799999111099,141.07172500007437,146.67800723060085,one shared preloaded model
conv-43-qa-93,lexical_only,0.9944822314153964,7.381200000963872,141.07172500007437,149.44740723245363,one shared preloaded model
conv-43-qa-94,lexical_only,0.9944822314153964,7.467899999028305,141.07172500007437,149.53410723051806,one shared preloaded model
conv-43-qa-95,lexical_only,0.9944822314153964,5.817500001285225,141.07172500007437,147.88370723277498,one shared preloaded model
conv-43-qa-96,lexical_only,0.9944822314153964,7.567100001324434,201.33924999936426,209.90083223210408,one shared preloaded model
conv-43-qa-97,lexical_only,0.9944822314153964,8.280300000478746,201.33924999936426,210.6140322312584,one shared preloaded model
conv-43-qa-98,lexical_only,0.9944822314153964,8.09800000206451,201.33924999936426,210.43173223284415,one shared preloaded model
conv-43-qa-99,lexical_only,0.9944822314153964,7.26579999900423,201.33924999936426,209.59953222978388,one shared preloaded model
conv-43-qa-100,lexical_only,0.9944822314153964,4.89930000185268,299.7186500006137,305.6124322338818,one shared preloaded model
conv-43-qa-101,lexical_only,0.9944822314153964,7.299199998669792,299.7186500006137,308.0123322306989,one shared preloaded model
conv-43-qa-102,lexical_only,0.9944822314153964,7.082000000082189,299.7186500006137,307.7951322321113,one shared preloaded model
conv-43-qa-103,lexical_only,0.9944822314153964,5.936800000199582,299.7186500006137,306.6499322322287,one shared preloaded model
conv-43-qa-104,lexical_only,0.9944822314153964,4.548199998680502,85.09529999992083,90.63798223001672,one shared preloaded model
conv-43-qa-105,lexical_only,0.9944822314153964,7.6636999983747955,85.09529999992083,93.75348222971101,one shared preloaded model
conv-43-qa-106,lexical_only,0.9944822314153964,7.302499998331768,85.09529999992083,93.39228222966798,one shared preloaded model
conv-43-qa-107,lexical_only,0.9944822314153964,7.150099998398218,85.09529999992083,93.23988222973443,one shared preloaded model
conv-43-qa-108,lexical_only,0.9944822314153964,4.178999999567168,306.06954999984737,311.24303223082995,one shared preloaded model
conv-43-qa-109,lexical_only,0.9944822314153964,3.6779000001843087,306.06954999984737,310.7419322314471,one shared preloaded model
conv-43-qa-110,lexical_only,0.9944822314153964,3.864300000714138,306.06954999984737,310.9283322319769,one shared preloaded model
conv-43-qa-111,lexical_only,0.9944822314153964,4.572699999698671,306.06954999984737,311.63673223096146,one shared preloaded model
conv-43-qa-112,lexical_only,0.9944822314153964,4.255299998476403,197.90160000047763,203.15138223036942,one shared preloaded model
conv-43-qa-113,lexical_only,0.9944822314153964,3.6709000014525373,197.90160000047763,202.56698223334556,one shared preloaded model
conv-43-qa-114,lexical_only,0.9944822314153964,4.163199999311473,197.90160000047763,203.0592822312045,one shared preloaded model
conv-43-qa-115,lexical_only,0.9944822314153964,4.171000000496861,197.90160000047763,203.06708223238988,one shared preloaded model
conv-43-qa-116,lexical_only,0.9944822314153964,4.332600001362152,204.92319999993924,210.25028223271678,one shared preloaded model
conv-43-qa-117,lexical_only,0.9944822314153964,8.21170000199345,204.92319999993924,214.12938223334808,one shared preloaded model
conv-43-qa-118,lexical_only,0.9944822314153964,7.83929999670363,204.92319999993924,213.75698222805826,one shared preloaded model
conv-43-qa-119,lexical_only,0.9944822314153964,7.487700000638142,204.92319999993924,213.40538223199277,one shared preloaded model
conv-43-qa-120,lexical_only,0.9944822314153964,4.516900000453461,133.5793250000279,139.09070723189674,one shared preloaded model
conv-43-qa-121,lexical_only,0.9944822314153964,3.8870999997016042,133.5793250000279,138.4609072311449,one shared preloaded model
conv-43-qa-122,lexical_only,0.9944822314153964,3.7072000013722572,133.5793250000279,138.28100723281554,one shared preloaded model
conv-43-qa-123,lexical_only,0.9944822314153964,3.728299998329021,133.5793250000279,138.3021072297723,one shared preloaded model
conv-43-qa-124,lexical_only,0.9944822314153964,5.753199999162462,223.85722500075644,230.6049072313343,one shared preloaded model
conv-43-qa-125,lexical_only,0.9944822314153964,7.522899999457877,223.85722500075644,232.3746072316297,one shared preloaded model
conv-43-qa-126,lexical_only,0.9944822314153964,7.365999998000916,223.85722500075644,232.21770723017275,one shared preloaded model
conv-43-qa-127,lexical_only,0.9944822314153964,7.296799998584902,223.85722500075644,232.14850723075673,one shared preloaded model
conv-43-qa-128,lexical_only,0.9944822314153964,4.19799999872339,170.97957500027405,176.17205723041283,one shared preloaded model
conv-43-qa-129,lexical_only,0.9944822314153964,7.73509999999078,170.97957500027405,179.70915723168022,one shared preloaded model
conv-43-qa-130,lexical_only,0.9944822314153964,8.246900000813184,170.97957500027405,180.22095723250263,one shared preloaded model
conv-43-qa-131,lexical_only,0.9944822314153964,7.7851000023656525,170.97957500027405,179.7591572340551,one shared preloaded model
conv-43-qa-132,lexical_only,0.9944822314153964,4.280799999833107,329.90795000023354,335.18323223148207,one shared preloaded model
conv-43-qa-133,lexical_only,0.9944822314153964,4.6082000008027535,329.90795000023354,335.5106322324517,one shared preloaded model
conv-43-qa-134,lexical_only,0.9944822314153964,4.401300000608899,329.90795000023354,335.30373223225786,one shared preloaded model
conv-43-qa-135,lexical_only,0.9944822314153964,3.6469000006036367,329.90795000023354,334.5493322322526,one shared preloaded model
conv-43-qa-136,lexical_only,0.9944822314153964,4.274599999916973,418.29204999976355,423.56113223109594,one shared preloaded model
conv-43-qa-137,lexical_only,0.9944822314153964,4.853500002354849,418.29204999976355,424.1400322335338,one shared preloaded model
conv-43-qa-138,lexical_only,0.9944822314153964,4.910500003461493,418.29204999976355,424.19703223464046,one shared preloaded model
conv-43-qa-139,lexical_only,0.9944822314153964,7.28259999959846,418.29204999976355,426.5691322307774,one shared preloaded model
conv-43-qa-140,lexical_only,0.9944822314153964,4.723299996840069,123.92404999991413,129.6418322281696,one shared preloaded model
conv-43-qa-141,lexical_only,0.9944822314153964,5.150199998752214,123.92404999991413,130.06873223008174,one shared preloaded model
conv-43-qa-142,lexical_only,0.9944822314153964,3.7647999997716397,123.92404999991413,128.68333223110116,one shared preloaded model
conv-43-qa-143,lexical_only,0.9944822314153964,4.486699999688426,123.92404999991413,129.40523223101795,one shared preloaded model
conv-43-qa-144,lexical_only,0.9944822314153964,4.293300000426825,122.9478499999459,128.23563223178812,one shared preloaded model
conv-43-qa-145,lexical_only,0.9944822314153964,7.968100002472056,122.9478499999459,131.91043223383335,one shared preloaded model
conv-43-qa-146,lexical_only,0.9944822314153964,7.9719000023033,122.9478499999459,131.9142322336646,one shared preloaded model
conv-43-qa-147,lexical_only,0.9944822314153964,7.603499998367624,122.9478499999459,131.54583222972892,one shared preloaded model
conv-43-qa-148,lexical_only,0.9944822314153964,4.70359999962966,75.7701749998887,81.46825723093374,one shared preloaded model
conv-43-qa-149,lexical_only,0.9944822314153964,4.111899997951696,75.7701749998887,80.87655722925578,one shared preloaded model
conv-43-qa-150,lexical_only,0.9944822314153964,4.641300001821946,75.7701749998887,81.40595723312603,one shared preloaded model
conv-43-qa-151,lexical_only,0.9944822314153964,4.554800001642434,75.7701749998887,81.31945723294652,one shared preloaded model
conv-43-qa-152,lexical_only,0.9944822314153964,4.72260000242386,94.45617499932268,100.17325723316193,one shared preloaded model
conv-43-qa-153,lexical_only,0.9944822314153964,7.841999999072868,94.45617499932268,103.29265722981094,one shared preloaded model
conv-43-qa-154,lexical_only,0.9944822314153964,7.867399999668123,94.45617499932268,103.3180572304062,one shared preloaded model
conv-43-qa-155,lexical_only,0.9944822314153964,7.6628999995591585,94.45617499932268,103.11355723029723,one shared preloaded model
conv-43-qa-156,lexical_only,0.9944822314153964,4.3876999989151955,122.28119999963383,127.66338222996441,one shared preloaded model
conv-43-qa-157,lexical_only,0.9944822314153964,3.52289999864297,122.28119999963383,126.79858222969219,one shared preloaded model
conv-43-qa-158,lexical_only,0.9944822314153964,3.734099998837337,122.28119999963383,127.00978222988655,one shared preloaded model
conv-43-qa-159,lexical_only,0.9944822314153964,3.5449999995762482,122.28119999963383,126.82068223062547,one shared preloaded model
conv-43-qa-160,lexical_only,0.9944822314153964,4.781299998285249,94.75434999967547,100.53013222937611,one shared preloaded model
conv-43-qa-161,lexical_only,0.9944822314153964,3.6900000013702083,94.75434999967547,99.43883223246107,one shared preloaded model
conv-43-qa-162,lexical_only,0.9944822314153964,3.433599998970749,94.75434999967547,99.18243223006161,one shared preloaded model
conv-43-qa-163,lexical_only,0.9944822314153964,4.346699999587145,94.75434999967547,100.095532230678,one shared preloaded model
conv-43-qa-164,lexical_only,0.9944822314153964,4.484100001718616,281.5299000003506,287.00848223348464,one shared preloaded model
conv-43-qa-165,lexical_only,0.9944822314153964,7.552999999461463,281.5299000003506,290.0773822312275,one shared preloaded model
conv-43-qa-166,lexical_only,0.9944822314153964,7.236400000692811,281.5299000003506,289.76078223245884,one shared preloaded model
conv-43-qa-167,lexical_only,0.9944822314153964,7.653999997273786,281.5299000003506,290.1783822290398,one shared preloaded model
conv-43-qa-168,lexical_only,0.9944822314153964,4.529400001047179,235.78100000031554,241.3048822327781,one shared preloaded model
conv-43-qa-169,lexical_only,0.9944822314153964,7.824399999663001,235.78100000031554,244.59988223139393,one shared preloaded model
conv-43-qa-170,lexical_only,0.9944822314153964,7.88049999755458,235.78100000031554,244.6559822292855,one shared preloaded model
conv-43-qa-171,lexical_only,0.9944822314153964,7.2416000002704095,235.78100000031554,244.01708223200134,one shared preloaded model
conv-43-qa-172,lexical_only,0.9944822314153964,4.334000001108507,82.04917500006559,87.37765723258948,one shared preloaded model
conv-43-qa-173,lexical_only,0.9944822314153964,7.588300002680626,82.04917500006559,90.6319572341616,one shared preloaded model
conv-43-qa-174,lexical_only,0.9944822314153964,7.450399996741908,82.04917500006559,90.49405722822289,one shared preloaded model
conv-43-qa-175,lexical_only,0.9944822314153964,7.226300000183983,82.04917500006559,90.26995723166496,one shared preloaded model
conv-43-qa-176,lexical_only,0.9944822314153964,4.258599998138379,272.9919749999681,278.2450572295219,one shared preloaded model
conv-43-qa-177,lexical_only,0.9944822314153964,3.459100000327453,272.9919749999681,277.44555723171095,one shared preloaded model
conv-43-qa-178,lexical_only,0.9944822314153964,3.957799999625422,272.9919749999681,277.9442572310089,one shared preloaded model
conv-43-qa-179,lexical_only,0.9944822314153964,5.9142999998584855,272.9919749999681,279.900757231242,one shared preloaded model
conv-43-qa-180,lexical_only,0.9944822314153964,4.278000000340398,115.99554999975226,121.26803223150804,one shared preloaded model
conv-43-qa-181,lexical_only,0.9944822314153964,7.4813999999605585,115.99554999975226,124.4714322311282,one shared preloaded model
conv-43-qa-182,lexical_only,0.9944822314153964,4.407699998409953,115.99554999975226,121.3977322295776,one shared preloaded model
conv-43-qa-183,lexical_only,0.9944822314153964,3.8915999975870363,115.99554999975226,120.88163222875468,one shared preloaded model
conv-43-qa-184,lexical_only,0.9944822314153964,4.224000000249362,140.65052500063757,145.86900723230232,one shared preloaded model
conv-43-qa-185,lexical_only,0.9944822314153964,7.588199998281198,140.65052500063757,149.23320723033416,one shared preloaded model
conv-43-qa-186,lexical_only,0.9944822314153964,7.5372999999672174,140.65052500063757,149.18230723202018,one shared preloaded model
conv-43-qa-187,lexical_only,0.9944822314153964,7.326900002226466,140.65052500063757,148.97190723427943,one shared preloaded model
conv-43-qa-188,lexical_only,0.9944822314153964,4.469400002562907,88.01402500012045,93.47790723409875,one shared preloaded model
conv-43-qa-189,lexical_only,0.9944822314153964,7.359100000030594,88.01402500012045,96.36760723156644,one shared preloaded model
conv-43-qa-190,lexical_only,0.9944822314153964,7.374700002401369,88.01402500012045,96.38320723393721,one shared preloaded model
conv-43-qa-191,lexical_only,0.9944822314153964,7.359400002314942,88.01402500012045,96.36790723385079,one shared preloaded model
conv-43-qa-192,lexical_only,0.9944822314153964,4.63339999987511,162.77900000022782,168.40688223151832,one shared preloaded model
conv-43-qa-193,lexical_only,0.9944822314153964,7.2118999996746425,162.77900000022782,170.98538223131786,one shared preloaded model
conv-43-qa-194,lexical_only,0.9944822314153964,7.495700003346428,162.77900000022782,171.26918223498964,one shared preloaded model
conv-43-qa-195,lexical_only,0.9944822314153964,7.208300001366297,162.77900000022782,170.9817822330095,one shared preloaded model
conv-43-qa-196,lexical_only,0.9944822314153964,4.277700001694029,94.09235000020999,99.36453223331941,one shared preloaded model
conv-43-qa-197,lexical_only,0.9944822314153964,7.637499998963904,94.09235000020999,102.72433223058928,one shared preloaded model
conv-43-qa-198,lexical_only,0.9944822314153964,7.22229999882984,94.09235000020999,102.30913223045522,one shared preloaded model
conv-43-qa-199,lexical_only,0.9944822314153964,7.242299998324597,94.09235000020999,102.32913222994998,one shared preloaded model
conv-43-qa-200,lexical_only,0.9944822314153964,4.136100000323495,84.46382500005711,89.594407231796,one shared preloaded model
conv-43-qa-201,lexical_only,0.9944822314153964,7.419999998091953,84.46382500005711,92.87830722956446,one shared preloaded model
conv-43-qa-202,lexical_only,0.9944822314153964,7.125100000848761,84.46382500005711,92.58340723232126,one shared preloaded model
conv-43-qa-203,lexical_only,0.9944822314153964,7.112899998901412,84.46382500005711,92.57120723037391,one shared preloaded model
conv-43-qa-204,lexical_only,0.9944822314153964,4.346300000179326,221.70407499925204,227.04485723084676,one shared preloaded model
conv-43-qa-205,lexical_only,0.9944822314153964,3.513500003464287,221.70407499925204,226.21205723413172,one shared preloaded model
conv-43-qa-206,lexical_only,0.9944822314153964,3.9146999988588504,221.70407499925204,226.61325722952628,one shared preloaded model
conv-43-qa-207,lexical_only,0.9944822314153964,3.573300000425661,221.70407499925204,226.2718572310931,one shared preloaded model
conv-43-qa-208,lexical_only,0.9944822314153964,6.156800001917873,148.66457500011165,155.81585723344492,one shared preloaded model
conv-43-qa-209,lexical_only,0.9944822314153964,7.579599998280173,148.66457500011165,157.23865722980722,one shared preloaded model
conv-43-qa-210,lexical_only,0.9944822314153964,7.653800003026845,148.66457500011165,157.3128572345539,one shared preloaded model
conv-43-qa-211,lexical_only,0.9944822314153964,7.380700000794604,148.66457500011165,157.03975723232165,one shared preloaded model
conv-43-qa-212,lexical_only,0.9944822314153964,4.444600002898369,245.6647500002873,251.10383223460107,one shared preloaded model
conv-43-qa-213,lexical_only,0.9944822314153964,7.535900000220863,245.6647500002873,254.19513223192357,one shared preloaded model
conv-43-qa-214,lexical_only,0.9944822314153964,7.581899997603614,245.6647500002873,254.24113222930632,one shared preloaded model
conv-43-qa-215,lexical_only,0.9944822314153964,7.3129000011249445,245.6647500002873,253.97213223282765,one shared preloaded model
conv-43-qa-216,lexical_only,0.9944822314153964,4.503500000282656,82.17372500075726,87.6717072324553,one shared preloaded model
conv-43-qa-217,lexical_only,0.9944822314153964,8.161400000972208,82.17372500075726,91.32960723314486,one shared preloaded model
conv-43-qa-218,lexical_only,0.9944822314153964,7.1596999987377785,82.17372500075726,90.32790723091043,one shared preloaded model
conv-43-qa-219,lexical_only,0.9944822314153964,4.371600000013132,82.17372500075726,87.53980723218578,one shared preloaded model
conv-43-qa-220,lexical_only,0.9944822314153964,4.488400001719128,87.9539500001556,93.43683223329012,one shared preloaded model
conv-43-qa-221,lexical_only,0.9944822314153964,4.188399998383829,87.9539500001556,93.13683222995482,one shared preloaded model
conv-43-qa-222,lexical_only,0.9944822314153964,4.741100001410814,87.9539500001556,93.6895322329818,one shared preloaded model
conv-43-qa-223,lexical_only,0.9944822314153964,7.301600002392661,87.9539500001556,96.25003223396365,one shared preloaded model
conv-43-qa-224,lexical_only,0.9944822314153964,4.474800000025425,85.12014999996609,90.5894322314069,one shared preloaded model
conv-43-qa-225,lexical_only,0.9944822314153964,4.428899999766145,85.12014999996609,90.54353223114762,one shared preloaded model
conv-43-qa-226,lexical_only,0.9944822314153964,4.316599999583559,85.12014999996609,90.43123223096504,one shared preloaded model
conv-43-qa-227,lexical_only,0.9944822314153964,4.625699999451172,85.12014999996609,90.74033223083265,one shared preloaded model
conv-43-qa-228,lexical_only,0.9944822314153964,4.548900000372669,81.90819999981613,87.45158223160419,one shared preloaded model
conv-43-qa-229,lexical_only,0.9944822314153964,3.5785000000032596,81.90819999981613,86.48118223123478,one shared preloaded model
conv-43-qa-230,lexical_only,0.9944822314153964,8.181900000636233,81.90819999981613,91.08458223186776,one shared preloaded model
conv-43-qa-231,lexical_only,0.9944822314153964,7.100399998307694,81.90819999981613,90.00308222953922,one shared preloaded model
conv-43-qa-232,lexical_only,0.9944822314153964,4.215799999656156,83.77120000022842,88.98148223129996,one shared preloaded model
conv-43-qa-233,lexical_only,0.9944822314153964,9.346099999675062,83.77120000022842,94.11178223131887,one shared preloaded model
conv-43-qa-234,lexical_only,0.9944822314153964,7.494900000892812,83.77120000022842,92.26058223253662,one shared preloaded model
conv-43-qa-235,lexical_only,0.9944822314153964,7.570900001155678,83.77120000022842,92.33658223279949,one shared preloaded model
conv-43-qa-236,lexical_only,0.9944822314153964,4.304099998989841,167.93744999995397,173.2360322303592,one shared preloaded model
conv-43-qa-237,lexical_only,0.9944822314153964,3.7515000003622845,167.93744999995397,172.68343223173164,one shared preloaded model
conv-43-qa-238,lexical_only,0.9944822314153964,3.829499997664243,167.93744999995397,172.7614322290336,one shared preloaded model
conv-43-qa-239,lexical_only,0.9944822314153964,3.692800000862917,167.93744999995397,172.62473223223228,one shared preloaded model
conv-43-qa-240,lexical_only,0.9944822314153964,4.6868999997968785,128.33784999929776,134.01923223051003,one shared preloaded model
conv-43-qa-241,lexical_only,0.9944822314153964,6.345300000248244,128.33784999929776,135.6776322309614,one shared preloaded model
conv-44-qa-0,lexical_only,1.3170386076045717,7.673600000998704,159.42502500001865,168.4156636086219,one shared preloaded model
conv-44-qa-1,lexical_only,1.3170386076045717,7.276899999851594,159.42502500001865,168.0189636074748,one shared preloaded model
conv-44-qa-2,lexical_only,1.3170386076045717,7.504000001063105,159.42502500001865,168.2460636086863,one shared preloaded model
conv-44-qa-3,lexical_only,1.3170386076045717,7.775599999149563,159.42502500001865,168.51766360677277,one shared preloaded model
conv-44-qa-4,lexical_only,1.3170386076045717,4.198999999061925,164.46287500002654,169.97891360669303,one shared preloaded model
conv-44-qa-5,lexical_only,1.3170386076045717,3.6160999989078846,164.46287500002654,169.396013606539,one shared preloaded model
conv-44-qa-6,lexical_only,1.3170386076045717,3.5898999994969927,164.46287500002654,169.3698136071281,one shared preloaded model
conv-44-qa-7,lexical_only,1.3170386076045717,3.9245000007213093,164.46287500002654,169.7044136083524,one shared preloaded model
conv-44-qa-8,lexical_only,1.3170386076045717,4.569699998683063,166.90450000078272,172.79123860707034,one shared preloaded model
conv-44-qa-9,lexical_only,1.3170386076045717,8.419000001595123,166.90450000078272,176.6405386099824,one shared preloaded model
conv-44-qa-10,lexical_only,1.3170386076045717,7.551599999715108,166.90450000078272,175.77313860810239,one shared preloaded model
conv-44-qa-11,lexical_only,1.3170386076045717,7.072899999911897,166.90450000078272,175.29443860829917,one shared preloaded model
conv-44-qa-12,lexical_only,1.3170386076045717,4.4421999991755,85.5339500003538,91.29318860713387,one shared preloaded model
conv-44-qa-13,lexical_only,1.3170386076045717,8.392399999138433,85.5339500003538,95.2433886070968,one shared preloaded model
conv-44-qa-14,lexical_only,1.3170386076045717,7.262099999934435,85.5339500003538,94.1130886078928,one shared preloaded model
conv-44-qa-15,lexical_only,1.3170386076045717,7.551500002591638,85.5339500003538,94.40248861055001,one shared preloaded model
conv-44-qa-16,lexical_only,1.3170386076045717,4.092399998626206,87.15982499961683,92.56926360584761,one shared preloaded model
conv-44-qa-17,lexical_only,1.3170386076045717,4.2265999982191715,87.15982499961683,92.70346360544058,one shared preloaded model
conv-44-qa-18,lexical_only,1.3170386076045717,4.431200002727564,87.15982499961683,92.90806360994897,one shared preloaded model
conv-44-qa-19,lexical_only,1.3170386076045717,4.556199997750809,87.15982499961683,93.03306360497221,one shared preloaded model
conv-44-qa-20,lexical_only,1.3170386076045717,4.453100002137944,88.76129999953264,94.53143860927516,one shared preloaded model
conv-44-qa-21,lexical_only,1.3170386076045717,7.710199999564793,88.76129999953264,97.788538606702,one shared preloaded model
conv-44-qa-22,lexical_only,1.3170386076045717,7.1646999967924785,88.76129999953264,97.24303860392969,one shared preloaded model
conv-44-qa-23,lexical_only,1.3170386076045717,7.368400001723785,88.76129999953264,97.446738608861,one shared preloaded model
conv-44-qa-24,lexical_only,1.3170386076045717,4.552200000034645,165.9234999997352,171.79273860737442,one shared preloaded model
conv-44-qa-25,lexical_only,1.3170386076045717,4.072299998369999,165.9234999997352,171.31283860570977,one shared preloaded model
conv-44-qa-26,lexical_only,1.3170386076045717,4.612299999280367,165.9234999997352,171.85283860662014,one shared preloaded model
conv-44-qa-27,lexical_only,1.3170386076045717,4.67199999911827,165.9234999997352,171.91253860645804,one shared preloaded model
conv-44-qa-28,lexical_only,1.3170386076045717,4.065599998284597,108.00462499992136,113.38726360581053,one shared preloaded model
conv-44-qa-29,lexical_only,1.3170386076045717,7.748899999569403,108.00462499992136,117.07056360709534,one shared preloaded model
conv-44-qa-30,lexical_only,1.3170386076045717,7.24380000247038,108.00462499992136,116.56546360999631,one shared preloaded model
conv-44-qa-31,lexical_only,1.3170386076045717,7.422400001814822,108.00462499992136,116.74406360934076,one shared preloaded model
conv-44-qa-32,lexical_only,1.3170386076045717,4.549799999949755,96.6066500004672,102.47348860802153,one shared preloaded model
conv-44-qa-33,lexical_only,1.3170386076045717,4.647500001738081,96.6066500004672,102.57118860980985,one shared preloaded model
conv-44-qa-34,lexical_only,1.3170386076045717,3.922600000805687,96.6066500004672,101.84628860887746,one shared preloaded model
conv-44-qa-35,lexical_only,1.3170386076045717,3.603500001190696,96.6066500004672,101.52718860926247,one shared preloaded model
conv-44-qa-36,lexical_only,1.3170386076045717,4.241099999489961,172.976650000237,178.5347886073315,one shared preloaded model
conv-44-qa-37,lexical_only,1.3170386076045717,7.865399998991052,172.976650000237,182.1590886068326,one shared preloaded model
conv-44-qa-38,lexical_only,1.3170386076045717,7.242200001201127,172.976650000237,181.53588860904267,one shared preloaded model
conv-44-qa-39,lexical_only,1.3170386076045717,6.2996000015118625,172.976650000237,180.5932886093534,one shared preloaded model
conv-44-qa-40,lexical_only,1.3170386076045717,4.657299999962561,85.92240000052698,91.89673860809411,one shared preloaded model
conv-44-qa-41,lexical_only,1.3170386076045717,7.762299999740208,85.92240000052698,95.00173860787176,one shared preloaded model
conv-44-qa-42,lexical_only,1.3170386076045717,7.595800001581665,85.92240000052698,94.83523860971322,one shared preloaded model
conv-44-qa-43,lexical_only,1.3170386076045717,7.220800001960015,85.92240000052698,94.46023861009157,one shared preloaded model
conv-44-qa-44,lexical_only,1.3170386076045717,4.217600002448307,90.39442500034056,95.92906361039344,one shared preloaded model
conv-44-qa-45,lexical_only,1.3170386076045717,7.271600003150525,90.39442500034056,98.98306361109566,one shared preloaded model
conv-44-qa-46,lexical_only,1.3170386076045717,7.5027000020782,90.39442500034056,99.21416361002333,one shared preloaded model
conv-44-qa-47,lexical_only,1.3170386076045717,7.237100002384977,90.39442500034056,98.94856361033011,one shared preloaded model
conv-44-qa-48,lexical_only,1.3170386076045717,4.267299998900853,122.65197499982605,128.23631360633146,one shared preloaded model
conv-44-qa-49,lexical_only,1.3170386076045717,3.4885999994003214,122.65197499982605,127.45761360683095,one shared preloaded model
conv-44-qa-50,lexical_only,1.3170386076045717,4.573300000629388,122.65197499982605,128.54231360806,one shared preloaded model
conv-44-qa-51,lexical_only,1.3170386076045717,4.3334000001777895,122.65197499982605,128.3024136076084,one shared preloaded model
conv-44-qa-52,lexical_only,1.3170386076045717,4.603699999279343,399.1870749996451,405.107813606529,one shared preloaded model
conv-44-qa-53,lexical_only,1.3170386076045717,7.924000001366949,399.1870749996451,408.4281136086166,one shared preloaded model
conv-44-qa-54,lexical_only,1.3170386076045717,7.75920000160113,399.1870749996451,408.2633136088508,one shared preloaded model
conv-44-qa-55,lexical_only,1.3170386076045717,7.368399998085806,399.1870749996451,407.8725136053355,one shared preloaded model
conv-44-qa-56,lexical_only,1.3170386076045717,4.507199999352451,85.05207500002143,90.87631360697846,one shared preloaded model
conv-44-qa-57,lexical_only,1.3170386076045717,7.324700000026496,85.05207500002143,93.6938136076525,one shared preloaded model
conv-44-qa-58,lexical_only,1.3170386076045717,7.304200000362471,85.05207500002143,93.67331360798848,one shared preloaded model
conv-44-qa-59,lexical_only,1.3170386076045717,8.00830000298447,85.05207500002143,94.37741361061047,one shared preloaded model
conv-44-qa-60,lexical_only,1.3170386076045717,4.400199999508914,188.45820000024105,194.17543860735452,one shared preloaded model
conv-44-qa-61,lexical_only,1.3170386076045717,7.79809999949066,188.45820000024105,197.57333860733627,one shared preloaded model
conv-44-qa-62,lexical_only,1.3170386076045717,7.952199997816933,188.45820000024105,197.72743860566254,one shared preloaded model
conv-44-qa-63,lexical_only,1.3170386076045717,7.7305000013438985,188.45820000024105,197.5057386091895,one shared preloaded model
conv-44-qa-64,lexical_only,1.3170386076045717,3.9665999975113664,255.59014999998908,260.873788605105,one shared preloaded model
conv-44-qa-65,lexical_only,1.3170386076045717,7.4251999976695515,255.59014999998908,264.3323886052632,one shared preloaded model
conv-44-qa-66,lexical_only,1.3170386076045717,7.728600001428276,255.59014999998908,264.6357886090219,one shared preloaded model
conv-44-qa-67,lexical_only,1.3170386076045717,7.828199999494245,255.59014999998908,264.7353886070879,one shared preloaded model
conv-44-qa-68,lexical_only,1.3170386076045717,4.375900000013644,84.967300000244,90.66023860786221,one shared preloaded model
conv-44-qa-69,lexical_only,1.3170386076045717,7.491300002584467,84.967300000244,93.77563861043303,one shared preloaded model
conv-44-qa-70,lexical_only,1.3170386076045717,8.070899999438552,84.967300000244,94.35523860728712,one shared preloaded model
conv-44-qa-71,lexical_only,1.3170386076045717,7.716199997958029,84.967300000244,94.0005386058066,one shared preloaded model
conv-44-qa-72,lexical_only,1.3170386076045717,6.780899999284884,134.68757499958883,142.78551360647828,one shared preloaded model
conv-44-qa-73,lexical_only,1.3170386076045717,8.689300000696676,134.68757499958883,144.69391360789007,one shared preloaded model
conv-44-qa-74,lexical_only,1.3170386076045717,7.420900001307018,134.68757499958883,143.4255136085004,one shared preloaded model
conv-44-qa-75,lexical_only,1.3170386076045717,7.353700002568075,134.68757499958883,143.35831360976147,one shared preloaded model
conv-44-qa-76,lexical_only,1.3170386076045717,6.627699996897718,148.76594999986992,156.7106886043722,one shared preloaded model
conv-44-qa-77,lexical_only,1.3170386076045717,8.92789999852539,148.76594999986992,159.01088860599987,one shared preloaded model
conv-44-qa-78,lexical_only,1.3170386076045717,7.865200001106132,148.76594999986992,157.9481886085806,one shared preloaded model
conv-44-qa-79,lexical_only,1.3170386076045717,7.633299999724841,148.76594999986992,157.71628860719932,one shared preloaded model
conv-44-qa-80,lexical_only,1.3170386076045717,5.280599998513935,317.1483249998346,323.7459636059531,one shared preloaded model
conv-44-qa-81,lexical_only,1.3170386076045717,3.8057999990996905,317.1483249998346,322.27116360653883,one shared preloaded model
conv-44-qa-82,lexical_only,1.3170386076045717,3.6093000016990118,317.1483249998346,322.07466360913816,one shared preloaded model
conv-44-qa-83,lexical_only,1.3170386076045717,3.482699998130556,317.1483249998346,321.9480636055697,one shared preloaded model
conv-44-qa-84,lexical_only,1.3170386076045717,4.211100000247825,201.56227500046953,207.0904136083219,one shared preloaded model
conv-44-qa-85,lexical_only,1.3170386076045717,7.208099999843398,201.56227500046953,210.08741360791748,one shared preloaded model
conv-44-qa-86,lexical_only,1.3170386076045717,5.814200001623249,201.56227500046953,208.69351360969733,one shared preloaded model
conv-44-qa-87,lexical_only,1.3170386076045717,4.576499999529915,201.56227500046953,207.455813607604,one shared preloaded model
conv-44-qa-88,lexical_only,1.3170386076045717,4.363500000181375,241.7571500000122,247.43768860779812,one shared preloaded model
conv-44-qa-89,lexical_only,1.3170386076045717,3.5548999985621776,241.7571500000122,246.62908860617893,one shared preloaded model
conv-44-qa-90,lexical_only,1.3170386076045717,4.545499999949243,241.7571500000122,247.619688607566,one shared preloaded model
conv-44-qa-91,lexical_only,1.3170386076045717,5.526299999473849,241.7571500000122,248.6004886070906,one shared preloaded model
conv-44-qa-92,lexical_only,1.3170386076045717,4.510400001890957,152.2867749999932,158.11421360948873,one shared preloaded model
conv-44-qa-93,lexical_only,1.3170386076045717,4.422900001372909,152.2867749999932,158.02671360897068,one shared preloaded model
conv-44-qa-94,lexical_only,1.3170386076045717,4.353500000433996,152.2867749999932,157.95731360803177,one shared preloaded model
conv-44-qa-95,lexical_only,1.3170386076045717,4.407699998409953,152.2867749999932,158.01151360600772,one shared preloaded model
conv-44-qa-96,lexical_only,1.3170386076045717,4.170500000327593,162.4265500004185,167.91408860835065,one shared preloaded model
conv-44-qa-97,lexical_only,1.3170386076045717,7.747599996946519,162.4265500004185,171.49118860496958,one shared preloaded model
conv-44-qa-98,lexical_only,1.3170386076045717,7.554900003015064,162.4265500004185,171.29848861103812,one shared preloaded model
conv-44-qa-99,lexical_only,1.3170386076045717,7.844700001442106,162.4265500004185,171.58828860946517,one shared preloaded model
conv-44-qa-100,lexical_only,1.3170386076045717,5.050799998571165,257.09974999972474,263.46758860590046,one shared preloaded model
conv-44-qa-101,lexical_only,1.3170386076045717,4.8659999993105885,257.09974999972474,263.2827886066399,one shared preloaded model
conv-44-qa-102,lexical_only,1.3170386076045717,4.452699999092147,257.09974999972474,262.86948860642144,one shared preloaded model
conv-44-qa-103,lexical_only,1.3170386076045717,4.279299999325303,257.09974999972474,262.6960886066546,one shared preloaded model
conv-44-qa-104,lexical_only,1.3170386076045717,4.384899999422487,211.52352500030247,217.22546360732952,one shared preloaded model
conv-44-qa-105,lexical_only,1.3170386076045717,8.060699998168275,211.52352500030247,220.9012636060753,one shared preloaded model
conv-44-qa-106,lexical_only,1.3170386076045717,7.462800000212155,211.52352500030247,220.30336360811918,one shared preloaded model
conv-44-qa-107,lexical_only,1.3170386076045717,7.311100001970772,211.52352500030247,220.1516636098778,one shared preloaded model
conv-44-qa-108,lexical_only,1.3170386076045717,4.626300000381889,92.86122499997873,98.80456360796519,one shared preloaded model
conv-44-qa-109,lexical_only,1.3170386076045717,6.696200001897523,92.86122499997873,100.87446360948083,one shared preloaded model
conv-44-qa-110,lexical_only,1.3170386076045717,7.304400001885369,92.86122499997873,101.48266360946867,one shared preloaded model
conv-44-qa-111,lexical_only,1.3170386076045717,7.235400000354275,92.86122499997873,101.41366360793758,one shared preloaded model
conv-44-qa-112,lexical_only,1.3170386076045717,5.655699998897035,91.46470000086993,98.43743860737153,one shared preloaded model
conv-44-qa-113,lexical_only,1.3170386076045717,8.037700001295889,91.46470000086993,100.81943860977039,one shared preloaded model
conv-44-qa-114,lexical_only,1.3170386076045717,7.271999998920364,91.46470000086993,100.05373860739486,one shared preloaded model
conv-44-qa-115,lexical_only,1.3170386076045717,7.700699999986682,91.46470000086993,100.48243860846118,one shared preloaded model
conv-44-qa-116,lexical_only,1.3170386076045717,4.48569999934989,466.6392500002985,472.44198860725294,one shared preloaded model
conv-44-qa-117,lexical_only,1.3170386076045717,8.05430000036722,466.6392500002985,476.01058860827027,one shared preloaded model
conv-44-qa-118,lexical_only,1.3170386076045717,7.675699998799246,466.6392500002985,475.6319886067023,one shared preloaded model
conv-44-qa-119,lexical_only,1.3170386076045717,7.994899999175686,466.6392500002985,475.95118860707873,one shared preloaded model
conv-44-qa-120,lexical_only,1.3170386076045717,6.752400000550551,264.7933999996894,272.86283860784454,one shared preloaded model
conv-44-qa-121,lexical_only,1.3170386076045717,3.9381000024150126,264.7933999996894,270.048538609709,one shared preloaded model
conv-44-qa-122,lexical_only,1.3170386076045717,4.902300002868287,264.7933999996894,271.0127386101623,one shared preloaded model
conv-44-qa-123,lexical_only,1.3170386076045717,4.426299998158356,264.7933999996894,270.53673860545234,one shared preloaded model
conv-44-qa-124,lexical_only,1.3170386076045717,4.40090000120108,99.55884999999398,105.27678860879963,one shared preloaded model
conv-44-qa-125,lexical_only,1.3170386076045717,7.8883999995014165,99.55884999999398,108.76428860709997,one shared preloaded model
conv-44-qa-126,lexical_only,1.3170386076045717,7.183999998233048,99.55884999999398,108.0598886058316,one shared preloaded model
conv-44-qa-127,lexical_only,1.3170386076045717,7.36979999783216,99.55884999999398,108.24568860543071,one shared preloaded model
conv-44-qa-128,lexical_only,1.3170386076045717,4.728399999294197,93.62842500013357,99.67386360703235,one shared preloaded model
conv-44-qa-129,lexical_only,1.3170386076045717,3.5337000008439645,93.62842500013357,98.47916360858211,one shared preloaded model
conv-44-qa-130,lexical_only,1.3170386076045717,3.529599998728372,93.62842500013357,98.47506360646652,one shared preloaded model
conv-44-qa-131,lexical_only,1.3170386076045717,3.4450999992259312,93.62842500013357,98.39056360696408,one shared preloaded model
conv-44-qa-132,lexical_only,1.3170386076045717,4.666799999540672,81.2314000004335,87.21523860757874,one shared preloaded model
conv-44-qa-133,lexical_only,1.3170386076045717,7.950200000777841,81.2314000004335,90.49863860881591,one shared preloaded model
conv-44-qa-134,lexical_only,1.3170386076045717,7.3358999979973305,81.2314000004335,89.8843386060354,one shared preloaded model
conv-44-qa-135,lexical_only,1.3170386076045717,7.249499998579267,81.2314000004335,89.79793860661734,one shared preloaded model
conv-44-qa-136,lexical_only,1.3170386076045717,4.1388999998162035,85.14734999971552,90.60328860713629,one shared preloaded model
conv-44-qa-137,lexical_only,1.3170386076045717,5.031100001360755,85.14734999971552,91.49548860868084,one shared preloaded model
conv-44-qa-138,lexical_only,1.3170386076045717,4.656000000977656,85.14734999971552,91.12038860829774,one shared preloaded model
conv-44-qa-139,lexical_only,1.3170386076045717,4.2837999972107355,85.14734999971552,90.74818860453082,one shared preloaded model
conv-44-qa-140,lexical_only,1.3170386076045717,4.624000001058448,135.19244999952207,141.13348860818508,one shared preloaded model
conv-44-qa-141,lexical_only,1.3170386076045717,6.862500002171146,135.19244999952207,143.37198860929777,one shared preloaded model
conv-44-qa-142,lexical_only,1.3170386076045717,7.543200001236983,135.19244999952207,144.0526886083636,one shared preloaded model
conv-44-qa-143,lexical_only,1.3170386076045717,5.881400000362191,135.19244999952207,142.39088860748882,one shared preloaded model
conv-44-qa-144,lexical_only,1.3170386076045717,4.2228999991493765,86.1058000000412,91.64573860679515,one shared preloaded model
conv-44-qa-145,lexical_only,1.3170386076045717,3.5963999980594963,86.1058000000412,91.01923860570527,one shared preloaded model
conv-44-qa-146,lexical_only,1.3170386076045717,3.8940999984333757,86.1058000000412,91.31693860607915,one shared preloaded model
conv-44-qa-147,lexical_only,1.3170386076045717,7.742999998299638,86.1058000000412,95.16583860594541,one shared preloaded model
conv-44-qa-148,lexical_only,1.3170386076045717,4.868200001510559,145.42770000025484,151.61293860936996,one shared preloaded model
conv-44-qa-149,lexical_only,1.3170386076045717,7.97940000120434,145.42770000025484,154.72413860906374,one shared preloaded model
conv-44-qa-150,lexical_only,1.3170386076045717,7.05980000202544,145.42770000025484,153.80453860988484,one shared preloaded model
conv-44-qa-151,lexical_only,1.3170386076045717,7.2318999991694,145.42770000025484,153.9766386070288,one shared preloaded model
conv-44-qa-152,lexical_only,1.3170386076045717,4.214599997794721,321.5786249993471,327.11026360474636,one shared preloaded model
conv-44-qa-153,lexical_only,1.3170386076045717,7.4414000009710435,321.5786249993471,330.3370636079227,one shared preloaded model
conv-44-qa-154,lexical_only,1.3170386076045717,7.167799998569535,321.5786249993471,330.0634636055212,one shared preloaded model
conv-44-qa-155,lexical_only,1.3170386076045717,8.162699999957113,321.5786249993471,331.05836360690876,one shared preloaded model
conv-44-qa-156,lexical_only,1.3170386076045717,4.6698999976797495,229.85220000009576,235.83913860538007,one shared preloaded model
conv-44-qa-157,lexical_only,1.3170386076045717,7.892599998740479,229.85220000009576,239.0618386064408,one shared preloaded model
conv-47-qa-0,lexical_only,1.183831052625656,8.302100002765656,95.19025000008696,104.67618105547828,one shared preloaded model
conv-47-qa-1,lexical_only,1.183831052625656,7.501099997170968,95.19025000008696,103.8751810498836,one shared preloaded model
conv-47-qa-2,lexical_only,1.183831052625656,7.098099998984253,95.19025000008696,103.47218105169688,one shared preloaded model
conv-47-qa-3,lexical_only,1.183831052625656,7.320199998503085,95.19025000008696,103.69428105121571,one shared preloaded model
conv-47-qa-4,lexical_only,1.183831052625656,4.468399998586392,79.49822499995207,85.15045605116413,one shared preloaded model
conv-47-qa-5,lexical_only,1.183831052625656,7.410700000036741,79.49822499995207,88.09275605261448,one shared preloaded model
conv-47-qa-6,lexical_only,1.183831052625656,7.368300000962336,79.49822499995207,88.05035605354007,one shared preloaded model
conv-47-qa-7,lexical_only,1.183831052625656,4.197900001599919,79.49822499995207,84.87995605417765,one shared preloaded model
conv-47-qa-8,lexical_only,1.183831052625656,4.273700000339886,196.288099999947,201.74563105291256,one shared preloaded model
conv-47-qa-9,lexical_only,1.183831052625656,3.9347999991150573,196.288099999947,201.40673105168773,one shared preloaded model
conv-47-qa-10,lexical_only,1.183831052625656,3.4507000018493272,196.288099999947,200.922631054422,one shared preloaded model
conv-47-qa-11,lexical_only,1.183831052625656,4.502200001297751,196.288099999947,201.97413105387042,one shared preloaded model
conv-47-qa-12,lexical_only,1.183831052625656,4.488999999011867,153.2551499994952,158.92798105113272,one shared preloaded model
conv-47-qa-13,lexical_only,1.183831052625656,7.896299997810274,153.2551499994952,162.33528104993113,one shared preloaded model
conv-47-qa-14,lexical_only,1.183831052625656,7.2782000024744775,153.2551499994952,161.71718105459533,one shared preloaded model
conv-47-qa-15,lexical_only,1.183831052625656,7.384699998510769,153.2551499994952,161.82368105063162,one shared preloaded model
conv-47-qa-16,lexical_only,1.183831052625656,4.434300000866642,585.5436499996358,591.1617810531282,one shared preloaded model
conv-47-qa-17,lexical_only,1.183831052625656,7.971700000780402,585.5436499996358,594.6991810530419,one shared preloaded model
conv-47-qa-18,lexical_only,1.183831052625656,7.488600000215229,585.5436499996358,594.2160810524767,one shared preloaded model
conv-47-qa-19,lexical_only,1.183831052625656,7.289400000445312,585.5436499996358,594.0168810527068,one shared preloaded model
conv-47-qa-20,lexical_only,1.183831052625656,4.268599997885758,153.6950749996322,159.14750605014362,one shared preloaded model
conv-47-qa-21,lexical_only,1.183831052625656,7.447600000887178,153.6950749996322,162.32650605314504,one shared preloaded model
conv-47-qa-22,lexical_only,1.183831052625656,7.527300000219839,153.6950749996322,162.4062060524777,one shared preloaded model
conv-47-qa-23,lexical_only,1.183831052625656,4.380599999421975,153.6950749996322,159.25950605167984,one shared preloaded model
conv-47-qa-24,lexical_only,1.183831052625656,4.88010000117356,97.41705000033107,103.4809810541303,one shared preloaded model
conv-47-qa-25,lexical_only,1.183831052625656,7.478899999114219,97.41705000033107,106.07978105207096,one shared preloaded model
conv-47-qa-26,lexical_only,1.183831052625656,7.214500001282431,97.41705000033107,105.81538105423917,one shared preloaded model
conv-47-qa-27,lexical_only,1.183831052625656,7.987600001797546,97.41705000033107,106.58848105475428,one shared preloaded model
conv-47-qa-28,lexical_only,1.183831052625656,4.721299999800976,148.50949999981822,154.41463105224486,one shared preloaded model
conv-47-qa-29,lexical_only,1.183831052625656,4.748300001665484,148.50949999981822,154.44163105410937,one shared preloaded model
conv-47-qa-30,lexical_only,1.183831052625656,4.499899998336332,148.50949999981822,154.1932310507802,one shared preloaded model
conv-47-qa-31,lexical_only,1.183831052625656,4.392399998323526,148.50949999981822,154.0857310507674,one shared preloaded model
conv-47-qa-32,lexical_only,1.183831052625656,4.563599999528378,69.60579999940819,75.35323105156223,one shared preloaded model
conv-47-qa-33,lexical_only,1.183831052625656,7.420900001307018,69.60579999940819,78.21053105334087,one shared preloaded model
conv-47-qa-34,lexical_only,1.183831052625656,7.388000001810724,69.60579999940819,78.17763105384458,one shared preloaded model
conv-47-qa-35,lexical_only,1.183831052625656,8.27449999997043,69.60579999940819,79.06413105200429,one shared preloaded model
conv-47-qa-36,lexical_only,1.183831052625656,4.294700000173179,171.78990000047634,177.26843105327518,one shared preloaded model
conv-47-qa-37,lexical_only,1.183831052625656,6.912399996508611,171.78990000047634,179.8861310496106,one shared preloaded model
conv-47-qa-38,lexical_only,1.183831052625656,7.325099999434315,171.78990000047634,180.29883105253631,one shared preloaded model
conv-47-qa-39,lexical_only,1.183831052625656,7.150900000851834,171.78990000047634,180.12463105395383,one shared preloaded model
conv-47-qa-40,lexical_only,1.183831052625656,4.184299999906216,186.17307499971503,191.5412060522469,one shared preloaded model
conv-47-qa-41,lexical_only,1.183831052625656,4.417500000272412,186.17307499971503,191.7744060526131,one shared preloaded model
conv-47-qa-42,lexical_only,1.183831052625656,4.45670000044629,186.17307499971503,191.81360605278698,one shared preloaded model
conv-47-qa-43,lexical_only,1.183831052625656,5.028600000514416,186.17307499971503,192.3855060528551,one shared preloaded model
conv-47-qa-44,lexical_only,1.183831052625656,5.023099998652469,107.03600000033475,113.24293105161289,one shared preloaded model
conv-47-qa-45,lexical_only,1.183831052625656,7.729699998890283,107.03600000033475,115.9495310518507,one shared preloaded model
conv-47-qa-46,lexical_only,1.183831052625656,7.172999998147134,107.03600000033475,115.39283105110755,one shared preloaded model
conv-47-qa-47,lexical_only,1.183831052625656,7.437899999786168,107.03600000033475,115.65773105274658,one shared preloaded model
conv-47-qa-48,lexical_only,1.183831052625656,4.4859999979962595,158.96190000057686,164.63173105119878,one shared preloaded model
conv-47-qa-49,lexical_only,1.183831052625656,7.435999999870546,158.96190000057686,167.58173105307307,one shared preloaded model
conv-47-qa-50,lexical_only,1.183831052625656,7.615399998030625,158.96190000057686,167.76113105123315,one shared preloaded model
conv-47-qa-51,lexical_only,1.183831052625656,7.848000001104083,158.96190000057686,167.9937310543066,one shared preloaded model
conv-47-qa-52,lexical_only,1.183831052625656,4.469200001040008,150.82165000058012,156.4746810542458,one shared preloaded model
conv-47-qa-53,lexical_only,1.183831052625656,8.532600000762613,150.82165000058012,160.5380810539684,one shared preloaded model
conv-47-qa-54,lexical_only,1.183831052625656,7.102499999746215,150.82165000058012,159.107981052952,one shared preloaded model
conv-47-qa-55,lexical_only,1.183831052625656,7.202000000688713,150.82165000058012,159.2074810538945,one shared preloaded model
conv-47-qa-56,lexical_only,1.183831052625656,5.043599998316495,164.963775000615,171.19120605155715,one shared preloaded model
conv-47-qa-57,lexical_only,1.183831052625656,7.5376000022515655,164.963775000615,173.68520605549222,one shared preloaded model
conv-47-qa-58,lexical_only,1.183831052625656,7.273400002304697,164.963775000615,173.42100605554535,one shared preloaded model
conv-47-qa-59,lexical_only,1.183831052625656,7.437000000209082,164.963775000615,173.58460605344973,one shared preloaded model
conv-47-qa-60,lexical_only,1.183831052625656,5.103600000438746,90.72554999966087,97.01298105272528,one shared preloaded model
conv-47-qa-61,lexical_only,1.183831052625656,7.572700000309851,90.72554999966087,99.48208105259639,one shared preloaded model
conv-47-qa-62,lexical_only,1.183831052625656,8.347699997102609,90.72554999966087,100.25708104938914,one shared preloaded model
conv-47-qa-63,lexical_only,1.183831052625656,7.808099999238038,90.72554999966087,99.71748105152457,one shared preloaded model
conv-47-qa-64,lexical_only,1.183831052625656,4.315399997722125,140.07307500014576,145.57230605049355,one shared preloaded model
conv-47-qa-65,lexical_only,1.183831052625656,7.57050000174786,140.07307500014576,148.8274060545193,one shared preloaded model
conv-47-qa-66,lexical_only,1.183831052625656,7.298900000023423,140.07307500014576,148.55580605279485,one shared preloaded model
conv-47-qa-67,lexical_only,1.183831052625656,7.271400001627626,140.07307500014576,148.52830605439905,one shared preloaded model
conv-47-qa-68,lexical_only,1.183831052625656,5.085599997983081,243.70337500022288,249.97280605083162,one shared preloaded model
conv-47-qa-69,lexical_only,1.183831052625656,4.6282999974209815,243.70337500022288,249.51550605026952,one shared preloaded model
conv-47-qa-70,lexical_only,1.183831052625656,4.226899996865541,243.70337500022288,249.11410604971408,one shared preloaded model
conv-47-qa-71,lexical_only,1.183831052625656,4.131699999561533,243.70337500022288,249.01890605241007,one shared preloaded model
conv-47-qa-72,lexical_only,1.183831052625656,6.320399999822257,101.35145000003831,108.85568105248623,one shared preloaded model
conv-47-qa-73,lexical_only,1.183831052625656,7.849999998143176,101.35145000003831,110.38528105080715,one shared preloaded model
conv-47-qa-74,lexical_only,1.183831052625656,7.898100000602426,101.35145000003831,110.4333810532664,one shared preloaded model
conv-47-qa-75,lexical_only,1.183831052625656,7.82440000330098,101.35145000003831,110.35968105596496,one shared preloaded model
conv-47-qa-76,lexical_only,1.183831052625656,6.927400001586648,128.06302500030142,136.17425605451373,one shared preloaded model
conv-47-qa-77,lexical_only,1.183831052625656,8.077900001808302,128.06302500030142,137.3247560547354,one shared preloaded model
conv-47-qa-78,lexical_only,1.183831052625656,6.997699998464668,128.06302500030142,136.24455605139175,one shared preloaded model
conv-47-qa-79,lexical_only,1.183831052625656,7.412299997668015,128.06302500030142,136.6591560505951,one shared preloaded model
conv-47-qa-80,lexical_only,1.183831052625656,4.582000001391862,332.65080000001035,338.41663105402785,one shared preloaded model
conv-47-qa-81,lexical_only,1.183831052625656,7.633900000655558,332.65080000001035,341.46853105329154,one shared preloaded model
conv-47-qa-82,lexical_only,1.183831052625656,7.423600000038277,332.65080000001035,341.25823105267426,one shared preloaded model
conv-47-qa-83,lexical_only,1.183831052625656,8.00869999875431,332.65080000001035,341.8433310513903,one shared preloaded model
conv-47-qa-84,lexical_only,1.183831052625656,4.120500001590699,79.55577499978972,84.86010605400608,one shared preloaded model
conv-47-qa-85,lexical_only,1.183831052625656,7.459000000380911,79.55577499978972,88.1986060527963,one shared preloaded model
conv-47-qa-86,lexical_only,1.183831052625656,4.291900000680471,79.55577499978972,85.03150605309585,one shared preloaded model
conv-47-qa-87,lexical_only,1.183831052625656,3.6325000000942964,79.55577499978972,84.37210605250968,one shared preloaded model
conv-47-qa-88,lexical_only,1.183831052625656,4.783500000485219,180.8270249994166,186.7943560525275,one shared preloaded model
conv-47-qa-89,lexical_only,1.183831052625656,8.03299999824958,180.8270249994166,190.04385605029185,one shared preloaded model
conv-47-qa-90,lexical_only,1.183831052625656,7.7651999999943655,180.8270249994166,189.77605605203664,one shared preloaded model
conv-47-qa-91,lexical_only,1.183831052625656,7.467800001904834,180.8270249994166,189.4786560539471,one shared preloaded model
conv-47-qa-92,lexical_only,1.183831052625656,5.175599999347469,82.63989999977639,88.99933105174952,one shared preloaded model
conv-47-qa-93,lexical_only,1.183831052625656,7.378999998763902,82.63989999977639,91.20273105116596,one shared preloaded model
conv-47-qa-94,lexical_only,1.183831052625656,7.359100000030594,82.63989999977639,91.18283105243265,one shared preloaded model
conv-47-qa-95,lexical_only,1.183831052625656,7.795000001351582,82.63989999977639,91.61873105375363,one shared preloaded model
conv-47-qa-96,lexical_only,1.183831052625656,4.598200001055375,94.13657499953842,99.91860605321946,one shared preloaded model
conv-47-qa-97,lexical_only,1.183831052625656,7.71099999838043,94.13657499953842,103.03140605054452,one shared preloaded model
conv-47-qa-98,lexical_only,1.183831052625656,7.402300001558615,94.13657499953842,102.7227060537227,one shared preloaded model
conv-47-qa-99,lexical_only,1.183831052625656,7.634699999471195,94.13657499953842,102.95510605163528,one shared preloaded model
conv-47-qa-100,lexical_only,1.183831052625656,5.172099998162594,81.98847499988915,88.3444060506774,one shared preloaded model
conv-47-qa-101,lexical_only,1.183831052625656,3.838600001472514,81.98847499988915,87.01090605398733,one shared preloaded model
conv-47-qa-102,lexical_only,1.183831052625656,3.646500001195818,81.98847499988915,86.81880605371063,one shared preloaded model
conv-47-qa-103,lexical_only,1.183831052625656,4.208300000755116,81.98847499988915,87.38060605326993,one shared preloaded model
conv-47-qa-104,lexical_only,1.183831052625656,4.672300001402618,107.00675000043702,112.8628810544653,one shared preloaded model
conv-47-qa-105,lexical_only,1.183831052625656,3.7555000017164275,107.00675000043702,111.94608105477911,one shared preloaded model
conv-47-qa-106,lexical_only,1.183831052625656,3.9593000001332257,107.00675000043702,112.14988105319591,one shared preloaded model
conv-47-qa-107,lexical_only,1.183831052625656,3.6510999998426996,107.00675000043702,111.84168105290539,one shared preloaded model
conv-47-qa-108,lexical_only,1.183831052625656,4.480499999772292,150.3346249992319,155.99895605162985,one shared preloaded model
conv-47-qa-109,lexical_only,1.183831052625656,4.519300000538351,150.3346249992319,156.0377560523959,one shared preloaded model
conv-47-qa-110,lexical_only,1.183831052625656,4.248200002621161,150.3346249992319,155.76665605447872,one shared preloaded model
conv-47-qa-111,lexical_only,1.183831052625656,5.638600003294414,150.3346249992319,157.15705605515197,one shared preloaded model
conv-47-qa-112,lexical_only,1.183831052625656,4.407000000355765,84.96112500051822,90.55195605349965,one shared preloaded model
conv-47-qa-113,lexical_only,1.183831052625656,3.5500999983923975,84.96112500051822,89.69505605153628,one shared preloaded model
conv-47-qa-114,lexical_only,1.183831052625656,3.593400000681868,84.96112500051822,89.73835605382575,one shared preloaded model
conv-47-qa-115,lexical_only,1.183831052625656,3.7879999981669243,84.96112500051822,89.93295605131081,one shared preloaded model
conv-47-qa-116,lexical_only,1.183831052625656,4.177400001935894,287.2203000006266,292.5815310551881,one shared preloaded model
conv-47-qa-117,lexical_only,1.183831052625656,4.783000000315951,287.2203000006266,293.1871310535682,one shared preloaded model
conv-47-qa-118,lexical_only,1.183831052625656,4.439699998329161,287.2203000006266,292.8438310515814,one shared preloaded model
conv-47-qa-119,lexical_only,1.183831052625656,4.535200001555495,287.2203000006266,292.9393310548077,one shared preloaded model
conv-47-qa-120,lexical_only,1.183831052625656,4.800700000487268,85.40542499940784,91.38995605252077,one shared preloaded model
conv-47-qa-121,lexical_only,1.183831052625656,4.188800001429627,85.40542499940784,90.77805605346313,one shared preloaded model
conv-47-qa-122,lexical_only,1.183831052625656,3.5279000003356487,85.40542499940784,90.11715605236915,one shared preloaded model
conv-47-qa-123,lexical_only,1.183831052625656,4.189999999653082,85.40542499940784,90.77925605168659,one shared preloaded model
conv-47-qa-124,lexical_only,1.183831052625656,4.752299999381648,156.0846499996842,162.0207810516915,one shared preloaded model
conv-47-qa-125,lexical_only,1.183831052625656,7.365999998000916,156.0846499996842,164.63448105031077,one shared preloaded model
conv-47-qa-126,lexical_only,1.183831052625656,7.96710000213352,156.0846499996842,165.23558105444337,one shared preloaded model
conv-47-qa-127,lexical_only,1.183831052625656,7.072899999911897,156.0846499996842,164.34138105222175,one shared preloaded model
conv-47-qa-128,lexical_only,1.183831052625656,4.504300002736272,161.4239999998972,167.11213105525914,one shared preloaded model
conv-47-qa-129,lexical_only,1.183831052625656,4.037499998958083,161.4239999998972,166.64533105148095,one shared preloaded model
conv-47-qa-130,lexical_only,1.183831052625656,5.110399997647619,161.4239999998972,167.7182310501705,one shared preloaded model
conv-47-qa-131,lexical_only,1.183831052625656,7.784900000842754,161.4239999998972,170.39273105336562,one shared preloaded model
conv-47-qa-132,lexical_only,1.183831052625656,4.612999997334555,127.1483000000444,132.94513105000462,one shared preloaded model
conv-47-qa-133,lexical_only,1.183831052625656,3.631100000347942,127.1483000000444,131.963231053018,one shared preloaded model
conv-47-qa-134,lexical_only,1.183831052625656,3.4707999984675553,127.1483000000444,131.80293105113762,one shared preloaded model
conv-47-qa-135,lexical_only,1.183831052625656,3.8564999995287508,127.1483000000444,132.18863105219882,one shared preloaded model
conv-47-qa-136,lexical_only,1.183831052625656,4.613400000380352,164.95017500074027,170.7474060537463,one shared preloaded model
conv-47-qa-137,lexical_only,1.183831052625656,8.243900003435556,164.95017500074027,174.3779060568015,one shared preloaded model
conv-47-qa-138,lexical_only,1.183831052625656,6.315200000244658,164.95017500074027,172.4492060536106,one shared preloaded model
conv-47-qa-139,lexical_only,1.183831052625656,4.249500001606066,164.95017500074027,170.383506054972,one shared preloaded model
conv-47-qa-140,lexical_only,1.183831052625656,4.421699999511475,256.8748499998037,262.4803810519408,one shared preloaded model
conv-47-qa-141,lexical_only,1.183831052625656,7.905899998149835,256.8748499998037,265.96458105057917,one shared preloaded model
conv-47-qa-142,lexical_only,1.183831052625656,7.917700000689365,256.8748499998037,265.9763810531187,one shared preloaded model
conv-47-qa-143,lexical_only,1.183831052625656,7.459500000550179,256.8748499998037,265.5181810529795,one shared preloaded model
conv-47-qa-144,lexical_only,1.183831052625656,4.6954000026744325,123.04107500040118,128.92030605570127,one shared preloaded model
conv-47-qa-145,lexical_only,1.183831052625656,7.609799999045208,123.04107500040118,131.83470605207205,one shared preloaded model
conv-47-qa-146,lexical_only,1.183831052625656,7.1290000014414545,123.04107500040118,131.3539060544683,one shared preloaded model
conv-47-qa-147,lexical_only,1.183831052625656,7.20519999958924,123.04107500040118,131.43010605261608,one shared preloaded model
conv-47-qa-148,lexical_only,1.183831052625656,4.761399999551941,87.94675000081043,93.89198105298803,one shared preloaded model
conv-47-qa-149,lexical_only,1.183831052625656,7.817400000931229,87.94675000081043,96.94798105436732,one shared preloaded model
conv-47-qa-150,lexical_only,1.183831052625656,7.817199999408331,87.94675000081043,96.94778105284442,one shared preloaded model
conv-47-qa-151,lexical_only,1.183831052625656,7.324999998672865,87.94675000081043,96.45558105210895,one shared preloaded model
conv-47-qa-152,lexical_only,1.183831052625656,4.226699998980621,137.9702249996626,143.3807560512689,one shared preloaded model
conv-47-qa-153,lexical_only,1.183831052625656,4.267199998139404,137.9702249996626,143.42125605042767,one shared preloaded model
conv-47-qa-154,lexical_only,1.183831052625656,4.508000001806067,137.9702249996626,143.66205605409434,one shared preloaded model
conv-47-qa-155,lexical_only,1.183831052625656,4.689599998528138,137.9702249996626,143.8436560508164,one shared preloaded model
conv-47-qa-156,lexical_only,1.183831052625656,4.566899999190355,77.5482250001005,83.29895605191652,one shared preloaded model
conv-47-qa-157,lexical_only,1.183831052625656,7.195000001956942,77.5482250001005,85.9270560546831,one shared preloaded model
conv-47-qa-158,lexical_only,1.183831052625656,6.248100002267165,77.5482250001005,84.98015605499333,one shared preloaded model
conv-47-qa-159,lexical_only,1.183831052625656,7.302699999854667,77.5482250001005,86.03475605258083,one shared preloaded model
conv-47-qa-160,lexical_only,1.183831052625656,6.635500001721084,98.20965000017168,106.02898105451843,one shared preloaded model
conv-47-qa-161,lexical_only,1.183831052625656,8.788700000877725,98.20965000017168,108.18218105367507,one shared preloaded model
conv-47-qa-162,lexical_only,1.183831052625656,7.7713999999105,98.20965000017168,107.16488105270784,one shared preloaded model
conv-47-qa-163,lexical_only,1.183831052625656,7.784099998389138,98.20965000017168,107.17758105118648,one shared preloaded model
conv-47-qa-164,lexical_only,1.183831052625656,4.444499998498941,85.16292500007694,90.79125605120154,one shared preloaded model
conv-47-qa-165,lexical_only,1.183831052625656,6.5753999988373835,85.16292500007694,92.92215605153999,one shared preloaded model
conv-47-qa-166,lexical_only,1.183831052625656,6.851500002085231,85.16292500007694,93.19825605478783,one shared preloaded model
conv-47-qa-167,lexical_only,1.183831052625656,5.008700001781108,85.16292500007694,91.35545605448371,one shared preloaded model
conv-47-qa-168,lexical_only,1.183831052625656,4.124899998714682,79.87567500003934,85.18440605137968,one shared preloaded model
conv-47-qa-169,lexical_only,1.183831052625656,7.489799998438684,79.87567500003934,88.54930605110368,one shared preloaded model
conv-47-qa-170,lexical_only,1.183831052625656,4.469899999094196,79.87567500003934,85.5294060517592,one shared preloaded model
conv-47-qa-171,lexical_only,1.183831052625656,3.533300001436146,79.87567500003934,84.59280605410115,one shared preloaded model
conv-47-qa-172,lexical_only,1.183831052625656,4.521500002738321,88.150224999481,93.85555605484498,one shared preloaded model
conv-47-qa-173,lexical_only,1.183831052625656,3.650399998150533,88.150224999481,92.9844560502572,one shared preloaded model
conv-47-qa-174,lexical_only,1.183831052625656,4.221099999995204,88.150224999481,93.55515605210186,one shared preloaded model
conv-47-qa-175,lexical_only,1.183831052625656,4.429799999343231,88.150224999481,93.76385605144989,one shared preloaded model
conv-47-qa-176,lexical_only,1.183831052625656,4.314599998906488,77.40437499978725,82.9028060513194,one shared preloaded model
conv-47-qa-177,lexical_only,1.183831052625656,3.828199998679338,77.40437499978725,82.41640605109225,one shared preloaded model
conv-47-qa-178,lexical_only,1.183831052625656,3.5705000009329524,77.40437499978725,82.15870605334587,one shared preloaded model
conv-47-qa-179,lexical_only,1.183831052625656,3.827900000032969,77.40437499978725,82.41610605244588,one shared preloaded model
conv-47-qa-180,lexical_only,1.183831052625656,5.7780999995884486,238.03172500083747,244.99365605305158,one shared preloaded model
conv-47-qa-181,lexical_only,1.183831052625656,8.041199998842785,238.03172500083747,247.25675605230592,one shared preloaded model
conv-47-qa-182,lexical_only,1.183831052625656,7.915599999250844,238.03172500083747,247.13115605271398,one shared preloaded model
conv-47-qa-183,lexical_only,1.183831052625656,7.935699999507051,238.03172500083747,247.15125605297018,one shared preloaded model
conv-47-qa-184,lexical_only,1.183831052625656,8.708099998329999,123.73652499991294,133.6284560508686,one shared preloaded model
conv-47-qa-185,lexical_only,1.183831052625656,7.926499998575309,123.73652499991294,132.84685605111392,one shared preloaded model
conv-47-qa-186,lexical_only,1.183831052625656,8.013999999093357,123.73652499991294,132.93435605163197,one shared preloaded model
conv-47-qa-187,lexical_only,1.183831052625656,7.41579999885289,123.73652499991294,132.3361560513915,one shared preloaded model
conv-47-qa-188,lexical_only,1.183831052625656,4.3929999992542434,277.19045000048936,282.76728105236924,one shared preloaded model
conv-47-qa-189,lexical_only,1.183831052625656,3.535899999405956,277.19045000048936,281.91018105252095,one shared preloaded model
conv-48-qa-0,lexical_only,0.9267514644276641,8.084000000962988,160.51840000000084,169.5291514653915,one shared preloaded model
conv-48-qa-1,lexical_only,0.9267514644276641,7.143399998312816,160.51840000000084,168.58855146274132,one shared preloaded model
conv-48-qa-2,lexical_only,0.9267514644276641,7.261499999003718,160.51840000000084,168.70665146343222,one shared preloaded model
conv-48-qa-3,lexical_only,0.9267514644276641,7.4671000002126675,160.51840000000084,168.91225146464117,one shared preloaded model
conv-48-qa-4,lexical_only,0.9267514644276641,4.44680000146036,76.16057500035822,81.53412646624625,one shared preloaded model
conv-48-qa-5,lexical_only,0.9267514644276641,7.8431000001728535,76.16057500035822,84.93042646495874,one shared preloaded model
conv-48-qa-6,lexical_only,0.9267514644276641,7.458399999450194,76.16057500035822,84.54572646423608,one shared preloaded model
conv-48-qa-7,lexical_only,0.9267514644276641,7.576799998787465,76.16057500035822,84.66412646357335,one shared preloaded model
conv-48-qa-8,lexical_only,0.9267514644276641,4.319699997722637,163.66835000007995,168.91480146223026,one shared preloaded model
conv-48-qa-9,lexical_only,0.9267514644276641,3.4885999994003214,163.66835000007995,168.08370146390794,one shared preloaded model
conv-48-qa-10,lexical_only,0.9267514644276641,3.4854000004997943,163.66835000007995,168.08050146500742,one shared preloaded model
conv-48-qa-11,lexical_only,0.9267514644276641,3.867399998853216,163.66835000007995,168.46250146336084,one shared preloaded model
conv-48-qa-12,lexical_only,0.9267514644276641,4.397199998493306,316.2289249994501,321.55287646237105,one shared preloaded model
conv-48-qa-13,lexical_only,0.9267514644276641,7.841200000257231,316.2289249994501,324.99687646413497,one shared preloaded model
conv-48-qa-14,lexical_only,0.9267514644276641,7.320900000195252,316.2289249994501,324.476576464073,one shared preloaded model
conv-48-qa-15,lexical_only,0.9267514644276641,7.2779000001901295,316.2289249994501,324.43357646406787,one shared preloaded model
conv-48-qa-16,lexical_only,0.9267514644276641,4.321000000345521,150.70934999948804,155.95710146426123,one shared preloaded model
conv-48-qa-17,lexical_only,0.9267514644276641,7.346400001551956,150.70934999948804,158.98250146546766,one shared preloaded model
conv-48-qa-18,lexical_only,0.9267514644276641,7.217899998067878,150.70934999948804,158.8540014619836,one shared preloaded model
conv-48-qa-19,lexical_only,0.9267514644276641,7.497499998862622,150.70934999948804,159.13360146277833,one shared preloaded model
conv-48-qa-20,lexical_only,0.9267514644276641,4.226400000334252,109.57987499932642,114.73302646408834,one shared preloaded model
conv-48-qa-21,lexical_only,0.9267514644276641,7.871300000260817,109.57987499932642,118.3779264640149,one shared preloaded model
conv-48-qa-22,lexical_only,0.9267514644276641,7.22229999882984,109.57987499932642,117.72892646258393,one shared preloaded model
conv-48-qa-23,lexical_only,0.9267514644276641,7.564799998363014,109.57987499932642,118.0714264621171,one shared preloaded model
conv-48-qa-24,lexical_only,0.9267514644276641,5.862699999852339,121.22617499971966,128.01562646399967,one shared preloaded model
conv-48-qa-25,lexical_only,0.9267514644276641,7.405499996821163,121.22617499971966,129.5584264609685,one shared preloaded model
conv-48-qa-26,lexical_only,0.9267514644276641,7.15190000119037,121.22617499971966,129.3048264653377,one shared preloaded model
conv-48-qa-27,lexical_only,0.9267514644276641,7.426000000123167,121.22617499971966,129.5789264642705,one shared preloaded model
conv-48-qa-28,lexical_only,0.9267514644276641,4.833099999814294,158.33192499940196,164.09177646364392,one shared preloaded model
conv-48-qa-29,lexical_only,0.9267514644276641,3.7551999994320795,158.33192499940196,163.0138764632617,one shared preloaded model
conv-48-qa-30,lexical_only,0.9267514644276641,3.8787000012234785,158.33192499940196,163.1373764650531,one shared preloaded model
conv-48-qa-31,lexical_only,0.9267514644276641,4.465800000616582,158.33192499940196,163.7244764644462,one shared preloaded model
conv-48-qa-32,lexical_only,0.9267514644276641,4.296899998735171,157.42702500028827,162.6506764634511,one shared preloaded model
conv-48-qa-33,lexical_only,0.9267514644276641,7.435200001054909,157.42702500028827,165.78897646577084,one shared preloaded model
conv-48-qa-34,lexical_only,0.9267514644276641,7.290100002137478,157.42702500028827,165.6438764668534,one shared preloaded model
conv-48-qa-35,lexical_only,0.9267514644276641,7.71339999846532,157.42702500028827,166.06717646318126,one shared preloaded model
conv-48-qa-36,lexical_only,0.9267514644276641,4.648499998438638,162.5581999996939,168.1334514625602,one shared preloaded model
conv-48-qa-37,lexical_only,0.9267514644276641,8.787000002485001,162.5581999996939,172.27195146660657,one shared preloaded model
conv-48-qa-38,lexical_only,0.9267514644276641,7.259400001203176,162.5581999996939,170.74435146532474,one shared preloaded model
conv-48-qa-39,lexical_only,0.9267514644276641,7.368300000962336,162.5581999996939,170.8532514650839,one shared preloaded model
conv-48-qa-40,lexical_only,0.9267514644276641,4.268600001523737,89.1369749997466,94.332326465698,one shared preloaded model
conv-48-qa-41,lexical_only,0.9267514644276641,3.524799998558592,89.1369749997466,93.58852646273286,one shared preloaded model
conv-48-qa-42,lexical_only,0.9267514644276641,3.5815999981423374,89.1369749997466,93.6453264623166,one shared preloaded model
conv-48-qa-43,lexical_only,0.9267514644276641,3.575400001864182,89.1369749997466,93.63912646603845,one shared preloaded model
conv-48-qa-44,lexical_only,0.9267514644276641,4.378200002975063,81.75712499996735,87.06207646737008,one shared preloaded model
conv-48-qa-45,lexical_only,0.9267514644276641,7.400099999358645,81.75712499996735,90.08397646375366,one shared preloaded model
conv-48-qa-46,lexical_only,0.9267514644276641,7.769900003040675,81.75712499996735,90.45377646743569,one shared preloaded model
conv-48-qa-47,lexical_only,0.9267514644276641,5.290400000376394,81.75712499996735,87.9742764647714,one shared preloaded model
conv-48-qa-48,lexical_only,0.9267514644276641,5.27929999952903,116.9799499994042,123.1860014633609,one shared preloaded model
conv-48-qa-49,lexical_only,0.9267514644276641,3.73550000222167,116.9799499994042,121.64220146605354,one shared preloaded model
conv-48-qa-50,lexical_only,0.9267514644276641,3.5213999981351662,116.9799499994042,121.42810146196703,one shared preloaded model
conv-48-qa-51,lexical_only,0.9267514644276641,3.69700000010198,116.9799499994042,121.60370146393385,one shared preloaded model
conv-48-qa-52,lexical_only,0.9267514644276641,6.8974000023445114,106.94232499918144,114.76647646595362,one shared preloaded model
conv-48-qa-53,lexical_only,0.9267514644276641,7.3585000027378555,106.94232499918144,115.22757646634696,one shared preloaded model
conv-48-qa-54,lexical_only,0.9267514644276641,7.422300001053372,106.94232499918144,115.29137646466248,one shared preloaded model
conv-48-qa-55,lexical_only,0.9267514644276641,7.799499999237014,106.94232499918144,115.66857646284612,one shared preloaded model
conv-48-qa-56,lexical_only,0.9267514644276641,4.33320000229287,90.64567499990517,95.9056264666257,one shared preloaded model
conv-48-qa-57,lexical_only,0.9267514644276641,7.581499998195795,90.64567499990517,99.15392646252863,one shared preloaded model
conv-48-qa-58,lexical_only,0.9267514644276641,7.247800000186544,90.64567499990517,98.82022646451938,one shared preloaded model
conv-48-qa-59,lexical_only,0.9267514644276641,7.270800000696909,90.64567499990517,98.84322646502974,one shared preloaded model
conv-48-qa-60,lexical_only,0.9267514644276641,5.760399999417132,122.43617500007531,129.1233264639201,one shared preloaded model
conv-48-qa-61,lexical_only,0.9267514644276641,3.598700001020916,122.43617500007531,126.96162646552389,one shared preloaded model
conv-48-qa-62,lexical_only,0.9267514644276641,3.647500001534354,122.43617500007531,127.01042646603733,one shared preloaded model
conv-48-qa-63,lexical_only,0.9267514644276641,3.7383000017143786,122.43617500007531,127.10122646621735,one shared preloaded model
conv-48-qa-64,lexical_only,0.9267514644276641,4.259599998476915,83.37494999977935,88.56130146268393,one shared preloaded model
conv-48-qa-65,lexical_only,0.9267514644276641,7.846699998481199,83.37494999977935,92.14840146268821,one shared preloaded model
conv-48-qa-66,lexical_only,0.9267514644276641,7.2183000011136755,83.37494999977935,91.52000146532069,one shared preloaded model
conv-48-qa-67,lexical_only,0.9267514644276641,7.474099998944439,83.37494999977935,91.77580146315145,one shared preloaded model
conv-48-qa-68,lexical_only,0.9267514644276641,4.291399996873224,97.26372499972058,102.48187646102147,one shared preloaded model
conv-48-qa-69,lexical_only,0.9267514644276641,3.6150000014458783,97.26372499972058,101.80547646559413,one shared preloaded model
conv-48-qa-70,lexical_only,0.9267514644276641,3.5921999988204334,97.26372499972058,101.78267646296868,one shared preloaded model
conv-48-qa-71,lexical_only,0.9267514644276641,3.6158000002615154,97.26372499972058,101.80627646440976,one shared preloaded model
conv-48-qa-72,lexical_only,0.9267514644276641,4.251999998814426,79.66480000050069,84.84355146374278,one shared preloaded model
conv-48-qa-73,lexical_only,0.9267514644276641,3.6906000023009256,79.66480000050069,84.28215146722928,one shared preloaded model
conv-48-qa-74,lexical_only,0.9267514644276641,4.09149999904912,79.66480000050069,84.68305146397748,one shared preloaded model
conv-48-qa-75,lexical_only,0.9267514644276641,4.643399999622488,79.66480000050069,85.23495146455085,one shared preloaded model
conv-48-qa-76,lexical_only,0.9267514644276641,4.053900000144495,153.68232500077283,158.662976465345,one shared preloaded model
conv-48-qa-77,lexical_only,0.9267514644276641,7.342500000959262,153.68232500077283,161.95157646615976,one shared preloaded model
conv-48-qa-78,lexical_only,0.9267514644276641,5.063099997641984,153.68232500077283,159.6721764628425,one shared preloaded model
conv-48-qa-79,lexical_only,0.9267514644276641,4.29930000245804,153.68232500077283,158.90837646765854,one shared preloaded model
conv-48-qa-80,lexical_only,0.9267514644276641,4.194900000584312,126.16132499988453,131.2829764648965,one shared preloaded model
conv-48-qa-81,lexical_only,0.9267514644276641,7.501500000216765,126.16132499988453,134.58957646452896,one shared preloaded model
conv-48-qa-82,lexical_only,0.9267514644276641,7.21739999789861,126.16132499988453,134.3054764622108,one shared preloaded model
conv-48-qa-83,lexical_only,0.9267514644276641,7.920699998066993,126.16132499988453,135.0087764623792,one shared preloaded model
conv-48-qa-84,lexical_only,0.9267514644276641,4.907700000330806,78.46925000012561,84.30370146488409,one shared preloaded model
conv-48-qa-85,lexical_only,0.9267514644276641,7.571699999971315,78.46925000012561,86.9677014645246,one shared preloaded model
conv-48-qa-86,lexical_only,0.9267514644276641,7.169299999077339,78.46925000012561,86.56530146363062,one shared preloaded model
conv-48-qa-87,lexical_only,0.9267514644276641,7.168600001023151,78.46925000012561,86.56460146557643,one shared preloaded model
conv-48-qa-88,lexical_only,0.9267514644276641,4.145700000663055,86.5690499995253,91.64150146461603,one shared preloaded model
conv-48-qa-89,lexical_only,0.9267514644276641,7.255700002133381,86.5690499995253,94.75150146608635,one shared preloaded model
conv-48-qa-90,lexical_only,0.9267514644276641,7.325899998249952,86.5690499995253,94.82170146220292,one shared preloaded model
conv-48-qa-91,lexical_only,0.9267514644276641,7.428599998092977,86.5690499995253,94.92440146204595,one shared preloaded model
conv-48-qa-92,lexical_only,0.9267514644276641,4.729100000986364,79.78182500028197,85.437676465696,one shared preloaded model
conv-48-qa-93,lexical_only,0.9267514644276641,7.798200000252109,79.78182500028197,88.50677646496175,one shared preloaded model
conv-48-qa-94,lexical_only,0.9267514644276641,7.733100002951687,79.78182500028197,88.44167646766132,one shared preloaded model
conv-48-qa-95,lexical_only,0.9267514644276641,7.916300000943011,79.78182500028197,88.62487646565265,one shared preloaded model
conv-48-qa-96,lexical_only,0.9267514644276641,4.399199999170378,79.18747500025347,84.51342646385152,one shared preloaded model
conv-48-qa-97,lexical_only,0.9267514644276641,5.468999999720836,79.18747500025347,85.58322646440197,one shared preloaded model
conv-48-qa-98,lexical_only,0.9267514644276641,6.013000001985347,79.18747500025347,86.12722646666649,one shared preloaded model
conv-48-qa-99,lexical_only,0.9267514644276641,7.6432999994722195,79.18747500025347,87.75752646415336,one shared preloaded model
conv-48-qa-100,lexical_only,0.9267514644276641,4.371500002889661,111.58172499926877,116.8799764665861,one shared preloaded model
conv-48-qa-101,lexical_only,0.9267514644276641,4.034700003103353,111.58172499926877,116.54317646679979,one shared preloaded model
conv-48-qa-102,lexical_only,0.9267514644276641,4.616199999873061,111.58172499926877,117.1246764635695,one shared preloaded model
conv-48-qa-103,lexical_only,0.9267514644276641,4.2808999969565775,111.58172499926877,116.78937646065302,one shared preloaded model
conv-48-qa-104,lexical_only,0.9267514644276641,4.987799999071285,237.19764999987092,243.11220146336987,one shared preloaded model
conv-48-qa-105,lexical_only,0.9267514644276641,7.753700003377162,237.19764999987092,245.87810146767575,one shared preloaded model
conv-48-qa-106,lexical_only,0.9267514644276641,7.723000002442859,237.19764999987092,245.84740146674145,one shared preloaded model
conv-48-qa-107,lexical_only,0.9267514644276641,7.811600000422914,237.19764999987092,245.9360014647215,one shared preloaded model
conv-48-qa-108,lexical_only,0.9267514644276641,5.520099999557715,215.34432499993272,221.7911764639181,one shared preloaded model
conv-48-qa-109,lexical_only,0.9267514644276641,8.10300000011921,215.34432499993272,224.3740764644796,one shared preloaded model
conv-48-qa-110,lexical_only,0.9267514644276641,8.196700000553392,215.34432499993272,224.46777646491378,one shared preloaded model
conv-48-qa-111,lexical_only,0.9267514644276641,7.908300001872703,215.34432499993272,224.1793764662331,one shared preloaded model
conv-48-qa-112,lexical_only,0.9267514644276641,4.276600000594044,101.01194999970176,106.21530146472347,one shared preloaded model
conv-48-qa-113,lexical_only,0.9267514644276641,3.6177000001771376,101.01194999970176,105.55640146430656,one shared preloaded model
conv-48-qa-114,lexical_only,0.9267514644276641,4.109299999981886,101.01194999970176,106.04800146411131,one shared preloaded model
conv-48-qa-115,lexical_only,0.9267514644276641,4.560199999104952,101.01194999970176,106.49890146323438,one shared preloaded model
conv-48-qa-116,lexical_only,0.9267514644276641,4.381800001283409,131.67117499961023,136.9797264653213,one shared preloaded model
conv-48-qa-117,lexical_only,0.9267514644276641,8.369899998797337,131.67117499961023,140.96782646283523,one shared preloaded model
conv-48-qa-118,lexical_only,0.9267514644276641,7.448299998941366,131.67117499961023,140.04622646297926,one shared preloaded model
conv-48-qa-119,lexical_only,0.9267514644276641,7.153999998990912,131.67117499961023,139.7519264630288,one shared preloaded model
conv-48-qa-120,lexical_only,0.9267514644276641,4.888899999059504,341.8887000007089,347.70435146419607,one shared preloaded model
conv-48-qa-121,lexical_only,0.9267514644276641,7.900299999164417,341.8887000007089,350.715751464301,one shared preloaded model
conv-48-qa-122,lexical_only,0.9267514644276641,8.053199999267235,341.8887000007089,350.8686514644038,one shared preloaded model
conv-48-qa-123,lexical_only,0.9267514644276641,8.89140000072075,341.8887000007089,351.7068514658573,one shared preloaded model
conv-48-qa-124,lexical_only,0.9267514644276641,8.82360000105109,90.95807499943476,100.70842646491352,one shared preloaded model
conv-48-qa-125,lexical_only,0.9267514644276641,7.32380000044941,90.95807499943476,99.20862646431183,one shared preloaded model
conv-48-qa-126,lexical_only,0.9267514644276641,7.527900001150556,90.95807499943476,99.41272646501298,one shared preloaded model
conv-48-qa-127,lexical_only,0.9267514644276641,8.47510000312468,90.95807499943476,100.3599264669871,one shared preloaded model
conv-48-qa-128,lexical_only,0.9267514644276641,4.1258999990532175,338.7191499996334,343.77180146311423,one shared preloaded model
conv-48-qa-129,lexical_only,0.9267514644276641,3.7711000004492234,338.7191499996334,343.41700146451024,one shared preloaded model
conv-48-qa-130,lexical_only,0.9267514644276641,3.6070999994990416,338.7191499996334,343.25300146356005,one shared preloaded model
conv-48-qa-131,lexical_only,0.9267514644276641,4.196099998807767,338.7191499996334,343.8420014628688,one shared preloaded model
conv-48-qa-132,lexical_only,0.9267514644276641,4.350700000941288,233.4523999998055,238.72985146517445,one shared preloaded model
conv-48-qa-133,lexical_only,0.9267514644276641,4.005700000561774,233.4523999998055,238.38485146479493,one shared preloaded model
conv-48-qa-134,lexical_only,0.9267514644276641,4.549500001303386,233.4523999998055,238.92865146553655,one shared preloaded model
conv-48-qa-135,lexical_only,0.9267514644276641,4.216699999233242,233.4523999998055,238.5958514634664,one shared preloaded model
conv-48-qa-136,lexical_only,0.9267514644276641,4.215699998894706,338.3648999997604,343.5073514630827,one shared preloaded model
conv-48-qa-137,lexical_only,0.9267514644276641,7.399399997666478,338.3648999997604,346.6910514618545,one shared preloaded model
conv-48-qa-138,lexical_only,0.9267514644276641,7.947899997816421,338.3648999997604,347.23955146200444,one shared preloaded model
conv-48-qa-139,lexical_only,0.9267514644276641,7.296300002053613,338.3648999997604,346.58795146624163,one shared preloaded model
conv-48-qa-140,lexical_only,0.9267514644276641,4.43739999900572,124.5299750007689,129.8941264642023,one shared preloaded model
conv-48-qa-141,lexical_only,0.9267514644276641,7.4397999997017905,124.5299750007689,132.89652646489836,one shared preloaded model
conv-48-qa-142,lexical_only,0.9267514644276641,7.79550000152085,124.5299750007689,133.25222646671742,one shared preloaded model
conv-48-qa-143,lexical_only,0.9267514644276641,7.935400000860682,124.5299750007689,133.39212646605725,one shared preloaded model
conv-48-qa-144,lexical_only,0.9267514644276641,4.798900001333095,224.22042499965755,229.94607646541832,one shared preloaded model
conv-48-qa-145,lexical_only,0.9267514644276641,7.654499997443054,224.22042499965755,232.80167646152827,one shared preloaded model
conv-48-qa-146,lexical_only,0.9267514644276641,7.501600000978215,224.22042499965755,232.64877646506343,one shared preloaded model
conv-48-qa-147,lexical_only,0.9267514644276641,7.1996999977272935,224.22042499965755,232.3468764618125,one shared preloaded model
conv-48-qa-148,lexical_only,0.9267514644276641,4.826299998967443,446.9869499998822,452.7400014632773,one shared preloaded model
conv-48-qa-149,lexical_only,0.9267514644276641,7.444499999110121,446.9869499998822,455.35820146341996,one shared preloaded model
conv-48-qa-150,lexical_only,0.9267514644276641,8.069600000453647,446.9869499998822,455.9833014647635,one shared preloaded model
conv-48-qa-151,lexical_only,0.9267514644276641,7.980200000019977,446.9869499998822,455.8939014643298,one shared preloaded model
conv-48-qa-152,lexical_only,0.9267514644276641,4.728299998532748,349.9047499999506,355.55980146291097,one shared preloaded model
conv-48-qa-153,lexical_only,0.9267514644276641,3.8182999996934086,349.9047499999506,354.64980146407163,one shared preloaded model
conv-48-qa-154,lexical_only,0.9267514644276641,3.8094999981694855,349.9047499999506,354.6410014625477,one shared preloaded model
conv-48-qa-155,lexical_only,0.9267514644276641,3.554800001438707,349.9047499999506,354.3863014658169,one shared preloaded model
conv-48-qa-156,lexical_only,0.9267514644276641,7.231900002807379,159.02542500043637,167.18407646767142,one shared preloaded model
conv-48-qa-157,lexical_only,0.9267514644276641,5.131199999595992,159.02542500043637,165.08337646446003,one shared preloaded model
conv-48-qa-158,lexical_only,0.9267514644276641,4.330299998400733,159.02542500043637,164.28247646326477,one shared preloaded model
conv-48-qa-159,lexical_only,0.9267514644276641,4.046199999720557,159.02542500043637,163.9983764645846,one shared preloaded model
conv-48-qa-160,lexical_only,0.9267514644276641,4.205499997624429,312.82632500006,317.9585764621121,one shared preloaded model
conv-48-qa-161,lexical_only,0.9267514644276641,8.070200001384364,312.82632500006,321.823276465872,one shared preloaded model
conv-48-qa-162,lexical_only,0.9267514644276641,7.60929999887594,312.82632500006,321.3623764633636,one shared preloaded model
conv-48-qa-163,lexical_only,0.9267514644276641,8.649999999761349,312.82632500006,322.403076464249,one shared preloaded model
conv-48-qa-164,lexical_only,0.9267514644276641,4.0728999993007164,119.27980000018579,124.27945146391417,one shared preloaded model
conv-48-qa-165,lexical_only,0.9267514644276641,3.8824000002932735,119.27980000018579,124.08895146490673,one shared preloaded model
conv-48-qa-166,lexical_only,0.9267514644276641,4.8123000015039,119.27980000018579,125.01885146611735,one shared preloaded model
conv-48-qa-167,lexical_only,0.9267514644276641,4.41290000162553,119.27980000018579,124.61945146623898,one shared preloaded model
conv-48-qa-168,lexical_only,0.9267514644276641,4.64060000012978,521.6003250006906,527.1676764652481,one shared preloaded model
conv-48-qa-169,lexical_only,0.9267514644276641,7.330199998250464,521.6003250006906,529.8572764633687,one shared preloaded model
conv-48-qa-170,lexical_only,0.9267514644276641,7.8948000009404495,521.6003250006906,530.4218764660587,one shared preloaded model
conv-48-qa-171,lexical_only,0.9267514644276641,8.261999999376712,521.6003250006906,530.789076464495,one shared preloaded model
conv-48-qa-172,lexical_only,0.9267514644276641,4.9772999991546385,69.30964999992284,75.21370146350515,one shared preloaded model
conv-48-qa-173,lexical_only,0.9267514644276641,4.183500001090579,69.30964999992284,74.41990146544109,one shared preloaded model
conv-48-qa-174,lexical_only,0.9267514644276641,4.614199999195989,69.30964999992284,74.8506014635465,one shared preloaded model
conv-48-qa-175,lexical_only,0.9267514644276641,6.071499999961816,69.30964999992284,76.30790146431232,one shared preloaded model
conv-48-qa-176,lexical_only,0.9267514644276641,4.719700002169702,184.9057500003255,190.55220146692287,one shared preloaded model
conv-48-qa-177,lexical_only,0.9267514644276641,8.169000000634696,184.9057500003255,194.00150146538786,one shared preloaded model
conv-48-qa-178,lexical_only,0.9267514644276641,7.157399999414338,184.9057500003255,192.9899014641675,one shared preloaded model
conv-48-qa-179,lexical_only,0.9267514644276641,7.097500001691515,184.9057500003255,192.93000146644468,one shared preloaded model
conv-48-qa-180,lexical_only,0.9267514644276641,4.421699999511475,292.0267250001416,297.3751764640807,one shared preloaded model
conv-48-qa-181,lexical_only,0.9267514644276641,7.503499997255858,292.0267250001416,300.4569764618251,one shared preloaded model
conv-48-qa-182,lexical_only,0.9267514644276641,7.3231999995186925,292.0267250001416,300.2766764640879,one shared preloaded model
conv-48-qa-183,lexical_only,0.9267514644276641,7.330299999011913,292.0267250001416,300.28377646358115,one shared preloaded model
conv-48-qa-184,lexical_only,0.9267514644276641,4.5539000020653475,178.9137750001828,184.3944264666758,one shared preloaded model
conv-48-qa-185,lexical_only,0.9267514644276641,3.3728000016708393,178.9137750001828,183.2133264662813,one shared preloaded model
conv-48-qa-186,lexical_only,0.9267514644276641,4.165799997281283,178.9137750001828,184.00632646189175,one shared preloaded model
conv-48-qa-187,lexical_only,0.9267514644276641,4.400599998916732,178.9137750001828,184.2411264635272,one shared preloaded model
conv-48-qa-188,lexical_only,0.9267514644276641,4.293699999834644,114.89327499930369,120.113726463566,one shared preloaded model
conv-48-qa-189,lexical_only,0.9267514644276641,4.05010000031325,114.89327499930369,119.8701264640446,one shared preloaded model
conv-48-qa-190,lexical_only,0.9267514644276641,3.4253000012540724,114.89327499930369,119.24532646498542,one shared preloaded model
conv-48-qa-191,lexical_only,0.9267514644276641,3.388700002687983,114.89327499930369,119.20872646641934,one shared preloaded model
conv-48-qa-192,lexical_only,0.9267514644276641,4.056599998875754,94.02557499925024,99.00892646255366,one shared preloaded model
conv-48-qa-193,lexical_only,0.9267514644276641,3.682200000184821,94.02557499925024,98.63452646386273,one shared preloaded model
conv-48-qa-194,lexical_only,0.9267514644276641,3.5625999989861157,94.02557499925024,98.51492646266402,one shared preloaded model
conv-48-qa-195,lexical_only,0.9267514644276641,6.850699999631615,94.02557499925024,101.80302646330952,one shared preloaded model
conv-48-qa-196,lexical_only,0.9267514644276641,4.452799999853596,115.50752499988448,120.88707646416574,one shared preloaded model
conv-48-qa-197,lexical_only,0.9267514644276641,7.791400003043236,115.50752499988448,124.22567646735538,one shared preloaded model
conv-48-qa-198,lexical_only,0.9267514644276641,7.802500000252621,115.50752499988448,124.23677646456477,one shared preloaded model
conv-48-qa-199,lexical_only,0.9267514644276641,7.711000002018409,115.50752499988448,124.14527646633056,one shared preloaded model
conv-48-qa-200,lexical_only,0.9267514644276641,5.04450000153156,85.7635250004023,91.73477646636152,one shared preloaded model
conv-48-qa-201,lexical_only,0.9267514644276641,7.452500001818407,85.7635250004023,94.14277646664837,one shared preloaded model
conv-48-qa-202,lexical_only,0.9267514644276641,7.34579999698326,85.7635250004023,94.03607646181322,one shared preloaded model
conv-48-qa-203,lexical_only,0.9267514644276641,7.167499999923166,85.7635250004023,93.85777646475313,one shared preloaded model
conv-48-qa-204,lexical_only,0.9267514644276641,5.045499998232117,85.04312500008382,91.0153764627436,one shared preloaded model
conv-48-qa-205,lexical_only,0.9267514644276641,7.942199998069555,85.04312500008382,93.91207646258104,one shared preloaded model
conv-48-qa-206,lexical_only,0.9267514644276641,7.750400000077207,85.04312500008382,93.7202764645887,one shared preloaded model
conv-48-qa-207,lexical_only,0.9267514644276641,4.520300000876887,85.04312500008382,90.49017646538837,one shared preloaded model
conv-48-qa-208,lexical_only,0.9267514644276641,10.866599997825688,104.41439999976865,116.207751462022,one shared preloaded model
conv-48-qa-209,lexical_only,0.9267514644276641,7.01630000185105,104.41439999976865,112.35745146604737,one shared preloaded model
conv-48-qa-210,lexical_only,0.9267514644276641,6.957199999305885,104.41439999976865,112.2983514635022,one shared preloaded model
conv-48-qa-211,lexical_only,0.9267514644276641,6.89309999870602,104.41439999976865,112.23425146290234,one shared preloaded model
conv-48-qa-212,lexical_only,0.9267514644276641,6.255500000406755,175.53062499973748,182.7128764645719,one shared preloaded model
conv-48-qa-213,lexical_only,0.9267514644276641,8.029799999349052,175.53062499973748,184.4871764635142,one shared preloaded model
conv-48-qa-214,lexical_only,0.9267514644276641,7.863099999667611,175.53062499973748,184.32047646383276,one shared preloaded model
conv-48-qa-215,lexical_only,0.9267514644276641,7.222600001114188,175.53062499973748,183.67997646527934,one shared preloaded model
conv-48-qa-216,lexical_only,0.9267514644276641,4.269699998985743,82.87692500016419,88.0733764635776,one shared preloaded model
conv-48-qa-217,lexical_only,0.9267514644276641,7.4841000023297966,82.87692500016419,91.28777646692166,one shared preloaded model
conv-48-qa-218,lexical_only,0.9267514644276641,7.3765000015555415,82.87692500016419,91.1801764661474,one shared preloaded model
conv-48-qa-219,lexical_only,0.9267514644276641,7.940399998915382,82.87692500016419,91.74407646350724,one shared preloaded model
conv-48-qa-220,lexical_only,0.9267514644276641,4.520099999353988,309.74412500017934,315.19097646396096,one shared preloaded model
conv-48-qa-221,lexical_only,0.9267514644276641,3.783399999520043,309.74412500017934,314.454276464127,one shared preloaded model
conv-48-qa-222,lexical_only,0.9267514644276641,4.9915999989025295,309.74412500017934,315.6624764635095,one shared preloaded model
conv-48-qa-223,lexical_only,0.9267514644276641,7.733400001598056,309.74412500017934,318.40427646620503,one shared preloaded model
conv-48-qa-224,lexical_only,0.9267514644276641,5.612200002360623,160.40392499962763,166.94287646641592,one shared preloaded model
conv-48-qa-225,lexical_only,0.9267514644276641,7.627400002093054,160.40392499962763,168.95807646614836,one shared preloaded model
conv-48-qa-226,lexical_only,0.9267514644276641,7.158699998399243,160.40392499962763,168.48937646245454,one shared preloaded model
conv-48-qa-227,lexical_only,0.9267514644276641,7.73750000007567,160.40392499962763,169.06817646413097,one shared preloaded model
conv-48-qa-228,lexical_only,0.9267514644276641,4.102200000488665,86.04382500016072,91.07277646507706,one shared preloaded model
conv-48-qa-229,lexical_only,0.9267514644276641,4.339299997809576,86.04382500016072,91.30987646239797,one shared preloaded model
conv-48-qa-230,lexical_only,0.9267514644276641,7.447399999364279,86.04382500016072,94.41797646395267,one shared preloaded model
conv-48-qa-231,lexical_only,0.9267514644276641,7.944400000269525,86.04382500016072,94.91497646485792,one shared preloaded model
conv-48-qa-232,lexical_only,0.9267514644276641,5.023800000344636,73.1642249993456,79.11477646411791,one shared preloaded model
conv-48-qa-233,lexical_only,0.9267514644276641,4.117999997106381,73.1642249993456,78.20897646087965,one shared preloaded model
conv-48-qa-234,lexical_only,0.9267514644276641,4.432399997313041,73.1642249993456,78.52337646108631,one shared preloaded model
conv-48-qa-235,lexical_only,0.9267514644276641,4.627199999958975,73.1642249993456,78.71817646373225,one shared preloaded model
conv-48-qa-236,lexical_only,0.9267514644276641,4.073500000231434,204.3777999994442,209.3780514641033,one shared preloaded model
conv-48-qa-237,lexical_only,0.9267514644276641,6.992899998294888,204.3777999994442,212.29745146216675,one shared preloaded model
conv-48-qa-238,lexical_only,0.9267514644276641,7.740100001683459,204.3777999994442,213.04465146555532,one shared preloaded model
conv-49-qa-0,lexical_only,0.7456071428591992,7.2440000003553,95.44774999994843,103.43735714316293,one shared preloaded model
conv-49-qa-1,lexical_only,0.7456071428591992,7.433099999616388,95.44774999994843,103.62645714242402,one shared preloaded model
conv-49-qa-2,lexical_only,0.7456071428591992,7.3558000003686175,95.44774999994843,103.54915714317625,one shared preloaded model
conv-49-qa-3,lexical_only,0.7456071428591992,7.2599000013724435,95.44774999994843,103.45325714418007,one shared preloaded model
conv-49-qa-4,lexical_only,0.7456071428591992,4.3713000013667624,84.22590000009222,89.34280714431819,one shared preloaded model
conv-49-qa-5,lexical_only,0.7456071428591992,3.977100001065992,84.22590000009222,88.94860714401742,one shared preloaded model
conv-49-qa-6,lexical_only,0.7456071428591992,5.014399997889996,84.22590000009222,89.98590714084142,one shared preloaded model
conv-49-qa-7,lexical_only,0.7456071428591992,7.696000000578351,84.22590000009222,92.66750714352978,one shared preloaded model
conv-49-qa-8,lexical_only,0.7456071428591992,4.457900002307724,153.326675000244,158.53018214541092,one shared preloaded model
conv-49-qa-9,lexical_only,0.7456071428591992,3.5132999983034097,153.326675000244,157.5855821414066,one shared preloaded model
conv-49-qa-10,lexical_only,0.7456071428591992,3.961999998864485,153.326675000244,158.03428214196768,one shared preloaded model
conv-49-qa-11,lexical_only,0.7456071428591992,5.280000001221197,153.326675000244,159.3522821443244,one shared preloaded model
conv-49-qa-12,lexical_only,0.7456071428591992,4.653200001484947,148.34077499926934,153.7395821436135,one shared preloaded model
conv-49-qa-13,lexical_only,0.7456071428591992,9.66340000013588,148.34077499926934,158.74978214226442,one shared preloaded model
conv-49-qa-14,lexical_only,0.7456071428591992,7.97460000103456,148.34077499926934,157.0609821431631,one shared preloaded model
conv-49-qa-15,lexical_only,0.7456071428591992,7.874100003391504,148.34077499926934,156.96048214552005,one shared preloaded model
conv-49-qa-16,lexical_only,0.7456071428591992,4.213000000163447,159.10919999987527,164.06780714289792,one shared preloaded model
conv-49-qa-17,lexical_only,0.7456071428591992,3.4749000005831476,159.10919999987527,163.32970714331762,one shared preloaded model
conv-49-qa-18,lexical_only,0.7456071428591992,3.545499999745516,159.10919999987527,163.40030714248,one shared preloaded model
conv-49-qa-19,lexical_only,0.7456071428591992,5.092400002467912,159.10919999987527,164.94720714520238,one shared preloaded model
conv-49-qa-20,lexical_only,0.7456071428591992,4.947299999912502,164.31972499958647,170.01263214235817,one shared preloaded model
conv-49-qa-21,lexical_only,0.7456071428591992,4.014400001324248,164.31972499958647,169.07973214376992,one shared preloaded model
conv-49-qa-22,lexical_only,0.7456071428591992,3.5619999980553985,164.31972499958647,168.62733214050107,one shared preloaded model
conv-49-qa-23,lexical_only,0.7456071428591992,7.0580000028712675,164.31972499958647,172.12333214531694,one shared preloaded model
conv-49-qa-24,lexical_only,0.7456071428591992,4.852799997024704,107.34960000081628,112.94800714070018,one shared preloaded model
conv-49-qa-25,lexical_only,0.7456071428591992,8.0712000017229,107.34960000081628,116.16640714539838,one shared preloaded model
conv-49-qa-26,lexical_only,0.7456071428591992,8.178799998859176,107.34960000081628,116.27400714253466,one shared preloaded model
conv-49-qa-27,lexical_only,0.7456071428591992,8.375000001251465,107.34960000081628,116.47020714492695,one shared preloaded model
conv-49-qa-28,lexical_only,0.7456071428591992,5.092300001706462,81.32907500021247,87.16698214477813,one shared preloaded model
conv-49-qa-29,lexical_only,0.7456071428591992,8.16820000181906,81.32907500021247,90.24288214489073,one shared preloaded model
conv-49-qa-30,lexical_only,0.7456071428591992,7.34819999706815,81.32907500021247,89.42288214013982,one shared preloaded model
conv-49-qa-31,lexical_only,0.7456071428591992,7.67930000074557,81.32907500021247,89.75398214381724,one shared preloaded model
conv-49-qa-32,lexical_only,0.7456071428591992,4.559799999697134,300.2146749995518,305.5200821421081,one shared preloaded model
conv-49-qa-33,lexical_only,0.7456071428591992,7.9723999988345895,300.2146749995518,308.93268214124555,one shared preloaded model
conv-49-qa-34,lexical_only,0.7456071428591992,7.305999999516644,300.2146749995518,308.2662821419276,one shared preloaded model
conv-49-qa-35,lexical_only,0.7456071428591992,7.195900001534028,300.2146749995518,308.156182143945,one shared preloaded model
conv-49-qa-36,lexical_only,0.7456071428591992,4.2554999999993015,98.91407500072091,103.91518214357941,one shared preloaded model
conv-49-qa-37,lexical_only,0.7456071428591992,8.106399996904656,98.91407500072091,107.76608214048477,one shared preloaded model
conv-49-qa-38,lexical_only,0.7456071428591992,7.769100000587059,98.91407500072091,107.42878214416717,one shared preloaded model
conv-49-qa-39,lexical_only,0.7456071428591992,7.777999999234453,98.91407500072091,107.43768214281457,one shared preloaded model
conv-49-qa-40,lexical_only,0.7456071428591992,8.833900003082817,151.94044999952894,161.51995714547095,one shared preloaded model
conv-49-qa-41,lexical_only,0.7456071428591992,7.423999999446096,151.94044999952894,160.11005714183423,one shared preloaded model
conv-49-qa-42,lexical_only,0.7456071428591992,7.172700003138743,151.94044999952894,159.85875714552688,one shared preloaded model
conv-49-qa-43,lexical_only,0.7456071428591992,7.217599999421509,151.94044999952894,159.90365714180965,one shared preloaded model
conv-49-qa-44,lexical_only,0.7456071428591992,3.9801999992050696,108.30442499991477,113.03023214197904,one shared preloaded model
conv-49-qa-45,lexical_only,0.7456071428591992,4.450599997653626,108.30442499991477,113.5006321404276,one shared preloaded model
conv-49-qa-46,lexical_only,0.7456071428591992,7.859900000767084,108.30442499991477,116.90993214354106,one shared preloaded model
conv-49-qa-47,lexical_only,0.7456071428591992,7.156499999837251,108.30442499991477,116.20653214261122,one shared preloaded model
conv-49-qa-48,lexical_only,0.7456071428591992,4.276700001355493,80.37737500035291,85.3996821445676,one shared preloaded model
conv-49-qa-49,lexical_only,0.7456071428591992,7.3448999974061735,80.37737500035291,88.46788214061829,one shared preloaded model
conv-49-qa-50,lexical_only,0.7456071428591992,7.2680000012042,80.37737500035291,88.39098214441631,one shared preloaded model
conv-49-qa-51,lexical_only,0.7456071428591992,8.26009999946109,80.37737500035291,89.3830821426732,one shared preloaded model
conv-49-qa-52,lexical_only,0.7456071428591992,4.798900001333095,183.3913999998913,188.9359071440836,one shared preloaded model
conv-49-qa-53,lexical_only,0.7456071428591992,7.637499998963904,183.3913999998913,191.7745071417144,one shared preloaded model
conv-49-qa-54,lexical_only,0.7456071428591992,7.438299999193987,183.3913999998913,191.57530714194448,one shared preloaded model
conv-49-qa-55,lexical_only,0.7456071428591992,7.273200000781799,183.3913999998913,191.4102071435323,one shared preloaded model
conv-49-qa-56,lexical_only,0.7456071428591992,4.111100002774037,159.0312250000352,163.88793214566843,one shared preloaded model
conv-49-qa-57,lexical_only,0.7456071428591992,4.105100000742823,159.0312250000352,163.88193214363721,one shared preloaded model
conv-49-qa-58,lexical_only,0.7456071428591992,4.303100002289284,159.0312250000352,164.07993214518368,one shared preloaded model
conv-49-qa-59,lexical_only,0.7456071428591992,5.22600000113016,159.0312250000352,165.00283214402455,one shared preloaded model
conv-49-qa-60,lexical_only,0.7456071428591992,4.203100001177518,138.46987499982788,143.4185821438646,one shared preloaded model
conv-49-qa-61,lexical_only,0.7456071428591992,3.616199999669334,138.46987499982788,142.8316821423564,one shared preloaded model
conv-49-qa-62,lexical_only,0.7456071428591992,4.540399997495115,138.46987499982788,143.7558821401822,one shared preloaded model
conv-49-qa-63,lexical_only,0.7456071428591992,3.6818000007770024,138.46987499982788,142.89728214346408,one shared preloaded model
conv-49-qa-64,lexical_only,0.7456071428591992,4.3398000016168226,82.85450000039418,87.9399071448702,one shared preloaded model
conv-49-qa-65,lexical_only,0.7456071428591992,4.019900003186194,82.85450000039418,87.62000714643958,one shared preloaded model
conv-49-qa-66,lexical_only,0.7456071428591992,3.9735999998811167,82.85450000039418,87.5737071431345,one shared preloaded model
conv-49-qa-67,lexical_only,0.7456071428591992,6.214199998794356,82.85450000039418,89.81430714204774,one shared preloaded model
conv-49-qa-68,lexical_only,0.7456071428591992,4.034600002341904,145.75857499949052,150.53878214469162,one shared preloaded model
conv-49-qa-69,lexical_only,0.7456071428591992,4.255600000760751,145.75857499949052,150.75978214311047,one shared preloaded model
conv-49-qa-70,lexical_only,0.7456071428591992,4.4887000003654975,145.75857499949052,150.99288214271522,one shared preloaded model
conv-49-qa-71,lexical_only,0.7456071428591992,3.9381000024150126,145.75857499949052,150.44228214476473,one shared preloaded model
conv-49-qa-72,lexical_only,0.7456071428591992,4.202000000077533,131.19945000016742,136.14705714310415,one shared preloaded model
conv-49-qa-73,lexical_only,0.7456071428591992,7.4931000017386395,131.19945000016742,139.43815714476526,one shared preloaded model
conv-49-qa-74,lexical_only,0.7456071428591992,7.7435000021068845,131.19945000016742,139.6885571451335,one shared preloaded model
conv-49-qa-75,lexical_only,0.7456071428591992,7.234000000607921,131.19945000016742,139.17905714363454,one shared preloaded model
conv-49-qa-76,lexical_only,0.7456071428591992,4.490700001042569,118.49795000034646,123.73425714424823,one shared preloaded model
conv-49-qa-77,lexical_only,0.7456071428591992,7.4145999969914556,118.49795000034646,126.65815714019712,one shared preloaded model
conv-49-qa-78,lexical_only,0.7456071428591992,7.568900000478607,118.49795000034646,126.81245714368427,one shared preloaded model
conv-49-qa-79,lexical_only,0.7456071428591992,7.280400001036469,118.49795000034646,126.52395714424213,one shared preloaded model
conv-49-qa-80,lexical_only,0.7456071428591992,4.72040000022389,163.84097499940253,169.30698214248562,one shared preloaded model
conv-49-qa-81,lexical_only,0.7456071428591992,7.3945000003732275,163.84097499940253,171.98108214263496,one shared preloaded model
conv-49-qa-82,lexical_only,0.7456071428591992,7.585499999549938,163.84097499940253,172.17208214181167,one shared preloaded model
conv-49-qa-83,lexical_only,0.7456071428591992,7.9307999985758215,163.84097499940253,172.51738214083755,one shared preloaded model
conv-49-qa-84,lexical_only,0.7456071428591992,4.7081000011530705,370.22664999949484,375.6803571435071,one shared preloaded model
conv-49-qa-85,lexical_only,0.7456071428591992,7.874700000684243,370.22664999949484,378.84695714303825,one shared preloaded model
conv-49-qa-86,lexical_only,0.7456071428591992,7.24629999967874,370.22664999949484,378.21855714203275,one shared preloaded model
conv-49-qa-87,lexical_only,0.7456071428591992,7.892900001024827,370.22664999949484,378.86515714337884,one shared preloaded model
conv-49-qa-88,lexical_only,0.7456071428591992,4.234399999404559,95.44217500024388,100.42218214250764,one shared preloaded model
conv-49-qa-89,lexical_only,0.7456071428591992,7.413399998768,95.44217500024388,103.60118214187108,one shared preloaded model
conv-49-qa-90,lexical_only,0.7456071428591992,7.636999998794636,95.44217500024388,103.82478214189771,one shared preloaded model
conv-49-qa-91,lexical_only,0.7456071428591992,5.53579999905196,95.44217500024388,101.72358214215504,one shared preloaded model
conv-49-qa-92,lexical_only,0.7456071428591992,4.429399999935413,103.67532500004017,108.85033214283479,one shared preloaded model
conv-49-qa-93,lexical_only,0.7456071428591992,7.4373999996169005,103.67532500004017,111.85833214251628,one shared preloaded model
conv-49-qa-94,lexical_only,0.7456071428591992,7.899899999756599,103.67532500004017,112.32083214265597,one shared preloaded model
conv-49-qa-95,lexical_only,0.7456071428591992,7.210099996882491,103.67532500004017,111.63103213978187,one shared preloaded model
conv-49-qa-96,lexical_only,0.7456071428591992,4.3761000015365425,233.64289999972243,238.76460714411817,one shared preloaded model
conv-49-qa-97,lexical_only,0.7456071428591992,3.882799999701092,233.64289999972243,238.27130714228272,one shared preloaded model
conv-49-qa-98,lexical_only,0.7456071428591992,4.158100000495324,233.64289999972243,238.54660714307695,one shared preloaded model
conv-49-qa-99,lexical_only,0.7456071428591992,4.196099998807767,233.64289999972243,238.5846071413894,one shared preloaded model
conv-49-qa-100,lexical_only,0.7456071428591992,4.477400001633214,343.1857999994463,348.4088071439387,one shared preloaded model
conv-49-qa-101,lexical_only,0.7456071428591992,3.6675000010291114,343.1857999994463,347.5989071433346,one shared preloaded model
conv-49-qa-102,lexical_only,0.7456071428591992,3.817400000116322,343.1857999994463,347.7488071424218,one shared preloaded model
conv-49-qa-103,lexical_only,0.7456071428591992,3.9895000008982606,343.1857999994463,347.92090714320375,one shared preloaded model
conv-49-qa-104,lexical_only,0.7456071428591992,4.840900000999682,446.5348499998072,452.12135714366605,one shared preloaded model
conv-49-qa-105,lexical_only,0.7456071428591992,7.784199999150587,446.5348499998072,455.06465714181695,one shared preloaded model
conv-49-qa-106,lexical_only,0.7456071428591992,7.8438999989884906,446.5348499998072,455.12435714165485,one shared preloaded model
conv-49-qa-107,lexical_only,0.7456071428591992,7.104199998138938,446.5348499998072,454.3846571408053,one shared preloaded model
conv-49-qa-108,lexical_only,0.7456071428591992,4.224000000249362,121.61977499999921,126.58938214310777,one shared preloaded model
conv-49-qa-109,lexical_only,0.7456071428591992,7.527300000219839,121.61977499999921,129.89268214307825,one shared preloaded model
conv-49-qa-110,lexical_only,0.7456071428591992,4.8557000009168405,121.61977499999921,127.22108214377525,one shared preloaded model
conv-49-qa-111,lexical_only,0.7456071428591992,4.70340000174474,121.61977499999921,127.06878214460315,one shared preloaded model
conv-49-qa-112,lexical_only,0.7456071428591992,4.223299998557195,237.67645000043558,242.64535714185197,one shared preloaded model
conv-49-qa-113,lexical_only,0.7456071428591992,7.393100000626873,237.67645000043558,245.81515714392165,one shared preloaded model
conv-49-qa-114,lexical_only,0.7456071428591992,7.276000000274507,237.67645000043558,245.6980571435693,one shared preloaded model
conv-49-qa-115,lexical_only,0.7456071428591992,7.624500001838896,237.67645000043558,246.04655714513368,one shared preloaded model
conv-49-qa-116,lexical_only,0.7456071428591992,4.701699999714037,131.55927499974496,137.0065821423182,one shared preloaded model
conv-49-qa-117,lexical_only,0.7456071428591992,7.651500000065425,131.55927499974496,139.95638214266958,one shared preloaded model
conv-49-qa-118,lexical_only,0.7456071428591992,7.289000001037493,131.55927499974496,139.59388214364165,one shared preloaded model
conv-49-qa-119,lexical_only,0.7456071428591992,7.814699998561991,131.55927499974496,140.11958214116615,one shared preloaded model
conv-49-qa-120,lexical_only,0.7456071428591992,4.217699999571778,152.06444999967061,157.0277571421016,one shared preloaded model
conv-49-qa-121,lexical_only,0.7456071428591992,4.203700002108235,152.06444999967061,157.01375714463805,one shared preloaded model
conv-49-qa-122,lexical_only,0.7456071428591992,4.262200000084704,152.06444999967061,157.07225714261452,one shared preloaded model
conv-49-qa-123,lexical_only,0.7456071428591992,4.709199998615077,152.06444999967061,157.5192571411449,one shared preloaded model
conv-49-qa-124,lexical_only,0.7456071428591992,4.998399999749381,159.64272499968502,165.3867321422936,one shared preloaded model
conv-49-qa-125,lexical_only,0.7456071428591992,3.61940000220784,159.64272499968502,164.00773214475205,one shared preloaded model
conv-49-qa-126,lexical_only,0.7456071428591992,3.6942999977327418,159.64272499968502,164.08263214027696,one shared preloaded model
conv-49-qa-127,lexical_only,0.7456071428591992,3.6680000011983793,159.64272499968502,164.0563321437426,one shared preloaded model
conv-49-qa-128,lexical_only,0.7456071428591992,4.066800000146031,150.15924999988783,154.97165714289306,one shared preloaded model
conv-49-qa-129,lexical_only,0.7456071428591992,4.048899998451816,150.15924999988783,154.95375714119885,one shared preloaded model
conv-49-qa-130,lexical_only,0.7456071428591992,4.720900000393158,150.15924999988783,155.6257571431402,one shared preloaded model
conv-49-qa-131,lexical_only,0.7456071428591992,4.4606000010389835,150.15924999988783,155.36545714378602,one shared preloaded model
conv-49-qa-132,lexical_only,0.7456071428591992,4.580400000122609,195.57392500064452,200.89993214362633,one shared preloaded model
conv-49-qa-133,lexical_only,0.7456071428591992,7.6718999989680015,195.57392500064452,203.99143214247172,one shared preloaded model
conv-49-qa-134,lexical_only,0.7456071428591992,7.151400001021102,195.57392500064452,203.47093214452482,one shared preloaded model
conv-49-qa-135,lexical_only,0.7456071428591992,7.226300000183983,195.57392500064452,203.5458321436877,one shared preloaded model
conv-49-qa-136,lexical_only,0.7456071428591992,4.42059999841149,182.87874999987253,188.04495714114321,one shared preloaded model
conv-49-qa-137,lexical_only,0.7456071428591992,4.14699999964796,182.87874999987253,187.77135714237969,one shared preloaded model
conv-49-qa-138,lexical_only,0.7456071428591992,4.267299998900853,182.87874999987253,187.89165714163258,one shared preloaded model
conv-49-qa-139,lexical_only,0.7456071428591992,6.428000000596512,182.87874999987253,190.05235714332824,one shared preloaded model
conv-49-qa-140,lexical_only,0.7456071428591992,5.830499998410232,261.587574999794,268.1636821410634,one shared preloaded model
conv-49-qa-141,lexical_only,0.7456071428591992,3.691999998409301,261.587574999794,266.0251821410625,one shared preloaded model
conv-49-qa-142,lexical_only,0.7456071428591992,3.857100000459468,261.587574999794,266.19028214311265,one shared preloaded model
conv-49-qa-143,lexical_only,0.7456071428591992,3.462300002865959,261.587574999794,265.79548214551914,one shared preloaded model
conv-49-qa-144,lexical_only,0.7456071428591992,4.478600003494648,284.7442250003951,289.9684321467489,one shared preloaded model
conv-49-qa-145,lexical_only,0.7456071428591992,7.653299999219598,284.7442250003951,293.14313214247386,one shared preloaded model
conv-49-qa-146,lexical_only,0.7456071428591992,7.930499999929452,284.7442250003951,293.4203321431837,one shared preloaded model
conv-49-qa-147,lexical_only,0.7456071428591992,7.239700000354787,284.7442250003951,292.72953214360905,one shared preloaded model
conv-49-qa-148,lexical_only,0.7456071428591992,4.262399997969624,102.7760249999119,107.78403214074072,one shared preloaded model
conv-49-qa-149,lexical_only,0.7456071428591992,7.556100001238519,102.7760249999119,111.07773214400962,one shared preloaded model
conv-49-qa-150,lexical_only,0.7456071428591992,5.280299999867566,102.7760249999119,108.80193214263866,one shared preloaded model
conv-49-qa-151,lexical_only,0.7456071428591992,3.7828000022273045,102.7760249999119,107.3044321449984,one shared preloaded model
conv-49-qa-152,lexical_only,0.7456071428591992,4.916000001685461,193.36397500046587,199.02558214501053,one shared preloaded model
conv-49-qa-153,lexical_only,0.7456071428591992,4.707700001745252,193.36397500046587,198.81728214507032,one shared preloaded model
conv-49-qa-154,lexical_only,0.7456071428591992,4.39869999900111,193.36397500046587,198.50828214232618,one shared preloaded model
conv-49-qa-155,lexical_only,0.7456071428591992,4.663100000470877,193.36397500046587,198.77268214379595,one shared preloaded model
conv-49-qa-156,lexical_only,0.7456071428591992,4.585900001984555,110.56102499969711,115.89253214454087,one shared preloaded model
conv-49-qa-157,lexical_only,0.7456071428591992,4.148399999394314,110.56102499969711,115.45503214195062,one shared preloaded model
conv-49-qa-158,lexical_only,0.7456071428591992,4.556599997158628,110.56102499969711,115.86323213971494,one shared preloaded model
conv-49-qa-159,lexical_only,0.7456071428591992,4.712400001153583,110.56102499969711,116.0190321437099,one shared preloaded model
conv-49-qa-160,lexical_only,0.7456071428591992,4.37930000043707,105.77625000041735,110.90115714371362,one shared preloaded model
conv-49-qa-161,lexical_only,0.7456071428591992,8.159799999702955,105.77625000041735,114.6816571429795,one shared preloaded model
conv-49-qa-162,lexical_only,0.7456071428591992,7.326799997827038,105.77625000041735,113.84865714110359,one shared preloaded model
conv-49-qa-163,lexical_only,0.7456071428591992,7.287299999006791,105.77625000041735,113.80915714228334,one shared preloaded model
conv-49-qa-164,lexical_only,0.7456071428591992,4.321799999161158,88.19045000018377,93.25785714220413,one shared preloaded model
conv-49-qa-165,lexical_only,0.7456071428591992,4.458200000954093,88.19045000018377,93.39425714399707,one shared preloaded model
conv-49-qa-166,lexical_only,0.7456071428591992,4.521499999100342,88.19045000018377,93.45755714214332,one shared preloaded model
conv-49-qa-167,lexical_only,0.7456071428591992,7.384699998510769,88.19045000018377,96.32075714155374,one shared preloaded model
conv-49-qa-168,lexical_only,0.7456071428591992,4.825299998628907,131.72819999999774,137.29910714148585,one shared preloaded model
conv-49-qa-169,lexical_only,0.7456071428591992,8.002800001122523,131.72819999999774,140.47660714397946,one shared preloaded model
conv-49-qa-170,lexical_only,0.7456071428591992,7.714999999734573,131.72819999999774,140.18880714259151,one shared preloaded model
conv-49-qa-171,lexical_only,0.7456071428591992,7.8740999997535255,131.72819999999774,140.34790714261047,one shared preloaded model
conv-49-qa-172,lexical_only,0.7456071428591992,4.235799999150913,143.67760000004637,148.65900714205648,one shared preloaded model
conv-49-qa-173,lexical_only,0.7456071428591992,7.871600002545165,143.67760000004637,152.29480714545073,one shared preloaded model
conv-49-qa-174,lexical_only,0.7456071428591992,7.177800001954893,143.67760000004637,151.60100714486046,one shared preloaded model
conv-49-qa-175,lexical_only,0.7456071428591992,7.714699997450225,143.67760000004637,152.1379071403558,one shared preloaded model
conv-49-qa-176,lexical_only,0.7456071428591992,4.746699996758252,84.65212500050256,90.14443214012002,one shared preloaded model
conv-49-qa-177,lexical_only,0.7456071428591992,6.5683000029821415,84.65212500050256,91.9660321463439,one shared preloaded model
conv-49-qa-178,lexical_only,0.7456071428591992,4.077900000993395,84.65212500050256,89.47563214435516,one shared preloaded model
conv-49-qa-179,lexical_only,0.7456071428591992,4.226699998980621,84.65212500050256,89.62443214234239,one shared preloaded model
conv-49-qa-180,lexical_only,0.7456071428591992,4.579699998430442,82.30800000001182,87.63330714130146,one shared preloaded model
conv-49-qa-181,lexical_only,0.7456071428591992,7.839499998226529,82.30800000001182,90.89310714109754,one shared preloaded model
conv-49-qa-182,lexical_only,0.7456071428591992,7.159799999499228,82.30800000001182,90.21340714237024,one shared preloaded model
conv-49-qa-183,lexical_only,0.7456071428591992,8.241899999120506,82.30800000001182,91.29550714199152,one shared preloaded model
conv-49-qa-184,lexical_only,0.7456071428591992,4.202100000838982,79.89842499955557,84.84613214325375,one shared preloaded model
conv-49-qa-185,lexical_only,0.7456071428591992,7.281099999090657,79.89842499955557,87.92513214150543,one shared preloaded model
conv-49-qa-186,lexical_only,0.7456071428591992,7.297899999684887,79.89842499955557,87.94193214209966,one shared preloaded model
conv-49-qa-187,lexical_only,0.7456071428591992,7.987799999682466,79.89842499955557,88.63183214209724,one shared preloaded model
conv-49-qa-188,lexical_only,0.7456071428591992,4.504399999859743,81.125400000019,86.37540714273794,one shared preloaded model
conv-49-qa-189,lexical_only,0.7456071428591992,7.986499997059582,81.125400000019,89.85750713993778,one shared preloaded model
conv-49-qa-190,lexical_only,0.7456071428591992,4.608000002917834,81.125400000019,86.47900714579603,one shared preloaded model
conv-49-qa-191,lexical_only,0.7456071428591992,4.514100000960752,81.125400000019,86.38510714383895,one shared preloaded model
conv-49-qa-192,lexical_only,0.7456071428591992,4.271300000254996,83.57985000020562,88.59675714331982,one shared preloaded model
conv-49-qa-193,lexical_only,0.7456071428591992,7.9437999993388075,83.57985000020562,92.26925714240363,one shared preloaded model
conv-49-qa-194,lexical_only,0.7456071428591992,7.419300000037765,83.57985000020562,91.74475714310259,one shared preloaded model
conv-49-qa-195,lexical_only,0.7456071428591992,6.988600001932355,83.57985000020562,91.31405714499718,one shared preloaded model
conv-50-qa-0,lexical_only,0.8906240196202085,3.852300000289688,158.01112499957526,162.75404901948517,one shared preloaded model
conv-50-qa-1,lexical_only,0.8906240196202085,3.7804000021424145,158.01112499957526,162.6821490213379,one shared preloaded model
conv-50-qa-2,lexical_only,0.8906240196202085,6.653299999015871,158.01112499957526,165.55504901821135,one shared preloaded model
conv-50-qa-3,lexical_only,0.8906240196202085,7.4564999995345715,158.01112499957526,166.35824901873005,one shared preloaded model
conv-50-qa-4,lexical_only,0.8906240196202085,4.258599998138379,92.72277499985648,97.87199901761507,one shared preloaded model
conv-50-qa-5,lexical_only,0.8906240196202085,7.627799997862894,92.72277499985648,101.24119901733958,one shared preloaded model
conv-50-qa-6,lexical_only,0.8906240196202085,7.8068000002531335,92.72277499985648,101.42019901972982,one shared preloaded model
conv-50-qa-7,lexical_only,0.8906240196202085,7.291600002645282,92.72277499985648,100.90499902212197,one shared preloaded model
conv-50-qa-8,lexical_only,0.8906240196202085,5.228900001384318,142.52292499986652,148.64244902087106,one shared preloaded model
conv-50-qa-9,lexical_only,0.8906240196202085,7.978599998750724,142.52292499986652,151.39214901823746,one shared preloaded model
conv-50-qa-10,lexical_only,0.8906240196202085,7.917700000689365,142.52292499986652,151.3312490201761,one shared preloaded model
conv-50-qa-11,lexical_only,0.8906240196202085,7.845899999665562,142.52292499986652,151.2594490191523,one shared preloaded model
conv-50-qa-12,lexical_only,0.8906240196202085,5.16550000247662,156.67130000019824,162.72742402229508,one shared preloaded model
conv-50-qa-13,lexical_only,0.8906240196202085,7.403700001304969,156.67130000019824,164.96562402112343,one shared preloaded model
conv-50-qa-14,lexical_only,0.8906240196202085,8.275099997263169,156.67130000019824,165.83702401708163,one shared preloaded model
conv-50-qa-15,lexical_only,0.8906240196202085,4.303299996536225,156.67130000019824,161.8652240163547,one shared preloaded model
conv-50-qa-16,lexical_only,0.8906240196202085,5.3140999989409465,111.41142499946,117.61614901802115,one shared preloaded model
conv-50-qa-17,lexical_only,0.8906240196202085,7.487599999876693,111.41142499946,119.7896490189569,one shared preloaded model
conv-50-qa-18,lexical_only,0.8906240196202085,7.350100000621751,111.41142499946,119.65214901970195,one shared preloaded model
conv-50-qa-19,lexical_only,0.8906240196202085,7.5593000001390465,111.41142499946,119.86134901921925,one shared preloaded model
conv-50-qa-20,lexical_only,0.8906240196202085,4.463699999178061,88.366799999676,93.72112401847427,one shared preloaded model
conv-50-qa-21,lexical_only,0.8906240196202085,4.293300000426825,88.366799999676,93.55072401972303,one shared preloaded model
conv-50-qa-22,lexical_only,0.8906240196202085,4.188199996860931,88.366799999676,93.44562401615714,one shared preloaded model
conv-50-qa-23,lexical_only,0.8906240196202085,4.285700000764336,88.366799999676,93.54312402006055,one shared preloaded model
conv-50-qa-24,lexical_only,0.8906240196202085,4.319600000599166,159.3186499994772,164.5288740196966,one shared preloaded model
conv-50-qa-25,lexical_only,0.8906240196202085,3.536699998221593,159.3186499994772,163.745974017319,one shared preloaded model
conv-50-qa-26,lexical_only,0.8906240196202085,3.503899999486748,159.3186499994772,163.71317401858417,one shared preloaded model
conv-50-qa-27,lexical_only,0.8906240196202085,3.6744000026374124,159.3186499994772,163.88367402173483,one shared preloaded model
conv-50-qa-28,lexical_only,0.8906240196202085,4.188499999145279,217.89205000004586,222.97117401881135,one shared preloaded model
conv-50-qa-29,lexical_only,0.8906240196202085,7.407900000544032,217.89205000004586,226.1905740202101,one shared preloaded model
conv-50-qa-30,lexical_only,0.8906240196202085,5.2133999997749925,217.89205000004586,223.99607401944107,one shared preloaded model
conv-50-qa-31,lexical_only,0.8906240196202085,7.493299999623559,217.89205000004586,226.27597401928963,one shared preloaded model
conv-50-qa-32,lexical_only,0.8906240196202085,4.504799999267561,108.41987500043615,113.81529901932392,one shared preloaded model
conv-50-qa-33,lexical_only,0.8906240196202085,7.318500000110362,108.41987500043615,116.62899902016672,one shared preloaded model
conv-50-qa-34,lexical_only,0.8906240196202085,7.225400000606896,108.41987500043615,116.53589902066325,one shared preloaded model
conv-50-qa-35,lexical_only,0.8906240196202085,7.136199998058146,108.41987500043615,116.4466990181145,one shared preloaded model
conv-50-qa-36,lexical_only,0.8906240196202085,4.6314999999594875,116.22337500011781,121.7454990196975,one shared preloaded model
conv-50-qa-37,lexical_only,0.8906240196202085,7.429100001900224,116.22337500011781,124.54309902163824,one shared preloaded model
conv-50-qa-38,lexical_only,0.8906240196202085,7.047600000078091,116.22337500011781,124.16159901981611,one shared preloaded model
conv-50-qa-39,lexical_only,0.8906240196202085,6.90519999989192,116.22337500011781,124.01919901962994,one shared preloaded model
conv-50-qa-40,lexical_only,0.8906240196202085,4.971399997884873,84.03604999966774,89.89807401717282,one shared preloaded model
conv-50-qa-41,lexical_only,0.8906240196202085,8.080299998255214,84.03604999966774,93.00697401754316,one shared preloaded model
conv-50-qa-42,lexical_only,0.8906240196202085,5.079200000182027,84.03604999966774,90.00587401946997,one shared preloaded model
conv-50-qa-43,lexical_only,0.8906240196202085,3.6693000001832843,84.03604999966774,88.59597401947123,one shared preloaded model
conv-50-qa-44,lexical_only,0.8906240196202085,4.7064999998838175,456.91269999952056,462.50982401902456,one shared preloaded model
conv-50-qa-45,lexical_only,0.8906240196202085,4.625400000804802,456.91269999952056,462.42872401994555,one shared preloaded model
conv-50-qa-46,lexical_only,0.8906240196202085,4.455099999177037,456.91269999952056,462.2584240183178,one shared preloaded model
conv-50-qa-47,lexical_only,0.8906240196202085,4.38909999866155,456.91269999952056,462.1924240178023,one shared preloaded model
conv-50-qa-48,lexical_only,0.8906240196202085,4.644900000130292,164.71120000005612,170.24672401980663,one shared preloaded model
conv-50-qa-49,lexical_only,0.8906240196202085,7.969400001456961,164.71120000005612,173.5712240211333,one shared preloaded model
conv-50-qa-50,lexical_only,0.8906240196202085,7.1519999983138405,164.71120000005612,172.75382401799018,one shared preloaded model
conv-50-qa-51,lexical_only,0.8906240196202085,4.567199997836724,164.71120000005612,170.16902401751307,one shared preloaded model
conv-50-qa-52,lexical_only,0.8906240196202085,5.039399999077432,159.73525000026711,165.66527401896477,one shared preloaded model
conv-50-qa-53,lexical_only,0.8906240196202085,8.768899999267887,159.73525000026711,169.39477401915522,one shared preloaded model
conv-50-qa-54,lexical_only,0.8906240196202085,7.099900001776405,159.73525000026711,167.72577402166374,one shared preloaded model
conv-50-qa-55,lexical_only,0.8906240196202085,7.003300001088064,159.73525000026711,167.6291740209754,one shared preloaded model
conv-50-qa-56,lexical_only,0.8906240196202085,4.5559999998658895,323.61539999965316,329.06202401913924,one shared preloaded model
conv-50-qa-57,lexical_only,0.8906240196202085,3.5802999991574325,323.61539999965316,328.0863240184308,one shared preloaded model
conv-50-qa-58,lexical_only,0.8906240196202085,3.752399999939371,323.61539999965316,328.2584240192127,one shared preloaded model
conv-50-qa-59,lexical_only,0.8906240196202085,3.8586000009672716,323.61539999965316,328.3646240202406,one shared preloaded model
conv-50-qa-60,lexical_only,0.8906240196202085,5.478999999468215,92.35480000006646,98.72442401915488,one shared preloaded model
conv-50-qa-61,lexical_only,0.8906240196202085,3.6142999997537117,92.35480000006646,96.85972401944038,one shared preloaded model
conv-50-qa-62,lexical_only,0.8906240196202085,3.6674999973911326,92.35480000006646,96.9129240170778,one shared preloaded model
conv-50-qa-63,lexical_only,0.8906240196202085,3.5425000023678876,92.35480000006646,96.78792402205455,one shared preloaded model
conv-50-qa-64,lexical_only,0.8906240196202085,4.2530999999144115,162.32932500042807,167.4730490199627,one shared preloaded model
conv-50-qa-65,lexical_only,0.8906240196202085,4.021200002171099,162.32932500042807,167.2411490222194,one shared preloaded model
conv-50-qa-66,lexical_only,0.8906240196202085,4.37180000153603,162.32932500042807,167.59174902158432,one shared preloaded model
conv-50-qa-67,lexical_only,0.8906240196202085,4.446000002644723,162.32932500042807,167.665949022693,one shared preloaded model
conv-50-qa-68,lexical_only,0.8906240196202085,4.529699999693548,309.54320000000735,314.9635240193211,one shared preloaded model
conv-50-qa-69,lexical_only,0.8906240196202085,4.171699998551048,309.54320000000735,314.6055240181786,one shared preloaded model
conv-50-qa-70,lexical_only,0.8906240196202085,4.309500000090338,309.54320000000735,314.7433240197179,one shared preloaded model
conv-50-qa-71,lexical_only,0.8906240196202085,4.1495000004942995,309.54320000000735,314.58332402012184,one shared preloaded model
conv-50-qa-72,lexical_only,0.8906240196202085,6.882300000143005,123.09069999992062,130.86362401968384,one shared preloaded model
conv-50-qa-73,lexical_only,0.8906240196202085,7.486900001822505,123.09069999992062,131.46822402136334,one shared preloaded model
conv-50-qa-74,lexical_only,0.8906240196202085,7.437100000970531,123.09069999992062,131.41842402051137,one shared preloaded model
conv-50-qa-75,lexical_only,0.8906240196202085,7.745999999315245,123.09069999992062,131.72732401885608,one shared preloaded model
conv-50-qa-76,lexical_only,0.8906240196202085,4.764899997098837,565.3700499997285,571.0255740164475,one shared preloaded model
conv-50-qa-77,lexical_only,0.8906240196202085,3.682200000184821,565.3700499997285,569.9428740195335,one shared preloaded model
conv-50-qa-78,lexical_only,0.8906240196202085,4.170100000919774,565.3700499997285,570.4307740202685,one shared preloaded model
conv-50-qa-79,lexical_only,0.8906240196202085,4.1984999988926575,565.3700499997285,570.4591740182414,one shared preloaded model
conv-50-qa-80,lexical_only,0.8906240196202085,4.302800000004936,100.60342500037223,105.79684901999737,one shared preloaded model
conv-50-qa-81,lexical_only,0.8906240196202085,9.28820000262931,100.60342500037223,110.78224902262174,one shared preloaded model
conv-50-qa-82,lexical_only,0.8906240196202085,8.608000000094762,100.60342500037223,110.1020490200872,one shared preloaded model
conv-50-qa-83,lexical_only,0.8906240196202085,8.2165999992867,100.60342500037223,109.71064901927913,one shared preloaded model
conv-50-qa-84,lexical_only,0.8906240196202085,6.642600001214305,177.16042499978357,184.6936490206181,one shared preloaded model
conv-50-qa-85,lexical_only,0.8906240196202085,7.503699998778757,177.16042499978357,185.55474901818255,one shared preloaded model
conv-50-qa-86,lexical_only,0.8906240196202085,7.439899996825261,177.16042499978357,185.49094901622905,one shared preloaded model
conv-50-qa-87,lexical_only,0.8906240196202085,4.009999996924307,177.16042499978357,182.0610490163281,one shared preloaded model
conv-50-qa-88,lexical_only,0.8906240196202085,6.916899998032022,91.51137499975448,99.31889901740671,one shared preloaded model
conv-50-qa-89,lexical_only,0.8906240196202085,7.6318999999784864,91.51137499975448,100.03389901935317,one shared preloaded model
conv-50-qa-90,lexical_only,0.8906240196202085,7.43769999826327,91.51137499975448,99.83969901763795,one shared preloaded model
conv-50-qa-91,lexical_only,0.8906240196202085,7.165799997892464,91.51137499975448,99.56779901726715,one shared preloaded model
conv-50-qa-92,lexical_only,0.8906240196202085,4.710299999715062,195.3387500007011,200.9396740200364,one shared preloaded model
conv-50-qa-93,lexical_only,0.8906240196202085,3.6628000016207807,195.3387500007011,199.8921740219421,one shared preloaded model
conv-50-qa-94,lexical_only,0.8906240196202085,3.467799997451948,195.3387500007011,199.69717401777328,one shared preloaded model
conv-50-qa-95,lexical_only,0.8906240196202085,6.555299998581177,195.3387500007011,202.7846740189025,one shared preloaded model
conv-50-qa-96,lexical_only,0.8906240196202085,4.37199999942095,452.6236000001518,457.8862240191929,one shared preloaded model
conv-50-qa-97,lexical_only,0.8906240196202085,8.045999999012565,452.6236000001518,461.56022401878454,one shared preloaded model
conv-50-qa-98,lexical_only,0.8906240196202085,6.986100001086015,452.6236000001518,460.500324020858,one shared preloaded model
conv-50-qa-99,lexical_only,0.8906240196202085,5.382899998949142,452.6236000001518,458.8971240187211,one shared preloaded model
conv-50-qa-100,lexical_only,0.8906240196202085,4.3350000014470425,88.1925499998033,93.41817402087055,one shared preloaded model
conv-50-qa-101,lexical_only,0.8906240196202085,7.4647000001277775,88.1925499998033,96.54787401955129,one shared preloaded model
conv-50-qa-102,lexical_only,0.8906240196202085,7.598399999551475,88.1925499998033,96.68157401897498,one shared preloaded model
conv-50-qa-103,lexical_only,0.8906240196202085,7.312099998671329,88.1925499998033,96.39527401809484,one shared preloaded model
conv-50-qa-104,lexical_only,0.8906240196202085,4.389599998830818,140.09272500061343,145.37294901906446,one shared preloaded model
conv-50-qa-105,lexical_only,0.8906240196202085,3.614099998230813,140.09272500061343,144.59744901846446,one shared preloaded model
conv-50-qa-106,lexical_only,0.8906240196202085,3.7897000001976267,140.09272500061343,144.77304902043127,one shared preloaded model
conv-50-qa-107,lexical_only,0.8906240196202085,3.911699997843243,140.09272500061343,144.8950490180769,one shared preloaded model
conv-50-qa-108,lexical_only,0.8906240196202085,4.027099999802886,399.16914999957953,404.0868740190026,one shared preloaded model
conv-50-qa-109,lexical_only,0.8906240196202085,3.847299998597009,399.16914999957953,403.90707401779673,one shared preloaded model
conv-50-qa-110,lexical_only,0.8906240196202085,3.837500000372529,399.16914999957953,403.89727401957225,one shared preloaded model
conv-50-qa-111,lexical_only,0.8906240196202085,3.635799999756273,399.16914999957953,403.695574018956,one shared preloaded model
conv-50-qa-112,lexical_only,0.8906240196202085,4.5009000023128465,325.0212000002648,330.41272402219784,one shared preloaded model
conv-50-qa-113,lexical_only,0.8906240196202085,3.6566000017046463,325.0212000002648,329.56842402158964,one shared preloaded model
conv-50-qa-114,lexical_only,0.8906240196202085,3.988499996921746,325.0212000002648,329.90032401680674,one shared preloaded model
conv-50-qa-115,lexical_only,0.8906240196202085,6.455800001276657,325.0212000002648,332.36762402116165,one shared preloaded model
conv-50-qa-116,lexical_only,0.8906240196202085,7.117400000424823,211.0577249995913,219.06574901963634,one shared preloaded model
conv-50-qa-117,lexical_only,0.8906240196202085,4.843200000323122,211.0577249995913,216.79154901953464,one shared preloaded model
conv-50-qa-118,lexical_only,0.8906240196202085,4.867200001172023,211.0577249995913,216.81554902038354,one shared preloaded model
conv-50-qa-119,lexical_only,0.8906240196202085,5.02520000009099,211.0577249995913,216.9735490193025,one shared preloaded model
conv-50-qa-120,lexical_only,0.8906240196202085,4.33550000161631,185.55832499987446,190.784449021111,one shared preloaded model
conv-50-qa-121,lexical_only,0.8906240196202085,3.7921000002825167,185.55832499987446,190.2410490197772,one shared preloaded model
conv-50-qa-122,lexical_only,0.8906240196202085,3.907500002242159,185.55832499987446,190.35644902173684,one shared preloaded model
conv-50-qa-123,lexical_only,0.8906240196202085,3.4670999993977603,185.55832499987446,189.91604901889244,one shared preloaded model
conv-50-qa-124,lexical_only,0.8906240196202085,4.588100000546547,108.31687499921827,113.79559901938502,one shared preloaded model
conv-50-qa-125,lexical_only,0.8906240196202085,7.674000000406522,108.31687499921827,116.881499019245,one shared preloaded model
conv-50-qa-126,lexical_only,0.8906240196202085,7.624099998793099,108.31687499921827,116.83159901763158,one shared preloaded model
conv-50-qa-127,lexical_only,0.8906240196202085,7.245199998578755,108.31687499921827,116.45269901741723,one shared preloaded model
conv-50-qa-128,lexical_only,0.8906240196202085,4.261399997631088,167.22247500001686,172.37449901726816,one shared preloaded model
conv-50-qa-129,lexical_only,0.8906240196202085,7.216599999082973,167.22247500001686,175.32969901872005,one shared preloaded model
conv-50-qa-130,lexical_only,0.8906240196202085,7.554499999969266,167.22247500001686,175.66759901960634,one shared preloaded model
conv-50-qa-131,lexical_only,0.8906240196202085,7.201500000519445,167.22247500001686,175.31459902015652,one shared preloaded model
conv-50-qa-132,lexical_only,0.8906240196202085,4.533399998763343,447.65319999987696,453.0772240182605,one shared preloaded model
conv-50-qa-133,lexical_only,0.8906240196202085,7.712099999480415,447.65319999987696,456.25592401897757,one shared preloaded model
conv-50-qa-134,lexical_only,0.8906240196202085,7.303899998078123,447.65319999987696,455.8477240175753,one shared preloaded model
conv-50-qa-135,lexical_only,0.8906240196202085,7.335599999350961,447.65319999987696,455.8794240188481,one shared preloaded model
conv-50-qa-136,lexical_only,0.8906240196202085,6.182499997521518,84.35405000000173,91.42717401714346,one shared preloaded model
conv-50-qa-137,lexical_only,0.8906240196202085,3.640099999756785,84.35405000000173,88.88477401937872,one shared preloaded model
conv-50-qa-138,lexical_only,0.8906240196202085,3.7587000006169546,84.35405000000173,89.0033740202389,one shared preloaded model
conv-50-qa-139,lexical_only,0.8906240196202085,4.328399998485111,84.35405000000173,89.57307401810705,one shared preloaded model
conv-50-qa-140,lexical_only,0.8906240196202085,4.158599997026613,80.03549999921233,85.08472401585915,one shared preloaded model
conv-50-qa-141,lexical_only,0.8906240196202085,3.6350999980641063,80.03549999921233,84.56122401689665,one shared preloaded model
conv-50-qa-142,lexical_only,0.8906240196202085,3.5207000000809785,80.03549999921233,84.44682401891352,one shared preloaded model
conv-50-qa-143,lexical_only,0.8906240196202085,6.0024999984307215,80.03549999921233,86.92862401726326,one shared preloaded model
conv-50-qa-144,lexical_only,0.8906240196202085,4.499900001974311,156.83305000038672,162.22357402198125,one shared preloaded model
conv-50-qa-145,lexical_only,0.8906240196202085,7.414499999867985,156.83305000038672,165.13817401987492,one shared preloaded model
conv-50-qa-146,lexical_only,0.8906240196202085,7.545500000560423,156.83305000038672,165.26917402056736,one shared preloaded model
conv-50-qa-147,lexical_only,0.8906240196202085,7.369200000539422,156.83305000038672,165.09287402054636,one shared preloaded model
conv-50-qa-148,lexical_only,0.8906240196202085,4.460899999685353,89.8235750000822,95.17509901938776,one shared preloaded model
conv-50-qa-149,lexical_only,0.8906240196202085,8.629200001450954,89.8235750000822,99.34339902115336,one shared preloaded model
conv-50-qa-150,lexical_only,0.8906240196202085,7.838400000764523,89.8235750000822,98.55259902046693,one shared preloaded model
conv-50-qa-151,lexical_only,0.8906240196202085,7.430500001646578,89.8235750000822,98.14469902134898,one shared preloaded model
conv-50-qa-152,lexical_only,0.8906240196202085,5.419799999799579,141.972700000224,148.2831240196438,one shared preloaded model
conv-50-qa-153,lexical_only,0.8906240196202085,7.500700001401128,141.972700000224,150.36402402124534,one shared preloaded model
conv-50-qa-154,lexical_only,0.8906240196202085,7.368900001893053,141.972700000224,150.23222402173727,one shared preloaded model
conv-50-qa-155,lexical_only,0.8906240196202085,7.265399999596411,141.972700000224,150.12872401944063,one shared preloaded model
conv-50-qa-156,lexical_only,0.8906240196202085,4.19549999787705,234.58039999968605,239.66652401718332,one shared preloaded model
conv-50-qa-157,lexical_only,0.8906240196202085,3.9293000008910894,234.58039999968605,239.40032402019736,one shared preloaded model
conv-50-qa-158,lexical_only,0.8906240196202085,6.4301999991585035,234.58039999968605,241.90122401846477,one shared preloaded model
conv-50-qa-159,lexical_only,0.8906240196202085,7.343600002059247,234.58039999968605,242.81462402136552,one shared preloaded model
conv-50-qa-160,lexical_only,0.8906240196202085,5.012699999497272,83.4288000005472,89.33212401966468,one shared preloaded model
conv-50-qa-161,lexical_only,0.8906240196202085,5.548200002522208,83.4288000005472,89.86762402268961,one shared preloaded model
conv-50-qa-162,lexical_only,0.8906240196202085,7.303099999262486,83.4288000005472,91.62252401942989,one shared preloaded model
conv-50-qa-163,lexical_only,0.8906240196202085,7.2265000017068814,83.4288000005472,91.54592402187428,one shared preloaded model
conv-50-qa-164,lexical_only,0.8906240196202085,4.117399999813642,92.06712500053982,97.07514901997367,one shared preloaded model
conv-50-qa-165,lexical_only,0.8906240196202085,3.4856999991461635,92.06712500053982,96.44344901930619,one shared preloaded model
conv-50-qa-166,lexical_only,0.8906240196202085,3.8705000006302726,92.06712500053982,96.8282490207903,one shared preloaded model
conv-50-qa-167,lexical_only,0.8906240196202085,7.545299999037525,92.06712500053982,100.50304901919755,one shared preloaded model
conv-50-qa-168,lexical_only,0.8906240196202085,6.4794999998412095,86.92277499994816,94.29289901940957,one shared preloaded model
conv-50-qa-169,lexical_only,0.8906240196202085,7.522899999457877,86.92277499994816,95.33629901902624,one shared preloaded model
conv-50-qa-170,lexical_only,0.8906240196202085,8.075100002315594,86.92277499994816,95.88849902188396,one shared preloaded model
conv-50-qa-171,lexical_only,0.8906240196202085,7.263899999088608,86.92277499994816,95.07729901865697,one shared preloaded model
conv-50-qa-172,lexical_only,0.8906240196202085,9.659800001827534,206.48364999942714,217.0340740208749,one shared preloaded model
conv-50-qa-173,lexical_only,0.8906240196202085,7.299100001546321,206.48364999942714,214.67337402059368,one shared preloaded model
conv-50-qa-174,lexical_only,0.8906240196202085,7.581400001072325,206.48364999942714,214.9556740201197,one shared preloaded model
conv-50-qa-175,lexical_only,0.8906240196202085,7.180000000516884,206.48364999942714,214.55427401956425,one shared preloaded model
conv-50-qa-176,lexical_only,0.8906240196202085,7.042299999739043,80.17684999958874,88.10977401894799,one shared preloaded model
conv-50-qa-177,lexical_only,0.8906240196202085,7.979099998919992,80.17684999958874,89.04657401812894,one shared preloaded model
conv-50-qa-178,lexical_only,0.8906240196202085,7.703499999479391,80.17684999958874,88.77097401868834,one shared preloaded model
conv-50-qa-179,lexical_only,0.8906240196202085,7.16889999966952,80.17684999958874,88.23637401887846,one shared preloaded model
conv-50-qa-180,lexical_only,0.8906240196202085,6.571600002644118,106.36299999987386,113.82522402213819,one shared preloaded model
conv-50-qa-181,lexical_only,0.8906240196202085,8.243400003266288,106.36299999987386,115.49702402276036,one shared preloaded model
conv-50-qa-182,lexical_only,0.8906240196202085,7.410499998513842,106.36299999987386,114.66412401800791,one shared preloaded model
conv-50-qa-183,lexical_only,0.8906240196202085,7.128499997634208,106.36299999987386,114.38212401712828,one shared preloaded model
conv-50-qa-184,lexical_only,0.8906240196202085,4.164400001172908,98.48954999961279,103.5445740204059,one shared preloaded model
conv-50-qa-185,lexical_only,0.8906240196202085,4.051599997183075,98.48954999961279,103.43177401641607,one shared preloaded model
conv-50-qa-186,lexical_only,0.8906240196202085,5.061100000602892,98.48954999961279,104.44127401983589,one shared preloaded model
conv-50-qa-187,lexical_only,0.8906240196202085,7.449000000633532,98.48954999961279,106.82917401986653,one shared preloaded model
conv-50-qa-188,lexical_only,0.8906240196202085,5.494400000316091,102.7371750005841,109.1221990205204,one shared preloaded model
conv-50-qa-189,lexical_only,0.8906240196202085,3.7056000001030043,102.7371750005841,107.33339902030731,one shared preloaded model
conv-50-qa-190,lexical_only,0.8906240196202085,3.622100000939099,102.7371750005841,107.2498990211434,one shared preloaded model
conv-50-qa-191,lexical_only,0.8906240196202085,3.6548000025504734,102.7371750005841,107.28259902275478,one shared preloaded model
conv-50-qa-192,lexical_only,0.8906240196202085,4.395500000100583,90.884525000547,96.17064902026779,one shared preloaded model
conv-50-qa-193,lexical_only,0.8906240196202085,7.314900001802016,90.884525000547,99.09004902196922,one shared preloaded model
conv-50-qa-194,lexical_only,0.8906240196202085,7.083200001943624,90.884525000547,98.85834902211083,one shared preloaded model
conv-50-qa-195,lexical_only,0.8906240196202085,7.325399998080684,90.884525000547,99.10054901824789,one shared preloaded model
conv-50-qa-196,lexical_only,0.8906240196202085,6.590900000446709,94.67032500015193,102.15184902021885,one shared preloaded model
conv-50-qa-197,lexical_only,0.8906240196202085,3.9477999998780433,94.67032500015193,99.50874901965018,one shared preloaded model
conv-50-qa-198,lexical_only,0.8906240196202085,3.93400000029942,94.67032500015193,99.49494902007156,one shared preloaded model
conv-50-qa-199,lexical_only,0.8906240196202085,3.9772999989509117,94.67032500015193,99.53824901872305,one shared preloaded model
conv-50-qa-200,lexical_only,0.8906240196202085,4.67709999793442,142.60437499979162,148.17209901734626,one shared preloaded model
conv-50-qa-201,lexical_only,0.8906240196202085,7.5433999991219025,142.60437499979162,151.03839901853374,one shared preloaded model
conv-50-qa-202,lexical_only,0.8906240196202085,7.2197999979835,142.60437499979162,150.71479901739534,one shared preloaded model
conv-50-qa-203,lexical_only,0.8906240196202085,7.124099996872246,142.60437499979162,150.61909901628408,one shared preloaded model
