example_id,agent,update_ms,read_ms,generation_ms,end_to_end_ms,model_loading_policy
conv-26-qa-0,bounded_rag,1.159414572813244,13.28849999117665,228.5236999996414,242.97161456363128,one shared preloaded model
conv-26-qa-1,bounded_rag,1.159414572813244,7.994500003405847,228.5236999996414,237.67761457586047,one shared preloaded model
conv-26-qa-2,bounded_rag,1.159414572813244,8.039699998334982,228.5236999996414,237.7228145707896,one shared preloaded model
conv-26-qa-3,bounded_rag,1.159414572813244,7.6542000024346635,228.5236999996414,237.3373145748893,one shared preloaded model
conv-26-qa-4,bounded_rag,1.159414572813244,4.868400006671436,102.71904999899562,108.7468645784803,one shared preloaded model
conv-26-qa-5,bounded_rag,1.159414572813244,3.751299998839386,102.71904999899562,107.62976457064825,one shared preloaded model
conv-26-qa-6,bounded_rag,1.159414572813244,6.190699990838766,102.71904999899562,110.06916456264763,one shared preloaded model
conv-26-qa-7,bounded_rag,1.159414572813244,7.424800001899712,102.71904999899562,111.30326457370857,one shared preloaded model
conv-26-qa-8,bounded_rag,1.159414572813244,4.882499997620471,91.93697499722475,97.97888956765847,one shared preloaded model
conv-26-qa-9,bounded_rag,1.159414572813244,4.073200005223043,91.93697499722475,97.16958957526104,one shared preloaded model
conv-26-qa-10,bounded_rag,1.159414572813244,3.6296000034781173,91.93697499722475,96.72598957351612,one shared preloaded model
conv-26-qa-11,bounded_rag,1.159414572813244,3.8198999973246828,91.93697499722475,96.91628956736268,one shared preloaded model
conv-26-qa-12,bounded_rag,1.159414572813244,4.558000000542961,105.60202499982552,111.31943957318173,one shared preloaded model
conv-26-qa-13,bounded_rag,1.159414572813244,7.692900006077252,105.60202499982552,114.45433957871602,one shared preloaded model
conv-26-qa-14,bounded_rag,1.159414572813244,8.473400012007914,105.60202499982552,115.23483958464668,one shared preloaded model
conv-26-qa-15,bounded_rag,1.159414572813244,7.469099989975803,105.60202499982552,114.23053956261457,one shared preloaded model
conv-26-qa-16,bounded_rag,1.159414572813244,4.455100002815016,148.77619999970193,154.39071457533018,one shared preloaded model
conv-26-qa-17,bounded_rag,1.159414572813244,4.561499998089857,148.77619999970193,154.49711457060502,one shared preloaded model
conv-26-qa-18,bounded_rag,1.159414572813244,4.574300008243881,148.77619999970193,154.50991458075904,one shared preloaded model
conv-26-qa-19,bounded_rag,1.159414572813244,5.554000003030524,148.77619999970193,155.4896145755457,one shared preloaded model
conv-26-qa-20,bounded_rag,1.159414572813244,4.913299999316223,145.51224999740953,151.58496456953898,one shared preloaded model
conv-26-qa-21,bounded_rag,1.159414572813244,7.663199998205528,145.51224999740953,154.3348645684283,one shared preloaded model
conv-26-qa-22,bounded_rag,1.159414572813244,8.31389999075327,145.51224999740953,154.98556456097603,one shared preloaded model
conv-26-qa-23,bounded_rag,1.159414572813244,7.5809999980265275,145.51224999740953,154.2526645682493,one shared preloaded model
conv-26-qa-24,bounded_rag,1.159414572813244,4.677899996750057,106.2831749986799,112.1204895682432,one shared preloaded model
conv-26-qa-25,bounded_rag,1.159414572813244,8.513699998729862,106.2831749986799,115.956289570223,one shared preloaded model
conv-26-qa-26,bounded_rag,1.159414572813244,7.867799999075942,106.2831749986799,115.31038957056909,one shared preloaded model
conv-26-qa-27,bounded_rag,1.159414572813244,7.518500002333894,106.2831749986799,114.96108957382704,one shared preloaded model
conv-26-qa-28,bounded_rag,1.159414572813244,4.583799993270077,154.86247499939054,160.60568956547385,one shared preloaded model
conv-26-qa-29,bounded_rag,1.159414572813244,7.672799998545088,154.86247499939054,163.69468957074886,one shared preloaded model
conv-26-qa-30,bounded_rag,1.159414572813244,7.644699988304637,154.86247499939054,163.6665895605084,one shared preloaded model
conv-26-qa-31,bounded_rag,1.159414572813244,7.612899993546307,154.86247499939054,163.63478956575008,one shared preloaded model
conv-26-qa-32,bounded_rag,1.159414572813244,4.559199995128438,179.4118249999883,185.13043956792998,one shared preloaded model
conv-26-qa-33,bounded_rag,1.159414572813244,6.016100000124425,179.4118249999883,186.58733957292597,one shared preloaded model
conv-26-qa-34,bounded_rag,1.159414572813244,4.381999999168329,179.4118249999883,184.95323957196987,one shared preloaded model
conv-26-qa-35,bounded_rag,1.159414572813244,6.903100002091378,179.4118249999883,187.47433957489292,one shared preloaded model
conv-26-qa-36,bounded_rag,1.159414572813244,5.09010000678245,149.47419999953127,155.72371457912695,one shared preloaded model
conv-26-qa-37,bounded_rag,1.159414572813244,4.46110000484623,149.47419999953127,155.09471457719073,one shared preloaded model
conv-26-qa-38,bounded_rag,1.159414572813244,4.396100004669279,149.47419999953127,155.02971457701378,one shared preloaded model
conv-26-qa-39,bounded_rag,1.159414572813244,4.35299999662675,149.47419999953127,154.98661456897125,one shared preloaded model
conv-26-qa-40,bounded_rag,1.159414572813244,4.573799989884719,70.28060000084224,76.01381456354021,one shared preloaded model
conv-26-qa-41,bounded_rag,1.159414572813244,4.392799994093366,70.28060000084224,75.83281456774885,one shared preloaded model
conv-26-qa-42,bounded_rag,1.159414572813244,4.8141000006580725,70.28060000084224,76.25411457431356,one shared preloaded model
conv-26-qa-43,bounded_rag,1.159414572813244,4.706499996245839,70.28060000084224,76.14651456990133,one shared preloaded model
conv-26-qa-44,bounded_rag,1.159414572813244,4.9045000050682575,112.24247499922058,118.30638957710208,one shared preloaded model
conv-26-qa-45,bounded_rag,1.159414572813244,7.681499992031604,112.24247499922058,121.08338956406543,one shared preloaded model
conv-26-qa-46,bounded_rag,1.159414572813244,8.129999987431802,112.24247499922058,121.53188955946563,one shared preloaded model
conv-26-qa-47,bounded_rag,1.159414572813244,8.978199999546632,112.24247499922058,122.38008957158046,one shared preloaded model
conv-26-qa-48,bounded_rag,1.159414572813244,4.480600007809699,121.02822499946342,126.66823958008636,one shared preloaded model
conv-26-qa-49,bounded_rag,1.159414572813244,8.742699996219017,121.02822499946342,130.93033956849567,one shared preloaded model
conv-26-qa-50,bounded_rag,1.159414572813244,7.7092999999877065,121.02822499946342,129.89693957226436,one shared preloaded model
conv-26-qa-51,bounded_rag,1.159414572813244,7.5994999933755025,121.02822499946342,129.78713956565215,one shared preloaded model
conv-26-qa-52,bounded_rag,1.159414572813244,4.902600005152635,147.45384999696398,153.51586457492985,one shared preloaded model
conv-26-qa-53,bounded_rag,1.159414572813244,4.030099997180514,147.45384999696398,152.64336456695773,one shared preloaded model
conv-26-qa-54,bounded_rag,1.159414572813244,3.7115000013727695,147.45384999696398,152.32476457114998,one shared preloaded model
conv-26-qa-55,bounded_rag,1.159414572813244,3.759300001547672,147.45384999696398,152.3725645713249,one shared preloaded model
conv-26-qa-56,bounded_rag,1.159414572813244,4.871700002695434,149.67472499847645,155.70583957398512,one shared preloaded model
conv-26-qa-57,bounded_rag,1.159414572813244,7.720099994912744,149.67472499847645,158.55423956620243,one shared preloaded model
conv-26-qa-58,bounded_rag,1.159414572813244,7.649000006495044,149.67472499847645,158.48313957778473,one shared preloaded model
conv-26-qa-59,bounded_rag,1.159414572813244,7.389599995804019,149.67472499847645,158.2237395670937,one shared preloaded model
conv-26-qa-60,bounded_rag,1.159414572813244,4.470899992156774,148.6514749994967,154.28178956446672,one shared preloaded model
conv-26-qa-61,bounded_rag,1.159414572813244,3.739300009328872,148.6514749994967,153.55018958163882,one shared preloaded model
conv-26-qa-62,bounded_rag,1.159414572813244,3.6469000042416155,148.6514749994967,153.45778957655156,one shared preloaded model
conv-26-qa-63,bounded_rag,1.159414572813244,3.6955999967176467,148.6514749994967,153.5064895690276,one shared preloaded model
conv-26-qa-64,bounded_rag,1.159414572813244,4.813999999896623,123.58680000033928,129.56021457304914,one shared preloaded model
conv-26-qa-65,bounded_rag,1.159414572813244,8.061900007305667,123.58680000033928,132.80811458045818,one shared preloaded model
conv-26-qa-66,bounded_rag,1.159414572813244,7.4031999974977225,123.58680000033928,132.14941457065024,one shared preloaded model
conv-26-qa-67,bounded_rag,1.159414572813244,7.448700009263121,123.58680000033928,132.19491458241563,one shared preloaded model
conv-26-qa-68,bounded_rag,1.159414572813244,4.76709999202285,110.0795249985822,116.0060395634183,one shared preloaded model
conv-26-qa-69,bounded_rag,1.159414572813244,8.009099998162128,110.0795249985822,119.24803956955758,one shared preloaded model
conv-26-qa-70,bounded_rag,1.159414572813244,7.60440000158269,110.0795249985822,118.84333957297814,one shared preloaded model
conv-26-qa-71,bounded_rag,1.159414572813244,7.482300003175624,110.0795249985822,118.72123957457107,one shared preloaded model
conv-26-qa-72,bounded_rag,1.159414572813244,4.342800006270409,99.89375000077416,105.39596457985782,one shared preloaded model
conv-26-qa-73,bounded_rag,1.159414572813244,7.692300001508556,99.89375000077416,108.74546457509597,one shared preloaded model
conv-26-qa-74,bounded_rag,1.159414572813244,7.783899985952303,99.89375000077416,108.83706455953971,one shared preloaded model
conv-26-qa-75,bounded_rag,1.159414572813244,7.496299993363209,99.89375000077416,108.54946456695062,one shared preloaded model
conv-26-qa-76,bounded_rag,1.159414572813244,4.348700007540174,102.32777499913936,107.83588957949279,one shared preloaded model
conv-26-qa-77,bounded_rag,1.159414572813244,4.388100001960993,102.32777499913936,107.8752895739136,one shared preloaded model
conv-26-qa-78,bounded_rag,1.159414572813244,4.530699996394105,102.32777499913936,108.01788956834672,one shared preloaded model
conv-26-qa-79,bounded_rag,1.159414572813244,4.3526000081328675,102.32777499913936,107.83978958008548,one shared preloaded model
conv-26-qa-80,bounded_rag,1.159414572813244,4.955399999744259,148.83577499858802,154.9505895711455,one shared preloaded model
conv-26-qa-81,bounded_rag,1.159414572813244,7.740100001683459,148.83577499858802,157.7352895730847,one shared preloaded model
conv-26-qa-82,bounded_rag,1.159414572813244,7.757100000162609,148.83577499858802,157.75228957156386,one shared preloaded model
conv-26-qa-83,bounded_rag,1.159414572813244,7.652799991774373,148.83577499858802,157.64798956317563,one shared preloaded model
conv-26-qa-84,bounded_rag,1.159414572813244,4.309700001613237,203.4507999997004,208.91991457412686,one shared preloaded model
conv-26-qa-85,bounded_rag,1.159414572813244,3.8037000049371272,203.4507999997004,208.41391457745075,one shared preloaded model
conv-26-qa-86,bounded_rag,1.159414572813244,5.437400002847426,203.4507999997004,210.04761457536105,one shared preloaded model
conv-26-qa-87,bounded_rag,1.159414572813244,3.848200009088032,203.4507999997004,208.45841458160166,one shared preloaded model
conv-26-qa-88,bounded_rag,1.159414572813244,4.814599989913404,131.5089000017906,137.48291456451724,one shared preloaded model
conv-26-qa-89,bounded_rag,1.159414572813244,3.8032000011298805,131.5089000017906,136.47151457573372,one shared preloaded model
conv-26-qa-90,bounded_rag,1.159414572813244,3.656600005342625,131.5089000017906,136.32491457994647,one shared preloaded model
conv-26-qa-91,bounded_rag,1.159414572813244,3.7760999985039234,131.5089000017906,136.44441457310776,one shared preloaded model
conv-26-qa-92,bounded_rag,1.159414572813244,4.559000008157454,142.92629999908968,148.64471458006037,one shared preloaded model
conv-26-qa-93,bounded_rag,1.159414572813244,7.620100004714914,142.92629999908968,151.70581457661783,one shared preloaded model
conv-26-qa-94,bounded_rag,1.159414572813244,7.796999998390675,142.92629999908968,151.8827145702936,one shared preloaded model
conv-26-qa-95,bounded_rag,1.159414572813244,7.731499994406477,142.92629999908968,151.8172145663094,one shared preloaded model
conv-26-qa-96,bounded_rag,1.159414572813244,4.606899994541891,248.58374999894295,254.35006456629807,one shared preloaded model
conv-26-qa-97,bounded_rag,1.159414572813244,7.889000000432134,248.58374999894295,257.63216457218834,one shared preloaded model
conv-26-qa-98,bounded_rag,1.159414572813244,7.508500013500452,248.58374999894295,257.25166458525666,one shared preloaded model
conv-26-qa-99,bounded_rag,1.159414572813244,7.446999996318482,248.58374999894295,257.1901645680747,one shared preloaded model
conv-26-qa-100,bounded_rag,1.159414572813244,4.830899997614324,170.58312500012107,176.57343957054863,one shared preloaded model
conv-26-qa-101,bounded_rag,1.159414572813244,8.749800006626174,170.58312500012107,180.49233957956048,one shared preloaded model
conv-26-qa-102,bounded_rag,1.159414572813244,7.637199989403598,170.58312500012107,179.3797395623379,one shared preloaded model
conv-26-qa-103,bounded_rag,1.159414572813244,7.6428999891504645,170.58312500012107,179.38543956208477,one shared preloaded model
conv-26-qa-104,bounded_rag,1.159414572813244,4.845099989324808,147.2884750000958,153.29298956223383,one shared preloaded model
conv-26-qa-105,bounded_rag,1.159414572813244,8.577300002798438,147.2884750000958,157.02518957570746,one shared preloaded model
conv-26-qa-106,bounded_rag,1.159414572813244,8.088400005362928,147.2884750000958,156.53628957827195,one shared preloaded model
conv-26-qa-107,bounded_rag,1.159414572813244,7.666399993468076,147.2884750000958,156.1142895663771,one shared preloaded model
conv-26-qa-108,bounded_rag,1.159414572813244,4.837600004975684,88.11380000042845,94.11081457821739,one shared preloaded model
conv-26-qa-109,bounded_rag,1.159414572813244,7.624300007591955,88.11380000042845,96.89751458083366,one shared preloaded model
conv-26-qa-110,bounded_rag,1.159414572813244,7.273800001712516,88.11380000042845,96.54701457495422,one shared preloaded model
conv-26-qa-111,bounded_rag,1.159414572813244,8.258000001660548,88.11380000042845,97.53121457490225,one shared preloaded model
conv-26-qa-112,bounded_rag,1.159414572813244,5.534799987799488,270.45142499991925,277.145639560532,one shared preloaded model
conv-26-qa-113,bounded_rag,1.159414572813244,7.956700006616302,270.45142499991925,279.5675395793488,one shared preloaded model
conv-26-qa-114,bounded_rag,1.159414572813244,7.653699998627417,270.45142499991925,279.26453957135993,one shared preloaded model
conv-26-qa-115,bounded_rag,1.159414572813244,7.466699986252934,270.45142499991925,279.07753955898545,one shared preloaded model
conv-26-qa-116,bounded_rag,1.159414572813244,5.2715999918291345,219.38690000024508,225.81791456488745,one shared preloaded model
conv-26-qa-117,bounded_rag,1.159414572813244,3.9421999972546473,219.38690000024508,224.48851457031296,one shared preloaded model
conv-26-qa-118,bounded_rag,1.159414572813244,3.6404999991646037,219.38690000024508,224.18681457222291,one shared preloaded model
conv-26-qa-119,bounded_rag,1.159414572813244,3.8785999931860715,219.38690000024508,224.42491456624438,one shared preloaded model
conv-26-qa-120,bounded_rag,1.159414572813244,4.524299991317093,72.66845000049216,78.3521645646225,one shared preloaded model
conv-26-qa-121,bounded_rag,1.159414572813244,8.037500010686927,72.66845000049216,81.86536458399233,one shared preloaded model
conv-26-qa-122,bounded_rag,1.159414572813244,7.588199994643219,72.66845000049216,81.41606456794862,one shared preloaded model
conv-26-qa-123,bounded_rag,1.159414572813244,7.615700000314973,72.66845000049216,81.44356457362038,one shared preloaded model
conv-26-qa-124,bounded_rag,1.159414572813244,4.455200003576465,79.21300000089104,84.82761457728076,one shared preloaded model
conv-26-qa-125,bounded_rag,1.159414572813244,7.532099989475682,79.21300000089104,87.90451456317997,one shared preloaded model
conv-26-qa-126,bounded_rag,1.159414572813244,7.601899997098371,79.21300000089104,87.97431457080266,one shared preloaded model
conv-26-qa-127,bounded_rag,1.159414572813244,7.8797000023769215,79.21300000089104,88.25211457608121,one shared preloaded model
conv-26-qa-128,bounded_rag,1.159414572813244,4.274599996278994,94.58027499931632,100.01428956840856,one shared preloaded model
conv-26-qa-129,bounded_rag,1.159414572813244,3.9075000095181167,94.58027499931632,99.64718958164768,one shared preloaded model
conv-26-qa-130,bounded_rag,1.159414572813244,4.4935000041732565,94.58027499931632,100.23318957630282,one shared preloaded model
conv-26-qa-131,bounded_rag,1.159414572813244,4.517900000791997,94.58027499931632,100.25758957292156,one shared preloaded model
conv-26-qa-132,bounded_rag,1.159414572813244,4.336199999670498,207.76124999974854,213.25686457223227,one shared preloaded model
conv-26-qa-133,bounded_rag,1.159414572813244,4.2347999988123775,207.76124999974854,213.15546457137415,one shared preloaded model
conv-26-qa-134,bounded_rag,1.159414572813244,4.63750000926666,207.76124999974854,213.55816458182844,one shared preloaded model
conv-26-qa-135,bounded_rag,1.159414572813244,4.346699992311187,207.76124999974854,213.26736456487296,one shared preloaded model
conv-26-qa-136,bounded_rag,1.159414572813244,4.608400005963631,74.50232499832055,80.27013957709742,one shared preloaded model
conv-26-qa-137,bounded_rag,1.159414572813244,3.72919999063015,74.50232499832055,79.39093956176394,one shared preloaded model
conv-26-qa-138,bounded_rag,1.159414572813244,3.8859000051161274,74.50232499832055,79.54763957624992,one shared preloaded model
conv-26-qa-139,bounded_rag,1.159414572813244,4.1806999943219125,74.50232499832055,79.8424395654557,one shared preloaded model
conv-26-qa-140,bounded_rag,1.159414572813244,4.486500009079464,177.7180999997654,183.3640145816581,one shared preloaded model
conv-26-qa-141,bounded_rag,1.159414572813244,7.550299997092225,177.7180999997654,186.42781456967086,one shared preloaded model
conv-26-qa-142,bounded_rag,1.159414572813244,7.361600000876933,177.7180999997654,186.23911457345557,one shared preloaded model
conv-26-qa-143,bounded_rag,1.159414572813244,7.492900011129677,177.7180999997654,186.3704145837083,one shared preloaded model
conv-26-qa-144,bounded_rag,1.159414572813244,4.322999986470677,104.90227500122273,110.38468956050666,one shared preloaded model
conv-26-qa-145,bounded_rag,1.159414572813244,3.708899996127002,104.90227500122273,109.77058957016298,one shared preloaded model
conv-26-qa-146,bounded_rag,1.159414572813244,3.616000001784414,104.90227500122273,109.6776895758204,one shared preloaded model
conv-26-qa-147,bounded_rag,1.159414572813244,3.682399998069741,104.90227500122273,109.74408957210572,one shared preloaded model
conv-26-qa-148,bounded_rag,1.159414572813244,4.976900003384799,115.74212500272552,121.87843957892356,one shared preloaded model
conv-26-qa-149,bounded_rag,1.159414572813244,7.650699990335852,115.74212500272552,124.55223956587461,one shared preloaded model
conv-26-qa-150,bounded_rag,1.159414572813244,7.7443999907700345,115.74212500272552,124.6459395663088,one shared preloaded model
conv-26-qa-151,bounded_rag,1.159414572813244,7.493299999623559,115.74212500272552,124.39483957516232,one shared preloaded model
conv-26-qa-152,bounded_rag,1.159414572813244,5.818899997393601,78.19629999721656,85.1746145674234,one shared preloaded model
conv-26-qa-153,bounded_rag,1.159414572813244,7.8861999936634675,78.19629999721656,87.24191456369327,one shared preloaded model
conv-26-qa-154,bounded_rag,1.159414572813244,8.22869999683462,78.19629999721656,87.58441456686442,one shared preloaded model
conv-26-qa-155,bounded_rag,1.159414572813244,7.967599987750873,78.19629999721656,87.32331455778068,one shared preloaded model
conv-26-qa-156,bounded_rag,1.159414572813244,4.479499999433756,244.91382500127656,250.55273957352355,one shared preloaded model
conv-26-qa-157,bounded_rag,1.159414572813244,5.229000002145767,244.91382500127656,251.30223957623556,one shared preloaded model
conv-26-qa-158,bounded_rag,1.159414572813244,7.569399997009896,244.91382500127656,253.6426395710997,one shared preloaded model
conv-26-qa-159,bounded_rag,1.159414572813244,7.376399997156113,244.91382500127656,253.4496395712459,one shared preloaded model
conv-26-qa-160,bounded_rag,1.159414572813244,5.4167999915080145,120.8771749988955,127.45338956321676,one shared preloaded model
conv-26-qa-161,bounded_rag,1.159414572813244,9.747300005983561,120.8771749988955,131.7838895776923,one shared preloaded model
conv-26-qa-162,bounded_rag,1.159414572813244,7.8323999914573506,120.8771749988955,129.86898956316608,one shared preloaded model
conv-26-qa-163,bounded_rag,1.159414572813244,7.563800012576394,120.8771749988955,129.60038958428513,one shared preloaded model
conv-26-qa-164,bounded_rag,1.159414572813244,4.793900006916374,85.77927500300575,91.73258958273537,one shared preloaded model
conv-26-qa-165,bounded_rag,1.159414572813244,9.971100007533096,85.77927500300575,96.9097895833521,one shared preloaded model
conv-26-qa-166,bounded_rag,1.159414572813244,7.801100000506267,85.77927500300575,94.73978957632526,one shared preloaded model
conv-26-qa-167,bounded_rag,1.159414572813244,7.615499998792075,85.77927500300575,94.55418957461107,one shared preloaded model
conv-26-qa-168,bounded_rag,1.159414572813244,4.419000004418194,105.2198249999492,110.79823957718064,one shared preloaded model
conv-26-qa-169,bounded_rag,1.159414572813244,10.889499986660667,105.2198249999492,117.26873955942311,one shared preloaded model
conv-26-qa-170,bounded_rag,1.159414572813244,7.847499990020879,105.2198249999492,114.22673956278332,one shared preloaded model
conv-26-qa-171,bounded_rag,1.159414572813244,7.970099992235191,105.2198249999492,114.34933956499763,one shared preloaded model
conv-26-qa-172,bounded_rag,1.159414572813244,7.144699993659742,105.8613500026695,114.16546456914249,one shared preloaded model
conv-26-qa-173,bounded_rag,1.159414572813244,5.640899995341897,105.8613500026695,112.66166457082464,one shared preloaded model
conv-26-qa-174,bounded_rag,1.159414572813244,4.318099992815405,105.8613500026695,111.33886456829815,one shared preloaded model
conv-26-qa-175,bounded_rag,1.159414572813244,4.1477999911876395,105.8613500026695,111.16856456667038,one shared preloaded model
conv-26-qa-176,bounded_rag,1.159414572813244,6.329700001515448,174.9955500017677,182.48466457609638,one shared preloaded model
conv-26-qa-177,bounded_rag,1.159414572813244,11.140599992359057,174.9955500017677,187.29556456694,one shared preloaded model
conv-26-qa-178,bounded_rag,1.159414572813244,9.3127000000095,174.9955500017677,185.46766457459043,one shared preloaded model
conv-26-qa-179,bounded_rag,1.159414572813244,8.076299985987134,174.9955500017677,184.23126456056806,one shared preloaded model
conv-26-qa-180,bounded_rag,1.159414572813244,4.205400007776916,233.2913250029378,238.65613958352796,one shared preloaded model
conv-26-qa-181,bounded_rag,1.159414572813244,3.9424999995389953,233.2913250029378,238.39323957529004,one shared preloaded model
conv-26-qa-182,bounded_rag,1.159414572813244,5.132900012540631,233.2913250029378,239.58363958829167,one shared preloaded model
conv-26-qa-183,bounded_rag,1.159414572813244,4.398000004584901,233.2913250029378,238.84873958033594,one shared preloaded model
conv-26-qa-184,bounded_rag,1.159414572813244,4.657399986172095,163.2580000004964,169.07481455948172,one shared preloaded model
conv-26-qa-185,bounded_rag,1.159414572813244,9.540499988361262,163.2580000004964,173.9579145616709,one shared preloaded model
conv-26-qa-186,bounded_rag,1.159414572813244,7.753700003377162,163.2580000004964,172.1711145766868,one shared preloaded model
conv-26-qa-187,bounded_rag,1.159414572813244,7.576200005132705,163.2580000004964,171.99361457844233,one shared preloaded model
conv-26-qa-188,bounded_rag,1.159414572813244,4.458000010345131,121.69867500051623,127.31608958367461,one shared preloaded model
conv-26-qa-189,bounded_rag,1.159414572813244,9.286300002713688,121.69867500051623,132.14438957604315,one shared preloaded model
conv-26-qa-190,bounded_rag,1.159414572813244,7.585599989397451,121.69867500051623,130.44368956272692,one shared preloaded model
conv-26-qa-191,bounded_rag,1.159414572813244,7.81319999077823,121.69867500051623,130.6712895641077,one shared preloaded model
conv-26-qa-192,bounded_rag,1.159414572813244,5.0792999973054975,118.66005000047153,124.89876457059027,one shared preloaded model
conv-26-qa-193,bounded_rag,1.159414572813244,9.20009998662863,118.66005000047153,129.0195645599134,one shared preloaded model
conv-26-qa-194,bounded_rag,1.159414572813244,8.975499993539415,118.66005000047153,128.79496456682418,one shared preloaded model
conv-26-qa-195,bounded_rag,1.159414572813244,9.352399996714666,118.66005000047153,129.17186456999943,one shared preloaded model
conv-26-qa-196,bounded_rag,1.159414572813244,5.043700002715923,349.13100000024616,355.33411457577535,one shared preloaded model
conv-26-qa-197,bounded_rag,1.159414572813244,4.838100008782931,349.13100000024616,355.12851458184235,one shared preloaded model
conv-26-qa-198,bounded_rag,1.159414572813244,4.934500000672415,349.13100000024616,355.22491457373184,one shared preloaded model
conv-30-qa-0,bounded_rag,0.6486104761106184,7.761299988487735,145.76710000255844,154.17701046715678,one shared preloaded model
conv-30-qa-1,bounded_rag,0.6486104761106184,7.508800001232885,145.76710000255844,153.92451047990193,one shared preloaded model
conv-30-qa-2,bounded_rag,0.6486104761106184,7.592200010549277,145.76710000255844,154.00791048921832,one shared preloaded model
conv-30-qa-3,bounded_rag,0.6486104761106184,7.376099994871765,145.76710000255844,153.7918104735408,one shared preloaded model
conv-30-qa-4,bounded_rag,0.6486104761106184,4.373500007204711,281.29577499930747,286.3178854826228,one shared preloaded model
conv-30-qa-5,bounded_rag,0.6486104761106184,4.174400004558265,281.29577499930747,286.11878547997634,one shared preloaded model
conv-30-qa-6,bounded_rag,0.6486104761106184,4.328600000008009,281.29577499930747,286.2729854754261,one shared preloaded model
conv-30-qa-7,bounded_rag,0.6486104761106184,4.1335999994771555,281.29577499930747,286.07798547489523,one shared preloaded model
conv-30-qa-8,bounded_rag,0.6486104761106184,5.232600000454113,147.58504999917932,153.46626047574404,one shared preloaded model
conv-30-qa-9,bounded_rag,0.6486104761106184,3.8170000043464825,147.58504999917932,152.0506604796364,one shared preloaded model
conv-30-qa-10,bounded_rag,0.6486104761106184,4.329400006099604,147.58504999917932,152.56306048138953,one shared preloaded model
conv-30-qa-11,bounded_rag,0.6486104761106184,5.585400009294972,147.58504999917932,153.8190604845849,one shared preloaded model
conv-30-qa-12,bounded_rag,0.6486104761106184,4.6393000084208325,149.62557499893592,154.91348548346735,one shared preloaded model
conv-30-qa-13,bounded_rag,0.6486104761106184,8.149899993441068,149.62557499893592,158.4240854684876,one shared preloaded model
conv-30-qa-14,bounded_rag,0.6486104761106184,7.520800005295314,149.62557499893592,157.79498548034184,one shared preloaded model
conv-30-qa-15,bounded_rag,0.6486104761106184,7.430800003930926,149.62557499893592,157.70498547897745,one shared preloaded model
conv-30-qa-16,bounded_rag,0.6486104761106184,4.776400004629977,298.25167499802774,303.6766854787683,one shared preloaded model
conv-30-qa-17,bounded_rag,0.6486104761106184,7.665700002689846,298.25167499802774,306.5659854768282,one shared preloaded model
conv-30-qa-18,bounded_rag,0.6486104761106184,6.030000004102476,298.25167499802774,304.9302854782408,one shared preloaded model
conv-30-qa-19,bounded_rag,0.6486104761106184,3.5866999969584867,298.25167499802774,302.48698547109683,one shared preloaded model
conv-30-qa-20,bounded_rag,0.6486104761106184,4.93000001006294,171.11280000244733,176.69141048862087,one shared preloaded model
conv-30-qa-21,bounded_rag,0.6486104761106184,5.3770999948028475,171.11280000244733,177.13851047336078,one shared preloaded model
conv-30-qa-22,bounded_rag,0.6486104761106184,4.288800002541393,171.11280000244733,176.05021048109933,one shared preloaded model
conv-30-qa-23,bounded_rag,0.6486104761106184,3.777499994612299,171.11280000244733,175.53891047317023,one shared preloaded model
conv-30-qa-24,bounded_rag,0.6486104761106184,6.0457000072347,159.717875001661,166.41218548500632,one shared preloaded model
conv-30-qa-25,bounded_rag,0.6486104761106184,8.097099998849444,159.717875001661,168.46358547662106,one shared preloaded model
conv-30-qa-26,bounded_rag,0.6486104761106184,7.602500001667067,159.717875001661,167.9689854794387,one shared preloaded model
conv-30-qa-27,bounded_rag,0.6486104761106184,7.337200004258193,159.717875001661,167.7036854820298,one shared preloaded model
conv-30-qa-28,bounded_rag,0.6486104761106184,4.78780000412371,101.23340000063763,106.66981048087196,one shared preloaded model
conv-30-qa-29,bounded_rag,0.6486104761106184,5.156799990800209,101.23340000063763,107.03881046754846,one shared preloaded model
conv-30-qa-30,bounded_rag,0.6486104761106184,4.771100007928908,101.23340000063763,106.65311048467716,one shared preloaded model
conv-30-qa-31,bounded_rag,0.6486104761106184,4.576799998176284,101.23340000063763,106.45881047492453,one shared preloaded model
conv-30-qa-32,bounded_rag,0.6486104761106184,4.572399993776344,143.897724999988,149.11873546987493,one shared preloaded model
conv-30-qa-33,bounded_rag,0.6486104761106184,7.805999994161539,143.897724999988,152.35233547026013,one shared preloaded model
conv-30-qa-34,bounded_rag,0.6486104761106184,7.876299991039559,143.897724999988,152.42263546713815,one shared preloaded model
conv-30-qa-35,bounded_rag,0.6486104761106184,7.496500009438023,143.897724999988,152.0428354855366,one shared preloaded model
conv-30-qa-36,bounded_rag,0.6486104761106184,4.487099999096245,149.9984250003763,155.13413547558315,one shared preloaded model
conv-30-qa-37,bounded_rag,0.6486104761106184,7.805400004144758,149.9984250003763,158.45243548063166,one shared preloaded model
conv-30-qa-38,bounded_rag,0.6486104761106184,7.621199998538941,149.9984250003763,158.26823547502585,one shared preloaded model
conv-30-qa-39,bounded_rag,0.6486104761106184,7.565200008684769,149.9984250003763,158.21223548517168,one shared preloaded model
conv-30-qa-40,bounded_rag,0.6486104761106184,4.622699998435564,177.5571750004019,182.82848547494808,one shared preloaded model
conv-30-qa-41,bounded_rag,0.6486104761106184,4.389499998069368,177.5571750004019,182.59528547458189,one shared preloaded model
conv-30-qa-42,bounded_rag,0.6486104761106184,4.171799999312498,177.5571750004019,182.37758547582501,one shared preloaded model
conv-30-qa-43,bounded_rag,0.6486104761106184,3.6837999941781163,177.5571750004019,181.88958547069063,one shared preloaded model
conv-30-qa-44,bounded_rag,0.6486104761106184,5.404499999713153,230.11077499904786,236.16388547487162,one shared preloaded model
conv-30-qa-45,bounded_rag,0.6486104761106184,3.8533000042662024,230.11077499904786,234.61268547942467,one shared preloaded model
conv-30-qa-46,bounded_rag,0.6486104761106184,3.7453999975696206,230.11077499904786,234.5047854727281,one shared preloaded model
conv-30-qa-47,bounded_rag,0.6486104761106184,4.12930001039058,230.11077499904786,234.88868548554905,one shared preloaded model
conv-30-qa-48,bounded_rag,0.6486104761106184,4.612099990481511,126.52232499749516,131.78303546408728,one shared preloaded model
conv-30-qa-49,bounded_rag,0.6486104761106184,7.693799998378381,126.52232499749516,134.86473547198415,one shared preloaded model
conv-30-qa-50,bounded_rag,0.6486104761106184,7.525199995143339,126.52232499749516,134.6961354687491,one shared preloaded model
conv-30-qa-51,bounded_rag,0.6486104761106184,7.448899996234104,126.52232499749516,134.61983546983987,one shared preloaded model
conv-30-qa-52,bounded_rag,0.6486104761106184,4.365300002973527,148.15064999856986,153.164560477654,one shared preloaded model
conv-30-qa-53,bounded_rag,0.6486104761106184,4.3160000059287995,148.15064999856986,153.11526048060927,one shared preloaded model
conv-30-qa-54,bounded_rag,0.6486104761106184,3.71879999875091,148.15064999856986,152.51806047343138,one shared preloaded model
conv-30-qa-55,bounded_rag,0.6486104761106184,3.8094000046839938,148.15064999856986,152.60866047936446,one shared preloaded model
conv-30-qa-56,bounded_rag,0.6486104761106184,4.335300007369369,215.68247500181315,220.66638548529312,one shared preloaded model
conv-30-qa-57,bounded_rag,0.6486104761106184,8.068999988608994,215.68247500181315,224.40008546653274,one shared preloaded model
conv-30-qa-58,bounded_rag,0.6486104761106184,7.6726999977836385,215.68247500181315,224.0037854757074,one shared preloaded model
conv-30-qa-59,bounded_rag,0.6486104761106184,7.407900004182011,215.68247500181315,223.73898548210576,one shared preloaded model
conv-30-qa-60,bounded_rag,0.6486104761106184,4.693599999882281,199.25272500040592,204.5949354763988,one shared preloaded model
conv-30-qa-61,bounded_rag,0.6486104761106184,4.316099992138334,199.25272500040592,204.21743546865486,one shared preloaded model
conv-30-qa-62,bounded_rag,0.6486104761106184,4.459800009499304,199.25272500040592,204.36113548601583,one shared preloaded model
conv-30-qa-63,bounded_rag,0.6486104761106184,4.645900000468828,199.25272500040592,204.54723547698535,one shared preloaded model
conv-30-qa-64,bounded_rag,0.6486104761106184,4.3876999989151955,106.14807499950984,111.18438547453566,one shared preloaded model
conv-30-qa-65,bounded_rag,0.6486104761106184,3.8471000007120892,106.14807499950984,110.64378547633255,one shared preloaded model
conv-30-qa-66,bounded_rag,0.6486104761106184,3.9336999907391146,106.14807499950984,110.73038546635958,one shared preloaded model
conv-30-qa-67,bounded_rag,0.6486104761106184,3.900900002918206,106.14807499950984,110.69758547853867,one shared preloaded model
conv-30-qa-68,bounded_rag,0.6486104761106184,4.728400002932176,143.45980000143754,148.83681048048032,one shared preloaded model
conv-30-qa-69,bounded_rag,0.6486104761106184,8.170600005541928,143.45980000143754,152.27901048309008,one shared preloaded model
conv-30-qa-70,bounded_rag,0.6486104761106184,7.949199993163347,143.45980000143754,152.0576104707115,one shared preloaded model
conv-30-qa-71,bounded_rag,0.6486104761106184,7.541699989815243,143.45980000143754,151.6501104673634,one shared preloaded model
conv-30-qa-72,bounded_rag,0.6486104761106184,4.989900000509806,106.43500000151107,112.0735104781315,one shared preloaded model
conv-30-qa-73,bounded_rag,0.6486104761106184,4.2449999891687185,106.43500000151107,111.32861046679041,one shared preloaded model
conv-30-qa-74,bounded_rag,0.6486104761106184,5.378599991672672,106.43500000151107,112.46221046929436,one shared preloaded model
conv-30-qa-75,bounded_rag,0.6486104761106184,5.331899999873713,106.43500000151107,112.4155104774954,one shared preloaded model
conv-30-qa-76,bounded_rag,0.6486104761106184,4.454599999007769,218.0895249985042,223.19273547362258,one shared preloaded model
conv-30-qa-77,bounded_rag,0.6486104761106184,8.00070000695996,218.0895249985042,226.73883548157477,one shared preloaded model
conv-30-qa-78,bounded_rag,0.6486104761106184,4.853100006585009,218.0895249985042,223.59123548119982,one shared preloaded model
conv-30-qa-79,bounded_rag,0.6486104761106184,4.648300004191697,218.0895249985042,223.3864354788065,one shared preloaded model
conv-30-qa-80,bounded_rag,0.6486104761106184,5.146700001205318,128.7083999995957,134.50371047691164,one shared preloaded model
conv-30-qa-81,bounded_rag,0.6486104761106184,3.982100010034628,128.7083999995957,133.33911048574095,one shared preloaded model
conv-30-qa-82,bounded_rag,0.6486104761106184,3.8984999991953373,128.7083999995957,133.25551047490166,one shared preloaded model
conv-30-qa-83,bounded_rag,0.6486104761106184,5.111100006615743,128.7083999995957,134.46811048232206,one shared preloaded model
conv-30-qa-84,bounded_rag,0.6486104761106184,5.2386999886948615,125.50007499885396,131.38738546365943,one shared preloaded model
conv-30-qa-85,bounded_rag,0.6486104761106184,4.406099993502721,125.50007499885396,130.5547854684673,one shared preloaded model
conv-30-qa-86,bounded_rag,0.6486104761106184,7.649400009540841,125.50007499885396,133.7980854845054,one shared preloaded model
conv-30-qa-87,bounded_rag,0.6486104761106184,8.56000000203494,125.50007499885396,134.7086854769995,one shared preloaded model
conv-30-qa-88,bounded_rag,0.6486104761106184,4.600500004016794,83.56242499939981,88.81153547952722,one shared preloaded model
conv-30-qa-89,bounded_rag,0.6486104761106184,4.372299998067319,83.56242499939981,88.58333547357775,one shared preloaded model
conv-30-qa-90,bounded_rag,0.6486104761106184,4.329500006861053,83.56242499939981,88.54053548237148,one shared preloaded model
conv-30-qa-91,bounded_rag,0.6486104761106184,4.274899998563342,83.56242499939981,88.48593547407377,one shared preloaded model
conv-30-qa-92,bounded_rag,0.6486104761106184,4.7442999930353835,82.44052499867394,87.83343546781994,one shared preloaded model
conv-30-qa-93,bounded_rag,0.6486104761106184,7.635700007085688,82.44052499867394,90.72483548187024,one shared preloaded model
conv-30-qa-94,bounded_rag,0.6486104761106184,7.711300000664778,82.44052499867394,90.80043547544933,one shared preloaded model
conv-30-qa-95,bounded_rag,0.6486104761106184,6.976499993470497,82.44052499867394,90.06563546825505,one shared preloaded model
conv-30-qa-96,bounded_rag,0.6486104761106184,4.709800006821752,77.11140000174055,82.46981048467292,one shared preloaded model
conv-30-qa-97,bounded_rag,0.6486104761106184,7.834899995941669,77.11140000174055,85.59491047379284,one shared preloaded model
conv-30-qa-98,bounded_rag,0.6486104761106184,7.509100003517233,77.11140000174055,85.2691104813684,one shared preloaded model
conv-30-qa-99,bounded_rag,0.6486104761106184,7.763200002955273,77.11140000174055,85.52321048080644,one shared preloaded model
conv-30-qa-100,bounded_rag,0.6486104761106184,4.672800001571886,64.46130000040284,69.78271047808535,one shared preloaded model
conv-30-qa-101,bounded_rag,0.6486104761106184,4.897100006928667,64.46130000040284,70.00701048344213,one shared preloaded model
conv-30-qa-102,bounded_rag,0.6486104761106184,4.336700003477745,64.46130000040284,69.44661047999121,one shared preloaded model
conv-30-qa-103,bounded_rag,0.6486104761106184,4.4169000029796734,64.46130000040284,69.52681047949314,one shared preloaded model
conv-30-qa-104,bounded_rag,0.6486104761106184,4.491400002734736,209.01059999596328,214.15061047480862,one shared preloaded model
conv-41-qa-0,bounded_rag,0.6191036269615207,7.73400001344271,92.0374500019534,100.39055364235763,one shared preloaded model
conv-41-qa-1,bounded_rag,0.6191036269615207,7.864200000767596,92.0374500019534,100.52075362968252,one shared preloaded model
conv-41-qa-2,bounded_rag,0.6191036269615207,7.630299995071255,92.0374500019534,100.28685362398618,one shared preloaded model
conv-41-qa-3,bounded_rag,0.6191036269615207,7.63320000260137,92.0374500019534,100.28975363151629,one shared preloaded model
conv-41-qa-4,bounded_rag,0.6191036269615207,4.927100002532825,150.68500000052154,156.2312036300159,one shared preloaded model
conv-41-qa-5,bounded_rag,0.6191036269615207,3.771900010178797,150.68500000052154,155.07600363766187,one shared preloaded model
conv-41-qa-6,bounded_rag,0.6191036269615207,3.8696999981766567,150.68500000052154,155.17380362565973,one shared preloaded model
conv-41-qa-7,bounded_rag,0.6191036269615207,6.088400012231432,150.68500000052154,157.3925036397145,one shared preloaded model
conv-41-qa-8,bounded_rag,0.6191036269615207,4.7153000050457194,73.79149999906076,79.125903631068,one shared preloaded model
conv-41-qa-9,bounded_rag,0.6191036269615207,4.660999999032356,73.79149999906076,79.07160362505464,one shared preloaded model
conv-41-qa-10,bounded_rag,0.6191036269615207,4.3855000112671405,73.79149999906076,78.79610363728942,one shared preloaded model
conv-41-qa-11,bounded_rag,0.6191036269615207,4.557200009003282,73.79149999906076,78.96780363502556,one shared preloaded model
conv-41-qa-12,bounded_rag,0.6191036269615207,4.4793999986723065,146.20395000019926,151.3024536258331,one shared preloaded model
conv-41-qa-13,bounded_rag,0.6191036269615207,7.747000010567717,146.20395000019926,154.5700536377285,one shared preloaded model
conv-41-qa-14,bounded_rag,0.6191036269615207,7.401199996820651,146.20395000019926,154.22425362398144,one shared preloaded model
conv-41-qa-15,bounded_rag,0.6191036269615207,7.624899997608736,146.20395000019926,154.44795362476953,one shared preloaded model
conv-41-qa-16,bounded_rag,0.6191036269615207,4.3852000089827925,98.34192499693017,103.34622863287449,one shared preloaded model
conv-41-qa-17,bounded_rag,0.6191036269615207,3.748500006622635,98.34192499693017,102.70952863051433,one shared preloaded model
conv-41-qa-18,bounded_rag,0.6191036269615207,3.714999998919666,98.34192499693017,102.67602862281136,one shared preloaded model
conv-41-qa-19,bounded_rag,0.6191036269615207,4.488099992158823,98.34192499693017,103.44912861605052,one shared preloaded model
conv-41-qa-20,bounded_rag,0.6191036269615207,6.450900007621385,164.84270000000834,171.91270363459125,one shared preloaded model
conv-41-qa-21,bounded_rag,0.6191036269615207,6.25759999093134,164.84270000000834,171.7194036179012,one shared preloaded model
conv-41-qa-22,bounded_rag,0.6191036269615207,5.163599998923019,164.84270000000834,170.6254036258929,one shared preloaded model
conv-41-qa-23,bounded_rag,0.6191036269615207,5.209800001466647,164.84270000000834,170.67160362843651,one shared preloaded model
conv-41-qa-24,bounded_rag,0.6191036269615207,4.678800003603101,106.25590000199736,111.55380363256198,one shared preloaded model
conv-41-qa-25,bounded_rag,0.6191036269615207,4.710900000645779,106.25590000199736,111.58590362960466,one shared preloaded model
conv-41-qa-26,bounded_rag,0.6191036269615207,4.627300004358403,106.25590000199736,111.50230363331728,one shared preloaded model
conv-41-qa-27,bounded_rag,0.6191036269615207,4.840499997953884,106.25590000199736,111.71550362691276,one shared preloaded model
conv-41-qa-28,bounded_rag,0.6191036269615207,4.530499994871207,82.00072500039823,87.15032862223096,one shared preloaded model
conv-41-qa-29,bounded_rag,0.6191036269615207,6.669000009424053,82.00072500039823,89.2888286367838,one shared preloaded model
conv-41-qa-30,bounded_rag,0.6191036269615207,4.725999999209307,82.00072500039823,87.34582862656906,one shared preloaded model
conv-41-qa-31,bounded_rag,0.6191036269615207,4.7916000039549544,82.00072500039823,87.4114286313147,one shared preloaded model
conv-41-qa-32,bounded_rag,0.6191036269615207,4.659199999878183,153.22632500101463,158.50462862785434,one shared preloaded model
conv-41-qa-33,bounded_rag,0.6191036269615207,8.136100004776381,153.22632500101463,161.98152863275254,one shared preloaded model
conv-41-qa-34,bounded_rag,0.6191036269615207,7.667500001844019,153.22632500101463,161.51292862982018,one shared preloaded model
conv-41-qa-35,bounded_rag,0.6191036269615207,7.722499998635612,153.22632500101463,161.56792862661177,one shared preloaded model
conv-41-qa-36,bounded_rag,0.6191036269615207,4.522399991401471,145.1140499993926,150.2555536177556,one shared preloaded model
conv-41-qa-37,bounded_rag,0.6191036269615207,7.8326000075321645,145.1140499993926,153.5657536338863,one shared preloaded model
conv-41-qa-38,bounded_rag,0.6191036269615207,7.569299996248446,145.1140499993926,153.30245362260257,one shared preloaded model
conv-41-qa-39,bounded_rag,0.6191036269615207,7.630200008861721,145.1140499993926,153.36335363521584,one shared preloaded model
conv-41-qa-40,bounded_rag,0.6191036269615207,4.36029999400489,100.78120000252966,105.76060362349607,one shared preloaded model
conv-41-qa-41,bounded_rag,0.6191036269615207,4.00919999810867,100.78120000252966,105.40950362759985,one shared preloaded model
conv-41-qa-42,bounded_rag,0.6191036269615207,3.719900007126853,100.78120000252966,105.12020363661803,one shared preloaded model
conv-41-qa-43,bounded_rag,0.6191036269615207,4.356400007964112,100.78120000252966,105.75670363745529,one shared preloaded model
conv-41-qa-44,bounded_rag,0.6191036269615207,4.936400000588037,153.860974998679,159.41647862622858,one shared preloaded model
conv-41-qa-45,bounded_rag,0.6191036269615207,3.7897000001976267,153.860974998679,158.26977862583817,one shared preloaded model
conv-41-qa-46,bounded_rag,0.6191036269615207,3.651600010925904,153.860974998679,158.13167863656645,one shared preloaded model
conv-41-qa-47,bounded_rag,0.6191036269615207,3.689799996209331,153.860974998679,158.16987862184988,one shared preloaded model
conv-41-qa-48,bounded_rag,0.6191036269615207,4.716600000392646,150.56477499820176,155.90047862555593,one shared preloaded model
conv-41-qa-49,bounded_rag,0.6191036269615207,3.9906000019982457,150.56477499820176,155.17447862716153,one shared preloaded model
conv-41-qa-50,bounded_rag,0.6191036269615207,3.763999993680045,150.56477499820176,154.94787861884333,one shared preloaded model
conv-41-qa-51,bounded_rag,0.6191036269615207,3.863099991576746,150.56477499820176,155.04697861674003,one shared preloaded model
conv-41-qa-52,bounded_rag,0.6191036269615207,4.662299994379282,149.22355000089738,154.5049536222382,one shared preloaded model
conv-41-qa-53,bounded_rag,0.6191036269615207,7.770399999571964,149.22355000089738,157.61305362743087,one shared preloaded model
conv-41-qa-54,bounded_rag,0.6191036269615207,5.5622999934712425,149.22355000089738,155.40495362133015,one shared preloaded model
conv-41-qa-55,bounded_rag,0.6191036269615207,4.628399998182431,149.22355000089738,154.47105362604134,one shared preloaded model
conv-41-qa-56,bounded_rag,0.6191036269615207,4.784999997355044,162.86002500055474,168.26412862487132,one shared preloaded model
conv-41-qa-57,bounded_rag,0.6191036269615207,4.642200001399033,162.86002500055474,168.1213286289153,one shared preloaded model
conv-41-qa-58,bounded_rag,0.6191036269615207,4.735499998787418,162.86002500055474,168.2146286263037,one shared preloaded model
conv-41-qa-59,bounded_rag,0.6191036269615207,4.742499993881211,162.86002500055474,168.22162862139749,one shared preloaded model
conv-41-qa-60,bounded_rag,0.6191036269615207,4.407999993418343,99.13299999971059,104.16010362009045,one shared preloaded model
conv-41-qa-61,bounded_rag,0.6191036269615207,5.157100007636473,99.13299999971059,104.90920363430858,one shared preloaded model
conv-41-qa-62,bounded_rag,0.6191036269615207,4.082699990249239,99.13299999971059,103.83480361692135,one shared preloaded model
conv-41-qa-63,bounded_rag,0.6191036269615207,3.7534000002779067,99.13299999971059,103.50550362695002,one shared preloaded model
conv-41-qa-64,bounded_rag,0.6191036269615207,4.640899991500191,96.36444999705418,101.62445361551589,one shared preloaded model
conv-41-qa-65,bounded_rag,0.6191036269615207,8.148500011884607,96.36444999705418,105.1320536359003,one shared preloaded model
conv-41-qa-66,bounded_rag,0.6191036269615207,8.362299995496869,96.36444999705418,105.34585361951257,one shared preloaded model
conv-41-qa-67,bounded_rag,0.6191036269615207,8.277600005385466,96.36444999705418,105.26115362940116,one shared preloaded model
conv-41-qa-68,bounded_rag,0.6191036269615207,4.620000006980263,72.67707500068354,77.91617863462533,one shared preloaded model
conv-41-qa-69,bounded_rag,0.6191036269615207,7.849099987652153,72.67707500068354,81.14527861529722,one shared preloaded model
conv-41-qa-70,bounded_rag,0.6191036269615207,7.4536999891279265,72.67707500068354,80.74987861677299,one shared preloaded model
conv-41-qa-71,bounded_rag,0.6191036269615207,4.598500003339723,72.67707500068354,77.89467863098479,one shared preloaded model
conv-41-qa-72,bounded_rag,0.6191036269615207,4.9968000093940645,151.5949750028085,157.2108786391641,one shared preloaded model
conv-41-qa-73,bounded_rag,0.6191036269615207,8.055599988438189,151.5949750028085,160.26967861820822,one shared preloaded model
conv-41-qa-74,bounded_rag,0.6191036269615207,8.48900001437869,151.5949750028085,160.70307864414872,one shared preloaded model
conv-41-qa-75,bounded_rag,0.6191036269615207,7.851499991375022,151.5949750028085,160.06557862114505,one shared preloaded model
conv-41-qa-76,bounded_rag,0.6191036269615207,5.069000006187707,148.7270500001614,154.41515363331064,one shared preloaded model
conv-41-qa-77,bounded_rag,0.6191036269615207,7.022899997537024,148.7270500001614,156.36905362465995,one shared preloaded model
conv-41-qa-78,bounded_rag,0.6191036269615207,4.270299992640503,148.7270500001614,153.61645361976343,one shared preloaded model
conv-41-qa-79,bounded_rag,0.6191036269615207,3.8075999909779057,148.7270500001614,153.15375361810084,one shared preloaded model
conv-41-qa-80,bounded_rag,0.6191036269615207,4.702499994891696,102.00470000199857,107.32630362385179,one shared preloaded model
conv-41-qa-81,bounded_rag,0.6191036269615207,4.985999999917112,102.00470000199857,107.6098036288772,one shared preloaded model
conv-41-qa-82,bounded_rag,0.6191036269615207,4.606600006809458,102.00470000199857,107.23040363576955,one shared preloaded model
conv-41-qa-83,bounded_rag,0.6191036269615207,4.514800006290898,102.00470000199857,107.13860363525099,one shared preloaded model
conv-41-qa-84,bounded_rag,0.6191036269615207,4.641200008336455,92.40897500058054,97.66927863587851,one shared preloaded model
conv-41-qa-85,bounded_rag,0.6191036269615207,8.944599991082214,92.40897500058054,101.97267861862427,one shared preloaded model
conv-41-qa-86,bounded_rag,0.6191036269615207,7.738900007097982,92.40897500058054,100.76697863464004,one shared preloaded model
conv-41-qa-87,bounded_rag,0.6191036269615207,7.487700000638142,92.40897500058054,100.5157786281802,one shared preloaded model
conv-41-qa-88,bounded_rag,0.6191036269615207,4.632199998013675,90.88635000080103,96.13765362577622,one shared preloaded model
conv-41-qa-89,bounded_rag,0.6191036269615207,5.037800001446158,90.88635000080103,96.5432536292087,one shared preloaded model
conv-41-qa-90,bounded_rag,0.6191036269615207,8.213399996748194,90.88635000080103,99.71885362451074,one shared preloaded model
conv-41-qa-91,bounded_rag,0.6191036269615207,7.595300005050376,90.88635000080103,99.10075363281292,one shared preloaded model
conv-41-qa-92,bounded_rag,0.6191036269615207,4.5873999915784225,215.21622499858495,220.4227286171249,one shared preloaded model
conv-41-qa-93,bounded_rag,0.6191036269615207,8.349000010639429,215.21622499858495,224.1843286361859,one shared preloaded model
conv-41-qa-94,bounded_rag,0.6191036269615207,8.421999998972751,215.21622499858495,224.25732862451923,one shared preloaded model
conv-41-qa-95,bounded_rag,0.6191036269615207,7.526300003519282,215.21622499858495,223.36162862906576,one shared preloaded model
conv-41-qa-96,bounded_rag,0.6191036269615207,4.6131999988574535,224.07890000249608,229.31120362831507,one shared preloaded model
conv-41-qa-97,bounded_rag,0.6191036269615207,3.8509000005433336,224.07890000249608,228.54890363000095,one shared preloaded model
conv-41-qa-98,bounded_rag,0.6191036269615207,4.223700001602992,224.07890000249608,228.9217036310606,one shared preloaded model
conv-41-qa-99,bounded_rag,0.6191036269615207,4.154199996264651,224.07890000249608,228.85220362572227,one shared preloaded model
conv-41-qa-100,bounded_rag,0.6191036269615207,4.935100005241111,72.70047499696375,78.25467862916638,one shared preloaded model
conv-41-qa-101,bounded_rag,0.6191036269615207,8.608299991465174,72.70047499696375,81.92787861539044,one shared preloaded model
conv-41-qa-102,bounded_rag,0.6191036269615207,9.315600007539615,72.70047499696375,82.63517863146488,one shared preloaded model
conv-41-qa-103,bounded_rag,0.6191036269615207,7.2496999928262085,72.70047499696375,80.56927861675148,one shared preloaded model
conv-41-qa-104,bounded_rag,0.6191036269615207,4.367300003650598,196.65320000058273,201.63960363119486,one shared preloaded model
conv-41-qa-105,bounded_rag,0.6191036269615207,5.05219999467954,196.65320000058273,202.3245036222238,one shared preloaded model
conv-41-qa-106,bounded_rag,0.6191036269615207,9.548200003337115,196.65320000058273,206.82050363088138,one shared preloaded model
conv-41-qa-107,bounded_rag,0.6191036269615207,9.093200002098456,196.65320000058273,206.36550362964272,one shared preloaded model
conv-41-qa-108,bounded_rag,0.6191036269615207,5.472599994391203,98.3221250025963,104.41382862394902,one shared preloaded model
conv-41-qa-109,bounded_rag,0.6191036269615207,4.642500003683381,98.3221250025963,103.5837286332412,one shared preloaded model
conv-41-qa-110,bounded_rag,0.6191036269615207,4.823099996428937,98.3221250025963,103.76432862598675,one shared preloaded model
conv-41-qa-111,bounded_rag,0.6191036269615207,4.681599995819852,98.3221250025963,103.62282862537766,one shared preloaded model
conv-41-qa-112,bounded_rag,0.6191036269615207,4.640899991500191,129.70150000182912,134.96150362029084,one shared preloaded model
conv-41-qa-113,bounded_rag,0.6191036269615207,8.436700009042397,129.70150000182912,138.75730363783305,one shared preloaded model
conv-41-qa-114,bounded_rag,0.6191036269615207,8.35029999143444,129.70150000182912,138.6709036202251,one shared preloaded model
conv-41-qa-115,bounded_rag,0.6191036269615207,8.132699993439019,129.70150000182912,138.45330362222967,one shared preloaded model
conv-41-qa-116,bounded_rag,0.6191036269615207,5.09079999756068,198.75547499759705,204.46537862211926,one shared preloaded model
conv-41-qa-117,bounded_rag,0.6191036269615207,8.106699999189004,198.75547499759705,207.48127862374758,one shared preloaded model
conv-41-qa-118,bounded_rag,0.6191036269615207,7.629400002770126,198.75547499759705,207.0039786273287,one shared preloaded model
conv-41-qa-119,bounded_rag,0.6191036269615207,8.008400007383898,198.75547499759705,207.38297863194248,one shared preloaded model
conv-41-qa-120,bounded_rag,0.6191036269615207,5.504400003701448,121.12685000101919,127.25035363168216,one shared preloaded model
conv-41-qa-121,bounded_rag,0.6191036269615207,7.907999999588355,121.12685000101919,129.65395362756908,one shared preloaded model
conv-41-qa-122,bounded_rag,0.6191036269615207,8.432200003881007,121.12685000101919,130.17815363186173,one shared preloaded model
conv-41-qa-123,bounded_rag,0.6191036269615207,8.444599996437319,121.12685000101919,130.19055362441804,one shared preloaded model
conv-41-qa-124,bounded_rag,0.6191036269615207,5.340699994121678,224.43727499921806,230.39707862030127,one shared preloaded model
conv-41-qa-125,bounded_rag,0.6191036269615207,8.027900010347366,224.43727499921806,233.08427863652696,one shared preloaded model
conv-41-qa-126,bounded_rag,0.6191036269615207,7.685399992624298,224.43727499921806,232.7417786188039,one shared preloaded model
conv-41-qa-127,bounded_rag,0.6191036269615207,8.189099986338988,224.43727499921806,233.24547861251858,one shared preloaded model
conv-41-qa-128,bounded_rag,0.6191036269615207,4.8780999932205305,128.72615000014775,134.22335362032982,one shared preloaded model
conv-41-qa-129,bounded_rag,0.6191036269615207,7.937300004414283,128.72615000014775,137.28255363152357,one shared preloaded model
conv-41-qa-130,bounded_rag,0.6191036269615207,7.854299998143688,128.72615000014775,137.19955362525297,one shared preloaded model
conv-41-qa-131,bounded_rag,0.6191036269615207,8.366800000658259,128.72615000014775,137.71205362776755,one shared preloaded model
conv-41-qa-132,bounded_rag,0.6191036269615207,4.458600000361912,127.70195000121021,132.77965362853365,one shared preloaded model
conv-41-qa-133,bounded_rag,0.6191036269615207,4.919400002108887,127.70195000121021,133.24045363028063,one shared preloaded model
conv-41-qa-134,bounded_rag,0.6191036269615207,4.056900012074038,127.70195000121021,132.37795364024578,one shared preloaded model
conv-41-qa-135,bounded_rag,0.6191036269615207,4.833600003621541,127.70195000121021,133.15465363179328,one shared preloaded model
conv-41-qa-136,bounded_rag,0.6191036269615207,5.072600004496053,128.22270000106073,133.91440363251832,one shared preloaded model
conv-41-qa-137,bounded_rag,0.6191036269615207,8.30439999117516,128.22270000106073,137.14620361919742,one shared preloaded model
conv-41-qa-138,bounded_rag,0.6191036269615207,8.887799995136447,128.22270000106073,137.7296036231587,one shared preloaded model
conv-41-qa-139,bounded_rag,0.6191036269615207,7.733699996606447,128.22270000106073,136.5755036246287,one shared preloaded model
conv-41-qa-140,bounded_rag,0.6191036269615207,4.588399999192916,138.86317500146106,144.0706786276155,one shared preloaded model
conv-41-qa-141,bounded_rag,0.6191036269615207,4.6762000129092485,138.86317500146106,144.15847864133184,one shared preloaded model
conv-41-qa-142,bounded_rag,0.6191036269615207,4.428700005519204,138.86317500146106,143.9109786339418,one shared preloaded model
conv-41-qa-143,bounded_rag,0.6191036269615207,4.765000005136244,138.86317500146106,144.24727863355884,one shared preloaded model
conv-41-qa-144,bounded_rag,0.6191036269615207,4.454800000530668,268.6715500021819,273.7454536296741,one shared preloaded model
conv-41-qa-145,bounded_rag,0.6191036269615207,4.019800006062724,268.6715500021819,273.31045363520616,one shared preloaded model
conv-41-qa-146,bounded_rag,0.6191036269615207,3.767600006540306,268.6715500021819,273.05825363568374,one shared preloaded model
conv-41-qa-147,bounded_rag,0.6191036269615207,4.878000007010996,268.6715500021819,274.16865363615443,one shared preloaded model
conv-41-qa-148,bounded_rag,0.6191036269615207,4.835799991269596,165.5295250020572,170.98442862028833,one shared preloaded model
conv-41-qa-149,bounded_rag,0.6191036269615207,8.201300006476231,165.5295250020572,174.34992863549496,one shared preloaded model
conv-41-qa-150,bounded_rag,0.6191036269615207,7.8578999964520335,165.5295250020572,174.00652862547076,one shared preloaded model
conv-41-qa-151,bounded_rag,0.6191036269615207,5.914699999266304,165.5295250020572,172.06332862828503,one shared preloaded model
conv-41-qa-152,bounded_rag,0.6191036269615207,4.617099999450147,72.42019999830518,77.65640362471684,one shared preloaded model
conv-41-qa-153,bounded_rag,0.6191036269615207,3.9961000002222136,72.42019999830518,77.03540362548891,one shared preloaded model
conv-41-qa-154,bounded_rag,0.6191036269615207,3.7244000122882426,72.42019999830518,76.76370363755494,one shared preloaded model
conv-41-qa-155,bounded_rag,0.6191036269615207,4.232200008118525,72.42019999830518,77.27150363338522,one shared preloaded model
conv-41-qa-156,bounded_rag,0.6191036269615207,4.602200002409518,73.46874999711872,78.69005362648976,one shared preloaded model
conv-41-qa-157,bounded_rag,0.6191036269615207,4.748700011987239,73.46874999711872,78.83655363606748,one shared preloaded model
conv-41-qa-158,bounded_rag,0.6191036269615207,4.508700003498234,73.46874999711872,78.59655362757847,one shared preloaded model
conv-41-qa-159,bounded_rag,0.6191036269615207,4.56339999800548,73.46874999711872,78.65125362208572,one shared preloaded model
conv-41-qa-160,bounded_rag,0.6191036269615207,4.824400006327778,103.23452499869745,108.67802863198675,one shared preloaded model
conv-41-qa-161,bounded_rag,0.6191036269615207,7.8096000070218,103.23452499869745,111.66322863268077,one shared preloaded model
conv-41-qa-162,bounded_rag,0.6191036269615207,7.998300003237091,103.23452499869745,111.85192862889606,one shared preloaded model
conv-41-qa-163,bounded_rag,0.6191036269615207,7.403700001304969,103.23452499869745,111.25732862696394,one shared preloaded model
conv-41-qa-164,bounded_rag,0.6191036269615207,4.467599996132776,80.92300000134856,86.00970362444285,one shared preloaded model
conv-41-qa-165,bounded_rag,0.6191036269615207,3.842399994027801,80.92300000134856,85.38450362233787,one shared preloaded model
conv-41-qa-166,bounded_rag,0.6191036269615207,4.188399994745851,80.92300000134856,85.73050362305592,one shared preloaded model
conv-41-qa-167,bounded_rag,0.6191036269615207,4.721199991763569,80.92300000134856,86.26330362007364,one shared preloaded model
conv-41-qa-168,bounded_rag,0.6191036269615207,4.615099998773076,71.62452500051586,76.85872862625045,one shared preloaded model
conv-41-qa-169,bounded_rag,0.6191036269615207,7.814600001438521,71.62452500051586,80.0582286289159,one shared preloaded model
conv-41-qa-170,bounded_rag,0.6191036269615207,7.570000001578592,71.62452500051586,79.81362862905597,one shared preloaded model
conv-41-qa-171,bounded_rag,0.6191036269615207,7.731900012004189,71.62452500051586,79.97552863948157,one shared preloaded model
conv-41-qa-172,bounded_rag,0.6191036269615207,4.973599992808886,95.21119999772054,100.80390361749095,one shared preloaded model
conv-41-qa-173,bounded_rag,0.6191036269615207,7.964699994772673,95.21119999772054,103.79500361945473,one shared preloaded model
conv-41-qa-174,bounded_rag,0.6191036269615207,7.832400006009266,95.21119999772054,103.66270363069133,one shared preloaded model
conv-41-qa-175,bounded_rag,0.6191036269615207,7.582600010209717,95.21119999772054,103.41290363489178,one shared preloaded model
conv-41-qa-176,bounded_rag,0.6191036269615207,5.124599992996082,73.93027500074822,79.67397862070582,one shared preloaded model
conv-41-qa-177,bounded_rag,0.6191036269615207,4.794699998456053,73.93027500074822,79.3440786261658,one shared preloaded model
conv-41-qa-178,bounded_rag,0.6191036269615207,4.336700003477745,73.93027500074822,78.88607863118749,one shared preloaded model
conv-41-qa-179,bounded_rag,0.6191036269615207,4.684400002588518,73.93027500074822,79.23377863029826,one shared preloaded model
conv-41-qa-180,bounded_rag,0.6191036269615207,4.842299997108057,72.09182500082534,77.55322862489491,one shared preloaded model
conv-41-qa-181,bounded_rag,0.6191036269615207,4.146499995840713,72.09182500082534,76.85742862362757,one shared preloaded model
conv-41-qa-182,bounded_rag,0.6191036269615207,5.496400000993162,72.09182500082534,78.20732862878002,one shared preloaded model
conv-41-qa-183,bounded_rag,0.6191036269615207,4.938699988997541,72.09182500082534,77.6496286167844,one shared preloaded model
conv-41-qa-184,bounded_rag,0.6191036269615207,4.783500000485219,76.2503249970905,81.65292862453724,one shared preloaded model
conv-41-qa-185,bounded_rag,0.6191036269615207,7.129399993573315,76.2503249970905,83.99882861762534,one shared preloaded model
conv-41-qa-186,bounded_rag,0.6191036269615207,7.677700006752275,76.2503249970905,84.5471286308043,one shared preloaded model
conv-41-qa-187,bounded_rag,0.6191036269615207,7.538299993029796,76.2503249970905,84.40772861708182,one shared preloaded model
conv-41-qa-188,bounded_rag,0.6191036269615207,4.555299994535744,109.34227499819826,114.51667861969553,one shared preloaded model
conv-41-qa-189,bounded_rag,0.6191036269615207,8.86960000207182,109.34227499819826,118.8309786272316,one shared preloaded model
conv-41-qa-190,bounded_rag,0.6191036269615207,7.79839999449905,109.34227499819826,117.75977861965883,one shared preloaded model
conv-41-qa-191,bounded_rag,0.6191036269615207,7.695200009038672,109.34227499819826,117.65657863419845,one shared preloaded model
conv-41-qa-192,bounded_rag,0.6191036269615207,4.670299997087568,992.4519000051077,997.7413036291568,one shared preloaded model
conv-42-qa-0,bounded_rag,0.4495073076843535,7.950199986225925,71.77770000271266,80.17740729662295,one shared preloaded model
conv-42-qa-1,bounded_rag,0.4495073076843535,8.18000000435859,71.77770000271266,80.40720731475561,one shared preloaded model
conv-42-qa-2,bounded_rag,0.4495073076843535,7.478100000298582,71.77770000271266,79.7053073106956,one shared preloaded model
conv-42-qa-3,bounded_rag,0.4495073076843535,7.457200001226738,71.77770000271266,79.68440731162376,one shared preloaded model
conv-42-qa-4,bounded_rag,0.4495073076843535,4.552700003841892,106.46072500094306,111.4629323124693,one shared preloaded model
conv-42-qa-5,bounded_rag,0.4495073076843535,7.686899989494123,106.46072500094306,114.59713229812154,one shared preloaded model
conv-42-qa-6,bounded_rag,0.4495073076843535,7.8175999951781705,106.46072500094306,114.72783230380558,one shared preloaded model
conv-42-qa-7,bounded_rag,0.4495073076843535,7.973900006618351,106.46072500094306,114.88413231524576,one shared preloaded model
conv-42-qa-8,bounded_rag,0.4495073076843535,5.386499993619509,156.44740000061574,162.2834073019196,one shared preloaded model
conv-42-qa-9,bounded_rag,0.4495073076843535,4.041000007418916,156.44740000061574,160.937907315719,one shared preloaded model
conv-42-qa-10,bounded_rag,0.4495073076843535,4.7288999921875075,156.44740000061574,161.6258073004876,one shared preloaded model
conv-42-qa-11,bounded_rag,0.4495073076843535,3.751900003408082,156.44740000061574,160.64880731170817,one shared preloaded model
conv-42-qa-12,bounded_rag,0.4495073076843535,4.712499998277053,99.35602500263485,104.51803230859626,one shared preloaded model
conv-42-qa-13,bounded_rag,0.4495073076843535,8.29249998787418,99.35602500263485,108.09803229819339,one shared preloaded model
conv-42-qa-14,bounded_rag,0.4495073076843535,7.630500011146069,99.35602500263485,107.43603232146528,one shared preloaded model
conv-42-qa-15,bounded_rag,0.4495073076843535,7.4012999975821,99.35602500263485,107.20683230790131,one shared preloaded model
conv-42-qa-16,bounded_rag,0.4495073076843535,5.137300002388656,73.74234999952023,79.32915730959324,one shared preloaded model
conv-42-qa-17,bounded_rag,0.4495073076843535,7.979300004080869,73.74234999952023,82.17115731128546,one shared preloaded model
conv-42-qa-18,bounded_rag,0.4495073076843535,7.7614000038011,73.74234999952023,81.95325731100569,one shared preloaded model
conv-42-qa-19,bounded_rag,0.4495073076843535,7.6253000006545335,73.74234999952023,81.81715730785912,one shared preloaded model
conv-42-qa-20,bounded_rag,0.4495073076843535,4.5264000073075294,155.26339999996708,160.23930731495895,one shared preloaded model
conv-42-qa-21,bounded_rag,0.4495073076843535,8.559400012018159,155.26339999996708,164.27230731966958,one shared preloaded model
conv-42-qa-22,bounded_rag,0.4495073076843535,7.509899995056912,155.26339999996708,163.22280730270833,one shared preloaded model
conv-42-qa-23,bounded_rag,0.4495073076843535,7.428800003253855,155.26339999996708,163.14170731090528,one shared preloaded model
conv-42-qa-24,bounded_rag,0.4495073076843535,4.487300000619143,148.08909999919706,153.02590730750055,one shared preloaded model
conv-42-qa-25,bounded_rag,0.4495073076843535,8.05779999063816,148.08909999919706,156.59640729751956,one shared preloaded model
conv-42-qa-26,bounded_rag,0.4495073076843535,5.940600007306784,148.08909999919706,154.4792073141882,one shared preloaded model
conv-42-qa-27,bounded_rag,0.4495073076843535,3.756500009330921,148.08909999919706,152.29510731621232,one shared preloaded model
conv-42-qa-28,bounded_rag,0.4495073076843535,5.019899996113963,152.43577500223182,157.90518230603013,one shared preloaded model
conv-42-qa-29,bounded_rag,0.4495073076843535,9.025399995152839,152.43577500223182,161.910682305069,one shared preloaded model
conv-42-qa-30,bounded_rag,0.4495073076843535,7.828599991626106,152.43577500223182,160.71388230154227,one shared preloaded model
conv-42-qa-31,bounded_rag,0.4495073076843535,8.05779999063816,152.43577500223182,160.94308230055432,one shared preloaded model
conv-42-qa-32,bounded_rag,0.4495073076843535,4.9014000105671585,150.43834999960382,155.78925731785532,one shared preloaded model
conv-42-qa-33,bounded_rag,0.4495073076843535,7.926900012535043,150.43834999960382,158.8147573198232,one shared preloaded model
conv-42-qa-34,bounded_rag,0.4495073076843535,8.496499998727813,150.43834999960382,159.38435730601597,one shared preloaded model
conv-42-qa-35,bounded_rag,0.4495073076843535,7.286799998837523,150.43834999960382,158.17465730612568,one shared preloaded model
conv-42-qa-36,bounded_rag,0.4495073076843535,5.4127999901538715,149.7289999970235,155.5913072948617,one shared preloaded model
conv-42-qa-37,bounded_rag,0.4495073076843535,8.030800003325567,149.7289999970235,158.2093073080334,one shared preloaded model
conv-42-qa-38,bounded_rag,0.4495073076843535,8.750799999688752,149.7289999970235,158.9293073043966,one shared preloaded model
conv-42-qa-39,bounded_rag,0.4495073076843535,8.030699988012202,149.7289999970235,158.20920729272004,one shared preloaded model
conv-42-qa-40,bounded_rag,0.4495073076843535,4.695100011304021,135.6600749968493,140.80468231583765,one shared preloaded model
conv-42-qa-41,bounded_rag,0.4495073076843535,4.452799999853596,135.6600749968493,140.56238230438723,one shared preloaded model
conv-42-qa-42,bounded_rag,0.4495073076843535,4.491600004257634,135.6600749968493,140.60118230879127,one shared preloaded model
conv-42-qa-43,bounded_rag,0.4495073076843535,4.502299998421222,135.6600749968493,140.61188230295485,one shared preloaded model
conv-42-qa-44,bounded_rag,0.4495073076843535,6.99239999812562,146.30537500124774,153.7472823070577,one shared preloaded model
conv-42-qa-45,bounded_rag,0.4495073076843535,5.435700004454702,146.30537500124774,152.19058231338678,one shared preloaded model
conv-42-qa-46,bounded_rag,0.4495073076843535,4.519900001469068,146.30537500124774,151.27478231040115,one shared preloaded model
conv-42-qa-47,bounded_rag,0.4495073076843535,4.293200006941333,146.30537500124774,151.04808231587342,one shared preloaded model
conv-42-qa-48,bounded_rag,0.4495073076843535,4.865199996856973,153.65345000100206,158.96815730554337,one shared preloaded model
conv-42-qa-49,bounded_rag,0.4495073076843535,7.942199998069555,153.65345000100206,162.04515730675595,one shared preloaded model
conv-42-qa-50,bounded_rag,0.4495073076843535,5.172500008484349,153.65345000100206,159.27545731717075,one shared preloaded model
conv-42-qa-51,bounded_rag,0.4495073076843535,4.415300005348399,153.65345000100206,158.5182573140348,one shared preloaded model
conv-42-qa-52,bounded_rag,0.4495073076843535,5.551999987801537,183.23887499718694,189.24038229267282,one shared preloaded model
conv-42-qa-53,bounded_rag,0.4495073076843535,6.289600001764484,183.23887499718694,189.97798230663577,one shared preloaded model
conv-42-qa-54,bounded_rag,0.4495073076843535,6.872300000395626,183.23887499718694,190.5606823052669,one shared preloaded model
conv-42-qa-55,bounded_rag,0.4495073076843535,6.813600004534237,183.23887499718694,190.50198230940552,one shared preloaded model
conv-42-qa-56,bounded_rag,0.4495073076843535,6.144300001324154,89.1694500023732,95.76325731138171,one shared preloaded model
conv-42-qa-57,bounded_rag,0.4495073076843535,5.0448999973014,89.1694500023732,94.66385730735895,one shared preloaded model
conv-42-qa-58,bounded_rag,0.4495073076843535,8.501299991621636,89.1694500023732,98.12025730167919,one shared preloaded model
conv-42-qa-59,bounded_rag,0.4495073076843535,8.487900006002747,89.1694500023732,98.1068573160603,one shared preloaded model
conv-42-qa-60,bounded_rag,0.4495073076843535,4.728999992948957,77.41214999987278,82.5906573005061,one shared preloaded model
conv-42-qa-61,bounded_rag,0.4495073076843535,8.17389998701401,77.41214999987278,86.03555729457115,one shared preloaded model
conv-42-qa-62,bounded_rag,0.4495073076843535,8.015599989448674,77.41214999987278,85.87725729700581,one shared preloaded model
conv-42-qa-63,bounded_rag,0.4495073076843535,7.588599997689016,77.41214999987278,85.45025730524615,one shared preloaded model
conv-42-qa-64,bounded_rag,0.4495073076843535,4.762299999129027,139.67407499876572,144.8858823055791,one shared preloaded model
conv-42-qa-65,bounded_rag,0.4495073076843535,8.801300005870871,139.67407499876572,148.92488231232093,one shared preloaded model
conv-42-qa-66,bounded_rag,0.4495073076843535,7.426500000292435,139.67407499876572,147.5500823067425,one shared preloaded model
conv-42-qa-67,bounded_rag,0.4495073076843535,6.286200004979037,139.67407499876572,146.4097823114291,one shared preloaded model
conv-42-qa-68,bounded_rag,0.4495073076843535,4.884499998297542,89.49367499735672,94.82768230333862,one shared preloaded model
conv-42-qa-69,bounded_rag,0.4495073076843535,4.643199994461611,89.49367499735672,94.58638229950269,one shared preloaded model
conv-42-qa-70,bounded_rag,0.4495073076843535,4.409000001032837,89.49367499735672,94.35218230607391,one shared preloaded model
conv-42-qa-71,bounded_rag,0.4495073076843535,4.478299990296364,89.49367499735672,94.42148229533744,one shared preloaded model
conv-42-qa-72,bounded_rag,0.4495073076843535,4.846200012252666,73.04944999850704,78.34515731844407,one shared preloaded model
conv-42-qa-73,bounded_rag,0.4495073076843535,8.780499993008561,73.04944999850704,82.27945729919996,one shared preloaded model
conv-42-qa-74,bounded_rag,0.4495073076843535,7.58210000640247,73.04944999850704,81.08105731259387,one shared preloaded model
conv-42-qa-75,bounded_rag,0.4495073076843535,7.419200002914295,73.04944999850704,80.9181573091057,one shared preloaded model
conv-42-qa-76,bounded_rag,0.4495073076843535,5.235399992670864,193.69749999896158,199.38240729931678,one shared preloaded model
conv-42-qa-77,bounded_rag,0.4495073076843535,7.162299996707588,193.69749999896158,201.3093073033535,one shared preloaded model
conv-42-qa-78,bounded_rag,0.4495073076843535,7.630000007338822,193.69749999896158,201.77700731398474,one shared preloaded model
conv-42-qa-79,bounded_rag,0.4495073076843535,8.002100003068335,193.69749999896158,202.14910730971425,one shared preloaded model
conv-42-qa-80,bounded_rag,0.4495073076843535,5.233600008068606,117.23537500074599,122.91848231649895,one shared preloaded model
conv-42-qa-81,bounded_rag,0.4495073076843535,8.58219999645371,117.23537500074599,126.26708230488406,one shared preloaded model
conv-42-qa-82,bounded_rag,0.4495073076843535,7.829800000763498,117.23537500074599,125.51468230919384,one shared preloaded model
conv-42-qa-83,bounded_rag,0.4495073076843535,7.545100001152605,117.23537500074599,125.22998230958295,one shared preloaded model
conv-42-qa-84,bounded_rag,0.4495073076843535,5.59830000565853,109.3814250016294,115.42923231497228,one shared preloaded model
conv-42-qa-85,bounded_rag,0.4495073076843535,9.000600010040216,109.3814250016294,118.83153231935397,one shared preloaded model
conv-42-qa-86,bounded_rag,0.4495073076843535,7.80510000186041,109.3814250016294,117.63603231117416,one shared preloaded model
conv-42-qa-87,bounded_rag,0.4495073076843535,8.23619999573566,109.3814250016294,118.06713230504941,one shared preloaded model
conv-42-qa-88,bounded_rag,0.4495073076843535,4.8017999943112954,85.46402499996475,90.7153323019604,one shared preloaded model
conv-42-qa-89,bounded_rag,0.4495073076843535,4.3907999934162945,85.46402499996475,90.3043323010654,one shared preloaded model
conv-42-qa-90,bounded_rag,0.4495073076843535,4.560900008073077,85.46402499996475,90.47443231572218,one shared preloaded model
conv-42-qa-91,bounded_rag,0.4495073076843535,4.65519999852404,85.46402499996475,90.56873230617315,one shared preloaded model
conv-42-qa-92,bounded_rag,0.4495073076843535,4.2286000098101795,120.38917500103707,125.06728231853161,one shared preloaded model
conv-42-qa-93,bounded_rag,0.4495073076843535,4.799799993634224,120.38917500103707,125.63848230235565,one shared preloaded model
conv-42-qa-94,bounded_rag,0.4495073076843535,4.59219999902416,120.38917500103707,125.43088230774559,one shared preloaded model
conv-42-qa-95,bounded_rag,0.4495073076843535,4.589799995301291,120.38917500103707,125.42848230402272,one shared preloaded model
conv-42-qa-96,bounded_rag,0.4495073076843535,4.514600004767999,72.35774999935529,77.32185731180765,one shared preloaded model
conv-42-qa-97,bounded_rag,0.4495073076843535,4.927899994072504,72.35774999935529,77.73515730111215,one shared preloaded model
conv-42-qa-98,bounded_rag,0.4495073076843535,4.7291999944718555,72.35774999935529,77.5364573015115,one shared preloaded model
conv-42-qa-99,bounded_rag,0.4495073076843535,4.776200003107078,72.35774999935529,77.58345731014673,one shared preloaded model
conv-42-qa-100,bounded_rag,0.4495073076843535,4.392399991047569,111.86440000165021,116.70630730038214,one shared preloaded model
conv-42-qa-101,bounded_rag,0.4495073076843535,4.940699989674613,111.86440000165021,117.25460729900918,one shared preloaded model
conv-42-qa-102,bounded_rag,0.4495073076843535,7.012999994913116,111.86440000165021,119.32690730424768,one shared preloaded model
conv-42-qa-103,bounded_rag,0.4495073076843535,5.380200003855862,111.86440000165021,117.69410731319043,one shared preloaded model
conv-42-qa-104,bounded_rag,0.4495073076843535,4.971900008968078,96.67610000178684,102.09750731843927,one shared preloaded model
conv-42-qa-105,bounded_rag,0.4495073076843535,4.565499999444,96.67610000178684,101.69110730891519,one shared preloaded model
conv-42-qa-106,bounded_rag,0.4495073076843535,4.6128999965731055,96.67610000178684,101.7385073060443,one shared preloaded model
conv-42-qa-107,bounded_rag,0.4495073076843535,4.50559999444522,96.67610000178684,101.63120730391641,one shared preloaded model
conv-42-qa-108,bounded_rag,0.4495073076843535,4.91380000312347,170.01729999901727,175.38060730982508,one shared preloaded model
conv-42-qa-109,bounded_rag,0.4495073076843535,9.146500000497326,170.01729999901727,179.61330730719894,one shared preloaded model
conv-42-qa-110,bounded_rag,0.4495073076843535,7.929999992484227,170.01729999901727,178.39680729918584,one shared preloaded model
conv-42-qa-111,bounded_rag,0.4495073076843535,7.74660000752192,170.01729999901727,178.21340731422353,one shared preloaded model
conv-42-qa-112,bounded_rag,0.4495073076843535,4.382699989946559,98.33739999885438,103.1696072964853,one shared preloaded model
conv-42-qa-113,bounded_rag,0.4495073076843535,4.215699998894706,98.33739999885438,103.00260730543344,one shared preloaded model
conv-42-qa-114,bounded_rag,0.4495073076843535,3.819999998086132,98.33739999885438,102.60690730462487,one shared preloaded model
conv-42-qa-115,bounded_rag,0.4495073076843535,3.816600001300685,98.33739999885438,102.60350730783942,one shared preloaded model
conv-42-qa-116,bounded_rag,0.4495073076843535,5.082300005597062,73.31137499932083,78.84318231260225,one shared preloaded model
conv-42-qa-117,bounded_rag,0.4495073076843535,8.335800011991523,73.31137499932083,82.09668231899671,one shared preloaded model
conv-42-qa-118,bounded_rag,0.4495073076843535,4.920299994410016,73.31137499932083,78.6811823014152,one shared preloaded model
conv-42-qa-119,bounded_rag,0.4495073076843535,4.36700000136625,73.31137499932083,78.12788230837144,one shared preloaded model
conv-42-qa-120,bounded_rag,0.4495073076843535,5.32119999115821,458.00312500068685,463.77383229952943,one shared preloaded model
conv-42-qa-121,bounded_rag,0.4495073076843535,8.595799998147413,458.00312500068685,467.04843230651863,one shared preloaded model
conv-42-qa-122,bounded_rag,0.4495073076843535,4.679899997427128,458.00312500068685,463.13253230579835,one shared preloaded model
conv-42-qa-123,bounded_rag,0.4495073076843535,4.407600004924461,458.00312500068685,462.8602323132957,one shared preloaded model
conv-42-qa-124,bounded_rag,0.4495073076843535,4.530999998678453,311.4207250000618,316.4012323064246,one shared preloaded model
conv-42-qa-125,bounded_rag,0.4495073076843535,4.240900001605041,311.4207250000618,316.1111323093512,one shared preloaded model
conv-42-qa-126,bounded_rag,0.4495073076843535,4.028600000310689,311.4207250000618,315.89883230805685,one shared preloaded model
conv-42-qa-127,bounded_rag,0.4495073076843535,4.572800011374056,311.4207250000618,316.4430323191202,one shared preloaded model
conv-42-qa-128,bounded_rag,0.4495073076843535,4.857399995671585,166.8294250011968,172.13633230455272,one shared preloaded model
conv-42-qa-129,bounded_rag,0.4495073076843535,8.045499998843297,166.8294250011968,175.32443230772444,one shared preloaded model
conv-42-qa-130,bounded_rag,0.4495073076843535,7.631900007254444,166.8294250011968,174.91083231613558,one shared preloaded model
conv-42-qa-131,bounded_rag,0.4495073076843535,7.6693000009981915,166.8294250011968,174.94823230987933,one shared preloaded model
conv-42-qa-132,bounded_rag,0.4495073076843535,4.569299999275245,236.58412500299164,241.60293230995123,one shared preloaded model
conv-42-qa-133,bounded_rag,0.4495073076843535,4.976099997293204,236.58412500299164,242.0097323079692,one shared preloaded model
conv-42-qa-134,bounded_rag,0.4495073076843535,7.384899989119731,236.58412500299164,244.41853229979571,one shared preloaded model
conv-42-qa-135,bounded_rag,0.4495073076843535,7.82430000253953,236.58412500299164,244.8579323132155,one shared preloaded model
conv-42-qa-136,bounded_rag,0.4495073076843535,4.8940999986371025,109.67800000071293,115.02160730703439,one shared preloaded model
conv-42-qa-137,bounded_rag,0.4495073076843535,5.156100000021979,109.67800000071293,115.28360730841926,one shared preloaded model
conv-42-qa-138,bounded_rag,0.4495073076843535,4.455700007383712,109.67800000071293,114.583207315781,one shared preloaded model
conv-42-qa-139,bounded_rag,0.4495073076843535,4.350100003648549,109.67800000071293,114.47760731204583,one shared preloaded model
conv-42-qa-140,bounded_rag,0.4495073076843535,8.649199997307733,112.55542499930016,121.65413230429225,one shared preloaded model
conv-42-qa-141,bounded_rag,0.4495073076843535,4.279999993741512,112.55542499930016,117.28493230072603,one shared preloaded model
conv-42-qa-142,bounded_rag,0.4495073076843535,5.718200001865625,112.55542499930016,118.72313230885014,one shared preloaded model
conv-42-qa-143,bounded_rag,0.4495073076843535,6.332699995255098,112.55542499930016,119.33763230223961,one shared preloaded model
conv-42-qa-144,bounded_rag,0.4495073076843535,4.592200013576075,174.65654999978142,179.69825732104184,one shared preloaded model
conv-42-qa-145,bounded_rag,0.4495073076843535,10.332699996070005,174.65654999978142,185.43875730353577,one shared preloaded model
conv-42-qa-146,bounded_rag,0.4495073076843535,8.001599999261089,174.65654999978142,183.10765730672685,one shared preloaded model
conv-42-qa-147,bounded_rag,0.4495073076843535,8.214800007408485,174.65654999978142,183.32085731487425,one shared preloaded model
conv-42-qa-148,bounded_rag,0.4495073076843535,5.728499992983416,186.12187500184518,192.29988230251294,one shared preloaded model
conv-42-qa-149,bounded_rag,0.4495073076843535,6.900199994561262,186.12187500184518,193.4715823040908,one shared preloaded model
conv-42-qa-150,bounded_rag,0.4495073076843535,7.66660000954289,186.12187500184518,194.23798231907242,one shared preloaded model
conv-42-qa-151,bounded_rag,0.4495073076843535,7.81029999780003,186.12187500184518,194.38168230732956,one shared preloaded model
conv-42-qa-152,bounded_rag,0.4495073076843535,4.5304000086616725,224.82867500002612,229.80858231637214,one shared preloaded model
conv-42-qa-153,bounded_rag,0.4495073076843535,10.662600005161949,224.82867500002612,235.94078231287241,one shared preloaded model
conv-42-qa-154,bounded_rag,0.4495073076843535,7.968899997649714,224.82867500002612,233.24708230536018,one shared preloaded model
conv-42-qa-155,bounded_rag,0.4495073076843535,7.65549999778159,224.82867500002612,232.93368230549206,one shared preloaded model
conv-42-qa-156,bounded_rag,0.4495073076843535,4.699600001913495,115.96197499966365,121.1110823092615,one shared preloaded model
conv-42-qa-157,bounded_rag,0.4495073076843535,10.500399992452003,115.96197499966365,126.91188229980001,one shared preloaded model
conv-42-qa-158,bounded_rag,0.4495073076843535,8.044100002734922,115.96197499966365,124.45558231008293,one shared preloaded model
conv-42-qa-159,bounded_rag,0.4495073076843535,8.096200006548315,115.96197499966365,124.50768231389632,one shared preloaded model
conv-42-qa-160,bounded_rag,0.4495073076843535,4.641999999876134,108.42034999950556,113.51185730706605,one shared preloaded model
conv-42-qa-161,bounded_rag,0.4495073076843535,7.744100003037602,108.42034999950556,116.61395731022752,one shared preloaded model
conv-42-qa-162,bounded_rag,0.4495073076843535,8.44890000007581,108.42034999950556,117.31875730726573,one shared preloaded model
conv-42-qa-163,bounded_rag,0.4495073076843535,7.631300002685748,108.42034999950556,116.50115730987567,one shared preloaded model
conv-42-qa-164,bounded_rag,0.4495073076843535,9.85999999102205,304.656749998685,314.9662572973914,one shared preloaded model
conv-42-qa-165,bounded_rag,0.4495073076843535,6.320200001937337,304.656749998685,311.4264573083067,one shared preloaded model
conv-42-qa-166,bounded_rag,0.4495073076843535,6.110100002842955,304.656749998685,311.2163573092123,one shared preloaded model
conv-42-qa-167,bounded_rag,0.4495073076843535,7.658100003027357,304.656749998685,312.7643573093967,one shared preloaded model
conv-42-qa-168,bounded_rag,0.4495073076843535,4.4984000123804435,474.4699250004487,479.4178323205135,one shared preloaded model
conv-42-qa-169,bounded_rag,0.4495073076843535,3.7972999998601153,474.4699250004487,478.7167323079932,one shared preloaded model
conv-42-qa-170,bounded_rag,0.4495073076843535,5.249100009677932,474.4699250004487,480.168532317811,one shared preloaded model
conv-42-qa-171,bounded_rag,0.4495073076843535,3.715600003488362,474.4699250004487,478.63503231162144,one shared preloaded model
conv-42-qa-172,bounded_rag,0.4495073076843535,5.091300001367927,85.21807500073919,90.75888230979147,one shared preloaded model
conv-42-qa-173,bounded_rag,0.4495073076843535,7.415899992338382,85.21807500073919,93.08348230076193,one shared preloaded model
conv-42-qa-174,bounded_rag,0.4495073076843535,8.839500005706213,85.21807500073919,94.50708231412976,one shared preloaded model
conv-42-qa-175,bounded_rag,0.4495073076843535,8.112700001220219,85.21807500073919,93.78028230964377,one shared preloaded model
conv-42-qa-176,bounded_rag,0.4495073076843535,6.523100004415028,198.1272250013717,205.09983231347107,one shared preloaded model
conv-42-qa-177,bounded_rag,0.4495073076843535,6.2258000107249245,198.1272250013717,204.80253231978097,one shared preloaded model
conv-42-qa-178,bounded_rag,0.4495073076843535,6.664600005024113,198.1272250013717,205.24133231408015,one shared preloaded model
conv-42-qa-179,bounded_rag,0.4495073076843535,7.996799991815351,198.1272250013717,206.5735323008714,one shared preloaded model
conv-42-qa-180,bounded_rag,0.4495073076843535,7.580100005725399,243.45304999951622,251.48265731292597,one shared preloaded model
conv-42-qa-181,bounded_rag,0.4495073076843535,9.883399994578212,243.45304999951622,253.78595730177878,one shared preloaded model
conv-42-qa-182,bounded_rag,0.4495073076843535,10.960400002659298,243.45304999951622,254.86295730985987,one shared preloaded model
conv-42-qa-183,bounded_rag,0.4495073076843535,8.798099996056408,243.45304999951622,252.70065730325697,one shared preloaded model
conv-42-qa-184,bounded_rag,0.4495073076843535,4.368599998997524,103.56687500097905,108.38498230766093,one shared preloaded model
conv-42-qa-185,bounded_rag,0.4495073076843535,7.13839998934418,103.56687500097905,111.15478229800759,one shared preloaded model
conv-42-qa-186,bounded_rag,0.4495073076843535,7.97539998893626,103.56687500097905,111.99178229759967,one shared preloaded model
conv-42-qa-187,bounded_rag,0.4495073076843535,8.222200005548075,103.56687500097905,112.23858231421148,one shared preloaded model
conv-42-qa-188,bounded_rag,0.4495073076843535,4.792099993210286,221.43494999909308,226.6765572999877,one shared preloaded model
conv-42-qa-189,bounded_rag,0.4495073076843535,4.820300004212186,221.43494999909308,226.7047573109896,one shared preloaded model
conv-42-qa-190,bounded_rag,0.4495073076843535,6.677500001387671,221.43494999909308,228.5619573081651,one shared preloaded model
conv-42-qa-191,bounded_rag,0.4495073076843535,4.977299991878681,221.43494999909308,226.8617572986561,one shared preloaded model
conv-42-qa-192,bounded_rag,0.4495073076843535,8.81709999521263,117.19945000004373,126.46605730294071,one shared preloaded model
conv-42-qa-193,bounded_rag,0.4495073076843535,11.338199998135678,117.19945000004373,128.98715730586375,one shared preloaded model
conv-42-qa-194,bounded_rag,0.4495073076843535,7.767599992803298,117.19945000004373,125.41655730053138,one shared preloaded model
conv-42-qa-195,bounded_rag,0.4495073076843535,9.008500011987053,117.19945000004373,126.65745731971514,one shared preloaded model
conv-42-qa-196,bounded_rag,0.4495073076843535,5.364900003769435,140.04579999891575,145.86020731036953,one shared preloaded model
conv-42-qa-197,bounded_rag,0.4495073076843535,9.765399998286739,140.04579999891575,150.26070730488684,one shared preloaded model
conv-42-qa-198,bounded_rag,0.4495073076843535,8.205300007830374,140.04579999891575,148.70060731443047,one shared preloaded model
conv-42-qa-199,bounded_rag,0.4495073076843535,7.603999998536892,140.04579999891575,148.099307305137,one shared preloaded model
conv-42-qa-200,bounded_rag,0.4495073076843535,4.857899999478832,153.6710749969643,158.97848230412748,one shared preloaded model
conv-42-qa-201,bounded_rag,0.4495073076843535,4.802299998118542,153.6710749969643,158.9228823027672,one shared preloaded model
conv-42-qa-202,bounded_rag,0.4495073076843535,4.276100007700734,153.6710749969643,158.39668231234938,one shared preloaded model
conv-42-qa-203,bounded_rag,0.4495073076843535,4.070399998454377,153.6710749969643,158.19098230310303,one shared preloaded model
conv-42-qa-204,bounded_rag,0.4495073076843535,4.664700012654066,80.41972499995609,85.53393232029451,one shared preloaded model
conv-42-qa-205,bounded_rag,0.4495073076843535,5.037099996116012,80.41972499995609,85.90633230375646,one shared preloaded model
conv-42-qa-206,bounded_rag,0.4495073076843535,4.838300010305829,80.41972499995609,85.70753231794627,one shared preloaded model
conv-42-qa-207,bounded_rag,0.4495073076843535,4.852300000493415,80.41972499995609,85.72153230813386,one shared preloaded model
conv-42-qa-208,bounded_rag,0.4495073076843535,4.516899993177503,85.23062500171363,90.1970323025755,one shared preloaded model
conv-42-qa-209,bounded_rag,0.4495073076843535,7.719100001850165,85.23062500171363,93.39923231124816,one shared preloaded model
conv-42-qa-210,bounded_rag,0.4495073076843535,8.101900006295182,85.23062500171363,93.78203231569317,one shared preloaded model
conv-42-qa-211,bounded_rag,0.4495073076843535,7.566000000224449,85.23062500171363,93.24613230962244,one shared preloaded model
conv-42-qa-212,bounded_rag,0.4495073076843535,6.55679999908898,376.50754999776836,383.5138573045417,one shared preloaded model
conv-42-qa-213,bounded_rag,0.4495073076843535,11.167200005729683,376.50754999776836,388.1242573111824,one shared preloaded model
conv-42-qa-214,bounded_rag,0.4495073076843535,7.477399994968437,376.50754999776836,384.4344573004212,one shared preloaded model
conv-42-qa-215,bounded_rag,0.4495073076843535,7.317400013562292,376.50754999776836,384.274457319015,one shared preloaded model
conv-42-qa-216,bounded_rag,0.4495073076843535,4.9260999949183315,89.79434999855584,95.16995730115853,one shared preloaded model
conv-42-qa-217,bounded_rag,0.4495073076843535,8.832200008328073,89.79434999855584,99.07605731456827,one shared preloaded model
conv-42-qa-218,bounded_rag,0.4495073076843535,7.949299993924797,89.79434999855584,98.193157300165,one shared preloaded model
conv-42-qa-219,bounded_rag,0.4495073076843535,7.929800005513243,89.79434999855584,98.17365731175344,one shared preloaded model
conv-42-qa-220,bounded_rag,0.4495073076843535,4.728500003693625,234.94399999981397,240.12200731119194,one shared preloaded model
conv-42-qa-221,bounded_rag,0.4495073076843535,4.964399995515123,234.94399999981397,240.35790730301343,one shared preloaded model
conv-42-qa-222,bounded_rag,0.4495073076843535,4.821599999559112,234.94399999981397,240.21510730705742,one shared preloaded model
conv-42-qa-223,bounded_rag,0.4495073076843535,4.318999999668449,234.94399999981397,239.71250730716676,one shared preloaded model
conv-42-qa-224,bounded_rag,0.4495073076843535,5.11009999900125,87.41052500045043,92.97013230713604,one shared preloaded model
conv-42-qa-225,bounded_rag,0.4495073076843535,11.147099998197518,87.41052500045043,99.00713230633231,one shared preloaded model
conv-42-qa-226,bounded_rag,0.4495073076843535,8.325699993292801,87.41052500045043,96.18573230142759,one shared preloaded model
conv-42-qa-227,bounded_rag,0.4495073076843535,7.369900005869567,87.41052500045043,95.22993231400436,one shared preloaded model
conv-42-qa-228,bounded_rag,0.4495073076843535,4.143600002862513,90.23897500082967,94.83208231137654,one shared preloaded model
conv-42-qa-229,bounded_rag,0.4495073076843535,8.111300005111843,90.23897500082967,98.79978231362587,one shared preloaded model
conv-42-qa-230,bounded_rag,0.4495073076843535,7.604899990838021,90.23897500082967,98.29338229935205,one shared preloaded model
conv-42-qa-231,bounded_rag,0.4495073076843535,7.356799993431196,90.23897500082967,98.04528230194522,one shared preloaded model
conv-42-qa-232,bounded_rag,0.4495073076843535,6.13540000631474,213.88302500054124,220.46793231454032,one shared preloaded model
conv-42-qa-233,bounded_rag,0.4495073076843535,4.371399991214275,213.88302500054124,218.70393229943986,one shared preloaded model
conv-42-qa-234,bounded_rag,0.4495073076843535,4.037199993035756,213.88302500054124,218.36973230126134,one shared preloaded model
conv-42-qa-235,bounded_rag,0.4495073076843535,4.411899994011037,213.88302500054124,218.74443230223662,one shared preloaded model
conv-42-qa-236,bounded_rag,0.4495073076843535,4.8319000052288175,217.84567500071716,223.12708231363032,one shared preloaded model
conv-42-qa-237,bounded_rag,0.4495073076843535,7.800299994414672,217.84567500071716,226.09548230281618,one shared preloaded model
conv-42-qa-238,bounded_rag,0.4495073076843535,8.250600003520958,217.84567500071716,226.54578231192247,one shared preloaded model
conv-42-qa-239,bounded_rag,0.4495073076843535,7.393500010948628,217.84567500071716,225.68868231935014,one shared preloaded model
conv-42-qa-240,bounded_rag,0.4495073076843535,8.04739999875892,209.2118250002386,217.70873230668187,one shared preloaded model
conv-42-qa-241,bounded_rag,0.4495073076843535,10.836000001290813,209.2118250002386,220.49733230921376,one shared preloaded model
conv-42-qa-242,bounded_rag,0.4495073076843535,7.504799999878742,209.2118250002386,217.1661323078017,one shared preloaded model
conv-42-qa-243,bounded_rag,0.4495073076843535,7.659599999897182,209.2118250002386,217.32093230782013,one shared preloaded model
conv-42-qa-244,bounded_rag,0.4495073076843535,7.2804000083124265,276.3163749987143,284.0462823147111,one shared preloaded model
conv-42-qa-245,bounded_rag,0.4495073076843535,10.09429999976419,276.3163749987143,286.86018230616287,one shared preloaded model
conv-42-qa-246,bounded_rag,0.4495073076843535,7.494999998016283,276.3163749987143,284.26088230441496,one shared preloaded model
conv-42-qa-247,bounded_rag,0.4495073076843535,7.312600006116554,276.3163749987143,284.07848231251523,one shared preloaded model
conv-42-qa-248,bounded_rag,0.4495073076843535,4.916999998386018,166.02330000023358,171.38980730630394,one shared preloaded model
conv-42-qa-249,bounded_rag,0.4495073076843535,4.421000005095266,166.02330000023358,170.89380731301318,one shared preloaded model
conv-42-qa-250,bounded_rag,0.4495073076843535,3.6290999996708706,166.02330000023358,170.1019073075888,one shared preloaded model
conv-42-qa-251,bounded_rag,0.4495073076843535,4.086100001586601,166.02330000023358,170.55890730950452,one shared preloaded model
conv-42-qa-252,bounded_rag,0.4495073076843535,4.684800005634315,307.27035000018077,312.40465731349946,one shared preloaded model
conv-42-qa-253,bounded_rag,0.4495073076843535,7.74950000050012,307.27035000018077,315.46935730836526,one shared preloaded model
conv-42-qa-254,bounded_rag,0.4495073076843535,7.775199992465787,307.27035000018077,315.4950573003309,one shared preloaded model
conv-42-qa-255,bounded_rag,0.4495073076843535,7.485900001483969,307.27035000018077,315.2057573093491,one shared preloaded model
conv-42-qa-256,bounded_rag,0.4495073076843535,4.649700000300072,381.6620249999687,386.76123230795315,one shared preloaded model
conv-42-qa-257,bounded_rag,0.4495073076843535,9.23779999720864,381.6620249999687,391.3493323048617,one shared preloaded model
conv-42-qa-258,bounded_rag,0.4495073076843535,7.574999995995313,381.6620249999687,389.6865323036484,one shared preloaded model
conv-42-qa-259,bounded_rag,0.4495073076843535,7.530099988798611,381.6620249999687,389.6416322964517,one shared preloaded model
conv-43-qa-0,bounded_rag,0.8819223140329815,8.930600000894628,382.953374999488,392.7658973144156,one shared preloaded model
conv-43-qa-1,bounded_rag,0.8819223140329815,9.308399996371008,382.953374999488,393.143697309892,one shared preloaded model
conv-43-qa-2,bounded_rag,0.8819223140329815,8.46300000557676,382.953374999488,392.29829731909774,one shared preloaded model
conv-43-qa-3,bounded_rag,0.8819223140329815,8.64599998749327,382.953374999488,392.48129730101425,one shared preloaded model
conv-43-qa-4,bounded_rag,0.8819223140329815,6.783300006645732,83.3985749995918,91.06379732027051,one shared preloaded model
conv-43-qa-5,bounded_rag,0.8819223140329815,6.82059999962803,83.3985749995918,91.10109731325281,one shared preloaded model
conv-43-qa-6,bounded_rag,0.8819223140329815,6.560599998920225,83.3985749995918,90.841097312545,one shared preloaded model
conv-43-qa-7,bounded_rag,0.8819223140329815,8.738200005609542,83.3985749995918,93.01869731923432,one shared preloaded model
conv-43-qa-8,bounded_rag,0.8819223140329815,4.710199995315634,261.8367000031867,267.4288223125353,one shared preloaded model
conv-43-qa-9,bounded_rag,0.8819223140329815,5.692099992302246,261.8367000031867,268.41072230952193,one shared preloaded model
conv-43-qa-10,bounded_rag,0.8819223140329815,4.990799992810935,261.8367000031867,267.7094223100306,one shared preloaded model
conv-43-qa-11,bounded_rag,0.8819223140329815,5.070499988505617,261.8367000031867,267.7891223057253,one shared preloaded model
conv-43-qa-12,bounded_rag,0.8819223140329815,4.699400000390597,191.26159999723313,196.8429223116567,one shared preloaded model
conv-43-qa-13,bounded_rag,0.8819223140329815,5.097799992654473,191.26159999723313,197.24132230392058,one shared preloaded model
conv-43-qa-14,bounded_rag,0.8819223140329815,8.592199999839067,191.26159999723313,200.73572231110518,one shared preloaded model
conv-43-qa-15,bounded_rag,0.8819223140329815,8.62970000889618,191.26159999723313,200.7732223201623,one shared preloaded model
conv-43-qa-16,bounded_rag,0.8819223140329815,5.08050000644289,79.92407499841647,85.88649731889234,one shared preloaded model
conv-43-qa-17,bounded_rag,0.8819223140329815,6.677099998341873,79.92407499841647,87.48309731079132,one shared preloaded model
conv-43-qa-18,bounded_rag,0.8819223140329815,8.682200001203455,79.92407499841647,89.4881973136529,one shared preloaded model
conv-43-qa-19,bounded_rag,0.8819223140329815,7.346100013819523,79.92407499841647,88.15209732626897,one shared preloaded model
conv-43-qa-20,bounded_rag,0.8819223140329815,4.55589999910444,75.70157499867491,81.13939731181233,one shared preloaded model
conv-43-qa-21,bounded_rag,0.8819223140329815,4.95069999305997,75.70157499867491,81.53419730576786,one shared preloaded model
conv-43-qa-22,bounded_rag,0.8819223140329815,5.529300004127435,75.70157499867491,82.11279731683533,one shared preloaded model
conv-43-qa-23,bounded_rag,0.8819223140329815,5.384000003687106,75.70157499867491,81.967497316395,one shared preloaded model
conv-43-qa-24,bounded_rag,0.8819223140329815,5.767499998910353,93.3642250020057,100.01364731494903,one shared preloaded model
conv-43-qa-25,bounded_rag,0.8819223140329815,7.686999990255572,93.3642250020057,101.93314730629425,one shared preloaded model
conv-43-qa-26,bounded_rag,0.8819223140329815,9.410400001797825,93.3642250020057,103.6565473178365,one shared preloaded model
conv-43-qa-27,bounded_rag,0.8819223140329815,9.306500011007302,93.3642250020057,103.55264732704597,one shared preloaded model
conv-43-qa-28,bounded_rag,0.8819223140329815,4.8608999932184815,83.1278250007017,88.87064730795316,one shared preloaded model
conv-43-qa-29,bounded_rag,0.8819223140329815,5.5272000026889145,83.1278250007017,89.5369473174236,one shared preloaded model
conv-43-qa-30,bounded_rag,0.8819223140329815,5.228299996815622,83.1278250007017,89.2380473115503,one shared preloaded model
conv-43-qa-31,bounded_rag,0.8819223140329815,5.224200009251945,83.1278250007017,89.23394732398663,one shared preloaded model
conv-43-qa-32,bounded_rag,0.8819223140329815,7.566800006316043,83.2760999983293,91.72482231867832,one shared preloaded model
conv-43-qa-33,bounded_rag,0.8819223140329815,5.425900002592243,83.2760999983293,89.58392231495452,one shared preloaded model
conv-43-qa-34,bounded_rag,0.8819223140329815,4.9233000027015805,83.2760999983293,89.08132231506386,one shared preloaded model
conv-43-qa-35,bounded_rag,0.8819223140329815,5.00040000770241,83.2760999983293,89.15842232006469,one shared preloaded model
conv-43-qa-36,bounded_rag,0.8819223140329815,5.221900006290525,167.02205000183312,173.12587232215662,one shared preloaded model
conv-43-qa-37,bounded_rag,0.8819223140329815,5.162300003576092,167.02205000183312,173.0662723194422,one shared preloaded model
conv-43-qa-38,bounded_rag,0.8819223140329815,4.859699998633005,167.02205000183312,172.7636723144991,one shared preloaded model
conv-43-qa-39,bounded_rag,0.8819223140329815,5.232600000454113,167.02205000183312,173.1365723163202,one shared preloaded model
conv-43-qa-40,bounded_rag,0.8819223140329815,5.099400004837662,102.76935000001686,108.7506723188875,one shared preloaded model
conv-43-qa-41,bounded_rag,0.8819223140329815,7.651799998711795,102.76935000001686,111.30307231276163,one shared preloaded model
conv-43-qa-42,bounded_rag,0.8819223140329815,10.020399990025908,102.76935000001686,113.67167230407574,one shared preloaded model
conv-43-qa-43,bounded_rag,0.8819223140329815,9.666800004197285,102.76935000001686,113.31807231824712,one shared preloaded model
conv-43-qa-44,bounded_rag,0.8819223140329815,7.542899998952635,275.3610750005464,283.785897313532,one shared preloaded model
conv-43-qa-45,bounded_rag,0.8819223140329815,8.560999995097518,275.3610750005464,284.8039973096769,one shared preloaded model
conv-43-qa-46,bounded_rag,0.8819223140329815,8.476000002701767,275.3610750005464,284.71899731728115,one shared preloaded model
conv-43-qa-47,bounded_rag,0.8819223140329815,8.898300002329051,275.3610750005464,285.14129731690844,one shared preloaded model
conv-43-qa-48,bounded_rag,0.8819223140329815,10.122699997737072,232.53905000092345,243.5436723126935,one shared preloaded model
conv-43-qa-49,bounded_rag,0.8819223140329815,10.564700001850724,232.53905000092345,243.98567231680715,one shared preloaded model
conv-43-qa-50,bounded_rag,0.8819223140329815,9.520099993096665,232.53905000092345,242.9410723080531,one shared preloaded model
conv-43-qa-51,bounded_rag,0.8819223140329815,9.140499998466112,232.53905000092345,242.56147231342254,one shared preloaded model
conv-43-qa-52,bounded_rag,0.8819223140329815,4.925899993395433,237.71539999870583,243.52322230613424,one shared preloaded model
conv-43-qa-53,bounded_rag,0.8819223140329815,9.016099997097626,237.71539999870583,247.61342230983644,one shared preloaded model
conv-43-qa-54,bounded_rag,0.8819223140329815,8.592700003646314,237.71539999870583,247.19002231638513,one shared preloaded model
conv-43-qa-55,bounded_rag,0.8819223140329815,9.249199996702373,237.71539999870583,247.84652230944118,one shared preloaded model
conv-43-qa-56,bounded_rag,0.8819223140329815,6.282300004386343,264.01467499817954,271.17889731659886,one shared preloaded model
conv-43-qa-57,bounded_rag,0.8819223140329815,5.231600007391535,264.01467499817954,270.12819731960406,one shared preloaded model
conv-43-qa-58,bounded_rag,0.8819223140329815,6.880999993882142,264.01467499817954,271.77759730609466,one shared preloaded model
conv-43-qa-59,bounded_rag,0.8819223140329815,5.563300001085736,264.01467499817954,270.45989731329826,one shared preloaded model
conv-43-qa-60,bounded_rag,0.8819223140329815,9.200400003464893,269.38417500059586,279.46649731809373,one shared preloaded model
conv-43-qa-61,bounded_rag,0.8819223140329815,6.481599994003773,269.38417500059586,276.7476973086326,one shared preloaded model
conv-43-qa-62,bounded_rag,0.8819223140329815,5.83530000585597,269.38417500059586,276.1013973204848,one shared preloaded model
conv-43-qa-63,bounded_rag,0.8819223140329815,6.2947000114945695,269.38417500059586,276.5607973261234,one shared preloaded model
conv-43-qa-64,bounded_rag,0.8819223140329815,9.458699991228059,102.50742499920307,112.8480473044641,one shared preloaded model
conv-43-qa-65,bounded_rag,0.8819223140329815,9.0630000049714,102.50742499920307,112.45234731820744,one shared preloaded model
conv-43-qa-66,bounded_rag,0.8819223140329815,9.84890000836458,102.50742499920307,113.23824732160062,one shared preloaded model
conv-43-qa-67,bounded_rag,0.8819223140329815,9.576099997502752,102.50742499920307,112.9654473107388,one shared preloaded model
conv-43-qa-68,bounded_rag,0.8819223140329815,7.409900004859082,221.85657500085654,230.1483973197486,one shared preloaded model
conv-43-qa-69,bounded_rag,0.8819223140329815,5.563799990341067,221.85657500085654,228.30229730523058,one shared preloaded model
conv-43-qa-70,bounded_rag,0.8819223140329815,8.1555000069784,221.85657500085654,230.89399732186791,one shared preloaded model
conv-43-qa-71,bounded_rag,0.8819223140329815,8.421100006671622,221.85657500085654,231.15959732156114,one shared preloaded model
conv-43-qa-72,bounded_rag,0.8819223140329815,4.939500009641051,97.22099999999045,103.04242232366448,one shared preloaded model
conv-43-qa-73,bounded_rag,0.8819223140329815,5.1270999974804,97.22099999999045,103.23002231150383,one shared preloaded model
conv-43-qa-74,bounded_rag,0.8819223140329815,7.106500008376315,97.22099999999045,105.20942232239975,one shared preloaded model
conv-43-qa-75,bounded_rag,0.8819223140329815,5.426499992609024,97.22099999999045,103.52942230663245,one shared preloaded model
conv-43-qa-76,bounded_rag,0.8819223140329815,5.770999996457249,228.68342500078143,235.33634731127165,one shared preloaded model
conv-43-qa-77,bounded_rag,0.8819223140329815,6.906299997353926,228.68342500078143,236.47164731216833,one shared preloaded model
conv-43-qa-78,bounded_rag,0.8819223140329815,5.145799994352274,228.68342500078143,234.71114730916668,one shared preloaded model
conv-43-qa-79,bounded_rag,0.8819223140329815,6.446900006267242,228.68342500078143,236.01224732108165,one shared preloaded model
conv-43-qa-80,bounded_rag,0.8819223140329815,5.831500006024726,102.91237499768613,109.62579731774383,one shared preloaded model
conv-43-qa-81,bounded_rag,0.8819223140329815,5.359300004784018,102.91237499768613,109.15359731650312,one shared preloaded model
conv-43-qa-82,bounded_rag,0.8819223140329815,5.542399987461977,102.91237499768613,109.33669729918108,one shared preloaded model
conv-43-qa-83,bounded_rag,0.8819223140329815,5.908899998757988,102.91237499768613,109.7031973104771,one shared preloaded model
conv-43-qa-84,bounded_rag,0.8819223140329815,5.041500000515953,171.2334749972797,177.15689731182863,one shared preloaded model
conv-43-qa-85,bounded_rag,0.8819223140329815,6.197900002007373,171.2334749972797,178.31329731332005,one shared preloaded model
conv-43-qa-86,bounded_rag,0.8819223140329815,5.859899989445694,171.2334749972797,177.97529730075837,one shared preloaded model
conv-43-qa-87,bounded_rag,0.8819223140329815,8.597599997301586,171.2334749972797,180.71299730861426,one shared preloaded model
conv-43-qa-88,bounded_rag,0.8819223140329815,4.818799992790446,253.12674999804585,258.8274723048693,one shared preloaded model
conv-43-qa-89,bounded_rag,0.8819223140329815,8.433499999227934,253.12674999804585,262.44217231130676,one shared preloaded model
conv-43-qa-90,bounded_rag,0.8819223140329815,8.594300001277588,253.12674999804585,262.6029723133564,one shared preloaded model
conv-43-qa-91,bounded_rag,0.8819223140329815,8.935000005294569,253.12674999804585,262.9436723173734,one shared preloaded model
conv-43-qa-92,bounded_rag,0.8819223140329815,8.104399996227585,112.59307499858551,121.57939730884607,one shared preloaded model
conv-43-qa-93,bounded_rag,0.8819223140329815,5.21380000282079,112.59307499858551,118.68879731543927,one shared preloaded model
conv-43-qa-94,bounded_rag,0.8819223140329815,5.5991999979596585,112.59307499858551,119.07419731057814,one shared preloaded model
conv-43-qa-95,bounded_rag,0.8819223140329815,5.046999998739921,112.59307499858551,118.5219973113584,one shared preloaded model
conv-43-qa-96,bounded_rag,0.8819223140329815,7.556900003692135,203.8882749984623,212.3270973161874,one shared preloaded model
conv-43-qa-97,bounded_rag,0.8819223140329815,5.570399996940978,203.8882749984623,210.34059730943625,one shared preloaded model
conv-43-qa-98,bounded_rag,0.8819223140329815,5.656900000758469,203.8882749984623,210.42709731325374,one shared preloaded model
conv-43-qa-99,bounded_rag,0.8819223140329815,5.163299996638671,203.8882749984623,209.93349730913394,one shared preloaded model
conv-43-qa-100,bounded_rag,0.8819223140329815,9.701699993456714,345.4366750011104,356.0202973086001,one shared preloaded model
conv-43-qa-101,bounded_rag,0.8819223140329815,8.650900010252371,345.4366750011104,354.96949732539576,one shared preloaded model
conv-43-qa-102,bounded_rag,0.8819223140329815,9.811700001591817,345.4366750011104,356.1302973167352,one shared preloaded model
conv-43-qa-103,bounded_rag,0.8819223140329815,10.68019999365788,345.4366750011104,356.9987973088013,one shared preloaded model
conv-43-qa-104,bounded_rag,0.8819223140329815,7.250499998917803,98.92944999955944,107.06187231251022,one shared preloaded model
conv-43-qa-105,bounded_rag,0.8819223140329815,7.947399994009174,98.92944999955944,107.75877230760159,one shared preloaded model
conv-43-qa-106,bounded_rag,0.8819223140329815,6.025000009685755,98.92944999955944,105.83637232327817,one shared preloaded model
conv-43-qa-107,bounded_rag,0.8819223140329815,8.798299997579306,98.92944999955944,108.60967231117172,one shared preloaded model
conv-43-qa-108,bounded_rag,0.8819223140329815,4.936100012855604,272.8935499981162,278.7115723250048,one shared preloaded model
conv-43-qa-109,bounded_rag,0.8819223140329815,5.078199988929555,272.8935499981162,278.85367230107875,one shared preloaded model
conv-43-qa-110,bounded_rag,0.8819223140329815,5.828999986988492,272.8935499981162,279.6044722991377,one shared preloaded model
conv-43-qa-111,bounded_rag,0.8819223140329815,5.837300006533042,272.8935499981162,279.61277231868223,one shared preloaded model
conv-43-qa-112,bounded_rag,0.8819223140329815,4.653700001654215,346.09127499788883,351.626897313576,one shared preloaded model
conv-43-qa-113,bounded_rag,0.8819223140329815,6.4790999895194545,346.09127499788883,353.45229730144126,one shared preloaded model
conv-43-qa-114,bounded_rag,0.8819223140329815,9.458800006541423,346.09127499788883,356.43199731846323,one shared preloaded model
conv-43-qa-115,bounded_rag,0.8819223140329815,8.125300009851344,346.09127499788883,355.09849732177315,one shared preloaded model
conv-43-qa-116,bounded_rag,0.8819223140329815,7.72579999465961,375.1226249987667,383.7303473074593,one shared preloaded model
conv-43-qa-117,bounded_rag,0.8819223140329815,9.239699997124262,375.1226249987667,385.24424730992394,one shared preloaded model
conv-43-qa-118,bounded_rag,0.8819223140329815,8.46520000777673,375.1226249987667,384.4697473205764,one shared preloaded model
conv-43-qa-119,bounded_rag,0.8819223140329815,8.363300003111362,375.1226249987667,384.36784731591104,one shared preloaded model
conv-43-qa-120,bounded_rag,0.8819223140329815,9.597999989637174,214.37689999947906,224.85682230314922,one shared preloaded model
conv-43-qa-121,bounded_rag,0.8819223140329815,9.38519999908749,214.37689999947906,224.64402231259953,one shared preloaded model
conv-43-qa-122,bounded_rag,0.8819223140329815,8.687299996381626,214.37689999947906,223.94612230989367,one shared preloaded model
conv-43-qa-123,bounded_rag,0.8819223140329815,8.989300011307932,214.37689999947906,224.24812232481997,one shared preloaded model
conv-43-qa-124,bounded_rag,0.8819223140329815,8.014000006369315,236.5970249993552,245.4929473197575,one shared preloaded model
conv-43-qa-125,bounded_rag,0.8819223140329815,9.444399998756126,236.5970249993552,246.9233473121443,one shared preloaded model
conv-43-qa-126,bounded_rag,0.8819223140329815,9.977700014133006,236.5970249993552,247.45664732752118,one shared preloaded model
conv-43-qa-127,bounded_rag,0.8819223140329815,9.533899996313266,236.5970249993552,247.01284730970144,one shared preloaded model
conv-43-qa-128,bounded_rag,0.8819223140329815,4.874400008702651,359.61795000184793,365.37427232458356,one shared preloaded model
conv-43-qa-129,bounded_rag,0.8819223140329815,6.006399999023415,359.61795000184793,366.5062723149043,one shared preloaded model
conv-43-qa-130,bounded_rag,0.8819223140329815,8.142499995301478,359.61795000184793,368.6423723111824,one shared preloaded model
conv-43-qa-131,bounded_rag,0.8819223140329815,9.692800012999214,359.61795000184793,370.1926723288801,one shared preloaded model
conv-43-qa-132,bounded_rag,0.8819223140329815,4.9196000036317855,233.79312500037486,239.59464731803962,one shared preloaded model
conv-43-qa-133,bounded_rag,0.8819223140329815,6.125199986854568,233.79312500037486,240.8002473012624,one shared preloaded model
conv-43-qa-134,bounded_rag,0.8819223140329815,6.117700002505444,233.79312500037486,240.79274731691328,one shared preloaded model
conv-43-qa-135,bounded_rag,0.8819223140329815,5.694099992979318,233.79312500037486,240.36914730738715,one shared preloaded model
conv-43-qa-136,bounded_rag,0.8819223140329815,5.182799999602139,475.9029750021,481.9676973157351,one shared preloaded model
conv-43-qa-137,bounded_rag,0.8819223140329815,6.5024000068660825,475.9029750021,483.28729732299905,one shared preloaded model
conv-43-qa-138,bounded_rag,0.8819223140329815,5.692699996870942,475.9029750021,482.4775973130039,one shared preloaded model
conv-43-qa-139,bounded_rag,0.8819223140329815,6.105399996158667,475.9029750021,482.89029731229164,one shared preloaded model
conv-43-qa-140,bounded_rag,0.8819223140329815,5.132499994942918,320.48302499970305,326.49744730867894,one shared preloaded model
conv-43-qa-141,bounded_rag,0.8819223140329815,6.277599997702055,320.48302499970305,327.6425473114381,one shared preloaded model
conv-43-qa-142,bounded_rag,0.8819223140329815,6.863000002340414,320.48302499970305,328.22794731607644,one shared preloaded model
conv-43-qa-143,bounded_rag,0.8819223140329815,5.867599989869632,320.48302499970305,327.23254730360566,one shared preloaded model
conv-43-qa-144,bounded_rag,0.8819223140329815,9.757599997101352,135.2237499995681,145.86327231070243,one shared preloaded model
conv-43-qa-145,bounded_rag,0.8819223140329815,9.903600002871826,135.2237499995681,146.0092723164729,one shared preloaded model
conv-43-qa-146,bounded_rag,0.8819223140329815,10.588899996946566,135.2237499995681,146.69457231054764,one shared preloaded model
conv-43-qa-147,bounded_rag,0.8819223140329815,8.946000001742505,135.2237499995681,145.05167231534358,one shared preloaded model
conv-43-qa-148,bounded_rag,0.8819223140329815,9.716900007333606,101.3267749985971,111.92559731996369,one shared preloaded model
conv-43-qa-149,bounded_rag,0.8819223140329815,9.044899998116307,101.3267749985971,111.25359731074639,one shared preloaded model
conv-43-qa-150,bounded_rag,0.8819223140329815,9.771899989573285,101.3267749985971,111.98059730220336,one shared preloaded model
conv-43-qa-151,bounded_rag,0.8819223140329815,9.097700007259846,101.3267749985971,111.30639731988992,one shared preloaded model
conv-43-qa-152,bounded_rag,0.8819223140329815,10.09189999604132,211.19815000201925,222.17197231209354,one shared preloaded model
conv-43-qa-153,bounded_rag,0.8819223140329815,10.204300007899292,211.19815000201925,222.28437232395152,one shared preloaded model
conv-43-qa-154,bounded_rag,0.8819223140329815,9.029900000314228,211.19815000201925,221.10997231636645,one shared preloaded model
conv-43-qa-155,bounded_rag,0.8819223140329815,8.616799997980706,211.19815000201925,220.69687231403293,one shared preloaded model
conv-43-qa-156,bounded_rag,0.8819223140329815,9.23999999940861,113.4673999986262,123.5893223120678,one shared preloaded model
conv-43-qa-157,bounded_rag,0.8819223140329815,9.721700000227429,113.4673999986262,124.07102231288661,one shared preloaded model
conv-43-qa-158,bounded_rag,0.8819223140329815,11.019500001566485,113.4673999986262,125.36882231422567,one shared preloaded model
conv-43-qa-159,bounded_rag,0.8819223140329815,9.41479999164585,113.4673999986262,123.76412230430503,one shared preloaded model
conv-43-qa-160,bounded_rag,0.8819223140329815,9.678700007498264,130.85162500283332,141.41224732436456,one shared preloaded model
conv-43-qa-161,bounded_rag,0.8819223140329815,9.74819999828469,130.85162500283332,141.48174731515098,one shared preloaded model
conv-43-qa-162,bounded_rag,0.8819223140329815,9.935199996107258,130.85162500283332,141.66874731297355,one shared preloaded model
conv-43-qa-163,bounded_rag,0.8819223140329815,9.590000001480803,130.85162500283332,141.3235473183471,one shared preloaded model
conv-43-qa-164,bounded_rag,0.8819223140329815,9.900099990773015,139.7107499979029,150.4927723027089,one shared preloaded model
conv-43-qa-165,bounded_rag,0.8819223140329815,6.167999992612749,139.7107499979029,146.76067230454862,one shared preloaded model
conv-43-qa-166,bounded_rag,0.8819223140329815,5.474000005051494,139.7107499979029,146.06667231698736,one shared preloaded model
conv-43-qa-167,bounded_rag,0.8819223140329815,5.774699995527044,139.7107499979029,146.36737230746292,one shared preloaded model
conv-43-qa-168,bounded_rag,0.8819223140329815,8.793999993940815,311.6425000007439,321.3184223087177,one shared preloaded model
conv-43-qa-169,bounded_rag,0.8819223140329815,5.844100000103936,311.6425000007439,318.3685223148808,one shared preloaded model
conv-43-qa-170,bounded_rag,0.8819223140329815,6.21089999913238,311.6425000007439,318.73532231390925,one shared preloaded model
conv-43-qa-171,bounded_rag,0.8819223140329815,6.307099989498965,311.6425000007439,318.83152230427584,one shared preloaded model
conv-43-qa-172,bounded_rag,0.8819223140329815,9.874600000330247,256.63055000040913,267.38707231477235,one shared preloaded model
conv-43-qa-173,bounded_rag,0.8819223140329815,9.293099996284582,256.63055000040913,266.8055723107267,one shared preloaded model
conv-43-qa-174,bounded_rag,0.8819223140329815,9.347500003059395,256.63055000040913,266.8599723175015,one shared preloaded model
conv-43-qa-175,bounded_rag,0.8819223140329815,8.561399998143315,256.63055000040913,266.0738723125854,one shared preloaded model
conv-43-qa-176,bounded_rag,0.8819223140329815,8.971999995992519,102.94884999893839,112.80277230896388,one shared preloaded model
conv-43-qa-177,bounded_rag,0.8819223140329815,9.166099989670329,102.94884999893839,112.99687230264169,one shared preloaded model
conv-43-qa-178,bounded_rag,0.8819223140329815,9.378200003993697,102.94884999893839,113.20897231696506,one shared preloaded model
conv-43-qa-179,bounded_rag,0.8819223140329815,9.065399994142354,102.94884999893839,112.89617230711372,one shared preloaded model
conv-43-qa-180,bounded_rag,0.8819223140329815,5.145899995113723,277.1668249988579,283.1946473080046,one shared preloaded model
conv-43-qa-181,bounded_rag,0.8819223140329815,6.086299996240996,277.1668249988579,284.1350473091319,one shared preloaded model
conv-43-qa-182,bounded_rag,0.8819223140329815,5.601099997875281,277.1668249988579,283.6498473107662,one shared preloaded model
conv-43-qa-183,bounded_rag,0.8819223140329815,5.477700004121289,277.1668249988579,283.5264473170122,one shared preloaded model
conv-43-qa-184,bounded_rag,0.8819223140329815,7.390400001895614,114.05744999865419,122.32977231458278,one shared preloaded model
conv-43-qa-185,bounded_rag,0.8819223140329815,9.129600002779625,114.05744999865419,124.0689723154668,one shared preloaded model
conv-43-qa-186,bounded_rag,0.8819223140329815,8.940700005041435,114.05744999865419,123.8800723177286,one shared preloaded model
conv-43-qa-187,bounded_rag,0.8819223140329815,8.80749999487307,114.05744999865419,123.74687230756024,one shared preloaded model
conv-43-qa-188,bounded_rag,0.8819223140329815,8.4534000052372,111.14862500107847,120.48394732034865,one shared preloaded model
conv-43-qa-189,bounded_rag,0.8819223140329815,8.958699996583164,111.14862500107847,120.98924731169461,one shared preloaded model
conv-43-qa-190,bounded_rag,0.8819223140329815,8.873200000380166,111.14862500107847,120.90374731549161,one shared preloaded model
conv-43-qa-191,bounded_rag,0.8819223140329815,8.939699997426942,111.14862500107847,120.97024731253839,one shared preloaded model
conv-43-qa-192,bounded_rag,0.8819223140329815,11.036200012313202,411.19884999716305,423.11697232350923,one shared preloaded model
conv-43-qa-193,bounded_rag,0.8819223140329815,9.466300005442463,411.19884999716305,421.5470723166385,one shared preloaded model
conv-43-qa-194,bounded_rag,0.8819223140329815,10.116600009496324,411.19884999716305,422.19737232069235,one shared preloaded model
conv-43-qa-195,bounded_rag,0.8819223140329815,9.705799995572306,411.19884999716305,421.78657230676833,one shared preloaded model
conv-43-qa-196,bounded_rag,0.8819223140329815,10.387000002083369,119.13210000057006,130.4010223166864,one shared preloaded model
conv-43-qa-197,bounded_rag,0.8819223140329815,9.859199999482371,119.13210000057006,129.8732223140854,one shared preloaded model
conv-43-qa-198,bounded_rag,0.8819223140329815,9.351700005936436,119.13210000057006,129.36572232053948,one shared preloaded model
conv-43-qa-199,bounded_rag,0.8819223140329815,9.102600000915118,119.13210000057006,129.11662231551816,one shared preloaded model
conv-43-qa-200,bounded_rag,0.8819223140329815,9.629499996663071,594.9435250004171,605.4549473111132,one shared preloaded model
conv-43-qa-201,bounded_rag,0.8819223140329815,9.934500005329028,594.9435250004171,605.7599473197791,one shared preloaded model
conv-43-qa-202,bounded_rag,0.8819223140329815,9.643099998356774,594.9435250004171,605.4685473128069,one shared preloaded model
conv-43-qa-203,bounded_rag,0.8819223140329815,8.907700001145713,594.9435250004171,604.7331473155958,one shared preloaded model
conv-43-qa-204,bounded_rag,0.8819223140329815,10.49109999439679,204.4616249986575,215.83464730708727,one shared preloaded model
conv-43-qa-205,bounded_rag,0.8819223140329815,9.592300004442222,204.4616249986575,214.9358473171327,one shared preloaded model
conv-43-qa-206,bounded_rag,0.8819223140329815,10.286200005793944,204.4616249986575,215.62974731848442,one shared preloaded model
conv-43-qa-207,bounded_rag,0.8819223140329815,9.566199994878843,204.4616249986575,214.90974730756932,one shared preloaded model
conv-43-qa-208,bounded_rag,0.8819223140329815,9.46079999266658,352.7828500009491,363.12557230764867,one shared preloaded model
conv-43-qa-209,bounded_rag,0.8819223140329815,9.193199992296286,352.7828500009491,362.8579723072784,one shared preloaded model
conv-43-qa-210,bounded_rag,0.8819223140329815,9.36149999324698,352.7828500009491,363.02627230822907,one shared preloaded model
conv-43-qa-211,bounded_rag,0.8819223140329815,9.872499998891726,352.7828500009491,363.5372723138738,one shared preloaded model
conv-43-qa-212,bounded_rag,0.8819223140329815,10.133600007975474,108.16057500051102,119.17609732251947,one shared preloaded model
conv-43-qa-213,bounded_rag,0.8819223140329815,7.6219000038690865,108.16057500051102,116.66439731841308,one shared preloaded model
conv-43-qa-214,bounded_rag,0.8819223140329815,6.575200008228421,108.16057500051102,115.61769732277241,one shared preloaded model
conv-43-qa-215,bounded_rag,0.8819223140329815,9.507299997494556,108.16057500051102,118.54979731203855,one shared preloaded model
conv-43-qa-216,bounded_rag,0.8819223140329815,7.813699994585477,688.057175000722,696.7527973093405,one shared preloaded model
conv-43-qa-217,bounded_rag,0.8819223140329815,10.86829999985639,688.057175000722,699.8073973146114,one shared preloaded model
conv-43-qa-218,bounded_rag,0.8819223140329815,10.734499999671243,688.057175000722,699.6735973144263,one shared preloaded model
conv-43-qa-219,bounded_rag,0.8819223140329815,9.694199994555674,688.057175000722,698.6332973093107,one shared preloaded model
conv-43-qa-220,bounded_rag,0.8819223140329815,10.667299997294322,635.6328500005475,647.1820723118748,one shared preloaded model
conv-43-qa-221,bounded_rag,0.8819223140329815,10.204999998677522,635.6328500005475,646.719772313258,one shared preloaded model
conv-43-qa-222,bounded_rag,0.8819223140329815,10.024699993664399,635.6328500005475,646.5394723082449,one shared preloaded model
conv-43-qa-223,bounded_rag,0.8819223140329815,9.907000014209189,635.6328500005475,646.4217723287896,one shared preloaded model
conv-43-qa-224,bounded_rag,0.8819223140329815,5.841099991812371,132.0760499984317,138.79907230427705,one shared preloaded model
conv-43-qa-225,bounded_rag,0.8819223140329815,9.705699994810857,132.0760499984317,142.66367230727553,one shared preloaded model
conv-43-qa-226,bounded_rag,0.8819223140329815,9.089500003028661,132.0760499984317,142.04747231549334,one shared preloaded model
conv-43-qa-227,bounded_rag,0.8819223140329815,9.149299992714077,132.0760499984317,142.10727230517875,one shared preloaded model
conv-43-qa-228,bounded_rag,0.8819223140329815,5.861999990884215,100.02644999985932,106.77037230477652,one shared preloaded model
conv-43-qa-229,bounded_rag,0.8819223140329815,6.569100005435757,100.02644999985932,107.47747231932806,one shared preloaded model
conv-43-qa-230,bounded_rag,0.8819223140329815,5.625799996778369,100.02644999985932,106.53417231067067,one shared preloaded model
conv-43-qa-231,bounded_rag,0.8819223140329815,5.4899999959161505,100.02644999985932,106.39837230980845,one shared preloaded model
conv-43-qa-232,bounded_rag,0.8819223140329815,7.90959999721963,260.2771749989188,269.0686973101714,one shared preloaded model
conv-43-qa-233,bounded_rag,0.8819223140329815,9.41870000679046,260.2771749989188,270.5777973197422,one shared preloaded model
conv-43-qa-234,bounded_rag,0.8819223140329815,8.460500001092441,260.2771749989188,269.6195973140442,one shared preloaded model
conv-43-qa-235,bounded_rag,0.8819223140329815,9.3127000000095,260.2771749989188,270.47179731296126,one shared preloaded model
conv-43-qa-236,bounded_rag,0.8819223140329815,5.925100005697459,334.67709999968065,341.4841223194111,one shared preloaded model
conv-43-qa-237,bounded_rag,0.8819223140329815,8.782400007476099,334.67709999968065,344.3414223211897,one shared preloaded model
conv-43-qa-238,bounded_rag,0.8819223140329815,9.115699998801574,334.67709999968065,344.6747223125152,one shared preloaded model
conv-43-qa-239,bounded_rag,0.8819223140329815,8.297799999127164,334.67709999968065,343.8568223128408,one shared preloaded model
conv-43-qa-240,bounded_rag,0.8819223140329815,4.443199999514036,252.93479999527335,258.25992230882036,one shared preloaded model
conv-43-qa-241,bounded_rag,0.8819223140329815,9.424899995792657,252.93479999527335,263.241622305099,one shared preloaded model
conv-44-qa-0,bounded_rag,0.8710170886037235,9.225000001606531,83.4471999987727,93.54321708898296,one shared preloaded model
conv-44-qa-1,bounded_rag,0.8710170886037235,8.430000001681037,83.4471999987727,92.74821708905746,one shared preloaded model
conv-44-qa-2,bounded_rag,0.8710170886037235,8.15189999411814,83.4471999987727,92.47011708149456,one shared preloaded model
conv-44-qa-3,bounded_rag,0.8710170886037235,8.687499997904524,83.4471999987727,93.00571708528095,one shared preloaded model
conv-44-qa-4,bounded_rag,0.8710170886037235,5.30780000553932,78.84592499976861,85.02474209391166,one shared preloaded model
conv-44-qa-5,bounded_rag,0.8710170886037235,8.834499996737577,78.84592499976861,88.55144208510991,one shared preloaded model
conv-44-qa-6,bounded_rag,0.8710170886037235,9.005299987620674,78.84592499976861,88.72224207599301,one shared preloaded model
conv-44-qa-7,bounded_rag,0.8710170886037235,8.796699999948032,78.84592499976861,88.51364208832037,one shared preloaded model
conv-44-qa-8,bounded_rag,0.8710170886037235,7.174899990786798,168.80157500054338,176.84749207993391,one shared preloaded model
conv-44-qa-9,bounded_rag,0.8710170886037235,6.153599999379367,168.80157500054338,175.82619208852648,one shared preloaded model
conv-44-qa-10,bounded_rag,0.8710170886037235,5.737200001021847,168.80157500054338,175.40979209016896,one shared preloaded model
conv-44-qa-11,bounded_rag,0.8710170886037235,6.215199988218956,168.80157500054338,175.88779207736607,one shared preloaded model
conv-44-qa-12,bounded_rag,0.8710170886037235,5.428300006315112,86.30929999708314,92.60861709200198,one shared preloaded model
conv-44-qa-13,bounded_rag,0.8710170886037235,8.887400006642565,86.30929999708314,96.06771709232943,one shared preloaded model
conv-44-qa-14,bounded_rag,0.8710170886037235,8.487699989927933,86.30929999708314,95.6680170756148,one shared preloaded model
conv-44-qa-15,bounded_rag,0.8710170886037235,8.311900004628114,86.30929999708314,95.49221709031498,one shared preloaded model
conv-44-qa-16,bounded_rag,0.8710170886037235,5.073499996797182,114.54647499704151,120.49099208244242,one shared preloaded model
conv-44-qa-17,bounded_rag,0.8710170886037235,5.696899999747984,114.54647499704151,121.11439208539322,one shared preloaded model
conv-44-qa-18,bounded_rag,0.8710170886037235,5.590700005996041,114.54647499704151,121.00819209164128,one shared preloaded model
conv-44-qa-19,bounded_rag,0.8710170886037235,9.84089999110438,114.54647499704151,125.25839207674962,one shared preloaded model
conv-44-qa-20,bounded_rag,0.8710170886037235,7.6696000032825395,79.98565000161761,88.52626709350388,one shared preloaded model
conv-44-qa-21,bounded_rag,0.8710170886037235,5.345800003851764,79.98565000161761,86.2024670940731,one shared preloaded model
conv-44-qa-22,bounded_rag,0.8710170886037235,5.134200007887557,79.98565000161761,85.9908670981089,one shared preloaded model
conv-44-qa-23,bounded_rag,0.8710170886037235,5.53899999067653,79.98565000161761,86.39566708089787,one shared preloaded model
conv-44-qa-24,bounded_rag,0.8710170886037235,4.764500001328997,181.08130000109668,186.7168170910294,one shared preloaded model
conv-44-qa-25,bounded_rag,0.8710170886037235,8.744200007640757,181.08130000109668,190.69651709734117,one shared preloaded model
conv-44-qa-26,bounded_rag,0.8710170886037235,8.832899999106303,181.08130000109668,190.78521708880672,one shared preloaded model
conv-44-qa-27,bounded_rag,0.8710170886037235,8.376900004805066,181.08130000109668,190.32921709450548,one shared preloaded model
conv-44-qa-28,bounded_rag,0.8710170886037235,4.912000003969297,151.19549999872106,156.9785170912941,one shared preloaded model
conv-44-qa-29,bounded_rag,0.8710170886037235,5.096699998830445,151.19549999872106,157.16321708615524,one shared preloaded model
conv-44-qa-30,bounded_rag,0.8710170886037235,5.007200001273304,151.19549999872106,157.0737170885981,one shared preloaded model
conv-44-qa-31,bounded_rag,0.8710170886037235,5.574700000579469,151.19549999872106,157.64121708790427,one shared preloaded model
conv-44-qa-32,bounded_rag,0.8710170886037235,4.764800003613345,103.2020000020566,108.83781709427366,one shared preloaded model
conv-44-qa-33,bounded_rag,0.8710170886037235,6.61979999858886,103.2020000020566,110.69281708924917,one shared preloaded model
conv-44-qa-34,bounded_rag,0.8710170886037235,9.28070000372827,103.2020000020566,113.35371709438859,one shared preloaded model
conv-44-qa-35,bounded_rag,0.8710170886037235,8.769100008066744,103.2020000020566,112.84211709872706,one shared preloaded model
conv-44-qa-36,bounded_rag,0.8710170886037235,5.004599996027537,170.93452499830164,176.8101420829329,one shared preloaded model
conv-44-qa-37,bounded_rag,0.8710170886037235,5.725199996959418,170.93452499830164,177.5307420838648,one shared preloaded model
conv-44-qa-38,bounded_rag,0.8710170886037235,5.776499994681217,170.93452499830164,177.5820420815866,one shared preloaded model
conv-44-qa-39,bounded_rag,0.8710170886037235,5.732599995099008,170.93452499830164,177.53814208200438,one shared preloaded model
conv-44-qa-40,bounded_rag,0.8710170886037235,5.037199996877462,124.13184999968507,130.04006708516627,one shared preloaded model
conv-44-qa-41,bounded_rag,0.8710170886037235,5.206100002396852,124.13184999968507,130.20896709068566,one shared preloaded model
conv-44-qa-42,bounded_rag,0.8710170886037235,5.692099992302246,124.13184999968507,130.69496708059106,one shared preloaded model
conv-44-qa-43,bounded_rag,0.8710170886037235,5.265399988275021,124.13184999968507,130.26826707656383,one shared preloaded model
conv-44-qa-44,bounded_rag,0.8710170886037235,4.823199997190386,74.74277499932214,80.43699208511624,one shared preloaded model
conv-44-qa-45,bounded_rag,0.8710170886037235,8.846099997754209,74.74277499932214,84.45989208568007,one shared preloaded model
conv-44-qa-46,bounded_rag,0.8710170886037235,8.326299997861497,74.74277499932214,83.94009208578736,one shared preloaded model
conv-44-qa-47,bounded_rag,0.8710170886037235,8.373499993467703,74.74277499932214,83.98729208139356,one shared preloaded model
conv-44-qa-48,bounded_rag,0.8710170886037235,4.837100001168437,168.59977499916567,174.30789208893785,one shared preloaded model
conv-44-qa-49,bounded_rag,0.8710170886037235,5.56489999871701,168.59977499916567,175.03569208648642,one shared preloaded model
conv-44-qa-50,bounded_rag,0.8710170886037235,5.486300011398271,168.59977499916567,174.95709209916768,one shared preloaded model
conv-44-qa-51,bounded_rag,0.8710170886037235,5.278399999951944,168.59977499916567,174.74919208772135,one shared preloaded model
conv-44-qa-52,bounded_rag,0.8710170886037235,5.327300008502789,128.82857500153477,135.0268920986413,one shared preloaded model
conv-44-qa-53,bounded_rag,0.8710170886037235,5.681800001184456,128.82857500153477,135.38139209132297,one shared preloaded model
conv-44-qa-54,bounded_rag,0.8710170886037235,5.8209999988321215,128.82857500153477,135.52059208897063,one shared preloaded model
conv-44-qa-55,bounded_rag,0.8710170886037235,5.55970000277739,128.82857500153477,135.2592920929159,one shared preloaded model
conv-44-qa-56,bounded_rag,0.8710170886037235,5.977200009510852,137.3176249981043,144.16584209621888,one shared preloaded model
conv-44-qa-57,bounded_rag,0.8710170886037235,9.042300007422455,137.3176249981043,147.23094209413048,one shared preloaded model
conv-44-qa-58,bounded_rag,0.8710170886037235,9.461200010264292,137.3176249981043,147.64984209697232,one shared preloaded model
conv-44-qa-59,bounded_rag,0.8710170886037235,9.407799996552058,137.3176249981043,147.5964420832601,one shared preloaded model
conv-44-qa-60,bounded_rag,0.8710170886037235,4.708899999968708,214.4584500019846,220.03836709055705,one shared preloaded model
conv-44-qa-61,bounded_rag,0.8710170886037235,7.591000001411885,214.4584500019846,222.92046709200022,one shared preloaded model
conv-44-qa-62,bounded_rag,0.8710170886037235,8.951000010711141,214.4584500019846,224.28046710129948,one shared preloaded model
conv-44-qa-63,bounded_rag,0.8710170886037235,9.297299999161623,214.4584500019846,224.62676708974996,one shared preloaded model
conv-44-qa-64,bounded_rag,0.8710170886037235,4.933200005325489,147.89892499902635,153.70314209295557,one shared preloaded model
conv-44-qa-65,bounded_rag,0.8710170886037235,5.192099997657351,147.89892499902635,153.96204208528744,one shared preloaded model
conv-44-qa-66,bounded_rag,0.8710170886037235,6.242600007681176,147.89892499902635,155.01254209531126,one shared preloaded model
conv-44-qa-67,bounded_rag,0.8710170886037235,6.055200006812811,147.89892499902635,154.8251420944429,one shared preloaded model
conv-44-qa-68,bounded_rag,0.8710170886037235,4.795700006070547,87.86924999731127,93.53596709198554,one shared preloaded model
conv-44-qa-69,bounded_rag,0.8710170886037235,6.429799992474727,87.86924999731127,95.17006707838972,one shared preloaded model
conv-44-qa-70,bounded_rag,0.8710170886037235,6.507700003567152,87.86924999731127,95.24796708948215,one shared preloaded model
conv-44-qa-71,bounded_rag,0.8710170886037235,6.001900008413941,87.86924999731127,94.74216709432893,one shared preloaded model
conv-44-qa-72,bounded_rag,0.8710170886037235,4.971900008968078,87.88034999815864,93.72326709573044,one shared preloaded model
conv-44-qa-73,bounded_rag,0.8710170886037235,9.518400009255856,87.88034999815864,98.26976709601821,one shared preloaded model
conv-44-qa-74,bounded_rag,0.8710170886037235,8.281900009023957,87.88034999815864,97.03326709578631,one shared preloaded model
conv-44-qa-75,bounded_rag,0.8710170886037235,8.430500005488284,87.88034999815864,97.18186709225064,one shared preloaded model
conv-44-qa-76,bounded_rag,0.8710170886037235,4.71520000428427,226.57080000135466,232.15701709424266,one shared preloaded model
conv-44-qa-77,bounded_rag,0.8710170886037235,6.4313999901060015,226.57080000135466,233.8732170800644,one shared preloaded model
conv-44-qa-78,bounded_rag,0.8710170886037235,10.07699999900069,226.57080000135466,237.51881708895908,one shared preloaded model
conv-44-qa-79,bounded_rag,0.8710170886037235,9.400899987667799,226.57080000135466,236.8427170776262,one shared preloaded model
conv-44-qa-80,bounded_rag,0.8710170886037235,6.411399997887202,169.34187500010012,176.62429208659105,one shared preloaded model
conv-44-qa-81,bounded_rag,0.8710170886037235,5.841399994096719,169.34187500010012,176.05429208280057,one shared preloaded model
conv-44-qa-82,bounded_rag,0.8710170886037235,5.693700004485436,169.34187500010012,175.9065920931893,one shared preloaded model
conv-44-qa-83,bounded_rag,0.8710170886037235,6.367400012095459,169.34187500010012,176.5802921007993,one shared preloaded model
conv-44-qa-84,bounded_rag,0.8710170886037235,6.366400004480965,86.34557500045048,93.58299209353517,one shared preloaded model
conv-44-qa-85,bounded_rag,0.8710170886037235,6.098199999541976,86.34557500045048,93.31479208859618,one shared preloaded model
conv-44-qa-86,bounded_rag,0.8710170886037235,6.33610000659246,86.34557500045048,93.55269209564666,one shared preloaded model
conv-44-qa-87,bounded_rag,0.8710170886037235,5.94650000857655,86.34557500045048,93.16309209763075,one shared preloaded model
conv-44-qa-88,bounded_rag,0.8710170886037235,5.02849998883903,276.6740250008297,282.57354207827245,one shared preloaded model
conv-44-qa-89,bounded_rag,0.8710170886037235,9.11630000337027,276.6740250008297,286.6613420928037,one shared preloaded model
conv-44-qa-90,bounded_rag,0.8710170886037235,8.500399999320507,276.6740250008297,286.04544208875393,one shared preloaded model
conv-44-qa-91,bounded_rag,0.8710170886037235,8.864499992341734,276.6740250008297,286.40954208177516,one shared preloaded model
conv-44-qa-92,bounded_rag,0.8710170886037235,6.408800007193349,170.73605000041425,178.01586709621134,one shared preloaded model
conv-44-qa-93,bounded_rag,0.8710170886037235,9.512900011031888,170.73605000041425,181.11996710004988,one shared preloaded model
conv-44-qa-94,bounded_rag,0.8710170886037235,8.658899998408742,170.73605000041425,180.26596708742673,one shared preloaded model
conv-44-qa-95,bounded_rag,0.8710170886037235,8.57180000457447,170.73605000041425,180.17886709359246,one shared preloaded model
conv-44-qa-96,bounded_rag,0.8710170886037235,5.858400007127784,136.43094999861205,143.16036709434357,one shared preloaded model
conv-44-qa-97,bounded_rag,0.8710170886037235,9.13859999855049,136.43094999861205,146.44056708576628,one shared preloaded model
conv-44-qa-98,bounded_rag,0.8710170886037235,9.078000002773479,136.43094999861205,146.37996708998926,one shared preloaded model
conv-44-qa-99,bounded_rag,0.8710170886037235,8.98899999447167,136.43094999861205,146.29096708168746,one shared preloaded model
conv-44-qa-100,bounded_rag,0.8710170886037235,5.844600003911182,251.7434500005038,258.4590670930187,one shared preloaded model
conv-44-qa-101,bounded_rag,0.8710170886037235,8.9326000015717,251.7434500005038,261.5470670906792,one shared preloaded model
conv-44-qa-102,bounded_rag,0.8710170886037235,8.649399998830631,251.7434500005038,261.26386708793814,one shared preloaded model
conv-44-qa-103,bounded_rag,0.8710170886037235,8.487799990689382,251.7434500005038,261.1022670797969,one shared preloaded model
conv-44-qa-104,bounded_rag,0.8710170886037235,5.395799991674721,86.4387750007154,92.70559208099384,one shared preloaded model
conv-44-qa-105,bounded_rag,0.8710170886037235,5.4432000033557415,86.4387750007154,92.75299209267486,one shared preloaded model
conv-44-qa-106,bounded_rag,0.8710170886037235,5.056800000602379,86.4387750007154,92.3665920899215,one shared preloaded model
conv-44-qa-107,bounded_rag,0.8710170886037235,5.521800005226396,86.4387750007154,92.83159209454551,one shared preloaded model
conv-44-qa-108,bounded_rag,0.8710170886037235,4.95000000228174,141.07905000128085,146.90006709216632,one shared preloaded model
conv-44-qa-109,bounded_rag,0.8710170886037235,6.001100002322346,141.07905000128085,147.95116709220693,one shared preloaded model
conv-44-qa-110,bounded_rag,0.8710170886037235,5.694499996025115,141.07905000128085,147.6445670859097,one shared preloaded model
conv-44-qa-111,bounded_rag,0.8710170886037235,5.3596999932779,141.07905000128085,147.30976708316248,one shared preloaded model
conv-44-qa-112,bounded_rag,0.8710170886037235,5.208400005358271,81.90647499941406,87.98589209337605,one shared preloaded model
conv-44-qa-113,bounded_rag,0.8710170886037235,9.351199987577274,81.90647499941406,92.12869207559505,one shared preloaded model
conv-44-qa-114,bounded_rag,0.8710170886037235,8.93769999674987,81.90647499941406,91.71519208476765,one shared preloaded model
conv-44-qa-115,bounded_rag,0.8710170886037235,9.148500001174398,81.90647499941406,91.92599208919218,one shared preloaded model
conv-44-qa-116,bounded_rag,0.8710170886037235,5.098399997223169,129.75284999993164,135.72226708575855,one shared preloaded model
conv-44-qa-117,bounded_rag,0.8710170886037235,9.456899992073886,129.75284999993164,140.08076708060926,one shared preloaded model
conv-44-qa-118,bounded_rag,0.8710170886037235,9.431900005438365,129.75284999993164,140.05576709397374,one shared preloaded model
conv-44-qa-119,bounded_rag,0.8710170886037235,8.95190000301227,129.75284999993164,139.57576709154765,one shared preloaded model
conv-44-qa-120,bounded_rag,0.8710170886037235,6.224500000826083,138.11902499946882,145.21454208889864,one shared preloaded model
conv-44-qa-121,bounded_rag,0.8710170886037235,8.607499999925494,138.11902499946882,147.59754208799805,one shared preloaded model
conv-44-qa-122,bounded_rag,0.8710170886037235,9.43849999748636,138.11902499946882,148.42854208555892,one shared preloaded model
conv-44-qa-123,bounded_rag,0.8710170886037235,8.093100012047216,138.11902499946882,147.08314210011977,one shared preloaded model
conv-44-qa-124,bounded_rag,0.8710170886037235,4.845100003876723,77.23257500038017,82.94869209286061,one shared preloaded model
conv-44-qa-125,bounded_rag,0.8710170886037235,5.711699996027164,77.23257500038017,83.81529208501105,one shared preloaded model
conv-44-qa-126,bounded_rag,0.8710170886037235,5.466900009196252,77.23257500038017,83.57049209818014,one shared preloaded model
conv-44-qa-127,bounded_rag,0.8710170886037235,5.080999995698221,77.23257500038017,83.18459208468211,one shared preloaded model
conv-44-qa-128,bounded_rag,0.8710170886037235,5.294099988532253,82.57310000044527,88.73821707758124,one shared preloaded model
conv-44-qa-129,bounded_rag,0.8710170886037235,5.653600004734471,82.57310000044527,89.09771709378346,one shared preloaded model
conv-44-qa-130,bounded_rag,0.8710170886037235,5.5188999976962805,82.57310000044527,88.96301708674527,one shared preloaded model
conv-44-qa-131,bounded_rag,0.8710170886037235,5.193799996050075,82.57310000044527,88.63791708509906,one shared preloaded model
conv-44-qa-132,bounded_rag,0.8710170886037235,6.611500008148141,147.83332500155666,155.31584209830854,one shared preloaded model
conv-44-qa-133,bounded_rag,0.8710170886037235,6.016400002408773,147.83332500155666,154.72074209256917,one shared preloaded model
conv-44-qa-134,bounded_rag,0.8710170886037235,5.910699997912161,147.83332500155666,154.61504208807256,one shared preloaded model
conv-44-qa-135,bounded_rag,0.8710170886037235,5.89830000535585,147.83332500155666,154.60264209551625,one shared preloaded model
conv-44-qa-136,bounded_rag,0.8710170886037235,5.436199993710034,81.36205000118935,87.6692670835031,one shared preloaded model
conv-44-qa-137,bounded_rag,0.8710170886037235,9.636900009354576,81.36205000118935,91.86996709914764,one shared preloaded model
conv-44-qa-138,bounded_rag,0.8710170886037235,8.136400007060729,81.36205000118935,90.3694670968538,one shared preloaded model
conv-44-qa-139,bounded_rag,0.8710170886037235,8.185599988792092,81.36205000118935,90.41866707858516,one shared preloaded model
conv-44-qa-140,bounded_rag,0.8710170886037235,5.781299987575039,124.55777500144904,131.21009207762782,one shared preloaded model
conv-44-qa-141,bounded_rag,0.8710170886037235,5.205800000112504,124.55777500144904,130.63459209016528,one shared preloaded model
conv-44-qa-142,bounded_rag,0.8710170886037235,5.321400007233024,124.55777500144904,130.7501920972858,one shared preloaded model
conv-44-qa-143,bounded_rag,0.8710170886037235,5.357199988793582,124.55777500144904,130.78599207884636,one shared preloaded model
conv-44-qa-144,bounded_rag,0.8710170886037235,5.536800003028475,99.2874750008923,105.6952920925245,one shared preloaded model
conv-44-qa-145,bounded_rag,0.8710170886037235,4.939999998896383,99.2874750008923,105.0984920883924,one shared preloaded model
conv-44-qa-146,bounded_rag,0.8710170886037235,5.362199997762218,99.2874750008923,105.52069208725824,one shared preloaded model
conv-44-qa-147,bounded_rag,0.8710170886037235,5.064700002549216,99.2874750008923,105.22319209204524,one shared preloaded model
conv-44-qa-148,bounded_rag,0.8710170886037235,4.551100006210618,145.46462500220514,150.8867420970195,one shared preloaded model
conv-44-qa-149,bounded_rag,0.8710170886037235,9.560699996654876,145.46462500220514,155.89634208746375,one shared preloaded model
conv-44-qa-150,bounded_rag,0.8710170886037235,7.495899990317412,145.46462500220514,153.8315420811263,one shared preloaded model
conv-44-qa-151,bounded_rag,0.8710170886037235,4.18109999736771,145.46462500220514,150.51674208817658,one shared preloaded model
conv-44-qa-152,bounded_rag,0.8710170886037235,4.792199993971735,138.95395000145072,144.6171670840262,one shared preloaded model
conv-44-qa-153,bounded_rag,0.8710170886037235,7.61320001038257,138.95395000145072,147.43816710043703,one shared preloaded model
conv-44-qa-154,bounded_rag,0.8710170886037235,8.299599998281337,138.95395000145072,148.1245670883358,one shared preloaded model
conv-44-qa-155,bounded_rag,0.8710170886037235,8.98149999557063,138.95395000145072,148.8064670856251,one shared preloaded model
conv-44-qa-156,bounded_rag,0.8710170886037235,5.435699989902787,237.14090000430588,243.4476170828124,one shared preloaded model
conv-44-qa-157,bounded_rag,0.8710170886037235,6.992300011916086,237.14090000430588,245.0042171048257,one shared preloaded model
conv-47-qa-0,bounded_rag,0.6476863157953822,8.682999992743134,70.93347500267555,80.26416131121407,one shared preloaded model
conv-47-qa-1,bounded_rag,0.6476863157953822,9.149299992714077,70.93347500267555,80.73046131118501,one shared preloaded model
conv-47-qa-2,bounded_rag,0.6476863157953822,8.28449999971781,70.93347500267555,79.86566131818874,one shared preloaded model
conv-47-qa-3,bounded_rag,0.6476863157953822,7.9523000022163615,70.93347500267555,79.5334613206873,one shared preloaded model
conv-47-qa-4,bounded_rag,0.6476863157953822,5.497799997101538,154.9722749987268,161.1177613116237,one shared preloaded model
conv-47-qa-5,bounded_rag,0.6476863157953822,5.326700003934093,154.9722749987268,160.94666131845625,one shared preloaded model
conv-47-qa-6,bounded_rag,0.6476863157953822,4.949599999235943,154.9722749987268,160.5695613137581,one shared preloaded model
conv-47-qa-7,bounded_rag,0.6476863157953822,5.197799997404218,154.9722749987268,160.81776131192638,one shared preloaded model
conv-47-qa-8,bounded_rag,0.6476863157953822,4.741699987789616,106.21285000161151,111.60223630519651,one shared preloaded model
conv-47-qa-9,bounded_rag,0.6476863157953822,9.01259999955073,106.21285000161151,115.87313631695763,one shared preloaded model
conv-47-qa-10,bounded_rag,0.6476863157953822,4.973900009645149,106.21285000161151,111.83443632705205,one shared preloaded model
conv-47-qa-11,bounded_rag,0.6476863157953822,5.17589999071788,106.21285000161151,112.03643630812478,one shared preloaded model
conv-47-qa-12,bounded_rag,0.6476863157953822,4.544999988866039,70.32144999902812,75.51413630368954,one shared preloaded model
conv-47-qa-13,bounded_rag,0.6476863157953822,6.394399999408051,70.32144999902812,77.36353631423155,one shared preloaded model
conv-47-qa-14,bounded_rag,0.6476863157953822,8.748500011279248,70.32144999902812,79.71763632610275,one shared preloaded model
conv-47-qa-15,bounded_rag,0.6476863157953822,5.686600008630194,70.32144999902812,76.6557363234537,one shared preloaded model
conv-47-qa-16,bounded_rag,0.6476863157953822,5.4472000047098845,149.56147499833605,155.6563613188413,one shared preloaded model
conv-47-qa-17,bounded_rag,0.6476863157953822,5.04999999247957,149.56147499833605,155.259161306611,one shared preloaded model
conv-47-qa-18,bounded_rag,0.6476863157953822,4.742700009956025,149.56147499833605,154.95186132408745,one shared preloaded model
conv-47-qa-19,bounded_rag,0.6476863157953822,4.810600003111176,149.56147499833605,155.0197613172426,one shared preloaded model
conv-47-qa-20,bounded_rag,0.6476863157953822,4.91889999830164,105.5442500000936,111.11083631419062,one shared preloaded model
conv-47-qa-21,bounded_rag,0.6476863157953822,6.269400008022785,105.5442500000936,112.46133632391177,one shared preloaded model
conv-47-qa-22,bounded_rag,0.6476863157953822,8.880399996996857,105.5442500000936,115.07233631288584,one shared preloaded model
conv-47-qa-23,bounded_rag,0.6476863157953822,4.591199991409667,105.5442500000936,110.78313630729865,one shared preloaded model
conv-47-qa-24,bounded_rag,0.6476863157953822,5.295499999192543,79.6967250025773,85.63991131756522,one shared preloaded model
conv-47-qa-25,bounded_rag,0.6476863157953822,9.649100000387989,79.6967250025773,89.99351131876067,one shared preloaded model
conv-47-qa-26,bounded_rag,0.6476863157953822,8.79779999377206,79.6967250025773,89.14221131214474,one shared preloaded model
conv-47-qa-27,bounded_rag,0.6476863157953822,7.894299997133203,79.6967250025773,88.23871131550588,one shared preloaded model
conv-47-qa-28,bounded_rag,0.6476863157953822,4.671899994718842,108.22544999973616,113.54503631025038,one shared preloaded model
conv-47-qa-29,bounded_rag,0.6476863157953822,8.37110000429675,108.22544999973616,117.24423631982829,one shared preloaded model
conv-47-qa-30,bounded_rag,0.6476863157953822,9.302399994339794,108.22544999973616,118.17553630987133,one shared preloaded model
conv-47-qa-31,bounded_rag,0.6476863157953822,9.190400000079535,108.22544999973616,118.06353631561107,one shared preloaded model
conv-47-qa-32,bounded_rag,0.6476863157953822,4.5922999997856095,66.60017499962123,71.84016131520222,one shared preloaded model
conv-47-qa-33,bounded_rag,0.6476863157953822,8.568499993998557,66.60017499962123,75.81636130941517,one shared preloaded model
conv-47-qa-34,bounded_rag,0.6476863157953822,8.420899990596808,66.60017499962123,75.66876130601342,one shared preloaded model
conv-47-qa-35,bounded_rag,0.6476863157953822,8.452199996099807,66.60017499962123,75.70006131151642,one shared preloaded model
conv-47-qa-36,bounded_rag,0.6476863157953822,4.945199994836003,145.20545000050333,150.7983363111347,one shared preloaded model
conv-47-qa-37,bounded_rag,0.6476863157953822,5.849799999850802,145.20545000050333,151.7029363161495,one shared preloaded model
conv-47-qa-38,bounded_rag,0.6476863157953822,4.3926000071223825,145.20545000050333,150.24573632342108,one shared preloaded model
conv-47-qa-39,bounded_rag,0.6476863157953822,4.318000006605871,145.20545000050333,150.17113632290457,one shared preloaded model
conv-47-qa-40,bounded_rag,0.6476863157953822,4.423899998073466,146.6097999982594,151.68138631212824,one shared preloaded model
conv-47-qa-41,bounded_rag,0.6476863157953822,5.0436000019544736,146.6097999982594,152.30108631600925,one shared preloaded model
conv-47-qa-42,bounded_rag,0.6476863157953822,8.925700007239357,146.6097999982594,156.18318632129416,one shared preloaded model
conv-47-qa-43,bounded_rag,0.6476863157953822,7.999200010090135,146.6097999982594,155.25668632414494,one shared preloaded model
conv-47-qa-44,bounded_rag,0.6476863157953822,4.677000004448928,173.81867499716463,179.14336131740893,one shared preloaded model
conv-47-qa-45,bounded_rag,0.6476863157953822,7.809000002453104,173.81867499716463,182.27536131541314,one shared preloaded model
conv-47-qa-46,bounded_rag,0.6476863157953822,7.810900002368726,173.81867499716463,182.27726131532876,one shared preloaded model
conv-47-qa-47,bounded_rag,0.6476863157953822,7.954499989864416,173.81867499716463,182.42086130282445,one shared preloaded model
conv-47-qa-48,bounded_rag,0.6476863157953822,4.705999992438592,137.3382749989105,142.69196130714445,one shared preloaded model
conv-47-qa-49,bounded_rag,0.6476863157953822,7.868400003644638,137.3382749989105,145.85436131835053,one shared preloaded model
conv-47-qa-50,bounded_rag,0.6476863157953822,7.924800011096522,137.3382749989105,145.9107613258024,one shared preloaded model
conv-47-qa-51,bounded_rag,0.6476863157953822,8.0650999880163,137.3382749989105,146.0510613027222,one shared preloaded model
conv-47-qa-52,bounded_rag,0.6476863157953822,4.645299995900132,146.4157750015147,151.7087613132102,one shared preloaded model
conv-47-qa-53,bounded_rag,0.6476863157953822,8.173499998520128,146.4157750015147,155.23696131583023,one shared preloaded model
conv-47-qa-54,bounded_rag,0.6476863157953822,7.90660000347998,146.4157750015147,154.97006132079008,one shared preloaded model
conv-47-qa-55,bounded_rag,0.6476863157953822,6.28060000599362,146.4157750015147,153.3440613233037,one shared preloaded model
conv-47-qa-56,bounded_rag,0.6476863157953822,5.0466999964555725,140.14590000078897,145.8402863130399,one shared preloaded model
conv-47-qa-57,bounded_rag,0.6476863157953822,7.319600001210347,140.14590000078897,148.11318631779469,one shared preloaded model
conv-47-qa-58,bounded_rag,0.6476863157953822,8.093600001302548,140.14590000078897,148.88718631788691,one shared preloaded model
conv-47-qa-59,bounded_rag,0.6476863157953822,7.899000003817491,140.14590000078897,148.69258632040186,one shared preloaded model
conv-47-qa-60,bounded_rag,0.6476863157953822,4.394700008560903,71.37959999818122,76.4219863225375,one shared preloaded model
conv-47-qa-61,bounded_rag,0.6476863157953822,8.03240000095684,71.37959999818122,80.05968631493344,one shared preloaded model
conv-47-qa-62,bounded_rag,0.6476863157953822,8.185400001821108,71.37959999818122,80.21268631579771,one shared preloaded model
conv-47-qa-63,bounded_rag,0.6476863157953822,10.112899995874614,71.37959999818122,82.14018630985122,one shared preloaded model
conv-47-qa-64,bounded_rag,0.6476863157953822,4.3886000057682395,136.83540000056382,141.87168632212743,one shared preloaded model
conv-47-qa-65,bounded_rag,0.6476863157953822,3.8526999996975064,136.83540000056382,141.3357863160567,one shared preloaded model
conv-47-qa-66,bounded_rag,0.6476863157953822,5.939299997407943,136.83540000056382,143.42238631376713,one shared preloaded model
conv-47-qa-67,bounded_rag,0.6476863157953822,4.214700005832128,136.83540000056382,141.69778632219132,one shared preloaded model
conv-47-qa-68,bounded_rag,0.6476863157953822,4.4658000115305185,288.5145000000193,293.62798632734524,one shared preloaded model
conv-47-qa-69,bounded_rag,0.6476863157953822,3.789499998674728,288.5145000000193,292.95168631448945,one shared preloaded model
conv-47-qa-70,bounded_rag,0.6476863157953822,3.710400007548742,288.5145000000193,292.87258632336346,one shared preloaded model
conv-47-qa-71,bounded_rag,0.6476863157953822,3.791999988607131,288.5145000000193,292.95418630442185,one shared preloaded model
conv-47-qa-72,bounded_rag,0.6476863157953822,4.88779999432154,68.28485000005458,73.8203363101715,one shared preloaded model
conv-47-qa-73,bounded_rag,0.6476863157953822,8.275200001662597,68.28485000005458,77.20773631751256,one shared preloaded model
conv-47-qa-74,bounded_rag,0.6476863157953822,8.009400000446476,68.28485000005458,76.94193631629643,one shared preloaded model
conv-47-qa-75,bounded_rag,0.6476863157953822,6.037900006049313,68.28485000005458,74.97043632189927,one shared preloaded model
conv-47-qa-76,bounded_rag,0.6476863157953822,4.317099999752827,70.88184999884106,75.84663631438927,one shared preloaded model
conv-47-qa-77,bounded_rag,0.6476863157953822,4.497100002481602,70.88184999884106,76.02663631711805,one shared preloaded model
conv-47-qa-78,bounded_rag,0.6476863157953822,3.858399999444373,70.88184999884106,75.38793631408082,one shared preloaded model
conv-47-qa-79,bounded_rag,0.6476863157953822,3.764599998248741,70.88184999884106,75.29413631288519,one shared preloaded model
conv-47-qa-80,bounded_rag,0.6476863157953822,4.983099992386997,75.0530000004801,80.68378630866248,one shared preloaded model
conv-47-qa-81,bounded_rag,0.6476863157953822,3.8300999876810238,75.0530000004801,79.5307863039565,one shared preloaded model
conv-47-qa-82,bounded_rag,0.6476863157953822,3.7200999940978363,75.0530000004801,79.42078631037332,one shared preloaded model
conv-47-qa-83,bounded_rag,0.6476863157953822,3.7897000001976267,75.0530000004801,79.4903863164731,one shared preloaded model
conv-47-qa-84,bounded_rag,0.6476863157953822,4.939800011925399,66.78657500015106,72.37406132787184,one shared preloaded model
conv-47-qa-85,bounded_rag,0.6476863157953822,3.8247999909799546,66.78657500015106,71.2590613069264,one shared preloaded model
conv-47-qa-86,bounded_rag,0.6476863157953822,3.790100003243424,66.78657500015106,71.22436131918987,one shared preloaded model
conv-47-qa-87,bounded_rag,0.6476863157953822,4.113200004212558,66.78657500015106,71.547461320159,one shared preloaded model
conv-47-qa-88,bounded_rag,0.6476863157953822,4.407900007208809,108.10657500041998,113.16216132342417,one shared preloaded model
conv-47-qa-89,bounded_rag,0.6476863157953822,4.830000005313195,108.10657500041998,113.58426132152856,one shared preloaded model
conv-47-qa-90,bounded_rag,0.6476863157953822,4.7848999965935946,108.10657500041998,113.53916131280896,one shared preloaded model
conv-47-qa-91,bounded_rag,0.6476863157953822,4.271300000254996,108.10657500041998,113.02556131647036,one shared preloaded model
conv-47-qa-92,bounded_rag,0.6476863157953822,5.0795999995898455,69.74740000077873,75.47468631616395,one shared preloaded model
conv-47-qa-93,bounded_rag,0.6476863157953822,4.203800010145642,69.74740000077873,74.59888632671975,one shared preloaded model
conv-47-qa-94,bounded_rag,0.6476863157953822,4.5015000068815425,69.74740000077873,74.89658632345565,one shared preloaded model
conv-47-qa-95,bounded_rag,0.6476863157953822,4.535700005362742,69.74740000077873,74.93078632193685,one shared preloaded model
conv-47-qa-96,bounded_rag,0.6476863157953822,4.726899991510436,238.73247500159778,244.10706130890358,one shared preloaded model
conv-47-qa-97,bounded_rag,0.6476863157953822,4.738700008601882,238.73247500159778,244.11886132599503,one shared preloaded model
conv-47-qa-98,bounded_rag,0.6476863157953822,4.666499997256324,238.73247500159778,244.04666131464947,one shared preloaded model
conv-47-qa-99,bounded_rag,0.6476863157953822,4.692200003773905,238.73247500159778,244.07236132116705,one shared preloaded model
conv-47-qa-100,bounded_rag,0.6476863157953822,4.661700004362501,70.92520000151126,76.23458632166914,one shared preloaded model
conv-47-qa-101,bounded_rag,0.6476863157953822,4.8540999996475875,70.92520000151126,76.42698631695423,one shared preloaded model
conv-47-qa-102,bounded_rag,0.6476863157953822,3.8698999996995553,70.92520000151126,75.4427863170062,one shared preloaded model
conv-47-qa-103,bounded_rag,0.6476863157953822,3.899300005286932,70.92520000151126,75.47218632259357,one shared preloaded model
conv-47-qa-104,bounded_rag,0.6476863157953822,4.509699996560812,72.70937499924912,77.86676131160532,one shared preloaded model
conv-47-qa-105,bounded_rag,0.6476863157953822,8.711899994523264,72.70937499924912,82.06896130956777,one shared preloaded model
conv-47-qa-106,bounded_rag,0.6476863157953822,7.608400002936833,72.70937499924912,80.96546131798134,one shared preloaded model
conv-47-qa-107,bounded_rag,0.6476863157953822,7.359099996392615,72.70937499924912,80.71616131143712,one shared preloaded model
conv-47-qa-108,bounded_rag,0.6476863157953822,4.560999994282611,210.9553500013135,216.16403631139147,one shared preloaded model
conv-47-qa-109,bounded_rag,0.6476863157953822,8.26729999971576,210.9553500013135,219.87033631682465,one shared preloaded model
conv-47-qa-110,bounded_rag,0.6476863157953822,7.5963999988744035,210.9553500013135,219.1994363159833,one shared preloaded model
conv-47-qa-111,bounded_rag,0.6476863157953822,8.561800001189113,210.9553500013135,220.164836318298,one shared preloaded model
conv-47-qa-112,bounded_rag,0.6476863157953822,4.871000011917204,109.25032500017551,114.7690113278881,one shared preloaded model
conv-47-qa-113,bounded_rag,0.6476863157953822,3.9400999958161265,109.25032500017551,113.83811131178702,one shared preloaded model
conv-47-qa-114,bounded_rag,0.6476863157953822,3.902399999788031,109.25032500017551,113.80041131575892,one shared preloaded model
conv-47-qa-115,bounded_rag,0.6476863157953822,3.9675000007264316,109.25032500017551,113.86551131669732,one shared preloaded model
conv-47-qa-116,bounded_rag,0.6476863157953822,4.541900008916855,144.79292500254815,149.98251132726037,one shared preloaded model
conv-47-qa-117,bounded_rag,0.6476863157953822,8.323200003360398,144.79292500254815,153.76381132170394,one shared preloaded model
conv-47-qa-118,bounded_rag,0.6476863157953822,7.576899995910935,144.79292500254815,153.01751131425448,one shared preloaded model
conv-47-qa-119,bounded_rag,0.6476863157953822,7.443700000294484,144.79292500254815,152.88431131863803,one shared preloaded model
conv-47-qa-120,bounded_rag,0.6476863157953822,4.3329000036465,68.99639999755891,73.9769863170008,one shared preloaded model
conv-47-qa-121,bounded_rag,0.6476863157953822,7.4222000112058595,68.99639999755891,77.06628632456015,one shared preloaded model
conv-47-qa-122,bounded_rag,0.6476863157953822,7.689599995501339,68.99639999755891,77.33368630885563,one shared preloaded model
conv-47-qa-123,bounded_rag,0.6476863157953822,8.041699999012053,68.99639999755891,77.68578631236635,one shared preloaded model
conv-47-qa-124,bounded_rag,0.6476863157953822,4.562800007988699,151.91877499819384,157.1292613219779,one shared preloaded model
conv-47-qa-125,bounded_rag,0.6476863157953822,4.345199995441362,151.91877499819384,156.91166130943057,one shared preloaded model
conv-47-qa-126,bounded_rag,0.6476863157953822,4.98340000922326,151.91877499819384,157.54986132321247,one shared preloaded model
conv-47-qa-127,bounded_rag,0.6476863157953822,4.08179999794811,151.91877499819384,156.64826131193732,one shared preloaded model
conv-47-qa-128,bounded_rag,0.6476863157953822,4.714499998954125,145.3777499991702,150.73993631391969,one shared preloaded model
conv-47-qa-129,bounded_rag,0.6476863157953822,7.800499995937571,145.3777499991702,153.82593631090316,one shared preloaded model
conv-47-qa-130,bounded_rag,0.6476863157953822,8.261999988462776,145.3777499991702,154.28743630342836,one shared preloaded model
conv-47-qa-131,bounded_rag,0.6476863157953822,8.051699987845495,145.3777499991702,154.07713630281108,one shared preloaded model
conv-47-qa-132,bounded_rag,0.6476863157953822,4.735299997264519,140.02590000018245,145.40888631324233,one shared preloaded model
conv-47-qa-133,bounded_rag,0.6476863157953822,7.801799991284497,140.02590000018245,148.47538630726234,one shared preloaded model
conv-47-qa-134,bounded_rag,0.6476863157953822,7.6471000065794215,140.02590000018245,148.32068632255726,one shared preloaded model
conv-47-qa-135,bounded_rag,0.6476863157953822,8.644000001368113,140.02590000018245,149.31758631734596,one shared preloaded model
conv-47-qa-136,bounded_rag,0.6476863157953822,4.937300007441081,76.57592499890598,82.16091132214244,one shared preloaded model
conv-47-qa-137,bounded_rag,0.6476863157953822,8.251899998867884,76.57592499890598,85.47551131356924,one shared preloaded model
conv-47-qa-138,bounded_rag,0.6476863157953822,7.855799995013513,76.57592499890598,85.07941130971487,one shared preloaded model
conv-47-qa-139,bounded_rag,0.6476863157953822,7.841300001018681,76.57592499890598,85.06491131572004,one shared preloaded model
conv-47-qa-140,bounded_rag,0.6476863157953822,4.654499993193895,79.80750000206172,85.109686311051,one shared preloaded model
conv-47-qa-141,bounded_rag,0.6476863157953822,4.322500011767261,79.80750000206172,84.77768632962436,one shared preloaded model
conv-47-qa-142,bounded_rag,0.6476863157953822,3.975600004196167,79.80750000206172,84.43078632205327,one shared preloaded model
conv-47-qa-143,bounded_rag,0.6476863157953822,3.860600001644343,79.80750000206172,84.31578631950144,one shared preloaded model
conv-47-qa-144,bounded_rag,0.6476863157953822,4.685699997935444,181.94232500172802,187.27571131545884,one shared preloaded model
conv-47-qa-145,bounded_rag,0.6476863157953822,5.017900009988807,181.94232500172802,187.6079113275122,one shared preloaded model
conv-47-qa-146,bounded_rag,0.6476863157953822,7.344700003159232,181.94232500172802,189.93471132068262,one shared preloaded model
conv-47-qa-147,bounded_rag,0.6476863157953822,7.850099995266646,181.94232500172802,190.44011131279007,one shared preloaded model
conv-47-qa-148,bounded_rag,0.6476863157953822,5.1115999958710745,119.74592500337167,125.50521131503812,one shared preloaded model
conv-47-qa-149,bounded_rag,0.6476863157953822,7.6951000082772225,119.74592500337167,128.0887113274443,one shared preloaded model
conv-47-qa-150,bounded_rag,0.6476863157953822,7.776600003126077,119.74592500337167,128.17021132229314,one shared preloaded model
conv-47-qa-151,bounded_rag,0.6476863157953822,7.842599996365607,119.74592500337167,128.23621131553267,one shared preloaded model
conv-47-qa-152,bounded_rag,0.6476863157953822,4.5956999965710565,106.51345000223955,111.75683631460599,one shared preloaded model
conv-47-qa-153,bounded_rag,0.6476863157953822,7.629100000485778,106.51345000223955,114.79023631852071,one shared preloaded model
conv-47-qa-154,bounded_rag,0.6476863157953822,7.443900001817383,106.51345000223955,114.60503631985232,one shared preloaded model
conv-47-qa-155,bounded_rag,0.6476863157953822,8.298699991428293,106.51345000223955,115.45983630946323,one shared preloaded model
conv-47-qa-156,bounded_rag,0.6476863157953822,4.806799988728017,67.30027500088909,72.75476130541249,one shared preloaded model
conv-47-qa-157,bounded_rag,0.6476863157953822,9.683500000392087,67.30027500088909,77.63146131707656,one shared preloaded model
conv-47-qa-158,bounded_rag,0.6476863157953822,9.153799997875467,67.30027500088909,77.10176131455994,one shared preloaded model
conv-47-qa-159,bounded_rag,0.6476863157953822,8.349399999133311,67.30027500088909,76.29736131581778,one shared preloaded model
conv-47-qa-160,bounded_rag,0.6476863157953822,4.391000009491108,88.6558000020159,93.69448632730239,one shared preloaded model
conv-47-qa-161,bounded_rag,0.6476863157953822,4.7630000044591725,88.6558000020159,94.06648632227045,one shared preloaded model
conv-47-qa-162,bounded_rag,0.6476863157953822,8.82160000037402,88.6558000020159,98.1250863181853,one shared preloaded model
conv-47-qa-163,bounded_rag,0.6476863157953822,7.98439999925904,88.6558000020159,97.28788631707032,one shared preloaded model
conv-47-qa-164,bounded_rag,0.6476863157953822,4.877600003965199,70.62542499988922,76.1507113196498,one shared preloaded model
conv-47-qa-165,bounded_rag,0.6476863157953822,7.934099994599819,70.62542499988922,79.20721131028442,one shared preloaded model
conv-47-qa-166,bounded_rag,0.6476863157953822,7.429400007822551,70.62542499988922,78.70251132350715,one shared preloaded model
conv-47-qa-167,bounded_rag,0.6476863157953822,8.019800006877631,70.62542499988922,79.29291132256223,one shared preloaded model
conv-47-qa-168,bounded_rag,0.6476863157953822,4.367999994428828,71.27702499929,76.29271130951422,one shared preloaded model
conv-47-qa-169,bounded_rag,0.6476863157953822,4.313899989938363,71.27702499929,76.23861130502375,one shared preloaded model
conv-47-qa-170,bounded_rag,0.6476863157953822,4.4821999908890575,71.27702499929,76.40691130597445,one shared preloaded model
conv-47-qa-171,bounded_rag,0.6476863157953822,4.6689000009791926,71.27702499929,76.59361131606458,one shared preloaded model
conv-47-qa-172,bounded_rag,0.6476863157953822,4.696099989814684,75.99679999839282,81.34058630400288,one shared preloaded model
conv-47-qa-173,bounded_rag,0.6476863157953822,4.01879999844823,75.99679999839282,80.66328631263643,one shared preloaded model
conv-47-qa-174,bounded_rag,0.6476863157953822,3.689599994686432,75.99679999839282,80.33408630887463,one shared preloaded model
conv-47-qa-175,bounded_rag,0.6476863157953822,3.9973999955691397,75.99679999839282,80.64188630975734,one shared preloaded model
conv-47-qa-176,bounded_rag,0.6476863157953822,4.6965999936219305,189.58857500183512,194.93286131125242,one shared preloaded model
conv-47-qa-177,bounded_rag,0.6476863157953822,8.283899995149113,189.58857500183512,198.52016131277963,one shared preloaded model
conv-47-qa-178,bounded_rag,0.6476863157953822,7.670499995583668,189.58857500183512,197.9067613132142,one shared preloaded model
conv-47-qa-179,bounded_rag,0.6476863157953822,7.995899999514222,189.58857500183512,198.23216131714474,one shared preloaded model
conv-47-qa-180,bounded_rag,0.6476863157953822,4.810200000065379,90.49602500090259,95.95391131676335,one shared preloaded model
conv-47-qa-181,bounded_rag,0.6476863157953822,7.652600004803389,90.49602500090259,98.79631132150136,one shared preloaded model
conv-47-qa-182,bounded_rag,0.6476863157953822,7.983999996213242,90.49602500090259,99.12771131291122,one shared preloaded model
conv-47-qa-183,bounded_rag,0.6476863157953822,7.757800005492754,90.49602500090259,98.90151132219073,one shared preloaded model
conv-47-qa-184,bounded_rag,0.6476863157953822,5.074299988336861,184.99374999737483,190.71573630150706,one shared preloaded model
conv-47-qa-185,bounded_rag,0.6476863157953822,4.465999998501502,184.99374999737483,190.1074363116717,one shared preloaded model
conv-47-qa-186,bounded_rag,0.6476863157953822,4.614200006471947,184.99374999737483,190.25563631964215,one shared preloaded model
conv-47-qa-187,bounded_rag,0.6476863157953822,4.344999993918464,184.99374999737483,189.98643630708867,one shared preloaded model
conv-47-qa-188,bounded_rag,0.6476863157953822,4.6928999945521355,138.16619999852264,143.50678630887015,one shared preloaded model
conv-47-qa-189,bounded_rag,0.6476863157953822,7.246699999086559,138.16619999852264,146.06058631340457,one shared preloaded model
conv-48-qa-0,bounded_rag,0.5013523012653937,8.685099994181655,142.98847499958356,152.1749272950306,one shared preloaded model
conv-48-qa-1,bounded_rag,0.5013523012653937,7.796999998390675,142.98847499958356,151.28682729923963,one shared preloaded model
conv-48-qa-2,bounded_rag,0.5013523012653937,7.483600013074465,142.98847499958356,150.97342731392342,one shared preloaded model
conv-48-qa-3,bounded_rag,0.5013523012653937,7.3521000012988225,142.98847499958356,150.84192730214778,one shared preloaded model
conv-48-qa-4,bounded_rag,0.5013523012653937,4.604400004609488,71.99564999973518,77.10140230561007,one shared preloaded model
conv-48-qa-5,bounded_rag,0.5013523012653937,3.9560000004712492,71.99564999973518,76.45300230147183,one shared preloaded model
conv-48-qa-6,bounded_rag,0.5013523012653937,4.852099998970516,71.99564999973518,77.3491022999711,one shared preloaded model
conv-48-qa-7,bounded_rag,0.5013523012653937,6.2679999973624945,71.99564999973518,78.76500229836307,one shared preloaded model
conv-48-qa-8,bounded_rag,0.5013523012653937,5.44340000487864,88.68900000015856,94.6337523063026,one shared preloaded model
conv-48-qa-9,bounded_rag,0.5013523012653937,3.7033000116935,88.68900000015856,92.89365231311746,one shared preloaded model
conv-48-qa-10,bounded_rag,0.5013523012653937,3.9351000013994053,88.68900000015856,93.12545230282336,one shared preloaded model
conv-48-qa-11,bounded_rag,0.5013523012653937,4.393299997900613,88.68900000015856,93.58365229932457,one shared preloaded model
conv-48-qa-12,bounded_rag,0.5013523012653937,4.499000002397224,169.36564999923576,174.36600230289838,one shared preloaded model
conv-48-qa-13,bounded_rag,0.5013523012653937,4.26560000050813,169.36564999923576,174.13260230100929,one shared preloaded model
conv-48-qa-14,bounded_rag,0.5013523012653937,4.950400005327538,169.36564999923576,174.8174023058287,one shared preloaded model
conv-48-qa-15,bounded_rag,0.5013523012653937,3.8809999969089404,169.36564999923576,173.7480022974101,one shared preloaded model
conv-48-qa-16,bounded_rag,0.5013523012653937,4.506900004344061,102.41810000297846,107.42635230858792,one shared preloaded model
conv-48-qa-17,bounded_rag,0.5013523012653937,7.801999992807396,102.41810000297846,110.72145229705126,one shared preloaded model
conv-48-qa-18,bounded_rag,0.5013523012653937,7.721700007095933,102.41810000297846,110.6411523113398,one shared preloaded model
conv-48-qa-19,bounded_rag,0.5013523012653937,7.659399998374283,102.41810000297846,110.57885230261815,one shared preloaded model
conv-48-qa-20,bounded_rag,0.5013523012653937,4.615800004103221,79.79707499907818,84.9142273044468,one shared preloaded model
conv-48-qa-21,bounded_rag,0.5013523012653937,4.085799999302253,79.79707499907818,84.38422729964583,one shared preloaded model
conv-48-qa-22,bounded_rag,0.5013523012653937,4.367700006696396,79.79707499907818,84.66612730703997,one shared preloaded model
conv-48-qa-23,bounded_rag,0.5013523012653937,4.752000008011237,79.79707499907818,85.05042730835481,one shared preloaded model
conv-48-qa-24,bounded_rag,0.5013523012653937,4.398299992317334,101.1377499999071,106.03740229348983,one shared preloaded model
conv-48-qa-25,bounded_rag,0.5013523012653937,7.03169999178499,101.1377499999071,108.67080229295749,one shared preloaded model
conv-48-qa-26,bounded_rag,0.5013523012653937,7.847800006857142,101.1377499999071,109.48690230802964,one shared preloaded model
conv-48-qa-27,bounded_rag,0.5013523012653937,7.420199995976873,101.1377499999071,109.05930229714937,one shared preloaded model
conv-48-qa-28,bounded_rag,0.5013523012653937,4.6713999909115955,100.02047500165645,105.19322729383344,one shared preloaded model
conv-48-qa-29,bounded_rag,0.5013523012653937,8.403899992117658,100.02047500165645,108.92572729503951,one shared preloaded model
conv-48-qa-30,bounded_rag,0.5013523012653937,7.795600002282299,100.02047500165645,108.31742730520415,one shared preloaded model
conv-48-qa-31,bounded_rag,0.5013523012653937,7.46209999488201,100.02047500165645,107.98392729780386,one shared preloaded model
conv-48-qa-32,bounded_rag,0.5013523012653937,5.223200001637451,69.49812499806285,75.2226773009657,one shared preloaded model
conv-48-qa-33,bounded_rag,0.5013523012653937,7.523500011302531,69.49812499806285,77.52297731063078,one shared preloaded model
conv-48-qa-34,bounded_rag,0.5013523012653937,4.0311999910045415,69.49812499806285,74.03067729033279,one shared preloaded model
conv-48-qa-35,bounded_rag,0.5013523012653937,4.453100002137944,69.49812499806285,74.45257730146619,one shared preloaded model
conv-48-qa-36,bounded_rag,0.5013523012653937,4.67969999590423,109.64497500026482,114.82602729743445,one shared preloaded model
conv-48-qa-37,bounded_rag,0.5013523012653937,7.776800004648976,109.64497500026482,117.9231273061792,one shared preloaded model
conv-48-qa-38,bounded_rag,0.5013523012653937,7.340399999520741,109.64497500026482,117.48672730105096,one shared preloaded model
conv-48-qa-39,bounded_rag,0.5013523012653937,7.765200003632344,109.64497500026482,117.91152730516256,one shared preloaded model
conv-48-qa-40,bounded_rag,0.5013523012653937,4.984400002285838,142.75297499989392,148.23872730344516,one shared preloaded model
conv-48-qa-41,bounded_rag,0.5013523012653937,3.934600012144074,142.75297499989392,147.1889273133034,one shared preloaded model
conv-48-qa-42,bounded_rag,0.5013523012653937,3.8702000019839033,142.75297499989392,147.12452730314322,one shared preloaded model
conv-48-qa-43,bounded_rag,0.5013523012653937,3.8299000007100403,142.75297499989392,147.08422730186936,one shared preloaded model
conv-48-qa-44,bounded_rag,0.5013523012653937,4.510400001890957,71.67855000079726,76.69030230395362,one shared preloaded model
conv-48-qa-45,bounded_rag,0.5013523012653937,7.90360000974033,71.67855000079726,80.08350231180299,one shared preloaded model
conv-48-qa-46,bounded_rag,0.5013523012653937,8.017899992410094,71.67855000079726,80.19780229447275,one shared preloaded model
conv-48-qa-47,bounded_rag,0.5013523012653937,7.46360000630375,71.67855000079726,79.64350230836641,one shared preloaded model
conv-48-qa-48,bounded_rag,0.5013523012653937,4.768999991938472,157.85514999879524,163.1255022919991,one shared preloaded model
conv-48-qa-49,bounded_rag,0.5013523012653937,8.559699999750592,157.85514999879524,166.91620229981123,one shared preloaded model
conv-48-qa-50,bounded_rag,0.5013523012653937,8.089100010693073,157.85514999879524,166.4456023107537,one shared preloaded model
conv-48-qa-51,bounded_rag,0.5013523012653937,7.695899999816902,157.85514999879524,166.05240229987754,one shared preloaded model
conv-48-qa-52,bounded_rag,0.5013523012653937,4.6104000066407025,94.98235000137356,100.09410230927966,one shared preloaded model
conv-48-qa-53,bounded_rag,0.5013523012653937,8.521900002961047,94.98235000137356,104.00560230560001,one shared preloaded model
conv-48-qa-54,bounded_rag,0.5013523012653937,8.355099998880178,94.98235000137356,103.83880230151914,one shared preloaded model
conv-48-qa-55,bounded_rag,0.5013523012653937,8.17020000249613,94.98235000137356,103.65390230513509,one shared preloaded model
conv-48-qa-56,bounded_rag,0.5013523012653937,5.32339999335818,101.10060000079102,106.9253522954146,one shared preloaded model
conv-48-qa-57,bounded_rag,0.5013523012653937,3.9084000018192455,101.10060000079102,105.51035230387566,one shared preloaded model
conv-48-qa-58,bounded_rag,0.5013523012653937,4.9260999949183315,101.10060000079102,106.52805229697475,one shared preloaded model
conv-48-qa-59,bounded_rag,0.5013523012653937,4.766199999721721,101.10060000079102,106.36815230177814,one shared preloaded model
conv-48-qa-60,bounded_rag,0.5013523012653937,4.857699997955933,117.35027499889839,122.70932729811972,one shared preloaded model
conv-48-qa-61,bounded_rag,0.5013523012653937,3.8552000041818246,117.35027499889839,121.70682730434561,one shared preloaded model
conv-48-qa-62,bounded_rag,0.5013523012653937,6.2692000064998865,117.35027499889839,124.12082730666367,one shared preloaded model
conv-48-qa-63,bounded_rag,0.5013523012653937,5.66199999593664,117.35027499889839,123.51362729610042,one shared preloaded model
conv-48-qa-64,bounded_rag,0.5013523012653937,4.6202999947126955,70.70204999763519,75.82370229361328,one shared preloaded model
conv-48-qa-65,bounded_rag,0.5013523012653937,8.59909999417141,70.70204999763519,79.802502293072,one shared preloaded model
conv-48-qa-66,bounded_rag,0.5013523012653937,4.4575000065378845,70.70204999763519,75.66090230543847,one shared preloaded model
conv-48-qa-67,bounded_rag,0.5013523012653937,3.8721000018995255,70.70204999763519,75.07550230080011,one shared preloaded model
conv-48-qa-68,bounded_rag,0.5013523012653937,4.432699992321432,151.24817499963683,156.18222729322366,one shared preloaded model
conv-48-qa-69,bounded_rag,0.5013523012653937,3.7351000064518303,151.24817499963683,155.48462730735406,one shared preloaded model
conv-48-qa-70,bounded_rag,0.5013523012653937,5.343999990145676,151.24817499963683,157.0935272910479,one shared preloaded model
conv-48-qa-71,bounded_rag,0.5013523012653937,4.727200008346699,151.24817499963683,156.47672730924893,one shared preloaded model
conv-48-qa-72,bounded_rag,0.5013523012653937,5.071200008387677,143.74027499798103,149.3128273076341,one shared preloaded model
conv-48-qa-73,bounded_rag,0.5013523012653937,4.410099994856864,143.74027499798103,148.6517272941033,one shared preloaded model
conv-48-qa-74,bounded_rag,0.5013523012653937,5.168699994101189,143.74027499798103,149.41032729334762,one shared preloaded model
conv-48-qa-75,bounded_rag,0.5013523012653937,4.701599988038652,143.74027499798103,148.94322728728508,one shared preloaded model
conv-48-qa-76,bounded_rag,0.5013523012653937,4.7916000039549544,150.13924999948358,155.43220230470394,one shared preloaded model
conv-48-qa-77,bounded_rag,0.5013523012653937,7.975999993504956,150.13924999948358,158.61660229425394,one shared preloaded model
conv-48-qa-78,bounded_rag,0.5013523012653937,7.730299999821,150.13924999948358,158.37090230056998,one shared preloaded model
conv-48-qa-79,bounded_rag,0.5013523012653937,7.719600005657412,150.13924999948358,158.3602023064064,one shared preloaded model
conv-48-qa-80,bounded_rag,0.5013523012653937,4.5033999922452495,124.6910250010842,129.69577729459485,one shared preloaded model
conv-48-qa-81,bounded_rag,0.5013523012653937,8.160900004440919,124.6910250010842,133.35327730679052,one shared preloaded model
conv-48-qa-82,bounded_rag,0.5013523012653937,8.021899993764237,124.6910250010842,133.21427729611383,one shared preloaded model
conv-48-qa-83,bounded_rag,0.5013523012653937,8.257199995568953,124.6910250010842,133.44957729791855,one shared preloaded model
conv-48-qa-84,bounded_rag,0.5013523012653937,5.355000001145527,71.81777500227327,77.67412730468419,one shared preloaded model
conv-48-qa-85,bounded_rag,0.5013523012653937,4.003299996838905,71.81777500227327,76.32242730037757,one shared preloaded model
conv-48-qa-86,bounded_rag,0.5013523012653937,3.7235999916447327,71.81777500227327,76.0427272951834,one shared preloaded model
conv-48-qa-87,bounded_rag,0.5013523012653937,3.8173999928403646,71.81777500227327,76.13652729637903,one shared preloaded model
conv-48-qa-88,bounded_rag,0.5013523012653937,4.694500006735325,83.57252499990864,88.76837730790936,one shared preloaded model
conv-48-qa-89,bounded_rag,0.5013523012653937,4.653700001654215,83.57252499990864,88.72757730282825,one shared preloaded model
conv-48-qa-90,bounded_rag,0.5013523012653937,5.122300004586577,83.57252499990864,89.19617730576061,one shared preloaded model
conv-48-qa-91,bounded_rag,0.5013523012653937,7.107700002961792,83.57252499990864,91.18157730413583,one shared preloaded model
conv-48-qa-92,bounded_rag,0.5013523012653937,4.62110000080429,102.00895000161836,107.13140230368805,one shared preloaded model
conv-48-qa-93,bounded_rag,0.5013523012653937,8.064599998760968,102.00895000161836,110.57490230164473,one shared preloaded model
conv-48-qa-94,bounded_rag,0.5013523012653937,7.919299998320639,102.00895000161836,110.4296023012044,one shared preloaded model
conv-48-qa-95,bounded_rag,0.5013523012653937,8.628800002043135,102.00895000161836,111.1391023049269,one shared preloaded model
conv-48-qa-96,bounded_rag,0.5013523012653937,5.371799998101778,138.57502500104601,144.4481773004132,one shared preloaded model
conv-48-qa-97,bounded_rag,0.5013523012653937,4.632399999536574,138.57502500104601,143.708777301848,one shared preloaded model
conv-48-qa-98,bounded_rag,0.5013523012653937,4.589399992255494,138.57502500104601,143.6657772945669,one shared preloaded model
conv-48-qa-99,bounded_rag,0.5013523012653937,4.815699998289347,138.57502500104601,143.89207730060076,one shared preloaded model
conv-48-qa-100,bounded_rag,0.5013523012653937,5.050299994763918,71.84735000191722,77.39900229794654,one shared preloaded model
conv-48-qa-101,bounded_rag,0.5013523012653937,4.772799991769716,71.84735000191722,77.12150229495234,one shared preloaded model
conv-48-qa-102,bounded_rag,0.5013523012653937,5.310200009262189,71.84735000191722,77.65890231244481,one shared preloaded model
conv-48-qa-103,bounded_rag,0.5013523012653937,8.00649999291636,71.84735000191722,80.35520229609898,one shared preloaded model
conv-48-qa-104,bounded_rag,0.5013523012653937,4.829200013773516,71.59537500047009,76.925927315509,one shared preloaded model
conv-48-qa-105,bounded_rag,0.5013523012653937,5.564799997955561,71.59537500047009,77.66152729969104,one shared preloaded model
conv-48-qa-106,bounded_rag,0.5013523012653937,8.488999999826774,71.59537500047009,80.58572730156226,one shared preloaded model
conv-48-qa-107,bounded_rag,0.5013523012653937,8.223999990150332,71.59537500047009,80.32072729188582,one shared preloaded model
conv-48-qa-108,bounded_rag,0.5013523012653937,4.878799998550676,75.26992500061169,80.65007730042777,one shared preloaded model
conv-48-qa-109,bounded_rag,0.5013523012653937,4.887599992798641,75.26992500061169,80.65887729467573,one shared preloaded model
conv-48-qa-110,bounded_rag,0.5013523012653937,8.707699991646223,75.26992500061169,84.47897729352331,one shared preloaded model
conv-48-qa-111,bounded_rag,0.5013523012653937,8.428400004049763,75.26992500061169,84.19967730592685,one shared preloaded model
conv-48-qa-112,bounded_rag,0.5013523012653937,4.273800004739314,141.1484250020294,145.9235773080341,one shared preloaded model
conv-48-qa-113,bounded_rag,0.5013523012653937,4.01879999844823,141.1484250020294,145.66857730174303,one shared preloaded model
conv-48-qa-114,bounded_rag,0.5013523012653937,3.717200001119636,141.1484250020294,145.36697730441443,one shared preloaded model
conv-48-qa-115,bounded_rag,0.5013523012653937,4.117500007851049,141.1484250020294,145.76727731114585,one shared preloaded model
conv-48-qa-116,bounded_rag,0.5013523012653937,6.3667000067653134,144.1992250001931,151.06727730822382,one shared preloaded model
conv-48-qa-117,bounded_rag,0.5013523012653937,5.201600011787377,144.1992250001931,149.9021773132459,one shared preloaded model
conv-48-qa-118,bounded_rag,0.5013523012653937,4.572100006043911,144.1992250001931,149.27267730750242,one shared preloaded model
conv-48-qa-119,bounded_rag,0.5013523012653937,4.671799993957393,144.1992250001931,149.3723772954159,one shared preloaded model
conv-48-qa-120,bounded_rag,0.5013523012653937,5.344000004697591,71.21564999761176,77.06100230357475,one shared preloaded model
conv-48-qa-121,bounded_rag,0.5013523012653937,5.4106000025058165,71.21564999761176,77.12760230138298,one shared preloaded model
conv-48-qa-122,bounded_rag,0.5013523012653937,8.717300006537698,71.21564999761176,80.43430230541486,one shared preloaded model
conv-48-qa-123,bounded_rag,0.5013523012653937,8.53099999949336,71.21564999761176,80.24800229837052,one shared preloaded model
conv-48-qa-124,bounded_rag,0.5013523012653937,4.962799997883849,289.1358750021027,294.60002730125194,one shared preloaded model
conv-48-qa-125,bounded_rag,0.5013523012653937,3.8662000006297603,289.1358750021027,293.50342730399785,one shared preloaded model
conv-48-qa-126,bounded_rag,0.5013523012653937,4.398400007630698,289.1358750021027,294.0356273109988,one shared preloaded model
conv-48-qa-127,bounded_rag,0.5013523012653937,8.127599998260848,289.1358750021027,297.76482730162894,one shared preloaded model
conv-48-qa-128,bounded_rag,0.5013523012653937,4.647599998861551,88.50322500074981,93.65217730087676,one shared preloaded model
conv-48-qa-129,bounded_rag,0.5013523012653937,4.745099999126978,88.50322500074981,93.74967730114219,one shared preloaded model
conv-48-qa-130,bounded_rag,0.5013523012653937,3.926399993360974,88.50322500074981,92.93097729537618,one shared preloaded model
conv-48-qa-131,bounded_rag,0.5013523012653937,4.153399990173057,88.50322500074981,93.15797729218826,one shared preloaded model
conv-48-qa-132,bounded_rag,0.5013523012653937,4.617300000973046,110.6075250027061,115.72617730494454,one shared preloaded model
conv-48-qa-133,bounded_rag,0.5013523012653937,4.408000007970259,110.6075250027061,115.51687731194176,one shared preloaded model
conv-48-qa-134,bounded_rag,0.5013523012653937,3.946400000131689,110.6075250027061,115.05527730410319,one shared preloaded model
conv-48-qa-135,bounded_rag,0.5013523012653937,4.822500006412156,110.6075250027061,115.93137731038365,one shared preloaded model
conv-48-qa-136,bounded_rag,0.5013523012653937,6.034200006979518,247.7494500017201,254.28500230996502,one shared preloaded model
conv-48-qa-137,bounded_rag,0.5013523012653937,3.915399996913038,247.7494500017201,252.16620229989854,one shared preloaded model
conv-48-qa-138,bounded_rag,0.5013523012653937,4.2889999895123765,247.7494500017201,252.53980229249788,one shared preloaded model
conv-48-qa-139,bounded_rag,0.5013523012653937,4.625800007488579,247.7494500017201,252.87660231047408,one shared preloaded model
conv-48-qa-140,bounded_rag,0.5013523012653937,5.281799996737391,181.43350000173086,187.21665229973365,one shared preloaded model
conv-48-qa-141,bounded_rag,0.5013523012653937,7.888799998909235,181.43350000173086,189.8236523019055,one shared preloaded model
conv-48-qa-142,bounded_rag,0.5013523012653937,8.804700002656318,181.43350000173086,190.73955230565258,one shared preloaded model
conv-48-qa-143,bounded_rag,0.5013523012653937,8.448699998552911,181.43350000173086,190.38355230154917,one shared preloaded model
conv-48-qa-144,bounded_rag,0.5013523012653937,4.9596000026213005,164.76309999779915,170.22405230168584,one shared preloaded model
conv-48-qa-145,bounded_rag,0.5013523012653937,8.096399993519299,164.76309999779915,173.36085229258384,one shared preloaded model
conv-48-qa-146,bounded_rag,0.5013523012653937,7.690900005400181,164.76309999779915,172.95535230446472,one shared preloaded model
conv-48-qa-147,bounded_rag,0.5013523012653937,7.934900000691414,164.76309999779915,173.19935229975596,one shared preloaded model
conv-48-qa-148,bounded_rag,0.5013523012653937,4.833999992115423,86.0923250002088,91.42767729358962,one shared preloaded model
conv-48-qa-149,bounded_rag,0.5013523012653937,8.375699995667674,86.0923250002088,94.96937729714188,one shared preloaded model
conv-48-qa-150,bounded_rag,0.5013523012653937,8.191300003090873,86.0923250002088,94.78497730456507,one shared preloaded model
conv-48-qa-151,bounded_rag,0.5013523012653937,7.976399996550754,86.0923250002088,94.57007729802496,one shared preloaded model
conv-48-qa-152,bounded_rag,0.5013523012653937,4.929599992465228,103.89844999735942,109.32940229109005,one shared preloaded model
conv-48-qa-153,bounded_rag,0.5013523012653937,4.2061999993165955,103.89844999735942,108.60600229794142,one shared preloaded model
conv-48-qa-154,bounded_rag,0.5013523012653937,4.057700003613718,103.89844999735942,108.45750230223854,one shared preloaded model
conv-48-qa-155,bounded_rag,0.5013523012653937,3.7077999877510592,103.89844999735942,108.10760228637588,one shared preloaded model
conv-48-qa-156,bounded_rag,0.5013523012653937,4.910100004053675,80.1274250006827,85.53887730600178,one shared preloaded model
conv-48-qa-157,bounded_rag,0.5013523012653937,8.110599999781698,80.1274250006827,88.7393773017298,one shared preloaded model
conv-48-qa-158,bounded_rag,0.5013523012653937,8.731699999771081,80.1274250006827,89.36047730171919,one shared preloaded model
conv-48-qa-159,bounded_rag,0.5013523012653937,6.520099996123463,80.1274250006827,87.14887729807157,one shared preloaded model
conv-48-qa-160,bounded_rag,0.5013523012653937,5.034600006183609,114.21750000226893,119.75345230971794,one shared preloaded model
conv-48-qa-161,bounded_rag,0.5013523012653937,4.513499996392056,114.21750000226893,119.23235229992639,one shared preloaded model
conv-48-qa-162,bounded_rag,0.5013523012653937,5.601500000921078,114.21750000226893,120.32035230445541,one shared preloaded model
conv-48-qa-163,bounded_rag,0.5013523012653937,4.805400007171556,114.21750000226893,119.52425231070589,one shared preloaded model
conv-48-qa-164,bounded_rag,0.5013523012653937,4.715100003522821,159.65739999955986,164.87385230434808,one shared preloaded model
conv-48-qa-165,bounded_rag,0.5013523012653937,4.633799995644949,159.65739999955986,164.7925522964702,one shared preloaded model
conv-48-qa-166,bounded_rag,0.5013523012653937,4.972700000507757,159.65739999955986,165.131452301333,one shared preloaded model
conv-48-qa-167,bounded_rag,0.5013523012653937,4.80490000336431,159.65739999955986,164.96365230418957,one shared preloaded model
conv-48-qa-168,bounded_rag,0.5013523012653937,5.208499991567805,158.45284999886644,164.16270229169965,one shared preloaded model
conv-48-qa-169,bounded_rag,0.5013523012653937,8.392800009460188,158.45284999886644,167.34700230959203,one shared preloaded model
conv-48-qa-170,bounded_rag,0.5013523012653937,9.064600002602674,158.45284999886644,168.0188023027345,one shared preloaded model
conv-48-qa-171,bounded_rag,0.5013523012653937,8.421799997449853,158.45284999886644,167.3760022975817,one shared preloaded model
conv-48-qa-172,bounded_rag,0.5013523012653937,4.812700004549697,244.28935000105412,249.6034023068692,one shared preloaded model
conv-48-qa-173,bounded_rag,0.5013523012653937,7.765600006678142,244.28935000105412,252.55630230899766,one shared preloaded model
conv-48-qa-174,bounded_rag,0.5013523012653937,8.868300006724894,244.28935000105412,253.6590023090444,one shared preloaded model
conv-48-qa-175,bounded_rag,0.5013523012653937,8.427499997196719,244.28935000105412,253.21820229951624,one shared preloaded model
conv-48-qa-176,bounded_rag,0.5013523012653937,5.638200003886595,121.96639999820036,128.10595230335235,one shared preloaded model
conv-48-qa-177,bounded_rag,0.5013523012653937,8.528499995009042,121.96639999820036,130.9962522944748,one shared preloaded model
conv-48-qa-178,bounded_rag,0.5013523012653937,8.181600001989864,121.96639999820036,130.64935230145562,one shared preloaded model
conv-48-qa-179,bounded_rag,0.5013523012653937,7.862099999329075,121.96639999820036,130.32985229879483,one shared preloaded model
conv-48-qa-180,bounded_rag,0.5013523012653937,4.5224999921629205,295.52447500100243,300.54832729443075,one shared preloaded model
conv-48-qa-181,bounded_rag,0.5013523012653937,8.16810000105761,295.52447500100243,304.19392730332544,one shared preloaded model
conv-48-qa-182,bounded_rag,0.5013523012653937,7.849600006011315,295.52447500100243,303.87542730827914,one shared preloaded model
conv-48-qa-183,bounded_rag,0.5013523012653937,7.647199992788956,295.52447500100243,303.6730272950568,one shared preloaded model
conv-48-qa-184,bounded_rag,0.5013523012653937,4.8123000015039,67.9797500015411,73.2934023043104,one shared preloaded model
conv-48-qa-185,bounded_rag,0.5013523012653937,4.411200003232807,67.9797500015411,72.89230230603931,one shared preloaded model
conv-48-qa-186,bounded_rag,0.5013523012653937,4.505999997491017,67.9797500015411,72.98710230029752,one shared preloaded model
conv-48-qa-187,bounded_rag,0.5013523012653937,4.745900005218573,67.9797500015411,73.22700230802508,one shared preloaded model
conv-48-qa-188,bounded_rag,0.5013523012653937,4.593399993609637,107.1560500022315,112.25080229710653,one shared preloaded model
conv-48-qa-189,bounded_rag,0.5013523012653937,8.892199999536388,107.1560500022315,116.54960230303328,one shared preloaded model
conv-48-qa-190,bounded_rag,0.5013523012653937,8.185700004105456,107.1560500022315,115.84310230760235,one shared preloaded model
conv-48-qa-191,bounded_rag,0.5013523012653937,8.001199996215291,107.1560500022315,115.65860229971219,one shared preloaded model
conv-48-qa-192,bounded_rag,0.5013523012653937,4.739299998618662,121.76812500183587,127.00877730171993,one shared preloaded model
conv-48-qa-193,bounded_rag,0.5013523012653937,3.8244000024860725,121.76812500183587,126.09387730558734,one shared preloaded model
conv-48-qa-194,bounded_rag,0.5013523012653937,4.264999995939434,121.76812500183587,126.5344772990407,one shared preloaded model
conv-48-qa-195,bounded_rag,0.5013523012653937,4.557899999781512,121.76812500183587,126.82737730288278,one shared preloaded model
conv-48-qa-196,bounded_rag,0.5013523012653937,4.58559999242425,98.3322499996575,103.41920229334715,one shared preloaded model
conv-48-qa-197,bounded_rag,0.5013523012653937,4.305400012526661,98.3322499996575,103.13900231344957,one shared preloaded model
conv-48-qa-198,bounded_rag,0.5013523012653937,5.0574000051710755,98.3322499996575,103.89100230609398,one shared preloaded model
conv-48-qa-199,bounded_rag,0.5013523012653937,5.207199996220879,98.3322499996575,104.04080229714378,one shared preloaded model
conv-48-qa-200,bounded_rag,0.5013523012653937,4.846900003030896,73.72442500127363,79.07267730556993,one shared preloaded model
conv-48-qa-201,bounded_rag,0.5013523012653937,4.4381999905453995,73.72442500127363,78.66397729308443,one shared preloaded model
conv-48-qa-202,bounded_rag,0.5013523012653937,4.763799995998852,73.72442500127363,78.98957729853788,one shared preloaded model
conv-48-qa-203,bounded_rag,0.5013523012653937,4.153300003963523,73.72442500127363,78.37907730650255,one shared preloaded model
conv-48-qa-204,bounded_rag,0.5013523012653937,5.095000000437722,73.49252499989234,79.08887730159546,one shared preloaded model
conv-48-qa-205,bounded_rag,0.5013523012653937,4.6759000106249005,73.49252499989234,78.66977731178264,one shared preloaded model
conv-48-qa-206,bounded_rag,0.5013523012653937,4.8393000033684075,73.49252499989234,78.83317730452615,one shared preloaded model
conv-48-qa-207,bounded_rag,0.5013523012653937,8.346300004632212,73.49252499989234,82.34017730578995,one shared preloaded model
conv-48-qa-208,bounded_rag,0.5013523012653937,5.228900001384318,168.84455000035814,174.57480230300786,one shared preloaded model
conv-48-qa-209,bounded_rag,0.5013523012653937,8.14290001289919,168.84455000035814,177.48880231452273,one shared preloaded model
conv-48-qa-210,bounded_rag,0.5013523012653937,8.030600001802668,168.84455000035814,177.3765023034262,one shared preloaded model
conv-48-qa-211,bounded_rag,0.5013523012653937,7.795199999236502,168.84455000035814,177.14110230086004,one shared preloaded model
conv-48-qa-212,bounded_rag,0.5013523012653937,8.376799989491701,148.44347499820287,157.32162728895997,one shared preloaded model
conv-48-qa-213,bounded_rag,0.5013523012653937,8.586199997807853,148.44347499820287,157.53102729727613,one shared preloaded model
conv-48-qa-214,bounded_rag,0.5013523012653937,8.54889999027364,148.44347499820287,157.4937272897419,one shared preloaded model
conv-48-qa-215,bounded_rag,0.5013523012653937,8.079700011876412,148.44347499820287,157.02452731134468,one shared preloaded model
conv-48-qa-216,bounded_rag,0.5013523012653937,8.473000008962117,84.16607499748352,93.14042730771104,one shared preloaded model
conv-48-qa-217,bounded_rag,0.5013523012653937,8.35180000285618,84.16607499748352,93.0192273016051,one shared preloaded model
conv-48-qa-218,bounded_rag,0.5013523012653937,8.384999993722886,84.16607499748352,93.0524272924718,one shared preloaded model
conv-48-qa-219,bounded_rag,0.5013523012653937,8.876000007148832,84.16607499748352,93.54342730589775,one shared preloaded model
conv-48-qa-220,bounded_rag,0.5013523012653937,4.9875999975483865,70.09242499771062,75.58137729652441,one shared preloaded model
conv-48-qa-221,bounded_rag,0.5013523012653937,4.778799993800931,70.09242499771062,75.37257729277695,one shared preloaded model
conv-48-qa-222,bounded_rag,0.5013523012653937,4.7519000072497874,70.09242499771062,75.34567730622581,one shared preloaded model
conv-48-qa-223,bounded_rag,0.5013523012653937,4.1698999993968755,70.09242499771062,74.7636772983729,one shared preloaded model
conv-48-qa-224,bounded_rag,0.5013523012653937,4.924399996525608,144.17975000105798,149.605502298849,one shared preloaded model
conv-48-qa-225,bounded_rag,0.5013523012653937,8.11400001111906,144.17975000105798,152.79510231344244,one shared preloaded model
conv-48-qa-226,bounded_rag,0.5013523012653937,7.908500003395602,144.17975000105798,152.58960230571898,one shared preloaded model
conv-48-qa-227,bounded_rag,0.5013523012653937,8.733499998925254,144.17975000105798,153.41460230124864,one shared preloaded model
conv-48-qa-228,bounded_rag,0.5013523012653937,4.6252000029198825,185.8102250007505,190.9367773049358,one shared preloaded model
conv-48-qa-229,bounded_rag,0.5013523012653937,8.701200000359677,185.8102250007505,195.01277730237558,one shared preloaded model
conv-48-qa-230,bounded_rag,0.5013523012653937,8.820200004265644,185.8102250007505,195.13177730628155,one shared preloaded model
conv-48-qa-231,bounded_rag,0.5013523012653937,8.861800000886433,185.8102250007505,195.17337730290234,one shared preloaded model
conv-48-qa-232,bounded_rag,0.5013523012653937,4.641199993784539,67.00199999977485,72.14455229482479,one shared preloaded model
conv-48-qa-233,bounded_rag,0.5013523012653937,5.698799999663606,67.00199999977485,73.20215230070386,one shared preloaded model
conv-48-qa-234,bounded_rag,0.5013523012653937,5.085099997813813,67.00199999977485,72.58845229885407,one shared preloaded model
conv-48-qa-235,bounded_rag,0.5013523012653937,8.217399998102337,67.00199999977485,75.72075229914259,one shared preloaded model
conv-48-qa-236,bounded_rag,0.5013523012653937,4.43440000526607,141.76893333205953,146.704685638591,one shared preloaded model
conv-48-qa-237,bounded_rag,0.5013523012653937,8.694199990713969,141.76893333205953,150.9644856240389,one shared preloaded model
conv-48-qa-238,bounded_rag,0.5013523012653937,8.152000009431504,141.76893333205953,150.42228564275644,one shared preloaded model
conv-49-qa-0,bounded_rag,0.47909642857195317,7.566799991764128,75.2656750009919,83.31157142132798,one shared preloaded model
conv-49-qa-1,bounded_rag,0.47909642857195317,4.835499988985248,75.2656750009919,80.5802714185491,one shared preloaded model
conv-49-qa-2,bounded_rag,0.47909642857195317,4.577100000460632,75.2656750009919,80.32187143002449,one shared preloaded model
conv-49-qa-3,bounded_rag,0.47909642857195317,4.49289999960456,75.2656750009919,80.23767142916842,one shared preloaded model
conv-49-qa-4,bounded_rag,0.47909642857195317,5.0282000011065975,69.57122500170954,75.07852143138808,one shared preloaded model
conv-49-qa-5,bounded_rag,0.47909642857195317,8.711400005267933,69.57122500170954,78.76172143554942,one shared preloaded model
conv-49-qa-6,bounded_rag,0.47909642857195317,7.706899996264838,69.57122500170954,77.75722142654632,one shared preloaded model
conv-49-qa-7,bounded_rag,0.47909642857195317,7.588000007672235,69.57122500170954,77.63832143795372,one shared preloaded model
conv-49-qa-8,bounded_rag,0.47909642857195317,4.378000012366101,100.20394999810378,105.06104643904183,one shared preloaded model
conv-49-qa-9,bounded_rag,0.47909642857195317,7.860800003982149,100.20394999810378,108.54384643065788,one shared preloaded model
conv-49-qa-10,bounded_rag,0.47909642857195317,5.68119999661576,100.20394999810378,106.36424642329149,one shared preloaded model
conv-49-qa-11,bounded_rag,0.47909642857195317,4.773399996338412,100.20394999810378,105.45644642301414,one shared preloaded model
conv-49-qa-12,bounded_rag,0.47909642857195317,4.639299993868917,97.27652500077966,102.39492142322052,one shared preloaded model
conv-49-qa-13,bounded_rag,0.47909642857195317,4.098500008694828,97.27652500077966,101.85412143804643,one shared preloaded model
conv-49-qa-14,bounded_rag,0.47909642857195317,3.675600004498847,97.27652500077966,101.43122143385045,one shared preloaded model
conv-49-qa-15,bounded_rag,0.47909642857195317,3.8081000093370676,97.27652500077966,101.56372143868867,one shared preloaded model
conv-49-qa-16,bounded_rag,0.47909642857195317,5.698799999663606,195.18547499683336,201.36337142506892,one shared preloaded model
conv-49-qa-17,bounded_rag,0.47909642857195317,7.564899991848506,195.18547499683336,203.22947141725382,one shared preloaded model
conv-49-qa-18,bounded_rag,0.47909642857195317,8.001800000783987,195.18547499683336,203.6663714261893,one shared preloaded model
conv-49-qa-19,bounded_rag,0.47909642857195317,8.333700010553002,195.18547499683336,203.99827143595832,one shared preloaded model
conv-49-qa-20,bounded_rag,0.47909642857195317,5.113999999593943,146.24047499819426,151.83357142636015,one shared preloaded model
conv-49-qa-21,bounded_rag,0.47909642857195317,4.430200002389029,146.24047499819426,151.14977142915524,one shared preloaded model
conv-49-qa-22,bounded_rag,0.47909642857195317,3.686800002469681,146.24047499819426,150.4063714292359,one shared preloaded model
conv-49-qa-23,bounded_rag,0.47909642857195317,3.6961000005248934,146.24047499819426,150.4156714272911,one shared preloaded model
conv-49-qa-24,bounded_rag,0.47909642857195317,6.472499997471459,73.01262500186567,79.96422142790908,one shared preloaded model
conv-49-qa-25,bounded_rag,0.47909642857195317,7.858299999497831,73.01262500186567,81.35002142993545,one shared preloaded model
conv-49-qa-26,bounded_rag,0.47909642857195317,7.557499993708916,73.01262500186567,81.04922142414654,one shared preloaded model
conv-49-qa-27,bounded_rag,0.47909642857195317,8.227300000726245,73.01262500186567,81.71902143116387,one shared preloaded model
conv-49-qa-28,bounded_rag,0.47909642857195317,4.963999992469326,70.27652499891701,75.71962141995829,one shared preloaded model
conv-49-qa-29,bounded_rag,0.47909642857195317,4.79300000006333,70.27652499891701,75.54862142755229,one shared preloaded model
conv-49-qa-30,bounded_rag,0.47909642857195317,4.676299999118783,70.27652499891701,75.43192142660774,one shared preloaded model
conv-49-qa-31,bounded_rag,0.47909642857195317,4.90929999796208,70.27652499891701,75.66492142545104,one shared preloaded model
conv-49-qa-32,bounded_rag,0.47909642857195317,5.01369999255985,100.79960000075516,106.29239642188696,one shared preloaded model
conv-49-qa-33,bounded_rag,0.47909642857195317,4.686900007072836,100.79960000075516,105.96559643639995,one shared preloaded model
conv-49-qa-34,bounded_rag,0.47909642857195317,5.817700002808124,100.79960000075516,107.09639643213524,one shared preloaded model
conv-49-qa-35,bounded_rag,0.47909642857195317,5.199200008064508,100.79960000075516,106.47789643739162,one shared preloaded model
conv-49-qa-36,bounded_rag,0.47909642857195317,4.761800009873696,83.58790000056615,88.8287964390118,one shared preloaded model
conv-49-qa-37,bounded_rag,0.47909642857195317,8.39550000091549,83.58790000056615,92.46249643005359,one shared preloaded model
conv-49-qa-38,bounded_rag,0.47909642857195317,8.256000000983477,83.58790000056615,92.32299643012158,one shared preloaded model
conv-49-qa-39,bounded_rag,0.47909642857195317,7.951199993840419,83.58790000056615,92.01819642297852,one shared preloaded model
conv-49-qa-40,bounded_rag,0.47909642857195317,4.607900002156384,141.85899999938556,146.9459964301139,one shared preloaded model
conv-49-qa-41,bounded_rag,0.47909642857195317,4.416299998410977,141.85899999938556,146.7543964263685,one shared preloaded model
conv-49-qa-42,bounded_rag,0.47909642857195317,4.571799989207648,141.85899999938556,146.90989641716516,one shared preloaded model
conv-49-qa-43,bounded_rag,0.47909642857195317,4.342000000178814,141.85899999938556,146.68009642813632,one shared preloaded model
conv-49-qa-44,bounded_rag,0.47909642857195317,4.619700004695915,132.61989999955404,137.7186964328219,one shared preloaded model
conv-49-qa-45,bounded_rag,0.47909642857195317,3.7687000003643334,132.61989999955404,136.86769642849032,one shared preloaded model
conv-49-qa-46,bounded_rag,0.47909642857195317,4.163899997365661,132.61989999955404,137.26289642549165,one shared preloaded model
conv-49-qa-47,bounded_rag,0.47909642857195317,3.8951000024098903,132.61989999955404,136.99409643053588,one shared preloaded model
conv-49-qa-48,bounded_rag,0.47909642857195317,4.712599999038503,204.8870500002522,210.07874642786265,one shared preloaded model
conv-49-qa-49,bounded_rag,0.47909642857195317,7.806100009474903,204.8870500002522,213.17224643829906,one shared preloaded model
conv-49-qa-50,bounded_rag,0.47909642857195317,7.817100005922839,204.8870500002522,213.183246434747,one shared preloaded model
conv-49-qa-51,bounded_rag,0.47909642857195317,8.153599992510863,204.8870500002522,213.51974642133501,one shared preloaded model
conv-49-qa-52,bounded_rag,0.47909642857195317,5.007100000511855,144.1744750009093,149.6606714299931,one shared preloaded model
conv-49-qa-53,bounded_rag,0.47909642857195317,4.0160999924410135,144.1744750009093,148.66967142192226,one shared preloaded model
conv-49-qa-54,bounded_rag,0.47909642857195317,5.788200011011213,144.1744750009093,150.44177144049246,one shared preloaded model
conv-49-qa-55,bounded_rag,0.47909642857195317,8.233699991251342,144.1744750009093,152.8872714207326,one shared preloaded model
conv-49-qa-56,bounded_rag,0.47909642857195317,5.465899987029843,102.85517500233254,108.80017141793434,one shared preloaded model
conv-49-qa-57,bounded_rag,0.47909642857195317,7.771099990350194,102.85517500233254,111.10537142125469,one shared preloaded model
conv-49-qa-58,bounded_rag,0.47909642857195317,7.470399999874644,102.85517500233254,110.80467143077914,one shared preloaded model
conv-49-qa-59,bounded_rag,0.47909642857195317,7.573399998364039,102.85517500233254,110.90767142926853,one shared preloaded model
conv-49-qa-60,bounded_rag,0.47909642857195317,4.60850000672508,103.38365000279737,108.4712464380944,one shared preloaded model
conv-49-qa-61,bounded_rag,0.47909642857195317,3.6740999930771068,103.38365000279737,107.53684642444642,one shared preloaded model
conv-49-qa-62,bounded_rag,0.47909642857195317,3.6118999996688217,103.38365000279737,107.47464643103814,one shared preloaded model
conv-49-qa-63,bounded_rag,0.47909642857195317,3.6122000019531697,103.38365000279737,107.47494643332249,one shared preloaded model
conv-49-qa-64,bounded_rag,0.47909642857195317,4.673899995395914,96.3630500009458,101.51604642491367,one shared preloaded model
conv-49-qa-65,bounded_rag,0.47909642857195317,6.884399990667589,96.3630500009458,103.72654642018534,one shared preloaded model
conv-49-qa-66,bounded_rag,0.47909642857195317,6.806199991842732,96.3630500009458,103.64834642136049,one shared preloaded model
conv-49-qa-67,bounded_rag,0.47909642857195317,4.687900000135414,96.3630500009458,101.53004642965317,one shared preloaded model
conv-49-qa-68,bounded_rag,0.47909642857195317,4.502799987676553,144.35872499961988,149.34062141586838,one shared preloaded model
conv-49-qa-69,bounded_rag,0.47909642857195317,4.204799988656305,144.35872499961988,149.04262141684814,one shared preloaded model
conv-49-qa-70,bounded_rag,0.47909642857195317,3.9816999924369156,144.35872499961988,148.81952142062875,one shared preloaded model
conv-49-qa-71,bounded_rag,0.47909642857195317,8.331899996846914,144.35872499961988,153.16972142503874,one shared preloaded model
conv-49-qa-72,bounded_rag,0.47909642857195317,4.556500003673136,249.37577500168118,254.41137143392626,one shared preloaded model
conv-49-qa-73,bounded_rag,0.47909642857195317,7.710899997618981,249.37577500168118,257.5657714278721,one shared preloaded model
conv-49-qa-74,bounded_rag,0.47909642857195317,7.738100001006387,249.37577500168118,257.5929714312595,one shared preloaded model
conv-49-qa-75,bounded_rag,0.47909642857195317,7.531399998697452,249.37577500168118,257.3862714289506,one shared preloaded model
conv-49-qa-76,bounded_rag,0.47909642857195317,4.419699995196424,148.51099999941653,153.4097964231849,one shared preloaded model
conv-49-qa-77,bounded_rag,0.47909642857195317,7.70070000726264,148.51099999941653,156.69079643525112,one shared preloaded model
conv-49-qa-78,bounded_rag,0.47909642857195317,7.556600001407787,148.51099999941653,156.54669642939626,one shared preloaded model
conv-49-qa-79,bounded_rag,0.47909642857195317,7.779699997627176,148.51099999941653,156.76979642561565,one shared preloaded model
conv-49-qa-80,bounded_rag,0.47909642857195317,5.080899994936772,154.07472500010044,159.63472142360916,one shared preloaded model
conv-49-qa-81,bounded_rag,0.47909642857195317,3.8426000101026148,154.07472500010044,158.396421438775,one shared preloaded model
conv-49-qa-82,bounded_rag,0.47909642857195317,4.045299996505491,154.07472500010044,158.59912142517788,one shared preloaded model
conv-49-qa-83,bounded_rag,0.47909642857195317,4.921699990518391,154.07472500010044,159.47552141919078,one shared preloaded model
conv-49-qa-84,bounded_rag,0.47909642857195317,4.438200005097315,238.44522500075982,243.36252143442908,one shared preloaded model
conv-49-qa-85,bounded_rag,0.47909642857195317,8.492299995850772,238.44522500075982,247.41662142518254,one shared preloaded model
conv-49-qa-86,bounded_rag,0.47909642857195317,7.9529000067850575,238.44522500075982,246.87722143611683,one shared preloaded model
conv-49-qa-87,bounded_rag,0.47909642857195317,8.091499999864027,238.44522500075982,247.0158214291958,one shared preloaded model
conv-49-qa-88,bounded_rag,0.47909642857195317,5.092000006698072,97.70757499791216,103.27867143318218,one shared preloaded model
conv-49-qa-89,bounded_rag,0.47909642857195317,7.9301999940071255,97.70757499791216,106.11687142049124,one shared preloaded model
conv-49-qa-90,bounded_rag,0.47909642857195317,8.324900001753122,97.70757499791216,106.51157142823723,one shared preloaded model
conv-49-qa-91,bounded_rag,0.47909642857195317,7.567599997855723,97.70757499791216,105.75427142433983,one shared preloaded model
conv-49-qa-92,bounded_rag,0.47909642857195317,4.434800008311868,85.64282500083209,90.55672143771591,one shared preloaded model
conv-49-qa-93,bounded_rag,0.47909642857195317,3.787299996474758,85.64282500083209,89.9092214258788,one shared preloaded model
conv-49-qa-94,bounded_rag,0.47909642857195317,4.144599995925091,85.64282500083209,90.26652142532913,one shared preloaded model
conv-49-qa-95,bounded_rag,0.47909642857195317,4.3600000062724575,85.64282500083209,90.4819214356765,one shared preloaded model
conv-49-qa-96,bounded_rag,0.47909642857195317,4.440300006535836,226.48610000032932,231.4054964354371,one shared preloaded model
conv-49-qa-97,bounded_rag,0.47909642857195317,3.886699996655807,226.48610000032932,230.85189642555707,one shared preloaded model
conv-49-qa-98,bounded_rag,0.47909642857195317,3.677299988339655,226.48610000032932,230.64249641724092,one shared preloaded model
conv-49-qa-99,bounded_rag,0.47909642857195317,3.75809999241028,226.48610000032932,230.72329642131155,one shared preloaded model
conv-49-qa-100,bounded_rag,0.47909642857195317,5.337199996574782,69.9887500013574,75.80504642650413,one shared preloaded model
conv-49-qa-101,bounded_rag,0.47909642857195317,4.200600000331178,69.9887500013574,74.66844643026053,one shared preloaded model
conv-49-qa-102,bounded_rag,0.47909642857195317,4.013799989479594,69.9887500013574,74.48164641940895,one shared preloaded model
conv-49-qa-103,bounded_rag,0.47909642857195317,4.305599999497645,69.9887500013574,74.773446429427,one shared preloaded model
conv-49-qa-104,bounded_rag,0.47909642857195317,4.775599998538382,358.104100003402,363.3587964305123,one shared preloaded model
conv-49-qa-105,bounded_rag,0.47909642857195317,4.397400000016205,358.104100003402,362.98059643199014,one shared preloaded model
conv-49-qa-106,bounded_rag,0.47909642857195317,4.365700006019324,358.104100003402,362.94889643799326,one shared preloaded model
conv-49-qa-107,bounded_rag,0.47909642857195317,3.9911000058054924,358.104100003402,362.5742964377794,one shared preloaded model
conv-49-qa-108,bounded_rag,0.47909642857195317,4.946500004734844,73.9325499998813,79.3581464331881,one shared preloaded model
conv-49-qa-109,bounded_rag,0.47909642857195317,6.649200004176237,73.9325499998813,81.06084643262949,one shared preloaded model
conv-49-qa-110,bounded_rag,0.47909642857195317,3.9683000068180263,73.9325499998813,78.37994643527128,one shared preloaded model
conv-49-qa-111,bounded_rag,0.47909642857195317,5.667899997206405,73.9325499998813,80.07954642565966,one shared preloaded model
conv-49-qa-112,bounded_rag,0.47909642857195317,4.591300006723031,93.75749999890104,98.82789643419602,one shared preloaded model
conv-49-qa-113,bounded_rag,0.47909642857195317,8.455200004391372,93.75749999890104,102.69179643186436,one shared preloaded model
conv-49-qa-114,bounded_rag,0.47909642857195317,7.5840999925276265,93.75749999890104,101.82069642000062,one shared preloaded model
conv-49-qa-115,bounded_rag,0.47909642857195317,7.914300003903918,93.75749999890104,102.1508964313769,one shared preloaded model
conv-49-qa-116,bounded_rag,0.47909642857195317,4.4978000078117475,68.78399999914109,73.76089643552478,one shared preloaded model
conv-49-qa-117,bounded_rag,0.47909642857195317,3.894099994795397,68.78399999914109,73.15719642250843,one shared preloaded model
conv-49-qa-118,bounded_rag,0.47909642857195317,4.520899994531646,68.78399999914109,73.78399642224468,one shared preloaded model
conv-49-qa-119,bounded_rag,0.47909642857195317,7.861200007027946,68.78399999914109,77.12429643474098,one shared preloaded model
conv-49-qa-120,bounded_rag,0.47909642857195317,4.967500004568137,72.33085000189021,77.7774464350303,one shared preloaded model
conv-49-qa-121,bounded_rag,0.47909642857195317,7.808900001691654,72.33085000189021,80.61884643215382,one shared preloaded model
conv-49-qa-122,bounded_rag,0.47909642857195317,8.000899993930943,72.33085000189021,80.8108464243931,one shared preloaded model
conv-49-qa-123,bounded_rag,0.47909642857195317,8.532699997886084,72.33085000189021,81.34264642834825,one shared preloaded model
conv-49-qa-124,bounded_rag,0.47909642857195317,7.98880000365898,229.17742500067106,237.645321432902,one shared preloaded model
conv-49-qa-125,bounded_rag,0.47909642857195317,9.144000010564923,229.17742500067106,238.80052143980794,one shared preloaded model
conv-49-qa-126,bounded_rag,0.47909642857195317,9.154200000921264,229.17742500067106,238.81072143016428,one shared preloaded model
conv-49-qa-127,bounded_rag,0.47909642857195317,6.293600003118627,229.17742500067106,235.95012143236164,one shared preloaded model
conv-49-qa-128,bounded_rag,0.47909642857195317,5.726399991544895,139.40482500038343,145.61032142050027,one shared preloaded model
conv-49-qa-129,bounded_rag,0.47909642857195317,8.601900000940077,139.40482500038343,148.48582142989545,one shared preloaded model
conv-49-qa-130,bounded_rag,0.47909642857195317,8.009299999685027,139.40482500038343,147.8932214286404,one shared preloaded model
conv-49-qa-131,bounded_rag,0.47909642857195317,7.22130000940524,139.40482500038343,147.10522143836062,one shared preloaded model
conv-49-qa-132,bounded_rag,0.47909642857195317,4.535899992333725,172.7292249997845,177.74422142069017,one shared preloaded model
conv-49-qa-133,bounded_rag,0.47909642857195317,8.126000000629574,172.7292249997845,181.33432142898602,one shared preloaded model
conv-49-qa-134,bounded_rag,0.47909642857195317,7.486399990739301,172.7292249997845,180.69472141909574,one shared preloaded model
conv-49-qa-135,bounded_rag,0.47909642857195317,4.31150000076741,172.7292249997845,177.51982142912385,one shared preloaded model
conv-49-qa-136,bounded_rag,0.47909642857195317,4.728699990664609,247.3348999992595,252.54269641849606,one shared preloaded model
conv-49-qa-137,bounded_rag,0.47909642857195317,7.865700012189336,247.3348999992595,255.6796964400208,one shared preloaded model
conv-49-qa-138,bounded_rag,0.47909642857195317,5.030899992561899,247.3348999992595,252.84489642039335,one shared preloaded model
conv-49-qa-139,bounded_rag,0.47909642857195317,4.504399999859743,247.3348999992595,252.3183964276912,one shared preloaded model
conv-49-qa-140,bounded_rag,0.47909642857195317,6.434800001443364,253.9135000006354,260.8273964306507,one shared preloaded model
conv-49-qa-141,bounded_rag,0.47909642857195317,8.684599990374409,253.9135000006354,263.07719641958175,one shared preloaded model
conv-49-qa-142,bounded_rag,0.47909642857195317,8.123299994622357,253.9135000006354,262.5158964238297,one shared preloaded model
conv-49-qa-143,bounded_rag,0.47909642857195317,7.56579999870155,253.9135000006354,261.9583964279089,one shared preloaded model
conv-49-qa-144,bounded_rag,0.47909642857195317,4.640099999960512,252.7778000003309,257.89699642886336,one shared preloaded model
conv-49-qa-145,bounded_rag,0.47909642857195317,3.902399999788031,252.7778000003309,257.1592964286909,one shared preloaded model
conv-49-qa-146,bounded_rag,0.47909642857195317,4.09810000564903,252.7778000003309,257.3549964345519,one shared preloaded model
conv-49-qa-147,bounded_rag,0.47909642857195317,6.051000003935769,252.7778000003309,259.3078964328386,one shared preloaded model
conv-49-qa-148,bounded_rag,0.47909642857195317,4.4027999974787235,155.5222999995749,160.40419642562557,one shared preloaded model
conv-49-qa-149,bounded_rag,0.47909642857195317,4.680500001995824,155.5222999995749,160.68189643014267,one shared preloaded model
conv-49-qa-150,bounded_rag,0.47909642857195317,4.860900007770397,155.5222999995749,160.86229643591724,one shared preloaded model
conv-49-qa-151,bounded_rag,0.47909642857195317,4.99600000330247,155.5222999995749,160.99739643144932,one shared preloaded model
conv-49-qa-152,bounded_rag,0.47909642857195317,4.51739999698475,139.24169999881997,144.23819642437667,one shared preloaded model
conv-49-qa-153,bounded_rag,0.47909642857195317,5.568399996263906,139.24169999881997,145.28919642365582,one shared preloaded model
conv-49-qa-154,bounded_rag,0.47909642857195317,3.993799997260794,139.24169999881997,143.7145964246527,one shared preloaded model
conv-49-qa-155,bounded_rag,0.47909642857195317,4.50190000992734,139.24169999881997,144.22269643731926,one shared preloaded model
conv-49-qa-156,bounded_rag,0.47909642857195317,5.000599994673394,76.24479999867617,81.72449642192151,one shared preloaded model
conv-49-qa-157,bounded_rag,0.47909642857195317,6.875699997181073,76.24479999867617,83.5995964244292,one shared preloaded model
conv-49-qa-158,bounded_rag,0.47909642857195317,5.47970000479836,76.24479999867617,82.20359643204648,one shared preloaded model
conv-49-qa-159,bounded_rag,0.47909642857195317,5.2198999910615385,76.24479999867617,81.94379641830966,one shared preloaded model
conv-49-qa-160,bounded_rag,0.47909642857195317,4.5399999944493175,80.21119999830262,85.23029642132389,one shared preloaded model
conv-49-qa-161,bounded_rag,0.47909642857195317,7.745700000668876,80.21119999830262,88.43599642754344,one shared preloaded model
conv-49-qa-162,bounded_rag,0.47909642857195317,7.494600009522401,80.21119999830262,88.18489643639697,one shared preloaded model
conv-49-qa-163,bounded_rag,0.47909642857195317,7.9129000077955425,80.21119999830262,88.60319643467011,one shared preloaded model
conv-49-qa-164,bounded_rag,0.47909642857195317,4.423100006533787,84.94480000081239,89.84699643591813,one shared preloaded model
conv-49-qa-165,bounded_rag,0.47909642857195317,3.953199993702583,84.94480000081239,89.37709642308693,one shared preloaded model
conv-49-qa-166,bounded_rag,0.47909642857195317,4.413499991642311,84.94480000081239,89.83739642102665,one shared preloaded model
conv-49-qa-167,bounded_rag,0.47909642857195317,4.2781999945873395,84.94480000081239,89.70209642397168,one shared preloaded model
conv-49-qa-168,bounded_rag,0.47909642857195317,4.919099999824539,130.23667499874136,135.63487142713785,one shared preloaded model
conv-49-qa-169,bounded_rag,0.47909642857195317,8.872800011886284,130.23667499874136,139.5885714391996,one shared preloaded model
conv-49-qa-170,bounded_rag,0.47909642857195317,8.91340000089258,130.23667499874136,139.6291714282059,one shared preloaded model
conv-49-qa-171,bounded_rag,0.47909642857195317,7.882600009907037,130.23667499874136,138.59837143722035,one shared preloaded model
conv-49-qa-172,bounded_rag,0.47909642857195317,4.963499988662079,308.1438499975775,313.5864464148115,one shared preloaded model
conv-49-qa-173,bounded_rag,0.47909642857195317,5.781299987575039,308.1438499975775,314.4042464137245,one shared preloaded model
conv-49-qa-174,bounded_rag,0.47909642857195317,8.586399999330752,308.1438499975775,317.2093464254802,one shared preloaded model
conv-49-qa-175,bounded_rag,0.47909642857195317,7.576299991342239,308.1438499975775,316.1992464174917,one shared preloaded model
conv-49-qa-176,bounded_rag,0.47909642857195317,5.12489999528043,74.29720000072848,79.90119642458086,one shared preloaded model
conv-49-qa-177,bounded_rag,0.47909642857195317,7.974599997396581,74.29720000072848,82.75089642669701,one shared preloaded model
conv-49-qa-178,bounded_rag,0.47909642857195317,7.619000010890886,74.29720000072848,82.39529644019132,one shared preloaded model
conv-49-qa-179,bounded_rag,0.47909642857195317,7.803300002706237,74.29720000072848,82.57959643200667,one shared preloaded model
conv-49-qa-180,bounded_rag,0.47909642857195317,4.530099991825409,71.47862499914481,76.48782141954217,one shared preloaded model
conv-49-qa-181,bounded_rag,0.47909642857195317,4.5876999938627705,71.47862499914481,76.54542142157953,one shared preloaded model
conv-49-qa-182,bounded_rag,0.47909642857195317,4.590500000631437,71.47862499914481,76.5482214283482,one shared preloaded model
conv-49-qa-183,bounded_rag,0.47909642857195317,4.188699997030199,71.47862499914481,76.14642142474696,one shared preloaded model
conv-49-qa-184,bounded_rag,0.47909642857195317,4.513399995630607,72.29617499979213,77.28867142399469,one shared preloaded model
conv-49-qa-185,bounded_rag,0.47909642857195317,6.975900003453717,72.29617499979213,79.7511714318178,one shared preloaded model
conv-49-qa-186,bounded_rag,0.47909642857195317,6.669900001725182,72.29617499979213,79.44517143008926,one shared preloaded model
conv-49-qa-187,bounded_rag,0.47909642857195317,8.053599987761118,72.29617499979213,80.8288714161252,one shared preloaded model
conv-49-qa-188,bounded_rag,0.47909642857195317,6.631400014157407,75.18997499937541,82.30047144210477,one shared preloaded model
conv-49-qa-189,bounded_rag,0.47909642857195317,8.590700002969243,75.18997499937541,84.2597714309166,one shared preloaded model
conv-49-qa-190,bounded_rag,0.47909642857195317,7.332200009841472,75.18997499937541,83.00127143778883,one shared preloaded model
conv-49-qa-191,bounded_rag,0.47909642857195317,7.54649999726098,75.18997499937541,83.21557142520834,one shared preloaded model
conv-49-qa-192,bounded_rag,0.47909642857195317,4.638300000806339,83.5750750011357,88.69247143051399,one shared preloaded model
conv-49-qa-193,bounded_rag,0.47909642857195317,8.44590000633616,83.5750750011357,92.50007143604381,one shared preloaded model
conv-49-qa-194,bounded_rag,0.47909642857195317,7.494999998016283,83.5750750011357,91.54917142772393,one shared preloaded model
conv-49-qa-195,bounded_rag,0.47909642857195317,7.890900000347756,83.5750750011357,91.9450714300554,one shared preloaded model
conv-50-qa-0,bounded_rag,0.5595377451219761,7.779400009894744,109.06905000229017,117.40798775730688,one shared preloaded model
conv-50-qa-1,bounded_rag,0.5595377451219761,7.539900005212985,109.06905000229017,117.16848775262513,one shared preloaded model
conv-50-qa-2,bounded_rag,0.5595377451219761,5.621500007691793,109.06905000229017,115.25008775510393,one shared preloaded model
conv-50-qa-3,bounded_rag,0.5595377451219761,4.155300004640594,109.06905000229017,113.78388775205273,one shared preloaded model
conv-50-qa-4,bounded_rag,0.5595377451219761,4.769200008013286,193.95517500015558,199.28391275329085,one shared preloaded model
conv-50-qa-5,bounded_rag,0.5595377451219761,7.647099992027506,193.95517500015558,202.16181273730507,one shared preloaded model
conv-50-qa-6,bounded_rag,0.5595377451219761,7.802599997376092,193.95517500015558,202.31731274265366,one shared preloaded model
conv-50-qa-7,bounded_rag,0.5595377451219761,7.4364000029163435,193.95517500015558,201.9511127481939,one shared preloaded model
conv-50-qa-8,bounded_rag,0.5595377451219761,5.085599987069145,103.41857499952312,109.06371273171423,one shared preloaded model
conv-50-qa-9,bounded_rag,0.5595377451219761,6.134100010967813,103.41857499952312,110.1122127556129,one shared preloaded model
conv-50-qa-10,bounded_rag,0.5595377451219761,7.443700000294484,103.41857499952312,111.42181274493957,one shared preloaded model
conv-50-qa-11,bounded_rag,0.5595377451219761,7.54949999100063,103.41857499952312,111.52761273564572,one shared preloaded model
conv-50-qa-12,bounded_rag,0.5595377451219761,4.878799998550676,144.56122499905177,149.99956274272444,one shared preloaded model
conv-50-qa-13,bounded_rag,0.5595377451219761,8.910200005630031,144.56122499905177,154.0309627498038,one shared preloaded model
conv-50-qa-14,bounded_rag,0.5595377451219761,6.073700002161786,144.56122499905177,151.19446274633555,one shared preloaded model
conv-50-qa-15,bounded_rag,0.5595377451219761,7.53390000318177,144.56122499905177,152.65466274735553,one shared preloaded model
conv-50-qa-16,bounded_rag,0.5595377451219761,5.544600004213862,97.58469999724184,103.68883774657768,one shared preloaded model
conv-50-qa-17,bounded_rag,0.5595377451219761,4.562500005704351,97.58469999724184,102.70673774806816,one shared preloaded model
conv-50-qa-18,bounded_rag,0.5595377451219761,4.6544000069843605,97.58469999724184,102.79863774934817,one shared preloaded model
conv-50-qa-19,bounded_rag,0.5595377451219761,4.40849999722559,97.58469999724184,102.5527377395894,one shared preloaded model
conv-50-qa-20,bounded_rag,0.5595377451219761,5.531400005565956,95.63669999988633,101.72763775057426,one shared preloaded model
conv-50-qa-21,bounded_rag,0.5595377451219761,4.680500001995824,95.63669999988633,100.87673774700413,one shared preloaded model
conv-50-qa-22,bounded_rag,0.5595377451219761,4.538000008324161,95.63669999988633,100.73423775333247,one shared preloaded model
conv-50-qa-23,bounded_rag,0.5595377451219761,4.317800005082972,95.63669999988633,100.51403775009128,one shared preloaded model
conv-50-qa-24,bounded_rag,0.5595377451219761,4.803599993465468,166.40627499873517,171.76941273732263,one shared preloaded model
conv-50-qa-25,bounded_rag,0.5595377451219761,7.93550000526011,166.40627499873517,174.90131274911727,one shared preloaded model
conv-50-qa-26,bounded_rag,0.5595377451219761,7.746699993731454,166.40627499873517,174.7125127375886,one shared preloaded model
conv-50-qa-27,bounded_rag,0.5595377451219761,7.629400002770126,166.40627499873517,174.59521274662728,one shared preloaded model
conv-50-qa-28,bounded_rag,0.5595377451219761,4.775199995492585,107.9236250006943,113.25836274130886,one shared preloaded model
conv-50-qa-29,bounded_rag,0.5595377451219761,9.488600000622682,107.9236250006943,117.97176274643896,one shared preloaded model
conv-50-qa-30,bounded_rag,0.5595377451219761,7.8837000037310645,107.9236250006943,116.36686274954734,one shared preloaded model
conv-50-qa-31,bounded_rag,0.5595377451219761,7.966599994688295,107.9236250006943,116.44976274050457,one shared preloaded model
conv-50-qa-32,bounded_rag,0.5595377451219761,4.950900009134784,108.94000000189408,114.45043775615083,one shared preloaded model
conv-50-qa-33,bounded_rag,0.5595377451219761,4.220400005578995,108.94000000189408,113.71993775259504,one shared preloaded model
conv-50-qa-34,bounded_rag,0.5595377451219761,4.713400005130097,108.94000000189408,114.21293775214615,one shared preloaded model
conv-50-qa-35,bounded_rag,0.5595377451219761,4.807899997103959,108.94000000189408,114.30743774412001,one shared preloaded model
conv-50-qa-36,bounded_rag,0.5595377451219761,5.087500001536682,166.5382999999565,172.18533774661518,one shared preloaded model
conv-50-qa-37,bounded_rag,0.5595377451219761,7.7775999961886555,166.5382999999565,174.87543774126715,one shared preloaded model
conv-50-qa-38,bounded_rag,0.5595377451219761,7.947200007038191,166.5382999999565,175.04503775211668,one shared preloaded model
conv-50-qa-39,bounded_rag,0.5595377451219761,8.238500013248995,166.5382999999565,175.3363377583275,one shared preloaded model
conv-50-qa-40,bounded_rag,0.5595377451219761,4.814799991436303,167.36205000051996,172.73638773707825,one shared preloaded model
conv-50-qa-41,bounded_rag,0.5595377451219761,8.36219999473542,167.36205000051996,176.28378774037736,one shared preloaded model
conv-50-qa-42,bounded_rag,0.5595377451219761,8.247499994467944,167.36205000051996,176.1690877401099,one shared preloaded model
conv-50-qa-43,bounded_rag,0.5595377451219761,7.984799987752922,167.36205000051996,175.90638773339487,one shared preloaded model
conv-50-qa-44,bounded_rag,0.5595377451219761,4.663200001232326,155.1601249993837,160.382862745738,one shared preloaded model
conv-50-qa-45,bounded_rag,0.5595377451219761,4.762800002936274,155.1601249993837,160.48246274744196,one shared preloaded model
conv-50-qa-46,bounded_rag,0.5595377451219761,4.672700000810437,155.1601249993837,160.39236274531612,one shared preloaded model
conv-50-qa-47,bounded_rag,0.5595377451219761,4.641999999876134,155.1601249993837,160.36166274438182,one shared preloaded model
conv-50-qa-48,bounded_rag,0.5595377451219761,5.727499999920838,166.02959999727318,172.316637742316,one shared preloaded model
conv-50-qa-49,bounded_rag,0.5595377451219761,9.116500004893169,166.02959999727318,175.70563774728834,one shared preloaded model
conv-50-qa-50,bounded_rag,0.5595377451219761,8.394699994823895,166.02959999727318,174.98383773721906,one shared preloaded model
conv-50-qa-51,bounded_rag,0.5595377451219761,7.887200001277961,166.02959999727318,174.47633774367313,one shared preloaded model
conv-50-qa-52,bounded_rag,0.5595377451219761,5.7732999994186684,159.18369999781135,165.516537742352,one shared preloaded model
conv-50-qa-53,bounded_rag,0.5595377451219761,8.549400008632801,159.18369999781135,168.29263775156613,one shared preloaded model
conv-50-qa-54,bounded_rag,0.5595377451219761,8.801699994364753,159.18369999781135,168.54493773729808,one shared preloaded model
conv-50-qa-55,bounded_rag,0.5595377451219761,8.549499994842336,159.18369999781135,168.29273773777567,one shared preloaded model
conv-50-qa-56,bounded_rag,0.5595377451219761,4.508099998929538,170.4329250023875,175.50056274643902,one shared preloaded model
conv-50-qa-57,bounded_rag,0.5595377451219761,7.783299995935522,170.4329250023875,178.775762743445,one shared preloaded model
conv-50-qa-58,bounded_rag,0.5595377451219761,8.163299993611872,170.4329250023875,179.15576274112135,one shared preloaded model
conv-50-qa-59,bounded_rag,0.5595377451219761,7.572400005301461,170.4329250023875,178.56486275281094,one shared preloaded model
conv-50-qa-60,bounded_rag,0.5595377451219761,4.797900008270517,89.51135000097565,94.86878775436814,one shared preloaded model
conv-50-qa-61,bounded_rag,0.5595377451219761,5.3197000088403,89.51135000097565,95.39058775493793,one shared preloaded model
conv-50-qa-62,bounded_rag,0.5595377451219761,8.175999988452531,89.51135000097565,98.24688773455016,one shared preloaded model
conv-50-qa-63,bounded_rag,0.5595377451219761,8.160799989127554,89.51135000097565,98.23168773522518,one shared preloaded model
conv-50-qa-64,bounded_rag,0.5595377451219761,5.27229999715928,171.77232500034734,177.6041627426286,one shared preloaded model
conv-50-qa-65,bounded_rag,0.5595377451219761,8.143900005961768,171.77232500034734,180.4757627514311,one shared preloaded model
conv-50-qa-66,bounded_rag,0.5595377451219761,7.855099989683367,171.77232500034734,180.1869627351527,one shared preloaded model
conv-50-qa-67,bounded_rag,0.5595377451219761,7.68429999880027,171.77232500034734,180.0161627442696,one shared preloaded model
conv-50-qa-68,bounded_rag,0.5595377451219761,5.408299999544397,171.46682500242605,177.43466274709243,one shared preloaded model
conv-50-qa-69,bounded_rag,0.5595377451219761,8.180299992091022,171.46682500242605,180.20666273963906,one shared preloaded model
conv-50-qa-70,bounded_rag,0.5595377451219761,7.634699999471195,171.46682500242605,179.66106274701923,one shared preloaded model
conv-50-qa-71,bounded_rag,0.5595377451219761,7.522700005210936,171.46682500242605,179.54906275275897,one shared preloaded model
conv-50-qa-72,bounded_rag,0.5595377451219761,5.288100001052953,73.33982500131242,79.18746274748734,one shared preloaded model
conv-50-qa-73,bounded_rag,0.5595377451219761,4.086000000825152,73.33982500131242,77.98536274725954,one shared preloaded model
conv-50-qa-74,bounded_rag,0.5595377451219761,3.8432000001193956,73.33982500131242,77.74256274655379,one shared preloaded model
conv-50-qa-75,bounded_rag,0.5595377451219761,5.032599990954623,73.33982500131242,78.93196273738901,one shared preloaded model
conv-50-qa-76,bounded_rag,0.5595377451219761,4.815899999812245,80.50397500119288,85.8794127461271,one shared preloaded model
conv-50-qa-77,bounded_rag,0.5595377451219761,4.498900001635775,80.50397500119288,85.56241274795063,one shared preloaded model
conv-50-qa-78,bounded_rag,0.5595377451219761,4.530799997155555,80.50397500119288,85.59431274347041,one shared preloaded model
conv-50-qa-79,bounded_rag,0.5595377451219761,4.505100005189888,80.50397500119288,85.56861275150474,one shared preloaded model
conv-50-qa-80,bounded_rag,0.5595377451219761,4.492199994274415,343.2303750014398,348.2821127408362,one shared preloaded model
conv-50-qa-81,bounded_rag,0.5595377451219761,3.8127000007079914,343.2303750014398,347.6026127472698,one shared preloaded model
conv-50-qa-82,bounded_rag,0.5595377451219761,4.8122999869519845,343.2303750014398,348.6022127335138,one shared preloaded model
conv-50-qa-83,bounded_rag,0.5595377451219761,5.0703999877441674,343.2303750014398,348.860312734306,one shared preloaded model
conv-50-qa-84,bounded_rag,0.5595377451219761,4.586299997754395,120.00612500196439,125.15196274484076,one shared preloaded model
conv-50-qa-85,bounded_rag,0.5595377451219761,8.051099997828715,120.00612500196439,128.6167627449151,one shared preloaded model
conv-50-qa-86,bounded_rag,0.5595377451219761,8.103600004687905,120.00612500196439,128.66926275177428,one shared preloaded model
conv-50-qa-87,bounded_rag,0.5595377451219761,8.181500001228414,120.00612500196439,128.7471627483148,one shared preloaded model
conv-50-qa-88,bounded_rag,0.5595377451219761,4.9196000036317855,76.49052499982645,81.9696627485802,one shared preloaded model
conv-50-qa-89,bounded_rag,0.5595377451219761,7.855600008042529,76.49052499982645,84.90566275299095,one shared preloaded model
conv-50-qa-90,bounded_rag,0.5595377451219761,7.059199997456744,76.49052499982645,84.10926274240516,one shared preloaded model
conv-50-qa-91,bounded_rag,0.5595377451219761,5.062700001872145,76.49052499982645,82.11276274682056,one shared preloaded model
conv-50-qa-92,bounded_rag,0.5595377451219761,4.557300009764731,158.46184999827528,163.578687753162,one shared preloaded model
conv-50-qa-93,bounded_rag,0.5595377451219761,7.725999996182509,158.46184999827528,166.74738773957978,one shared preloaded model
conv-50-qa-94,bounded_rag,0.5595377451219761,7.613299996592104,158.46184999827528,166.63468773998937,one shared preloaded model
conv-50-qa-95,bounded_rag,0.5595377451219761,8.04589998733718,158.46184999827528,167.06728773073445,one shared preloaded model
conv-50-qa-96,bounded_rag,0.5595377451219761,5.305299986503087,165.58667500066804,171.4515127322931,one shared preloaded model
conv-50-qa-97,bounded_rag,0.5595377451219761,8.095999990473501,165.58667500066804,174.24221273626353,one shared preloaded model
conv-50-qa-98,bounded_rag,0.5595377451219761,8.33910000801552,165.58667500066804,174.48531275380554,one shared preloaded model
conv-50-qa-99,bounded_rag,0.5595377451219761,7.538300007581711,165.58667500066804,173.68451275337173,one shared preloaded model
conv-50-qa-100,bounded_rag,0.5595377451219761,5.037199996877462,73.92277500184719,79.51951274384662,one shared preloaded model
conv-50-qa-101,bounded_rag,0.5595377451219761,4.062300009536557,73.92277500184719,78.54461275650571,one shared preloaded model
conv-50-qa-102,bounded_rag,0.5595377451219761,3.8468999991891906,73.92277500184719,78.32921274615835,one shared preloaded model
conv-50-qa-103,bounded_rag,0.5595377451219761,4.027899994980544,73.92277500184719,78.5102127419497,one shared preloaded model
conv-50-qa-104,bounded_rag,0.5595377451219761,4.509000005782582,207.18110000234446,212.24963775324903,one shared preloaded model
conv-50-qa-105,bounded_rag,0.5595377451219761,5.135500003234483,207.18110000234446,212.87613775070093,one shared preloaded model
conv-50-qa-106,bounded_rag,0.5595377451219761,4.835100000491366,207.18110000234446,212.57573774795782,one shared preloaded model
conv-50-qa-107,bounded_rag,0.5595377451219761,8.18079999589827,207.18110000234446,215.92143774336472,one shared preloaded model
conv-50-qa-108,bounded_rag,0.5595377451219761,5.160000000614673,165.44784999859985,171.1673877443365,one shared preloaded model
conv-50-qa-109,bounded_rag,0.5595377451219761,7.770900003379211,165.44784999859985,173.77828774710105,one shared preloaded model
conv-50-qa-110,bounded_rag,0.5595377451219761,7.562099999631755,165.44784999859985,173.5694877433536,one shared preloaded model
conv-50-qa-111,bounded_rag,0.5595377451219761,7.911499997135252,165.44784999859985,173.9188877408571,one shared preloaded model
conv-50-qa-112,bounded_rag,0.5595377451219761,5.245899999863468,261.95712499975343,267.7625627447389,one shared preloaded model
conv-50-qa-113,bounded_rag,0.5595377451219761,4.181500000413507,261.95712499975343,266.6981627452889,one shared preloaded model
conv-50-qa-114,bounded_rag,0.5595377451219761,4.851999998209067,261.95712499975343,267.3686627430845,one shared preloaded model
conv-50-qa-115,bounded_rag,0.5595377451219761,5.91379999241326,261.95712499975343,268.4304627372887,one shared preloaded model
conv-50-qa-116,bounded_rag,0.5595377451219761,4.635100005543791,483.47669999930076,488.67133774996654,one shared preloaded model
conv-50-qa-117,bounded_rag,0.5595377451219761,7.734099999652244,483.47669999930076,491.770337744075,one shared preloaded model
conv-50-qa-118,bounded_rag,0.5595377451219761,7.542599996668287,483.47669999930076,491.57883774109104,one shared preloaded model
conv-50-qa-119,bounded_rag,0.5595377451219761,7.460799999535084,483.47669999930076,491.49703774395783,one shared preloaded model
conv-50-qa-120,bounded_rag,0.5595377451219761,4.95299999602139,330.5593000004592,336.07183774160256,one shared preloaded model
conv-50-qa-121,bounded_rag,0.5595377451219761,5.348699996829964,330.5593000004592,336.46753774241114,one shared preloaded model
conv-50-qa-122,bounded_rag,0.5595377451219761,5.693200000678189,330.5593000004592,336.81203774625936,one shared preloaded model
conv-50-qa-123,bounded_rag,0.5595377451219761,9.163599999737926,330.5593000004592,340.2824377453191,one shared preloaded model
conv-50-qa-124,bounded_rag,0.5595377451219761,4.753199988044798,120.35224999999627,125.66498773316304,one shared preloaded model
conv-50-qa-125,bounded_rag,0.5595377451219761,4.380300000775605,120.35224999999627,125.29208774589385,one shared preloaded model
conv-50-qa-126,bounded_rag,0.5595377451219761,4.907800001092255,120.35224999999627,125.8195877462105,one shared preloaded model
conv-50-qa-127,bounded_rag,0.5595377451219761,4.503400006797165,120.35224999999627,125.41518775191541,one shared preloaded model
conv-50-qa-128,bounded_rag,0.5595377451219761,4.410399997141212,93.12217499973485,98.09211274199804,one shared preloaded model
conv-50-qa-129,bounded_rag,0.5595377451219761,3.7500000034924597,93.12217499973485,97.43171274834928,one shared preloaded model
conv-50-qa-130,bounded_rag,0.5595377451219761,3.689199991640635,93.12217499973485,97.37091273649746,one shared preloaded model
conv-50-qa-131,bounded_rag,0.5595377451219761,4.042000000481494,93.12217499973485,97.72371274533832,one shared preloaded model
conv-50-qa-132,bounded_rag,0.5595377451219761,4.637600010028109,315.5893000002834,320.7864377554335,one shared preloaded model
conv-50-qa-133,bounded_rag,0.5595377451219761,8.52800000575371,315.5893000002834,324.6768377511591,one shared preloaded model
conv-50-qa-134,bounded_rag,0.5595377451219761,7.598099997267127,315.5893000002834,323.7469377426725,one shared preloaded model
conv-50-qa-135,bounded_rag,0.5595377451219761,7.363900003838353,315.5893000002834,323.51273774924374,one shared preloaded model
conv-50-qa-136,bounded_rag,0.5595377451219761,4.741099997772835,136.6502999990189,141.95093774191372,one shared preloaded model
conv-50-qa-137,bounded_rag,0.5595377451219761,3.7683000118704513,136.6502999990189,140.97813775601134,one shared preloaded model
conv-50-qa-138,bounded_rag,0.5595377451219761,3.780800005188212,136.6502999990189,140.9906377493291,one shared preloaded model
conv-50-qa-139,bounded_rag,0.5595377451219761,3.800200007390231,136.6502999990189,141.01003775153112,one shared preloaded model
conv-50-qa-140,bounded_rag,0.5595377451219761,4.862999994657002,105.12149999703979,110.54403773681877,one shared preloaded model
conv-50-qa-141,bounded_rag,0.5595377451219761,8.788200007984415,105.12149999703979,114.46923775014618,one shared preloaded model
conv-50-qa-142,bounded_rag,0.5595377451219761,7.606300001498312,105.12149999703979,113.28733774366007,one shared preloaded model
conv-50-qa-143,bounded_rag,0.5595377451219761,7.480899992515333,105.12149999703979,113.1619377346771,one shared preloaded model
conv-50-qa-144,bounded_rag,0.5595377451219761,4.640099999960512,83.36400000189315,88.56363774697563,one shared preloaded model
conv-50-qa-145,bounded_rag,0.5595377451219761,3.7961000052746385,83.36400000189315,87.71963775228976,one shared preloaded model
conv-50-qa-146,bounded_rag,0.5595377451219761,3.8262000016402453,83.36400000189315,87.74973774865536,one shared preloaded model
conv-50-qa-147,bounded_rag,0.5595377451219761,6.6171999933430925,83.36400000189315,90.54073774035821,one shared preloaded model
conv-50-qa-148,bounded_rag,0.5595377451219761,4.773600012413226,79.49992499925429,84.83306275678949,one shared preloaded model
conv-50-qa-149,bounded_rag,0.5595377451219761,3.996899991761893,79.49992499925429,84.05636273613815,one shared preloaded model
conv-50-qa-150,bounded_rag,0.5595377451219761,4.350299990619533,79.49992499925429,84.4097627349958,one shared preloaded model
conv-50-qa-151,bounded_rag,0.5595377451219761,4.470699990633875,79.49992499925429,84.53016273501014,one shared preloaded model
conv-50-qa-152,bounded_rag,0.5595377451219761,4.5261999912327155,137.0263499993598,142.1120877357145,one shared preloaded model
conv-50-qa-153,bounded_rag,0.5595377451219761,4.770999992615543,137.0263499993598,142.35688773709734,one shared preloaded model
conv-50-qa-154,bounded_rag,0.5595377451219761,4.619600003934465,137.0263499993598,142.20548774841626,one shared preloaded model
conv-50-qa-155,bounded_rag,0.5595377451219761,4.6144000079948455,137.0263499993598,142.20028775247664,one shared preloaded model
conv-50-qa-156,bounded_rag,0.5595377451219761,4.9300999962724745,124.05939999734983,129.5490377387443,one shared preloaded model
conv-50-qa-157,bounded_rag,0.5595377451219761,3.9388000004692003,124.05939999734983,128.55773774294101,one shared preloaded model
conv-50-qa-158,bounded_rag,0.5595377451219761,4.627500005881302,124.05939999734983,129.24643774835312,one shared preloaded model
conv-50-qa-159,bounded_rag,0.5595377451219761,4.356699995696545,124.05939999734983,128.97563773816836,one shared preloaded model
conv-50-qa-160,bounded_rag,0.5595377451219761,4.801899995072745,221.50397500081453,226.86541274100927,one shared preloaded model
conv-50-qa-161,bounded_rag,0.5595377451219761,8.07630000053905,221.50397500081453,230.13981274647557,one shared preloaded model
conv-50-qa-162,bounded_rag,0.5595377451219761,7.801599989761598,221.50397500081453,229.86511273569812,one shared preloaded model
conv-50-qa-163,bounded_rag,0.5595377451219761,7.503900007577613,221.50397500081453,229.56741275351413,one shared preloaded model
conv-50-qa-164,bounded_rag,0.5595377451219761,4.639699996914715,75.02529999692342,80.22453773896011,one shared preloaded model
conv-50-qa-165,bounded_rag,0.5595377451219761,7.737399995676242,75.02529999692342,83.32223773772164,one shared preloaded model
conv-50-qa-166,bounded_rag,0.5595377451219761,8.170299988705665,75.02529999692342,83.75513773075106,one shared preloaded model
conv-50-qa-167,bounded_rag,0.5595377451219761,7.690999991609715,75.02529999692342,83.27583773365511,one shared preloaded model
conv-50-qa-168,bounded_rag,0.5595377451219761,4.531800004770048,73.41232499675243,78.50366274664445,one shared preloaded model
conv-50-qa-169,bounded_rag,0.5595377451219761,4.249099991284311,73.41232499675243,78.22096273315871,one shared preloaded model
conv-50-qa-170,bounded_rag,0.5595377451219761,6.426699997973628,73.41232499675243,80.39856273984803,one shared preloaded model
conv-50-qa-171,bounded_rag,0.5595377451219761,5.3303000022424385,73.41232499675243,79.30216274411684,one shared preloaded model
conv-50-qa-172,bounded_rag,0.5595377451219761,4.425199993420392,247.65569999726722,252.6404377358096,one shared preloaded model
conv-50-qa-173,bounded_rag,0.5595377451219761,7.747900002868846,247.65569999726722,255.96313774525805,one shared preloaded model
conv-50-qa-174,bounded_rag,0.5595377451219761,7.719100001850165,247.65569999726722,255.93433774423937,one shared preloaded model
conv-50-qa-175,bounded_rag,0.5595377451219761,7.558600002084859,247.65569999726722,255.77383774447406,one shared preloaded model
conv-50-qa-176,bounded_rag,0.5595377451219761,5.021000004489906,139.5494249991316,145.12996274874348,one shared preloaded model
conv-50-qa-177,bounded_rag,0.5595377451219761,8.83770000655204,139.5494249991316,148.94666275080561,one shared preloaded model
conv-50-qa-178,bounded_rag,0.5595377451219761,8.052999997744337,139.5494249991316,148.1619627419979,one shared preloaded model
conv-50-qa-179,bounded_rag,0.5595377451219761,5.397200002335012,139.5494249991316,145.5061627465886,one shared preloaded model
conv-50-qa-180,bounded_rag,0.5595377451219761,4.5849000016460195,260.74392500231625,265.88836274908425,one shared preloaded model
conv-50-qa-181,bounded_rag,0.5595377451219761,5.192600001464598,260.74392500231625,266.49606274890283,one shared preloaded model
conv-50-qa-182,bounded_rag,0.5595377451219761,4.676600001403131,260.74392500231625,265.98006274884136,one shared preloaded model
conv-50-qa-183,bounded_rag,0.5595377451219761,4.5402999967336655,260.74392500231625,265.8437627441719,one shared preloaded model
conv-50-qa-184,bounded_rag,0.5595377451219761,4.49300000036601,83.9969500011648,89.04948774665279,one shared preloaded model
conv-50-qa-185,bounded_rag,0.5595377451219761,8.101999992504716,83.9969500011648,92.6584877387915,one shared preloaded model
conv-50-qa-186,bounded_rag,0.5595377451219761,7.588499996927567,83.9969500011648,92.14498774321434,one shared preloaded model
conv-50-qa-187,bounded_rag,0.5595377451219761,7.6172999979462475,83.9969500011648,92.17378774423302,one shared preloaded model
conv-50-qa-188,bounded_rag,0.5595377451219761,4.693399998359382,110.16307499812683,115.41601274160818,one shared preloaded model
conv-50-qa-189,bounded_rag,0.5595377451219761,4.443199999514036,110.16307499812683,115.16581274276284,one shared preloaded model
conv-50-qa-190,bounded_rag,0.5595377451219761,4.75890000234358,110.16307499812683,115.48151274559238,one shared preloaded model
conv-50-qa-191,bounded_rag,0.5595377451219761,3.8475000037578866,110.16307499812683,114.57011274700669,one shared preloaded model
conv-50-qa-192,bounded_rag,0.5595377451219761,4.523900002823211,76.37255000008736,81.45598774803254,one shared preloaded model
conv-50-qa-193,bounded_rag,0.5595377451219761,8.226899997680448,76.37255000008736,85.15898774288978,one shared preloaded model
conv-50-qa-194,bounded_rag,0.5595377451219761,7.627099999808706,76.37255000008736,84.55918774501804,one shared preloaded model
conv-50-qa-195,bounded_rag,0.5595377451219761,7.474400001228787,76.37255000008736,84.40648774643812,one shared preloaded model
conv-50-qa-196,bounded_rag,0.5595377451219761,4.506400000536814,75.61105000058888,80.67698774624766,one shared preloaded model
conv-50-qa-197,bounded_rag,0.5595377451219761,4.378199999337085,75.61105000058888,80.54878774504793,one shared preloaded model
conv-50-qa-198,bounded_rag,0.5595377451219761,5.093500003567897,75.61105000058888,81.26408774927874,one shared preloaded model
conv-50-qa-199,bounded_rag,0.5595377451219761,4.805999997188337,75.61105000058888,80.97658774289918,one shared preloaded model
conv-50-qa-200,bounded_rag,0.5595377451219761,4.600699990987778,127.04997499895399,132.21021273506375,one shared preloaded model
conv-50-qa-201,bounded_rag,0.5595377451219761,4.72849998914171,127.04997499895399,132.33801273321768,one shared preloaded model
conv-50-qa-202,bounded_rag,0.5595377451219761,4.45150000450667,127.04997499895399,132.06101274858264,one shared preloaded model
conv-50-qa-203,bounded_rag,0.5595377451219761,4.604900008416735,127.04997499895399,132.2144127524927,one shared preloaded model
