example_id,agent,update_ms,read_ms,generation_ms,end_to_end_ms,model_loading_policy
syn-8a24c490f66e0d03,vanilla,0.47759999870322645,0.0010000003385357559,513.3184999995137,513.7970999985555,one shared preloaded model
syn-60bdba84d7150097,vanilla,0.031600000511389226,0.0005999991117278114,187.7080999984173,187.74029999804043,one shared preloaded model
syn-53ed452583131d31,vanilla,0.030199998946045525,0.0005999991117278114,191.98469999901135,192.01549999706913,one shared preloaded model
syn-5b0f4bc9237445b7,vanilla,0.03440000000409782,0.0006000009307172149,201.0394000008091,201.07440000174392,one shared preloaded model
syn-13edf32e39fe3765,vanilla,0.0486999997519888,0.0005000001692678779,190.34089999877324,190.3900999986945,one shared preloaded model
syn-b4390d007b5ef7f8,vanilla,0.027300000510877,0.0005000001692678779,188.69869999980438,188.72650000048452,one shared preloaded model
syn-861d036fb5eba4c2,vanilla,0.026899999284069054,0.0005000001692678779,190.31119999999646,190.3385999994498,one shared preloaded model
syn-2540f1cab553a52e,vanilla,0.027100000806967728,0.0004999983502784744,190.5557999998564,190.58339999901364,one shared preloaded model
syn-579e6c88ef0966fc,vanilla,0.028399999791872688,0.0005000001692678779,190.65020000016375,190.6791000001249,one shared preloaded model
syn-969dbbd9bede135e,vanilla,0.03730000025825575,0.0004000012268079445,193.83469999957015,193.8724000010552,one shared preloaded model
syn-c10dd64649776fe7,vanilla,0.039200000173877925,0.0005000001692678779,192.18329999966954,192.2230000000127,one shared preloaded model
syn-bb14aa81d58f596a,vanilla,0.02809999932651408,0.0004999983502784744,190.9142000004067,190.9427999980835,one shared preloaded model
syn-1539909d7d3f1fa2,vanilla,0.02849999873433262,0.0005000001692678779,192.29570000061358,192.32469999951718,one shared preloaded model
syn-71eba46801356739,vanilla,0.025999999706982635,0.0005000001692678779,190.2829999999085,190.30949999978475,one shared preloaded model
syn-9de2464dd831978c,vanilla,0.03549999928509351,0.0006000009307172149,191.81360000038694,191.84970000060275,one shared preloaded model
syn-2007ee011a28494d,vanilla,0.02620000122988131,0.00039999940781854093,192.1915999992052,192.2181999998429,one shared preloaded model
syn-34a2be23fb5d07eb,vanilla,0.02499999936844688,0.0002999986463692039,187.27930000022752,187.30459999824234,one shared preloaded model
syn-a90bf50c398f1e86,vanilla,0.03130000004603062,0.00039999940781854093,190.3186999988975,190.35039999835135,one shared preloaded model
syn-d7d7cc6bb0d62c01,vanilla,0.027100000806967728,0.00039999940781854093,192.61220000043977,192.63970000065456,one shared preloaded model
syn-5393cd085e43abb8,vanilla,0.02809999932651408,0.00039999940781854093,192.441899998812,192.47039999754634,one shared preloaded model
syn-0ad7a8e818b1a5d2,vanilla,0.02620000122988131,0.0005999991117278114,187.55140000030224,187.57820000064385,one shared preloaded model
syn-9114b4cc4d33be2b,vanilla,0.025499999537714757,0.0005000001692678779,190.01659999958065,190.04259999928763,one shared preloaded model
syn-db423ff4850b6f09,vanilla,0.02640000093379058,0.0004999983502784744,188.6904000002687,188.71729999955278,one shared preloaded model
syn-6fc8aac5c7ba2689,vanilla,0.03060000017285347,0.0006000009307172149,185.7873999997537,185.81860000085726,one shared preloaded model
syn-d67359e040231402,vanilla,0.02539999877626542,0.0005999991117278114,189.53099999998813,189.55699999787612,one shared preloaded model
syn-9012ae10bb547433,vanilla,0.037200001315795816,0.0005999991117278114,186.9485999995959,186.98640000002342,one shared preloaded model
syn-5a6d47d41b8cefc7,vanilla,0.024200000552809797,0.00039999940781854093,192.30239999888,192.32699999884062,one shared preloaded model
syn-0846284ec2ada743,vanilla,0.03310000101919286,0.00039999940781854093,185.49940000048082,185.53290000090783,one shared preloaded model
syn-d79ac77e89a7458d,vanilla,0.02640000093379058,0.0005000001692678779,186.11760000021604,186.1445000013191,one shared preloaded model
syn-5daf5292727314bf,vanilla,0.02750000021478627,0.00039999940781854093,190.58070000028238,190.60859999990498,one shared preloaded model
syn-f1bd6c303029c406,vanilla,0.03190000097674783,0.0005000001692678779,191.2093000009918,191.2417000021378,one shared preloaded model
syn-acbc03459113dbbd,vanilla,0.025000001187436283,0.0005000001692678779,189.34409999928903,189.36960000064573,one shared preloaded model
syn-2cc0a66e4b65871a,vanilla,0.03420000030018855,0.0006000009307172149,191.11159999920346,191.14640000043437,one shared preloaded model
syn-0d8c5c79d87b5f30,vanilla,0.02300000051036477,0.00030000046535860747,191.13749999996799,191.1608000009437,one shared preloaded model
syn-2b302d8d4702b75b,vanilla,0.0259000007645227,0.0004000012268079445,190.83820000014384,190.86450000213517,one shared preloaded model
syn-dd53354de8cd00c6,vanilla,0.02499999936844688,0.0005000001692678779,192.34230000074604,192.36780000028375,one shared preloaded model
syn-ae1f20ebf18ddedb,vanilla,0.03219999962311704,0.0005000001692678779,184.73510000148963,184.767800001282,one shared preloaded model
syn-e3a9d1182ee5641f,vanilla,0.023599999622092582,0.0005000001692678779,198.04730000032578,198.07140000011714,one shared preloaded model
syn-4bda76b13e8cf818,vanilla,0.02539999877626542,0.00039999940781854093,190.70810000084748,190.73389999903156,one shared preloaded model
syn-12eab36269130ea5,vanilla,0.02629999835335184,0.0006000009307172149,188.44220000028145,188.46909999956551,one shared preloaded model
syn-637dd8e15770335c,vanilla,0.046299999667098746,0.0005000001692678779,192.57350000043516,192.62030000027153,one shared preloaded model
syn-f0946f3561824cd3,vanilla,0.032500000088475645,0.0005000001692678779,187.44949999927485,187.4824999995326,one shared preloaded model
syn-27cc42527061d886,vanilla,0.03389999983482994,0.00039999940781854093,192.53009999920323,192.56439999844588,one shared preloaded model
syn-fa256f5f1886a0f3,vanilla,0.02559999848017469,0.0006000009307172149,188.2677000012336,188.2939000006445,one shared preloaded model
syn-28cf404c86f22feb,vanilla,0.024700000722077675,0.0005999991117278114,187.73870000040915,187.76400000024296,one shared preloaded model
syn-295f75a8c73a907c,vanilla,0.025699999241624027,0.0005000001692678779,188.40719999934663,188.43339999875752,one shared preloaded model
syn-a3a312c0d7466c28,vanilla,0.03429999924264848,0.0005000001692678779,188.34569999853557,188.38049999794748,one shared preloaded model
syn-3cd6990d63fbe383,vanilla,0.03400000059627928,0.0006000009307172149,187.39569999888772,187.43030000041472,one shared preloaded model
syn-e2473ee10df25b44,vanilla,0.02499999936844688,0.0005000001692678779,190.79520000013872,190.82069999967644,one shared preloaded model
syn-4e91ab66bf320793,vanilla,0.026499999876250513,0.0006999998731771484,187.72589999935008,187.7530999990995,one shared preloaded model
syn-3b1804153fd274a9,vanilla,0.026199999410891905,0.0005000001692678779,189.84799999998359,189.87469999956375,one shared preloaded model
syn-d26871934d18eeb9,vanilla,0.028000000384054147,0.0005000001692678779,187.11390000134998,187.1424000019033,one shared preloaded model
syn-abbc7af43ab942e8,vanilla,0.03619999915827066,0.0005000001692678779,192.12429999970482,192.16099999903236,one shared preloaded model
syn-df0d8ca32875e6f9,vanilla,0.03149999974993989,0.0004999983502784744,192.28909999947064,192.32109999757085,one shared preloaded model
syn-bff5383add606724,vanilla,0.026100000468431972,0.0005000001692678779,192.60200000098848,192.62860000162618,one shared preloaded model
syn-6b96d49b7c661246,vanilla,0.026499999876250513,0.0005999991117278114,190.63959999948565,190.66669999847363,one shared preloaded model
syn-6accd9b1b0371265,vanilla,0.02559999848017469,0.0005000001692678779,191.17550000009942,191.20159999874886,one shared preloaded model
syn-3c985bc64502f79d,vanilla,0.035600000046542846,0.0006000009307172149,189.82470000082685,189.8609000018041,one shared preloaded model
syn-8ae8d50a4f81bf00,vanilla,0.03319999996165279,0.0005000001692678779,188.82549999943876,188.85919999956968,one shared preloaded model
syn-2a7936bb8606e396,vanilla,0.02719999974942766,0.0005000001692678779,189.34530000115046,189.37300000106916,one shared preloaded model
syn-72d01d8b036611a2,vanilla,0.026700001399149187,0.0006000009307172149,185.4538000006869,185.48110000301676,one shared preloaded model
syn-2ef0237652347e1e,vanilla,0.027300000510877,0.0006999998731771484,189.7024000008969,189.73040000128094,one shared preloaded model
syn-2a55ac2eedf7a009,vanilla,0.03789999936998356,0.0006000009307172149,192.24430000031134,192.28280000061204,one shared preloaded model
syn-c9efc4d9b448370c,vanilla,0.03339999966556206,0.0006999998731771484,184.70760000127484,184.74170000081358,one shared preloaded model
syn-6574558be08f4b1d,vanilla,0.03609999839682132,0.0006999998731771484,189.88729999909992,189.92409999736992,one shared preloaded model
syn-ad27201e8da092ee,vanilla,0.028200000087963417,0.0004000012268079445,188.2307000014407,188.25930000275548,one shared preloaded model
syn-2f4562fb5b6e1003,vanilla,0.026699999580159783,0.0005000001692678779,187.55509999937203,187.58229999912146,one shared preloaded model
syn-ae7a017ce8696d3c,vanilla,0.025400000595254824,0.0005000001692678779,190.80770000073244,190.83360000149696,one shared preloaded model
syn-f827e6fad53674ab,vanilla,0.03339999966556206,0.0004000012268079445,188.74030000006314,188.7741000009555,one shared preloaded model
syn-c8d62d295a3ca10f,vanilla,0.033099999200203456,0.0007999988156370819,197.33009999981732,197.36399999783316,one shared preloaded model
syn-40b7cac8143111e8,vanilla,0.025600000299164094,0.0005999991117278114,193.12100000024657,193.14719999965746,one shared preloaded model
syn-6cf32fbe90cd007a,vanilla,0.02409999979136046,0.00030000046535860747,186.9154999985767,186.93989999883343,one shared preloaded model
syn-3377d3274c60a1f5,vanilla,0.025100000129896216,0.0004000012268079445,189.7055999997974,189.73110000115412,one shared preloaded model
syn-5fd46702d09ae565,vanilla,0.06409999878087547,0.0013000008038943633,197.3995999996987,197.46499999928346,one shared preloaded model
syn-66f8ff1775ac6a98,vanilla,0.027900001441594213,0.0005000001692678779,187.30419999883452,187.33260000044538,one shared preloaded model
syn-3ba580d4e1863727,vanilla,0.025200000891345553,0.0005000001692678779,190.33350000063365,190.35920000169426,one shared preloaded model
syn-1198213e7ed30c70,vanilla,0.025499999537714757,0.0005000001692678779,185.24799999977404,185.27399999948102,one shared preloaded model
syn-3e6c9728007e84fb,vanilla,0.025099998310906813,0.0004999983502784744,196.29110000096262,196.3166999976238,one shared preloaded model
syn-33c7c5daf85e9bfa,vanilla,0.025800000003073364,0.00039999940781854093,188.00259999989066,188.02879999930155,one shared preloaded model
syn-efc04838a1bc5623,vanilla,0.03619999915827066,0.0005000001692678779,191.8418000004749,191.87849999980244,one shared preloaded model
syn-4f3c833d627ef4d2,vanilla,0.02629999835335184,0.00039999940781854093,184.14510000002338,184.17179999778455,one shared preloaded model
syn-539136a050bf636c,vanilla,0.02570000106061343,0.00039999940781854093,186.04339999910735,186.06949999957578,one shared preloaded model
syn-b92c2c7bf6a9ff92,vanilla,0.027099998987978324,0.00039999940781854093,189.39810000119905,189.42559999959485,one shared preloaded model
syn-5dd2cffeb81cd021,vanilla,0.03339999966556206,0.0005000001692678779,187.67680000019027,187.7107000000251,one shared preloaded model
syn-af5d50df4306665c,vanilla,0.030399998649954796,0.00039999940781854093,191.80020000021614,191.8309999982739,one shared preloaded model
syn-6a82adbb938956c9,vanilla,0.027399999453336932,0.0007999988156370819,190.54969999888272,190.5778999971517,one shared preloaded model
syn-7567e9b026919223,vanilla,0.02700000004551839,0.0004999983502784744,186.50669999988168,186.53419999827747,one shared preloaded model
syn-986098b7390f2e8a,vanilla,0.02499999936844688,0.0005000001692678779,184.90829999973357,184.9337999992713,one shared preloaded model
syn-fa2a92d255b5c0b9,vanilla,0.02499999936844688,0.0005000001692678779,190.28330000037386,190.30879999991157,one shared preloaded model
syn-5949ddf795621210,vanilla,0.032699999792384915,0.00039999940781854093,190.11049999971874,190.14359999891894,one shared preloaded model
syn-9e1def135dc2fb17,vanilla,0.031100000342121348,0.00039999940781854093,183.7374999995518,183.76899999930174,one shared preloaded model
syn-b651ce04909b1633,vanilla,0.03000000106112566,0.0006000009307172149,188.55810000059137,188.5887000025832,one shared preloaded model
syn-548d563ebf2632ca,vanilla,0.02370000038354192,0.00030000046535860747,189.5996000002924,189.6236000011413,one shared preloaded model
syn-5d27f3eef785e3f0,vanilla,0.024000000848900527,0.0005000001692678779,191.7170000015176,191.74150000253576,one shared preloaded model
syn-c77ffd513821f0d9,vanilla,0.02350000067963265,0.0005000001692678779,189.70049999916228,189.72450000001118,one shared preloaded model
syn-e5e05b3b05a90b44,vanilla,0.035000000934815034,0.0006000009307172149,190.55899999875692,190.59460000062245,one shared preloaded model
syn-dd842f7938238363,vanilla,0.032899999496294186,0.0006000009307172149,187.37220000002708,187.4057000004541,one shared preloaded model
syn-6a198de45ff9f216,vanilla,0.03459999970800709,0.0005000001692678779,188.6754999995901,188.71059999946738,one shared preloaded model
syn-9727a412bf884b91,vanilla,0.025800000003073364,0.0005000001692678779,187.52560000029916,187.5519000004715,one shared preloaded model
syn-026eb39de0a0e851,vanilla,0.02620000122988131,0.0005000001692678779,191.08119999873452,191.10790000013367,one shared preloaded model
syn-8a24c490f66e0d03,window,0.05050000072515104,0.004099998477613553,455.64639999975043,455.7009999989532,one shared preloaded model
syn-60bdba84d7150097,window,0.042100000428035855,0.010100000508828089,538.9039999990928,538.9562000000296,one shared preloaded model
syn-53ed452583131d31,window,0.11650000124063808,0.00799999907030724,451.15869999972347,451.2832000000344,one shared preloaded model
syn-5b0f4bc9237445b7,window,0.04269999953976367,0.004300000000512227,507.3104000002786,507.3573999998189,one shared preloaded model
syn-13edf32e39fe3765,window,0.1353999996354105,0.010099998689838685,443.16799999978684,443.3134999981121,one shared preloaded model
syn-b4390d007b5ef7f8,window,0.04799999987881165,0.005699999746866524,442.6283000011608,442.6820000007865,one shared preloaded model
syn-861d036fb5eba4c2,window,0.06630000098084565,0.0039000005926936865,447.90610000018205,447.9763000017556,one shared preloaded model
syn-2540f1cab553a52e,window,0.04740000076708384,0.0037999998312443495,443.9031000001705,443.95430000076885,one shared preloaded model
syn-579e6c88ef0966fc,window,0.050099999498343095,0.007300001016119495,448.5631999996258,448.62060000014026,one shared preloaded model
syn-969dbbd9bede135e,window,0.04780000017490238,0.00399999953515362,453.23240000107035,453.2842000007804,one shared preloaded model
syn-c10dd64649776fe7,window,0.05400000009103678,0.004399998942972161,442.727499999819,442.785899998853,one shared preloaded model
syn-bb14aa81d58f596a,window,0.05020000025979243,0.003600000127335079,563.0748000003223,563.1286000007094,one shared preloaded model
syn-1539909d7d3f1fa2,window,0.05330000021785963,0.0040000013541430235,539.6909000010055,539.7482000025775,one shared preloaded model
syn-71eba46801356739,window,0.06290000055741984,0.006599999323952943,444.310900000346,444.3804000002274,one shared preloaded model
syn-9de2464dd831978c,window,0.06209999992279336,0.01089999932446517,421.3118999996368,421.38489999888407,one shared preloaded model
syn-2007ee011a28494d,window,0.04380000063974876,0.004300000000512227,441.84129999848665,441.8893999991269,one shared preloaded model
syn-34a2be23fb5d07eb,window,0.05129999954078812,0.00399999953515362,419.56390000086685,419.6191999999428,one shared preloaded model
syn-a90bf50c398f1e86,window,0.04059999992023222,0.0036999990697950125,445.08069999938016,445.1249999983702,one shared preloaded model
syn-d7d7cc6bb0d62c01,window,0.03990000004705507,0.003300001480965875,448.2485999997152,448.29180000124325,one shared preloaded model
syn-5393cd085e43abb8,window,0.04670000089390669,0.004300000000512227,448.08539999939967,448.1364000002941,one shared preloaded model
syn-0ad7a8e818b1a5d2,window,0.047199999244185165,0.004100000296602957,443.10089999999036,443.15219999953115,one shared preloaded model
syn-9114b4cc4d33be2b,window,0.04769999941345304,0.012600001355167478,443.60779999988154,443.66810000065016,one shared preloaded model
syn-db423ff4850b6f09,window,0.04819999958272092,0.008600000001024455,532.5902000004135,532.6469999999972,one shared preloaded model
syn-6fc8aac5c7ba2689,window,0.046099999963189475,0.00670000008540228,455.8938999998645,455.9466999999131,one shared preloaded model
syn-d67359e040231402,window,0.04000000080850441,0.008899998647393659,412.84779999841703,412.89669999787293,one shared preloaded model
syn-9012ae10bb547433,window,0.04259999877831433,0.011699999959091656,445.7756000010704,445.8298999998078,one shared preloaded model
syn-5a6d47d41b8cefc7,window,0.046999999540275894,0.0072999991971300915,329.1695999996591,329.2238999983965,one shared preloaded model
syn-0846284ec2ada743,window,0.04600000102072954,0.0036999990697950125,441.37250000130734,441.42220000139787,one shared preloaded model
syn-d79ac77e89a7458d,window,0.04220000118948519,0.012500000593718141,447.8022000002966,447.8569000020798,one shared preloaded model
syn-5daf5292727314bf,window,0.04819999958272092,0.008699998943484388,448.4480999999505,448.5049999984767,one shared preloaded model
syn-f1bd6c303029c406,window,0.04640000042854808,0.00399999953515362,440.215900000112,440.2663000000757,one shared preloaded model
syn-acbc03459113dbbd,window,0.04690000059781596,0.007599999662488699,520.9479999994073,521.0024999996676,one shared preloaded model
syn-2cc0a66e4b65871a,window,0.05830000009154901,0.004600000465870835,537.2143999993568,537.2772999999142,one shared preloaded model
syn-0d8c5c79d87b5f30,window,0.04839999928663019,0.004399998942972161,539.6402999995189,539.6930999977485,one shared preloaded model
syn-2b302d8d4702b75b,window,0.046299999667098746,0.019099999917671084,441.52699999904144,441.5923999986262,one shared preloaded model
syn-dd53354de8cd00c6,window,0.04529999932856299,0.003600000127335079,441.7465999995329,441.7954999989888,one shared preloaded model
syn-ae1f20ebf18ddedb,window,0.06430000030377414,0.004100000296602957,447.06629999927827,447.13469999987865,one shared preloaded model
syn-e3a9d1182ee5641f,window,0.05609999971056823,0.02890000178012997,449.7205000006943,449.805500002185,one shared preloaded model
syn-4bda76b13e8cf818,window,0.04749999970954377,0.003600000127335079,444.5728999999119,444.6239999997488,one shared preloaded model
syn-12eab36269130ea5,window,0.039399999877787195,0.00419999923906289,444.42200000048615,444.465599999603,one shared preloaded model
syn-637dd8e15770335c,window,0.0455999997939216,0.003800001650233753,449.1857000011805,449.2351000026247,one shared preloaded model
syn-f0946f3561824cd3,window,0.04569999873638153,0.0073999999585794285,444.6000999996613,444.6531999983563,one shared preloaded model
syn-27cc42527061d886,window,0.04199999966658652,0.006300000677583739,535.2311999995436,535.2794999998878,one shared preloaded model
syn-fa256f5f1886a0f3,window,0.06800000119255856,0.003899998773704283,507.66979999934847,507.74169999931473,one shared preloaded model
syn-28cf404c86f22feb,window,0.04180000178166665,0.0032999996619764715,421.1800000011863,421.2251000026299,one shared preloaded model
syn-295f75a8c73a907c,window,0.038300000596791506,0.0037999998312443495,448.3172000000195,448.35930000044755,one shared preloaded model
syn-a3a312c0d7466c28,window,0.06500000017695129,0.004699999408330768,358.1088999999338,358.17859999951907,one shared preloaded model
syn-3cd6990d63fbe383,window,0.044800000978284515,0.00399999953515362,453.67200000146113,453.72080000197457,one shared preloaded model
syn-e2473ee10df25b44,window,0.03929999911633786,0.003899998773704283,896.5023000000656,896.5454999979556,one shared preloaded model
syn-4e91ab66bf320793,window,0.04050000097777229,0.004100000296602957,449.15250000121887,449.19710000249324,one shared preloaded model
syn-3b1804153fd274a9,window,0.0473000000056345,0.0037999998312443495,449.75540000086767,449.80650000070455,one shared preloaded model
syn-d26871934d18eeb9,window,0.03839999953925144,0.0032999996619764715,539.7401999998692,539.7818999990704,one shared preloaded model
syn-abbc7af43ab942e8,window,0.04760000047099311,0.004100000296602957,496.08640000042215,496.13810000118974,one shared preloaded model
syn-df0d8ca32875e6f9,window,0.04710000030172523,0.0039000005926936865,535.5666000014025,535.617600002297,one shared preloaded model
syn-bff5383add606724,window,0.047799998355912976,0.003700000888784416,448.3173999997234,448.3688999989681,one shared preloaded model
syn-6b96d49b7c661246,window,0.04639999860955868,0.011000000085914508,444.0658999992593,444.12329999795475,one shared preloaded model
syn-6accd9b1b0371265,window,0.04019999869342428,0.003899998773704283,445.5281999998988,445.5722999973659,one shared preloaded model
syn-3c985bc64502f79d,window,0.04620000072463881,0.00399999953515362,440.3392000003805,440.3894000006403,one shared preloaded model
syn-8ae8d50a4f81bf00,window,0.03980000110459514,0.00419999923906289,458.8545000005979,458.89850000094157,one shared preloaded model
syn-2a7936bb8606e396,window,0.046299999667098746,0.00399999953515362,443.3915999998135,443.44189999901573,one shared preloaded model
syn-72d01d8b036611a2,window,0.046099999963189475,0.004200001058052294,446.4969000000565,446.5472000010777,one shared preloaded model
syn-2ef0237652347e1e,window,0.049000000217347406,0.006199999916134402,531.2474999991537,531.3026999992871,one shared preloaded model
syn-2a55ac2eedf7a009,window,0.15220000022964086,0.039000000469968654,452.30780000019877,452.4990000008984,one shared preloaded model
syn-c9efc4d9b448370c,window,0.03890000152750872,0.0037999998312443495,542.8584000001138,542.9011000014725,one shared preloaded model
syn-6574558be08f4b1d,window,0.044699998397845775,0.003600000127335079,456.008600000132,456.0568999986572,one shared preloaded model
syn-ad27201e8da092ee,window,0.038800000766059384,0.003600000127335079,492.0385000004899,492.08090000138327,one shared preloaded model
syn-2f4562fb5b6e1003,window,0.048800000513438135,0.0039000005926936865,360.73669999859703,360.78939999970316,one shared preloaded model
syn-ae7a017ce8696d3c,window,0.04579999949783087,0.00650000038149301,477.4828999998135,477.53519999969285,one shared preloaded model
syn-f827e6fad53674ab,window,0.04289999924367294,0.0035999983083456755,874.0106999994168,874.0571999969688,one shared preloaded model
syn-c8d62d295a3ca10f,window,0.044099999286117963,0.003399998604436405,446.87900000099035,446.9264999988809,one shared preloaded model
syn-40b7cac8143111e8,window,0.04509999962465372,0.007200000254670158,447.42020000012417,447.4725000000035,one shared preloaded model
syn-6cf32fbe90cd007a,window,0.05609999971056823,0.003600000127335079,537.5659000001178,537.6255999999557,one shared preloaded model
syn-3377d3274c60a1f5,window,0.04640000042854808,0.0037999998312443495,535.4635000003327,535.5137000005925,one shared preloaded model
syn-5fd46702d09ae565,window,0.03930000093532726,0.003499999365885742,449.4083000008686,449.45110000116983,one shared preloaded model
syn-66f8ff1775ac6a98,window,0.06519999988086056,0.004100000296602957,448.1135000005452,448.18280000072264,one shared preloaded model
syn-3ba580d4e1863727,window,0.04769999941345304,0.004100000296602957,451.5331000002334,451.58489999994345,one shared preloaded model
syn-1198213e7ed30c70,window,0.057699999160831794,0.004300000000512227,453.00920000045153,453.0711999996129,one shared preloaded model
syn-3e6c9728007e84fb,window,0.056599999879836105,0.0035000011848751456,442.44199999957345,442.50210000063817,one shared preloaded model
syn-33c7c5daf85e9bfa,window,0.042499999835854396,0.0039000005926936865,442.4816999999166,442.52810000034515,one shared preloaded model
syn-efc04838a1bc5623,window,0.03990000004705507,0.003600000127335079,456.960399998934,457.0038999991084,one shared preloaded model
syn-4f3c833d627ef4d2,window,0.046499999371008016,0.0034000004234258085,449.65140000022075,449.7013000000152,one shared preloaded model
syn-539136a050bf636c,window,0.044600001274375245,0.0034000004234258085,548.4906000001502,548.538600001848,one shared preloaded model
syn-b92c2c7bf6a9ff92,window,0.044099999286117963,0.0039000005926936865,445.1681999998982,445.216199999777,one shared preloaded model
syn-5dd2cffeb81cd021,window,0.045200000386103056,0.0039000005926936865,447.08019999961834,447.12930000059714,one shared preloaded model
syn-af5d50df4306665c,window,0.04400000034365803,0.0039000005926936865,438.58860000000277,438.6365000009391,one shared preloaded model
syn-6a82adbb938956c9,window,0.039599999581696466,0.00399999953515362,449.924499998815,449.96809999793186,one shared preloaded model
syn-7567e9b026919223,window,0.046099999963189475,0.003200000719516538,445.8145999997214,445.8639000004041,one shared preloaded model
syn-986098b7390f2e8a,window,0.0442000000475673,0.0040000013541430235,449.4168000001082,449.4650000015099,one shared preloaded model
syn-fa2a92d255b5c0b9,window,0.04599999920174014,0.0037999998312443495,444.2089999993186,444.2587999983516,one shared preloaded model
syn-5949ddf795621210,window,0.0455999997939216,0.03189999915775843,459.8047999988921,459.8822999978438,one shared preloaded model
syn-9e1def135dc2fb17,window,0.048600000809528865,0.004300000000512227,445.14089999938733,445.19380000019737,one shared preloaded model
syn-b651ce04909b1633,window,0.04540000009001233,0.003700000888784416,462.7942000006442,462.843300001623,one shared preloaded model
syn-548d563ebf2632ca,window,0.03719999949680641,0.003200000719516538,509.2073999985587,509.247799998775,one shared preloaded model
syn-5d27f3eef785e3f0,window,0.04549999903247226,0.00799999907030724,513.5090999992826,513.5625999973854,one shared preloaded model
syn-c77ffd513821f0d9,window,0.04189999890513718,0.0035000011848751456,416.0626000011689,416.1080000012589,one shared preloaded model
syn-e5e05b3b05a90b44,window,0.04450000051292591,0.007099999493220821,444.50359999973443,444.5551999997406,one shared preloaded model
syn-dd842f7938238363,window,0.039399999877787195,0.003899998773704283,441.6380000002391,441.6812999988906,one shared preloaded model
syn-6a198de45ff9f216,window,0.044499998693936504,0.006399999620043673,441.26849999884143,441.3193999971554,one shared preloaded model
syn-9727a412bf884b91,window,0.04640000042854808,0.006600001142942347,444.19679999919026,444.24980000076175,one shared preloaded model
syn-026eb39de0a0e851,window,0.03619999915827066,0.0027999994927085936,446.0280999992392,446.0670999978902,one shared preloaded model
syn-8a24c490f66e0d03,rag,64.5927000005031,8.538099998986581,338.47849999983737,411.60929999932705,one shared preloaded model
syn-60bdba84d7150097,rag,23.1249000007665,8.590400000684895,339.93370000098366,371.64900000243506,one shared preloaded model
syn-53ed452583131d31,rag,22.68940000067232,4.773800001203199,322.3273999992671,349.7906000011426,one shared preloaded model
syn-5b0f4bc9237445b7,rag,21.919500000876724,8.214699999371078,324.79390000116837,354.92810000141617,one shared preloaded model
syn-13edf32e39fe3765,rag,22.16260000022885,3.8957999986450886,252.50430000050983,278.56269999938377,one shared preloaded model
syn-b4390d007b5ef7f8,rag,20.574699999997392,3.9879999985714676,293.59520000070916,318.157899999278,one shared preloaded model
syn-861d036fb5eba4c2,rag,22.431999999753316,7.820000000720029,167.62200000084704,197.87400000132038,one shared preloaded model
syn-2540f1cab553a52e,rag,30.774699998801225,4.504999998971471,597.6174999996147,632.8971999973874,one shared preloaded model
syn-579e6c88ef0966fc,rag,22.96329999990121,4.531800001132069,587.4421999997139,614.9373000007472,one shared preloaded model
syn-969dbbd9bede135e,rag,21.6498000008869,8.017000000108965,351.4914999996108,381.1583000006067,one shared preloaded model
syn-c10dd64649776fe7,rag,20.927900000970112,4.414500001075794,308.97619999996095,334.31860000200686,one shared preloaded model
syn-bb14aa81d58f596a,rag,21.866299999601324,7.964700000229641,377.23730000107025,407.0683000009012,one shared preloaded model
syn-1539909d7d3f1fa2,rag,22.110100000645616,8.058800000071642,322.22270000056596,352.3916000012832,one shared preloaded model
syn-71eba46801356739,rag,21.801400000185822,3.9013000005070353,322.44249999894237,348.1451999996352,one shared preloaded model
syn-9de2464dd831978c,rag,20.425900000191177,4.626699999789707,249.04680000145163,274.0994000014325,one shared preloaded model
syn-2007ee011a28494d,rag,19.272400000772905,5.255800000668387,392.6203999999416,417.1486000013829,one shared preloaded model
syn-34a2be23fb5d07eb,rag,22.13599999959115,5.457400000523194,148.72360000117624,176.31700000129058,one shared preloaded model
syn-a90bf50c398f1e86,rag,38.07529999903636,8.808900000076392,339.05310000045574,385.9372999995685,one shared preloaded model
syn-d7d7cc6bb0d62c01,rag,22.65389999956824,8.759300000747317,569.6597999994992,601.0729999998148,one shared preloaded model
syn-5393cd085e43abb8,rag,21.224800000709365,8.120200000121258,264.7670999995171,294.1121000003477,one shared preloaded model
syn-0ad7a8e818b1a5d2,rag,21.19189999939408,8.186000000932836,292.24190000059025,321.61980000091717,one shared preloaded model
syn-9114b4cc4d33be2b,rag,22.33929999965767,8.51399999919522,370.92240000129095,401.77570000014384,one shared preloaded model
syn-db423ff4850b6f09,rag,22.886999999172986,8.076999998593237,358.76050000115356,389.7244999989198,one shared preloaded model
syn-6fc8aac5c7ba2689,rag,22.226999999475083,6.229000000530505,309.3864999991638,337.8424999991694,one shared preloaded model
syn-d67359e040231402,rag,20.953899998858105,8.360300000276766,278.601099998923,307.9152999980579,one shared preloaded model
syn-9012ae10bb547433,rag,22.173399998791865,8.457299998553935,354.16240000085963,384.79309999820543,one shared preloaded model
syn-5a6d47d41b8cefc7,rag,22.105300000475836,5.105799999000737,138.80859999881068,166.01969999828725,one shared preloaded model
syn-0846284ec2ada743,rag,39.28510000150709,8.875600000465056,350.0314000011713,398.1921000031434,one shared preloaded model
syn-d79ac77e89a7458d,rag,21.701699999539414,7.997799999429844,586.4388999998482,616.1383999988175,one shared preloaded model
syn-5daf5292727314bf,rag,21.921499999734806,7.987300001332187,244.88520000159042,274.7940000026574,one shared preloaded model
syn-f1bd6c303029c406,rag,19.587400000091293,4.658199999539647,339.6675000003597,363.91309999999066,one shared preloaded model
syn-acbc03459113dbbd,rag,21.584899999652407,8.15849999889906,331.8779999990511,361.62139999760257,one shared preloaded model
syn-2cc0a66e4b65871a,rag,21.520500000406173,6.475899999713874,367.60789999971166,395.6042999998317,one shared preloaded model
syn-0d8c5c79d87b5f30,rag,21.831999998539686,8.028899999771966,347.9645999996137,377.82549999792536,one shared preloaded model
syn-2b302d8d4702b75b,rag,20.884399998976733,4.663300000174786,254.93360000109533,280.48130000024685,one shared preloaded model
syn-dd53354de8cd00c6,rag,20.312099999500788,8.873099999618717,315.644300000713,344.8294999998325,one shared preloaded model
syn-ae1f20ebf18ddedb,rag,21.688799999537878,6.023500000083004,152.62090000032913,180.33319999995,one shared preloaded model
syn-e3a9d1182ee5641f,rag,36.98149999945599,4.177099999651546,347.1014999995532,388.26009999866073,one shared preloaded model
syn-4bda76b13e8cf818,rag,22.160900000017136,7.754800000839168,531.8566000005376,561.7723000013939,one shared preloaded model
syn-12eab36269130ea5,rag,21.292700001140474,4.867600000579841,351.72679999959655,377.88710000131687,one shared preloaded model
syn-637dd8e15770335c,rag,21.64450000054785,7.938700000522658,323.1433000000834,352.7265000011539,one shared preloaded model
syn-f0946f3561824cd3,rag,22.263500000917702,4.655800001273747,375.19849999989674,402.1178000020882,one shared preloaded model
syn-27cc42527061d886,rag,21.58159999999043,4.509700000198791,357.92939999919327,384.0206999993825,one shared preloaded model
syn-fa256f5f1886a0f3,rag,21.669399999154848,4.3382999992900295,338.3670000002894,364.3746999987343,one shared preloaded model
syn-28cf404c86f22feb,rag,20.755800000188174,5.199799999900279,252.75370000053954,278.709300000628,one shared preloaded model
syn-295f75a8c73a907c,rag,21.634400000039022,8.218599999963772,353.39439999916067,383.24739999916346,one shared preloaded model
syn-a3a312c0d7466c28,rag,19.160499999998137,8.13660000130767,170.22090000136814,197.51800000267394,one shared preloaded model
syn-3cd6990d63fbe383,rag,29.860300001018913,5.6696999999985565,342.0791000007739,377.6091000017914,one shared preloaded model
syn-e2473ee10df25b44,rag,22.299199999906705,4.5470000004570466,596.5125999991869,623.3587999995507,one shared preloaded model
syn-4e91ab66bf320793,rag,21.497600000657258,8.206399999835412,354.0558999993664,383.75989999985904,one shared preloaded model
syn-3b1804153fd274a9,rag,22.234500000195112,4.184799998256494,325.2329999995709,351.6522999980225,one shared preloaded model
syn-d26871934d18eeb9,rag,21.350799999709125,4.037200000311714,335.7156000001851,361.1036000002059,one shared preloaded model
syn-abbc7af43ab942e8,rag,21.865799999432056,4.868500000156928,338.3530000010069,365.08730000059586,one shared preloaded model
syn-df0d8ca32875e6f9,rag,22.263200000452343,4.9772999991546385,342.8717000006145,370.1122000002215,one shared preloaded model
syn-bff5383add606724,rag,21.089300000312505,4.625300000043353,254.7684000001027,280.48300000045856,one shared preloaded model
syn-6b96d49b7c661246,rag,21.236900000076275,4.838200000449433,341.17109999897366,367.24619999949937,one shared preloaded model
syn-6accd9b1b0371265,rag,21.173600000111037,7.864299999710056,168.84529999879305,197.88319999861415,one shared preloaded model
syn-3c985bc64502f79d,rag,30.302299999675597,5.003800000849878,344.39630000088073,379.7024000014062,one shared preloaded model
syn-8ae8d50a4f81bf00,rag,21.672799999578274,4.902799999399576,543.2290999997349,569.8046999987127,one shared preloaded model
syn-2a7936bb8606e396,rag,21.05440000013914,4.768500000864151,341.8564999992668,367.6794000002701,one shared preloaded model
syn-72d01d8b036611a2,rag,21.53120000002673,4.044100000101025,371.8442999997933,397.41959999992105,one shared preloaded model
syn-2ef0237652347e1e,rag,21.84330000090995,4.826400001547881,339.03339999960735,365.7031000020652,one shared preloaded model
syn-2a55ac2eedf7a009,rag,22.46220000051835,8.273199999166536,320.6875999985641,351.422999998249,one shared preloaded model
syn-c9efc4d9b448370c,rag,21.649000000252272,8.227300000726245,337.3699999992823,367.2463000002608,one shared preloaded model
syn-6574558be08f4b1d,rag,23.162700001194025,7.932599999548984,262.8919000017049,293.98720000244793,one shared preloaded model
syn-ad27201e8da092ee,rag,22.5812999997288,8.362900000065565,351.82890000032785,382.7731000001222,one shared preloaded model
syn-2f4562fb5b6e1003,rag,21.268500000587665,8.005400000911322,176.43470000075467,205.70860000225366,one shared preloaded model
syn-ae7a017ce8696d3c,rag,27.64759999990929,4.673400000683614,351.28680000161694,383.60780000220984,one shared preloaded model
syn-f827e6fad53674ab,rag,22.14089999870339,4.034700001284364,523.0307999991055,549.2063999990933,one shared preloaded model
syn-c8d62d295a3ca10f,rag,21.740399999544024,8.114599999316852,328.2264999998006,358.08149999866146,one shared preloaded model
syn-40b7cac8143111e8,rag,21.476600000823964,4.454400001122849,328.6102000001847,354.5412000021315,one shared preloaded model
syn-6cf32fbe90cd007a,rag,20.85119999901508,8.41509999918344,369.5679000011296,398.8341999993281,one shared preloaded model
syn-3377d3274c60a1f5,rag,21.31349999945087,4.668199999287026,314.22569999995176,340.20739999868965,one shared preloaded model
syn-5fd46702d09ae565,rag,20.924399999785237,3.940499998861924,341.64419999979145,366.5090999984386,one shared preloaded model
syn-66f8ff1775ac6a98,rag,20.968000000721077,7.593700000143144,246.57309999929566,275.1348000001599,one shared preloaded model
syn-3ba580d4e1863727,rag,20.212800000081188,4.482699998334283,329.6983000000182,354.3937999984337,one shared preloaded model
syn-1198213e7ed30c70,rag,22.666400000161957,3.9569000000483356,114.45699999967474,141.08029999988503,one shared preloaded model
syn-3e6c9728007e84fb,rag,39.5146000009845,6.644499999310938,335.14649999960966,381.3055999999051,one shared preloaded model
syn-33c7c5daf85e9bfa,rag,21.766799998658826,7.988699999259552,583.1880000005185,612.9434999984369,one shared preloaded model
syn-efc04838a1bc5623,rag,22.173299999849405,4.5755999999528285,339.109800001097,365.85870000089926,one shared preloaded model
syn-4f3c833d627ef4d2,rag,24.362800000744755,8.272799999758718,313.69480000103067,346.33040000153414,one shared preloaded model
syn-539136a050bf636c,rag,23.577199999635923,4.539699999440927,337.14730000065174,365.2641999997286,one shared preloaded model
syn-b92c2c7bf6a9ff92,rag,24.479800000335672,4.63570000101754,342.351499999495,371.4670000008482,one shared preloaded model
syn-5dd2cffeb81cd021,rag,22.374099999069585,3.829200000836863,360.5341000002227,386.7374000001291,one shared preloaded model
syn-af5d50df4306665c,rag,21.047500000349828,7.9764999991311925,246.88419999984035,275.90819999932137,one shared preloaded model
syn-6a82adbb938956c9,rag,20.65740000034566,4.323000001022592,359.7494000005099,384.7298000018782,one shared preloaded model
syn-7567e9b026919223,rag,20.716799999718205,7.89719999920635,188.5419999998703,217.15599999879487,one shared preloaded model
syn-986098b7390f2e8a,rag,21.644200000082492,4.805799999303417,323.0490000005375,349.4989999999234,one shared preloaded model
syn-fa2a92d255b5c0b9,rag,20.728999999846565,4.9124999986815965,598.9416000011261,624.5830999996542,one shared preloaded model
syn-5949ddf795621210,rag,21.00350000000617,7.008499998846673,339.0639999997802,367.07599999863305,one shared preloaded model
syn-9e1def135dc2fb17,rag,22.731200000635,8.313000000271131,336.198199998762,367.2423999996681,one shared preloaded model
syn-b651ce04909b1633,rag,22.64590000049793,8.18269999945187,396.90499999960593,427.73359999955574,one shared preloaded model
syn-548d563ebf2632ca,rag,22.743999999875086,8.081799998763017,338.3837000001222,369.2094999987603,one shared preloaded model
syn-5d27f3eef785e3f0,rag,21.59869999923103,8.113500000035856,308.7708000002749,338.4829999995418,one shared preloaded model
syn-c77ffd513821f0d9,rag,20.743800001582713,5.7875000002240995,240.9830000015063,267.5143000033131,one shared preloaded model
syn-e5e05b3b05a90b44,rag,21.49749999989581,4.862499999944703,329.76270000108343,356.12270000092394,one shared preloaded model
syn-dd842f7938238363,rag,20.750200001202757,8.11020000037388,162.75239999959012,191.61280000116676,one shared preloaded model
syn-6a198de45ff9f216,rag,31.652699999540346,4.723500000181957,328.96729999993113,365.34349999965343,one shared preloaded model
syn-9727a412bf884b91,rag,21.106399999553105,5.004800001188414,591.3787999998021,617.4900000005437,one shared preloaded model
syn-026eb39de0a0e851,rag,21.20189999914146,8.23839999975462,255.5343999993056,284.9746999982017,one shared preloaded model
syn-8a24c490f66e0d03,pure_liquid,98.64449999986391,11.082099999839556,264.41130000057456,374.137900000278,one shared preloaded model
syn-60bdba84d7150097,pure_liquid,99.08210000139661,9.932599999956437,256.00260000101116,365.0173000023642,one shared preloaded model
syn-53ed452583131d31,pure_liquid,92.12660000048345,9.863900000709691,249.69570000030217,351.6862000014953,one shared preloaded model
syn-5b0f4bc9237445b7,pure_liquid,66.13420000030601,5.835900001329719,76.3795000002574,148.34960000189312,one shared preloaded model
syn-13edf32e39fe3765,pure_liquid,94.05990000050224,9.899999999106512,278.1830000003538,382.14289999996254,one shared preloaded model
syn-b4390d007b5ef7f8,pure_liquid,106.26249999950232,5.721300000004703,254.74680000115768,366.7306000006647,one shared preloaded model
syn-861d036fb5eba4c2,pure_liquid,68.44869999986258,5.947300000116229,162.74329999941983,237.13929999939865,one shared preloaded model
syn-2540f1cab553a52e,pure_liquid,103.09079999933601,10.347199999159784,283.81810000064434,397.25609999914013,one shared preloaded model
syn-579e6c88ef0966fc,pure_liquid,63.52340000012191,5.644099999699392,268.13749999928405,337.30499999910535,one shared preloaded model
syn-969dbbd9bede135e,pure_liquid,98.71550000025309,8.348600000317674,112.97220000051311,220.03630000108387,one shared preloaded model
syn-c10dd64649776fe7,pure_liquid,124.47939999947266,10.061000000860076,259.65399999950023,394.19439999983297,one shared preloaded model
syn-bb14aa81d58f596a,pure_liquid,106.6302999988693,5.744399999457528,140.11000000027707,252.4846999986039,one shared preloaded model
syn-1539909d7d3f1fa2,pure_liquid,92.30039999965811,7.000100000368548,261.86039999993227,361.16089999995893,one shared preloaded model
syn-71eba46801356739,pure_liquid,102.69719999996596,6.459800000811811,105.10509999949136,214.26210000026913,one shared preloaded model
syn-9de2464dd831978c,pure_liquid,91.35779999996885,10.1833999997325,271.2774999999965,372.81869999969786,one shared preloaded model
syn-2007ee011a28494d,pure_liquid,98.92150000086986,5.983600000035949,147.46099999865692,252.36609999956272,one shared preloaded model
syn-34a2be23fb5d07eb,pure_liquid,103.58249999990221,6.723200000124052,124.79390000044077,235.09960000046703,one shared preloaded model
syn-a90bf50c398f1e86,pure_liquid,95.26200000073004,10.577699998975731,277.0034000004671,382.84310000017285,one shared preloaded model
syn-d7d7cc6bb0d62c01,pure_liquid,66.99730000036652,6.425700001273071,410.9061999988626,484.32920000050217,one shared preloaded model
syn-5393cd085e43abb8,pure_liquid,87.02889999949548,6.62209999973129,120.98349999905622,214.634499998283,one shared preloaded model
syn-0ad7a8e818b1a5d2,pure_liquid,92.97700000024633,10.008599998400314,276.07349999925646,379.0590999979031,one shared preloaded model
syn-9114b4cc4d33be2b,pure_liquid,90.34109999993234,9.77699999930337,128.54800000059186,228.66609999982757,one shared preloaded model
syn-db423ff4850b6f09,pure_liquid,78.31660000010743,6.637400001636706,288.63300000011805,373.5870000018622,one shared preloaded model
syn-6fc8aac5c7ba2689,pure_liquid,76.36919999822567,6.30269999965094,93.37560000130907,176.04749999918567,one shared preloaded model
syn-d67359e040231402,pure_liquid,88.68000000074971,6.750799999281298,250.50839999858,345.939199998611,one shared preloaded model
syn-9012ae10bb547433,pure_liquid,68.63650000013877,10.051100000055158,168.10690000056638,246.7945000007603,one shared preloaded model
syn-5a6d47d41b8cefc7,pure_liquid,97.57360000003246,6.429900000512134,111.97189999984403,215.97540000038862,one shared preloaded model
syn-0846284ec2ada743,pure_liquid,108.90530000142462,10.720300000684801,260.2266000012605,379.85220000336994,one shared preloaded model
syn-d79ac77e89a7458d,pure_liquid,78.53240000076767,7.0234999984677415,280.7235000000219,366.2793999992573,one shared preloaded model
syn-5daf5292727314bf,pure_liquid,105.65649999989546,9.973600001103478,103.57239999939338,219.20250000039232,one shared preloaded model
syn-f1bd6c303029c406,pure_liquid,122.05830000129936,10.013299999627634,269.8666000014782,401.9382000024052,one shared preloaded model
syn-acbc03459113dbbd,pure_liquid,68.69639999968058,6.302300000243122,238.42100000001665,313.41969999994035,one shared preloaded model
syn-2cc0a66e4b65871a,pure_liquid,96.4549000000261,9.952000000339467,247.97039999975823,354.3773000001238,one shared preloaded model
syn-0d8c5c79d87b5f30,pure_liquid,83.46919999894453,6.692400000247289,123.01160000060918,213.173199999801,one shared preloaded model
syn-2b302d8d4702b75b,pure_liquid,86.9987999994919,6.2914999998611165,118.12039999858825,211.41069999794126,one shared preloaded model
syn-dd53354de8cd00c6,pure_liquid,94.44749999966007,6.049699999493896,177.19020000004093,277.6873999991949,one shared preloaded model
syn-ae1f20ebf18ddedb,pure_liquid,102.63339999983145,9.928699999363744,171.29040000145324,283.85250000064843,one shared preloaded model
syn-e3a9d1182ee5641f,pure_liquid,90.3349000000162,7.499699999243603,260.61740000113787,358.4520000003977,one shared preloaded model
syn-4bda76b13e8cf818,pure_liquid,64.99799999983225,6.814399999711895,262.0347000010952,333.84710000063933,one shared preloaded model
syn-12eab36269130ea5,pure_liquid,102.61720000016794,9.980599999835249,258.0824000015127,370.6802000015159,one shared preloaded model
syn-637dd8e15770335c,pure_liquid,65.04260000110662,6.5015000000130385,259.02379999934055,330.5679000004602,one shared preloaded model
syn-f0946f3561824cd3,pure_liquid,75.52690000011353,6.654900000285124,256.8601999992097,339.0419999996084,one shared preloaded model
syn-27cc42527061d886,pure_liquid,73.55499999903259,7.276000000274507,270.83589999892865,351.66689999823575,one shared preloaded model
syn-fa256f5f1886a0f3,pure_liquid,90.21260000008624,9.936699998434051,135.6597000012698,235.8089999997901,one shared preloaded model
syn-28cf404c86f22feb,pure_liquid,77.69790000020294,6.6585000004124595,265.7058999993751,350.0622999999905,one shared preloaded model
syn-295f75a8c73a907c,pure_liquid,77.42739999957848,10.061099999802536,212.59139999892795,300.079899998309,one shared preloaded model
syn-a3a312c0d7466c28,pure_liquid,102.08649999913177,10.041400000773137,165.41599999982282,277.5438999997277,one shared preloaded model
syn-3cd6990d63fbe383,pure_liquid,78.42260000143142,6.874099999549799,249.12859999858483,334.42529999956605,one shared preloaded model
syn-e2473ee10df25b44,pure_liquid,95.12099999847123,6.009500000800472,271.25580000029004,372.38629999956174,one shared preloaded model
syn-4e91ab66bf320793,pure_liquid,66.30600000062259,6.594200000108685,253.7250999994285,326.62530000015977,one shared preloaded model
syn-3b1804153fd274a9,pure_liquid,72.18040000043402,5.796399998871493,249.55819999922824,327.53499999853375,one shared preloaded model
syn-d26871934d18eeb9,pure_liquid,63.08510000053502,6.90289999874949,123.234799999409,193.22279999869352,one shared preloaded model
syn-abbc7af43ab942e8,pure_liquid,106.33470000175294,6.949200000235578,278.6462999993091,391.93020000129764,one shared preloaded model
syn-df0d8ca32875e6f9,pure_liquid,95.08669999922859,9.938200000760844,77.66190000074857,182.686800000738,one shared preloaded model
syn-bff5383add606724,pure_liquid,123.83919999956561,5.606299999271869,92.84309999929974,222.28859999813722,one shared preloaded model
syn-6b96d49b7c661246,pure_liquid,98.31579999990936,5.917399999816553,186.05509999906644,290.28829999879235,one shared preloaded model
syn-6accd9b1b0371265,pure_liquid,72.48239999898942,5.637599999317899,125.0132000004669,203.13319999877422,one shared preloaded model
syn-3c985bc64502f79d,pure_liquid,116.52950000097917,10.814700000992161,257.15150000178255,384.4957000037539,one shared preloaded model
syn-8ae8d50a4f81bf00,pure_liquid,81.70690000042669,6.683300000076997,269.97779999874183,358.3679999992455,one shared preloaded model
syn-2a7936bb8606e396,pure_liquid,69.71250000060536,6.297100000665523,72.39339999978256,148.40300000105344,one shared preloaded model
syn-72d01d8b036611a2,pure_liquid,118.5072999996919,5.887799999982235,250.07639999967068,374.4714999993448,one shared preloaded model
syn-2ef0237652347e1e,pure_liquid,83.8595000004716,6.469500000093831,113.57730000054289,203.90630000110832,one shared preloaded model
syn-2a55ac2eedf7a009,pure_liquid,109.1126000010263,7.511699999668053,275.1570000000356,391.78130000072997,one shared preloaded model
syn-c9efc4d9b448370c,pure_liquid,81.4064000005601,6.941699999515549,117.51449999974284,205.86259999981849,one shared preloaded model
syn-6574558be08f4b1d,pure_liquid,99.55319999971834,10.242199999993318,270.58930000021064,380.3846999999223,one shared preloaded model
syn-ad27201e8da092ee,pure_liquid,103.0960000007326,5.578399999649264,152.78670000043348,261.46110000081535,one shared preloaded model
syn-2f4562fb5b6e1003,pure_liquid,87.31729999999516,6.7763000006380025,146.59599999868078,240.68959999931394,one shared preloaded model
syn-ae7a017ce8696d3c,pure_liquid,103.9111000009143,10.927799999990384,269.4480999998632,384.2870000007679,one shared preloaded model
syn-f827e6fad53674ab,pure_liquid,90.79030000066268,6.514900000183843,233.17259999930684,330.47780000015337,one shared preloaded model
syn-c8d62d295a3ca10f,pure_liquid,64.58609999936016,6.285499999648891,91.09929999976885,161.9708999987779,one shared preloaded model
syn-40b7cac8143111e8,pure_liquid,115.72989999876881,6.015699998897617,287.21219999897585,408.9577999966423,one shared preloaded model
syn-6cf32fbe90cd007a,pure_liquid,105.81070000080217,10.094999999637366,126.97040000057314,242.87610000101267,one shared preloaded model
syn-3377d3274c60a1f5,pure_liquid,120.75220000042464,7.244599999467027,272.43880000060017,400.43560000049183,one shared preloaded model
syn-5fd46702d09ae565,pure_liquid,79.41260000006878,6.74809999873105,127.57679999958782,213.73749999838765,one shared preloaded model
syn-66f8ff1775ac6a98,pure_liquid,94.41850000075647,6.6800999993574806,267.27410000057716,368.3727000006911,one shared preloaded model
syn-3ba580d4e1863727,pure_liquid,68.13329999931739,6.5063999991252786,157.69000000000233,232.329699998445,one shared preloaded model
syn-1198213e7ed30c70,pure_liquid,118.04589999883319,10.16659999913827,162.61239999948884,290.8248999974603,one shared preloaded model
syn-3e6c9728007e84fb,pure_liquid,75.88509999914095,7.0120000000315486,250.54289999934554,333.43999999851803,one shared preloaded model
syn-33c7c5daf85e9bfa,pure_liquid,76.05779999903461,10.385599998699035,270.1023999998142,356.5457999975479,one shared preloaded model
syn-efc04838a1bc5623,pure_liquid,67.47119999999995,10.150500000236207,160.38800000023912,238.00970000047528,one shared preloaded model
syn-4f3c833d627ef4d2,pure_liquid,83.68659999905503,7.632599999851664,265.07690000107687,356.39609999998356,one shared preloaded model
syn-539136a050bf636c,pure_liquid,68.46269999914512,6.187599999975646,277.675299999828,352.32559999894875,one shared preloaded model
syn-b92c2c7bf6a9ff92,pure_liquid,102.23580000092625,7.085400000505615,239.55670000032114,348.877900001753,one shared preloaded model
syn-5dd2cffeb81cd021,pure_liquid,83.83519999915734,10.682900001484086,194.70779999937804,289.22590000001946,one shared preloaded model
syn-af5d50df4306665c,pure_liquid,70.04029999916384,6.599299998924835,226.97619999962626,303.61579999771493,one shared preloaded model
syn-6a82adbb938956c9,pure_liquid,72.34040000003006,9.961300000213669,204.8097000006237,287.11140000086743,one shared preloaded model
syn-7567e9b026919223,pure_liquid,60.29850000049919,5.83589999951073,151.03520000047865,217.16960000048857,one shared preloaded model
syn-986098b7390f2e8a,pure_liquid,110.56610000014189,10.161099999095313,275.3619000013714,396.0891000006086,one shared preloaded model
syn-fa2a92d255b5c0b9,pure_liquid,78.71359999990091,6.732199999532895,257.81930000084685,343.26510000028065,one shared preloaded model
syn-5949ddf795621210,pure_liquid,66.88709999980347,10.06769999912649,252.26090000069235,329.2156999996223,one shared preloaded model
syn-9e1def135dc2fb17,pure_liquid,66.28309999905468,6.242699999347678,213.11470000000554,285.6404999984079,one shared preloaded model
syn-b651ce04909b1633,pure_liquid,96.37130000010075,5.902799999603303,97.13550000014948,199.40959999985353,one shared preloaded model
syn-548d563ebf2632ca,pure_liquid,107.3500000002241,6.374599999617203,266.0169999999198,379.7415999997611,one shared preloaded model
syn-5d27f3eef785e3f0,pure_liquid,72.20140000026731,5.778799999461626,123.6750000007305,201.65520000045944,one shared preloaded model
syn-c77ffd513821f0d9,pure_liquid,115.46819999966829,9.059100000740727,260.3459000001749,384.8732000005839,one shared preloaded model
syn-e5e05b3b05a90b44,pure_liquid,99.73470000113593,6.6936000002897345,175.0560000000405,281.4843000014662,one shared preloaded model
syn-dd842f7938238363,pure_liquid,79.61380000051577,6.594399999812595,181.3321999998152,267.54040000014356,one shared preloaded model
syn-6a198de45ff9f216,pure_liquid,107.3777000001428,10.413800000605988,274.320100001205,392.1116000019538,one shared preloaded model
syn-9727a412bf884b91,pure_liquid,66.3803999996162,6.488200000603683,322.9413000008208,395.80990000104066,one shared preloaded model
syn-026eb39de0a0e851,pure_liquid,69.08349999866914,6.337500000881846,109.98780000045372,185.4088000000047,one shared preloaded model
syn-8a24c490f66e0d03,lexical_only,31.971599999451428,3.9116999996622326,351.06289999930596,386.9461999984196,one shared preloaded model
syn-60bdba84d7150097,lexical_only,35.3514999987965,8.18249999974796,372.70580000040354,416.239799998948,one shared preloaded model
syn-53ed452583131d31,lexical_only,40.99590000078024,4.941599998346646,299.264299999777,345.2017999989039,one shared preloaded model
syn-5b0f4bc9237445b7,lexical_only,37.266100000124425,7.968599999003345,302.7196000002732,347.954299999401,one shared preloaded model
syn-13edf32e39fe3765,lexical_only,37.16820000045118,4.140999999435735,271.66050000050745,312.96970000039437,one shared preloaded model
syn-b4390d007b5ef7f8,lexical_only,42.412099999637576,8.126200000333483,316.7316999988543,367.26999999882537,one shared preloaded model
syn-861d036fb5eba4c2,lexical_only,29.5998999990843,3.9158999989012955,163.29170000062732,196.8074999986129,one shared preloaded model
syn-2540f1cab553a52e,lexical_only,44.0201999990677,7.739399999991292,320.5084999990504,372.2680999981094,one shared preloaded model
syn-579e6c88ef0966fc,lexical_only,40.646100000230945,7.9442000005656155,595.0191000010818,643.6094000018784,one shared preloaded model
syn-969dbbd9bede135e,lexical_only,38.21550000066054,7.898699999714154,329.6934999998484,375.8077000002231,one shared preloaded model
syn-c10dd64649776fe7,lexical_only,40.34479999972973,7.728200000201468,316.6067000001931,364.6797000001243,one shared preloaded model
syn-bb14aa81d58f596a,lexical_only,38.51120000035735,4.264400000465685,375.93399999968824,418.7096000005113,one shared preloaded model
syn-1539909d7d3f1fa2,lexical_only,37.362700000812765,4.437199999301811,344.86889999971027,386.66879999982484,one shared preloaded model
syn-71eba46801356739,lexical_only,42.67020000042976,7.828499999959604,290.12109999894165,340.619799999331,one shared preloaded model
syn-9de2464dd831978c,lexical_only,34.661400000914,7.861100000809529,269.1697000009299,311.6922000026534,one shared preloaded model
syn-2007ee011a28494d,lexical_only,35.82199999982549,7.888599999205326,356.9331999988208,400.6437999978516,one shared preloaded model
syn-34a2be23fb5d07eb,lexical_only,29.905499999586027,4.600800000844174,179.86070000006293,214.36700000049314,one shared preloaded model
syn-a90bf50c398f1e86,lexical_only,43.53579999951762,8.493000001180917,341.32839999983844,393.357200000537,one shared preloaded model
syn-d7d7cc6bb0d62c01,lexical_only,44.41740000038408,7.692500001212466,517.066700000214,569.1766000018106,one shared preloaded model
syn-5393cd085e43abb8,lexical_only,37.19490000003134,5.244299998594215,355.4172000003746,397.85639999900013,one shared preloaded model
syn-0ad7a8e818b1a5d2,lexical_only,42.94529999970109,7.966400000441354,312.3907999997755,363.3024999999179,one shared preloaded model
syn-9114b4cc4d33be2b,lexical_only,32.94669999922917,4.295300001103897,340.2213999997912,377.46340000012424,one shared preloaded model
syn-db423ff4850b6f09,lexical_only,38.54639999917708,8.005600000615232,345.7634999995207,392.31549999931303,one shared preloaded model
syn-6fc8aac5c7ba2689,lexical_only,34.505600000557024,4.570899998725508,355.62100000061037,394.6974999998929,one shared preloaded model
syn-d67359e040231402,lexical_only,41.97980000026291,7.690000000366126,267.78469999953813,317.4545000001672,one shared preloaded model
syn-9012ae10bb547433,lexical_only,40.84289999991597,4.913400000077672,346.64300000076764,392.3993000007613,one shared preloaded model
syn-5a6d47d41b8cefc7,lexical_only,42.310400000133086,8.062699998845346,170.36209999969287,220.7351999986713,one shared preloaded model
syn-0846284ec2ada743,lexical_only,37.72480000043288,5.120799998621806,348.0353000013565,390.8809000004112,one shared preloaded model
syn-d79ac77e89a7458d,lexical_only,31.60810000008496,4.527899998720386,565.0376000012329,601.1736000000383,one shared preloaded model
syn-5daf5292727314bf,lexical_only,40.237200000774465,7.849800000258256,280.623700000433,328.71070000146574,one shared preloaded model
syn-f1bd6c303029c406,lexical_only,39.56579999976384,7.840700000087963,355.43800000050396,402.84450000035577,one shared preloaded model
syn-acbc03459113dbbd,lexical_only,28.935599999385886,4.925600000206032,334.51550000063435,368.37670000022626,one shared preloaded model
syn-2cc0a66e4b65871a,lexical_only,34.99469999951543,7.780200001434423,335.1387999991857,377.9137000001356,one shared preloaded model
syn-0d8c5c79d87b5f30,lexical_only,31.369000000267988,3.740900001503178,355.1440999999613,390.2540000017325,one shared preloaded model
syn-2b302d8d4702b75b,lexical_only,37.48489999998128,7.6848999997309875,244.07550000069023,289.2453000004025,one shared preloaded model
syn-dd53354de8cd00c6,lexical_only,37.544300001172815,4.251300000760239,326.14360000115994,367.939200003093,one shared preloaded model
syn-ae1f20ebf18ddedb,lexical_only,35.81140000096639,3.667400000267662,174.64649999965332,214.12530000088736,one shared preloaded model
syn-e3a9d1182ee5641f,lexical_only,43.748099998992984,8.443799999440671,344.50809999907506,396.6999999975087,one shared preloaded model
syn-4bda76b13e8cf818,lexical_only,37.49720000087109,7.774499999868567,539.6461999989697,584.9178999997093,one shared preloaded model
syn-12eab36269130ea5,lexical_only,37.9371999988507,7.945800000015879,367.6524000002246,413.53539999909117,one shared preloaded model
syn-637dd8e15770335c,lexical_only,36.44009999879927,7.817899999281508,333.69820000007167,377.95619999815244,one shared preloaded model
syn-f0946f3561824cd3,lexical_only,35.01289999985602,3.821500000412925,376.9008999988728,415.7352999991417,one shared preloaded model
syn-27cc42527061d886,lexical_only,36.121700000876444,7.86089999928663,337.2642000013002,381.24680000146327,one shared preloaded model
syn-fa256f5f1886a0f3,lexical_only,40.48229999898467,7.856399999582209,299.8974000001908,348.2360999987577,one shared preloaded model
syn-28cf404c86f22feb,lexical_only,40.539499999795225,7.832000001144479,228.24339999897347,276.6148999999132,one shared preloaded model
syn-295f75a8c73a907c,lexical_only,42.242700001224875,7.758800000374322,280.8538999997836,330.8554000013828,one shared preloaded model
syn-a3a312c0d7466c28,lexical_only,36.40789999917615,3.842300000542309,154.96609999900102,195.21629999871948,one shared preloaded model
syn-3cd6990d63fbe383,lexical_only,39.209099999425234,4.126799998630304,310.337900000377,353.6737999984325,one shared preloaded model
syn-e2473ee10df25b44,lexical_only,37.54470000058063,8.360499999980675,581.8624000003183,627.7676000008796,one shared preloaded model
syn-4e91ab66bf320793,lexical_only,28.947900000275695,6.443899999794667,322.06609999957436,357.4578999996447,one shared preloaded model
syn-3b1804153fd274a9,lexical_only,41.935500001272885,7.889799999247771,309.61930000012217,359.4446000006428,one shared preloaded model
syn-d26871934d18eeb9,lexical_only,37.56679999969492,7.777799999530544,334.51380000042263,379.8583999996481,one shared preloaded model
syn-abbc7af43ab942e8,lexical_only,34.89429999899585,4.457400000319467,310.770499998398,350.1221999977133,one shared preloaded model
syn-df0d8ca32875e6f9,lexical_only,41.52129999965837,7.490400001188391,372.1549000001687,421.16660000101547,one shared preloaded model
syn-bff5383add606724,lexical_only,38.65569999834406,7.6891999997315,287.7467999987857,334.0916999968613,one shared preloaded model
syn-6b96d49b7c661246,lexical_only,38.14559999955236,7.607399998960318,347.7290000009816,393.4819999994943,one shared preloaded model
syn-6accd9b1b0371265,lexical_only,31.679499999881955,3.7568999996437924,165.49350000059349,200.92990000011923,one shared preloaded model
syn-3c985bc64502f79d,lexical_only,42.55340000054275,8.721399999558344,362.47759999969276,413.75239999979385,one shared preloaded model
syn-8ae8d50a4f81bf00,lexical_only,38.19069999917701,7.76650000079826,531.1388999998599,577.0960999998351,one shared preloaded model
syn-2a7936bb8606e396,lexical_only,39.428800000678166,7.627900000443333,365.4048000007606,412.4615000018821,one shared preloaded model
syn-72d01d8b036611a2,lexical_only,39.10069999983534,7.753899999443092,359.0454999994108,405.90009999868926,one shared preloaded model
syn-2ef0237652347e1e,lexical_only,38.91909999947529,7.990799998879083,346.1753999999928,393.0852999983472,one shared preloaded model
syn-2a55ac2eedf7a009,lexical_only,35.14949999953387,7.89970000005269,292.6153999997041,335.66459999929066,one shared preloaded model
syn-c9efc4d9b448370c,lexical_only,38.77009999996517,8.036200000788085,329.52120000118157,376.3275000019348,one shared preloaded model
syn-6574558be08f4b1d,lexical_only,36.66280000106781,3.9740000011079246,250.75380000089353,291.39060000306927,one shared preloaded model
syn-ad27201e8da092ee,lexical_only,36.68370000013965,7.0720000003348105,332.26550000108546,376.0212000015599,one shared preloaded model
syn-2f4562fb5b6e1003,lexical_only,42.88460000134364,8.106200000838726,163.3445000006759,214.33530000285828,one shared preloaded model
syn-ae7a017ce8696d3c,lexical_only,41.45940000125847,8.59630000013567,349.3828000009671,399.43850000236125,one shared preloaded model
syn-f827e6fad53674ab,lexical_only,36.72799999912968,7.917099999758648,551.1746999982279,595.8197999971162,one shared preloaded model
syn-c8d62d295a3ca10f,lexical_only,40.755100000751554,7.80040000063309,363.564100000076,412.11960000146064,one shared preloaded model
syn-40b7cac8143111e8,lexical_only,33.55110000120476,4.4275999989622505,363.9118999999482,401.8906000001152,one shared preloaded model
syn-6cf32fbe90cd007a,lexical_only,36.433999999644584,7.837200000722078,344.3693000008352,388.6405000012019,one shared preloaded model
syn-3377d3274c60a1f5,lexical_only,41.65909999937867,7.673799998883624,356.65270000026794,405.98559999853023,one shared preloaded model
syn-5fd46702d09ae565,lexical_only,31.899000001430977,4.437400000824709,342.78310000081547,379.11950000307115,one shared preloaded model
syn-66f8ff1775ac6a98,lexical_only,35.908899999412824,3.9394000013999175,233.37629999878118,273.2245999995939,one shared preloaded model
syn-3ba580d4e1863727,lexical_only,36.303400000178954,4.824900001040078,339.340299999094,380.468600000313,one shared preloaded model
syn-1198213e7ed30c70,lexical_only,39.973400000235415,7.907000001068809,173.33110000072338,221.2115000020276,one shared preloaded model
syn-3e6c9728007e84fb,lexical_only,40.58360000090033,5.719099999623722,580.6384999996226,626.9412000001466,one shared preloaded model
syn-33c7c5daf85e9bfa,lexical_only,34.6681000009994,3.9637000008951873,582.2934000007081,620.9252000026027,one shared preloaded model
syn-efc04838a1bc5623,lexical_only,35.18359999907261,8.154700000886805,364.06949999945937,407.4077999994188,one shared preloaded model
syn-4f3c833d627ef4d2,lexical_only,37.275300001056166,8.007200000065495,311.9385999998485,357.2211000009702,one shared preloaded model
syn-539136a050bf636c,lexical_only,43.266099999527796,7.955899998705718,326.6576999994868,377.8796999977203,one shared preloaded model
syn-b92c2c7bf6a9ff92,lexical_only,34.6270000009099,7.926899999802117,346.1055999996461,388.6595000003581,one shared preloaded model
syn-5dd2cffeb81cd021,lexical_only,40.355799999815645,7.863999999244697,363.485199999559,411.7049999986193,one shared preloaded model
syn-af5d50df4306665c,lexical_only,41.03490000125021,7.97229999989213,246.7120999990584,295.71930000020075,one shared preloaded model
syn-6a82adbb938956c9,lexical_only,43.099700000311714,7.64560000061465,369.35409999932745,420.0994000002538,one shared preloaded model
syn-7567e9b026919223,lexical_only,38.412600000810926,4.285099999833619,161.78359999867098,204.48129999931552,one shared preloaded model
syn-986098b7390f2e8a,lexical_only,40.70580000006885,5.2252000004955335,318.3089000012842,364.2399000018486,one shared preloaded model
syn-fa2a92d255b5c0b9,lexical_only,38.8479000012012,8.03760000053444,627.6526999990892,674.5382000008249,one shared preloaded model
syn-5949ddf795621210,lexical_only,38.681500000166125,7.917400000224006,319.1190999987157,365.7179999991058,one shared preloaded model
syn-9e1def135dc2fb17,lexical_only,35.90319999966596,7.926000000225031,326.4376999995875,370.2668999994785,one shared preloaded model
syn-b651ce04909b1633,lexical_only,42.92009999880975,8.093700000245008,243.35339999925054,294.3671999983053,one shared preloaded model
syn-548d563ebf2632ca,lexical_only,37.45580000031623,7.721599999058526,298.63879999902565,343.8161999984004,one shared preloaded model
syn-5d27f3eef785e3f0,lexical_only,38.32919999877049,5.918999999266816,307.94690000038827,352.1950999984256,one shared preloaded model
syn-c77ffd513821f0d9,lexical_only,36.82870000011462,7.884000000558444,261.7150000005495,306.42770000122255,one shared preloaded model
syn-e5e05b3b05a90b44,lexical_only,40.682100001504296,7.061699998303084,343.34950000084064,391.093300000648,one shared preloaded model
syn-dd842f7938238363,lexical_only,40.59649999908288,7.612100000187638,140.98229999945033,189.19089999872085,one shared preloaded model
syn-6a198de45ff9f216,lexical_only,41.393400000742986,4.257200000211014,298.3365000000049,343.9871000009589,one shared preloaded model
syn-9727a412bf884b91,lexical_only,38.974299999608775,7.830700000340585,548.3813999999256,595.186399999875,one shared preloaded model
syn-026eb39de0a0e851,lexical_only,36.80290000011155,7.995500000106404,283.2461999987572,328.0445999989752,one shared preloaded model
syn-8a24c490f66e0d03,lalm,113.67199999949662,6.480100000771927,354.6661000000313,474.81820000029984,one shared preloaded model
syn-60bdba84d7150097,lalm,117.41540000002715,6.240799999432056,345.431900001131,469.0881000005902,one shared preloaded model
syn-53ed452583131d31,lalm,108.5071000015887,6.9733000000269385,333.0746999999974,448.555100001613,one shared preloaded model
syn-5b0f4bc9237445b7,lalm,112.59760000029928,10.28049999877112,334.21910000106436,457.09720000013476,one shared preloaded model
syn-13edf32e39fe3765,lalm,84.22050000081072,6.686700000500423,266.96239999910176,357.8696000004129,one shared preloaded model
syn-b4390d007b5ef7f8,lalm,115.40609999974549,10.184799999478855,337.26109999952314,462.8519999987475,one shared preloaded model
syn-861d036fb5eba4c2,lalm,103.7400000004709,6.8220000011933735,169.4361999998364,279.99820000150066,one shared preloaded model
syn-2540f1cab553a52e,lalm,121.87549999907787,7.6093999996373896,338.48779999971157,467.97269999842683,one shared preloaded model
syn-579e6c88ef0966fc,lalm,106.18160000012722,5.71479999962321,639.1027000008762,750.9991000006266,one shared preloaded model
syn-969dbbd9bede135e,lalm,87.01549999932467,6.007300000419491,363.8836000009178,456.90640000066196,one shared preloaded model
syn-c10dd64649776fe7,lalm,84.10749999893596,6.076300000131596,317.4842999997054,407.66809999877296,one shared preloaded model
syn-bb14aa81d58f596a,lalm,120.25069999981497,6.0183000005054055,372.8898000008485,499.15880000116886,one shared preloaded model
syn-1539909d7d3f1fa2,lalm,101.14280000016151,6.861200001367251,338.0557000000408,446.0597000015696,one shared preloaded model
syn-71eba46801356739,lalm,102.61119999995572,9.905900000376278,366.36100000032457,478.87810000065656,one shared preloaded model
syn-9de2464dd831978c,lalm,97.89380000074743,9.96839999970689,426.2092999997549,534.0715000002092,one shared preloaded model
syn-2007ee011a28494d,lalm,121.70400000104564,10.506800001166994,364.32889999923646,496.5397000014491,one shared preloaded model
syn-34a2be23fb5d07eb,lalm,101.3096000006044,8.898000000044703,176.85089999940828,287.0585000000574,one shared preloaded model
syn-a90bf50c398f1e86,lalm,109.1312000007747,7.128799999918556,356.86730000088573,473.127300001579,one shared preloaded model
syn-d7d7cc6bb0d62c01,lalm,131.0075000001234,10.25850000041828,544.249900000068,685.5159000006097,one shared preloaded model
syn-5393cd085e43abb8,lalm,114.90959999900952,6.596200000785757,353.08160000022326,474.58740000001853,one shared preloaded model
syn-0ad7a8e818b1a5d2,lalm,110.1730000009411,10.247600001093815,318.2734000001801,438.69400000221503,one shared preloaded model
syn-9114b4cc4d33be2b,lalm,74.35670000086247,10.085099998832447,363.3460000000923,447.78779999978724,one shared preloaded model
syn-db423ff4850b6f09,lalm,118.13749999964784,7.0267000010062475,367.3856000004889,492.549800001143,one shared preloaded model
syn-6fc8aac5c7ba2689,lalm,112.17480000050273,10.369600000558421,364.90709999998217,487.4515000010433,one shared preloaded model
syn-d67359e040231402,lalm,103.01860000072338,9.583200000633951,471.9368000005488,584.5386000019062,one shared preloaded model
syn-9012ae10bb547433,lalm,125.18570000065665,10.100599998622783,353.53050000048825,488.8167999997677,one shared preloaded model
syn-5a6d47d41b8cefc7,lalm,97.24040000037348,10.179400000197347,185.16279999857943,292.58259999915026,one shared preloaded model
syn-0846284ec2ada743,lalm,108.86039999968489,10.077599999931408,361.22570000043197,480.16370000004827,one shared preloaded model
syn-d79ac77e89a7458d,lalm,104.01380000075733,10.13760000023467,558.5214000002452,672.6728000012372,one shared preloaded model
syn-5daf5292727314bf,lalm,86.76720000039495,6.608900001083384,348.3266999992338,441.70280000071216,one shared preloaded model
syn-f1bd6c303029c406,lalm,100.31859999980952,10.431700000481214,361.23419999967155,471.9844999999623,one shared preloaded model
syn-acbc03459113dbbd,lalm,112.11030000049504,6.4390999996248866,328.8293999994494,447.3787999995693,one shared preloaded model
syn-2cc0a66e4b65871a,lalm,109.8191000000952,6.032999999661115,353.0945000002248,468.9465999999811,one shared preloaded model
syn-0d8c5c79d87b5f30,lalm,102.27999999915482,10.177899999689544,342.8837999999814,455.3416999988258,one shared preloaded model
syn-2b302d8d4702b75b,lalm,106.75660000015341,10.121699999217526,104.7774999988178,221.65579999818874,one shared preloaded model
syn-dd53354de8cd00c6,lalm,104.37270000147691,6.752500001312001,332.49830000022484,443.62350000301376,one shared preloaded model
syn-ae1f20ebf18ddedb,lalm,114.115700000184,5.76569999975618,170.19819999950414,290.0795999994443,one shared preloaded model
syn-e3a9d1182ee5641f,lalm,73.93810000030498,9.823599999435828,334.59640000000945,418.35809999975027,one shared preloaded model
syn-4bda76b13e8cf818,lalm,87.7147999999579,10.41580000128306,550.0489000005473,648.1795000017883,one shared preloaded model
syn-12eab36269130ea5,lalm,82.35439999953087,5.8678999994299375,363.5245000004943,451.7467999994551,one shared preloaded model
syn-637dd8e15770335c,lalm,102.30489999958081,10.266600000250037,318.57230000059644,431.1438000004273,one shared preloaded model
syn-f0946f3561824cd3,lalm,112.12499999965075,6.431600000723847,387.36840000092343,505.92500000129803,one shared preloaded model
syn-27cc42527061d886,lalm,75.87439999952039,7.413999999698717,359.26780000045255,442.55619999967166,one shared preloaded model
syn-fa256f5f1886a0f3,lalm,88.0699999997887,10.046700001112185,329.64300000094227,427.75970000184316,one shared preloaded model
syn-28cf404c86f22feb,lalm,120.77150000004622,10.485499999049352,496.9031000000541,628.1600999991497,one shared preloaded model
syn-295f75a8c73a907c,lalm,103.01830000025802,9.98260000051232,321.6483000014705,434.64920000224083,one shared preloaded model
syn-a3a312c0d7466c28,lalm,89.0454000000318,5.812600000353996,151.54829999846697,246.40629999885277,one shared preloaded model
syn-3cd6990d63fbe383,lalm,91.97609999864653,6.186799999341019,277.5655999994342,375.72849999742175,one shared preloaded model
syn-e2473ee10df25b44,lalm,127.69680000019434,8.632200000647572,585.372900000948,721.7019000017899,one shared preloaded model
syn-4e91ab66bf320793,lalm,77.78890000008687,6.339400000797468,370.3722000009293,454.50050000181363,one shared preloaded model
syn-3b1804153fd274a9,lalm,125.51309999980731,10.148099998332327,303.01090000102704,438.6720999991667,one shared preloaded model
syn-d26871934d18eeb9,lalm,84.59210000000894,6.086100000175065,354.3435999999929,445.0218000001769,one shared preloaded model
syn-abbc7af43ab942e8,lalm,118.14549999871815,11.141200000565732,336.3861000016186,465.6728000009025,one shared preloaded model
syn-df0d8ca32875e6f9,lalm,73.72299999951792,6.630699999732315,348.5017999992124,428.8554999984626,one shared preloaded model
syn-bff5383add606724,lalm,120.83259999963047,9.013700000650715,290.0430999998207,419.8894000001019,one shared preloaded model
syn-6b96d49b7c661246,lalm,116.9783000004827,6.9681999993918,329.2667000005167,453.2132000003912,one shared preloaded model
syn-6accd9b1b0371265,lalm,117.09089999931166,5.72199999987788,134.35340000069118,257.1662999998807,one shared preloaded model
syn-3c985bc64502f79d,lalm,121.10030000076222,9.556500001053791,357.31560000022,487.972400002036,one shared preloaded model
syn-8ae8d50a4f81bf00,lalm,86.78409999993164,9.76489999993646,605.5810000016209,702.130000001489,one shared preloaded model
syn-2a7936bb8606e396,lalm,105.61489999963669,10.748700000476674,348.90679999989516,465.2704000000085,one shared preloaded model
syn-72d01d8b036611a2,lalm,99.67359999973269,6.23499999892374,341.9402000017726,447.84880000042904,one shared preloaded model
syn-2ef0237652347e1e,lalm,97.64940000059141,10.042900001280941,374.56879999990633,482.2611000017787,one shared preloaded model
syn-2a55ac2eedf7a009,lalm,78.8827999986097,7.3647000008350005,305.06719999903,391.3146999984747,one shared preloaded model
syn-c9efc4d9b448370c,lalm,122.51399999877322,10.074499999973341,316.71880000067176,449.3072999994183,one shared preloaded model
syn-6574558be08f4b1d,lalm,116.57650000051945,6.439299999328796,272.7536999991571,395.76949999900535,one shared preloaded model
syn-ad27201e8da092ee,lalm,90.5588000005082,6.4937999995891005,355.63440000078117,452.68700000087847,one shared preloaded model
syn-2f4562fb5b6e1003,lalm,95.97570000005362,10.055799999463488,171.087599999737,277.1190999992541,one shared preloaded model
syn-ae7a017ce8696d3c,lalm,115.37109999881068,10.384699999121949,353.18240000015066,478.9381999980833,one shared preloaded model
syn-f827e6fad53674ab,lalm,85.51799999986542,6.732699999702163,573.8684000007197,666.1191000002873,one shared preloaded model
syn-c8d62d295a3ca10f,lalm,78.36549999956333,6.570100000317325,362.00340000141296,446.9390000012936,one shared preloaded model
syn-40b7cac8143111e8,lalm,123.659899998529,10.36740000017744,371.73280000024533,505.7600999989518,one shared preloaded model
syn-6cf32fbe90cd007a,lalm,83.30519999981334,8.70279999980994,364.7092999999586,456.7172999995819,one shared preloaded model
syn-3377d3274c60a1f5,lalm,87.0070000000851,6.439200000386336,346.8890000003739,440.33520000084536,one shared preloaded model
syn-5fd46702d09ae565,lalm,118.4467000002769,5.704799999875831,331.9916000000376,456.1431000001903,one shared preloaded model
syn-66f8ff1775ac6a98,lalm,93.24990000095568,6.746999999450054,520.632800000385,620.6297000007908,one shared preloaded model
syn-3ba580d4e1863727,lalm,120.73360000067623,5.870999999388005,320.3283000002557,446.93290000031993,one shared preloaded model
syn-1198213e7ed30c70,lalm,120.2541000002384,7.0809999997436535,170.16900000089663,297.5041000008787,one shared preloaded model
syn-3e6c9728007e84fb,lalm,106.69870000128867,7.2701000008237315,361.41160000079253,475.38040000290493,one shared preloaded model
syn-33c7c5daf85e9bfa,lalm,114.13299999912851,8.319900000060443,617.4003999985871,739.853299997776,one shared preloaded model
syn-efc04838a1bc5623,lalm,82.86170000064885,6.981700000324054,350.68280000086816,440.52620000184106,one shared preloaded model
syn-4f3c833d627ef4d2,lalm,70.51240000146208,5.687200000465964,335.32999999988533,411.5296000018134,one shared preloaded model
syn-539136a050bf636c,lalm,81.16960000006657,6.598500000109198,370.2453999994759,458.0134999996517,one shared preloaded model
syn-b92c2c7bf6a9ff92,lalm,88.55409999887343,10.00460000068415,353.6853000005067,452.24400000006426,one shared preloaded model
syn-5dd2cffeb81cd021,lalm,131.1160999994172,9.374499999466934,371.0685999994894,511.5591999983735,one shared preloaded model
syn-af5d50df4306665c,lalm,101.37980000035896,5.686299999069888,246.46840000059456,353.5345000000234,one shared preloaded model
syn-6a82adbb938956c9,lalm,112.13580000003276,6.713200000376673,369.35540000013134,488.2044000005408,one shared preloaded model
syn-7567e9b026919223,lalm,82.76049999949464,6.454999998823041,176.31819999951404,265.5336999978317,one shared preloaded model
syn-986098b7390f2e8a,lalm,91.81480000006559,6.939200000488199,335.12940000036906,433.88340000092285,one shared preloaded model
syn-fa2a92d255b5c0b9,lalm,116.33849999998347,9.389399998326553,607.2779000005539,733.005799998864,one shared preloaded model
syn-5949ddf795621210,lalm,115.14970000098401,6.1600000008184,321.18569999875035,442.49540000055276,one shared preloaded model
syn-9e1def135dc2fb17,lalm,96.29529999983788,9.94410000021162,325.3089000008913,431.5483000009408,one shared preloaded model
syn-b651ce04909b1633,lalm,78.37829999880341,6.567799999174895,351.3684999998077,436.314599997786,one shared preloaded model
syn-548d563ebf2632ca,lalm,95.51360000114073,9.995999998864136,335.4319000009127,440.9415000009176,one shared preloaded model
syn-5d27f3eef785e3f0,lalm,101.32440000052156,10.247000000163098,306.53200000051584,418.1034000012005,one shared preloaded model
syn-c77ffd513821f0d9,lalm,117.03969999871333,5.6696999999985565,127.73709999964922,250.4464999983611,one shared preloaded model
syn-e5e05b3b05a90b44,lalm,73.67669999985083,6.8281999992905185,360.4394999983924,440.94439999753376,one shared preloaded model
syn-dd842f7938238363,lalm,87.5876000009157,10.423699999591918,147.89070000006177,245.9020000005694,one shared preloaded model
syn-6a198de45ff9f216,lalm,89.68060000006517,8.319099999425816,330.6328999988182,428.63259999830916,one shared preloaded model
syn-9727a412bf884b91,lalm,126.46649999987858,10.204199999861885,601.0604999992211,737.7311999989615,one shared preloaded model
syn-026eb39de0a0e851,lalm,128.9028999999573,10.51509999888367,347.3935000001802,486.8114999990212,one shared preloaded model
syn-336643bb0465d76d,vanilla,0.12550000064948108,0.0009000013960758224,187.21199999890814,187.3384000009537,one shared preloaded model
syn-4d5d147b8dca8f90,vanilla,0.12450000031094532,0.0006999998731771484,192.11559999894234,192.24079999912647,one shared preloaded model
syn-716af7f211748a77,vanilla,0.11539999832166359,0.0006000009307172149,193.72590000057244,193.84189999982482,one shared preloaded model
syn-0351cae957bcb7be,vanilla,0.10690000090107787,0.0005999991117278114,188.9197000000422,189.02720000005502,one shared preloaded model
syn-a03a7858b116e564,vanilla,0.10769999971671496,0.0006999998731771484,196.276200000284,196.3845999998739,one shared preloaded model
syn-2e9fd4cd6e642b4d,vanilla,0.13760000001639128,0.0006000009307172149,189.4908000012947,189.6290000022418,one shared preloaded model
syn-fcc5b3e16c715c19,vanilla,0.22950000129640102,0.0013000008038943633,187.84840000080294,188.07920000290324,one shared preloaded model
syn-81bb6482ee725b0c,vanilla,0.15040000107546803,0.0006999998731771484,189.22609999935958,189.37720000030822,one shared preloaded model
syn-9fcf7a6936057461,vanilla,0.12149999929533806,0.0005999991117278114,188.63380000038887,188.75589999879594,one shared preloaded model
syn-a57f20ab453bcc50,vanilla,0.12370000149530824,0.0005999991117278114,192.7386999996088,192.86300000021583,one shared preloaded model
syn-b537f820589525b6,vanilla,0.11180000001331791,0.0006000009307172149,189.11620000108087,189.2286000020249,one shared preloaded model
syn-affaeb4880b07259,vanilla,0.17219999972439837,0.0006000009307172149,188.6200999997527,188.79290000040783,one shared preloaded model
syn-43db141b9ef5f25b,vanilla,0.12629999946511816,0.0008999995770864189,186.65580000015325,186.78299999919545,one shared preloaded model
syn-f9c4510f0353abea,vanilla,0.12210000022605527,0.0005999991117278114,186.30160000066098,186.42429999999877,one shared preloaded model
syn-f406b352092ac7b5,vanilla,0.11470000026747584,0.0005000001692678779,192.3138000001927,192.42900000062946,one shared preloaded model
syn-88ac3ede93fe2e67,vanilla,0.12229999992996454,0.0006000009307172149,189.9889999986044,190.1118999994651,one shared preloaded model
syn-51318c5bfa14c67f,vanilla,0.12369999967631884,0.0005000001692678779,190.72349999987637,190.84769999972195,one shared preloaded model
syn-ad5e0bc64879f80a,vanilla,0.13299999955052044,0.0005999991117278114,190.22810000024037,190.36169999890262,one shared preloaded model
syn-c43411c38527d72e,vanilla,0.11269999959040433,0.0005000001692678779,193.57379999928526,193.68699999904493,one shared preloaded model
syn-431c00e831022a2a,vanilla,0.12380000043776818,0.0006999998731771484,189.03210000098625,189.1566000012972,one shared preloaded model
syn-6687e551b8a5dd1d,vanilla,0.11480000102892518,0.0006999998731771484,187.2708999999304,187.3864000008325,one shared preloaded model
syn-1d6120d9a67b60d7,vanilla,0.12059999971825164,0.0006999998731771484,190.64280000020517,190.7640999997966,one shared preloaded model
syn-e61c5d7164592e23,vanilla,0.12059999971825164,0.0008000006346264854,184.93190000117465,185.05330000152753,one shared preloaded model
syn-e4ff93eae9707fbd,vanilla,0.12900000001536682,0.0009000013960758224,185.57770000006713,185.70760000147857,one shared preloaded model
syn-ba808a11522be770,vanilla,0.12369999967631884,0.0006000009307172149,190.56850000015402,190.69280000076105,one shared preloaded model
syn-e75d894604fbad56,vanilla,0.11759999870264437,0.0007999988156370819,192.0578999997815,192.1762999972998,one shared preloaded model
syn-81aa58224069e767,vanilla,0.11789999916800298,0.0005000001692678779,190.50940000124683,190.6278000005841,one shared preloaded model
syn-2902d35b1a2f7be5,vanilla,0.14419999934034422,0.0006999998731771484,187.90599999920232,188.05089999841584,one shared preloaded model
syn-a1760638182488fb,vanilla,0.11529999937920365,0.0005999991117278114,188.21380000008503,188.32969999857596,one shared preloaded model
syn-9c715ed6199bf520,vanilla,0.13330000001587905,0.0005999991117278114,195.58280000092054,195.71670000004815,one shared preloaded model
syn-f0c2108aa2330340,vanilla,0.1277999999729218,0.0006999998731771484,191.27280000066094,191.40130000050704,one shared preloaded model
syn-4b5de9f94f2ba5b1,vanilla,0.14390000069397502,0.0006999998731771484,191.9201000000612,192.06470000062836,one shared preloaded model
syn-679d3b5fa84badd3,vanilla,0.13410000065050554,0.0006000009307172149,189.64000000050873,189.77470000208996,one shared preloaded model
syn-85b3a7f9d6f7e382,vanilla,0.1505999989603879,0.0006000009307172149,186.8838999998843,187.0350999997754,one shared preloaded model
syn-01896bfd1d3cfd0a,vanilla,0.11869999980262946,0.0005000001692678779,186.21969999912835,186.33889999910025,one shared preloaded model
syn-16e53ff3f73099ab,vanilla,0.13560000115830917,0.0005000001692678779,192.07360000109475,192.20970000242232,one shared preloaded model
syn-92f8fd17ac5e02e2,vanilla,0.13050000052317046,0.0007999988156370819,190.42850000005274,190.55979999939154,one shared preloaded model
syn-6e4abb442c9a39da,vanilla,0.12760000026901253,0.0009000013960758224,190.76700000005076,190.89550000171585,one shared preloaded model
syn-3e2201052e4f2255,vanilla,0.12419999984558672,0.0006000009307172149,186.28119999993942,186.40600000071572,one shared preloaded model
syn-5aeb66468233396d,vanilla,0.1205000007757917,0.0005999991117278114,191.13890000153333,191.26000000142085,one shared preloaded model
syn-fe6c9ad31083137a,vanilla,0.14569999984814785,0.0006999998731771484,195.44800000039686,195.59440000011818,one shared preloaded model
syn-30815d67f0428cc6,vanilla,0.1353999996354105,0.0005000001692678779,188.5760000004666,188.71190000027127,one shared preloaded model
syn-3d3c2ed79da33a22,vanilla,0.1269999993382953,0.0006000009307172149,188.58040000122855,188.70800000149757,one shared preloaded model
syn-4562f4ef285e1a60,vanilla,0.14290000035543926,0.0006999998731771484,191.14779999836173,191.29139999859035,one shared preloaded model
syn-542842aa508c8bd3,vanilla,0.12140000035287812,0.0005999991117278114,191.42509999983304,191.54709999929764,one shared preloaded model
syn-ff5fdb1c924ff011,vanilla,0.1250000004802132,0.0005999991117278114,190.09319999895524,190.21879999854718,one shared preloaded model
syn-f948084fe9047372,vanilla,0.21460000061779283,0.0008999995770864189,192.2776999999769,192.49320000017178,one shared preloaded model
syn-eca6c8909ab4b690,vanilla,2.0762999993166886,0.0008000006346264854,195.16379999913624,197.24089999908756,one shared preloaded model
syn-3b01ee6ed97f202e,vanilla,0.11889999950653873,0.0005000001692678779,190.28609999986656,190.40549999954237,one shared preloaded model
syn-85dd8b1d1314ead4,vanilla,0.12380000043776818,0.0006000009307172149,188.9446000004682,189.06900000183668,one shared preloaded model
syn-c1eef09c28fa823f,vanilla,0.1160000010713702,0.0007999988156370819,189.34359999911976,189.46039999900677,one shared preloaded model
syn-69b79262e663edbd,vanilla,0.11420000009820797,0.0005999991117278114,187.4770999984321,187.59189999764203,one shared preloaded model
syn-b8b3a77cfa8c16f2,vanilla,0.1331999992544297,0.0005999991117278114,191.95639999998093,192.0901999983471,one shared preloaded model
syn-ca97c0416d50fb84,vanilla,0.1675000003160676,0.0005000001692678779,192.99879999925906,193.1667999997444,one shared preloaded model
syn-4604b4fa5c6898fe,vanilla,0.14879999980621506,0.0005000001692678779,187.74600000142527,187.89530000140076,one shared preloaded model
syn-863153ad3cbab327,vanilla,0.12109999988751952,0.0005000001692678779,189.61769999987155,189.73929999992833,one shared preloaded model
syn-032d8f2aeefb00f3,vanilla,0.13829999988956843,0.0005000001692678779,191.087699999116,191.22649999917485,one shared preloaded model
syn-3196524b41afd7ed,vanilla,0.11319999975967221,0.0005999991117278114,188.20330000016838,188.31709999903978,one shared preloaded model
syn-5bc0918118aed5fe,vanilla,0.1306000012846198,0.00039999940781854093,186.87409999984084,187.00510000053328,one shared preloaded model
syn-a43a2f2f6e37db4a,vanilla,0.12459999925340526,0.0005000001692678779,193.74880000032135,193.87389999974403,one shared preloaded model
syn-024b572698b52439,vanilla,0.11650000124063808,0.0004000012268079445,192.98539999908826,193.1023000015557,one shared preloaded model
syn-bb7fda45131ba97d,vanilla,0.11579999954847153,0.0005000001692678779,190.41629999992438,190.53259999964212,one shared preloaded model
syn-ecb387c40a2db688,vanilla,0.14460000056715216,0.0008000006346264854,188.91790000088804,189.06330000208982,one shared preloaded model
syn-69c4690b996cc6cb,vanilla,0.13659999967785552,0.00039999940781854093,184.4323000004806,184.56929999956628,one shared preloaded model
syn-3b1df5bbc6824136,vanilla,0.15689999963797163,0.0005999991117278114,190.4381000003923,190.595599999142,one shared preloaded model
syn-c60f5e15a8b0cb03,vanilla,0.12069999866071157,0.00039999940781854093,188.85640000007697,188.9774999981455,one shared preloaded model
syn-6f54aa0bb1a1429b,vanilla,0.12720000086119398,0.0008000006346264854,183.49460000172257,183.6226000032184,one shared preloaded model
syn-86aea91d8e1a7f33,vanilla,0.12220000098750461,0.00039999940781854093,186.57270000039716,186.69530000079249,one shared preloaded model
syn-8d3fedb982f07b00,vanilla,0.12539999988803174,0.0005000001692678779,191.61830000120972,191.74420000126702,one shared preloaded model
syn-91b7b2e6ba4e6ddb,vanilla,0.13949999993201345,0.0005000001692678779,188.08610000087356,188.22610000097484,one shared preloaded model
syn-b546dc51d12bd116,vanilla,0.12790000073437113,0.0005000001692678779,185.0959999992483,185.22440000015195,one shared preloaded model
syn-1f728fa470d36e6b,vanilla,0.133700001242687,0.0005000001692678779,190.21670000074664,190.3509000021586,one shared preloaded model
syn-a5f2d31431c45923,vanilla,0.11470000026747584,0.0005000001692678779,189.3528000000515,189.46800000048825,one shared preloaded model
syn-55a0e73329354d20,vanilla,0.13069999840809032,0.0005000001692678779,191.57450000056997,191.70569999914733,one shared preloaded model
syn-0e5043c93671b74b,vanilla,0.13920000128564425,0.0004000012268079445,190.42950000039127,190.56910000290372,one shared preloaded model
syn-336643bb0465d76d,window,0.21779999951831996,0.004899999112240039,459.96110000123736,460.1837999998679,one shared preloaded model
syn-4d5d147b8dca8f90,window,0.19289999909233302,0.00650000038149301,458.57319999959145,458.7725999990653,one shared preloaded model
syn-716af7f211748a77,window,0.22510000053443946,0.004999999873689376,459.7623999998177,459.99250000022585,one shared preloaded model
syn-0351cae957bcb7be,window,0.20339999900897965,0.00399999953515362,458.10339999843563,458.31079999697977,one shared preloaded model
syn-a03a7858b116e564,window,0.19580000116548035,0.004200001058052294,432.0999000010488,432.29990000327234,one shared preloaded model
syn-2e9fd4cd6e642b4d,window,0.2026999991358025,0.003499999365885742,464.14520000143966,464.35139999994135,one shared preloaded model
syn-fcc5b3e16c715c19,window,0.18989999989571515,0.004200001058052294,455.8697000011307,456.06380000208446,one shared preloaded model
syn-81bb6482ee725b0c,window,0.19079999947280157,0.003899998773704283,458.8404999994964,459.0351999977429,one shared preloaded model
syn-9fcf7a6936057461,window,0.194500000361586,0.00399999953515362,461.1826000000292,461.38109999992594,one shared preloaded model
syn-a57f20ab453bcc50,window,0.18839999938791152,0.003899998773704283,459.33530000002065,459.52759999818227,one shared preloaded model
syn-b537f820589525b6,window,0.18939999972644728,0.0039000005926936865,458.3935999999085,458.5869000002276,one shared preloaded model
syn-affaeb4880b07259,window,0.20810000023629982,0.00419999923906289,465.69690000069386,465.9092000001692,one shared preloaded model
syn-43db141b9ef5f25b,window,0.18420000014884863,0.0037999998312443495,460.08439999968687,460.27239999966696,one shared preloaded model
syn-f9c4510f0353abea,window,0.2372999988438096,0.011600001016631722,460.0955999994767,460.34449999933713,one shared preloaded model
syn-f406b352092ac7b5,window,0.19049999900744297,0.0034000004234258085,472.30730000046606,472.5011999998969,one shared preloaded model
syn-88ac3ede93fe2e67,window,0.1864000005298294,0.003600000127335079,459.1926000011881,459.3826000018453,one shared preloaded model
syn-51318c5bfa14c67f,window,0.19380000048840884,0.004300000000512227,458.5323999999673,458.73050000045623,one shared preloaded model
syn-ad5e0bc64879f80a,window,0.18219999947177712,0.0036999990697950125,461.9890000012674,462.174899999809,one shared preloaded model
syn-c43411c38527d72e,window,0.18369999997958075,0.004400000761961564,463.0284000013489,463.21650000209047,one shared preloaded model
syn-431c00e831022a2a,window,0.20539999968605116,0.0037999998312443495,463.79000000160886,463.99920000112616,one shared preloaded model
syn-6687e551b8a5dd1d,window,0.1968000015040161,0.004100000296602957,458.693200000198,458.8941000019986,one shared preloaded model
syn-1d6120d9a67b60d7,window,0.18060000002151355,0.0039000005926936865,460.5567999988125,460.7412999994267,one shared preloaded model
syn-e61c5d7164592e23,window,0.19249999968451448,0.0039000005926936865,462.2802000012598,462.476600001537,one shared preloaded model
syn-e4ff93eae9707fbd,window,0.18310000086785294,0.009999999747378752,457.49609999984386,457.6892000004591,one shared preloaded model
syn-ba808a11522be770,window,0.18289999934495427,0.003700000888784416,461.67440000135684,461.8610000015906,one shared preloaded model
syn-e75d894604fbad56,window,0.19919999976991676,0.004300000000512227,458.31900000121095,458.5225000009814,one shared preloaded model
syn-81aa58224069e767,window,0.24060000032477546,0.004300000000512227,430.3507000004174,430.5956000007427,one shared preloaded model
syn-2902d35b1a2f7be5,window,0.17459999980928842,0.0037999998312443495,465.6835999994655,465.86199999910605,one shared preloaded model
syn-a1760638182488fb,window,0.20340000082796905,0.00399999953515362,463.90400000018417,464.1114000005473,one shared preloaded model
syn-9c715ed6199bf520,window,0.1824000009946758,0.004300000000512227,464.2002999989927,464.3869999999879,one shared preloaded model
syn-f0c2108aa2330340,window,0.20740000036312267,0.00399999953515362,464.1148000009707,464.326200000869,one shared preloaded model
syn-4b5de9f94f2ba5b1,window,0.19210000027669594,0.00399999953515362,458.58509999925445,458.7811999990663,one shared preloaded model
syn-679d3b5fa84badd3,window,0.20250000125088263,0.004600000465870835,466.0077000007732,466.21480000248994,one shared preloaded model
syn-85b3a7f9d6f7e382,window,0.18760000057227444,0.003499999365885742,465.94849999928556,466.1395999992237,one shared preloaded model
syn-01896bfd1d3cfd0a,window,0.18769999951473437,0.00419999923906289,429.3746999992436,429.5665999979974,one shared preloaded model
syn-16e53ff3f73099ab,window,0.2041000007011462,0.004599998646881431,454.9427999991167,455.1514999984647,one shared preloaded model
syn-92f8fd17ac5e02e2,window,0.19559999964258168,0.00399999953515362,431.87700000089535,432.0766000000731,one shared preloaded model
syn-6e4abb442c9a39da,window,0.1919999995152466,0.004499999704421498,462.55810000002384,462.7545999992435,one shared preloaded model
syn-3e2201052e4f2255,window,0.20109999968553893,0.004200001058052294,463.194799998746,463.4000999994896,one shared preloaded model
syn-5aeb66468233396d,window,0.18939999972644728,0.004099998477613553,461.90220000062254,462.0956999988266,one shared preloaded model
syn-fe6c9ad31083137a,window,0.18880000061471947,0.003399998604436405,464.8577000007208,465.04989999993995,one shared preloaded model
syn-30815d67f0428cc6,window,0.20149999909335747,0.006199999916134402,457.36720000058995,457.57489999959944,one shared preloaded model
syn-3d3c2ed79da33a22,window,0.18959999943035655,0.003899998773704283,465.4322000005777,465.6256999987818,one shared preloaded model
syn-4562f4ef285e1a60,window,0.19179999981133733,0.0039000005926936865,460.2990999992471,460.49479999965115,one shared preloaded model
syn-542842aa508c8bd3,window,0.2285999999003252,0.004500001523410901,434.3345999986923,434.567700000116,one shared preloaded model
syn-ff5fdb1c924ff011,window,0.19330000031914096,0.0037999998312443495,460.6654000017443,460.86250000189466,one shared preloaded model
syn-f948084fe9047372,window,0.1905999997688923,0.00419999923906289,431.9842000004428,432.17899999945075,one shared preloaded model
syn-eca6c8909ab4b690,window,0.21050000032118987,0.007800001185387373,467.6997999995365,467.91810000104306,one shared preloaded model
syn-3b01ee6ed97f202e,window,0.1937000015459489,0.0039000005926936865,464.61269999963406,464.8103000017727,one shared preloaded model
syn-85dd8b1d1314ead4,window,0.19969999993918464,0.004300000000512227,454.4153999995615,454.6193999995012,one shared preloaded model
syn-c1eef09c28fa823f,window,0.1976000003196532,0.003499999365885742,464.8295999995753,465.03069999926083,one shared preloaded model
syn-69b79262e663edbd,window,0.18590000036056153,0.00399999953515362,461.57680000032997,461.7667000002257,one shared preloaded model
syn-b8b3a77cfa8c16f2,window,0.1917000008688774,0.00399999953515362,465.72249999917403,465.91819999957806,one shared preloaded model
syn-ca97c0416d50fb84,window,0.19409999913477805,0.003600000127335079,463.58969999891997,463.7873999981821,one shared preloaded model
syn-4604b4fa5c6898fe,window,0.20980000044801272,0.0036999990697950125,461.5037999992637,461.7172999987815,one shared preloaded model
syn-863153ad3cbab327,window,0.20289999883971177,0.0037999998312443495,468.16649999891524,468.3731999975862,one shared preloaded model
syn-032d8f2aeefb00f3,window,0.19470000006549526,0.00399999953515362,442.8126999991946,443.01139999879524,one shared preloaded model
syn-3196524b41afd7ed,window,0.23539999892818742,0.003899998773704283,462.4101999997947,462.6494999974966,one shared preloaded model
syn-5bc0918118aed5fe,window,0.19020000036107376,0.004100000296602957,464.4222000006266,464.6165000012843,one shared preloaded model
syn-a43a2f2f6e37db4a,window,0.23580000015499536,0.004400000761961564,465.19029999944905,465.430500000366,one shared preloaded model
syn-024b572698b52439,window,0.20399999993969686,0.003700000888784416,462.81180000005406,463.01950000088254,one shared preloaded model
syn-bb7fda45131ba97d,window,0.19260000044596381,0.0039000005926936865,467.25709999918763,467.4536000002263,one shared preloaded model
syn-ecb387c40a2db688,window,0.19470000006549526,0.006000000212225132,465.5671999989863,465.76789999926405,one shared preloaded model
syn-69c4690b996cc6cb,window,0.2021000000240747,0.006900001608300954,463.11470000000554,463.3237000016379,one shared preloaded model
syn-3b1df5bbc6824136,window,0.21430000015243422,0.004200001058052294,436.8813000000955,437.099800001306,one shared preloaded model
syn-c60f5e15a8b0cb03,window,0.2089000008709263,0.00419999923906289,463.27930000006745,463.49240000017744,one shared preloaded model
syn-6f54aa0bb1a1429b,window,0.19869999960064888,0.0037999998312443495,464.0467000008357,464.2492000002676,one shared preloaded model
syn-86aea91d8e1a7f33,window,0.18799999998009298,0.0037999998312443495,466.6876000010234,466.8794000008347,one shared preloaded model
syn-8d3fedb982f07b00,window,0.19139999858452938,0.003399998604436405,460.40440000069793,460.5991999978869,one shared preloaded model
syn-91b7b2e6ba4e6ddb,window,0.20790000053239055,0.004300000000512227,458.46759999949427,458.67980000002717,one shared preloaded model
syn-b546dc51d12bd116,window,0.18940000154543668,0.003899998773704283,469.124199998987,469.31749999930616,one shared preloaded model
syn-1f728fa470d36e6b,window,0.19040000006498303,0.005199999577598646,465.4448000001139,465.6403999997565,one shared preloaded model
syn-a5f2d31431c45923,window,0.6016999996063532,0.0070000005507608876,464.0281000010873,464.6368000012444,one shared preloaded model
syn-55a0e73329354d20,window,0.18869999985327013,0.0037999998312443495,468.26810000129626,468.4606000009808,one shared preloaded model
syn-0e5043c93671b74b,window,0.189200000022538,0.004300000000512227,488.8459999983752,489.03949999839824,one shared preloaded model
syn-336643bb0465d76d,rag,87.11130000119738,5.241600001681945,346.62720000051195,438.98010000339127,one shared preloaded model
syn-4d5d147b8dca8f90,rag,93.80550000059884,5.17750000108208,328.439700000672,427.42270000235294,one shared preloaded model
syn-716af7f211748a77,rag,78.71179999892775,5.057800000940915,401.3842999993358,485.15389999920444,one shared preloaded model
syn-0351cae957bcb7be,rag,88.10760000051232,8.23579999996582,332.6488000002428,428.9922000007209,one shared preloaded model
syn-a03a7858b116e564,rag,82.22810000006575,8.42960000045423,252.04600000142818,342.70370000194816,one shared preloaded model
syn-2e9fd4cd6e642b4d,rag,95.87119999923743,8.491799999319483,368.7661999992997,473.12919999785663,one shared preloaded model
syn-fcc5b3e16c715c19,rag,85.78360000137764,8.690200000273762,172.88659999940137,267.36040000105277,one shared preloaded model
syn-81bb6482ee725b0c,rag,84.51900000000023,5.277899999782676,360.0729000008869,449.8698000006698,one shared preloaded model
syn-9fcf7a6936057461,rag,79.83559999956924,4.865299999437411,524.5300999995379,609.2309999985446,one shared preloaded model
syn-a57f20ab453bcc50,rag,77.98790000015288,8.109099999273894,333.3504999991419,419.4474999985687,one shared preloaded model
syn-b537f820589525b6,rag,77.55209999959334,4.893699999229284,307.57769999945594,390.02349999827857,one shared preloaded model
syn-affaeb4880b07259,rag,81.44309999988764,8.428799999819603,375.69409999923664,465.5659999989439,one shared preloaded model
syn-43db141b9ef5f25b,rag,85.83290000024135,4.9682999997457955,328.7801999995281,419.58139999951527,one shared preloaded model
syn-f9c4510f0353abea,rag,77.79999999911524,4.738399999041576,338.3326000002853,420.87099999844213,one shared preloaded model
syn-f406b352092ac7b5,rag,79.83729999978095,7.736199999271776,274.166500001229,361.7400000002817,one shared preloaded model
syn-88ac3ede93fe2e67,rag,78.85809999970661,4.383100000268314,351.6284999986965,434.8696999986714,one shared preloaded model
syn-51318c5bfa14c67f,rag,79.48960000067018,5.299599999489146,113.94170000130543,198.73090000146476,one shared preloaded model
syn-ad5e0bc64879f80a,rag,110.9734000001481,5.106500000692904,334.1737999999168,450.2537000007578,one shared preloaded model
syn-c43411c38527d72e,rag,77.70829999935813,4.929900000206544,556.377099999736,639.0152999993006,one shared preloaded model
syn-431c00e831022a2a,rag,80.9664000007615,8.262700001068879,244.1756999996869,333.4048000015173,one shared preloaded model
syn-6687e551b8a5dd1d,rag,76.33960000021034,4.9201999991055345,345.41149999859044,426.6712999979063,one shared preloaded model
syn-1d6120d9a67b60d7,rag,80.56180000130553,8.435399999143556,363.02249999971536,452.01970000016445,one shared preloaded model
syn-e61c5d7164592e23,rag,80.6404000013572,5.346700001609861,335.86250000007567,421.8496000030427,one shared preloaded model
syn-e4ff93eae9707fbd,rag,80.22569999957341,8.60139999895182,327.9705999993894,416.7976999979146,one shared preloaded model
syn-ba808a11522be770,rag,80.93390000067302,6.0456000010162825,265.86700000007113,352.84650000176043,one shared preloaded model
syn-e75d894604fbad56,rag,78.22119999946153,4.871199998888187,335.5948999997054,418.6872999980551,one shared preloaded model
syn-81aa58224069e767,rag,79.21179999902961,4.981000000043423,140.9014999990177,225.09429999809072,one shared preloaded model
syn-2902d35b1a2f7be5,rag,106.05369999939285,5.284400000164169,346.98980000030133,458.32789999985835,one shared preloaded model
syn-a1760638182488fb,rag,78.37389999986044,5.415699999502976,552.9464999999618,636.7360999993252,one shared preloaded model
syn-9c715ed6199bf520,rag,79.46989999982179,5.856600000697654,282.02630000123463,367.3528000017541,one shared preloaded model
syn-f0c2108aa2330340,rag,79.39939999960188,4.675199999837787,314.6648000001733,398.73939999961294,one shared preloaded model
syn-4b5de9f94f2ba5b1,rag,77.84780000110914,4.931800000122166,318.8843999996607,401.664000000892,one shared preloaded model
syn-679d3b5fa84badd3,rag,78.9271000012377,4.85339999977441,335.10799999930896,418.8885000003211,one shared preloaded model
syn-85b3a7f9d6f7e382,rag,79.58359999975073,4.118400000152178,346.06109999913315,429.76309999903606,one shared preloaded model
syn-01896bfd1d3cfd0a,rag,76.38500000030035,4.837099999349448,238.047099999676,319.2691999993258,one shared preloaded model
syn-16e53ff3f73099ab,rag,78.01020000079006,6.235899998500827,336.9425000000774,421.1885999993683,one shared preloaded model
syn-92f8fd17ac5e02e2,rag,77.31500000045344,4.9284999986412,134.5909000010579,216.83440000015253,one shared preloaded model
syn-6e4abb442c9a39da,rag,102.65799999979208,5.152399999133195,332.2184999997262,440.02889999865147,one shared preloaded model
syn-3e2201052e4f2255,rag,79.47369999965304,8.59630000013567,525.383399999555,613.4533999993437,one shared preloaded model
syn-5aeb66468233396d,rag,79.10179999998945,4.288799998903414,311.32700000125624,394.7176000001491,one shared preloaded model
syn-fe6c9ad31083137a,rag,79.5269999998709,5.232699999396573,306.69469999884313,391.4543999981106,one shared preloaded model
syn-30815d67f0428cc6,rag,79.39980000082869,4.789799999343813,346.81319999981497,431.0027999999875,one shared preloaded model
syn-3d3c2ed79da33a22,rag,78.1717000008939,4.8606999989715405,365.72440000054485,448.7568000004103,one shared preloaded model
syn-4562f4ef285e1a60,rag,77.94720000129018,5.563599999732105,324.5067999996536,408.0176000006759,one shared preloaded model
syn-542842aa508c8bd3,rag,78.73130000007222,4.8439000001962995,256.046200000128,339.62140000039653,one shared preloaded model
syn-ff5fdb1c924ff011,rag,75.45209999989311,4.853600001297309,345.6191999994189,425.92490000060934,one shared preloaded model
syn-f948084fe9047372,rag,77.67539999986184,4.519000000072992,150.01350000056846,232.2079000005033,one shared preloaded model
syn-eca6c8909ab4b690,rag,94.94970000014291,4.702199999883305,320.8790000007866,420.53090000081284,one shared preloaded model
syn-3b01ee6ed97f202e,rag,80.94139999957406,4.31399999979476,582.1761000006518,667.4315000000206,one shared preloaded model
syn-85dd8b1d1314ead4,rag,78.90520000000834,5.1289000002725516,229.50869999840506,313.54279999868595,one shared preloaded model
syn-c1eef09c28fa823f,rag,76.73140000042622,5.147999998371233,341.5781000003335,423.45749999913096,one shared preloaded model
syn-69b79262e663edbd,rag,80.2640000001702,8.251000001109787,322.37239999994927,410.88740000122925,one shared preloaded model
syn-b8b3a77cfa8c16f2,rag,78.2922000016697,4.730200000267359,297.7668999992602,380.78930000119726,one shared preloaded model
syn-ca97c0416d50fb84,rag,77.2465000009106,5.119800000102259,367.02970000078494,449.3960000017978,one shared preloaded model
syn-4604b4fa5c6898fe,rag,79.4688000005408,4.58969999999681,247.36510000002454,331.42360000056215,one shared preloaded model
syn-863153ad3cbab327,rag,177.84480000045733,5.387200000768644,349.06109999974433,532.2931000009703,one shared preloaded model
syn-032d8f2aeefb00f3,rag,77.5565000003553,5.228699999861419,185.92029999854276,268.7054999987595,one shared preloaded model
syn-3196524b41afd7ed,rag,81.81379999950877,5.132700000103796,318.1786999994074,405.12519999901997,one shared preloaded model
syn-5bc0918118aed5fe,rag,79.5215999987704,5.233199999565841,593.5798999998951,678.3346999982314,one shared preloaded model
syn-a43a2f2f6e37db4a,rag,76.96849999956612,4.858400001467089,250.83119999908376,332.658100000117,one shared preloaded model
syn-024b572698b52439,rag,77.4595999992016,4.702899999756482,310.5531000001065,392.7155999990646,one shared preloaded model
syn-bb7fda45131ba97d,rag,78.46650000101363,5.065000001195585,306.0589999986405,389.5905000008497,one shared preloaded model
syn-ecb387c40a2db688,rag,80.69299999988289,5.070500001238543,356.7165999993449,442.48010000046634,one shared preloaded model
syn-69c4690b996cc6cb,rag,80.31020000089484,4.8968999999488005,317.5336000003881,402.74070000123174,one shared preloaded model
syn-3b1df5bbc6824136,rag,80.41899999989255,4.178199998932541,240.30490000041027,324.90209999923536,one shared preloaded model
syn-c60f5e15a8b0cb03,rag,79.02280000052997,8.324500000526314,357.72390000056475,445.07120000162104,one shared preloaded model
syn-6f54aa0bb1a1429b,rag,78.82799999970302,8.347400000275229,187.91529999907652,275.0906999990548,one shared preloaded model
syn-86aea91d8e1a7f33,rag,80.14659999935247,5.182999999306048,338.84409999882337,424.1736999974819,one shared preloaded model
syn-8d3fedb982f07b00,rag,79.88579999982903,4.23640000008163,525.3222999999707,609.4444999998814,one shared preloaded model
syn-91b7b2e6ba4e6ddb,rag,79.51619999948889,7.338599998547579,313.78899999981513,400.6437999978516,one shared preloaded model
syn-b546dc51d12bd116,rag,78.37330000074871,4.988599999705912,327.61410000057367,410.9760000010283,one shared preloaded model
syn-1f728fa470d36e6b,rag,79.44049999969138,5.002500000045984,339.80200000041805,424.2450000001554,one shared preloaded model
syn-a5f2d31431c45923,rag,79.40379999854486,7.175900000220281,336.23810000062804,422.8177999993932,one shared preloaded model
syn-55a0e73329354d20,rag,80.76179999989108,5.08090000039374,347.59329999906186,433.4359999993467,one shared preloaded model
syn-0e5043c93671b74b,rag,77.82709999992221,4.978700000719982,260.2767999997013,343.0826000003435,one shared preloaded model
syn-336643bb0465d76d,pure_liquid,410.22549999979674,5.5823999991844175,273.8036999999167,689.6115999988979,one shared preloaded model
syn-4d5d147b8dca8f90,pure_liquid,421.31549999976414,9.119599999394268,139.64879999912228,570.0838999982807,one shared preloaded model
syn-716af7f211748a77,pure_liquid,430.2481999984593,10.056300001451746,267.7075000010518,708.0120000009629,one shared preloaded model
syn-0351cae957bcb7be,pure_liquid,349.9675999992178,7.007300000623218,286.0471999993024,643.0220999991434,one shared preloaded model
syn-a03a7858b116e564,pure_liquid,394.6619999987888,6.824299998697825,267.3914999995759,668.8777999970625,one shared preloaded model
syn-2e9fd4cd6e642b4d,pure_liquid,372.5549000009778,6.564299999809009,158.17369999967923,537.292900000466,one shared preloaded model
syn-fcc5b3e16c715c19,pure_liquid,379.70730000051844,9.506700000201818,148.33269999871845,537.5466999994387,one shared preloaded model
syn-81bb6482ee725b0c,pure_liquid,358.62380000071425,6.864599999971688,276.91390000109095,642.4023000017769,one shared preloaded model
syn-9fcf7a6936057461,pure_liquid,425.0674999984767,6.075499999496969,1214.6510999991733,1645.794099997147,one shared preloaded model
syn-a57f20ab453bcc50,pure_liquid,411.10590000062075,6.659599999693455,257.86130000051344,675.6268000008276,one shared preloaded model
syn-b537f820589525b6,pure_liquid,451.05209999928775,6.308399999397807,119.79219999921042,577.152699997896,one shared preloaded model
syn-affaeb4880b07259,pure_liquid,379.72719999925175,6.72379999923578,240.79889999848092,627.2498999969685,one shared preloaded model
syn-43db141b9ef5f25b,pure_liquid,416.6222000003472,10.23439999880793,264.3439999992552,691.2005999984103,one shared preloaded model
syn-f9c4510f0353abea,pure_liquid,406.29249999983585,10.044799999377574,118.26250000012806,534.5997999993415,one shared preloaded model
syn-f406b352092ac7b5,pure_liquid,411.6697000008571,10.172700000111945,276.2965999991138,698.1390000000829,one shared preloaded model
syn-88ac3ede93fe2e67,pure_liquid,404.7122000010859,9.988600000724546,234.1390000001411,648.8398000019515,one shared preloaded model
syn-51318c5bfa14c67f,pure_liquid,392.09590000064054,6.528699999762466,245.6369999999879,644.2616000003909,one shared preloaded model
syn-ad5e0bc64879f80a,pure_liquid,310.5414000001474,6.836699998530094,256.8148000009387,574.1928999996162,one shared preloaded model
syn-c43411c38527d72e,pure_liquid,343.2845000006637,10.18099999964761,290.55999999945925,644.0254999997705,one shared preloaded model
syn-431c00e831022a2a,pure_liquid,333.65129999947385,5.891999999221298,169.56460000074003,509.1078999994352,one shared preloaded model
syn-6687e551b8a5dd1d,pure_liquid,390.4008999998041,5.72199999987788,283.049800000299,679.172699999981,one shared preloaded model
syn-1d6120d9a67b60d7,pure_liquid,358.05140000047686,10.32380000106059,236.92060000030324,605.2958000018407,one shared preloaded model
syn-e61c5d7164592e23,pure_liquid,386.93330000023707,6.591600000319886,267.9941000005783,661.5190000011353,one shared preloaded model
syn-e4ff93eae9707fbd,pure_liquid,349.90969999853405,5.731800001740339,103.020500000639,458.6620000009134,one shared preloaded model
syn-ba808a11522be770,pure_liquid,427.29160000089905,5.809399999634479,258.8944999988598,691.9954999993934,one shared preloaded model
syn-e75d894604fbad56,pure_liquid,357.5006000010035,9.234700000888552,158.67750000143133,525.4128000033234,one shared preloaded model
syn-81aa58224069e767,pure_liquid,403.44869999898947,10.119499998836545,136.7370000007213,550.3051999985473,one shared preloaded model
syn-2902d35b1a2f7be5,pure_liquid,434.5728999996936,6.037700000888435,279.02159999939613,719.6321999999782,one shared preloaded model
syn-a1760638182488fb,pure_liquid,379.0843999995559,6.435600000259001,246.7794000003778,632.2994000001927,one shared preloaded model
syn-9c715ed6199bf520,pure_liquid,406.9015000004583,10.39909999963129,245.90510000052745,663.2057000006171,one shared preloaded model
syn-f0c2108aa2330340,pure_liquid,343.55089999917254,10.138899999219575,271.850799999811,625.5405999982031,one shared preloaded model
syn-4b5de9f94f2ba5b1,pure_liquid,358.76769999958924,6.124499999714317,249.2759999986447,614.1681999979482,one shared preloaded model
syn-679d3b5fa84badd3,pure_liquid,392.3832999989827,10.7692000001407,253.2308000008925,656.3833000000159,one shared preloaded model
syn-85b3a7f9d6f7e382,pure_liquid,423.984199998813,5.86009999824455,271.1022999992565,700.946599996314,one shared preloaded model
syn-01896bfd1d3cfd0a,pure_liquid,360.55779999878723,10.138499999811756,120.24670000027982,490.9429999988788,one shared preloaded model
syn-16e53ff3f73099ab,pure_liquid,447.07019999987097,6.307399999059271,183.53529999876628,636.9128999976965,one shared preloaded model
syn-92f8fd17ac5e02e2,pure_liquid,363.2640999985597,9.586799998942297,158.87279999878956,531.7236999962915,one shared preloaded model
syn-6e4abb442c9a39da,pure_liquid,447.8226999999606,6.131300000561168,255.80819999959203,709.7622000001138,one shared preloaded model
syn-3e2201052e4f2255,pure_liquid,380.2432000011322,10.18590000057884,276.88039999884495,667.309500000556,one shared preloaded model
syn-5aeb66468233396d,pure_liquid,371.3989000007132,10.106499999892549,111.10099999859813,492.60639999920386,one shared preloaded model
syn-fe6c9ad31083137a,pure_liquid,379.1313000001537,10.040200000730692,268.9626000010321,658.1341000019165,one shared preloaded model
syn-30815d67f0428cc6,pure_liquid,296.5197999983502,5.854200000612764,264.1548999999941,566.5288999989571,one shared preloaded model
syn-3d3c2ed79da33a22,pure_liquid,328.82190000054834,10.077700000692857,279.7872000010102,618.6868000022514,one shared preloaded model
syn-4562f4ef285e1a60,pure_liquid,358.75339999984135,10.313099999621045,126.51250000089931,495.5790000003617,one shared preloaded model
syn-542842aa508c8bd3,pure_liquid,404.6691000003193,6.257600000026287,258.6340999987442,669.5607999990898,one shared preloaded model
syn-ff5fdb1c924ff011,pure_liquid,337.12980000018433,5.621700000119745,263.1652000000031,605.9167000003072,one shared preloaded model
syn-f948084fe9047372,pure_liquid,336.06759999929636,10.318000000552274,191.85509999988426,538.2406999997329,one shared preloaded model
syn-eca6c8909ab4b690,pure_liquid,368.66100000042934,8.536300001651398,265.8675000002404,643.0648000023211,one shared preloaded model
syn-3b01ee6ed97f202e,pure_liquid,387.8359999998793,6.625500000154716,914.0305000000808,1308.4920000001148,one shared preloaded model
syn-85dd8b1d1314ead4,pure_liquid,367.29929999819433,6.494799999927636,132.01200000003155,505.8060999981535,one shared preloaded model
syn-c1eef09c28fa823f,pure_liquid,378.2983000000968,6.516100000226288,261.6762999987259,646.490699999049,one shared preloaded model
syn-69b79262e663edbd,pure_liquid,363.1989000004978,7.191500000772066,251.24749999849882,621.6378999997687,one shared preloaded model
syn-b8b3a77cfa8c16f2,pure_liquid,386.87339999887627,9.964599999875645,261.6159000008338,658.4538999995857,one shared preloaded model
syn-ca97c0416d50fb84,pure_liquid,446.5636999993876,10.18120000117051,107.46830000061891,564.213200001177,one shared preloaded model
syn-4604b4fa5c6898fe,pure_liquid,410.3871999996045,10.275200000251061,275.5973000002996,696.2597000001551,one shared preloaded model
syn-863153ad3cbab327,pure_liquid,341.9765999988158,9.693599999081925,278.7813000013557,630.4514999992534,one shared preloaded model
syn-032d8f2aeefb00f3,pure_liquid,353.5446000005322,6.082299998524832,168.72350000085135,528.3503999999084,one shared preloaded model
syn-3196524b41afd7ed,pure_liquid,373.7173999998049,10.569899999609333,264.66220000111207,648.9495000005263,one shared preloaded model
syn-5bc0918118aed5fe,pure_liquid,373.4150000000227,10.712299999795505,274.96769999925164,659.0949999990698,one shared preloaded model
syn-a43a2f2f6e37db4a,pure_liquid,330.4022000011173,5.77520000115328,196.55760000023292,532.7350000025035,one shared preloaded model
syn-024b572698b52439,pure_liquid,379.27570000101696,10.004899999330519,251.33389999973588,640.6145000000834,one shared preloaded model
syn-bb7fda45131ba97d,pure_liquid,405.3498999983276,10.440600000947597,252.60679999882996,668.3972999981052,one shared preloaded model
syn-ecb387c40a2db688,pure_liquid,383.61860000077286,6.514300001072115,260.61660000050324,650.7495000023482,one shared preloaded model
syn-69c4690b996cc6cb,pure_liquid,321.87139999950887,9.909399999742163,95.46550000050047,427.2462999997515,one shared preloaded model
syn-3b1df5bbc6824136,pure_liquid,416.542599999957,5.812299999888637,248.16120000105002,670.5161000008957,one shared preloaded model
syn-c60f5e15a8b0cb03,pure_liquid,345.4197999999451,6.551599999511382,236.08529999910388,588.0566999985604,one shared preloaded model
syn-6f54aa0bb1a1429b,pure_liquid,396.41630000005534,6.777899998269277,162.00229999958538,565.19649999791,one shared preloaded model
syn-86aea91d8e1a7f33,pure_liquid,360.46080000051006,10.832500000105938,253.30650000069,624.599800001306,one shared preloaded model
syn-8d3fedb982f07b00,pure_liquid,343.5750000007829,10.023099999671103,273.7395000003744,627.3376000008284,one shared preloaded model
syn-91b7b2e6ba4e6ddb,pure_liquid,333.2033999995474,10.102700000061304,92.95770000062475,436.26380000023346,one shared preloaded model
syn-b546dc51d12bd116,pure_liquid,375.9509999999864,10.849899999811896,271.3844000008976,658.1853000006959,one shared preloaded model
syn-1f728fa470d36e6b,pure_liquid,379.1514000004099,10.106800000357907,152.9749000001175,542.2331000008853,one shared preloaded model
syn-a5f2d31431c45923,pure_liquid,416.6200999989087,9.967699999833712,281.875200000286,708.4629999990284,one shared preloaded model
syn-55a0e73329354d20,pure_liquid,413.0196000005526,10.092099999383208,256.1592000001838,679.2709000001196,one shared preloaded model
syn-0e5043c93671b74b,pure_liquid,394.09990000058315,6.562200000189478,267.70419999957085,668.3663000003435,one shared preloaded model
syn-336643bb0465d76d,lexical_only,146.8390999998519,5.513800000699121,345.16330000042217,497.5162000009732,one shared preloaded model
syn-4d5d147b8dca8f90,lexical_only,160.85479999856034,7.729999999355641,359.2972999995254,527.8820999974414,one shared preloaded model
syn-716af7f211748a77,lexical_only,137.42670000101498,8.148100001562852,383.31730000027164,528.8921000028495,one shared preloaded model
syn-0351cae957bcb7be,lexical_only,152.32269999978598,4.898499999399064,368.0171000014525,525.2383000006375,one shared preloaded model
syn-a03a7858b116e564,lexical_only,148.29640000061772,4.291200000807294,260.09589999921445,412.68350000063947,one shared preloaded model
syn-2e9fd4cd6e642b4d,lexical_only,145.09829999951762,6.224799999472452,363.00200000005134,514.3250999990414,one shared preloaded model
syn-fcc5b3e16c715c19,lexical_only,148.79520000067714,4.823899998882553,270.3841000002285,424.0031999997882,one shared preloaded model
syn-81bb6482ee725b0c,lexical_only,144.26979999916512,5.411399999502464,345.7978999995248,495.4790999981924,one shared preloaded model
syn-9fcf7a6936057461,lexical_only,138.54799999899114,4.474200000913697,576.8336000001,719.8558000000048,one shared preloaded model
syn-a57f20ab453bcc50,lexical_only,153.20599999904516,4.453800000192132,294.6979000007559,452.3576999999932,one shared preloaded model
syn-b537f820589525b6,lexical_only,145.01189999828057,4.598100000293925,325.34189999933005,474.95189999790455,one shared preloaded model
syn-affaeb4880b07259,lexical_only,157.22869999990507,5.673100000421982,351.3996000001498,514.3014000004769,one shared preloaded model
syn-43db141b9ef5f25b,lexical_only,158.7314000007609,4.386100001283921,351.21670000080485,514.3342000028497,one shared preloaded model
syn-f9c4510f0353abea,lexical_only,158.5058000000572,4.7660999989602715,326.65129999986675,489.92319999888423,one shared preloaded model
syn-f406b352092ac7b5,lexical_only,143.98220000111905,4.751200000100653,244.0112999993289,392.7447000005486,one shared preloaded model
syn-88ac3ede93fe2e67,lexical_only,144.6405999995477,5.094099999041646,355.8253999999579,505.56009999854723,one shared preloaded model
syn-51318c5bfa14c67f,lexical_only,134.6083999997063,8.295399999042274,260.44999999976426,403.35379999851284,one shared preloaded model
syn-ad5e0bc64879f80a,lexical_only,158.22230000048876,8.806399999230052,346.8964000003325,513.9251000000513,one shared preloaded model
syn-c43411c38527d72e,lexical_only,143.41910000075586,3.8574999998672865,560.2581999992253,707.5347999998485,one shared preloaded model
syn-431c00e831022a2a,lexical_only,143.37259999956586,3.99450000077195,263.39160000134143,410.75870000167924,one shared preloaded model
syn-6687e551b8a5dd1d,lexical_only,141.46480000090378,6.218599999556318,337.38139999877603,485.06479999923613,one shared preloaded model
syn-1d6120d9a67b60d7,lexical_only,140.18469999973604,4.8944999998639105,359.46690000128,504.54610000087996,one shared preloaded model
syn-e61c5d7164592e23,lexical_only,155.58259999852453,5.08570000056352,319.4281999985833,480.09649999767134,one shared preloaded model
syn-e4ff93eae9707fbd,lexical_only,137.40970000071684,8.442800000921125,318.1555999999546,464.00810000159254,one shared preloaded model
syn-ba808a11522be770,lexical_only,140.43459999993502,4.356399998869165,273.2096999989153,418.0006999977195,one shared preloaded model
syn-e75d894604fbad56,lexical_only,150.13790000011795,4.865099999733502,777.1630000006553,932.1660000005068,one shared preloaded model
syn-81aa58224069e767,lexical_only,136.20119999905,6.8978999988758005,181.12599999949452,324.22509999742033,one shared preloaded model
syn-2902d35b1a2f7be5,lexical_only,136.7246999998315,4.458600000361912,337.0171999995364,478.2004999997298,one shared preloaded model
syn-a1760638182488fb,lexical_only,140.23709999855782,8.826699999190168,1075.6725999999617,1224.7363999977097,one shared preloaded model
syn-9c715ed6199bf520,lexical_only,133.7959000011324,5.601899998509907,256.7469000005076,396.1447000001499,one shared preloaded model
syn-f0c2108aa2330340,lexical_only,144.5051999999123,5.612099999780185,302.0013999994262,452.1186999991187,one shared preloaded model
syn-4b5de9f94f2ba5b1,lexical_only,140.73699999971723,4.731500001071254,366.16830000093614,511.6368000017246,one shared preloaded model
syn-679d3b5fa84badd3,lexical_only,135.51139999981388,6.321799999568611,359.3476999994891,501.1808999988716,one shared preloaded model
syn-85b3a7f9d6f7e382,lexical_only,135.7119000003877,4.099900001165224,355.59229999853414,495.40410000008706,one shared preloaded model
syn-01896bfd1d3cfd0a,lexical_only,144.14730000135023,4.122000000279513,250.65600000016275,398.9253000017925,one shared preloaded model
syn-16e53ff3f73099ab,lexical_only,157.22809999897436,5.156799999895156,341.24530000008235,503.63019999895187,one shared preloaded model
syn-92f8fd17ac5e02e2,lexical_only,147.77289999983623,5.298399999446701,256.45670000085374,409.5280000001367,one shared preloaded model
syn-6e4abb442c9a39da,lexical_only,145.42559999972582,5.446400000437279,567.4423000000388,718.3143000002019,one shared preloaded model
syn-3e2201052e4f2255,lexical_only,162.97040000063134,4.807100000107312,522.3327000003337,690.1102000010724,one shared preloaded model
syn-5aeb66468233396d,lexical_only,146.80070000031264,4.907900000034715,332.39730000059353,484.1059000009409,one shared preloaded model
syn-fe6c9ad31083137a,lexical_only,133.66420000056678,6.917700000485638,316.01510000109556,456.597000002148,one shared preloaded model
syn-30815d67f0428cc6,lexical_only,129.4008999993821,4.1412999999010935,367.0094999997673,500.55169999905047,one shared preloaded model
syn-3d3c2ed79da33a22,lexical_only,151.1651000000711,4.099600000699866,357.6078000005509,512.8725000013219,one shared preloaded model
syn-4562f4ef285e1a60,lexical_only,155.7061999992584,4.652100000384962,347.512899999856,507.87119999949937,one shared preloaded model
syn-542842aa508c8bd3,lexical_only,145.8597999990161,8.427900000242516,263.17220000055386,417.4598999998125,one shared preloaded model
syn-ff5fdb1c924ff011,lexical_only,148.87429999907908,6.007199999658042,783.3854000000429,938.26689999878,one shared preloaded model
syn-f948084fe9047372,lexical_only,133.3159000005253,3.92910000118718,275.25059999970836,412.4956000014208,one shared preloaded model
syn-eca6c8909ab4b690,lexical_only,135.0268000005599,4.875900000115507,328.7233000010019,468.6260000016773,one shared preloaded model
syn-3b01ee6ed97f202e,lexical_only,144.68069999929867,6.392900000719237,595.7330000001093,746.8066000001272,one shared preloaded model
syn-85dd8b1d1314ead4,lexical_only,134.5046000005823,7.733100001132698,353.1325999992987,495.3703000010137,one shared preloaded model
syn-c1eef09c28fa823f,lexical_only,166.8686000011803,4.998399999749381,351.85699999965436,523.724000000584,one shared preloaded model
syn-69b79262e663edbd,lexical_only,164.0583999997034,4.470899999432731,373.5556000010547,542.0849000001908,one shared preloaded model
syn-b8b3a77cfa8c16f2,lexical_only,132.21040000098583,8.836200000587269,315.8557999995537,456.9024000011268,one shared preloaded model
syn-ca97c0416d50fb84,lexical_only,129.35689999903843,4.0765999983705115,313.57869999919785,447.0121999966068,one shared preloaded model
syn-4604b4fa5c6898fe,lexical_only,139.7278999993432,8.1583999999566,251.17300000056275,399.05929999986256,one shared preloaded model
syn-863153ad3cbab327,lexical_only,148.5846000014135,5.041599999458413,347.50549999989744,501.13170000076934,one shared preloaded model
syn-032d8f2aeefb00f3,lexical_only,145.55529999961436,4.757799999424606,136.66750000083994,286.9805999998789,one shared preloaded model
syn-3196524b41afd7ed,lexical_only,143.30639999934647,4.781200001161778,327.81729999987874,475.904900000387,one shared preloaded model
syn-5bc0918118aed5fe,lexical_only,144.5371999998315,4.9903999988600845,591.6342000000441,741.1617999987357,one shared preloaded model
syn-a43a2f2f6e37db4a,lexical_only,147.84859999963373,4.591999999320251,387.5243999991653,539.9649999981193,one shared preloaded model
syn-024b572698b52439,lexical_only,133.77650000074937,3.9281999997911043,332.7052000004187,470.40990000095917,one shared preloaded model
syn-bb7fda45131ba97d,lexical_only,131.91439999900467,6.200499999977183,321.52420000056736,459.6390999995492,one shared preloaded model
syn-ecb387c40a2db688,lexical_only,157.7274999999645,8.602500000051805,355.99460000048566,522.324600000502,one shared preloaded model
syn-69c4690b996cc6cb,lexical_only,152.1513000006962,5.676799999491777,342.3264000011841,500.15450000137207,one shared preloaded model
syn-3b1df5bbc6824136,lexical_only,151.30000000135624,4.7986999998101965,262.6527000011265,418.75140000229294,one shared preloaded model
syn-c60f5e15a8b0cb03,lexical_only,122.13429999974323,4.665499998736777,371.5178000002197,498.31759999869973,one shared preloaded model
syn-6f54aa0bb1a1429b,lexical_only,135.695000000851,7.722099999227794,185.31110000003537,328.72820000011416,one shared preloaded model
syn-86aea91d8e1a7f33,lexical_only,149.13829999932204,9.532300000500982,560.6662999998662,719.3368999996892,one shared preloaded model
syn-8d3fedb982f07b00,lexical_only,136.96300000083284,4.129299999476643,533.2676999987598,674.3599999990693,one shared preloaded model
syn-91b7b2e6ba4e6ddb,lexical_only,149.66819999972358,5.244299998594215,318.992900000012,473.9053999983298,one shared preloaded model
syn-b546dc51d12bd116,lexical_only,144.91350000025705,4.842000000280677,309.0726000009454,458.8281000014831,one shared preloaded model
syn-1f728fa470d36e6b,lexical_only,158.9165999994293,8.445800000117742,333.9423000015813,501.30470000112837,one shared preloaded model
syn-a5f2d31431c45923,lexical_only,150.7195000012871,8.57680000081018,349.6389000010822,508.9352000031795,one shared preloaded model
syn-55a0e73329354d20,lexical_only,143.59780000086175,4.970300000422867,333.5670999986178,482.1351999999024,one shared preloaded model
syn-0e5043c93671b74b,lexical_only,156.2247000001662,8.69810000040161,284.4234999993205,449.3462999998883,one shared preloaded model
syn-336643bb0465d76d,lalm,368.7790000003588,10.309900000720518,370.4522000007273,749.5411000018066,one shared preloaded model
syn-4d5d147b8dca8f90,lalm,452.0231000005879,6.096600000091712,369.7355999993306,827.8553000000102,one shared preloaded model
syn-716af7f211748a77,lalm,481.80840000168246,10.063600000648876,371.7125999992277,863.584600001559,one shared preloaded model
syn-0351cae957bcb7be,lalm,463.6852999992698,8.87449999936507,368.67890000030457,841.2386999989394,one shared preloaded model
syn-a03a7858b116e564,lalm,468.1036000001768,9.52560000041558,244.01269999907527,721.6418999996677,one shared preloaded model
syn-2e9fd4cd6e642b4d,lalm,524.1425000003801,10.003400000641705,349.03750000012224,883.183400001144,one shared preloaded model
syn-fcc5b3e16c715c19,lalm,468.88360000048124,10.352499999498832,454.654399998617,933.8904999985971,one shared preloaded model
syn-81bb6482ee725b0c,lalm,508.94379999954253,10.640399999829242,335.90189999995346,855.4860999993252,one shared preloaded model
syn-9fcf7a6936057461,lalm,486.24609999933455,6.917099999554921,602.1895000012591,1095.3527000001486,one shared preloaded model
syn-a57f20ab453bcc50,lalm,450.76130000052217,9.01249999878928,344.9994999991759,804.7732999984873,one shared preloaded model
syn-b537f820589525b6,lalm,380.83970000116096,6.750000000465661,336.6796999998769,724.2694000015035,one shared preloaded model
syn-affaeb4880b07259,lalm,484.4321000000491,5.956800001513329,325.6574000006367,816.0463000021991,one shared preloaded model
syn-43db141b9ef5f25b,lalm,433.21579999974347,6.673799998679897,351.45160000138276,791.3411999998061,one shared preloaded model
syn-f9c4510f0353abea,lalm,425.7274999999936,6.046000000424101,363.0603000001429,794.8338000005606,one shared preloaded model
syn-f406b352092ac7b5,lalm,496.77540000084264,6.23029999951541,283.5568000009516,786.5625000013097,one shared preloaded model
syn-88ac3ede93fe2e67,lalm,429.23049999990326,6.267700000535115,363.2180000004155,798.7162000008539,one shared preloaded model
syn-51318c5bfa14c67f,lalm,437.8182000000379,6.840499998361338,477.1357999998145,921.7944999982137,one shared preloaded model
syn-ad5e0bc64879f80a,lalm,448.4028999995644,6.346600001052138,365.3472999994847,820.0968000001012,one shared preloaded model
syn-c43411c38527d72e,lalm,464.8041000000376,6.795200000851764,570.232500000202,1041.8318000010913,one shared preloaded model
syn-431c00e831022a2a,lalm,464.2557000006491,6.827100000009523,356.82509999969625,827.9079000003549,one shared preloaded model
syn-6687e551b8a5dd1d,lalm,428.64360000021406,6.573200000275392,355.2983999998105,790.5152000003,one shared preloaded model
syn-1d6120d9a67b60d7,lalm,454.06290000028093,6.55910000023141,357.90889999952924,818.5309000000416,one shared preloaded model
syn-e61c5d7164592e23,lalm,498.05059999926016,10.328000000299653,343.3908999995765,851.7694999991363,one shared preloaded model
syn-e4ff93eae9707fbd,lalm,491.76250000164146,7.151699999667471,340.28659999967203,839.200800000981,one shared preloaded model
syn-ba808a11522be770,lalm,442.38769999901706,6.888400001116679,523.6894999998185,972.9655999999522,one shared preloaded model
syn-e75d894604fbad56,lalm,422.8105999991385,10.664200000974233,329.6191000008548,763.0939000009676,one shared preloaded model
syn-81aa58224069e767,lalm,514.2531999990752,10.382200000094599,183.68350000127975,708.3189000004495,one shared preloaded model
syn-2902d35b1a2f7be5,lalm,423.8788000002387,7.251400000313879,355.7215000000724,786.851700000625,one shared preloaded model
syn-a1760638182488fb,lalm,501.79729999945266,7.331799999519717,572.6644999995187,1081.7935999984911,one shared preloaded model
syn-9c715ed6199bf520,lalm,405.9118999994098,9.964300001229276,333.7843999997858,749.6606000004249,one shared preloaded model
syn-f0c2108aa2330340,lalm,436.3428999986354,10.10839999980817,325.0312000000122,771.4824999984558,one shared preloaded model
syn-4b5de9f94f2ba5b1,lalm,458.7642999995296,10.403500000393251,359.6116999997321,828.779499999655,one shared preloaded model
syn-679d3b5fa84badd3,lalm,501.6618000008748,7.6454999998532,343.93879999879573,853.2460999995237,one shared preloaded model
syn-85b3a7f9d6f7e382,lalm,480.89559999971243,6.795100000090315,366.5746999995463,854.265399999349,one shared preloaded model
syn-01896bfd1d3cfd0a,lalm,489.8979000008694,6.702600001517567,270.9048000015173,767.5053000039043,one shared preloaded model
syn-16e53ff3f73099ab,lalm,461.8542999996862,10.186699999394477,318.855599998642,790.8965999977227,one shared preloaded model
syn-92f8fd17ac5e02e2,lalm,440.0320000004285,5.9106000007886905,477.8052999990905,923.7479000003077,one shared preloaded model
syn-6e4abb442c9a39da,lalm,398.88649999920744,7.071299998642644,880.3721999993286,1286.3299999971787,one shared preloaded model
syn-3e2201052e4f2255,lalm,414.31069999998726,6.155799999760347,563.4694999989733,983.935999998721,one shared preloaded model
syn-5aeb66468233396d,lalm,451.45659999980126,10.462300000654068,323.9776999998867,785.896600000342,one shared preloaded model
syn-fe6c9ad31083137a,lalm,412.6529999994091,10.271799999827635,296.113599999444,719.0383999986807,one shared preloaded model
syn-30815d67f0428cc6,lalm,382.9444000002695,6.768699999156524,348.23710000091523,737.9502000003413,one shared preloaded model
syn-3d3c2ed79da33a22,lalm,437.756299999819,6.857099999251659,362.00169999938225,806.6150999984529,one shared preloaded model
syn-4562f4ef285e1a60,lalm,525.3630000006524,5.991500000163796,361.6763999998511,893.0309000006673,one shared preloaded model
syn-542842aa508c8bd3,lalm,468.98329999930866,9.057799999936833,477.59819999919273,955.6392999984382,one shared preloaded model
syn-ff5fdb1c924ff011,lalm,449.68449999942095,6.829699999798322,364.59839999952237,821.1125999987416,one shared preloaded model
syn-f948084fe9047372,lalm,475.0365999989299,5.795699998998316,518.402600000627,999.2348999985552,one shared preloaded model
syn-eca6c8909ab4b690,lalm,448.82110000071407,6.941300000107731,337.8095999996731,793.5720000004949,one shared preloaded model
syn-3b01ee6ed97f202e,lalm,484.89020000124583,6.902999999510939,626.4605000014853,1118.253700002242,one shared preloaded model
syn-85dd8b1d1314ead4,lalm,496.3225000010425,10.391900001195609,372.94010000005073,879.6545000022888,one shared preloaded model
syn-c1eef09c28fa823f,lalm,447.97339999968244,6.801899999118177,349.08870000072056,803.8639999995212,one shared preloaded model
syn-69b79262e663edbd,lalm,417.1096000009129,6.869200000437559,322.2750000004453,746.2538000017958,one shared preloaded model
syn-b8b3a77cfa8c16f2,lalm,459.411399999226,6.39229999978852,335.4516999988846,801.2553999978991,one shared preloaded model
syn-ca97c0416d50fb84,lalm,483.6419000002934,5.945799999608425,343.6122000002797,833.1999000001815,one shared preloaded model
syn-4604b4fa5c6898fe,lalm,474.77620000063325,6.75039999987348,279.78540000003704,761.3120000005438,one shared preloaded model
syn-863153ad3cbab327,lalm,434.44129999988945,6.580200000826153,371.2529000003997,812.2744000011153,one shared preloaded model
syn-032d8f2aeefb00f3,lalm,462.5484000007418,7.349399998929584,139.14090000071155,609.038700000383,one shared preloaded model
syn-3196524b41afd7ed,lalm,481.6102000004321,9.677500000179862,331.9005000012112,823.1882000018231,one shared preloaded model
syn-5bc0918118aed5fe,lalm,489.16540000027453,7.779900000969064,605.3727999988041,1102.3181000000477,one shared preloaded model
syn-a43a2f2f6e37db4a,lalm,465.57209999991755,6.727900001351372,380.66109999999753,852.9611000012665,one shared preloaded model
syn-024b572698b52439,lalm,488.8762999999017,6.9484999985434115,325.3396000000066,821.1643999984517,one shared preloaded model
syn-bb7fda45131ba97d,lalm,456.37839999835705,10.436600001412444,324.7670000000653,791.5819999998348,one shared preloaded model
syn-ecb387c40a2db688,lalm,475.43099999893457,6.388600000718725,343.8741000009031,825.6937000005564,one shared preloaded model
syn-69c4690b996cc6cb,lalm,392.2861000010016,10.25859999936074,341.5337999995245,744.0784999998868,one shared preloaded model
syn-3b1df5bbc6824136,lalm,455.7022999997571,6.989399998929002,246.18529999861494,708.876999997301,one shared preloaded model
syn-c60f5e15a8b0cb03,lalm,435.9303000001091,10.134000000107335,353.2420000010461,799.3063000012626,one shared preloaded model
syn-6f54aa0bb1a1429b,lalm,445.6879999997909,6.635300000198185,160.7186000001093,613.0419000000984,one shared preloaded model
syn-86aea91d8e1a7f33,lalm,468.4443999994983,10.805999998410698,356.75090000040655,836.0012999983155,one shared preloaded model
syn-8d3fedb982f07b00,lalm,501.23140000141575,6.633799999690382,543.9576000007946,1051.8228000019008,one shared preloaded model
syn-91b7b2e6ba4e6ddb,lalm,509.5877000003384,10.419500000352855,332.7188999992359,852.7260999999271,one shared preloaded model
syn-b546dc51d12bd116,lalm,469.3518000003678,10.419100000945036,352.25010000067414,832.021000001987,one shared preloaded model
syn-1f728fa470d36e6b,lalm,458.2497000010335,7.1482000003015855,327.46620000034454,792.8641000016796,one shared preloaded model
syn-a5f2d31431c45923,lalm,427.6098999998794,6.814999998823623,367.2493000012764,801.6741999999795,one shared preloaded model
syn-55a0e73329354d20,lalm,411.9691999985662,10.577000000921544,371.2185000003956,793.7646999998833,one shared preloaded model
syn-0e5043c93671b74b,lalm,417.91180000109307,9.000000000014552,116.4773000000423,543.3891000011499,one shared preloaded model
syn-64d7e0174f62e547,vanilla,2.1118999993632315,0.0008999995770864189,198.46340000003693,200.57619999897724,one shared preloaded model
syn-3893f5619d90e0bb,vanilla,0.20729999960167333,0.0005000001692678779,188.08050000006915,188.2882999998401,one shared preloaded model
syn-f3716c206a95faac,vanilla,0.21700000070268288,0.0006999998731771484,195.59020000087912,195.80790000145498,one shared preloaded model
syn-333a0eb60e11d2c7,vanilla,0.20929999845975544,0.0006999998731771484,191.5566999996372,191.76669999797014,one shared preloaded model
syn-ad39c1e6a90dc34a,vanilla,0.25940000159607735,0.0006999998731771484,185.709900000802,185.97000000227126,one shared preloaded model
syn-1ca7c3ca32921822,vanilla,0.23569999939354602,0.0006999998731771484,196.67690000096627,196.913300000233,one shared preloaded model
syn-17eb2388779556ee,vanilla,0.2702000001590932,0.0006999998731771484,190.78280000030645,191.05370000033872,one shared preloaded model
syn-c9c2612042f12207,vanilla,0.21770000057586003,0.0006000009307172149,184.55809999977646,184.77640000128304,one shared preloaded model
syn-3d0ac357ac736d24,vanilla,0.21890000061830506,0.0006999998731771484,195.44060000043828,195.66020000092976,one shared preloaded model
syn-3742489ab8f15470,vanilla,0.22429999989981297,0.0005000001692678779,187.02739999935147,187.25219999942055,one shared preloaded model
syn-10523c271c441f97,vanilla,0.4264999988663476,0.0010000003385357559,186.25860000065586,186.68609999986074,one shared preloaded model
syn-a32722b4cd47a410,vanilla,0.25069999901461415,0.0008000006346264854,195.19639999998617,195.4478999996354,one shared preloaded model
syn-1c4e873629998a82,vanilla,0.23270000019692816,0.0005999991117278114,194.35259999954724,194.5858999988559,one shared preloaded model
syn-c6e856fef964e025,vanilla,0.2289000003656838,0.0006999998731771484,195.59359999948356,195.82319999972242,one shared preloaded model
syn-ef0ea80df7ab7610,vanilla,0.21799999922222923,0.0005000001692678779,191.46829999954207,191.68679999893357,one shared preloaded model
syn-6690b5aeb7d47475,vanilla,0.2196000004914822,0.0005000001692678779,188.79670000023907,189.01680000089982,one shared preloaded model
syn-18b175a182f0df18,vanilla,0.2566999992268393,0.0008999995770864189,187.875300000087,188.13289999889093,one shared preloaded model
syn-e0d51901d0f5b5b8,vanilla,0.30020000122021884,0.0006000009307172149,186.12690000009025,186.42770000224118,one shared preloaded model
syn-9b3792e76618737c,vanilla,0.22819999867351726,0.0006000009307172149,186.86729999899399,187.09609999859822,one shared preloaded model
syn-3748fc148bf2622f,vanilla,0.23500000133935828,0.0008000006346264854,187.92349999966973,188.15930000164371,one shared preloaded model
syn-e3d8db93f0637e3e,vanilla,0.221800000872463,0.0006999998731771484,189.6919999999227,189.91450000066834,one shared preloaded model
syn-e572568df2ca85b2,vanilla,0.25570000070729293,0.0006999998731771484,190.71880000046804,190.9752000010485,one shared preloaded model
syn-7d14722ba7ae7c57,vanilla,0.38329999915731605,0.0006999998731771484,188.54490000012447,188.92889999915496,one shared preloaded model
syn-59e997a9e8f08cd5,vanilla,0.2519000008760486,0.0006999998731771484,191.98020000112592,192.23280000187515,one shared preloaded model
syn-f6825c0a97c0cc66,vanilla,0.2260999990539858,0.0005999991117278114,190.92649999947753,191.15319999764324,one shared preloaded model
syn-f665c1b45c973f9a,vanilla,0.22529999841935933,0.0008999995770864189,190.22449999829405,190.4506999962905,one shared preloaded model
syn-2b9522be5ae9d37c,vanilla,0.22290000015345868,0.0004999983502784744,190.20199999977194,190.42539999827568,one shared preloaded model
syn-62ba612ec1f74341,vanilla,0.22119999994174577,0.0005000001692678779,188.55749999966065,188.77919999977166,one shared preloaded model
syn-757384914f863b7a,vanilla,0.2555999999458436,0.0006000009307172149,190.2118000016344,190.46800000251096,one shared preloaded model
syn-1ccc5b3e2f033f9d,vanilla,0.25239999922632705,0.0006000009307172149,193.9715000007709,194.22450000092795,one shared preloaded model
syn-1c58689a699e4311,vanilla,0.227999998969608,0.0005000001692678779,191.8483000008564,192.07679999999527,one shared preloaded model
syn-8f667a8e66f3dcb5,vanilla,0.23090000104275532,0.0006000009307172149,187.8219000009267,188.05340000290016,one shared preloaded model
syn-7ea4650ad829b7cd,vanilla,0.22279999939200934,0.00039999940781854093,187.80119999973977,188.0243999985396,one shared preloaded model
syn-5ebd58e83a08818d,vanilla,0.22269999863056,0.0005999991117278114,189.1407999992225,189.3640999969648,one shared preloaded model
syn-417c2a5538455deb,vanilla,0.25120000100287143,0.0006000009307172149,190.94589999986056,191.19770000179415,one shared preloaded model
syn-63ac5c001e3d1b00,vanilla,0.23680000049353112,0.0008000006346264854,197.63009999951464,197.8677000006428,one shared preloaded model
syn-db075c6f66e7f9fa,vanilla,0.22320000061881728,0.0006000009307172149,184.21139999918523,184.43520000073477,one shared preloaded model
syn-a4fb46626c3609cc,vanilla,0.22770000032323878,0.0005000001692678779,192.3077999999805,192.536000000473,one shared preloaded model
syn-c6ddfab25d63327d,vanilla,0.21659999947587494,0.0005000001692678779,191.8060999996669,192.02319999931206,one shared preloaded model
syn-ad99554ab0c1f129,vanilla,0.22109999918029644,0.0004999983502784744,191.80020000021614,192.0217999977467,one shared preloaded model
syn-f38282dbb7950711,vanilla,0.2576000006229151,0.0005000001692678779,194.04759999997623,194.3057000007684,one shared preloaded model
syn-21293ba09b4f5ebb,vanilla,0.2314000012120232,0.0005999991117278114,189.95609999910812,190.18809999943187,one shared preloaded model
syn-a8a4226f41b26323,vanilla,0.2477000016369857,0.0006000009307172149,194.31520000034652,194.56350000291422,one shared preloaded model
syn-2192eae82c387036,vanilla,0.22600000011152588,0.0005000001692678779,184.65550000109943,184.88200000138022,one shared preloaded model
syn-fa65a3e9be183392,vanilla,0.22809999973105732,0.0005000001692678779,195.47859999875072,195.70719999865105,one shared preloaded model
syn-d0f5075dc2165ee1,vanilla,0.2268999996886123,0.0006000009307172149,190.51719999879424,190.74469999941357,one shared preloaded model
syn-f3f3c52fddbc055d,vanilla,0.2393000013398705,0.0005000001692678779,189.14050000057614,189.38030000208528,one shared preloaded model
syn-aa34237525453142,vanilla,0.24440000015601981,0.0005000001692678779,194.10640000023704,194.35130000056233,one shared preloaded model
syn-02dfcf7592547872,vanilla,0.2296999991813209,0.0005000001692678779,187.55549999877985,187.78569999813044,one shared preloaded model
syn-761be3e3023ef503,vanilla,0.23370000053546391,0.0005999991117278114,185.35519999932148,185.58949999896868,one shared preloaded model
syn-64d7e0174f62e547,window,0.62189999880502,0.01230000088980887,468.5982999999396,469.23249999963446,one shared preloaded model
syn-3893f5619d90e0bb,window,0.4034000012325123,0.004599998646881431,464.48009999949136,464.88809999937075,one shared preloaded model
syn-f3716c206a95faac,window,0.35120000029564835,0.00419999923906289,460.70030000009865,461.05569999963336,one shared preloaded model
syn-333a0eb60e11d2c7,window,0.35629999911179766,0.003499999365885742,464.9117999997543,465.271599998232,one shared preloaded model
syn-ad39c1e6a90dc34a,window,0.3913000000466127,0.003899998773704283,458.57299999988754,458.96819999870786,one shared preloaded model
syn-1ca7c3ca32921822,window,0.36130000080447644,0.00419999923906289,473.84729999976116,474.2127999998047,one shared preloaded model
syn-17eb2388779556ee,window,0.3420000011828961,0.0037999998312443495,437.67490000027465,438.0207000012888,one shared preloaded model
syn-c9c2612042f12207,window,0.3835000006802147,0.008000000889296643,472.7889999994659,473.1805000010354,one shared preloaded model
syn-3d0ac357ac736d24,window,0.34270000105607323,0.009399998816661537,475.6035999998858,475.9556999997585,one shared preloaded model
syn-3742489ab8f15470,window,0.352399998519104,0.0037999998312443495,459.13389999986975,459.4900999982201,one shared preloaded model
syn-10523c271c441f97,window,0.37429999974847306,0.006000000212225132,458.4783999998763,458.858699999837,one shared preloaded model
syn-a32722b4cd47a410,window,0.3801000002567889,0.007099999493220821,459.476199999699,459.86339999944903,one shared preloaded model
syn-1c4e873629998a82,window,0.3735999998752959,0.006600001142942347,466.34459999950195,466.7248000005202,one shared preloaded model
syn-c6e856fef964e025,window,0.3634999993664678,0.0035000011848751456,476.7441999993025,477.11119999985385,one shared preloaded model
syn-ef0ea80df7ab7610,window,0.3484999997453997,0.0037999998312443495,471.3222999998834,471.67459999946004,one shared preloaded model
syn-6690b5aeb7d47475,window,0.3875999991578283,0.004600000465870835,461.56889999838313,461.96109999800683,one shared preloaded model
syn-18b175a182f0df18,window,0.3601000007620314,0.0037999998312443495,475.96730000077514,476.3312000013684,one shared preloaded model
syn-e0d51901d0f5b5b8,window,0.35199999911128543,0.006000000212225132,466.35799999967276,466.71599999899627,one shared preloaded model
syn-9b3792e76618737c,window,0.384900000426569,0.0039000005926936865,465.2619999997114,465.65080000073067,one shared preloaded model
syn-3748fc148bf2622f,window,0.35149999894201756,0.00909999835130293,478.3815999999206,478.7421999972139,one shared preloaded model
syn-e3d8db93f0637e3e,window,0.3805999986070674,0.005900001269765198,462.95370000007097,463.3401999999478,one shared preloaded model
syn-e572568df2ca85b2,window,0.3581000000849599,0.006299998858594336,462.32509999936156,462.6894999983051,one shared preloaded model
syn-7d14722ba7ae7c57,window,0.3532999999151798,0.003600000127335079,466.137900000831,466.4948000008735,one shared preloaded model
syn-59e997a9e8f08cd5,window,0.3758000002562767,0.006199999916134402,463.24079999976675,463.62279999993916,one shared preloaded model
syn-f6825c0a97c0cc66,window,0.5012000001443084,0.0039000005926936865,468.1982000001881,468.7033000009251,one shared preloaded model
syn-f665c1b45c973f9a,window,0.3643000000010943,0.004100000296602957,463.975799999389,464.3441999996867,one shared preloaded model
syn-2b9522be5ae9d37c,window,0.37650000012945384,0.0037999998312443495,466.2224999992759,466.6027999992366,one shared preloaded model
syn-62ba612ec1f74341,window,0.40049999915936496,0.00419999923906289,464.7448000014265,465.1494999998249,one shared preloaded model
syn-757384914f863b7a,window,0.3673999999591615,0.0036999990697950125,467.0429999987391,467.41409999776806,one shared preloaded model
syn-1ccc5b3e2f033f9d,window,0.45389999831968453,0.003399998604436405,462.58599999964645,463.04329999657057,one shared preloaded model
syn-1c58689a699e4311,window,0.7053999997879146,0.006399999620043673,462.5316000001476,463.24339999955555,one shared preloaded model
syn-8f667a8e66f3dcb5,window,0.35199999911128543,0.0039000005926936865,460.2905000010651,460.64640000076906,one shared preloaded model
syn-7ea4650ad829b7cd,window,0.3909999995812541,0.0040000013541430235,468.26580000015383,468.6608000010892,one shared preloaded model
syn-5ebd58e83a08818d,window,0.36550000004353933,0.0037999998312443495,463.29680000053486,463.66610000040964,one shared preloaded model
syn-417c2a5538455deb,window,0.3892999993695412,0.003899998773704283,434.5252999992226,434.91849999736587,one shared preloaded model
syn-63ac5c001e3d1b00,window,0.35659999957715627,0.00399999953515362,458.5166999986541,458.8772999977664,one shared preloaded model
syn-db075c6f66e7f9fa,window,1.159699999334407,0.026900001103058457,461.4125999996759,462.59920000011334,one shared preloaded model
syn-a4fb46626c3609cc,window,0.38390000008803327,0.003600000127335079,464.06049999859533,464.4479999988107,one shared preloaded model
syn-c6ddfab25d63327d,window,0.3462999993644189,0.0039000005926936865,464.8661999999604,465.2163999999175,one shared preloaded model
syn-ad99554ab0c1f129,window,0.3968999990320299,0.00670000008540228,468.7699000005523,469.17349999966973,one shared preloaded model
syn-f38282dbb7950711,window,0.37119999979040585,0.007300001016119495,463.8562999989517,464.23479999975825,one shared preloaded model
syn-21293ba09b4f5ebb,window,0.36410000029718503,0.00399999953515362,464.0819000014744,464.45000000130676,one shared preloaded model
syn-a8a4226f41b26323,window,0.3830999994534068,0.008899998647393659,464.2355999985739,464.6275999966747,one shared preloaded model
syn-2192eae82c387036,window,0.3516999986459268,0.003399998604436405,470.62480000022333,470.9798999974737,one shared preloaded model
syn-fa65a3e9be183392,window,0.3803999989031581,0.0039000005926936865,465.88270000029297,466.2669999997888,one shared preloaded model
syn-d0f5075dc2165ee1,window,0.3753000000870088,0.006399999620043673,463.1277000007685,463.5094000004756,one shared preloaded model
syn-f3f3c52fddbc055d,window,0.3507000001263805,0.011599999197642319,460.94170000105805,461.3040000003821,one shared preloaded model
syn-aa34237525453142,window,0.34860000050684903,0.0037999998312443495,461.12449999964156,461.47689999997965,one shared preloaded model
syn-02dfcf7592547872,window,0.39649999962421134,0.006199999916134402,461.66570000059437,462.0684000001347,one shared preloaded model
syn-761be3e3023ef503,window,0.3571999986888841,0.0031999989005271345,463.3302000002004,463.69059999778983,one shared preloaded model
syn-64d7e0174f62e547,rag,158.22190000108094,5.204799999773968,334.7533999985899,498.1800999994448,one shared preloaded model
syn-3893f5619d90e0bb,rag,151.7294999994192,5.621000000246568,316.62579999829177,473.97629999795754,one shared preloaded model
syn-f3716c206a95faac,rag,157.568500000707,5.268200000500656,333.1464999992022,495.98320000040985,one shared preloaded model
syn-333a0eb60e11d2c7,rag,154.79030000096827,5.848599999808357,362.1818000010535,522.8207000018301,one shared preloaded model
syn-ad39c1e6a90dc34a,rag,152.9913000013039,5.158199999641511,242.5198000000819,400.6693000010273,one shared preloaded model
syn-1ca7c3ca32921822,rag,150.67900000030932,8.659699999043369,365.7887000008486,525.1274000002013,one shared preloaded model
syn-17eb2388779556ee,rag,151.14469999934954,5.3079000008438015,182.10480000016105,338.5574000003544,one shared preloaded model
syn-c9c2612042f12207,rag,154.6758000004047,5.393499999627238,351.9405999995797,512.0098999996117,one shared preloaded model
syn-3d0ac357ac736d24,rag,155.4915999986406,4.232000001138658,577.9548000009527,737.6784000007319,one shared preloaded model
syn-3742489ab8f15470,rag,153.91430000090622,5.319500000041444,245.63060000036785,404.8644000013155,one shared preloaded model
syn-10523c271c441f97,rag,152.1562999987509,8.50709999940591,330.1995000001625,490.86289999831934,one shared preloaded model
syn-a32722b4cd47a410,rag,154.1280999990704,5.266500000288943,302.52720000135014,461.9218000007095,one shared preloaded model
syn-1c4e873629998a82,rag,155.60139999979583,5.265799998596776,335.83870000074967,496.7058999991423,one shared preloaded model
syn-c6e856fef964e025,rag,154.44910000042,5.42209999912302,341.90940000007686,501.7805999996199,one shared preloaded model
syn-ef0ea80df7ab7610,rag,153.69929999906162,7.89239999903657,276.8385999988823,438.43029999698047,one shared preloaded model
syn-6690b5aeb7d47475,rag,156.94770000118297,8.637100001578801,345.0057999998535,510.59060000261525,one shared preloaded model
syn-18b175a182f0df18,rag,153.22179999930086,5.39550000030431,145.10990000053425,303.7272000001394,one shared preloaded model
syn-e0d51901d0f5b5b8,rag,173.61239999991085,8.10759999876609,334.12680000037653,515.8467999990535,one shared preloaded model
syn-9b3792e76618737c,rag,152.39850000034494,5.1848000002792105,566.7155999999522,724.2989000005764,one shared preloaded model
syn-3748fc148bf2622f,rag,155.35309999904712,4.9850999985210365,234.61440000028233,394.9525999978505,one shared preloaded model
syn-e3d8db93f0637e3e,rag,148.97500000006403,5.045699999755016,307.0833000001585,461.10399999997753,one shared preloaded model
syn-e572568df2ca85b2,rag,153.1396999998833,9.054999998625135,277.9714000007516,440.16609999926004,one shared preloaded model
syn-7d14722ba7ae7c57,rag,153.3342000002449,5.376299999625189,357.24040000059176,515.9509000004618,one shared preloaded model
syn-59e997a9e8f08cd5,rag,152.2272999991401,5.427300000519608,321.0906000003888,478.7452000000485,one shared preloaded model
syn-f6825c0a97c0cc66,rag,153.80940000068222,5.312499999490683,242.98569999882602,402.1075999989989,one shared preloaded model
syn-f665c1b45c973f9a,rag,152.36990000084916,5.494200000612182,338.6217999996006,496.48590000106196,one shared preloaded model
syn-2b9522be5ae9d37c,rag,154.36319999935222,5.566499999986263,114.17519999849901,274.1048999978375,one shared preloaded model
syn-62ba612ec1f74341,rag,186.17399999857298,5.583900001511211,327.6382999993075,519.3961999993917,one shared preloaded model
syn-757384914f863b7a,rag,153.43880000000354,5.346399999325513,603.779700000814,762.5649000001431,one shared preloaded model
syn-1ccc5b3e2f033f9d,rag,154.25990000039747,5.420800000138115,342.1717000001081,501.8524000006437,one shared preloaded model
syn-1c58689a699e4311,rag,156.69440000056056,5.10510000094655,305.0913999995828,466.8909000010899,one shared preloaded model
syn-8f667a8e66f3dcb5,rag,153.39330000097107,5.22850000015751,299.52830000001995,458.15010000114853,one shared preloaded model
syn-7ea4650ad829b7cd,rag,157.37350000017614,5.927199999860022,352.86570000062056,516.1664000006567,one shared preloaded model
syn-5ebd58e83a08818d,rag,155.4109000007884,5.103699999381206,354.9321999998938,515.4468000000634,one shared preloaded model
syn-417c2a5538455deb,rag,153.85190000051807,4.313299999921583,243.97880000105943,402.1440000014991,one shared preloaded model
syn-63ac5c001e3d1b00,rag,152.33570000054897,5.186299998968025,336.4231000014115,493.9451000009285,one shared preloaded model
syn-db075c6f66e7f9fa,rag,152.78199999920616,5.883100000573904,168.2282000001578,326.8932999999379,one shared preloaded model
syn-a4fb46626c3609cc,rag,159.35320000062347,9.55959999919287,369.1525999984151,538.0653999982314,one shared preloaded model
syn-c6ddfab25d63327d,rag,157.63130000050296,5.570400000578957,612.9858999993303,776.1876000004122,one shared preloaded model
syn-ad99554ab0c1f129,rag,152.90950000053272,4.3386000015743775,339.1587999994954,496.4069000016025,one shared preloaded model
syn-f38282dbb7950711,rag,160.68129999985103,5.184199999348493,281.5703999985999,447.4358999977994,one shared preloaded model
syn-21293ba09b4f5ebb,rag,158.24220000104106,9.092099999179482,347.2454000002472,514.5797000004677,one shared preloaded model
syn-a8a4226f41b26323,rag,157.32190000017,5.296499999531079,300.0682000001689,462.68659999986994,one shared preloaded model
syn-2192eae82c387036,rag,154.14999999848078,8.973399999376852,303.64299999928335,466.766399997141,one shared preloaded model
syn-fa65a3e9be183392,rag,155.40839999994205,4.426699999385164,228.62759999952686,388.4626999988541,one shared preloaded model
syn-d0f5075dc2165ee1,rag,153.91830000044138,5.221699999310658,346.5212999999494,505.66129999970144,one shared preloaded model
syn-f3f3c52fddbc055d,rag,155.26820000013686,5.329499999788823,166.48829999940062,327.0859999993263,one shared preloaded model
syn-aa34237525453142,rag,160.25140000056126,5.465000000185682,254.78370000018913,420.5001000009361,one shared preloaded model
syn-02dfcf7592547872,rag,154.8302999999578,7.019199998467229,549.7864000008121,711.6358999992372,one shared preloaded model
syn-761be3e3023ef503,rag,155.28979999908188,4.449800000656978,329.20440000089,488.9440000006289,one shared preloaded model
syn-64d7e0174f62e547,pure_liquid,791.7277999986254,6.170200000269688,266.0364999992453,1063.9344999981404,one shared preloaded model
syn-3893f5619d90e0bb,pure_liquid,715.931200000341,6.241600000066683,118.78769999930228,840.96049999971,one shared preloaded model
syn-f3716c206a95faac,pure_liquid,750.9816999991017,10.29229999949166,255.0879000009445,1016.3618999995379,one shared preloaded model
syn-333a0eb60e11d2c7,pure_liquid,705.272100000002,10.094499999468098,293.5546000007889,1008.921200000259,one shared preloaded model
syn-ad39c1e6a90dc34a,pure_liquid,747.2118000005139,10.10619999942719,282.0064999996248,1039.324499999566,one shared preloaded model
syn-1ca7c3ca32921822,pure_liquid,701.0783999994601,9.712799999761046,258.3371000000625,969.1282999992836,one shared preloaded model
syn-17eb2388779556ee,pure_liquid,721.488600000157,7.380099999863887,185.00920000042242,913.8779000004433,one shared preloaded model
syn-c9c2612042f12207,pure_liquid,803.3611999999266,7.75689999863971,257.23609999840846,1068.3541999969748,one shared preloaded model
syn-3d0ac357ac736d24,pure_liquid,730.4049000013038,5.989900000713533,258.0175999992207,994.412400001238,one shared preloaded model
syn-3742489ab8f15470,pure_liquid,677.5825999993685,6.608100000448758,274.5617000000493,958.7523999998666,one shared preloaded model
syn-10523c271c441f97,pure_liquid,756.5219000007346,6.877600000734674,265.1497000006202,1028.5492000020895,one shared preloaded model
syn-a32722b4cd47a410,pure_liquid,714.0089000004082,10.177299998758826,279.3294999992213,1003.5156999983883,one shared preloaded model
syn-1c4e873629998a82,pure_liquid,827.3172000008344,8.846599999742466,257.0341000009648,1093.1979000015417,one shared preloaded model
syn-c6e856fef964e025,pure_liquid,679.2835999985982,6.725699999151402,237.69560000073398,923.7048999984836,one shared preloaded model
syn-ef0ea80df7ab7610,pure_liquid,863.3915000009438,10.162200000195298,274.1234999994049,1147.677200000544,one shared preloaded model
syn-6690b5aeb7d47475,pure_liquid,745.2282999984163,9.031100000356673,253.4155000012106,1007.6748999999836,one shared preloaded model
syn-18b175a182f0df18,pure_liquid,784.7982000002958,5.809000000226661,156.31539999958477,946.9226000001072,one shared preloaded model
syn-e0d51901d0f5b5b8,pure_liquid,747.6736000007804,7.6897999988432275,270.7628999996814,1026.126299999305,one shared preloaded model
syn-9b3792e76618737c,pure_liquid,797.9992000000493,10.29240000025311,256.20270000035816,1064.4943000006606,one shared preloaded model
syn-3748fc148bf2622f,pure_liquid,782.7796000001399,6.519000000480446,283.46400000009453,1072.7626000007149,one shared preloaded model
syn-e3d8db93f0637e3e,pure_liquid,696.5419000007387,6.497599999420345,214.6839999986696,917.7234999988286,one shared preloaded model
syn-e572568df2ca85b2,pure_liquid,881.1777999999322,6.697799999528797,262.25220000014815,1150.1277999996091,one shared preloaded model
syn-7d14722ba7ae7c57,pure_liquid,748.2546999999613,8.566099999370635,273.1841999993776,1030.0049999987095,one shared preloaded model
syn-59e997a9e8f08cd5,pure_liquid,765.309200000047,10.097899999891524,250.5356000001484,1025.942700000087,one shared preloaded model
syn-f6825c0a97c0cc66,pure_liquid,795.8586000004289,10.119399999894085,271.3140000014391,1077.292000001762,one shared preloaded model
syn-f665c1b45c973f9a,pure_liquid,789.3143999990571,5.805999999211053,266.76640000005136,1061.8867999983195,one shared preloaded model
syn-2b9522be5ae9d37c,pure_liquid,714.8109000008844,7.168100000853883,263.480100000379,985.4591000021173,one shared preloaded model
syn-62ba612ec1f74341,pure_liquid,694.9447999995755,6.881899998916197,244.22140000024228,946.048099998734,one shared preloaded model
syn-757384914f863b7a,pure_liquid,828.9703000009467,10.157400000025518,278.68449999914446,1117.8122000001167,one shared preloaded model
syn-1ccc5b3e2f033f9d,pure_liquid,778.138300000137,10.097700000187615,265.8928000000742,1054.1288000003988,one shared preloaded model
syn-1c58689a699e4311,pure_liquid,797.364000000016,6.635800000367453,267.78209999974933,1071.7819000001327,one shared preloaded model
syn-8f667a8e66f3dcb5,pure_liquid,771.7248999997537,9.98780000008992,247.9137999998784,1029.626499999722,one shared preloaded model
syn-7ea4650ad829b7cd,pure_liquid,785.8450999992783,5.848900000273716,264.3387999996776,1056.0327999992296,one shared preloaded model
syn-5ebd58e83a08818d,pure_liquid,777.2592000001168,5.830699999933131,247.42030000015802,1030.510200000208,one shared preloaded model
syn-417c2a5538455deb,pure_liquid,720.0487000009161,6.7828000010194955,272.9456000015489,999.7771000034845,one shared preloaded model
syn-63ac5c001e3d1b00,pure_liquid,687.2677999999723,6.59540000015113,258.7991999989754,952.6623999990989,one shared preloaded model
syn-db075c6f66e7f9fa,pure_liquid,746.8191000007209,10.129099999176105,197.0184000001609,953.966600000058,one shared preloaded model
syn-a4fb46626c3609cc,pure_liquid,717.009699999835,10.656999998900574,248.0085000006511,975.6751999993867,one shared preloaded model
syn-c6ddfab25d63327d,pure_liquid,724.2516999995132,8.50700000046345,269.65909999853466,1002.4177999985113,one shared preloaded model
syn-ad99554ab0c1f129,pure_liquid,727.5266999986343,6.460700000388897,251.52130000060424,985.5086999996274,one shared preloaded model
syn-f38282dbb7950711,pure_liquid,832.9217999998946,10.148999999728403,245.81509999916307,1088.885899998786,one shared preloaded model
syn-21293ba09b4f5ebb,pure_liquid,740.3966000001674,7.570099998702062,268.97619999908784,1016.9428999979573,one shared preloaded model
syn-a8a4226f41b26323,pure_liquid,654.431700000714,5.936899999142042,222.98919999957434,883.3577999994304,one shared preloaded model
syn-2192eae82c387036,pure_liquid,763.3394000004046,9.996700000556302,271.9699999997829,1045.3061000007438,one shared preloaded model
syn-fa65a3e9be183392,pure_liquid,797.8038999990531,10.162099999433849,258.64069999988715,1066.606699998374,one shared preloaded model
syn-d0f5075dc2165ee1,pure_liquid,826.0301000009349,10.211099999651196,258.74210000074527,1094.9833000013314,one shared preloaded model
syn-f3f3c52fddbc055d,pure_liquid,788.1560000005265,10.586899999907473,281.16530000079365,1079.9082000012277,one shared preloaded model
syn-aa34237525453142,pure_liquid,834.4085000007908,6.250000000363798,254.73330000022543,1095.39180000138,one shared preloaded model
syn-02dfcf7592547872,pure_liquid,761.6291000013007,7.368099999439437,263.96849999946426,1032.9657000002044,one shared preloaded model
syn-761be3e3023ef503,pure_liquid,671.7829999997775,6.719000000884989,260.2955000002112,938.7975000008737,one shared preloaded model
syn-64d7e0174f62e547,lexical_only,256.5587000008236,4.447799999979907,355.38610000003246,616.392600000836,one shared preloaded model
syn-3893f5619d90e0bb,lexical_only,255.05559999874095,5.063699998572702,359.64829999829817,619.7675999956118,one shared preloaded model
syn-f3716c206a95faac,lexical_only,260.0949000006949,5.116899999848101,363.135700001294,628.347500001837,one shared preloaded model
syn-333a0eb60e11d2c7,lexical_only,266.35320000059437,7.073599999785074,377.327600001081,650.7544000014605,one shared preloaded model
syn-ad39c1e6a90dc34a,lexical_only,287.11760000078357,6.17210000018531,274.0659000010055,567.3556000019744,one shared preloaded model
syn-1ca7c3ca32921822,lexical_only,257.7068999999028,5.3650000008929055,338.7304000007134,601.8023000015091,one shared preloaded model
syn-17eb2388779556ee,lexical_only,269.285200000013,5.461900000227615,489.98829999982263,764.7354000000632,one shared preloaded model
syn-c9c2612042f12207,lexical_only,258.7328999998135,4.845200001000194,362.24699999911536,625.8250999999291,one shared preloaded model
syn-3d0ac357ac736d24,lexical_only,268.55170000089856,7.007300000623218,571.5775999997277,847.1366000012495,one shared preloaded model
syn-3742489ab8f15470,lexical_only,251.13840000085474,8.507300000928808,266.23579999977665,525.8815000015602,one shared preloaded model
syn-10523c271c441f97,lexical_only,276.1927999999898,8.438799999566982,327.24250000137545,611.8741000009322,one shared preloaded model
syn-a32722b4cd47a410,lexical_only,273.60919999955513,4.52210000003106,367.81059999884747,645.9418999984337,one shared preloaded model
syn-1c4e873629998a82,lexical_only,282.156399998712,8.34220000069763,408.4700999992492,698.9686999986588,one shared preloaded model
syn-c6e856fef964e025,lexical_only,258.3812000011676,8.28910000018368,319.59289999940665,586.2632000007579,one shared preloaded model
syn-ef0ea80df7ab7610,lexical_only,259.21240000025136,5.256500000541564,272.5238000002719,536.9927000010648,one shared preloaded model
syn-6690b5aeb7d47475,lexical_only,275.4763000011735,5.528700001377729,346.0008000001835,627.0058000027348,one shared preloaded model
syn-18b175a182f0df18,lexical_only,371.8264999988605,8.459600001515355,253.89979999999923,634.1859000003751,one shared preloaded model
syn-e0d51901d0f5b5b8,lexical_only,265.0902999994287,5.420699999376666,342.4843000011606,612.9952999999659,one shared preloaded model
syn-9b3792e76618737c,lexical_only,287.5540999993973,8.568199998990167,564.3460999999661,860.4683999983536,one shared preloaded model
syn-3748fc148bf2622f,lexical_only,282.39189999840164,7.084500000928529,326.85159999891766,616.3279999982478,one shared preloaded model
syn-e3d8db93f0637e3e,lexical_only,277.79349999946135,8.801199999652454,322.1210000010615,608.7157000001753,one shared preloaded model
syn-e572568df2ca85b2,lexical_only,266.8225000015809,5.034599998907652,340.59090000118886,612.4480000016774,one shared preloaded model
syn-7d14722ba7ae7c57,lexical_only,253.23220000063884,4.539600000498467,356.50340000029246,614.2752000014298,one shared preloaded model
syn-59e997a9e8f08cd5,lexical_only,256.21010000031674,5.2223000002413755,340.87709999948856,602.3095000000467,one shared preloaded model
syn-f6825c0a97c0cc66,lexical_only,259.3306999988272,4.377200000817538,237.5097000003734,501.21760000001814,one shared preloaded model
syn-f665c1b45c973f9a,lexical_only,273.40539999931934,5.137699999977485,320.4767000006541,599.0197999999509,one shared preloaded model
syn-2b9522be5ae9d37c,lexical_only,274.0654999997787,8.364700001038727,203.30879999892204,485.73899999973946,one shared preloaded model
syn-62ba612ec1f74341,lexical_only,274.30550000099174,5.420800000138115,365.4805000005581,645.206800001688,one shared preloaded model
syn-757384914f863b7a,lexical_only,283.54079999917303,8.514600000125938,610.4911000002176,902.5464999995165,one shared preloaded model
syn-1ccc5b3e2f033f9d,lexical_only,266.1998000003223,5.0682000000961125,354.33130000092206,625.5993000013405,one shared preloaded model
syn-1c58689a699e4311,lexical_only,257.7940999999555,5.058200000348734,302.4206000009144,565.2729000012187,one shared preloaded model
syn-8f667a8e66f3dcb5,lexical_only,262.6263000001927,5.406000000220956,317.76890000037383,585.8012000007875,one shared preloaded model
syn-7ea4650ad829b7cd,lexical_only,259.6772000015335,5.2164000007906,346.3412999990396,611.2349000013637,one shared preloaded model
syn-5ebd58e83a08818d,lexical_only,281.55490000062855,8.252300000094692,334.78350000041246,624.5907000011357,one shared preloaded model
syn-417c2a5538455deb,lexical_only,261.1436000006506,4.9278999995294726,272.3748999997042,538.4463999998843,one shared preloaded model
syn-63ac5c001e3d1b00,lexical_only,272.42350000051374,5.324399999153684,353.0327999997098,630.7806999993772,one shared preloaded model
syn-db075c6f66e7f9fa,lexical_only,265.49079999858805,4.716299999927287,153.14160000161792,423.34870000013325,one shared preloaded model
syn-a4fb46626c3609cc,lexical_only,260.08439999895927,5.366800000047078,621.8262000002142,887.2773999992205,one shared preloaded model
syn-c6ddfab25d63327d,lexical_only,283.65169999960926,8.548699999664677,282.5775999990583,574.7779999983322,one shared preloaded model
syn-ad99554ab0c1f129,lexical_only,257.9107000001386,5.069200000434648,321.92899999972724,584.9089000003005,one shared preloaded model
syn-f38282dbb7950711,lexical_only,268.7189000007493,8.56750000093598,317.6325000003999,594.9189000020851,one shared preloaded model
syn-21293ba09b4f5ebb,lexical_only,264.64189999933296,8.692800000062562,333.3794999998645,606.71419999926,one shared preloaded model
syn-a8a4226f41b26323,lexical_only,267.4753999999666,5.306900000505266,332.1441000007326,604.9264000012045,one shared preloaded model
syn-2192eae82c387036,lexical_only,269.87929999995686,5.487999998877058,339.3066999997245,614.6739999985584,one shared preloaded model
syn-fa65a3e9be183392,lexical_only,264.96380000025965,5.289400000037858,268.51130000068224,538.7645000009798,one shared preloaded model
syn-d0f5075dc2165ee1,lexical_only,277.33509999961825,8.573499999329215,365.8130000003439,651.7215999992914,one shared preloaded model
syn-f3f3c52fddbc055d,lexical_only,260.62869999987015,5.376400000386639,182.5513999992836,448.5564999995404,one shared preloaded model
syn-aa34237525453142,lexical_only,263.90249999894877,5.618299999696319,359.6158000000287,629.1365999986738,one shared preloaded model
syn-02dfcf7592547872,lexical_only,278.5753999996814,8.64259999980277,557.2205999997095,844.4385999991937,one shared preloaded model
syn-761be3e3023ef503,lexical_only,260.3134000000864,5.153100000825361,340.38069999951404,605.8472000004258,one shared preloaded model
syn-64d7e0174f62e547,lalm,832.2329000002355,10.371599999416503,339.925399999629,1182.529899999281,one shared preloaded model
syn-3893f5619d90e0bb,lalm,973.8593999991281,6.053799999790499,367.28799999946204,1347.2011999983806,one shared preloaded model
syn-f3716c206a95faac,lalm,854.7761999998329,10.520600000745617,362.2900000009395,1227.586800001518,one shared preloaded model
syn-333a0eb60e11d2c7,lalm,899.9807000000146,6.827699999121251,354.75920000135375,1261.5676000004896,one shared preloaded model
syn-ad39c1e6a90dc34a,lalm,770.1376999993954,6.4705000004323665,265.7729999991716,1042.3811999989994,one shared preloaded model
syn-1ca7c3ca32921822,lalm,913.6010999991413,10.213099998509279,366.56219999895256,1290.3763999966031,one shared preloaded model
syn-17eb2388779556ee,lalm,903.598900000361,6.96570000036445,483.87710000133666,1394.4417000020621,one shared preloaded model
syn-c9c2612042f12207,lalm,861.415899998974,7.151299998440663,380.32120000025316,1248.8883999976679,one shared preloaded model
syn-3d0ac357ac736d24,lalm,893.973599999299,10.28020000012475,565.3730000012729,1469.6268000006967,one shared preloaded model
syn-3742489ab8f15470,lalm,810.2905999985524,6.947699999727774,341.8178000010812,1159.0560999993613,one shared preloaded model
syn-10523c271c441f97,lalm,889.7068000005675,6.790800000089803,329.13490000100865,1225.632500001666,one shared preloaded model
syn-a32722b4cd47a410,lalm,903.3646000007138,7.803000000421889,365.86050000005343,1277.0281000011892,one shared preloaded model
syn-1c4e873629998a82,lalm,891.110700000354,10.679099999833852,403.8378000004741,1305.627600000662,one shared preloaded model
syn-c6e856fef964e025,lalm,874.4447000008222,6.786100000681472,311.27120000019204,1192.5020000016957,one shared preloaded model
syn-ef0ea80df7ab7610,lalm,843.2197000001906,10.520200001337798,483.5975999994844,1337.3375000010128,one shared preloaded model
syn-6690b5aeb7d47475,lalm,909.2961999995168,10.196000001087668,359.3989999990299,1278.8911999996344,one shared preloaded model
syn-18b175a182f0df18,lalm,905.4660000001604,5.999099999826285,251.32719999965047,1162.7922999996372,one shared preloaded model
syn-e0d51901d0f5b5b8,lalm,884.3157999999676,10.09879999946861,342.2793999998248,1236.693999999261,one shared preloaded model
syn-9b3792e76618737c,lalm,857.3369000005187,6.705799998599105,562.6409000014974,1426.6836000006151,one shared preloaded model
syn-3748fc148bf2622f,lalm,938.502700000754,10.297799999534618,326.53839999875345,1275.338899999042,one shared preloaded model
syn-e3d8db93f0637e3e,lalm,848.393299998861,6.871699999464909,326.747000000978,1182.011999999304,one shared preloaded model
syn-e572568df2ca85b2,lalm,786.0478000002331,10.4233000001841,343.92579999985173,1140.396900000269,one shared preloaded model
syn-7d14722ba7ae7c57,lalm,912.8828000011708,10.200200000326731,377.318999999261,1300.4020000007586,one shared preloaded model
syn-59e997a9e8f08cd5,lalm,801.5978999992512,6.082800000513089,301.0223000001133,1108.7029999998776,one shared preloaded model
syn-f6825c0a97c0cc66,lalm,909.0089999990596,6.924799999978859,488.32820000097854,1404.262000000017,one shared preloaded model
syn-f665c1b45c973f9a,lalm,897.878199999468,10.523200000534416,323.97320000018226,1232.3746000001847,one shared preloaded model
syn-2b9522be5ae9d37c,lalm,930.3887000005489,10.170800000196323,180.0375000002532,1120.5970000009984,one shared preloaded model
syn-62ba612ec1f74341,lalm,845.702300000994,7.7272999988053925,333.5698999999295,1186.9994999997289,one shared preloaded model
syn-757384914f863b7a,lalm,861.6320000000997,10.22940000075323,599.8607999990782,1471.722199999931,one shared preloaded model
syn-1ccc5b3e2f033f9d,lalm,954.2842999999266,10.329299999284558,372.83990000105405,1337.4535000002652,one shared preloaded model
syn-1c58689a699e4311,lalm,745.6012999991799,6.7294999989826465,297.43100000087,1049.7617999990325,one shared preloaded model
syn-8f667a8e66f3dcb5,lalm,922.1711000009236,10.492600000361563,327.86029999988386,1260.524000001169,one shared preloaded model
syn-7ea4650ad829b7cd,lalm,926.8008999988524,10.266999999657855,348.5873999998148,1285.655299998325,one shared preloaded model
syn-5ebd58e83a08818d,lalm,831.2709000001632,7.1518999993713805,367.8187000004982,1206.2415000000328,one shared preloaded model
syn-417c2a5538455deb,lalm,837.0433999989473,5.890300000828574,215.08209999956307,1058.015799999339,one shared preloaded model
syn-63ac5c001e3d1b00,lalm,817.2539000006509,6.873599999380531,337.312200001179,1161.4397000012104,one shared preloaded model
syn-db075c6f66e7f9fa,lalm,923.9030000007915,7.709600000453065,178.36780000106955,1109.9804000023141,one shared preloaded model
syn-a4fb46626c3609cc,lalm,806.8944000006013,10.550500001045293,392.4265999994532,1209.8715000010998,one shared preloaded model
syn-c6ddfab25d63327d,lalm,911.9908999982727,7.329500000196276,359.04330000084883,1278.3636999993178,one shared preloaded model
syn-ad99554ab0c1f129,lalm,894.276600000012,9.42630000099598,337.79260000119393,1241.4955000022019,one shared preloaded model
syn-f38282dbb7950711,lalm,901.7553000012413,9.178899999824353,324.8469999998633,1235.781200000929,one shared preloaded model
syn-21293ba09b4f5ebb,lalm,904.6971999996458,10.760200000731857,324.407500000234,1239.8649000006117,one shared preloaded model
syn-a8a4226f41b26323,lalm,881.1556000000564,10.193500000241329,292.9906999997911,1184.3398000000889,one shared preloaded model
syn-2192eae82c387036,lalm,891.1490000009508,10.064399999464513,337.72490000046673,1238.938300000882,one shared preloaded model
syn-fa65a3e9be183392,lalm,829.2555000007269,7.118800000171177,433.0423999999766,1269.4167000008747,one shared preloaded model
syn-d0f5075dc2165ee1,lalm,898.3501000002434,10.09879999946861,317.426700001306,1225.875600001018,one shared preloaded model
syn-f3f3c52fddbc055d,lalm,758.357700000488,10.347800000090501,157.69860000000335,926.4041000005818,one shared preloaded model
syn-aa34237525453142,lalm,866.7362000014691,7.02139999884821,320.67450000067765,1194.432100000995,one shared preloaded model
syn-02dfcf7592547872,lalm,882.9795000001468,10.068100000353297,585.8415999991848,1478.889199999685,one shared preloaded model
syn-761be3e3023ef503,lalm,878.0527999988408,6.780600000638515,335.92979999957606,1220.7631999990554,one shared preloaded model
syn-7cfc52e2fefff869,vanilla,12.487799998780247,0.0012999989849049598,188.67510000018228,201.16419999794743,one shared preloaded model
syn-4296f812e74314b3,vanilla,0.8619000000180677,0.0008000006346264854,200.31849999941187,201.18120000006456,one shared preloaded model
syn-f7aa6070fe05b69e,vanilla,1.4460999991570134,0.0008000006346264854,188.59449999945355,190.0413999992452,one shared preloaded model
syn-607ea103d2b11cf6,vanilla,1.061499999195803,0.0005000001692678779,189.50930000028166,190.57129999964673,one shared preloaded model
syn-45ef60d7b20398a1,vanilla,0.9301999998569954,0.0005999991117278114,202.91329999963637,203.8440999986051,one shared preloaded model
syn-e95ca15b27885cf3,vanilla,0.8173000005626818,0.0004999983502784744,190.75750000047265,191.5752999993856,one shared preloaded model
syn-bef31d57b3f3a636,vanilla,0.8625999998912448,0.0005999991117278114,193.47899999957008,194.34219999857305,one shared preloaded model
syn-5b6437f25fa7b377,vanilla,0.8410000009462237,0.0006000009307172149,185.22590000065975,186.0675000025367,one shared preloaded model
syn-d9343cc50784b112,vanilla,0.9974999993573874,0.0005000001692678779,186.85250000089582,187.85050000042247,one shared preloaded model
syn-f76dc8f62777c380,vanilla,0.8565999996790197,0.00039999940781854093,188.69790000098874,189.55490000007558,one shared preloaded model
syn-3e69c986de52e554,vanilla,0.8693000017956365,0.0008000006346264854,190.14640000023064,191.0165000026609,one shared preloaded model
syn-840e933e797cd154,vanilla,0.8522000007360475,0.0005000001692678779,186.61700000120618,187.4697000021115,one shared preloaded model
syn-dc03b9c9604c3466,vanilla,0.8668000009492971,0.0006999998731771484,189.4217999997636,190.28930000058608,one shared preloaded model
syn-3f767d83df352f4e,vanilla,0.8258999987447169,0.0005000001692678779,187.70629999926314,188.53269999817712,one shared preloaded model
syn-7ac00f53df7b09ec,vanilla,0.9559999998600688,0.0005000001692678779,190.71359999907145,191.67009999910078,one shared preloaded model
syn-491941db367ba49a,vanilla,93.46779999941646,0.0005000001692678779,188.0291000015859,281.4974000011716,one shared preloaded model
syn-9dfd120230fb4447,vanilla,0.838800000565243,0.0006000009307172149,192.85359999958018,193.69300000107614,one shared preloaded model
syn-ee762dd38613f0eb,vanilla,0.8311000001413049,0.0006999998731771484,186.73719999969762,187.5689999997121,one shared preloaded model
syn-184066c677c61650,vanilla,0.8428000001003966,0.0005999991117278114,190.12870000005933,190.97209999927145,one shared preloaded model
syn-97ac18ebf1429fcc,vanilla,0.9348000003228663,0.0005000001692678779,190.28629999957047,191.2216000000626,one shared preloaded model
syn-085e6fbcde58b207,vanilla,1.0363000001234468,0.0004999983502784744,189.36140000005253,190.39819999852625,one shared preloaded model
syn-3a6587efa0450f1b,vanilla,0.8768000006966759,0.000700001692166552,186.33969999973488,187.21720000212372,one shared preloaded model
syn-dd066d08a68d9e75,vanilla,0.8935000005294569,0.0005000001692678779,192.15040000017325,193.04440000087197,one shared preloaded model
syn-3d36627a41eb35df,vanilla,0.8883999998943182,0.0005000001692678779,192.42359999952896,193.31249999959255,one shared preloaded model
syn-e9fb7fcede095653,vanilla,0.8718999997654464,0.0006999998731771484,194.49929999973392,195.37189999937254,one shared preloaded model
syn-572b1c93ac215052,vanilla,0.983599999017315,0.0004000012268079445,189.27379999877303,190.25779999901715,one shared preloaded model
syn-0b5bbdf52c092b80,vanilla,1.0493999998288928,0.0005999991117278114,184.68299999949522,185.73299999843584,one shared preloaded model
syn-e3a03e4fc1e3679e,vanilla,0.9837999987212243,0.0008999995770864189,187.31599999955506,188.30069999785337,one shared preloaded model
syn-3caf73f6be3623fe,vanilla,0.8120999991660938,0.0005999991117278114,189.31119999979273,190.12389999807056,one shared preloaded model
syn-ed0c0be9ddfe4d38,vanilla,0.8511999985785224,0.0005000001692678779,188.90949999877193,189.76119999751973,one shared preloaded model
syn-c2e84effcaf6e13c,vanilla,0.8859999998094281,0.0004999983502784744,187.57329999971262,188.45979999787232,one shared preloaded model
syn-ffaf82c44ff79b5a,vanilla,1.0093999990203883,0.0006999998731771484,186.5311000001384,187.54119999903196,one shared preloaded model
syn-5471fab742e7c658,vanilla,0.974599999608472,0.0005999991117278114,191.9871999998577,192.9623999985779,one shared preloaded model
syn-b3240f286650ecae,vanilla,0.930500000322354,0.0006999998731771484,187.7827000007528,188.71390000094834,one shared preloaded model
syn-73e8dad0456ff636,vanilla,0.9476999985054135,0.0005000001692678779,190.83859999955166,191.78679999822634,one shared preloaded model
syn-c44f57cdb0635698,vanilla,0.8986000011645956,0.0005000001692678779,190.51239999862446,191.41149999995832,one shared preloaded model
syn-97121d3284eb327b,vanilla,0.9761000001162756,0.0005999991117278114,188.11710000045423,189.09379999968223,one shared preloaded model
syn-72c231f5c36b0a82,vanilla,0.9838000005402137,0.0005999991117278114,193.2606999998825,194.24509999953443,one shared preloaded model
syn-15208a3cb0e88f74,vanilla,0.9417000001121778,0.0005000001692678779,191.84560000030615,192.7878000005876,one shared preloaded model
syn-6fd68b973acd9fa6,vanilla,0.9243999993486796,0.0005000001692678779,200.00509999954375,200.9299999990617,one shared preloaded model
syn-910ecad3da43179f,vanilla,0.857900000482914,0.00039999940781854093,194.66599999941536,195.5242999993061,one shared preloaded model
syn-3b43be463424b9d1,vanilla,0.8271999995486112,0.0008000006346264854,186.89719999929366,187.7251999994769,one shared preloaded model
syn-feb3bd30432e1619,vanilla,0.9243000004062196,0.0005000001692678779,189.93759999830218,190.86239999887766,one shared preloaded model
syn-97b3c3abe76861f6,vanilla,1.0030999983428046,0.0006000009307172149,188.9605999986088,189.96429999788234,one shared preloaded model
syn-367f74c39dec31a4,vanilla,0.897899999472429,0.0005999991117278114,190.4285999989952,191.32709999757935,one shared preloaded model
syn-601ac24ca303d9c4,vanilla,1.010800000585732,0.0005000001692678779,186.7805000001681,187.7918000009231,one shared preloaded model
syn-4d0b34ee3d1c08f2,vanilla,0.9559999998600688,0.0006000009307172149,189.10180000057153,190.05840000136232,one shared preloaded model
syn-039fd7c5756e356c,vanilla,0.9694999989733333,0.0006000009307172149,188.91330000042217,189.88340000032622,one shared preloaded model
syn-af2b9b20ebd727ab,vanilla,1.028799999403418,0.0004999983502784744,186.05070000012347,187.07999999787717,one shared preloaded model
syn-e4f21b03cc5cefd6,vanilla,0.9255000004486647,0.00039999940781854093,188.42550000044866,189.35140000030515,one shared preloaded model
syn-7cfc52e2fefff869,window,1.5966000009939307,0.004800000169780105,479.86539999874367,481.4667999999074,one shared preloaded model
syn-4296f812e74314b3,window,1.6749999995226972,0.004899999112240039,484.19810000086727,485.8779999995022,one shared preloaded model
syn-f7aa6070fe05b69e,window,1.5203000002657063,0.00520000139658805,475.44720000041707,476.97270000207936,one shared preloaded model
syn-607ea103d2b11cf6,window,1.477800000429852,0.005100000635138713,479.2161000004853,480.6990000015503,one shared preloaded model
syn-45ef60d7b20398a1,window,1.6763000003265915,0.004699999408330768,474.91620000073453,476.59720000046946,one shared preloaded model
syn-e95ca15b27885cf3,window,1.5217000000120606,0.005500000042957254,481.2208000003011,482.7480000003561,one shared preloaded model
syn-bef31d57b3f3a636,window,1.7108000010921387,0.004899999112240039,479.0286000006745,480.74430000087887,one shared preloaded model
syn-5b6437f25fa7b377,window,1.5103000005183276,0.005199999577598646,480.8948000008968,482.4103000009927,one shared preloaded model
syn-d9343cc50784b112,window,1.5952000012475764,0.005799998689326458,475.4274999995687,477.0284999995056,one shared preloaded model
syn-f76dc8f62777c380,window,1.6190999995160382,0.004999999873689376,470.9017000004678,472.52579999985755,one shared preloaded model
syn-3e69c986de52e554,window,1.4953000008972595,0.004999999873689376,470.8897000000434,472.3900000008143,one shared preloaded model
syn-840e933e797cd154,window,93.20389999993495,0.0075000007200287655,472.0562999991671,565.2676999998221,one shared preloaded model
syn-dc03b9c9604c3466,window,1.5860000003158348,0.005300000339047983,477.5766000002477,479.1679000009026,one shared preloaded model
syn-3f767d83df352f4e,window,1.5272000000550179,0.004999999873689376,475.2649999991263,476.797199999055,one shared preloaded model
syn-7ac00f53df7b09ec,window,1.4453999992838362,0.004999999873689376,476.98270000000775,478.4330999991653,one shared preloaded model
syn-491941db367ba49a,window,1.4988000002631452,0.005500000042957254,479.3319000000338,480.8362000003399,one shared preloaded model
syn-9dfd120230fb4447,window,1.5535000002273591,0.004899999112240039,465.80510000057984,467.36349999991944,one shared preloaded model
syn-ee762dd38613f0eb,window,1.522599999589147,0.005500000042957254,475.91019999890705,477.43829999853915,one shared preloaded model
syn-184066c677c61650,window,1.5734999997221166,0.005100000635138713,478.37169999911566,479.9502999994729,one shared preloaded model
syn-97ac18ebf1429fcc,window,1.5146000005188398,0.004800000169780105,478.08249999980035,479.60190000048897,one shared preloaded model
syn-085e6fbcde58b207,window,1.635099999475642,0.00540000110049732,476.8774000003759,478.51790000095207,one shared preloaded model
syn-3a6587efa0450f1b,window,1.5309000009438023,0.01049999991664663,477.21290000117733,478.7543000020378,one shared preloaded model
syn-dd066d08a68d9e75,window,1.9694000002346002,0.005199999577598646,470.16159999839147,472.13619999820367,one shared preloaded model
syn-3d36627a41eb35df,window,1.6149000002769753,0.012399999832268804,480.65409999981057,482.2813999999198,one shared preloaded model
syn-e9fb7fcede095653,window,1.9727999988390366,0.012700000297627412,482.2053000007145,484.19079999985115,one shared preloaded model
syn-572b1c93ac215052,window,1.5357000011135824,0.009199999112752266,474.05670000080136,475.6016000010277,one shared preloaded model
syn-0b5bbdf52c092b80,window,1.4907999993738486,0.01340000017080456,472.50829999939015,474.0124999989348,one shared preloaded model
syn-e3a03e4fc1e3679e,window,1.623000000108732,0.008700000762473792,465.6814000009035,467.3131000017747,one shared preloaded model
syn-3caf73f6be3623fe,window,1.4742999992449768,0.005800000508315861,468.8053999998374,470.2854999995907,one shared preloaded model
syn-ed0c0be9ddfe4d38,window,1.579600000695791,0.010600000678095967,479.0720000000874,480.6622000014613,one shared preloaded model
syn-c2e84effcaf6e13c,window,1.6777000000729458,0.004999999873689376,479.8622999987856,481.54499999873224,one shared preloaded model
syn-ffaf82c44ff79b5a,window,1.4859999992040684,0.004899999112240039,476.30190000018047,477.7927999984968,one shared preloaded model
syn-5471fab742e7c658,window,1.6623000010440592,0.005599998985417187,469.97799999917333,471.6458999992028,one shared preloaded model
syn-b3240f286650ecae,window,1.7121000000770437,0.005199999577598646,472.34580000076676,474.0631000004214,one shared preloaded model
syn-73e8dad0456ff636,window,1.7168000013043638,0.005500000042957254,474.5445999997173,476.26690000106464,one shared preloaded model
syn-c44f57cdb0635698,window,1.5727000009064795,0.005100000635138713,471.8531999988045,473.4310000003461,one shared preloaded model
syn-97121d3284eb327b,window,1.7298999991908204,0.005300000339047983,473.23099999994156,474.9661999994714,one shared preloaded model
syn-72c231f5c36b0a82,window,1.5049000012368197,0.008999999408842996,472.6425000008021,474.15640000144776,one shared preloaded model
syn-15208a3cb0e88f74,window,1.4742000003025169,0.005599998985417187,473.1367999993381,474.61659999862604,one shared preloaded model
syn-6fd68b973acd9fa6,window,1.5277000002242858,0.005600000804406591,472.79100000014296,474.32430000117165,one shared preloaded model
syn-910ecad3da43179f,window,1.7463000003772322,0.01179999890155159,475.03559999859135,476.79369999787014,one shared preloaded model
syn-3b43be463424b9d1,window,1.5020999999251217,0.010199999451288022,473.8825000003999,475.3947999997763,one shared preloaded model
syn-feb3bd30432e1619,window,1.631100001759478,0.010300000212737359,474.8933999999281,476.5348000019003,one shared preloaded model
syn-97b3c3abe76861f6,window,1.6245999995589955,0.011699999959091656,478.57330000078946,480.20960000030755,one shared preloaded model
syn-367f74c39dec31a4,window,1.5864999986661132,0.009399998816661537,475.186700001359,476.78259999884176,one shared preloaded model
syn-601ac24ca303d9c4,window,1.555999999254709,0.005800000508315861,476.70079999988957,478.2625999996526,one shared preloaded model
syn-4d0b34ee3d1c08f2,window,1.6310000009980286,0.009599998520570807,484.9562000017613,486.5968000012799,one shared preloaded model
syn-039fd7c5756e356c,window,1.5466999993805075,0.004699999408330768,473.4736000009434,475.02499999973224,one shared preloaded model
syn-af2b9b20ebd727ab,window,1.6570999996474711,0.005699999746866524,470.495799998389,472.1585999977833,one shared preloaded model
syn-e4f21b03cc5cefd6,window,1.6203000013774727,0.005300000339047983,480.926799998997,482.55240000071353,one shared preloaded model
syn-7cfc52e2fefff869,rag,748.0768999994325,17.733599999701255,360.9338000005664,1126.7442999997002,one shared preloaded model
syn-4296f812e74314b3,rag,830.660199999329,8.000600000741542,321.9829000008758,1160.6437000009464,one shared preloaded model
syn-f7aa6070fe05b69e,rag,737.5571000011405,9.98989999970945,349.3975000001228,1096.9445000009728,one shared preloaded model
syn-607ea103d2b11cf6,rag,737.6195999986521,12.469400000554742,359.19790000116336,1109.2869000003702,one shared preloaded model
syn-45ef60d7b20398a1,rag,731.5158000001247,6.517100000564824,262.72900000003574,1000.7619000007253,one shared preloaded model
syn-e95ca15b27885cf3,rag,737.6924000000145,7.3338000001967885,399.28650000001653,1144.3127000002278,one shared preloaded model
syn-bef31d57b3f3a636,rag,740.1423000010254,7.550700000138022,148.13760000106413,895.8306000022276,one shared preloaded model
syn-5b6437f25fa7b377,rag,744.4980000000214,7.193800000095507,356.4347999999882,1108.126600000105,one shared preloaded model
syn-d9343cc50784b112,rag,885.3958999989118,9.993300000132876,535.9033999993699,1431.2925999984145,one shared preloaded model
syn-f76dc8f62777c380,rag,735.7252999991033,7.1992000011960045,294.685800001389,1037.6103000016883,one shared preloaded model
syn-3e69c986de52e554,rag,739.7131999987323,8.297200000015437,306.1517999994976,1054.1621999982453,one shared preloaded model
syn-840e933e797cd154,rag,734.8860000001878,7.780500000080792,329.4630000000325,1072.129500000301,one shared preloaded model
syn-dc03b9c9604c3466,rag,743.7227999998868,12.7941999999166,298.6079000002064,1055.1249000000098,one shared preloaded model
syn-3f767d83df352f4e,rag,737.5532000005478,7.474000000001979,322.58550000005926,1067.612700000609,one shared preloaded model
syn-7ac00f53df7b09ec,rag,737.3432999993383,7.936199999676319,266.2315999987186,1011.5110999977333,one shared preloaded model
syn-491941db367ba49a,rag,727.7083000008133,7.963300000483287,369.2324000003282,1104.9040000016248,one shared preloaded model
syn-9dfd120230fb4447,rag,844.5971000001009,7.658499998797197,126.66970000100264,978.9252999999007,one shared preloaded model
syn-ee762dd38613f0eb,rag,767.7310999988549,8.904399999664747,346.55449999991106,1123.1899999984307,one shared preloaded model
syn-184066c677c61650,rag,743.1006000006164,7.796800000505755,532.8597999996418,1283.757200000764,one shared preloaded model
syn-97ac18ebf1429fcc,rag,735.720599999695,8.768699999563978,388.89779999954044,1133.3870999987994,one shared preloaded model
syn-085e6fbcde58b207,rag,741.7928999984724,7.760799999232404,313.83809999897494,1063.3917999966798,one shared preloaded model
syn-3a6587efa0450f1b,rag,744.5798999997351,8.103199999823119,313.71430000035616,1066.3973999999143,one shared preloaded model
syn-dd066d08a68d9e75,rag,737.457599998379,12.358199999653152,321.7234000003373,1071.5391999983694,one shared preloaded model
syn-3d36627a41eb35df,rag,734.7873999988224,7.644999999683932,330.162800000835,1072.5951999993413,one shared preloaded model
syn-e9fb7fcede095653,rag,832.5814999989234,12.483700000302633,272.10009999907925,1117.1652999983053,one shared preloaded model
syn-572b1c93ac215052,rag,728.5261999986687,7.633900000655558,349.8768999997992,1086.0369999991235,one shared preloaded model
syn-0b5bbdf52c092b80,rag,744.8444000001473,7.332600000154343,120.41630000021541,872.593300000517,one shared preloaded model
syn-e3a03e4fc1e3679e,rag,772.509499998705,8.025000000998261,335.03469999959634,1115.5691999992996,one shared preloaded model
syn-3caf73f6be3623fe,rag,735.1777000003494,6.419899998945766,612.5884000011865,1354.1860000004817,one shared preloaded model
syn-ed0c0be9ddfe4d38,rag,735.8977000003506,7.884000000558444,322.9099000000133,1066.6916000009223,one shared preloaded model
syn-c2e84effcaf6e13c,rag,740.1855999996769,6.569600000148057,350.9768999992957,1097.7320999991207,one shared preloaded model
syn-ffaf82c44ff79b5a,rag,839.5349999991595,6.788599999708822,332.3902000011003,1178.7137999999686,one shared preloaded model
syn-5471fab742e7c658,rag,739.4135000013193,7.831499999156222,359.2124999995576,1106.4575000000332,one shared preloaded model
syn-b3240f286650ecae,rag,740.3213000015967,11.259200000495184,334.0631000010035,1085.6436000030953,one shared preloaded model
syn-73e8dad0456ff636,rag,743.6068000006344,12.684600000284263,253.2496000003448,1009.5410000012635,one shared preloaded model
syn-c44f57cdb0635698,rag,737.2575999997935,7.22459999997227,330.51290000003064,1074.9950999997964,one shared preloaded model
syn-97121d3284eb327b,rag,732.5204999997368,8.038299998588627,147.2659000010026,887.824699999328,one shared preloaded model
syn-72c231f5c36b0a82,rag,752.7255000004516,8.124800000587129,316.79390000135754,1077.6442000023962,one shared preloaded model
syn-15208a3cb0e88f74,rag,734.0187999998307,6.861100000605802,515.1842999985092,1256.0641999989457,one shared preloaded model
syn-6fd68b973acd9fa6,rag,834.29679999972,7.300499999473686,268.50070000000414,1110.0979999991978,one shared preloaded model
syn-910ecad3da43179f,rag,733.2124000004114,7.22700000005716,315.9727999991446,1056.4121999996132,one shared preloaded model
syn-3b43be463424b9d1,rag,739.2969000011362,6.912000000738772,322.65060000099766,1068.8595000028727,one shared preloaded model
syn-feb3bd30432e1619,rag,732.803500000955,7.8556999997090315,290.6137999998464,1031.2730000005104,one shared preloaded model
syn-97b3c3abe76861f6,rag,738.262400000167,7.569600000351784,402.721800001018,1148.5538000015367,one shared preloaded model
syn-367f74c39dec31a4,rag,740.1645999998436,8.690399999977672,258.4403000000748,1007.2952999998961,one shared preloaded model
syn-601ac24ca303d9c4,rag,744.2829000010533,7.527599998866208,365.026499999658,1116.8369999995775,one shared preloaded model
syn-4d0b34ee3d1c08f2,rag,740.5519000003551,6.538699999509845,147.3731999994925,894.4637999993574,one shared preloaded model
syn-039fd7c5756e356c,rag,845.1614000005065,7.936800000607036,322.4625000002561,1175.5607000013697,one shared preloaded model
syn-af2b9b20ebd727ab,rag,733.5074999991775,8.122799999910058,576.353399999789,1317.9836999988765,one shared preloaded model
syn-e4f21b03cc5cefd6,rag,736.7690000010043,11.940899999899557,352.86509999968985,1101.5750000005937,one shared preloaded model
syn-7cfc52e2fefff869,pure_liquid,3796.188299998903,6.647299998803646,274.5027000000846,4077.338299997791,one shared preloaded model
syn-4296f812e74314b3,pure_liquid,3673.870700000407,10.151899999982561,279.8536000009335,3963.876200001323,one shared preloaded model
syn-f7aa6070fe05b69e,pure_liquid,3751.169700000901,6.00260000101116,272.6838999988104,4029.8562000007223,one shared preloaded model
syn-607ea103d2b11cf6,pure_liquid,3715.922999999748,10.47860000107903,259.1025999990961,3985.504199999923,one shared preloaded model
syn-45ef60d7b20398a1,pure_liquid,3856.1035999991873,10.357199998907163,270.2960999995412,4136.756899997636,one shared preloaded model
syn-e95ca15b27885cf3,pure_liquid,3808.230200000253,5.942599998888909,260.0278999998409,4074.2006999989826,one shared preloaded model
syn-bef31d57b3f3a636,pure_liquid,3835.357699999804,10.260799999741721,275.6339999996271,4121.252499999173,one shared preloaded model
syn-5b6437f25fa7b377,pure_liquid,3763.1676999990304,10.876199999984237,283.43889999996463,4057.4827999989793,one shared preloaded model
syn-d9343cc50784b112,pure_liquid,3739.0850000010687,5.918299999393639,270.82359999985783,4015.82690000032,one shared preloaded model
syn-f76dc8f62777c380,pure_liquid,3738.895799999227,10.504400001082104,247.46290000075533,3996.8631000010646,one shared preloaded model
syn-3e69c986de52e554,pure_liquid,3839.835499999026,6.774999999834108,276.5865000001213,4123.1969999989815,one shared preloaded model
syn-840e933e797cd154,pure_liquid,3734.4671999999264,10.261900000841706,256.3625000002503,4001.0916000010184,one shared preloaded model
syn-dc03b9c9604c3466,pure_liquid,3746.142100000725,6.638000000748434,229.4756999999663,3982.2558000014396,one shared preloaded model
syn-3f767d83df352f4e,pure_liquid,3658.9941000002,5.990499999825261,256.56030000027386,3921.544900000299,one shared preloaded model
syn-7ac00f53df7b09ec,pure_liquid,3683.3212000001367,10.251699999571429,272.9385000002367,3966.511399999945,one shared preloaded model
syn-491941db367ba49a,pure_liquid,3820.313399999577,9.008099999846308,265.6373000008898,4094.958800000313,one shared preloaded model
syn-9dfd120230fb4447,pure_liquid,3823.240600000645,6.612900000618538,274.6316000011575,4104.485100002421,one shared preloaded model
syn-ee762dd38613f0eb,pure_liquid,3651.199899999483,11.02089999949385,276.94719999999506,3939.167999998972,one shared preloaded model
syn-184066c677c61650,pure_liquid,3811.169800001153,8.955299999797717,243.5021000001143,4063.627200001065,one shared preloaded model
syn-97ac18ebf1429fcc,pure_liquid,3749.636200000168,9.898600001179148,254.4517000005726,4013.98650000192,one shared preloaded model
syn-085e6fbcde58b207,pure_liquid,3739.706300000762,12.007299999822862,249.19620000036957,4000.9098000009544,one shared preloaded model
syn-3a6587efa0450f1b,pure_liquid,3786.430100000871,7.117400000424823,289.03299999910814,4082.580500000404,one shared preloaded model
syn-dd066d08a68d9e75,pure_liquid,3851.281999999628,6.691699998555123,260.61639999898034,4118.590099997164,one shared preloaded model
syn-3d36627a41eb35df,pure_liquid,3724.813799999538,6.568100001459243,250.6610999989789,3982.042999999976,one shared preloaded model
syn-e9fb7fcede095653,pure_liquid,3713.6410000002797,6.63660000100208,252.97870000031253,3973.2563000015944,one shared preloaded model
syn-572b1c93ac215052,pure_liquid,3710.4911000005814,6.814200000007986,267.5758000004862,3984.8811000010755,one shared preloaded model
syn-0b5bbdf52c092b80,pure_liquid,3849.9987999985024,10.175800000070012,241.4401000005455,4101.614699999118,one shared preloaded model
syn-e3a03e4fc1e3679e,pure_liquid,3854.3484000001627,10.815800000273157,264.3967000003613,4129.560900000797,one shared preloaded model
syn-3caf73f6be3623fe,pure_liquid,3822.694099999353,6.707000000460539,267.24170000125014,4096.642800001064,one shared preloaded model
syn-ed0c0be9ddfe4d38,pure_liquid,3949.207800000295,9.263800000553601,252.63710000035644,4211.108700001205,one shared preloaded model
syn-c2e84effcaf6e13c,pure_liquid,3717.5910999994812,6.490399999165675,266.5441000008286,3990.6255999994755,one shared preloaded model
syn-ffaf82c44ff79b5a,pure_liquid,3821.9779999999446,6.751299999450566,271.39319999878353,4100.122499998179,one shared preloaded model
syn-5471fab742e7c658,pure_liquid,3742.869300000166,6.230500001038308,281.63450000101875,4030.734300002223,one shared preloaded model
syn-b3240f286650ecae,pure_liquid,3726.9383000002563,10.380300000178977,248.5673000010138,3985.885900001449,one shared preloaded model
syn-73e8dad0456ff636,pure_liquid,3893.7615000013466,5.843700000696117,269.31770000010147,4168.922900002144,one shared preloaded model
syn-c44f57cdb0635698,pure_liquid,3853.408400000262,5.8446000002732035,260.21120000041265,4119.464200000948,one shared preloaded model
syn-97121d3284eb327b,pure_liquid,3781.8362999987585,6.7702000014833175,273.18950000153563,4061.7960000017774,one shared preloaded model
syn-72c231f5c36b0a82,pure_liquid,3802.0763999993505,6.930600000487175,269.96089999920514,4078.967899999043,one shared preloaded model
syn-15208a3cb0e88f74,pure_liquid,3896.1834000001545,6.6870000009657815,265.2016000010917,4168.072000002212,one shared preloaded model
syn-6fd68b973acd9fa6,pure_liquid,3860.631599998669,10.186600000452017,260.46279999900435,4131.2809999981255,one shared preloaded model
syn-910ecad3da43179f,pure_liquid,3814.0441000014107,6.675900000118418,244.3621999991592,4065.0822000006883,one shared preloaded model
syn-3b43be463424b9d1,pure_liquid,3844.146199999159,6.711399999403511,267.7353999988554,4118.592999997418,one shared preloaded model
syn-feb3bd30432e1619,pure_liquid,3962.906299999304,6.634999999732827,279.9264999994193,4249.467799998456,one shared preloaded model
syn-97b3c3abe76861f6,pure_liquid,3744.800500000565,10.041400000773137,262.29869999951916,4017.1406000008574,one shared preloaded model
syn-367f74c39dec31a4,pure_liquid,3757.5080000005983,5.9118999997735955,261.07090000004973,4024.4908000004216,one shared preloaded model
syn-601ac24ca303d9c4,pure_liquid,3841.624300001058,6.7971000007673865,261.86349999989034,4110.284900001716,one shared preloaded model
syn-4d0b34ee3d1c08f2,pure_liquid,3715.0108000005275,5.983099999866681,278.7012999997387,3999.695200000133,one shared preloaded model
syn-039fd7c5756e356c,pure_liquid,3870.03999999979,7.216099998913705,255.021900000429,4132.277999999133,one shared preloaded model
syn-af2b9b20ebd727ab,pure_liquid,3803.990899999917,10.29000000016822,249.21309999990626,4063.4939999999915,one shared preloaded model
syn-e4f21b03cc5cefd6,pure_liquid,3756.2219999999797,6.664200000159326,266.2841000001208,4029.17030000026,one shared preloaded model
syn-7cfc52e2fefff869,lexical_only,1042.3790000004374,5.179899999347981,355.15529999975115,1402.7141999995365,one shared preloaded model
syn-4296f812e74314b3,lexical_only,1093.530299998747,5.003700000088429,335.03359999849636,1433.5675999973319,one shared preloaded model
syn-f7aa6070fe05b69e,lexical_only,1036.2527000015689,4.562000000078115,350.33839999960037,1391.1531000012474,one shared preloaded model
syn-607ea103d2b11cf6,lexical_only,1050.0068000001193,7.662100000743521,367.0527999984188,1424.7216999992816,one shared preloaded model
syn-45ef60d7b20398a1,lexical_only,1010.2792999987287,8.351100001164014,288.2477999992261,1306.8781999991188,one shared preloaded model
syn-e95ca15b27885cf3,lexical_only,1067.043900000499,8.789699999397271,394.6068000004743,1470.4404000003706,one shared preloaded model
syn-bef31d57b3f3a636,lexical_only,1067.6370000001043,4.804000000149244,139.7367999998096,1212.1778000000631,one shared preloaded model
syn-5b6437f25fa7b377,lexical_only,1019.9955000007321,8.949900000516209,375.7245000015246,1404.669900002773,one shared preloaded model
syn-d9343cc50784b112,lexical_only,1155.2738999998837,4.662600000301609,562.80500000139,1722.7415000015753,one shared preloaded model
syn-f76dc8f62777c380,lexical_only,1062.4457000012626,8.382800000617863,345.08070000083535,1415.9092000027158,one shared preloaded model
syn-3e69c986de52e554,lexical_only,1018.9776000006532,6.073000000469619,336.9290999999066,1361.9797000010294,one shared preloaded model
syn-840e933e797cd154,lexical_only,1070.6991000006383,8.648499999253545,316.33809999948426,1395.685699999376,one shared preloaded model
syn-dc03b9c9604c3466,lexical_only,1002.1913000000495,5.256799999187933,334.375700000237,1341.8237999994744,one shared preloaded model
syn-3f767d83df352f4e,lexical_only,1114.884799999345,8.661199999551172,336.21640000092157,1459.7623999998177,one shared preloaded model
syn-7ac00f53df7b09ec,lexical_only,1074.0207999988343,9.05349999993632,284.73489999851154,1367.8091999972821,one shared preloaded model
syn-491941db367ba49a,lexical_only,1116.8928999995842,7.956299999932526,396.2680000004184,1521.117199999935,one shared preloaded model
syn-9dfd120230fb4447,lexical_only,1070.3269000005093,5.201100000704173,163.22659999968891,1238.7546000009024,one shared preloaded model
syn-ee762dd38613f0eb,lexical_only,1112.2663999994984,9.182300000247778,330.699200001618,1452.1479000013642,one shared preloaded model
syn-184066c677c61650,lexical_only,1041.97430000022,8.436100000835722,556.2747999993007,1606.6852000003564,one shared preloaded model
syn-97ac18ebf1429fcc,lexical_only,1111.9218999992881,9.029099999679602,279.99890000137384,1400.9499000003416,one shared preloaded model
syn-085e6fbcde58b207,lexical_only,1054.3474000005517,5.263799999738694,304.7296999993705,1364.340899999661,one shared preloaded model
syn-3a6587efa0450f1b,lexical_only,1020.1838000011776,4.877199999100412,366.9841999999335,1392.0452000002115,one shared preloaded model
syn-dd066d08a68d9e75,lexical_only,1052.8841999985161,5.798400001367554,332.82280000094033,1391.505400000824,one shared preloaded model
syn-3d36627a41eb35df,lexical_only,1107.7339000003121,8.98109999980079,338.93410000018775,1455.6491000003007,one shared preloaded model
syn-e9fb7fcede095653,lexical_only,1127.3399000001518,5.585700000665383,267.5868000005721,1400.5124000013893,one shared preloaded model
syn-572b1c93ac215052,lexical_only,1099.3170000001555,5.001400000764988,372.93920000047365,1477.2576000013942,one shared preloaded model
syn-0b5bbdf52c092b80,lexical_only,1066.0625000000437,5.260699999780627,177.76380000032077,1249.087000000145,one shared preloaded model
syn-e3a03e4fc1e3679e,lexical_only,1012.1624000003067,9.011699999973644,915.8358000004228,1937.009900000703,one shared preloaded model
syn-3caf73f6be3623fe,lexical_only,1008.4210000004532,5.278900000121212,354.4748999993317,1368.174799999906,one shared preloaded model
syn-ed0c0be9ddfe4d38,lexical_only,1052.4433999999019,5.156899998837616,342.50710000014806,1400.1073999988876,one shared preloaded model
syn-c2e84effcaf6e13c,lexical_only,1118.1326000005356,5.447199999252916,361.3720999983343,1484.9518999981228,one shared preloaded model
syn-ffaf82c44ff79b5a,lexical_only,1045.4799999988609,8.457300000372925,342.30120000029274,1396.2384999995265,one shared preloaded model
syn-5471fab742e7c658,lexical_only,1000.6126999996923,5.137500000273576,349.9341999995522,1355.684399999518,one shared preloaded model
syn-b3240f286650ecae,lexical_only,1111.1634999997477,8.631599999716855,309.50600000142003,1429.3011000008846,one shared preloaded model
syn-73e8dad0456ff636,lexical_only,1031.9020000006276,4.298500000004424,261.90719999976864,1298.1077000004007,one shared preloaded model
syn-c44f57cdb0635698,lexical_only,1049.0885999988677,5.267999998977757,334.7486000002391,1389.1051999980846,one shared preloaded model
syn-97121d3284eb327b,lexical_only,993.8500999996904,4.324499999711406,170.42580000088492,1168.6004000002868,one shared preloaded model
syn-72c231f5c36b0a82,lexical_only,1106.141899999784,8.685299999342533,329.44580000003043,1444.272999999157,one shared preloaded model
syn-15208a3cb0e88f74,lexical_only,1067.5315000007686,6.369099999574246,275.63829999962763,1349.5388999999705,one shared preloaded model
syn-6fd68b973acd9fa6,lexical_only,1013.040900001215,9.096399999179994,337.76940000097966,1359.9067000013747,one shared preloaded model
syn-910ecad3da43179f,lexical_only,1136.346200000844,4.889400001047761,379.88620000032824,1521.12180000222,one shared preloaded model
syn-3b43be463424b9d1,lexical_only,1009.7678000001906,5.225700000664801,347.64800000084506,1362.6415000017005,one shared preloaded model
syn-feb3bd30432e1619,lexical_only,1042.9718000013963,8.493600000292645,316.1239000000933,1367.5893000017822,one shared preloaded model
syn-97b3c3abe76861f6,lexical_only,1063.215800000762,5.311099999744329,314.746499998364,1383.2733999988704,one shared preloaded model
syn-367f74c39dec31a4,lexical_only,1069.5108999989316,5.2169999999023275,253.44109999969078,1328.1689999985247,one shared preloaded model
syn-601ac24ca303d9c4,lexical_only,1008.1504999998288,5.066699999588309,380.19570000142267,1393.4129000008397,one shared preloaded model
syn-4d0b34ee3d1c08f2,lexical_only,1034.4422999987728,9.0730000010808,157.6096000007965,1201.12490000065,one shared preloaded model
syn-039fd7c5756e356c,lexical_only,1073.8105999989784,5.708300001060707,315.94420000146783,1395.463100001507,one shared preloaded model
syn-af2b9b20ebd727ab,lexical_only,1089.712500001042,5.185800000617746,267.7247999999963,1362.623100001656,one shared preloaded model
syn-e4f21b03cc5cefd6,lexical_only,1059.6646999983932,8.402500001466251,363.4794999998121,1431.5466999996715,one shared preloaded model
syn-7cfc52e2fefff869,lalm,4083.916400000817,6.860499999675085,377.08439999914845,4467.86129999964,one shared preloaded model
syn-4296f812e74314b3,lalm,4140.255300000717,6.6002000003209105,362.35990000022866,4509.215400001267,one shared preloaded model
syn-f7aa6070fe05b69e,lalm,4054.825200000778,6.726300000082119,355.6136000006518,4417.165100001512,one shared preloaded model
syn-607ea103d2b11cf6,lalm,4369.946799999525,6.912999999258318,312.4409000010928,4689.300699999876,one shared preloaded model
syn-45ef60d7b20398a1,lalm,4209.170799998901,9.342099998320919,273.33619999990333,4491.849099997125,one shared preloaded model
syn-e95ca15b27885cf3,lalm,4116.992199999004,7.823899999493733,348.6489000006259,4473.464999999123,one shared preloaded model
syn-bef31d57b3f3a636,lalm,4143.234600000142,10.214300000370713,218.6980999995285,4372.147000000041,one shared preloaded model
syn-5b6437f25fa7b377,lalm,4057.8719999994064,7.185399999798392,353.37240000080783,4418.429800000013,one shared preloaded model
syn-d9343cc50784b112,lalm,4058.555699999488,6.9161999999778345,549.0494999994553,4614.521399998921,one shared preloaded model
syn-f76dc8f62777c380,lalm,3965.142199998809,6.522000001496053,294.94139999951585,4266.605599999821,one shared preloaded model
syn-3e69c986de52e554,lalm,4338.077500000509,6.545700000060606,345.17960000084713,4689.8028000014165,one shared preloaded model
syn-840e933e797cd154,lalm,3999.4287000008626,6.029199999829871,336.5587999996933,4342.016700000386,one shared preloaded model
syn-dc03b9c9604c3466,lalm,4000.834599999507,5.79699999980221,331.7040000001725,4338.335599999482,one shared preloaded model
syn-3f767d83df352f4e,lalm,4248.13659999927,10.386599999037571,307.9648000002635,4566.4879999985715,one shared preloaded model
syn-7ac00f53df7b09ec,lalm,4179.745100000218,10.363700001107645,507.58110000060697,4697.689900001933,one shared preloaded model
syn-491941db367ba49a,lalm,4063.2114999989426,10.310100000424427,354.4565000011062,4427.978100000473,one shared preloaded model
syn-9dfd120230fb4447,lalm,4184.7858000001,10.093099999721744,167.40130000107456,4362.280200000896,one shared preloaded model
syn-ee762dd38613f0eb,lalm,4161.353899999085,7.180300000982243,376.068600000508,4544.602800000575,one shared preloaded model
syn-184066c677c61650,lalm,4017.1623999995063,6.916799999089562,570.0376000004326,4594.116799999028,one shared preloaded model
syn-97ac18ebf1429fcc,lalm,3928.9946999997483,6.82050000068557,406.8695000005391,4342.684700000973,one shared preloaded model
syn-085e6fbcde58b207,lalm,3982.8051999993477,6.622799999604467,331.6389999999956,4321.066999998948,one shared preloaded model
syn-3a6587efa0450f1b,lalm,3898.2785000007425,6.715100000292296,349.7322000002896,4254.725800001324,one shared preloaded model
syn-dd066d08a68d9e75,lalm,4095.6726999993407,9.083799999643816,327.09089999843854,4431.847399997423,one shared preloaded model
syn-3d36627a41eb35df,lalm,4277.635399999781,6.839000001491513,364.22270000002754,4648.6971000013,one shared preloaded model
syn-e9fb7fcede095653,lalm,3990.2867000000697,10.347499999625143,482.8722000002017,4483.5063999998965,one shared preloaded model
syn-572b1c93ac215052,lalm,4104.02680000152,6.7710000002989545,373.9288000015222,4484.726600003341,one shared preloaded model
syn-0b5bbdf52c092b80,lalm,4051.0998999998264,7.294000000911183,168.69340000084776,4227.087300001585,one shared preloaded model
syn-e3a03e4fc1e3679e,lalm,4266.540700000405,8.7586999998166,351.077900000746,4626.377300000968,one shared preloaded model
syn-3caf73f6be3623fe,lalm,4246.450900000127,10.4351999998471,354.6545999997761,4611.54069999975,one shared preloaded model
syn-ed0c0be9ddfe4d38,lalm,4194.32980000056,6.847599999673548,334.2171000003873,4535.394500000621,one shared preloaded model
syn-c2e84effcaf6e13c,lalm,4153.720700000122,10.270099999615923,364.6871999990253,4528.677999998763,one shared preloaded model
syn-ffaf82c44ff79b5a,lalm,4218.2016000006115,7.098399999449612,363.46489999959886,4588.76489999966,one shared preloaded model
syn-5471fab742e7c658,lalm,4155.923100001019,10.3529999996681,421.24609999882523,4587.522199999512,one shared preloaded model
syn-b3240f286650ecae,lalm,5372.468899999149,6.749299998773495,668.9528999995673,6048.171099997489,one shared preloaded model
syn-73e8dad0456ff636,lalm,5971.787000000404,10.809200000949204,313.8053000002401,6296.401500001593,one shared preloaded model
syn-c44f57cdb0635698,lalm,5977.180500000031,10.518500001126085,649.5476000000053,6637.246600001163,one shared preloaded model
syn-97121d3284eb327b,lalm,6055.072999999538,10.180699999182252,321.12380000035046,6386.377499999071,one shared preloaded model
syn-72c231f5c36b0a82,lalm,5753.506600000037,8.075200001258054,602.4630000010802,6364.044800002375,one shared preloaded model
syn-15208a3cb0e88f74,lalm,6013.489499999196,10.577499999271822,465.80829999948037,6489.875299997948,one shared preloaded model
syn-6fd68b973acd9fa6,lalm,6002.766300000076,10.070499998619198,548.1982999990578,6561.035099997753,one shared preloaded model
syn-910ecad3da43179f,lalm,5678.353699999207,10.809900000822381,463.0718999997043,6152.235499999733,one shared preloaded model
syn-3b43be463424b9d1,lalm,5900.252800000089,10.325400000510854,431.7305000004126,6342.308700001013,one shared preloaded model
syn-feb3bd30432e1619,lalm,5641.641300000629,10.466399999131681,510.5113999998139,6162.619099999574,one shared preloaded model
syn-97b3c3abe76861f6,lalm,5825.440000000526,6.880600001750281,453.5892000003514,6285.909800002628,one shared preloaded model
syn-367f74c39dec31a4,lalm,5844.273200000316,10.31660000080592,418.05250000106753,6272.64230000219,one shared preloaded model
syn-601ac24ca303d9c4,lalm,6100.556400000642,10.764000000563101,406.48180000061984,6517.8022000018245,one shared preloaded model
syn-4d0b34ee3d1c08f2,lalm,5936.402700001054,10.30229999923904,336.8491000001086,6283.554100000401,one shared preloaded model
syn-039fd7c5756e356c,lalm,5953.937399999631,11.007900000549853,587.7227000000858,6552.668000000267,one shared preloaded model
syn-af2b9b20ebd727ab,lalm,6010.460800000146,10.313000000678585,446.0876000011922,6466.861400002017,one shared preloaded model
syn-e4f21b03cc5cefd6,lalm,5758.322599998792,10.221000000456115,530.4118000003655,6298.955399999613,one shared preloaded model
