example_id,agent,update_ms,read_ms,generation_ms,end_to_end_ms,model_loading_policy
syn-93346ac6ae1bf8c8,vanilla,0.513400000272668,0.000999999883788405,540.5018999999811,541.0163000001376,one shared preloaded model
syn-6cc65eedbc5a69c8,vanilla,0.0328000000990869,0.0006999998731771484,208.91549999987546,208.94899999984773,one shared preloaded model
syn-c9adeb4320ae998b,vanilla,0.030900000183464726,0.0006000000212225132,205.37100000001374,205.40250000021842,one shared preloaded model
syn-c6ec8b0f3995c370,vanilla,0.03980000019510044,0.0006000000212225132,210.9890000001542,211.02940000037052,one shared preloaded model
syn-32300e05d5bb7bfe,vanilla,0.030100000003585592,0.0003999998625658918,209.1841999999815,209.21469999984765,one shared preloaded model
syn-f77741cdf4aa8b29,vanilla,0.03599999990910874,0.0005000001692678779,199.69209999999293,199.7286000000713,one shared preloaded model
syn-0ba97b528a6632a5,vanilla,0.02679999988686177,0.0006000000212225132,199.2536999996446,199.28109999955268,one shared preloaded model
syn-5b6767bdf182bae8,vanilla,0.029299999823706457,0.000499999714520527,218.43170000011014,218.46149999964837,one shared preloaded model
syn-f960e56d6586ec00,vanilla,0.040299999909620965,0.0005000001692678779,212.6485000003413,212.6893000004202,one shared preloaded model
syn-93bdb2f586840782,vanilla,0.030700000024808105,0.0006000000212225132,213.27860000019427,213.3099000002403,one shared preloaded model
syn-8e6fdab0a6c3725e,vanilla,0.03040000001419685,0.000499999714520527,203.72980000001917,203.76069999974789,one shared preloaded model
syn-a051cd7b90774b65,vanilla,0.03040000001419685,0.0005000001692678779,203.19030000018756,203.22120000037103,one shared preloaded model
syn-8dd9bb044aef8373,vanilla,0.02989999984492897,0.0003999998625658918,198.84389999970153,198.87419999940903,one shared preloaded model
syn-4a0c5e9fb3c5f452,vanilla,0.03639999977167463,0.0003999998625658918,205.39199999984703,205.42879999948127,one shared preloaded model
syn-6ecb6a96dd58ce21,vanilla,0.03389999983482994,0.0005000001692678779,200.9342999999717,200.9686999999758,one shared preloaded model
syn-cd8c14fbb5d2aa50,vanilla,0.03200000037395512,0.0003999998625658918,199.54240000015488,199.5748000003914,one shared preloaded model
syn-91f78077aab669f7,vanilla,0.026899999738816405,0.0006000000212225132,200.59249999985695,200.619999999617,one shared preloaded model
syn-0675b95323d96302,vanilla,0.026200000320386607,0.0005999995664751623,206.41299999988405,206.4397999997709,one shared preloaded model
syn-6702e74f7e74bc7e,vanilla,0.03380000043762266,0.000499999714520527,211.76059999970676,211.7948999998589,one shared preloaded model
syn-f7c180145dd15d58,vanilla,0.03749999996216502,0.0006999998731771484,207.12749999984226,207.1656999996776,one shared preloaded model
syn-bfa37f70e211acb3,vanilla,0.028899999961140566,0.0006000000212225132,199.7590000000855,199.78850000006787,one shared preloaded model
syn-72fb06c5db7e7688,vanilla,0.02719999974942766,0.0005000001692678779,200.15620000003764,200.18389999995634,one shared preloaded model
syn-bd6afd910f7c8060,vanilla,0.02880000010918593,0.0003999998625658918,203.87809999965611,203.90729999962787,one shared preloaded model
syn-b58bceeac6d2c7f2,vanilla,0.03299999980299617,0.000499999714520527,202.8640999997151,202.89759999923263,one shared preloaded model
syn-6f311295e68c30c3,vanilla,0.03390000028957729,0.0005000001692678779,201.89040000013847,201.92480000059732,one shared preloaded model
syn-94fcfd250a3d999d,vanilla,0.03599999990910874,0.0003999998625658918,204.0207999998529,204.05719999962457,one shared preloaded model
syn-ea5ca3dd21833898,vanilla,0.026000000161729986,0.0006000000212225132,210.2692999997089,210.29589999989184,one shared preloaded model
syn-8dbf3541e1cd427d,vanilla,0.025800000003073364,0.0005000001692678779,229.4779999997445,229.50429999991684,one shared preloaded model
syn-512337330db99dbd,vanilla,0.03609999976106337,0.0006000000212225132,207.76160000013988,207.79829999992216,one shared preloaded model
syn-f4cbdd1ddbb73508,vanilla,0.034300000152143184,0.0004000003173132427,218.45489999986967,218.48960000033912,one shared preloaded model
syn-5027fa3e13ee2780,vanilla,0.027300000056129647,0.0005000001692678779,224.8991000001297,224.9269000003551,one shared preloaded model
syn-7903e67ff0040645,vanilla,0.03239999978177366,0.0005000001692678779,201.28870000007737,201.3216000000284,one shared preloaded model
syn-e3e29e6f3d540e60,vanilla,0.03339999966556206,0.0004000003173132427,215.09000000014566,215.12380000012854,one shared preloaded model
syn-f592d7eb6a9a74eb,vanilla,0.0349000001733657,0.0006000000212225132,202.90959999965708,202.94509999985166,one shared preloaded model
syn-3e304f1428e01ee9,vanilla,0.032500000088475645,0.0005000001692678779,211.11300000029587,211.1460000005536,one shared preloaded model
syn-3e2d2684f5f1817e,vanilla,0.03420000030018855,0.0005000001692678779,207.49130000012883,207.5260000005983,one shared preloaded model
syn-ee201f37c7836edd,vanilla,0.03310000010969816,0.0006999998731771484,204.0660999996362,204.09989999961908,one shared preloaded model
syn-becbf383d5d37cc5,vanilla,0.027399999908084283,0.0006000000212225132,211.31299999979092,211.34099999972022,one shared preloaded model
syn-7ef267959a6b6d86,vanilla,0.037199999951553764,0.0008000001798791345,210.7239000001755,210.76190000030692,one shared preloaded model
syn-d16f8d798fa219b0,vanilla,0.03170000036334386,0.0004000003173132427,203.21259999991526,203.2447000005959,one shared preloaded model
syn-7835428503cb6fb4,vanilla,0.027399999908084283,0.0006000000212225132,204.5339999999669,204.56199999989622,one shared preloaded model
syn-a5a1e97cc2cba655,vanilla,0.02610000001368462,0.0005000001692678779,202.95960000021296,202.9862000003959,one shared preloaded model
syn-5802bb543a75be41,vanilla,0.04949999993186793,0.0006000000212225132,213.25100000012753,213.30110000008062,one shared preloaded model
syn-8d3a2d16c003e4ac,vanilla,0.036100000215810724,0.0006000000212225132,223.82569999990665,223.86240000014368,one shared preloaded model
syn-985161b3476e34fe,vanilla,0.028100000236008782,0.0006000000212225132,218.90589999975418,218.93460000001141,one shared preloaded model
syn-008fc3d605b6ae5a,vanilla,0.03329999981360743,0.0005000001692678779,209.12510000016482,209.1589000001477,one shared preloaded model
syn-c78ea9b9792f63e9,vanilla,0.025499999992462108,0.0006000000212225132,205.74900000019625,205.77510000020993,one shared preloaded model
syn-3845e90a188beefb,vanilla,0.03530000003593159,0.0008000001798791345,213.32879999999932,213.36490000021513,one shared preloaded model
syn-6da0bb0b934d669c,vanilla,0.02809999978126143,0.0006000000212225132,202.5963999999476,202.6250999997501,one shared preloaded model
syn-f30a517e9808c882,vanilla,0.03460000016275444,0.0005000001692678779,204.90190000009534,204.93700000042736,one shared preloaded model
syn-5c1471c7bfe2f898,vanilla,0.028399999791872688,0.000499999714520527,200.68179999998392,200.71069999949032,one shared preloaded model
syn-00db44c691deaee3,vanilla,0.0341999998454412,0.0006000000212225132,203.4817000003386,203.51650000020527,one shared preloaded model
syn-a76e9323a1254df9,vanilla,0.03580000020519947,0.0006000000212225132,204.37159999983123,204.40800000005765,one shared preloaded model
syn-9a65987affea55b6,vanilla,0.06519999988086056,0.0006000000212225132,200.90090000030614,200.96670000020822,one shared preloaded model
syn-9acbd091afcb8c34,vanilla,0.027399999908084283,0.0005000001692678779,204.25879999993413,204.28670000001148,one shared preloaded model
syn-719851393d2732ee,vanilla,0.036500000078376615,0.0006000000212225132,205.73379999996178,205.77090000006137,one shared preloaded model
syn-2a809d876c92c9d2,vanilla,0.025800000003073364,0.0005000001692678779,202.149400000053,202.17570000022533,one shared preloaded model
syn-5bf2eb1ea7e4ebc8,vanilla,0.037200000406301115,0.0003999998625658918,209.4661000000997,209.50370000036855,one shared preloaded model
syn-4718999b83083e24,vanilla,0.029799999992974335,0.0005000001692678779,205.3902000002381,205.42050000040035,one shared preloaded model
syn-3c22f12eed9abdd0,vanilla,0.0349000001733657,0.0006999998731771484,200.14039999978195,200.1759999998285,one shared preloaded model
syn-3c5ecbd6f3334d1e,vanilla,0.03509999987727497,0.0003999998625658918,200.59189999983573,200.62739999957557,one shared preloaded model
syn-48000e7d7ca4fd84,vanilla,0.026499999876250513,0.0005000001692678779,213.56349999996382,213.59050000000934,one shared preloaded model
syn-bce80a07414cd45f,vanilla,0.03749999996216502,0.0005999995664751623,198.94070000009378,198.97879999962242,one shared preloaded model
syn-d6b266bef7e25178,vanilla,0.035400000342633575,0.000499999714520527,200.10550000006333,200.14140000012048,one shared preloaded model
syn-adec87d884f2fefd,vanilla,0.03530000003593159,0.000499999714520527,197.56989999996222,197.60569999971267,one shared preloaded model
syn-154ce590411403cd,vanilla,0.028299999939918052,0.0005000001692678779,203.49559999976918,203.52439999987837,one shared preloaded model
syn-1e6ca2fb64e605b5,vanilla,0.03079999987676274,0.0006999998731771484,210.0746999999501,210.10619999970004,one shared preloaded model
syn-c4b61eb959693b2e,vanilla,0.028300000394665403,0.0005000001692678779,207.1115000003374,207.14030000090133,one shared preloaded model
syn-b3734c70951abc06,vanilla,0.038099999983387534,0.000499999714520527,203.5624000000098,203.6009999997077,one shared preloaded model
syn-383e7da661f9e7eb,vanilla,0.03400000014153193,0.0005999995664751623,200.21349999979066,200.24809999949866,one shared preloaded model
syn-b1be563a2d43a449,vanilla,0.052600000344682485,0.0005000001692678779,211.22709999963263,211.28020000014658,one shared preloaded model
syn-4ba283389bada672,vanilla,0.02989999984492897,0.0006000000212225132,206.06050000014875,206.0910000000149,one shared preloaded model
syn-3196d93fce9b1fa7,vanilla,0.027599999611993553,0.0005000001692678779,202.97100000016144,202.9990999999427,one shared preloaded model
syn-c5c8deee08c6e2f3,vanilla,0.03700000024764449,0.0005000001692678779,199.86050000034083,199.89800000075775,one shared preloaded model
syn-06c9dfe407ef270d,vanilla,0.03659999993033125,0.0005000001692678779,204.94390000021667,204.98100000031627,one shared preloaded model
syn-dbe103a137d3bb7e,vanilla,0.03640000022642198,0.0006000000212225132,202.30000000037762,202.33700000062527,one shared preloaded model
syn-4106f32334ef11cd,vanilla,0.028499999643827323,0.0006999998731771484,210.19599999999627,210.22519999951328,one shared preloaded model
syn-c14e485cc712123c,vanilla,0.028200000087963417,0.0007000003279244993,202.22039999998742,202.2493000004033,one shared preloaded model
syn-9c82d6bdd1dd0fe0,vanilla,0.032499999633728294,0.0006000000212225132,207.9863999997542,208.01949999940916,one shared preloaded model
syn-da4109e38ce81128,vanilla,0.026700000034907134,0.0005000001692678779,205.10239999975965,205.12959999996383,one shared preloaded model
syn-f080d21be0a55509,vanilla,0.05270000019663712,0.0005000001692678779,202.61940000000322,202.67260000036913,one shared preloaded model
syn-74a61d9919130878,vanilla,0.028500000098574674,0.0004000003173132427,213.3469000000332,213.3758000004491,one shared preloaded model
syn-d14a24f9163ebafc,vanilla,0.02949999998236308,0.0005000001692678779,212.3486000000412,212.37860000019282,one shared preloaded model
syn-f781ebd0f5685338,vanilla,0.03219999962311704,0.0004000003173132427,198.46440000037546,198.4970000003159,one shared preloaded model
syn-1554cd91756cb68d,vanilla,0.03479999986666371,0.0003999998625658918,198.66619999993418,198.7013999996634,one shared preloaded model
syn-d6fc58d852a76c9c,vanilla,0.02770000037344289,0.0005000001692678779,197.98560000026555,198.01380000080826,one shared preloaded model
syn-e017f3136ca915d4,vanilla,0.02519999998185085,0.0006000000212225132,197.9409000000487,197.9667000000518,one shared preloaded model
syn-2cc74c2e5d017028,vanilla,0.05330000021785963,0.000999999883788405,216.00089999992633,216.05520000002798,one shared preloaded model
syn-bf526f9585e60646,vanilla,0.03309999965495081,0.0008000001798791345,202.61829999981273,202.65219999964756,one shared preloaded model
syn-740165027b9d503d,vanilla,0.028299999939918052,0.0004000003173132427,203.5041999997702,203.53290000002744,one shared preloaded model
syn-5b72af20c54e0abc,vanilla,0.028100000236008782,0.0003999998625658918,201.71399999981077,201.74249999990934,one shared preloaded model
syn-a1050d68f9529716,vanilla,0.027200000204175012,0.0006000000212225132,214.5236000001205,214.5514000003459,one shared preloaded model
syn-f4caab0fb54bd864,vanilla,0.029100000119797187,0.0006000000212225132,200.61170000008133,200.64140000022235,one shared preloaded model
syn-43febe3ecf1beeba,vanilla,0.029999999696883606,0.0003999998625658918,201.69099999975515,201.7213999993146,one shared preloaded model
syn-7a919584b12c9ef7,vanilla,0.03319999996165279,0.0005000001692678779,205.8473000001868,205.88100000031773,one shared preloaded model
syn-8bf21e8a6dbbb9c4,vanilla,0.02750000021478627,0.0006000000212225132,207.30090000006385,207.32900000029986,one shared preloaded model
syn-0741ccf395291474,vanilla,0.027799999770650174,0.0007000003279244993,204.42880000018704,204.4573000002856,one shared preloaded model
syn-8d4448509c1530dd,vanilla,0.02789999962260481,0.0005000001692678779,202.06670000015947,202.09509999995134,one shared preloaded model
syn-4522f9c08f21af52,vanilla,0.03789999982473091,0.0005000001692678779,206.89339999989897,206.93179999989297,one shared preloaded model
syn-11de678fc3a19f84,vanilla,0.0341999998454412,0.000499999714520527,201.3729999998759,201.40769999943586,one shared preloaded model
syn-93346ac6ae1bf8c8,window,0.05340000006981427,0.009699999736767495,482.12489999968966,482.18799999949624,one shared preloaded model
syn-6cc65eedbc5a69c8,window,0.05270000019663712,0.004500000159168849,466.78509999992457,466.8423000002804,one shared preloaded model
syn-c9adeb4320ae998b,window,0.044100000195612665,0.004399999852466863,531.1820000001717,531.2305000002198,one shared preloaded model
syn-c6ec8b0f3995c370,window,0.050999999984924216,0.003600000127335079,554.3289000002005,554.3835000003128,one shared preloaded model
syn-32300e05d5bb7bfe,window,0.05070000042906031,0.0039000001379463356,421.69949999970413,421.75410000027114,one shared preloaded model
syn-f77741cdf4aa8b29,window,0.0473000000056345,0.007299999651877442,450.9110999997574,450.96569999941494,one shared preloaded model
syn-0ba97b528a6632a5,window,0.05319999991115765,0.004099999841855606,352.8784000000087,352.9356999997617,one shared preloaded model
syn-5b6767bdf182bae8,window,0.04850000004807953,0.003999999989900971,449.14879999987534,449.2012999999133,one shared preloaded model
syn-f960e56d6586ec00,window,0.05049999981565634,0.0036999999792897142,455.8474999998907,455.90169999968566,one shared preloaded model
syn-93bdb2f586840782,window,0.05139999984749011,0.004099999841855606,455.68409999987125,455.7395999995606,one shared preloaded model
syn-8e6fdab0a6c3725e,window,0.049000000217347406,0.00779999982114532,449.46529999970153,449.52209999974,one shared preloaded model
syn-a051cd7b90774b65,window,0.05319999991115765,0.0036999999792897142,447.64249999980166,447.6993999996921,one shared preloaded model
syn-8dd9bb044aef8373,window,0.050099999953090446,0.0036999999792897142,454.3588000001364,454.4126000000688,one shared preloaded model
syn-4a0c5e9fb3c5f452,window,0.05359999977372354,0.0073999999585794285,545.3385000000708,545.3994999998031,one shared preloaded model
syn-6ecb6a96dd58ce21,window,0.06970000004002941,0.004399999852466863,452.9582999998638,453.0323999997563,one shared preloaded model
syn-cd8c14fbb5d2aa50,window,0.05289999990054639,0.003600000127335079,451.80560000017067,451.86210000019855,one shared preloaded model
syn-91f78077aab669f7,window,0.04749999970954377,0.0033999999686784577,449.2913000003682,449.34220000004643,one shared preloaded model
syn-0675b95323d96302,window,0.04619999981514411,0.003999999989900971,452.86829999986367,452.9184999996687,one shared preloaded model
syn-6702e74f7e74bc7e,window,0.0494000000799133,0.004200000148557592,456.84709999977713,456.9007000000056,one shared preloaded model
syn-f7c180145dd15d58,window,0.04600000011123484,0.0036999999792897142,453.1395000003613,453.1892000004518,one shared preloaded model
syn-bfa37f70e211acb3,window,0.04839999974137754,0.0036999999792897142,452.66869999977644,452.7207999994971,one shared preloaded model
syn-72fb06c5db7e7688,window,0.051900000016757986,0.006499999926745659,555.8851999999206,555.9435999998641,one shared preloaded model
syn-bd6afd910f7c8060,window,0.05319999991115765,0.006699999630654929,561.8749000000207,561.9347999995625,one shared preloaded model
syn-b58bceeac6d2c7f2,window,0.046799999836366624,0.010799999927257886,457.0144999997865,457.0720999995501,one shared preloaded model
syn-6f311295e68c30c3,window,0.05609999971056823,0.00670000008540228,435.2992999997696,435.36209999956554,one shared preloaded model
syn-94fcfd250a3d999d,window,0.05000000010113581,0.0039000001379463356,454.0705999997954,454.12450000003446,one shared preloaded model
syn-ea5ca3dd21833898,window,0.1826000002438377,0.02369999992879457,455.03299999973024,455.23929999990287,one shared preloaded model
syn-8dbf3541e1cd427d,window,0.04459999991013319,0.008400000297115184,459.64219999996203,459.6952000001693,one shared preloaded model
syn-512337330db99dbd,window,0.04239999998389976,0.004399999852466863,947.9903999999806,948.037199999817,one shared preloaded model
syn-f4cbdd1ddbb73508,window,0.051799999710056,0.007499999810534064,468.471000000136,468.53029999965656,one shared preloaded model
syn-5027fa3e13ee2780,window,0.05020000025979243,0.004399999852466863,463.8782000001811,463.93280000029335,one shared preloaded model
syn-7903e67ff0040645,window,0.04799999987881165,0.003999999989900971,557.3507000003701,557.4027000002388,one shared preloaded model
syn-e3e29e6f3d540e60,window,0.0525000000379805,0.006499999926745659,464.4069999999374,464.4659999999021,one shared preloaded model
syn-f592d7eb6a9a74eb,window,0.046999999995023245,0.0069000002440589014,469.4019000003209,469.45580000056,one shared preloaded model
syn-3e304f1428e01ee9,window,0.055500000144093065,0.0069000002440589014,419.5660999998836,419.62850000027174,one shared preloaded model
syn-3e2d2684f5f1817e,window,0.03990000004705507,0.0038000002859917004,458.3546999997452,458.39840000007825,one shared preloaded model
syn-ee201f37c7836edd,window,0.041400000100111356,0.003999999989900971,452.32149999992544,452.36690000001545,one shared preloaded model
syn-becbf383d5d37cc5,window,0.049700000090524554,0.0039000001379463356,465.1544000003014,465.20800000052986,one shared preloaded model
syn-7ef267959a6b6d86,window,0.04690000014306861,0.006799999937356915,450.5084000002171,450.5621000002975,one shared preloaded model
syn-d16f8d798fa219b0,window,0.04889999991064542,0.007099999947968172,449.1696999998567,449.2256999997153,one shared preloaded model
syn-7835428503cb6fb4,window,0.1077000001714623,0.006100000064179767,455.34120000002076,455.4550000002564,one shared preloaded model
syn-a5a1e97cc2cba655,window,0.04850000004807953,0.0039000001379463356,456.08390000006693,456.13630000025296,one shared preloaded model
syn-5802bb543a75be41,window,0.03980000019510044,0.004099999841855606,545.3984999999193,545.4423999999563,one shared preloaded model
syn-8d3a2d16c003e4ac,window,0.0486999997519888,0.003999999989900971,454.2900000001282,454.3426999998701,one shared preloaded model
syn-985161b3476e34fe,window,0.04600000011123484,0.0035000002753804438,443.8076999999794,443.857200000366,one shared preloaded model
syn-008fc3d605b6ae5a,window,0.040299999909620965,0.003599999672587728,456.230300000243,456.2741999998252,one shared preloaded model
syn-c78ea9b9792f63e9,window,0.06450000000768341,0.0037999998312443495,456.69180000004417,456.7600999998831,one shared preloaded model
syn-3845e90a188beefb,window,0.04780000017490238,0.004300000000512227,452.80559999991965,452.85770000009506,one shared preloaded model
syn-6da0bb0b934d669c,window,0.04830000034417026,0.0039000001379463356,453.35750000003827,453.4097000005204,one shared preloaded model
syn-f30a517e9808c882,window,0.04949999993186793,0.0036999999792897142,450.69880000028206,450.7520000001932,one shared preloaded model
syn-5c1471c7bfe2f898,window,0.05129999999553547,0.003999999989900971,449.73239999990255,449.787699999888,one shared preloaded model
syn-00db44c691deaee3,window,0.06729999995513936,0.004399999852466863,511.950699999943,512.0223999997506,one shared preloaded model
syn-a76e9323a1254df9,window,0.045399999635264976,0.003599999672587728,461.19009999983973,461.2390999991476,one shared preloaded model
syn-9a65987affea55b6,window,0.052099999720667256,0.003600000127335079,525.6553999997777,525.7110999996257,one shared preloaded model
syn-9acbd091afcb8c34,window,0.041400000100111356,0.0038000002859917004,422.1606000000975,422.2058000004836,one shared preloaded model
syn-719851393d2732ee,window,0.05499999997482519,0.010400000064691994,456.43380000001343,456.49920000005295,one shared preloaded model
syn-2a809d876c92c9d2,window,0.04979999994247919,0.008199999683711212,425.09259999997084,425.15059999959703,one shared preloaded model
syn-5bf2eb1ea7e4ebc8,window,0.0455999997939216,0.005399999736255268,456.50809999960984,456.55909999914,one shared preloaded model
syn-4718999b83083e24,window,0.05050000027040369,0.008400000297115184,912.8874000002725,912.94630000084,one shared preloaded model
syn-3c22f12eed9abdd0,window,0.05049999981565634,0.003599999672587728,451.78329999998823,451.8373999994765,one shared preloaded model
syn-3c5ecbd6f3334d1e,window,0.04760000001624576,0.006499999926745659,446.9287000001714,446.98280000011437,one shared preloaded model
syn-48000e7d7ca4fd84,window,0.04949999993186793,0.007699999969190685,457.35610000019733,457.4133000000984,one shared preloaded model
syn-bce80a07414cd45f,window,0.04959999978382257,0.0069000002440589014,458.3927999997286,458.4492999997565,one shared preloaded model
syn-d6b266bef7e25178,window,0.0411000000895001,0.010600000223348616,453.61110000021654,453.6628000005294,one shared preloaded model
syn-adec87d884f2fefd,window,0.050600000122358324,0.006799999937356915,459.0668000000733,459.124200000133,one shared preloaded model
syn-154ce590411403cd,window,0.11210000002392917,0.003499999820633093,462.24990000018806,462.3655000000326,one shared preloaded model
syn-1e6ca2fb64e605b5,window,0.07150000010369695,0.012199999673612183,482.2399999998197,482.323699999597,one shared preloaded model
syn-c4b61eb959693b2e,window,0.04529999978331034,0.003999999989900971,484.93050000024596,484.97980000001917,one shared preloaded model
syn-b3734c70951abc06,window,0.046800000291113975,0.0035000002753804438,508.10550000005605,508.15580000062255,one shared preloaded model
syn-383e7da661f9e7eb,window,0.04540000009001233,0.0038999996831989847,532.309400000031,532.3586999998042,one shared preloaded model
syn-b1be563a2d43a449,window,0.052099999720667256,0.0037999998312443495,475.1338000000942,475.1896999996461,one shared preloaded model
syn-4ba283389bada672,window,0.04850000004807953,0.004300000000512227,630.8813999999074,630.934199999956,one shared preloaded model
syn-3196d93fce9b1fa7,window,0.052800000048591755,0.0039000001379463356,563.9869000001454,564.0436000003319,one shared preloaded model
syn-c5c8deee08c6e2f3,window,0.04949999993186793,0.0036999999792897142,518.2158000002346,518.2690000001458,one shared preloaded model
syn-06c9dfe407ef270d,window,0.05199999986871262,0.0073999999585794285,425.76420000023063,425.8236000000579,one shared preloaded model
syn-dbe103a137d3bb7e,window,0.047199999698932515,0.006799999937356915,512.4541000000136,512.5080999996499,one shared preloaded model
syn-4106f32334ef11cd,window,0.05529999998543644,0.0036999999792897142,461.19720000024245,461.2562000002072,one shared preloaded model
syn-c14e485cc712123c,window,0.041399999645364005,0.005200000032345997,460.4980999997679,460.5446999994456,one shared preloaded model
syn-9c82d6bdd1dd0fe0,window,0.047199999698932515,0.003499999820633093,1092.5927000002957,1092.6433999998153,one shared preloaded model
syn-da4109e38ce81128,window,0.057500000366417225,0.005299999884300632,640.4477999999472,640.5106000001979,one shared preloaded model
syn-f080d21be0a55509,window,0.054399999953602673,0.00560000034965924,540.8051999997951,540.8652000000984,one shared preloaded model
syn-74a61d9919130878,window,0.05269999974188977,0.0039000001379463356,631.2692999999854,631.3258999998652,one shared preloaded model
syn-d14a24f9163ebafc,window,0.05199999986871262,0.0037999998312443495,532.9876000000695,533.0433999997695,one shared preloaded model
syn-f781ebd0f5685338,window,0.05539999983739108,0.004300000000512227,593.0381000002853,593.0978000001232,one shared preloaded model
syn-1554cd91756cb68d,window,0.05019999980504508,0.0038000002859917004,485.62509999965187,485.6790999997429,one shared preloaded model
syn-d6fc58d852a76c9c,window,0.05410000039773877,0.0033999999686784577,554.5515999997406,554.609100000107,one shared preloaded model
syn-e017f3136ca915d4,window,0.04799999987881165,0.0033999999686784577,374.96250000003783,375.0138999998853,one shared preloaded model
syn-2cc74c2e5d017028,window,0.05090000013296958,0.0036999999792897142,559.8635999999715,559.9182000000837,one shared preloaded model
syn-bf526f9585e60646,window,0.07609999966007308,0.004999999873689376,1190.9593000000314,1191.0403999995651,one shared preloaded model
syn-740165027b9d503d,window,0.04910000006930204,0.007400000413326779,480.37939999994705,480.4359000004297,one shared preloaded model
syn-5b72af20c54e0abc,window,0.0548999996681232,0.006199999916134402,511.2450000001445,511.30609999972876,one shared preloaded model
syn-a1050d68f9529716,window,0.04250000029060175,0.005500000042957254,473.04369999983464,473.0917000001682,one shared preloaded model
syn-f4caab0fb54bd864,window,0.05199999986871262,0.007899999673099956,524.2432000000008,524.3030999995426,one shared preloaded model
syn-43febe3ecf1beeba,window,0.04910000006930204,0.003999999989900971,575.7492000002458,575.802300000305,one shared preloaded model
syn-7a919584b12c9ef7,window,0.05049999981565634,0.006300000222836388,503.98160000031567,504.03840000035416,one shared preloaded model
syn-8bf21e8a6dbbb9c4,window,0.050600000122358324,0.006199999916134402,519.7229000000334,519.7797000000719,one shared preloaded model
syn-0741ccf395291474,window,0.0511000002916262,0.0036999999792897142,506.9923999999446,507.0472000002155,one shared preloaded model
syn-8d4448509c1530dd,window,0.04570000010062358,0.0035000002753804438,561.3945999998577,561.4438000002338,one shared preloaded model
syn-4522f9c08f21af52,window,0.054399999953602673,0.004300000000512227,1051.849499999662,1051.908199999616,one shared preloaded model
syn-11de678fc3a19f84,window,0.04859999990003416,0.0037999998312443495,505.65340000002834,505.7057999997596,one shared preloaded model
syn-93346ac6ae1bf8c8,rag,99.08989999985351,8.844699999826844,427.5383000003785,535.4729000000589,one shared preloaded model
syn-6cc65eedbc5a69c8,rag,38.86959999999817,9.213100000124541,493.5165000001689,541.5992000002916,one shared preloaded model
syn-c9adeb4320ae998b,rag,42.85919999983889,8.600300000125571,409.17979999994714,460.6392999999116,one shared preloaded model
syn-c6ec8b0f3995c370,rag,46.37060000004567,8.05820000005042,425.7496000000174,480.17840000011347,one shared preloaded model
syn-32300e05d5bb7bfe,rag,37.130299999716954,9.359700000004523,367.25620000015624,413.7461999998777,one shared preloaded model
syn-f77741cdf4aa8b29,rag,47.37329999989015,10.598200000003999,469.2104999999174,527.1819999998115,one shared preloaded model
syn-0ba97b528a6632a5,rag,38.37389999989682,8.307699999932083,381.384799999978,428.0663999998069,one shared preloaded model
syn-5b6767bdf182bae8,rag,31.046900000092137,5.06889999996929,432.03970000013214,468.15550000019357,one shared preloaded model
syn-f960e56d6586ec00,rag,41.698900000028516,11.901900000339083,817.0696000001954,870.670400000563,one shared preloaded model
syn-93bdb2f586840782,rag,50.65240000021731,11.277900000095542,467.0495000000301,528.979800000343,one shared preloaded model
syn-8e6fdab0a6c3725e,rag,56.303899999875284,11.540200000126788,433.55609999980516,501.4001999998072,one shared preloaded model
syn-a051cd7b90774b65,rag,44.986799999605864,9.000099999866507,492.4759999998969,546.4628999993693,one shared preloaded model
syn-8dd9bb044aef8373,rag,41.897099999914644,5.973899999844434,430.17379999992045,478.0447999996795,one shared preloaded model
syn-4a0c5e9fb3c5f452,rag,48.523600000407896,4.975199999989854,537.2630000001664,590.7618000005641,one shared preloaded model
syn-6ecb6a96dd58ce21,rag,38.02440000026763,9.66710000011517,344.26239999993413,391.95390000031693,one shared preloaded model
syn-cd8c14fbb5d2aa50,rag,39.93270000000848,9.567499999775464,483.20920000014667,532.7093999999306,one shared preloaded model
syn-91f78077aab669f7,rag,42.05000000001746,8.289800000056857,178.44779999995808,228.7876000000324,one shared preloaded model
syn-0675b95323d96302,rag,37.57099999984348,10.093599999891012,472.3244000001614,519.9889999998959,one shared preloaded model
syn-6702e74f7e74bc7e,rag,48.58749999993961,10.539200000039273,734.3025000000125,793.4291999999914,one shared preloaded model
syn-f7c180145dd15d58,rag,36.30249999969237,9.343900000203575,428.37329999974827,474.0196999996442,one shared preloaded model
syn-bfa37f70e211acb3,rag,40.05020000022341,5.13600000022052,481.68859999987035,526.8748000003143,one shared preloaded model
syn-72fb06c5db7e7688,rag,42.61339999993652,10.270400000081281,417.75609999967855,470.63989999969635,one shared preloaded model
syn-bd6afd910f7c8060,rag,35.18480000002455,6.814899999881163,491.7747000004056,533.7744000003113,one shared preloaded model
syn-b58bceeac6d2c7f2,rag,53.79219999986162,7.884900000135531,527.0825000002333,588.7596000002304,one shared preloaded model
syn-6f311295e68c30c3,rag,35.153100000115955,8.247000000210392,355.8849000000919,399.2850000004182,one shared preloaded model
syn-94fcfd250a3d999d,rag,48.648899999989226,9.751600000072358,506.6706000002341,565.0711000002957,one shared preloaded model
syn-ea5ca3dd21833898,rag,50.76520000011442,9.78480000003401,207.2430000002896,267.79300000043804,one shared preloaded model
syn-8dbf3541e1cd427d,rag,39.27090000024691,11.797199999818986,435.6465000000753,486.7146000001412,one shared preloaded model
syn-512337330db99dbd,rag,35.83619999972143,8.426500000041415,736.5980999998101,780.8607999995729,one shared preloaded model
syn-f4cbdd1ddbb73508,rag,49.1252999995595,10.283199999776116,387.75210000039806,447.1605999997337,one shared preloaded model
syn-5027fa3e13ee2780,rag,51.017700000102195,9.530100000120001,434.2526000000362,494.8004000002584,one shared preloaded model
syn-7903e67ff0040645,rag,39.312100000188366,10.837700000138284,434.6037999998771,484.75360000020373,one shared preloaded model
syn-e3e29e6f3d540e60,rag,42.77039999988119,11.851499999920634,455.9060999999929,510.5279999997947,one shared preloaded model
syn-f592d7eb6a9a74eb,rag,42.395399999804795,9.31059999993522,421.3887999999315,473.0947999996715,one shared preloaded model
syn-3e304f1428e01ee9,rag,50.05990000017846,8.205899999666144,346.95700000020224,405.22280000004685,one shared preloaded model
syn-3e2d2684f5f1817e,rag,37.27819999994608,8.313799999996263,476.42550000000483,522.0174999999472,one shared preloaded model
syn-ee201f37c7836edd,rag,43.082800000320276,8.413600000039878,195.71750000022803,247.21390000058818,one shared preloaded model
syn-becbf383d5d37cc5,rag,40.064300000267394,8.914399999866873,532.8064000000268,581.785100000161,one shared preloaded model
syn-7ef267959a6b6d86,rag,42.83979999991061,8.354600000075152,824.2488999999296,875.4432999999153,one shared preloaded model
syn-d16f8d798fa219b0,rag,41.58189999998285,8.446199999980308,464.2913000002409,514.319400000204,one shared preloaded model
syn-7835428503cb6fb4,rag,38.14760000022943,8.296200000131648,432.7872000003481,479.2310000007092,one shared preloaded model
syn-a5a1e97cc2cba655,rag,34.256400000231224,8.228600000165898,442.4802000003183,484.9652000007154,one shared preloaded model
syn-5802bb543a75be41,rag,39.037699999880715,10.001300000112678,476.8441999999595,525.8831999999529,one shared preloaded model
syn-8d3a2d16c003e4ac,rag,36.1483000001499,8.10090000004493,468.42670000023645,512.6759000004313,one shared preloaded model
syn-985161b3476e34fe,rag,40.0829000000158,8.044000000154483,365.7130999999936,413.84000000016385,one shared preloaded model
syn-008fc3d605b6ae5a,rag,34.86430000020846,12.653000000227621,431.0184000000845,478.5357000005206,one shared preloaded model
syn-c78ea9b9792f63e9,rag,41.294099999959144,10.80920000003971,210.11929999986023,262.2225999998591,one shared preloaded model
syn-3845e90a188beefb,rag,40.13880000002246,16.17839999971693,496.0740999999871,552.3912999997265,one shared preloaded model
syn-6da0bb0b934d669c,rag,41.82970000010755,10.127000000011321,785.9601999998631,837.916899999982,one shared preloaded model
syn-f30a517e9808c882,rag,34.09370000008494,5.001700000320852,407.3174999998628,446.41290000026856,one shared preloaded model
syn-5c1471c7bfe2f898,rag,37.28589999991527,10.941300000013143,472.43099999968763,520.658199999616,one shared preloaded model
syn-00db44c691deaee3,rag,35.302600000250095,10.032199999841396,466.1473000001024,511.4821000001939,one shared preloaded model
syn-a76e9323a1254df9,rag,55.37450000019817,8.890899999641988,459.7398000000794,524.0051999999196,one shared preloaded model
syn-9a65987affea55b6,rag,30.731199999991077,11.463100000128179,455.5863999999019,497.78070000002117,one shared preloaded model
syn-9acbd091afcb8c34,rag,53.09380000016972,11.309600000004139,346.7700999999579,411.17350000013175,one shared preloaded model
syn-719851393d2732ee,rag,47.79899999994086,10.088900000027934,577.3281000001589,635.2160000001277,one shared preloaded model
syn-2a809d876c92c9d2,rag,46.834799999942334,9.746799999902578,205.07219999990411,261.653799999749,one shared preloaded model
syn-5bf2eb1ea7e4ebc8,rag,40.30009999996764,8.336200000030658,429.7754999997778,478.4117999997761,one shared preloaded model
syn-4718999b83083e24,rag,44.344700000237935,7.990199999767356,719.8889000001145,772.2238000001198,one shared preloaded model
syn-3c22f12eed9abdd0,rag,43.35689999970782,7.859199999984412,407.4265000003834,458.6426000000756,one shared preloaded model
syn-3c5ecbd6f3334d1e,rag,48.2918000002428,10.710099999869271,470.07350000012593,529.075400000238,one shared preloaded model
syn-48000e7d7ca4fd84,rag,41.6030999999748,10.699599999952625,451.7908000002535,504.09350000018094,one shared preloaded model
syn-bce80a07414cd45f,rag,38.598199999796634,11.099299999841605,413.72359999968467,463.4210999993229,one shared preloaded model
syn-d6b266bef7e25178,rag,33.263499999975465,11.152800000218122,495.21729999969466,539.6335999998882,one shared preloaded model
syn-adec87d884f2fefd,rag,40.26909999993222,9.069499999895925,377.58720000010726,426.9257999999354,one shared preloaded model
syn-154ce590411403cd,rag,42.61029999997845,10.380400000030932,432.92350000001534,485.9142000000247,one shared preloaded model
syn-1e6ca2fb64e605b5,rag,43.95649999969464,8.262899999863293,209.52669999996942,261.74609999952736,one shared preloaded model
syn-c4b61eb959693b2e,rag,40.23179999967397,8.982400000149937,427.90710000008403,477.12129999990793,one shared preloaded model
syn-b3734c70951abc06,rag,45.25680000006105,9.383699999943929,1792.2311000002082,1846.8716000002132,one shared preloaded model
syn-383e7da661f9e7eb,rag,42.98049999988507,8.181100000001607,510.1933000000827,561.3548999999693,one shared preloaded model
syn-b1be563a2d43a449,rag,38.82489999978134,9.52549999965413,450.784399999975,499.13479999941046,one shared preloaded model
syn-4ba283389bada672,rag,45.22240000005695,4.822200000035082,436.59770000022036,486.6423000003124,one shared preloaded model
syn-3196d93fce9b1fa7,rag,46.591000000262284,9.275299999899289,468.64089999962744,524.507199999789,one shared preloaded model
syn-c5c8deee08c6e2f3,rag,52.21159999973679,7.890099999713129,485.3296000001137,545.4312999995636,one shared preloaded model
syn-06c9dfe407ef270d,rag,40.35980000026029,13.768400000117254,348.7826999999015,402.91090000027907,one shared preloaded model
syn-dbe103a137d3bb7e,rag,42.433799999798794,8.687900000040827,543.8622000001487,594.9838999999884,one shared preloaded model
syn-4106f32334ef11cd,rag,43.668199999956414,4.844700000376179,186.76890000006097,235.28180000039356,one shared preloaded model
syn-c14e485cc712123c,rag,39.63090000024749,9.220999999797641,544.4440000001123,593.2959000001574,one shared preloaded model
syn-9c82d6bdd1dd0fe0,rag,24.955899999895337,4.39509999978327,764.0903999999864,793.441399999665,one shared preloaded model
syn-da4109e38ce81128,rag,51.87900000009904,11.858200000006036,426.06519999981174,489.8023999999168,one shared preloaded model
syn-f080d21be0a55509,rag,40.97959999990053,8.900400000129594,451.3988000003337,501.27880000036384,one shared preloaded model
syn-74a61d9919130878,rag,55.47870000009425,8.886300000085612,456.7423000003146,521.1073000004944,one shared preloaded model
syn-d14a24f9163ebafc,rag,33.8781000000381,10.686899999654997,438.7467999999899,483.311799999683,one shared preloaded model
syn-f781ebd0f5685338,rag,32.99059999972087,7.346100000177103,440.7667999998921,481.1034999997901,one shared preloaded model
syn-1554cd91756cb68d,rag,42.841499999667576,9.773799999948096,354.521300000215,407.13659999983065,one shared preloaded model
syn-d6fc58d852a76c9c,rag,38.28240000029837,8.65010000006805,507.1679000002405,554.1004000006069,one shared preloaded model
syn-e017f3136ca915d4,rag,32.94910000022355,8.306400000037684,208.11079999975846,249.3663000000197,one shared preloaded model
syn-2cc74c2e5d017028,rag,38.24510000004011,9.91619999967952,451.5274000000318,499.6886999997514,one shared preloaded model
syn-bf526f9585e60646,rag,31.04010000015478,3.9218000001710607,663.2310999998481,698.1930000001739,one shared preloaded model
syn-740165027b9d503d,rag,45.43869999997696,9.742299999743409,448.0783999997584,503.2593999994788,one shared preloaded model
syn-5b72af20c54e0abc,rag,42.65709999981482,8.304599999974016,440.64449999996214,491.60619999975097,one shared preloaded model
syn-a1050d68f9529716,rag,37.72099999969214,8.352199999990262,420.73030000028666,466.80349999996906,one shared preloaded model
syn-f4caab0fb54bd864,rag,29.422199999771692,8.624999999938154,385.4350000001432,423.48219999985304,one shared preloaded model
syn-43febe3ecf1beeba,rag,34.32169999996404,10.788099999899714,483.9514999998755,529.0612999997393,one shared preloaded model
syn-7a919584b12c9ef7,rag,34.243200000219076,10.149299999739014,320.07130000010875,364.46380000006684,one shared preloaded model
syn-8bf21e8a6dbbb9c4,rag,42.0563000002403,8.911500000067463,502.8975000000173,553.8653000003251,one shared preloaded model
syn-0741ccf395291474,rag,39.83840000000782,10.988800000177434,208.0234999998538,258.85070000003907,one shared preloaded model
syn-8d4448509c1530dd,rag,38.98769999977958,12.633400000140682,454.3394999996053,505.9605999995256,one shared preloaded model
syn-4522f9c08f21af52,rag,40.59759999972812,8.936499999890657,665.6901999999718,715.2242999995906,one shared preloaded model
syn-11de678fc3a19f84,rag,36.153700000340905,8.621299999958865,418.607399999928,463.3824000002278,one shared preloaded model
syn-93346ac6ae1bf8c8,pure_liquid,119.41059999981007,10.752400000001217,144.16849999997794,274.33149999978923,one shared preloaded model
syn-6cc65eedbc5a69c8,pure_liquid,85.49630000015895,7.051299999602634,130.09539999984554,222.64299999960713,one shared preloaded model
syn-c9adeb4320ae998b,pure_liquid,123.13580000000002,10.406699999748525,142.78730000023643,276.32979999998497,one shared preloaded model
syn-c6ec8b0f3995c370,pure_liquid,105.68030000013096,10.048300000107702,143.67170000014085,259.4003000003795,one shared preloaded model
syn-32300e05d5bb7bfe,pure_liquid,127.55179999976463,10.052699999960168,146.84250000027532,284.4470000000001,one shared preloaded model
syn-f77741cdf4aa8b29,pure_liquid,126.24009999990449,10.146700000404962,143.5231999998905,279.91000000019994,one shared preloaded model
syn-0ba97b528a6632a5,pure_liquid,128.04479999977048,10.315100000298116,214.01000000014392,352.3699000002125,one shared preloaded model
syn-5b6767bdf182bae8,pure_liquid,130.16430000016044,10.973000000376487,433.9698999997381,575.107200000275,one shared preloaded model
syn-f960e56d6586ec00,pure_liquid,144.64679999991858,10.14569999961168,544.0014000000701,698.7938999996004,one shared preloaded model
syn-93bdb2f586840782,pure_liquid,134.05229999989388,10.445800000070449,297.2447000001921,441.7428000001564,one shared preloaded model
syn-8e6fdab0a6c3725e,pure_liquid,129.81089999993856,10.192799999913404,206.2618999998449,346.26559999969686,one shared preloaded model
syn-a051cd7b90774b65,pure_liquid,125.70420000020022,10.11270000026343,208.15889999994397,343.9758000004076,one shared preloaded model
syn-8dd9bb044aef8373,pure_liquid,137.25130000011632,10.055700000066281,212.28699999983291,359.5940000000155,one shared preloaded model
syn-4a0c5e9fb3c5f452,pure_liquid,146.70739999974103,10.469499999999243,209.09190000020317,366.26879999994344,one shared preloaded model
syn-6ecb6a96dd58ce21,pure_liquid,124.49329999981273,10.33740000002581,143.1518999997934,277.98259999963193,one shared preloaded model
syn-cd8c14fbb5d2aa50,pure_liquid,123.70319999990897,10.059499999897525,144.09509999995862,277.8577999997651,one shared preloaded model
syn-91f78077aab669f7,pure_liquid,122.74120000029143,10.196799999903305,211.4889000004041,344.42690000059883,one shared preloaded model
syn-0675b95323d96302,pure_liquid,124.26870000035706,10.712700000112818,146.04719999988447,281.02860000035434,one shared preloaded model
syn-6702e74f7e74bc7e,pure_liquid,124.19569999974556,9.975099999792292,357.11369999989984,491.2844999994377,one shared preloaded model
syn-f7c180145dd15d58,pure_liquid,122.2448000003169,10.599500000353146,156.5173999997569,289.36170000042694,one shared preloaded model
syn-bfa37f70e211acb3,pure_liquid,120.23069999986546,10.687500000130967,209.13199999995413,340.05019999995056,one shared preloaded model
syn-72fb06c5db7e7688,pure_liquid,129.7389999999723,10.369600000103674,144.6952000001147,284.8038000001907,one shared preloaded model
syn-bd6afd910f7c8060,pure_liquid,133.48110000015367,10.22400000010748,143.52000000008047,287.2251000003416,one shared preloaded model
syn-b58bceeac6d2c7f2,pure_liquid,124.44019999975353,10.072999999920285,210.02869999983886,344.5418999995127,one shared preloaded model
syn-6f311295e68c30c3,pure_liquid,132.40429999996195,10.341100000005099,143.51590000023862,286.26130000020567,one shared preloaded model
syn-94fcfd250a3d999d,pure_liquid,126.07089999983145,9.418000000096072,109.43929999984903,244.92819999977655,one shared preloaded model
syn-ea5ca3dd21833898,pure_liquid,115.87199999985387,10.747600000286184,212.29810000022553,338.9177000003656,one shared preloaded model
syn-8dbf3541e1cd427d,pure_liquid,128.98900000027425,10.79810000010184,102.01740000002246,241.80450000039855,one shared preloaded model
syn-512337330db99dbd,pure_liquid,93.64890000006199,6.259600000248611,303.93299999968804,403.84149999999863,one shared preloaded model
syn-f4cbdd1ddbb73508,pure_liquid,137.93559999976424,10.080900000048132,504.72169999966354,652.7381999994759,one shared preloaded model
syn-5027fa3e13ee2780,pure_liquid,119.76759999970454,10.212700000010955,206.8666000000121,336.8468999997276,one shared preloaded model
syn-7903e67ff0040645,pure_liquid,116.9927999999345,10.20890000017971,203.55430000017805,330.75600000029226,one shared preloaded model
syn-e3e29e6f3d540e60,pure_liquid,136.1178000001928,10.524100000111503,143.87149999993198,290.5134000002363,one shared preloaded model
syn-f592d7eb6a9a74eb,pure_liquid,112.89919999990161,10.492999999769381,212.15959999972256,335.55179999939355,one shared preloaded model
syn-3e304f1428e01ee9,pure_liquid,112.28929999970205,6.960400000025402,126.28059999997276,245.53029999970022,one shared preloaded model
syn-3e2d2684f5f1817e,pure_liquid,124.1015000000516,10.296800000105577,136.1560999998801,270.5544000000373,one shared preloaded model
syn-ee201f37c7836edd,pure_liquid,120.32030000000304,10.39230000014868,208.38439999988623,339.09700000003795,one shared preloaded model
syn-becbf383d5d37cc5,pure_liquid,125.919900000099,10.988199999701465,704.2571000001772,841.1651999999776,one shared preloaded model
syn-7ef267959a6b6d86,pure_liquid,116.75530000002254,10.52849999996397,364.76089999996475,492.04469999995126,one shared preloaded model
syn-d16f8d798fa219b0,pure_liquid,118.97220000037123,9.959900000012567,142.7299000001767,271.6620000005605,one shared preloaded model
syn-7835428503cb6fb4,pure_liquid,127.75390000024345,10.540799999944284,203.30509999985225,341.59980000004,one shared preloaded model
syn-a5a1e97cc2cba655,pure_liquid,115.43260000007649,10.214200000064011,211.24980000013238,336.8966000002729,one shared preloaded model
syn-5802bb543a75be41,pure_liquid,130.21959999969113,10.209500000200933,143.5685999999805,283.99769999987257,one shared preloaded model
syn-8d3a2d16c003e4ac,pure_liquid,127.79090000003634,10.333300000183954,187.68190000037066,325.80610000059096,one shared preloaded model
syn-985161b3476e34fe,pure_liquid,128.4353999999439,9.829399999944144,143.83529999986422,282.1000999997523,one shared preloaded model
syn-008fc3d605b6ae5a,pure_liquid,131.62019999981567,9.874100000160979,86.62459999959538,228.11889999957202,one shared preloaded model
syn-c78ea9b9792f63e9,pure_liquid,125.86149999970075,10.629899999912595,207.89400000012392,344.3853999997373,one shared preloaded model
syn-3845e90a188beefb,pure_liquid,133.87839999995776,10.906599999998434,468.9508000001297,613.7358000000859,one shared preloaded model
syn-6da0bb0b934d669c,pure_liquid,124.41309999985606,10.071500000321976,207.4854000002233,341.97000000040134,one shared preloaded model
syn-f30a517e9808c882,pure_liquid,124.54090000028373,10.131300000011834,464.8445000002539,599.5167000005495,one shared preloaded model
syn-5c1471c7bfe2f898,pure_liquid,133.58740000012403,10.155199999644537,147.56209999995917,291.30469999972775,one shared preloaded model
syn-00db44c691deaee3,pure_liquid,126.29139999990002,10.443399999985559,208.01979999987452,344.7545999997601,one shared preloaded model
syn-a76e9323a1254df9,pure_liquid,94.59109999988868,7.937699999729375,143.99339999999938,246.52219999961744,one shared preloaded model
syn-9a65987affea55b6,pure_liquid,124.40870000000359,6.896399999732239,211.8430000000444,343.14809999978024,one shared preloaded model
syn-9acbd091afcb8c34,pure_liquid,129.98579999975846,10.16650000019581,146.77209999990737,286.92439999986163,one shared preloaded model
syn-719851393d2732ee,pure_liquid,126.68349999967177,10.964900000089983,141.34469999999055,278.9930999997523,one shared preloaded model
syn-2a809d876c92c9d2,pure_liquid,125.8389999998144,10.173100000429258,194.96129999970435,330.973399999948,one shared preloaded model
syn-5bf2eb1ea7e4ebc8,pure_liquid,127.0223999999871,10.538699999870005,434.36209999981656,571.9231999996737,one shared preloaded model
syn-4718999b83083e24,pure_liquid,135.67190000003393,10.736799999904179,121.45190000001094,267.86059999994905,one shared preloaded model
syn-3c22f12eed9abdd0,pure_liquid,128.13760000017282,10.764099999960308,298.79950000031386,437.701200000447,one shared preloaded model
syn-3c5ecbd6f3334d1e,pure_liquid,123.87540000008812,7.150299999921117,193.65079999988666,324.6764999998959,one shared preloaded model
syn-48000e7d7ca4fd84,pure_liquid,126.44849999969665,10.350799999741866,142.67470000004323,279.47399999948175,one shared preloaded model
syn-bce80a07414cd45f,pure_liquid,115.88439999968614,10.41350000014063,117.814300000191,244.11220000001776,one shared preloaded model
syn-d6b266bef7e25178,pure_liquid,126.66589999980715,10.243799999898329,144.54339999974763,281.4530999994531,one shared preloaded model
syn-adec87d884f2fefd,pure_liquid,126.20250000009037,10.147599999982049,144.12429999993037,280.4744000000028,one shared preloaded model
syn-154ce590411403cd,pure_liquid,126.93419999959588,10.320999999748892,142.65999999997803,279.9151999993228,one shared preloaded model
syn-1e6ca2fb64e605b5,pure_liquid,127.70659999978307,10.160299999824929,211.33640000016385,349.20329999977184,one shared preloaded model
syn-c4b61eb959693b2e,pure_liquid,106.37379999980112,7.399799999802781,209.99590000019452,323.7694999997984,one shared preloaded model
syn-b3734c70951abc06,pure_liquid,134.56260000020848,10.121799999978975,145.62039999964327,290.3047999998307,one shared preloaded model
syn-383e7da661f9e7eb,pure_liquid,129.63579999996,11.289000000033411,337.8744999999981,478.7992999999915,one shared preloaded model
syn-b1be563a2d43a449,pure_liquid,133.64369999999326,10.091099999954167,146.180700000059,289.91550000000643,one shared preloaded model
syn-4ba283389bada672,pure_liquid,114.64739999973972,10.108500000114873,144.04389999981504,268.79979999966963,one shared preloaded model
syn-3196d93fce9b1fa7,pure_liquid,128.21590000021388,10.517900000195368,190.50030000016704,329.2341000005763,one shared preloaded model
syn-c5c8deee08c6e2f3,pure_liquid,130.76839999985168,9.968500000013591,207.61020000009012,348.3470999999554,one shared preloaded model
syn-06c9dfe407ef270d,pure_liquid,133.94369999969058,10.070899999846006,141.1817000002884,285.196299999825,one shared preloaded model
syn-dbe103a137d3bb7e,pure_liquid,124.71380000033605,10.487300000022515,143.76249999986612,278.9636000002247,one shared preloaded model
syn-4106f32334ef11cd,pure_liquid,127.52929999987828,10.237699999834149,195.39549999990413,333.16249999961656,one shared preloaded model
syn-c14e485cc712123c,pure_liquid,131.814200000008,10.629299999891373,402.80040000016015,545.2439000000595,one shared preloaded model
syn-9c82d6bdd1dd0fe0,pure_liquid,129.5549999999821,10.196599999744649,311.3766999999825,451.12829999970927,one shared preloaded model
syn-da4109e38ce81128,pure_liquid,130.79060000018217,10.713899999700516,337.92650000032154,479.4310000002042,one shared preloaded model
syn-f080d21be0a55509,pure_liquid,137.99610000023677,10.241099999802827,145.201299999826,293.4384999998656,one shared preloaded model
syn-74a61d9919130878,pure_liquid,118.70030000000042,10.777699999835022,207.54930000020977,337.0273000000452,one shared preloaded model
syn-d14a24f9163ebafc,pure_liquid,138.84839999991527,10.411700000076962,211.9615999999951,361.2216999999873,one shared preloaded model
syn-f781ebd0f5685338,pure_liquid,143.39969999991808,11.731699999927514,214.31209999991552,369.4434999997611,one shared preloaded model
syn-1554cd91756cb68d,pure_liquid,134.40750000017943,10.220900000149413,143.9777000000504,288.60610000037923,one shared preloaded model
syn-d6fc58d852a76c9c,pure_liquid,128.08329999961643,10.481799999979557,146.2557999998353,284.8208999994313,one shared preloaded model
syn-e017f3136ca915d4,pure_liquid,122.94740000015736,10.610300000280404,205.9713999997257,339.52910000016345,one shared preloaded model
syn-2cc74c2e5d017028,pure_liquid,130.55690000010145,11.160400000335358,528.1510999998318,669.8684000002686,one shared preloaded model
syn-bf526f9585e60646,pure_liquid,131.00810000014462,9.972500000003492,320.43079999994006,461.4114000000882,one shared preloaded model
syn-740165027b9d503d,pure_liquid,122.26349999991726,10.373300000082963,336.3961999998537,469.0329999998539,one shared preloaded model
syn-5b72af20c54e0abc,pure_liquid,126.656500000081,10.807399999976042,142.55140000022948,280.0153000002865,one shared preloaded model
syn-a1050d68f9529716,pure_liquid,126.07560000014928,10.180100000070524,143.8148000002002,280.07050000042,one shared preloaded model
syn-f4caab0fb54bd864,pure_liquid,128.62840000025244,10.041200000159733,207.10390000022016,345.77350000063234,one shared preloaded model
syn-43febe3ecf1beeba,pure_liquid,116.80420000038794,10.08910000018659,207.08400000012261,333.97730000069714,one shared preloaded model
syn-7a919584b12c9ef7,pure_liquid,124.85460000016246,10.090000000218424,141.49959999986095,276.44420000024184,one shared preloaded model
syn-8bf21e8a6dbbb9c4,pure_liquid,119.69479999970645,10.419899999760673,140.5405000000428,270.65519999950993,one shared preloaded model
syn-0741ccf395291474,pure_liquid,125.52849999974569,10.038699999768141,206.1476999997467,341.7148999992605,one shared preloaded model
syn-8d4448509c1530dd,pure_liquid,130.99719999991066,10.98180000008142,131.45459999986997,273.43359999986205,one shared preloaded model
syn-4522f9c08f21af52,pure_liquid,103.46540000000459,10.494399999970483,322.61319999997795,436.572999999953,one shared preloaded model
syn-11de678fc3a19f84,pure_liquid,105.79619999998613,10.370100000272942,323.3447000002343,439.51100000049337,one shared preloaded model
syn-93346ac6ae1bf8c8,lexical_only,46.55330000014146,8.10959999989791,466.71250000008513,521.3754000001245,one shared preloaded model
syn-6cc65eedbc5a69c8,lexical_only,49.32250000001659,8.010600000034174,466.0377000000153,523.3708000000661,one shared preloaded model
syn-c9adeb4320ae998b,lexical_only,42.645400000310474,8.040199999868491,540.8930000003238,591.5786000005028,one shared preloaded model
syn-c6ec8b0f3995c370,lexical_only,45.32949999975244,8.244999999988067,450.5304000003889,504.1049000001294,one shared preloaded model
syn-32300e05d5bb7bfe,lexical_only,42.26349999999002,8.069499999692198,320.8084999996572,371.14149999933943,one shared preloaded model
syn-f77741cdf4aa8b29,lexical_only,42.778500000167696,8.182200000192097,433.24230000007447,484.20300000043426,one shared preloaded model
syn-0ba97b528a6632a5,lexical_only,46.16740000028585,8.24030000012499,345.45729999990726,399.8650000003181,one shared preloaded model
syn-5b6767bdf182bae8,lexical_only,45.05380000000514,8.837800000037532,461.2731000001986,515.1647000002413,one shared preloaded model
syn-f960e56d6586ec00,lexical_only,48.01939999970273,8.417200000167213,873.7436999999773,930.1802999998472,one shared preloaded model
syn-93bdb2f586840782,lexical_only,49.31380000016361,8.21479999967778,486.0219000001962,543.5505000000376,one shared preloaded model
syn-8e6fdab0a6c3725e,lexical_only,42.500900000050024,8.128500000111671,401.6657000001942,452.2951000003559,one shared preloaded model
syn-a051cd7b90774b65,lexical_only,44.611299999814946,7.990999999947235,499.3339999996351,551.9362999993973,one shared preloaded model
syn-8dd9bb044aef8373,lexical_only,43.76510000020062,7.9399999999623105,441.02810000003956,492.7332000002025,one shared preloaded model
syn-4a0c5e9fb3c5f452,lexical_only,43.51360000009663,8.383400000184338,529.8730999998043,581.7701000000852,one shared preloaded model
syn-6ecb6a96dd58ce21,lexical_only,46.69220000005225,7.8377999998338055,377.06170000001293,431.591699999899,one shared preloaded model
syn-cd8c14fbb5d2aa50,lexical_only,45.27619999998933,8.654400000068563,504.20219999978144,558.1327999998393,one shared preloaded model
syn-91f78077aab669f7,lexical_only,41.728300000158924,7.9594999997425475,205.33999999997832,255.0277999998798,one shared preloaded model
syn-0675b95323d96302,lexical_only,41.49420000021564,8.428299999650335,420.8043000003272,470.7268000001932,one shared preloaded model
syn-6702e74f7e74bc7e,lexical_only,44.47549999986222,7.8637999999955355,703.1116000002839,755.4509000001417,one shared preloaded model
syn-f7c180145dd15d58,lexical_only,44.6526000000631,5.640699999730714,425.14870000013616,475.44199999993,one shared preloaded model
syn-bfa37f70e211acb3,lexical_only,42.64939999984563,7.77200000038647,431.10539999997854,481.52680000021064,one shared preloaded model
syn-72fb06c5db7e7688,lexical_only,44.828399999914836,8.013000000119064,539.2191999999341,592.060599999968,one shared preloaded model
syn-bd6afd910f7c8060,lexical_only,44.4974000001821,8.049999999911961,449.787699999888,502.33509999998205,one shared preloaded model
syn-b58bceeac6d2c7f2,lexical_only,40.607099999760976,4.8541999999542895,500.5823999999848,546.0436999997,one shared preloaded model
syn-6f311295e68c30c3,lexical_only,42.18589999982214,6.786100000226725,268.8210999999683,317.79310000001715,one shared preloaded model
syn-94fcfd250a3d999d,lexical_only,42.10319999992862,8.090700000138895,426.09660000016447,476.290500000232,one shared preloaded model
syn-ea5ca3dd21833898,lexical_only,45.352200000252196,8.499500000198168,208.96189999984927,262.81360000029963,one shared preloaded model
syn-8dbf3541e1cd427d,lexical_only,42.34469999983048,8.877899999788497,847.5967000003948,898.8193000000138,one shared preloaded model
syn-512337330db99dbd,lexical_only,43.18239999975049,8.210200000121404,703.1692000000476,754.5617999999195,one shared preloaded model
syn-f4cbdd1ddbb73508,lexical_only,43.85890000003201,7.9371000001629,468.9241999999467,520.7202000001416,one shared preloaded model
syn-5027fa3e13ee2780,lexical_only,44.82899999993606,7.951200000206882,533.9017000001149,586.6819000002579,one shared preloaded model
syn-7903e67ff0040645,lexical_only,39.38560000005964,4.720299999917188,409.74069999992935,453.8465999999062,one shared preloaded model
syn-e3e29e6f3d540e60,lexical_only,43.6586000000716,6.6698999999061925,355.77880000028017,406.10730000025796,one shared preloaded model
syn-f592d7eb6a9a74eb,lexical_only,40.79010000032213,3.847399999813206,308.70189999996,353.33940000009534,one shared preloaded model
syn-3e304f1428e01ee9,lexical_only,36.225500000000466,4.66950000009092,267.50059999994846,308.39560000003985,one shared preloaded model
syn-3e2d2684f5f1817e,lexical_only,27.612800000042625,4.59580000006099,360.63089999970543,392.83949999980905,one shared preloaded model
syn-ee201f37c7836edd,lexical_only,31.924300000355288,4.635299999790732,270.43749999984357,306.9970999999896,one shared preloaded model
syn-becbf383d5d37cc5,lexical_only,45.69450000008146,7.912499999747524,367.01339999990523,420.6203999997342,one shared preloaded model
syn-7ef267959a6b6d86,lexical_only,39.34590000017124,8.300599999984115,1297.7437999998074,1345.3902999999627,one shared preloaded model
syn-d16f8d798fa219b0,lexical_only,39.12900000023001,7.666299999982584,342.0616999997037,388.8569999999163,one shared preloaded model
syn-7835428503cb6fb4,lexical_only,38.52489999962927,7.278300000052695,318.217999999888,364.02119999956994,one shared preloaded model
syn-a5a1e97cc2cba655,lexical_only,35.934500000166736,8.073999999851367,384.02610000002824,428.03460000004634,one shared preloaded model
syn-5802bb543a75be41,lexical_only,38.66840000000593,8.057000000007974,371.46579999989626,418.19119999991017,one shared preloaded model
syn-8d3a2d16c003e4ac,lexical_only,42.18029999992723,7.828900000276917,336.03339999990567,386.0426000001098,one shared preloaded model
syn-985161b3476e34fe,lexical_only,38.9935999996851,8.835699999963254,262.2397000000092,310.06899999965754,one shared preloaded model
syn-008fc3d605b6ae5a,lexical_only,42.10460000012972,8.39510000014343,364.3522000002122,414.85190000048533,one shared preloaded model
syn-c78ea9b9792f63e9,lexical_only,40.88529999989987,8.578099999795086,196.4324000000488,245.89579999974376,one shared preloaded model
syn-3845e90a188beefb,lexical_only,52.08779999975377,7.022300000244286,379.11350000013044,438.2236000001285,one shared preloaded model
syn-6da0bb0b934d669c,lexical_only,41.16490000023987,8.1583999999566,606.7168999998103,656.0402000000067,one shared preloaded model
syn-f30a517e9808c882,lexical_only,39.61459999982253,5.768299999999726,405.2331000002596,450.61600000008184,one shared preloaded model
syn-5c1471c7bfe2f898,lexical_only,36.59730000026684,8.306000000175118,345.6365000001824,390.5398000006244,one shared preloaded model
syn-00db44c691deaee3,lexical_only,39.75810000019919,7.952800000111893,327.4447999997392,375.1557000000503,one shared preloaded model
syn-a76e9323a1254df9,lexical_only,26.089299999966897,4.550099999960366,362.0366999998623,392.6760999997896,one shared preloaded model
syn-9a65987affea55b6,lexical_only,39.66480000008232,8.066500000040833,343.0800000001,390.8113000002231,one shared preloaded model
syn-9acbd091afcb8c34,lexical_only,39.98090000004595,8.084000000053493,267.86319999973784,315.9280999998373,one shared preloaded model
syn-719851393d2732ee,lexical_only,37.5079000000369,7.8273999997691135,414.21700000000783,459.55229999981384,one shared preloaded model
syn-2a809d876c92c9d2,lexical_only,37.2575000001234,8.003899999948771,167.8406000000905,213.10200000016266,one shared preloaded model
syn-5bf2eb1ea7e4ebc8,lexical_only,43.753599999945436,8.784599999671627,386.54029999997874,439.0784999995958,one shared preloaded model
syn-4718999b83083e24,lexical_only,36.238500000308704,6.624699999974837,536.1643000001095,579.027500000393,one shared preloaded model
syn-3c22f12eed9abdd0,lexical_only,35.54050000002462,7.974099999955797,311.7489999999634,355.26359999994384,one shared preloaded model
syn-3c5ecbd6f3334d1e,lexical_only,30.853900000238355,3.7774000002173125,339.73580000019865,374.3671000006543,one shared preloaded model
syn-48000e7d7ca4fd84,lexical_only,33.25410000024931,4.260400000021036,364.31020000009084,401.8247000003612,one shared preloaded model
syn-bce80a07414cd45f,lexical_only,36.36060000008001,9.453099999973347,293.4667999998055,339.2804999998589,one shared preloaded model
syn-d6b266bef7e25178,lexical_only,32.72629999992205,4.509799999595998,370.32890000000407,407.5649999995221,one shared preloaded model
syn-adec87d884f2fefd,lexical_only,39.93879999961791,8.19359999968583,281.5153999999893,329.64779999929306,one shared preloaded model
syn-154ce590411403cd,lexical_only,36.601600000267354,4.7158000002127665,318.2745999997678,359.59200000024794,one shared preloaded model
syn-1e6ca2fb64e605b5,lexical_only,42.78689999955532,7.6367000001482666,170.63039999993634,221.05399999963993,one shared preloaded model
syn-c4b61eb959693b2e,lexical_only,43.266599999697064,9.02089999999589,327.82700000007026,380.1144999997632,one shared preloaded model
syn-b3734c70951abc06,lexical_only,40.16480000018419,5.77290000001085,616.2123999997675,662.1500999999625,one shared preloaded model
syn-383e7da661f9e7eb,lexical_only,42.246500000146625,8.618099999694095,346.94160000026386,397.8062000001046,one shared preloaded model
syn-b1be563a2d43a449,lexical_only,34.530399999766814,8.147400000325433,335.87249999982305,378.5502999999153,one shared preloaded model
syn-4ba283389bada672,lexical_only,41.00490000018908,7.784399999763991,360.8518000000913,409.6411000000444,one shared preloaded model
syn-3196d93fce9b1fa7,lexical_only,38.4647999999288,4.237500000272121,387.59040000013556,430.2927000003365,one shared preloaded model
syn-c5c8deee08c6e2f3,lexical_only,40.37689999995564,5.149399999936577,346.4328000000023,391.95909999989453,one shared preloaded model
syn-06c9dfe407ef270d,lexical_only,36.64049999997587,7.488599999760481,255.79549999974915,299.9245999994855,one shared preloaded model
syn-dbe103a137d3bb7e,lexical_only,42.181799999980285,8.117000000311236,366.8681999997716,417.1670000000631,one shared preloaded model
syn-4106f32334ef11cd,lexical_only,40.68430000006629,8.491999999932887,209.86330000005182,259.039600000051,one shared preloaded model
syn-c14e485cc712123c,lexical_only,44.938900000033755,8.850400000028458,438.00720000035653,491.79650000041875,one shared preloaded model
syn-9c82d6bdd1dd0fe0,lexical_only,43.32270000031713,7.939900000110356,769.2159000002903,820.4785000007178,one shared preloaded model
syn-da4109e38ce81128,lexical_only,45.21489999979167,8.081500000116648,448.0556999997134,501.3520999996217,one shared preloaded model
syn-f080d21be0a55509,lexical_only,42.29249999980311,8.081200000106037,427.6691000000028,478.04279999991195,one shared preloaded model
syn-74a61d9919130878,lexical_only,43.02869999992254,4.43730000006326,383.0414999997629,430.5074999997487,one shared preloaded model
syn-d14a24f9163ebafc,lexical_only,46.117299999878014,6.155600000056438,438.83809999988443,491.1109999998189,one shared preloaded model
syn-f781ebd0f5685338,lexical_only,41.29620000003342,8.119600000100036,532.3356000003514,581.7514000004849,one shared preloaded model
syn-1554cd91756cb68d,lexical_only,44.308100000307604,8.024200000363635,387.4470000000656,439.77930000073684,one shared preloaded model
syn-d6fc58d852a76c9c,lexical_only,43.399500000305125,8.147599999574595,490.4919999999038,542.0390999997835,one shared preloaded model
syn-e017f3136ca915d4,lexical_only,46.38120000026902,7.709399999839661,210.8155999999326,264.9062000000413,one shared preloaded model
syn-2cc74c2e5d017028,lexical_only,47.351899999739544,9.914099999605241,386.96770000024117,444.23369999958595,one shared preloaded model
syn-bf526f9585e60646,lexical_only,41.14590000017415,5.256100000224251,590.4276000001119,636.8296000005103,one shared preloaded model
syn-740165027b9d503d,lexical_only,39.834000000155356,8.693399999629037,374.0462999999181,422.5736999997025,one shared preloaded model
syn-5b72af20c54e0abc,lexical_only,44.63600000008228,9.095900000374968,366.7025999998259,420.43450000028315,one shared preloaded model
syn-a1050d68f9529716,lexical_only,31.516199999714445,4.304200000206038,317.96459999986837,353.78499999978885,one shared preloaded model
syn-f4caab0fb54bd864,lexical_only,36.42649999983405,7.72350000033839,331.5332000001945,375.6832000003669,one shared preloaded model
syn-43febe3ecf1beeba,lexical_only,43.11839999991207,8.131800000228395,357.18259999976,408.43279999990045,one shared preloaded model
syn-7a919584b12c9ef7,lexical_only,40.102200000092125,5.148600000211445,253.5539999998946,298.80480000019816,one shared preloaded model
syn-8bf21e8a6dbbb9c4,lexical_only,41.01260000015827,8.030699999835633,379.5988000001671,428.642100000161,one shared preloaded model
syn-0741ccf395291474,lexical_only,43.57449999997698,8.432299999640236,178.35199999990436,230.35879999952158,one shared preloaded model
syn-8d4448509c1530dd,lexical_only,40.798500000164495,8.934700000281737,362.53260000012233,412.26580000056856,one shared preloaded model
syn-4522f9c08f21af52,lexical_only,41.12990000021455,5.128300000251329,544.3571999999222,590.615400000388,one shared preloaded model
syn-11de678fc3a19f84,lexical_only,31.152599999586528,4.767500000070868,316.3113999999041,352.2314999995615,one shared preloaded model
syn-93346ac6ae1bf8c8,lalm,123.66019999990385,6.8608000001404434,360.849799999869,491.3707999999133,one shared preloaded model
syn-6cc65eedbc5a69c8,lalm,110.9839999999167,7.375000000138243,351.8588000001728,470.2178000002277,one shared preloaded model
syn-c9adeb4320ae998b,lalm,108.83269999976619,10.492100000192295,332.5393999998596,451.8641999998181,one shared preloaded model
syn-c6ec8b0f3995c370,lalm,116.76290000013978,10.275299999648269,357.11140000012165,484.1495999999097,one shared preloaded model
syn-32300e05d5bb7bfe,lalm,86.36000000024069,6.880700000237994,262.5641999998152,355.80490000029386,one shared preloaded model
syn-f77741cdf4aa8b29,lalm,121.29120000008697,9.606999999959953,350.6673000001683,481.56550000021525,one shared preloaded model
syn-0ba97b528a6632a5,lalm,111.72279999982493,6.763200000023062,196.4680999999473,314.9540999997953,one shared preloaded model
syn-5b6767bdf182bae8,lalm,98.77659999983734,7.138399999803369,353.7141000001611,459.62909999980184,one shared preloaded model
syn-f960e56d6586ec00,lalm,86.6065999998682,10.155899999972462,620.5625000002328,717.3250000000735,one shared preloaded model
syn-93bdb2f586840782,lalm,109.39860000007684,10.13199999988501,354.5568999998068,474.0874999997686,one shared preloaded model
syn-8e6fdab0a6c3725e,lalm,104.0354000001571,9.945299999799317,311.6480999997293,425.6287999996857,one shared preloaded model
syn-a051cd7b90774b65,lalm,90.31460000005609,6.737599999723898,343.0897999996887,440.1419999994687,one shared preloaded model
syn-8dd9bb044aef8373,lalm,109.55319999993662,6.72789999998713,342.065900000307,458.34700000023076,one shared preloaded model
syn-4a0c5e9fb3c5f452,lalm,119.47109999982786,6.876599999941391,374.5421000003262,500.8898000000954,one shared preloaded model
syn-6ecb6a96dd58ce21,lalm,129.0092999997796,10.515799999666342,257.67050000013114,397.1955999995771,one shared preloaded model
syn-cd8c14fbb5d2aa50,lalm,91.82909999981348,6.89139999985855,354.3847000000824,453.1051999997544,one shared preloaded model
syn-91f78077aab669f7,lalm,107.13329999998678,7.019399999990128,212.11350000021412,326.266200000191,one shared preloaded model
syn-0675b95323d96302,lalm,115.73349999980564,11.088799999924959,617.8675000001022,744.6897999998328,one shared preloaded model
syn-6702e74f7e74bc7e,lalm,101.21079999998983,10.246400000141875,719.5343000003049,830.9915000004366,one shared preloaded model
syn-f7c180145dd15d58,lalm,121.03160000015123,10.279199999786215,419.83239999990474,551.1431999998422,one shared preloaded model
syn-bfa37f70e211acb3,lalm,131.10110000025088,8.43380000014804,404.75389999983236,544.2888000002313,one shared preloaded model
syn-72fb06c5db7e7688,lalm,130.8497999998508,10.320899999896938,467.57190000016635,608.7425999999141,one shared preloaded model
syn-bd6afd910f7c8060,lalm,129.01460000011866,10.025399999904039,515.8830999998827,654.9230999999054,one shared preloaded model
syn-b58bceeac6d2c7f2,lalm,122.7708999999777,10.285099999691738,432.919899999888,565.9758999995574,one shared preloaded model
syn-6f311295e68c30c3,lalm,119.98240000002625,10.168599999815342,352.6825999997527,482.8335999995943,one shared preloaded model
syn-94fcfd250a3d999d,lalm,105.74600000018108,10.226600000351027,377.4777999997241,493.4504000002562,one shared preloaded model
syn-ea5ca3dd21833898,lalm,128.9788000003682,10.15319999987696,207.38189999974566,346.5138999999908,one shared preloaded model
syn-8dbf3541e1cd427d,lalm,129.2106999999305,11.859800000365794,671.2223999998059,812.2929000001022,one shared preloaded model
syn-512337330db99dbd,lalm,123.16059999966456,5.904399999963061,619.2815999997947,748.3465999994223,one shared preloaded model
syn-f4cbdd1ddbb73508,lalm,103.03650000014386,7.624799999575771,335.8038999999735,446.46519999969314,one shared preloaded model
syn-5027fa3e13ee2780,lalm,139.75110000001223,10.803600000144797,366.23080000026675,516.7855000004238,one shared preloaded model
syn-7903e67ff0040645,lalm,123.87600000010934,10.420600000088598,364.76459999994404,499.061200000142,one shared preloaded model
syn-e3e29e6f3d540e60,lalm,84.91640000011103,6.37719999986075,363.4406000001036,454.73420000007536,one shared preloaded model
syn-f592d7eb6a9a74eb,lalm,86.18569999998726,8.683200000177749,339.1606000000138,434.0295000001788,one shared preloaded model
syn-3e304f1428e01ee9,lalm,121.1209000002782,5.924300000060612,260.77929999974003,387.82450000007884,one shared preloaded model
syn-3e2d2684f5f1817e,lalm,118.63510000011956,10.284500000125263,383.5223999999471,512.4420000001919,one shared preloaded model
syn-ee201f37c7836edd,lalm,116.12190000005285,10.178500000165513,214.22320000010586,340.5236000003242,one shared preloaded model
syn-becbf383d5d37cc5,lalm,104.00690000005852,7.220500000130414,419.80999999987034,531.0374000000593,one shared preloaded model
syn-7ef267959a6b6d86,lalm,100.30890000007275,8.778099999744882,369.9514999998428,479.0384999996604,one shared preloaded model
syn-d16f8d798fa219b0,lalm,113.9048999998522,10.608999999931257,346.18140000020503,470.6952999999885,one shared preloaded model
syn-7835428503cb6fb4,lalm,116.16890000004787,6.672099999832426,347.6626000001488,470.5036000000291,one shared preloaded model
syn-a5a1e97cc2cba655,lalm,110.3530000000319,10.020800000347663,368.7654999998813,489.13930000026085,one shared preloaded model
syn-5802bb543a75be41,lalm,118.85980000033669,10.800399999880028,357.5353000001087,487.1955000003254,one shared preloaded model
syn-8d3a2d16c003e4ac,lalm,81.8398999999772,10.558299999956944,334.48360000011235,426.8818000000465,one shared preloaded model
syn-985161b3476e34fe,lalm,114.75229999996372,6.429199999729462,257.5398000003588,378.721300000052,one shared preloaded model
syn-008fc3d605b6ae5a,lalm,110.4563999997481,10.761799999727373,349.4959999998173,470.71419999929276,one shared preloaded model
syn-c78ea9b9792f63e9,lalm,110.0335000000996,6.96139999990919,157.6538000003893,274.6487000003981,one shared preloaded model
syn-3845e90a188beefb,lalm,98.27960000029634,10.718399999859685,378.6987999997109,487.6967999998669,one shared preloaded model
syn-6da0bb0b934d669c,lalm,124.57649999987552,5.802099999982602,635.3155000001607,765.6941000000188,one shared preloaded model
syn-f30a517e9808c882,lalm,106.61009999967064,10.295099999893864,397.9988000000958,514.9039999996603,one shared preloaded model
syn-5c1471c7bfe2f898,lalm,129.9695999996402,10.22110000030807,344.72379999988334,484.9144999998316,one shared preloaded model
syn-00db44c691deaee3,lalm,93.85340000017095,6.66510000019116,328.8065000001552,429.3250000005173,one shared preloaded model
syn-a76e9323a1254df9,lalm,116.91879999989396,6.8422999997892475,371.7546000002585,495.5156999999417,one shared preloaded model
syn-9a65987affea55b6,lalm,87.95809999992343,10.415899999770772,338.00509999991846,436.37909999961266,one shared preloaded model
syn-9acbd091afcb8c34,lalm,121.42100000028222,6.7931999997199455,275.7910999998785,404.00529999988066,one shared preloaded model
syn-719851393d2732ee,lalm,123.3116000003065,6.174499999815453,337.61779999986175,467.1038999999837,one shared preloaded model
syn-2a809d876c92c9d2,lalm,122.50820000008389,7.719499999893742,139.07380000000558,269.3014999999832,one shared preloaded model
syn-5bf2eb1ea7e4ebc8,lalm,97.34729999991032,7.202700000107143,385.37459999997736,489.9245999999948,one shared preloaded model
syn-4718999b83083e24,lalm,94.0944999997555,6.869800000004034,552.7805000001536,653.7447999999131,one shared preloaded model
syn-3c22f12eed9abdd0,lalm,99.0406000000803,10.1767999999538,352.14659999974174,461.36399999977584,one shared preloaded model
syn-3c5ecbd6f3334d1e,lalm,95.68209999997634,5.716800000300282,353.8597000001573,455.25860000043394,one shared preloaded model
syn-48000e7d7ca4fd84,lalm,115.41749999969397,10.376199999882374,383.6808999999448,509.47459999952116,one shared preloaded model
syn-bce80a07414cd45f,lalm,96.32529999998951,9.352300000045943,336.7132999997011,442.3908999997366,one shared preloaded model
syn-d6b266bef7e25178,lalm,117.53540000017892,10.357399999975314,384.4733000000815,512.3661000002357,one shared preloaded model
syn-adec87d884f2fefd,lalm,118.3296999997765,6.11590000016804,248.7850000002254,373.23060000016994,one shared preloaded model
syn-154ce590411403cd,lalm,106.57300000002579,7.21369999973831,327.6918999999907,441.4785999997548,one shared preloaded model
syn-1e6ca2fb64e605b5,lalm,86.21650000031877,6.562399999893387,131.253900000047,224.03280000025916,one shared preloaded model
syn-c4b61eb959693b2e,lalm,108.36089999975229,7.344499999817344,334.57339999995384,450.27879999952347,one shared preloaded model
syn-b3734c70951abc06,lalm,118.26890000020285,6.427600000279199,380.07500000003347,504.7715000005155,one shared preloaded model
syn-383e7da661f9e7eb,lalm,98.41899999992165,7.149200000185374,373.9200999998502,479.48829999995723,one shared preloaded model
syn-b1be563a2d43a449,lalm,96.51279999980034,6.836200000179815,346.27599999976155,449.6249999997417,one shared preloaded model
syn-4ba283389bada672,lalm,87.5184999999874,7.995299999947747,368.6819999998079,464.19579999974303,one shared preloaded model
syn-3196d93fce9b1fa7,lalm,106.49150000017471,5.93750000007276,361.5308000003097,473.95980000055715,one shared preloaded model
syn-c5c8deee08c6e2f3,lalm,123.65330000011454,9.625099999993836,361.2740999997186,494.552499999827,one shared preloaded model
syn-06c9dfe407ef270d,lalm,122.24079999987225,10.573999999905936,257.12639999983367,389.94119999961185,one shared preloaded model
syn-dbe103a137d3bb7e,lalm,126.41709999979867,7.123400000182301,354.6809999998004,488.2214999997814,one shared preloaded model
syn-4106f32334ef11cd,lalm,129.53079999988404,11.227799999687704,217.110799999773,357.86939999934475,one shared preloaded model
syn-c14e485cc712123c,lalm,134.97980000011012,11.047399999824847,523.7842999999884,669.8114999999234,one shared preloaded model
syn-9c82d6bdd1dd0fe0,lalm,135.0508999998965,10.535800000070594,855.3200000001198,1000.9067000000869,one shared preloaded model
syn-da4109e38ce81128,lalm,131.54200000008132,10.398500000064814,443.25430000026245,585.1948000004086,one shared preloaded model
syn-f080d21be0a55509,lalm,89.00690000018585,7.672700000057375,503.2582000003458,599.937800000589,one shared preloaded model
syn-74a61d9919130878,lalm,127.2078000001784,10.875200000100449,325.8109999997032,463.89399999998204,one shared preloaded model
syn-d14a24f9163ebafc,lalm,123.77499999956854,10.467000000062399,342.00190000001385,476.2438999996448,one shared preloaded model
syn-f781ebd0f5685338,lalm,114.86839999997756,10.38909999988391,357.34240000010686,482.59989999996833,one shared preloaded model
syn-1554cd91756cb68d,lalm,107.73340000014286,6.987900000240188,268.0454000001191,382.76670000050217,one shared preloaded model
syn-d6fc58d852a76c9c,lalm,89.8922000001221,6.853299999875162,370.04490000026635,466.7904000002636,one shared preloaded model
syn-e017f3136ca915d4,lalm,112.39219999970373,6.648800000220945,186.79119999978866,305.83219999971334,one shared preloaded model
syn-2cc74c2e5d017028,lalm,111.75749999983964,10.213399999884132,363.7344999997367,485.7053999994605,one shared preloaded model
syn-bf526f9585e60646,lalm,107.6269999998658,6.022299999585812,576.1123000002044,689.761599999656,one shared preloaded model
syn-740165027b9d503d,lalm,114.09530000037194,6.700699999782955,357.39669999975376,478.19269999990865,one shared preloaded model
syn-5b72af20c54e0abc,lalm,124.70660000008138,6.646600000294711,380.11469999992187,511.46790000029796,one shared preloaded model
syn-a1050d68f9529716,lalm,110.65729999972973,9.950799999842275,347.2558999997091,467.8639999992811,one shared preloaded model
syn-f4caab0fb54bd864,lalm,110.92250000001513,10.266699999647244,315.50789999982953,436.6970999994919,one shared preloaded model
syn-43febe3ecf1beeba,lalm,117.26069999986066,7.389399999738089,382.87439999976414,507.5244999993629,one shared preloaded model
syn-7a919584b12c9ef7,lalm,84.2054999998254,6.815899999764952,281.5593999998782,372.5807999994686,one shared preloaded model
syn-8bf21e8a6dbbb9c4,lalm,99.0034999999807,10.223799999948824,840.4516000000513,949.6788999999808,one shared preloaded model
syn-0741ccf395291474,lalm,118.65929999976288,10.297599999830709,152.80609999990702,281.7629999995006,one shared preloaded model
syn-8d4448509c1530dd,lalm,132.2503000001234,11.099000000285741,457.11660000006304,600.4659000004722,one shared preloaded model
syn-4522f9c08f21af52,lalm,129.17230000039126,7.1031000002221845,570.2618999998776,706.5373000004911,one shared preloaded model
syn-11de678fc3a19f84,lalm,117.19070000026477,10.335800000120798,401.78500000001804,529.3115000004036,one shared preloaded model
syn-3184ea61e2fb7be9,vanilla,0.11199999971722718,0.0005999995664751623,238.25059999990117,238.36319999918487,one shared preloaded model
syn-22c6bdb8ffe26a7f,vanilla,0.11319999975967221,0.000999999883788405,277.2761000001083,277.39029999975173,one shared preloaded model
syn-ec419e05cac2296e,vanilla,0.10830000019268482,0.0006999998731771484,298.72940000041126,298.8384000004771,one shared preloaded model
syn-80a72186d517f2ce,vanilla,0.11170000016136328,0.0005000001692678779,287.71180000012464,287.82400000045527,one shared preloaded model
syn-7db076690fbc3753,vanilla,0.1542999998491723,0.0009000000318337698,205.1750999999058,205.3302999997868,one shared preloaded model
syn-04a768a7813e522b,vanilla,0.15339999981733854,0.0006999998731771484,200.8074000000306,200.96149999972113,one shared preloaded model
syn-76f7994cfddf43bb,vanilla,0.13199999966673204,0.0006000000212225132,207.80930000000808,207.94189999969603,one shared preloaded model
syn-18a651e195af657c,vanilla,0.12489999971876387,0.0008000001798791345,196.71480000033625,196.8405000002349,one shared preloaded model
syn-3e2f52a74189847d,vanilla,0.12079999987690826,0.000999999883788405,201.40840000021853,201.53019999997923,one shared preloaded model
syn-a5981936e888b05d,vanilla,0.14239999973142403,0.0006999998731771484,206.65280000002895,206.79589999963355,one shared preloaded model
syn-cdd75cfda183e3b2,vanilla,0.13420000004771282,0.0008000001798791345,189.53749999991487,189.67250000014246,one shared preloaded model
syn-592bb98743185e43,vanilla,0.13170000011086813,0.0005000001692678779,193.61449999996694,193.74670000024707,one shared preloaded model
syn-98811d5848d73e76,vanilla,0.13339999986783369,0.0006999998731771484,189.08830000009402,189.22239999983503,one shared preloaded model
syn-acef4da3595c399d,vanilla,0.1281999998354877,0.0006000000212225132,198.28980000011143,198.41859999996814,one shared preloaded model
syn-f6efac4f91d8625b,vanilla,0.11970000014116522,0.0009000000318337698,196.1421999999402,196.2628000001132,one shared preloaded model
syn-0d63be0511ae5af9,vanilla,0.1492000001235283,0.0006999998731771484,193.4581000000435,193.6080000000402,one shared preloaded model
syn-4663fa4ba1d66dee,vanilla,0.12960000003658934,0.0006000000212225132,195.65170000032595,195.78190000038376,one shared preloaded model
syn-51d4379cbad4bab3,vanilla,0.13140000010025688,0.000499999714520527,196.17999999991298,196.31189999972776,one shared preloaded model
syn-ab5d724962094030,vanilla,0.12320000041654566,0.0008000001798791345,195.19820000004984,195.32220000064626,one shared preloaded model
syn-6d56455bd742c9f8,vanilla,0.1283999999941443,0.0008000001798791345,206.53730000003634,206.66650000021036,one shared preloaded model
syn-7fef08d29afa3a32,vanilla,0.15080000002853922,0.0007000003279244993,196.39890000007654,196.550400000433,one shared preloaded model
syn-be109c50a482e72f,vanilla,0.13119999994160025,0.0007000003279244993,194.25529999989521,194.38720000016474,one shared preloaded model
syn-17f827c7f86b0146,vanilla,0.12860000015280093,0.0006999998731771484,204.85770000004777,204.98700000007375,one shared preloaded model
syn-b17a40315c45de0f,vanilla,0.125699999898643,0.0009000000318337698,198.96520000020246,199.09180000013293,one shared preloaded model
syn-30e35446c0c83631,vanilla,0.11989999984507449,0.0007000003279244993,197.17239999999947,197.29300000017247,one shared preloaded model
syn-6f6424e1ba6b156c,vanilla,0.13839999974152306,0.0006999998731771484,204.20839999997042,204.34749999958512,one shared preloaded model
syn-3492c7511ac8001e,vanilla,0.1314999999522115,0.0007000003279244993,196.47820000000138,196.61040000028152,one shared preloaded model
syn-b38d7ec05bd4b7c1,vanilla,0.1235999998243642,0.0006999998731771484,202.5088999998843,202.63319999958185,one shared preloaded model
syn-65836902c8c4fb31,vanilla,0.12620000006791088,0.0006999998731771484,201.26829999981055,201.39519999975164,one shared preloaded model
syn-cf3b05abc57c5b5d,vanilla,0.13190000026952475,0.0006999998731771484,199.99600000028295,200.12860000042565,one shared preloaded model
syn-3ed4626a735594c5,vanilla,0.12730000025840127,0.0009000000318337698,197.69899999982954,197.82720000011977,one shared preloaded model
syn-05833e7a5ec0ef73,vanilla,0.14789999977438129,0.0006999998731771484,197.5030999997216,197.65169999936916,one shared preloaded model
syn-6f1331d8b4f66db4,vanilla,0.130899999930989,0.0006999998731771484,202.68280000027517,202.81440000007933,one shared preloaded model
syn-ab1ad4c9a673b2e1,vanilla,0.11880000010933145,0.0008000001798791345,217.54390000023704,217.66350000052626,one shared preloaded model
syn-3ff6058f47e708b6,vanilla,0.14729999975315877,0.0006999998731771484,204.23240000036458,204.3803999999909,one shared preloaded model
syn-1eab63b0938a68a6,vanilla,0.15380000013465178,0.0007000003279244993,195.26670000004742,195.42120000051,one shared preloaded model
syn-3159d98bc4b38777,vanilla,0.13920000037614955,0.0008000001798791345,196.06850000036502,196.20850000092105,one shared preloaded model
syn-d00aa07db2a733a8,vanilla,0.141299999995681,0.0007999997251317836,208.67970000017522,208.82179999989603,one shared preloaded model
syn-a00ab7dad272697f,vanilla,0.1285000003008463,0.0009000000318337698,198.73479999978372,198.8642000001164,one shared preloaded model
syn-eec22a0f80d86268,vanilla,0.12729999980365392,0.0006000000212225132,203.77390000021478,203.90180000003966,one shared preloaded model
syn-ebdb638850358381,vanilla,0.12920000017402344,0.0006000000212225132,199.34209999973973,199.47189999993498,one shared preloaded model
syn-45180ff595e4bb0c,vanilla,0.1509999997324485,0.0006999998731771484,202.59279999982027,202.7444999994259,one shared preloaded model
syn-1b4176547af90d35,vanilla,0.1364999998259009,0.0007999997251317836,199.07370000009905,199.21099999965008,one shared preloaded model
syn-db3f65bee2e5abc1,vanilla,0.18670000008569332,0.0009000000318337698,199.86699999981283,200.05459999993036,one shared preloaded model
syn-e64413164bd3ab36,vanilla,0.12500000002546585,0.0007000003279244993,199.84629999999015,199.97200000034354,one shared preloaded model
syn-536703e09a9e63fc,vanilla,0.1314999999522115,0.0006999998731771484,200.23629999968762,200.368499999513,one shared preloaded model
syn-8d1de9ac0b2a2f44,vanilla,0.13080000007903436,0.0008000001798791345,204.10979999996925,204.24140000022817,one shared preloaded model
syn-55fda4aea5330528,vanilla,0.1395999997839681,0.0008000001798791345,211.32149999994,211.46189999990384,one shared preloaded model
syn-ade7c4dcf3e74f61,vanilla,0.15919999987090705,0.0007999997251317836,197.24820000010368,197.40819999969972,one shared preloaded model
syn-00214e676bd909da,vanilla,0.1851000001806824,0.0006000000212225132,200.7370000001174,200.9227000003193,one shared preloaded model
syn-c0e4ae9284dc0e8a,vanilla,0.14730000020790612,0.0008000001798791345,196.2518000000273,196.39990000041507,one shared preloaded model
syn-50ae5b88d34a1e66,vanilla,0.12270000024727779,0.0008000001798791345,197.00409999995827,197.12760000038543,one shared preloaded model
syn-74e769ce209a7064,vanilla,0.11900000026798807,0.0009000000318337698,199.15469999978086,199.27460000008068,one shared preloaded model
syn-a05174b7934309a5,vanilla,0.26579999985187897,0.0006000000212225132,193.4000000001106,193.6663999999837,one shared preloaded model
syn-6dd358fd7984e74e,vanilla,0.1262999999198655,0.0006000000212225132,194.74129999980505,194.86819999974614,one shared preloaded model
syn-67202d985228906f,vanilla,0.12730000025840127,0.000499999714520527,198.16409999975804,198.29189999973096,one shared preloaded model
syn-6519c46e69c5d34e,vanilla,0.13590000025942572,0.0004000003173132427,206.6253000002689,206.76160000084565,one shared preloaded model
syn-5e6f4192d5fd38ce,vanilla,0.20029999996040715,0.0006000000212225132,193.80390000014813,194.00480000012976,one shared preloaded model
syn-45da10d36182d1e7,vanilla,0.12150000020483276,0.000499999714520527,200.93360000009852,201.05560000001788,one shared preloaded model
syn-cbc253421461534a,vanilla,0.14839999994364916,0.0003999998625658918,191.74199999997654,191.89079999978276,one shared preloaded model
syn-eb2bf1a3e2579dd0,vanilla,0.1287999998567102,0.000499999714520527,195.18539999990026,195.3146999994715,one shared preloaded model
syn-4f0d2d5ac5751a59,vanilla,0.1380999997309118,0.0003999998625658918,195.79279999970822,195.9312999993017,one shared preloaded model
syn-922375dde3652087,vanilla,0.12250000008862116,0.000499999714520527,196.28460000012637,196.40759999992952,one shared preloaded model
syn-b553c705c01a9641,vanilla,0.3583000002436165,0.0015999999050109182,202.81930000010107,203.1792000002497,one shared preloaded model
syn-c551b3d1b2c9d23a,vanilla,0.1474999999118154,0.0004000003173132427,199.5955000002141,199.74340000044322,one shared preloaded model
syn-32789e5f49bc64a6,vanilla,0.1339999998890562,0.0005000001692678779,200.91679999995904,201.05130000001736,one shared preloaded model
syn-386d89fecb3d20bb,vanilla,0.1343999997516221,0.000499999714520527,194.47619999982635,194.6110999992925,one shared preloaded model
syn-12a50197ffef4c22,vanilla,0.1253000000360771,0.0005000001692678779,194.22549999990224,194.35130000010759,one shared preloaded model
syn-5947f41a8ff1539a,vanilla,0.12280000009923242,0.0005000001692678779,198.91099999995276,199.03430000022126,one shared preloaded model
syn-840162e2e1958fed,vanilla,0.1247000000148546,0.0005000001692678779,194.3224999999984,194.44770000018252,one shared preloaded model
syn-bd9e129d1f40626e,vanilla,0.14999999984866008,0.0005999995664751623,199.2817999998806,199.43239999929574,one shared preloaded model
syn-425362ec9fc77bdc,vanilla,0.12409999999363208,0.0006000000212225132,196.4936000003945,196.61830000040936,one shared preloaded model
syn-68c5263957eb3120,vanilla,0.1345999999102787,0.0005000001692678779,203.14570000027743,203.28080000035698,one shared preloaded model
syn-98212e7404d72787,vanilla,0.11829999994006357,0.0005000001692678779,192.65539999969405,192.7741999998034,one shared preloaded model
syn-324c8651400f2351,vanilla,0.1225999999405758,0.0005000001692678779,192.20839999979944,192.33149999990928,one shared preloaded model
syn-3184ea61e2fb7be9,window,0.17920000027515925,0.004500000159168849,469.91250000019136,470.0962000006257,one shared preloaded model
syn-22c6bdb8ffe26a7f,window,0.20970000014131074,0.0037999998312443495,485.23019999993267,485.4436999999052,one shared preloaded model
syn-ec419e05cac2296e,window,0.19800000018221908,0.0064000000747910235,481.664500000079,481.868900000336,one shared preloaded model
syn-80a72186d517f2ce,window,0.21059999971839716,0.0068999997893115506,471.20270000004894,471.42019999955664,one shared preloaded model
syn-7db076690fbc3753,window,0.1895999998851039,0.004300000000512227,444.39439999996466,444.5882999998503,one shared preloaded model
syn-04a768a7813e522b,window,0.2196999998886895,0.0039000001379463356,491.0138000000188,491.23740000004545,one shared preloaded model
syn-76f7994cfddf43bb,window,0.19659999998111743,0.0047999997150327545,478.0274999998255,478.2288999995217,one shared preloaded model
syn-18a651e195af657c,window,0.3734999995685939,0.011500000255182385,485.5616999998347,485.94669999965845,one shared preloaded model
syn-3e2f52a74189847d,window,0.1971000001503853,0.004099999841855606,474.2729999998119,474.4741999998041,one shared preloaded model
syn-a5981936e888b05d,window,0.2082999999402091,0.004200000148557592,482.2516000003816,482.46410000047035,one shared preloaded model
syn-cdd75cfda183e3b2,window,0.19139999994877144,0.004199999693810241,479.7185999996145,479.9141999992571,one shared preloaded model
syn-592bb98743185e43,window,0.21340000012060045,0.003999999989900971,476.99439999996684,477.21180000007735,one shared preloaded model
syn-98811d5848d73e76,window,0.22699999999531428,0.004500000159168849,469.20989999989615,469.44140000005063,one shared preloaded model
syn-acef4da3595c399d,window,0.21259999994072132,0.004399999852466863,473.8422999998875,474.05929999968066,one shared preloaded model
syn-f6efac4f91d8625b,window,0.18650000038178405,0.0038000002859917004,452.97290000007706,453.16320000074484,one shared preloaded model
syn-0d63be0511ae5af9,window,0.18110000019078143,0.003200000264769187,485.5300000003808,485.7143000008364,one shared preloaded model
syn-4663fa4ba1d66dee,window,0.2295999997841136,0.004600000011123484,494.57380000012563,494.80799999992087,one shared preloaded model
syn-51d4379cbad4bab3,window,0.18950000003314926,0.0039000001379463356,490.73649999991176,490.92990000008285,one shared preloaded model
syn-ab5d724962094030,window,0.21119999973961967,0.004100000296602957,485.3485999997247,485.5638999997609,one shared preloaded model
syn-6d56455bd742c9f8,window,0.18829999999070424,0.0073999999585794285,490.5785000000833,490.7742000000326,one shared preloaded model
syn-7fef08d29afa3a32,window,0.21229999993011006,0.004399999852466863,492.82729999958974,493.0439999993723,one shared preloaded model
syn-be109c50a482e72f,window,0.19459999975879327,0.004699999863078119,484.45330000004105,484.6525999996629,one shared preloaded model
syn-17f827c7f86b0146,window,0.2829999998539279,0.005200000032345997,479.6840999997585,479.97229999964475,one shared preloaded model
syn-b17a40315c45de0f,window,0.18890000001192675,0.005299999884300632,490.052900000137,490.24710000003324,one shared preloaded model
syn-30e35446c0c83631,window,0.20979999999326537,0.004900000021734741,484.7338999998101,484.9485999998251,one shared preloaded model
syn-6f6424e1ba6b156c,window,0.18950000003314926,0.004500000159168849,491.8253000000732,492.0193000002655,one shared preloaded model
syn-3492c7511ac8001e,window,0.20810000023629982,0.004000000444648322,477.91510000024573,478.1272000009267,one shared preloaded model
syn-b38d7ec05bd4b7c1,window,0.18280000040249433,0.0039000001379463356,482.79420000017126,482.9809000007117,one shared preloaded model
syn-65836902c8c4fb31,window,0.24470000016663107,0.003999999989900971,490.9026999998787,491.1514000000352,one shared preloaded model
syn-cf3b05abc57c5b5d,window,0.19819999988612835,0.004300000000512227,487.2172000000319,487.4196999999185,one shared preloaded model
syn-3ed4626a735594c5,window,0.21049999986644252,0.011999999969702912,481.4028999999209,481.62539999975706,one shared preloaded model
syn-05833e7a5ec0ef73,window,0.19320000001243898,0.004200000148557592,488.40389999986655,488.60130000002755,one shared preloaded model
syn-6f1331d8b4f66db4,window,0.2386000001024513,0.007499999810534064,490.41269999997894,490.6587999998919,one shared preloaded model
syn-ab1ad4c9a673b2e1,window,0.19199999996999395,0.008299999990413198,510.572200000297,510.7725000002574,one shared preloaded model
syn-3ff6058f47e708b6,window,0.36539999973683734,0.013300000318849925,484.078099999806,484.4567999998617,one shared preloaded model
syn-1eab63b0938a68a6,window,0.20039999981236178,0.0036999999792897142,490.9222999999656,491.12639999975727,one shared preloaded model
syn-3159d98bc4b38777,window,0.2081999996335071,0.00850000014906982,492.6550000000134,492.87169999979596,one shared preloaded model
syn-d00aa07db2a733a8,window,0.19459999975879327,0.00779999982114532,494.2097999996804,494.41219999926034,one shared preloaded model
syn-a00ab7dad272697f,window,0.21900000001551234,0.007099999947968172,473.286299999927,473.5123999998905,one shared preloaded model
syn-eec22a0f80d86268,window,0.21610000021610176,0.004399999852466863,487.9484999996748,488.1689999997434,one shared preloaded model
syn-ebdb638850358381,window,0.18219999992652447,0.004300000000512227,489.8275000000467,490.01399999997375,one shared preloaded model
syn-45180ff595e4bb0c,window,0.21770000012111268,0.004199999693810241,489.5262999998522,489.7481999996671,one shared preloaded model
syn-1b4176547af90d35,window,0.20499999982348527,0.0044000003072142135,470.72419999994963,470.93360000008033,one shared preloaded model
syn-db3f65bee2e5abc1,window,0.21150000020497828,0.006600000233447645,485.1424000003135,485.3605000007519,one shared preloaded model
syn-e64413164bd3ab36,window,0.1861000000644708,0.007200000254670158,441.99109999999564,442.1844000003148,one shared preloaded model
syn-536703e09a9e63fc,window,0.21490000017365674,0.003999999989900971,477.05760000008013,477.2765000002437,one shared preloaded model
syn-8d1de9ac0b2a2f44,window,0.19220000012865057,0.004199999693810241,452.3277999996935,452.524199999516,one shared preloaded model
syn-55fda4aea5330528,window,0.2092999998239975,0.003499999820633093,475.14870000031806,475.3614999999627,one shared preloaded model
syn-ade7c4dcf3e74f61,window,0.1905999997688923,0.003499999820633093,466.1809999997786,466.3750999993681,one shared preloaded model
syn-00214e676bd909da,window,0.24179999991247314,0.007000000096013537,480.02290000022185,480.27170000023034,one shared preloaded model
syn-c0e4ae9284dc0e8a,window,0.20660000018324354,0.004600000011123484,478.60239999999976,478.8136000001941,one shared preloaded model
syn-50ae5b88d34a1e66,window,0.21629999992001103,0.006599999778700294,540.1019999999335,540.3248999996322,one shared preloaded model
syn-74e769ce209a7064,window,0.1975000000129512,0.0038000002859917004,531.6098000002967,531.8111000005956,one shared preloaded model
syn-a05174b7934309a5,window,0.21669999978257692,0.003599999672587728,601.808500000061,602.0287999995162,one shared preloaded model
syn-6dd358fd7984e74e,window,0.3156000002491055,0.004900000021734741,457.59350000025734,457.9140000005282,one shared preloaded model
syn-67202d985228906f,window,0.21999999989930075,0.003600000127335079,482.1543000002748,482.37790000030145,one shared preloaded model
syn-6519c46e69c5d34e,window,0.1940000001923181,0.0047999997150327545,476.01910000003045,476.2178999999378,one shared preloaded model
syn-5e6f4192d5fd38ce,window,0.21689999994123355,0.003499999820633093,610.8930000000328,611.1133999997946,one shared preloaded model
syn-45da10d36182d1e7,window,0.23099999998521525,0.0044000003072142135,599.0287000004173,599.2641000007097,one shared preloaded model
syn-cbc253421461534a,window,0.24530000018785358,0.004500000159168849,551.9821000002594,552.2319000006064,one shared preloaded model
syn-eb2bf1a3e2579dd0,window,0.19589999965319294,0.0037999998312443495,637.3945000000276,637.594199999512,one shared preloaded model
syn-4f0d2d5ac5751a59,window,0.23659999988012714,0.005000000328436727,533.7260000001152,533.9676000003237,one shared preloaded model
syn-922375dde3652087,window,0.20119999999224092,0.0033999999686784577,597.600600000078,597.8052000000389,one shared preloaded model
syn-b553c705c01a9641,window,0.21359999982450972,0.0039000001379463356,577.1373000002313,577.3548000001938,one shared preloaded model
syn-c551b3d1b2c9d23a,window,0.21530000003622263,0.0033999999686784577,543.038400000114,543.257100000119,one shared preloaded model
syn-32789e5f49bc64a6,window,0.1957999998012383,0.0037999998312443495,513.0861999996341,513.2857999992666,one shared preloaded model
syn-386d89fecb3d20bb,window,0.30359999982465524,0.004900000021734741,517.0874999998887,517.3959999997351,one shared preloaded model
syn-12a50197ffef4c22,window,0.2009999998335843,0.0037999998312443495,487.2488000000885,487.45359999975335,one shared preloaded model
syn-5947f41a8ff1539a,window,0.3058999996028433,0.003999999989900971,513.2771999997203,513.5870999993131,one shared preloaded model
syn-840162e2e1958fed,window,0.19720000000233995,0.004099999841855606,527.331199999935,527.5324999997792,one shared preloaded model
syn-bd9e129d1f40626e,window,0.21519999972952064,0.007800000275892671,482.45710000037434,482.68010000037975,one shared preloaded model
syn-425362ec9fc77bdc,window,0.2027000000452972,0.0038999996831989847,527.5277999999162,527.7343999996447,one shared preloaded model
syn-68c5263957eb3120,window,0.22059999992052326,0.003999999989900971,509.20429999996486,509.4288999998753,one shared preloaded model
syn-98212e7404d72787,window,0.1870999999482592,0.004800000169780105,531.4508999999816,531.6428000000997,one shared preloaded model
syn-324c8651400f2351,window,0.2430999998068728,0.00670000008540228,517.2253999999157,517.475199999808,one shared preloaded model
syn-3184ea61e2fb7be9,rag,168.71930000024804,8.464500000172848,480.5489000000307,657.7327000004516,one shared preloaded model
syn-22c6bdb8ffe26a7f,rag,163.38249999989785,9.56769999993412,427.77109999997265,600.7212999998046,one shared preloaded model
syn-ec419e05cac2296e,rag,157.1100999999544,8.90449999997145,459.83990000013364,625.8545000000595,one shared preloaded model
syn-80a72186d517f2ce,rag,168.8930000000255,6.448600000112492,515.5421000004026,690.8837000005406,one shared preloaded model
syn-7db076690fbc3753,rag,162.4215000001641,13.874399999622256,365.59089999991556,541.8867999997019,one shared preloaded model
syn-04a768a7813e522b,rag,157.07359999987602,8.929999999963911,452.49310000008336,618.4966999999233,one shared preloaded model
syn-76f7994cfddf43bb,rag,165.30520000014803,11.06019999997443,206.40240000011545,382.7678000002379,one shared preloaded model
syn-18a651e195af657c,rag,152.83769999996366,9.187499999825377,494.21879999999874,656.2439999997878,one shared preloaded model
syn-3e2f52a74189847d,rag,168.78930000029868,12.49969999980749,768.6863999997513,949.9753999998575,one shared preloaded model
syn-a5981936e888b05d,rag,155.5383999998412,13.284000000112428,490.77040000020133,659.592800000155,one shared preloaded model
syn-cdd75cfda183e3b2,rag,167.02670000040598,6.865900000320835,461.4722000001166,635.3648000008434,one shared preloaded model
syn-592bb98743185e43,rag,160.07289999970453,8.527099999810162,477.3777999998856,645.9777999994003,one shared preloaded model
syn-98811d5848d73e76,rag,160.38160000016433,10.891100000208098,448.99460000033287,620.2673000007053,one shared preloaded model
syn-acef4da3595c399d,rag,170.68810000000667,9.06589999976859,470.5849000001763,650.3388999999515,one shared preloaded model
syn-f6efac4f91d8625b,rag,160.88099999979022,11.605199999848992,339.05800000002273,511.54419999966194,one shared preloaded model
syn-0d63be0511ae5af9,rag,165.04570000006424,9.883300000183226,535.8585999997558,710.7876000000033,one shared preloaded model
syn-4663fa4ba1d66dee,rag,156.5877000002729,10.509000000183732,205.71250000011787,372.8092000005745,one shared preloaded model
syn-51d4379cbad4bab3,rag,153.71830000003683,11.152300000048854,526.7779000000701,691.6485000001558,one shared preloaded model
syn-ab5d724962094030,rag,162.58519999973942,5.807099999856291,821.490299999823,989.8825999994187,one shared preloaded model
syn-6d56455bd742c9f8,rag,139.17440000022907,8.271899999726884,370.1461000000563,517.5924000000123,one shared preloaded model
syn-7fef08d29afa3a32,rag,174.59210000015446,10.839799999757815,452.08880000018326,637.5207000000955,one shared preloaded model
syn-be109c50a482e72f,rag,154.61229999982606,14.625899999828107,430.7126000003336,599.9507999999878,one shared preloaded model
syn-17f827c7f86b0146,rag,168.2239000001573,10.981599999922764,417.51860000022134,596.7241000003014,one shared preloaded model
syn-b17a40315c45de0f,rag,167.46229999989737,11.170799999945302,490.94620000005307,669.5792999998957,one shared preloaded model
syn-30e35446c0c83631,rag,162.4933000002784,11.370799999895098,349.24309999996694,523.1072000001404,one shared preloaded model
syn-6f6424e1ba6b156c,rag,175.64459999994142,5.204099999900791,508.7684000000081,689.6170999998503,one shared preloaded model
syn-3492c7511ac8001e,rag,164.28200000018478,6.261300000005576,184.61980000029143,355.1631000004818,one shared preloaded model
syn-b38d7ec05bd4b7c1,rag,154.41529999998238,10.382299999946554,524.9026999999842,689.7002999999131,one shared preloaded model
syn-65836902c8c4fb31,rag,171.35700000017096,8.407399999668996,772.3006000001078,952.0649999999478,one shared preloaded model
syn-cf3b05abc57c5b5d,rag,160.95899999982066,4.875500000252941,382.037500000024,547.8720000000976,one shared preloaded model
syn-3ed4626a735594c5,rag,164.33250000000044,9.046499999840307,396.72909999990225,570.108099999743,one shared preloaded model
syn-05833e7a5ec0ef73,rag,160.6317000000672,10.990299999775743,485.13339999999516,656.7553999998381,one shared preloaded model
syn-6f1331d8b4f66db4,rag,169.55120000011448,8.730399999876681,474.69879999971454,652.9803999997057,one shared preloaded model
syn-ab1ad4c9a673b2e1,rag,177.53959999981817,8.213600000090082,426.69329999989714,612.4464999998054,one shared preloaded model
syn-3ff6058f47e708b6,rag,158.08070000002772,8.77649999983987,351.26930000024004,518.1265000001076,one shared preloaded model
syn-1eab63b0938a68a6,rag,158.2714000001033,9.727600000132952,499.4691000001694,667.4681000004057,one shared preloaded model
syn-3159d98bc4b38777,rag,166.04819999975007,12.394100000165054,205.16779999979917,383.6100999997143,one shared preloaded model
syn-d00aa07db2a733a8,rag,155.84619999981442,8.636000000024069,467.6486000003024,632.1308000001409,one shared preloaded model
syn-a00ab7dad272697f,rag,151.28910000021278,5.3466999997908715,799.4556999997258,956.0914999997294,one shared preloaded model
syn-eec22a0f80d86268,rag,295.64140000002226,8.567299999867828,452.6418000000376,756.8504999999277,one shared preloaded model
syn-ebdb638850358381,rag,160.10480000022653,13.987999999699241,483.1190999998398,657.2118999997656,one shared preloaded model
syn-45180ff595e4bb0c,rag,158.01989999999932,9.599200000138808,419.7687999999289,587.387900000067,one shared preloaded model
syn-1b4176547af90d35,rag,174.8717000000397,8.932400000048801,445.2283999999054,629.0324999999939,one shared preloaded model
syn-db3f65bee2e5abc1,rag,158.40639999987616,8.896400000139693,450.81059999984063,618.1133999998565,one shared preloaded model
syn-e64413164bd3ab36,rag,154.78910000001633,8.745600000111153,358.7220000003981,522.2567000005256,one shared preloaded model
syn-536703e09a9e63fc,rag,177.9540000002271,17.94240000026548,546.874900000148,742.7713000006406,one shared preloaded model
syn-8d1de9ac0b2a2f44,rag,168.42079999969428,8.667399999922054,207.22699999987526,384.3151999994916,one shared preloaded model
syn-55fda4aea5330528,rag,160.81389999999374,9.123100000124396,553.3115000002908,723.248500000409,one shared preloaded model
syn-ade7c4dcf3e74f61,rag,175.39290000013352,8.879299999989598,741.7379999997138,926.0101999998369,one shared preloaded model
syn-00214e676bd909da,rag,164.2203999999765,9.00550000005751,428.48770000000513,601.7136000000392,one shared preloaded model
syn-c0e4ae9284dc0e8a,rag,178.12189999995098,8.260100000370585,408.24979999979405,594.6318000001156,one shared preloaded model
syn-50ae5b88d34a1e66,rag,160.39609999961613,8.559000000332162,455.4090999999971,624.3641999999454,one shared preloaded model
syn-74e769ce209a7064,rag,159.15420000010272,8.886299999630864,521.9465000000127,689.9869999997463,one shared preloaded model
syn-a05174b7934309a5,rag,155.22280000004685,9.535000000141736,443.2545999998183,608.0124000000069,one shared preloaded model
syn-6dd358fd7984e74e,rag,158.20269999994707,9.515499999906751,357.3369000000639,525.0550999999177,one shared preloaded model
syn-67202d985228906f,rag,157.64470000021902,10.57680000030814,539.58990000001,707.8114000005371,one shared preloaded model
syn-6519c46e69c5d34e,rag,159.8623999998381,8.557699999983015,209.73080000021582,378.1509000000369,one shared preloaded model
syn-5e6f4192d5fd38ce,rag,159.58980000004885,11.001399999713612,479.2382999999063,649.8294999996688,one shared preloaded model
syn-45da10d36182d1e7,rag,164.97549999985495,13.862299999800598,782.22070000038,961.0585000000356,one shared preloaded model
syn-cbc253421461534a,rag,164.6074000000226,8.457699999780743,519.3128000000797,692.3778999998831,one shared preloaded model
syn-eb2bf1a3e2579dd0,rag,170.39520000025732,8.474799999930838,526.8221999999696,705.6922000001578,one shared preloaded model
syn-4f0d2d5ac5751a59,rag,167.43429999996806,8.70630000008532,447.6813999999649,623.8220000000183,one shared preloaded model
syn-922375dde3652087,rag,174.86920000010286,10.580399999980727,449.9178999999458,635.3675000000294,one shared preloaded model
syn-b553c705c01a9641,rag,157.478699999956,13.495800000328018,450.3344999998262,621.3090000001102,one shared preloaded model
syn-c551b3d1b2c9d23a,rag,171.69379999995726,10.009999999965657,348.7377999999808,530.4415999999037,one shared preloaded model
syn-32789e5f49bc64a6,rag,162.88669999994454,9.449700000004668,546.241099999861,718.5774999998102,one shared preloaded model
syn-386d89fecb3d20bb,rag,152.21370000017487,10.660599999937403,211.32249999982378,374.19679999993605,one shared preloaded model
syn-12a50197ffef4c22,rag,158.40609999986555,9.264899999834597,458.6215999997876,626.2925999994877,one shared preloaded model
syn-5947f41a8ff1539a,rag,158.8502999998127,8.752700000059122,852.6378000001387,1020.2408000000105,one shared preloaded model
syn-840162e2e1958fed,rag,157.6551000002837,6.015599999955157,514.538000000357,678.2087000005959,one shared preloaded model
syn-bd9e129d1f40626e,rag,179.39400000022943,4.943999999795778,376.5407000000778,560.878700000103,one shared preloaded model
syn-425362ec9fc77bdc,rag,95.74669999983598,5.323899999893911,362.78360000005705,463.85419999978694,one shared preloaded model
syn-68c5263957eb3120,rag,81.6661000003478,5.009800000152609,343.11650000017835,429.79240000067875,one shared preloaded model
syn-98212e7404d72787,rag,81.68979999982184,7.140200000321784,338.602599999831,427.4325999999746,one shared preloaded model
syn-324c8651400f2351,rag,82.7620999998544,8.730100000320817,396.6592000001583,488.1514000003335,one shared preloaded model
syn-3184ea61e2fb7be9,pure_liquid,380.8136000002378,10.13760000023467,224.7855000000527,615.7367000005252,one shared preloaded model
syn-22c6bdb8ffe26a7f,pure_liquid,450.21179999957894,10.46909999968193,138.94920000029742,599.6300999995583,one shared preloaded model
syn-ec419e05cac2296e,pure_liquid,440.22569999970074,10.286199999882228,206.26309999988734,656.7749999994703,one shared preloaded model
syn-80a72186d517f2ce,pure_liquid,426.36750000019674,6.988399999954709,158.24920000022757,591.605100000379,one shared preloaded model
syn-7db076690fbc3753,pure_liquid,425.3045000000384,6.4640000000508735,79.80529999986175,511.573799999951,one shared preloaded model
syn-04a768a7813e522b,pure_liquid,424.08739999973477,9.971599999971659,242.72060000021156,676.779599999918,one shared preloaded model
syn-76f7994cfddf43bb,pure_liquid,379.71580000021277,6.777900000088266,175.66600000009203,562.1597000003931,one shared preloaded model
syn-18a651e195af657c,pure_liquid,413.7543000001642,7.014599999820348,179.9842999998873,600.7531999998719,one shared preloaded model
syn-3e2f52a74189847d,pure_liquid,406.3869000001432,5.969299999833311,487.76960000031977,900.1258000002963,one shared preloaded model
syn-a5981936e888b05d,pure_liquid,428.53699999977835,9.041599999818573,135.46279999991384,573.0413999995108,one shared preloaded model
syn-cdd75cfda183e3b2,pure_liquid,456.2439999999697,6.580599999779224,152.22330000005968,615.0478999998086,one shared preloaded model
syn-592bb98743185e43,pure_liquid,463.9751999998225,6.9618000002265035,171.82379999985642,642.7607999999054,one shared preloaded model
syn-98811d5848d73e76,pure_liquid,442.0236000000841,10.240300000077696,158.06380000003628,610.3277000001981,one shared preloaded model
syn-acef4da3595c399d,pure_liquid,426.60320000004504,6.510400000024674,162.97179999992295,596.0853999999927,one shared preloaded model
syn-f6efac4f91d8625b,pure_liquid,369.83250000002954,10.233099999823025,88.58620000000883,468.6517999998614,one shared preloaded model
syn-0d63be0511ae5af9,pure_liquid,454.1658000002826,10.315100000298116,220.61710000025414,685.0980000008349,one shared preloaded model
syn-4663fa4ba1d66dee,pure_liquid,357.4141000003692,9.983200000078796,158.81639999997788,526.2137000004259,one shared preloaded model
syn-51d4379cbad4bab3,pure_liquid,398.6476000000039,7.2029000002657995,452.8328999999758,858.6834000002455,one shared preloaded model
syn-ab5d724962094030,pure_liquid,570.2540000002045,6.933300000127929,682.9504000002089,1260.1377000005414,one shared preloaded model
syn-6d56455bd742c9f8,pure_liquid,594.0140999996402,9.981299999708426,214.50370000002295,818.4990999993715,one shared preloaded model
syn-7fef08d29afa3a32,pure_liquid,579.7898000000714,10.16589999971984,397.7778000003127,987.733500000104,one shared preloaded model
syn-be109c50a482e72f,pure_liquid,561.9303999997101,10.661100000106671,144.4453999997677,717.0368999995844,one shared preloaded model
syn-17f827c7f86b0146,pure_liquid,600.061099999948,10.91000000042186,207.39589999993768,818.3670000003076,one shared preloaded model
syn-b17a40315c45de0f,pure_liquid,573.1428999997661,10.587199999918084,149.05429999998887,732.784399999673,one shared preloaded model
syn-30e35446c0c83631,pure_liquid,593.4890999997151,10.477799999989656,145.18880000014178,749.1556999998465,one shared preloaded model
syn-6f6424e1ba6b156c,pure_liquid,584.106900000279,10.454899999785994,419.719399999849,1014.281199999914,one shared preloaded model
syn-3492c7511ac8001e,pure_liquid,589.9384999997892,7.406799999898794,189.34319999971194,786.6884999993999,one shared preloaded model
syn-b38d7ec05bd4b7c1,pure_liquid,552.7775999998994,10.79150000032314,351.0887000002185,914.6578000004411,one shared preloaded model
syn-65836902c8c4fb31,pure_liquid,596.1397000000943,10.31909999983327,790.2298000003611,1396.6886000002887,one shared preloaded model
syn-cf3b05abc57c5b5d,pure_liquid,569.7857000000113,10.353699999996024,170.38580000007642,750.5252000000837,one shared preloaded model
syn-3ed4626a735594c5,pure_liquid,553.5534000000553,7.2016000003714,323.5968000003595,884.3518000007862,one shared preloaded model
syn-05833e7a5ec0ef73,pure_liquid,519.4010999998682,6.787399999666377,81.76500000035958,607.9534999998941,one shared preloaded model
syn-6f1331d8b4f66db4,pure_liquid,562.1845999999096,10.199499999998807,206.4103000002433,778.7944000001517,one shared preloaded model
syn-ab1ad4c9a673b2e1,pure_liquid,556.3530999997965,10.593099999823608,144.0536999998585,710.9998999994787,one shared preloaded model
syn-3ff6058f47e708b6,pure_liquid,499.3363000003228,10.445800000070449,117.24810000032448,627.0302000007177,one shared preloaded model
syn-1eab63b0938a68a6,pure_liquid,406.5449000004264,10.662300000149116,234.45109999966007,651.6583000002356,one shared preloaded model
syn-3159d98bc4b38777,pure_liquid,424.2957000001297,7.413200000428333,191.46199999977398,623.170900000332,one shared preloaded model
syn-d00aa07db2a733a8,pure_liquid,589.7678999999698,11.020899999948597,399.5044000002963,1000.2932000002147,one shared preloaded model
syn-a00ab7dad272697f,pure_liquid,623.0773000002046,10.390799999640876,490.2425000000221,1123.7105999998676,one shared preloaded model
syn-eec22a0f80d86268,pure_liquid,549.8248000003514,10.111500000220985,208.16459999969084,768.1009000002632,one shared preloaded model
syn-ebdb638850358381,pure_liquid,594.4248000000698,10.393499999736378,339.187199999742,944.0054999995482,one shared preloaded model
syn-45180ff595e4bb0c,pure_liquid,588.5400000001937,10.555100000146922,149.4300999997904,748.525200000131,one shared preloaded model
syn-1b4176547af90d35,pure_liquid,533.5494000000836,10.512000000289845,209.26860000008674,753.3300000004601,one shared preloaded model
syn-db3f65bee2e5abc1,pure_liquid,567.785300000196,10.3001000002223,211.7985999998382,789.8840000002565,one shared preloaded model
syn-e64413164bd3ab36,pure_liquid,592.6967000000332,11.098400000264519,144.71370000001116,748.5088000003088,one shared preloaded model
syn-536703e09a9e63fc,pure_liquid,565.2318000002197,10.460500000135653,402.70409999993717,978.3964000002925,one shared preloaded model
syn-8d1de9ac0b2a2f44,pure_liquid,572.3739000000023,10.775400000056834,210.6668000001264,793.8161000001855,one shared preloaded model
syn-55fda4aea5330528,pure_liquid,599.1146000001208,10.930800000096497,145.64819999986867,755.693600000086,one shared preloaded model
syn-ade7c4dcf3e74f61,pure_liquid,576.1555000003682,10.835900000074616,878.3592999998291,1465.350700000272,one shared preloaded model
syn-00214e676bd909da,pure_liquid,579.8976000000948,7.052200000089215,205.94900000014604,792.8988000003301,one shared preloaded model
syn-c0e4ae9284dc0e8a,pure_liquid,599.898999999823,10.510700000395445,346.61830000004556,957.028000000264,one shared preloaded model
syn-50ae5b88d34a1e66,pure_liquid,582.3774000000412,10.422199999993609,213.92640000021856,806.7260000002534,one shared preloaded model
syn-74e769ce209a7064,pure_liquid,585.4417999998986,10.248199999750796,211.6704000000027,807.3603999996521,one shared preloaded model
syn-a05174b7934309a5,pure_liquid,571.759800000109,10.670099999970262,175.358899999992,757.7888000000712,one shared preloaded model
syn-6dd358fd7984e74e,pure_liquid,591.2327000000914,10.552499999903375,145.3388999998424,747.1240999998372,one shared preloaded model
syn-67202d985228906f,pure_liquid,587.501400000292,10.323499999685737,270.11140000013256,867.9363000001104,one shared preloaded model
syn-6519c46e69c5d34e,pure_liquid,585.8878000003642,10.293599999840808,192.79969999979585,788.9811000000009,one shared preloaded model
syn-5e6f4192d5fd38ce,pure_liquid,569.3216999998185,11.20100000025559,459.96059999970385,1040.483299999778,one shared preloaded model
syn-45da10d36182d1e7,pure_liquid,550.205300000016,10.35009999986869,854.3710999997529,1414.9264999996376,one shared preloaded model
syn-cbc253421461534a,pure_liquid,613.5983999997734,10.817299999871466,214.69200000001365,839.1076999996585,one shared preloaded model
syn-eb2bf1a3e2579dd0,pure_liquid,596.5906999999788,7.815200000095501,281.2594000001809,885.6653000002552,one shared preloaded model
syn-4f0d2d5ac5751a59,pure_liquid,610.1334999998471,10.731700000178535,210.18759999969916,831.0527999997248,one shared preloaded model
syn-922375dde3652087,pure_liquid,564.5642999998017,7.09999999980937,146.29009999998743,717.9543999995985,one shared preloaded model
syn-b553c705c01a9641,pure_liquid,606.6654999999628,10.848099999748229,147.28640000021187,764.7999999999229,one shared preloaded model
syn-c551b3d1b2c9d23a,pure_liquid,554.1988999998466,10.10359999963839,145.14899999994668,709.4514999994317,one shared preloaded model
syn-32789e5f49bc64a6,pure_liquid,522.3276000001533,6.951300000309857,360.05440000008093,889.3333000005441,one shared preloaded model
syn-386d89fecb3d20bb,pure_liquid,570.5387000002702,10.385399999904621,199.55209999989165,780.4762000000665,one shared preloaded model
syn-12a50197ffef4c22,pure_liquid,595.8636999998816,10.87839999991047,345.0035000000753,951.7455999998674,one shared preloaded model
syn-5947f41a8ff1539a,pure_liquid,557.6501000000462,10.380400000030932,711.1313999998856,1279.1618999999628,one shared preloaded model
syn-840162e2e1958fed,pure_liquid,552.2294000002148,7.0368000001508335,199.95689999996102,759.2231000003267,one shared preloaded model
syn-bd9e129d1f40626e,pure_liquid,578.7735999997494,10.044699999980367,209.68170000014652,798.4999999998763,one shared preloaded model
syn-425362ec9fc77bdc,pure_liquid,591.8784999998934,10.62469999988025,211.4980999999716,814.0012999997452,one shared preloaded model
syn-68c5263957eb3120,pure_liquid,571.7956999997114,10.318799999822659,212.28840000003402,794.402899999568,one shared preloaded model
syn-98212e7404d72787,pure_liquid,572.3969999999099,10.644100000263279,144.14410000017597,727.1852000003491,one shared preloaded model
syn-324c8651400f2351,pure_liquid,570.8282999999028,10.382399999798508,146.2877000003573,727.4984000000586,one shared preloaded model
syn-3184ea61e2fb7be9,lexical_only,164.9224000002505,6.534499999816035,567.6505000001271,739.1074000001936,one shared preloaded model
syn-22c6bdb8ffe26a7f,lexical_only,170.6928999997217,8.639200000288838,475.06639999983236,654.3984999998429,one shared preloaded model
syn-ec419e05cac2296e,lexical_only,163.36719999981142,5.825100000038219,500.3080999999838,669.5003999998335,one shared preloaded model
syn-80a72186d517f2ce,lexical_only,184.37820000008287,8.698200000253564,512.3426999998628,705.4191000001993,one shared preloaded model
syn-7db076690fbc3753,lexical_only,173.2304999995904,8.463799999844923,380.55379999968864,562.248099999124,one shared preloaded model
syn-04a768a7813e522b,lexical_only,174.0167000002657,8.928700000069512,402.73560000014186,585.6810000004771,one shared preloaded model
syn-76f7994cfddf43bb,lexical_only,178.0810999998721,8.440999999947962,212.15699999993376,398.6790999997538,one shared preloaded model
syn-18a651e195af657c,lexical_only,178.33239999981743,9.500899999693502,525.2720000003137,713.1052999998246,one shared preloaded model
syn-3e2f52a74189847d,lexical_only,179.2955000000802,8.738900000025751,855.9814000000188,1044.0158000001247,one shared preloaded model
syn-a5981936e888b05d,lexical_only,172.74889999998777,8.619899999757763,506.9848000002821,688.3536000000277,one shared preloaded model
syn-cdd75cfda183e3b2,lexical_only,168.6240999997608,5.158400000254915,438.9365000001817,612.7190000001974,one shared preloaded model
syn-592bb98743185e43,lexical_only,173.38500000005297,8.573300000080053,522.0602999997936,704.0185999999267,one shared preloaded model
syn-98811d5848d73e76,lexical_only,167.20459999987725,5.24909999967349,507.64429999981076,680.0979999993615,one shared preloaded model
syn-acef4da3595c399d,lexical_only,177.82109999961904,8.627100000012433,509.5596999999543,696.0078999995858,one shared preloaded model
syn-f6efac4f91d8625b,lexical_only,170.11630000024525,8.43990000021222,356.4919000000373,535.0481000004947,one shared preloaded model
syn-0d63be0511ae5af9,lexical_only,173.94500000000335,8.803000000170869,546.8390999999428,729.5871000001171,one shared preloaded model
syn-4663fa4ba1d66dee,lexical_only,160.50360000008368,8.992999999918538,364.5655000000261,534.0621000000283,one shared preloaded model
syn-51d4379cbad4bab3,lexical_only,176.1805999999524,9.171400000013818,863.4022999999615,1048.7542999999278,one shared preloaded model
syn-ab5d724962094030,lexical_only,174.38129999982266,8.675299999595154,1468.3273999999074,1651.3839999993252,one shared preloaded model
syn-6d56455bd742c9f8,lexical_only,162.89780000033716,5.173699999886594,326.46939999995084,494.5409000001746,one shared preloaded model
syn-7fef08d29afa3a32,lexical_only,175.31489999964833,8.623300000181189,471.2844999999106,655.2226999997401,one shared preloaded model
syn-be109c50a482e72f,lexical_only,172.49069999979838,8.732199999940349,407.7626999996937,588.9855999994325,one shared preloaded model
syn-17f827c7f86b0146,lexical_only,177.83429999963118,8.64610000007815,498.89619999976276,685.3765999994721,one shared preloaded model
syn-b17a40315c45de0f,lexical_only,165.89340000018638,8.648900000025606,449.73099999970145,624.2732999999134,one shared preloaded model
syn-30e35446c0c83631,lexical_only,159.4715000001088,5.242100000032224,346.30090000018754,511.01450000032855,one shared preloaded model
syn-6f6424e1ba6b156c,lexical_only,175.0539999998182,8.4207999998398,492.3972000001413,675.8719999997993,one shared preloaded model
syn-3492c7511ac8001e,lexical_only,172.3974999999882,8.577399999921909,362.7401999997346,543.7150999996447,one shared preloaded model
syn-b38d7ec05bd4b7c1,lexical_only,156.15660000003118,9.140800000295712,486.52149999998073,651.8189000003076,one shared preloaded model
syn-65836902c8c4fb31,lexical_only,172.84139999992476,8.500500000081956,703.863100000035,885.2050000000418,one shared preloaded model
syn-cf3b05abc57c5b5d,lexical_only,155.75100000023667,5.385200000091572,439.59769999992204,600.7339000002503,one shared preloaded model
syn-3ed4626a735594c5,lexical_only,173.80499999990207,8.567800000037096,428.6936999997124,611.0664999996516,one shared preloaded model
syn-05833e7a5ec0ef73,lexical_only,171.0078999999496,8.369900000161579,502.89340000017546,682.2712000002866,one shared preloaded model
syn-6f1331d8b4f66db4,lexical_only,173.52889999983745,8.68880000007266,515.6254000003173,697.8431000002274,one shared preloaded model
syn-ab1ad4c9a673b2e1,lexical_only,177.76509999976042,8.692899999914516,429.142899999988,615.6008999996629,one shared preloaded model
syn-3ff6058f47e708b6,lexical_only,167.96279999971375,8.561699999972916,356.57499999979336,533.09949999948,one shared preloaded model
syn-1eab63b0938a68a6,lexical_only,177.90070000000924,8.661100000153965,533.2789999997658,719.840799999929,one shared preloaded model
syn-3159d98bc4b38777,lexical_only,177.44290000018736,8.637899999939691,210.04839999977776,396.1291999999048,one shared preloaded model
syn-d00aa07db2a733a8,lexical_only,178.22049999995215,9.1085999997631,446.2306999998873,633.5597999996025,one shared preloaded model
syn-a00ab7dad272697f,lexical_only,172.75340000014694,8.568599999762228,811.3964999997734,992.7184999996825,one shared preloaded model
syn-eec22a0f80d86268,lexical_only,175.19309999988764,8.418899999924179,465.470600000117,649.0825999999288,one shared preloaded model
syn-ebdb638850358381,lexical_only,170.94810000025973,8.539800000107789,509.9545000002763,689.4424000006438,one shared preloaded model
syn-45180ff595e4bb0c,lexical_only,176.51810000006662,8.901199999854725,520.0102000003426,705.4295000002639,one shared preloaded model
syn-1b4176547af90d35,lexical_only,175.33030000004146,8.426299999882758,476.249899999857,660.0064999997812,one shared preloaded model
syn-db3f65bee2e5abc1,lexical_only,157.22210000012637,5.289199999879202,479.4465999998465,641.9578999998521,one shared preloaded model
syn-e64413164bd3ab36,lexical_only,179.2155000002822,8.76349999998638,344.3495999999868,532.3286000002554,one shared preloaded model
syn-536703e09a9e63fc,lexical_only,176.3301999999385,8.768400000008114,514.5927999997184,699.691399999665,one shared preloaded model
syn-8d1de9ac0b2a2f44,lexical_only,173.47209999979896,8.496500000092055,211.76620000005641,393.7347999999474,one shared preloaded model
syn-55fda4aea5330528,lexical_only,180.88499999976193,9.34929999993983,471.5404000003218,661.7747000000236,one shared preloaded model
syn-ade7c4dcf3e74f61,lexical_only,182.54670000033002,8.354399999916495,869.8828000001413,1060.7839000003878,one shared preloaded model
syn-00214e676bd909da,lexical_only,177.4055999999291,8.481299999857583,443.9441999998053,629.831099999592,one shared preloaded model
syn-c0e4ae9284dc0e8a,lexical_only,174.20260000017151,8.524500000021362,390.9555000000182,573.6826000002111,one shared preloaded model
syn-50ae5b88d34a1e66,lexical_only,174.6965999996064,8.608800000274641,489.2714000002343,672.5768000001153,one shared preloaded model
syn-74e769ce209a7064,lexical_only,172.2301999998308,8.675399999901856,504.55409999995027,685.4596999996829,one shared preloaded model
syn-a05174b7934309a5,lexical_only,181.54069999991407,8.49659999994401,412.2287000000142,602.2659999998723,one shared preloaded model
syn-6dd358fd7984e74e,lexical_only,164.64379999979428,5.61310000011872,331.6466000001128,501.9035000000258,one shared preloaded model
syn-67202d985228906f,lexical_only,172.9353999999148,8.772200000294106,548.2873000000836,729.9949000002925,one shared preloaded model
syn-6519c46e69c5d34e,lexical_only,159.795000000031,5.133699999987584,369.7266000003765,534.6553000003951,one shared preloaded model
syn-5e6f4192d5fd38ce,lexical_only,170.11100000036095,5.737399999816262,478.3025000001544,654.1509000003316,one shared preloaded model
syn-45da10d36182d1e7,lexical_only,173.8135999999031,8.57529999984763,826.2611000000106,1008.6499999997613,one shared preloaded model
syn-cbc253421461534a,lexical_only,176.9848999997521,8.825699999761127,529.83630000017,715.6468999996832,one shared preloaded model
syn-eb2bf1a3e2579dd0,lexical_only,160.43919999992795,5.863099999714905,457.27790000000823,623.5801999996511,one shared preloaded model
syn-4f0d2d5ac5751a59,lexical_only,178.43089999996664,8.574500000122498,510.428900000079,697.4343000001682,one shared preloaded model
syn-922375dde3652087,lexical_only,174.13809999970908,8.861700000124983,454.0470000001733,637.0468000000074,one shared preloaded model
syn-b553c705c01a9641,lexical_only,162.19470000032743,5.154299999958312,464.4195999999283,631.7686000002141,one shared preloaded model
syn-c551b3d1b2c9d23a,lexical_only,169.14219999989655,8.822000000236585,385.88709999976345,563.8512999998966,one shared preloaded model
syn-32789e5f49bc64a6,lexical_only,171.10970000021553,8.56149999981426,531.4785000000484,711.1497000000782,one shared preloaded model
syn-386d89fecb3d20bb,lexical_only,172.93580000023212,8.756300000186457,211.58770000010918,393.27980000052776,one shared preloaded model
syn-12a50197ffef4c22,lexical_only,175.98080000016125,5.628500000057102,450.9582999999111,632.5676000001295,one shared preloaded model
syn-5947f41a8ff1539a,lexical_only,178.1714999997348,8.61399999985224,947.7944000000207,1134.5798999996077,one shared preloaded model
syn-840162e2e1958fed,lexical_only,160.8937999999398,5.301400000007561,525.0645000000986,691.259700000046,one shared preloaded model
syn-bd9e129d1f40626e,lexical_only,183.77899999995861,8.522299999640381,458.81969999982175,651.1209999994207,one shared preloaded model
syn-425362ec9fc77bdc,lexical_only,170.07840000042052,8.886500000244268,478.91829999980473,657.8832000004695,one shared preloaded model
syn-68c5263957eb3120,lexical_only,174.0818999996918,8.533300000181043,408.45179999996617,591.066999999839,one shared preloaded model
syn-98212e7404d72787,lexical_only,177.36909999985073,8.474499999920226,442.10330000032627,627.9469000000972,one shared preloaded model
syn-324c8651400f2351,lexical_only,178.97339999990436,8.801700000276469,349.1794999999911,536.9546000001719,one shared preloaded model
syn-3184ea61e2fb7be9,lalm,599.0695999998934,10.643600000094011,488.6514999998326,1098.36469999982,one shared preloaded model
syn-22c6bdb8ffe26a7f,lalm,595.2894000001834,10.681799999929353,510.43339999978343,1116.4045999998962,one shared preloaded model
syn-ec419e05cac2296e,lalm,586.7602999996961,10.811899999680463,504.7623999998905,1102.334599999267,one shared preloaded model
syn-80a72186d517f2ce,lalm,579.7597999999198,8.60000000011496,451.48329999983616,1039.843099999871,one shared preloaded model
syn-7db076690fbc3753,lalm,603.6140999999589,10.49590000002354,331.4976999999999,945.6076999999823,one shared preloaded model
syn-04a768a7813e522b,lalm,601.2434999997822,10.538800000176707,491.7826000000787,1103.5649000000376,one shared preloaded model
syn-76f7994cfddf43bb,lalm,556.9378000000142,10.679200000140554,209.39839999982723,777.015399999982,one shared preloaded model
syn-18a651e195af657c,lalm,532.4897000000419,11.183499999788182,452.159599999959,995.8327999997891,one shared preloaded model
syn-3e2f52a74189847d,lalm,581.4117999998416,10.647600000083912,912.849400000141,1504.9088000000665,one shared preloaded model
syn-a5981936e888b05d,lalm,584.8864999998113,10.78349999988859,550.8411000000706,1146.5110999997705,one shared preloaded model
syn-cdd75cfda183e3b2,lalm,611.8127999998251,7.571599999664613,467.844199999945,1087.2285999994347,one shared preloaded model
syn-592bb98743185e43,lalm,547.2171999999773,10.548299999754818,490.17719999983456,1047.9426999995667,one shared preloaded model
syn-98811d5848d73e76,lalm,547.0214000001761,6.82890000007319,461.07549999987896,1014.9258000001282,one shared preloaded model
syn-acef4da3595c399d,lalm,582.3900999998841,10.506800000257499,514.6729999996751,1107.5698999998167,one shared preloaded model
syn-f6efac4f91d8625b,lalm,588.5880999999245,10.344799999984389,309.4946000001073,908.4275000000162,one shared preloaded model
syn-0d63be0511ae5af9,lalm,599.9065999999402,10.536100000081206,558.6026999999376,1169.045399999959,one shared preloaded model
syn-4663fa4ba1d66dee,lalm,520.3732999998465,7.194099999651371,333.6040999997749,861.1714999992728,one shared preloaded model
syn-51d4379cbad4bab3,lalm,511.6712999997617,11.124699999982113,831.1702999999397,1353.9662999996835,one shared preloaded model
syn-ab5d724962094030,lalm,602.7433999997811,10.607799999888812,487.31359999965207,1100.664799999322,one shared preloaded model
syn-6d56455bd742c9f8,lalm,490.7588000000942,7.085899999765388,409.52370000013616,907.3683999999957,one shared preloaded model
syn-7fef08d29afa3a32,lalm,614.5529000000352,10.610199999973702,447.17690000015864,1072.3400000001675,one shared preloaded model
syn-be109c50a482e72f,lalm,576.967699999841,10.527900000397494,434.95789999997214,1022.4535000002106,one shared preloaded model
syn-17f827c7f86b0146,lalm,586.7561000000023,10.528899999826535,473.93209999972896,1071.2170999995578,one shared preloaded model
syn-b17a40315c45de0f,lalm,608.0320999999458,10.463800000252377,585.1503000003504,1203.6462000005486,one shared preloaded model
syn-30e35446c0c83631,lalm,556.1337999997704,10.226200000033714,301.78360000036264,868.1436000001668,one shared preloaded model
syn-6f6424e1ba6b156c,lalm,568.3459000001676,6.8953999998484505,534.2824999997902,1109.5237999998062,one shared preloaded model
syn-3492c7511ac8001e,lalm,602.2339000001011,10.944999999992433,213.9246000001549,827.1035000002485,one shared preloaded model
syn-b38d7ec05bd4b7c1,lalm,606.9412000001648,11.759600000004866,528.3666000000267,1147.0674000001964,one shared preloaded model
syn-65836902c8c4fb31,lalm,573.7149999999929,7.737299999917013,766.8062000002465,1348.2585000001563,one shared preloaded model
syn-cf3b05abc57c5b5d,lalm,536.9169000000511,7.076400000187277,465.8655000002909,1009.8588000005293,one shared preloaded model
syn-3ed4626a735594c5,lalm,593.9134000000195,10.471500000221567,498.79609999970853,1103.1809999999496,one shared preloaded model
syn-05833e7a5ec0ef73,lalm,565.117999999984,10.628799999722105,570.1529000002665,1145.8996999999727,one shared preloaded model
syn-6f1331d8b4f66db4,lalm,580.3796999998667,8.732199999940349,485.36620000004405,1074.478099999851,one shared preloaded model
syn-ab1ad4c9a673b2e1,lalm,552.6217000001452,10.550899999998364,478.964200000064,1042.1368000002076,one shared preloaded model
syn-3ff6058f47e708b6,lalm,584.6632000002501,10.414399999717716,498.23639999976876,1093.3139999997366,one shared preloaded model
syn-1eab63b0938a68a6,lalm,562.4298000002455,10.69839999991018,503.2806000003802,1076.4088000005358,one shared preloaded model
syn-3159d98bc4b38777,lalm,547.1705999998449,10.363299999880837,211.88729999994393,769.4211999996696,one shared preloaded model
syn-d00aa07db2a733a8,lalm,601.4377000001332,11.109500000202388,474.4943000000603,1087.041500000396,one shared preloaded model
syn-a00ab7dad272697f,lalm,613.3073999999397,10.608200000206125,326.76530000026105,950.6809000004068,one shared preloaded model
syn-eec22a0f80d86268,lalm,528.1724000001304,6.840999999894848,489.6082000000206,1024.6216000000459,one shared preloaded model
syn-ebdb638850358381,lalm,618.4278000000631,10.307900000043446,453.048200000012,1081.7839000001186,one shared preloaded model
syn-45180ff595e4bb0c,lalm,589.6944000000985,10.308599999916623,493.39499999996406,1093.3979999999792,one shared preloaded model
syn-1b4176547af90d35,lalm,597.7735000001303,10.621100000207662,484.48529999996026,1092.8799000002982,one shared preloaded model
syn-db3f65bee2e5abc1,lalm,612.8290000001471,10.475500000211468,528.0527999998412,1151.3573000001998,one shared preloaded model
syn-e64413164bd3ab36,lalm,588.8299999996889,11.011600000074395,499.21309999990626,1099.0546999996695,one shared preloaded model
syn-536703e09a9e63fc,lalm,558.6655000001883,10.35120000005918,562.9880999999841,1132.0048000002316,one shared preloaded model
syn-8d1de9ac0b2a2f44,lalm,600.6176999999298,10.57619999983217,211.41469999975016,822.6085999995121,one shared preloaded model
syn-55fda4aea5330528,lalm,581.3858999999866,9.751799999776267,479.6936000002461,1070.831300000009,one shared preloaded model
syn-ade7c4dcf3e74f61,lalm,489.6770000000288,6.90279999980703,840.2552000002288,1336.8350000000646,one shared preloaded model
syn-00214e676bd909da,lalm,563.2808999998815,10.374400000273454,444.67359999998735,1018.3289000001423,one shared preloaded model
syn-c0e4ae9284dc0e8a,lalm,605.0102999997762,8.950800000093295,436.56860000010056,1050.52969999997,one shared preloaded model
syn-50ae5b88d34a1e66,lalm,583.5961000002499,7.180500000231405,518.8368999997692,1109.6135000002505,one shared preloaded model
syn-74e769ce209a7064,lalm,553.6114999999882,10.806500000398955,413.72620000038296,978.1442000007701,one shared preloaded model
syn-a05174b7934309a5,lalm,592.0485999999983,10.494300000118528,477.15599999992264,1079.6989000000394,one shared preloaded model
syn-6dd358fd7984e74e,lalm,608.6836999998013,10.675999999875785,295.5597000000125,914.9193999996896,one shared preloaded model
syn-67202d985228906f,lalm,600.429399999939,10.568400000011025,562.8701000000547,1173.8679000000047,one shared preloaded model
syn-6519c46e69c5d34e,lalm,596.9498999997995,10.408600000118895,205.8329000001322,813.1914000000506,one shared preloaded model
syn-5e6f4192d5fd38ce,lalm,595.6575999998677,11.082199999691511,450.98349999989296,1057.7232999994521,one shared preloaded model
syn-45da10d36182d1e7,lalm,608.6740999999165,10.435900000175025,861.1018000001422,1480.2118000002338,one shared preloaded model
syn-cbc253421461534a,lalm,545.0607999996464,7.04009999981281,455.5198999996719,1007.6207999991311,one shared preloaded model
syn-eb2bf1a3e2579dd0,lalm,586.1184000000321,10.271599999668979,478.69530000025406,1075.0852999999552,one shared preloaded model
syn-4f0d2d5ac5751a59,lalm,578.4333000001425,7.090000000061991,518.9172999998846,1104.440600000089,one shared preloaded model
syn-922375dde3652087,lalm,590.7186999997975,10.223000000223692,439.74500000012995,1040.6867000001512,one shared preloaded model
syn-b553c705c01a9641,lalm,535.0126999996974,10.58869999997114,475.1096999998481,1020.7110999995166,one shared preloaded model
syn-c551b3d1b2c9d23a,lalm,596.2124000002405,10.423599999739963,308.79189999996015,915.4278999999406,one shared preloaded model
syn-32789e5f49bc64a6,lalm,594.1139999999905,6.761600000118051,495.56510000002163,1096.4407000001302,one shared preloaded model
syn-386d89fecb3d20bb,lalm,597.2830999999132,10.863900000003923,274.2326000002322,882.3796000001494,one shared preloaded model
syn-12a50197ffef4c22,lalm,569.9524000001475,11.131700000078126,464.96079999997164,1046.0449000001972,one shared preloaded model
syn-5947f41a8ff1539a,lalm,565.9644000002118,7.0743000001129985,859.441600000082,1432.4803000004067,one shared preloaded model
syn-840162e2e1958fed,lalm,534.7375000001193,10.554700000284356,449.69799999989846,994.9902000003021,one shared preloaded model
syn-bd9e129d1f40626e,lalm,600.4997000000003,10.475500000211468,470.8887000001596,1081.8639000003714,one shared preloaded model
syn-425362ec9fc77bdc,lalm,622.6794999997765,7.010700000137149,465.2683999997862,1094.9585999996998,one shared preloaded model
syn-68c5263957eb3120,lalm,615.733800000271,10.356900000260794,417.6598999997623,1043.750600000294,one shared preloaded model
syn-98212e7404d72787,lalm,594.020300000011,6.483900000148424,499.02449999990495,1099.5287000000644,one shared preloaded model
syn-324c8651400f2351,lalm,575.0947000001361,10.406700000203273,608.7674999998853,1194.2689000002247,one shared preloaded model
syn-b8375518bac22b38,vanilla,2.282699999796023,0.0006999998731771484,293.62929999979315,295.91269999946235,one shared preloaded model
syn-1f08199a038b7f97,vanilla,0.21970000034343684,0.0006999998731771484,299.536800000169,299.75720000038564,one shared preloaded model
syn-ce7506e7f4259ef8,vanilla,0.21560000004683388,0.001100000190490391,247.71670000018275,247.93340000042008,one shared preloaded model
syn-5c399eceef5170c7,vanilla,0.2724000000853266,0.0006000000212225132,248.3781999999337,248.65120000004026,one shared preloaded model
syn-037d14a3be4a8fec,vanilla,0.2258999998048239,0.0006999998731771484,289.62270000010903,289.84929999978704,one shared preloaded model
syn-2d9cbcc1c28ca7c9,vanilla,0.2729999996518018,0.0006000000212225132,326.7986999999266,327.07229999959964,one shared preloaded model
syn-b81fa2bfea76a036,vanilla,0.2434000002722314,0.000499999714520527,327.0063999998456,327.25029999983235,one shared preloaded model
syn-751bb432ca6ab4e3,vanilla,0.27239999963057926,0.0006999998731771484,296.9671999999264,297.24029999943014,one shared preloaded model
syn-10aa7d59708212e4,vanilla,0.24439999970127246,0.0007999997251317836,256.4057999998113,256.6509999992377,one shared preloaded model
syn-4051368eb28c3d0a,vanilla,0.23669999973208178,0.0006999998731771484,241.0306000001583,241.26799999976356,one shared preloaded model
syn-f645a257132a748e,vanilla,0.23779999992257217,0.0006999998731771484,271.5877000000546,271.82619999985036,one shared preloaded model
syn-0a0c31269dd9d4ab,vanilla,0.27189999991605873,0.0007000003279244993,292.2429000000193,292.5155000002633,one shared preloaded model
syn-8a0543eac964e012,vanilla,0.2868999999918742,0.0006000000212225132,296.11019999993005,296.39769999994314,one shared preloaded model
syn-add6d9c28d545af0,vanilla,0.23819999978513806,0.0005000001692678779,278.5964000004242,278.8351000003786,one shared preloaded model
syn-fc10af4f2d3b459c,vanilla,0.23009999995338148,0.0006999998731771484,247.19850000019505,247.4293000000216,one shared preloaded model
syn-1d9012a94b230be2,vanilla,0.2791000001707289,0.0005999995664751623,292.138100000102,292.4177999998392,one shared preloaded model
syn-17d6a9e5c1a8c388,vanilla,0.24389999998675194,0.0006999998731771484,267.920199999935,268.1647999997949,one shared preloaded model
syn-d41561d7dffafc3a,vanilla,0.30379999998331186,0.0006999998731771484,395.1320000001033,395.4364999999598,one shared preloaded model
syn-40e6116fcd71270f,vanilla,0.35590000015872647,0.0010999997357430402,314.23960000029183,314.5966000001863,one shared preloaded model
syn-ef10fa9a23d2541a,vanilla,0.25319999986095354,0.0006000000212225132,253.8886000002094,254.14240000009158,one shared preloaded model
syn-ad67391af4f1d801,vanilla,0.5305999998199695,0.0012000000424450263,286.61620000002586,287.14799999988827,one shared preloaded model
syn-4007c1c2d1950821,vanilla,0.22880000005898182,0.0006000000212225132,263.9546000000337,264.1840000001139,one shared preloaded model
syn-6d5e288bf52dd937,vanilla,0.23049999981594738,0.0006999998731771484,246.38379999987592,246.61499999956504,one shared preloaded model
syn-0cf8fe071517012a,vanilla,0.2563000002737681,0.0007999997251317836,221.4614999998048,221.7185999998037,one shared preloaded model
syn-5d2a42f357b8d35d,vanilla,0.23020000026008347,0.0006000000212225132,231.79519999985132,232.02600000013263,one shared preloaded model
syn-883c5694e0309a97,vanilla,0.25519999962853035,0.0007000003279244993,254.7300000001087,254.98590000006516,one shared preloaded model
syn-38a7418027247d19,vanilla,0.22119999994174577,0.0006000000212225132,220.75210000002699,220.97389999998995,one shared preloaded model
syn-220817b86c83f973,vanilla,0.2589000000625674,0.0007000003279244993,247.88370000032955,248.14330000072005,one shared preloaded model
syn-9fc7bd3d9ad9d443,vanilla,0.24520000033589895,0.0006000000212225132,297.2479999998541,297.4938000002112,one shared preloaded model
syn-182e67e0f39865ad,vanilla,0.24300000040966552,0.000499999714520527,330.22859999982757,330.47209999995175,one shared preloaded model
syn-500dd9430415f18a,vanilla,0.23549999968963675,0.0006999998731771484,259.8878999997396,260.1240999993024,one shared preloaded model
syn-490d1067f7890d25,vanilla,0.23710000004939502,0.0006999998731771484,271.1047000002509,271.34250000017346,one shared preloaded model
syn-8299c279db5bc50c,vanilla,0.26630000002114684,0.0006000000212225132,321.6789999996763,321.9458999997187,one shared preloaded model
syn-04e63e0f109b7e2e,vanilla,0.24069999972198275,0.0006000000212225132,356.50759999998627,356.7488999997295,one shared preloaded model
syn-9f0881eeaf4feac8,vanilla,0.2640000002429588,0.0012000000424450263,217.71239999998215,217.97760000026756,one shared preloaded model
syn-07e5b62a5fea82e7,vanilla,0.3054999997402774,0.0008000001798791345,278.2068999999865,278.51319999990665,one shared preloaded model
syn-ac07e333c9e2fac9,vanilla,0.26289999959772103,0.0006999998731771484,254.19959999999264,254.46319999946354,one shared preloaded model
syn-a1e6603e161c11bb,vanilla,0.230699999974604,0.0005000001692678779,236.41500000030646,236.64620000045034,one shared preloaded model
syn-9eeaf666e7e73cc7,vanilla,0.24750000011408702,0.0006000000212225132,242.92900000000373,243.17710000013903,one shared preloaded model
syn-60c83a4e25aee05b,vanilla,0.23050000027069473,0.0005000001692678779,236.48400000001857,236.71500000045853,one shared preloaded model
syn-bbc281ac35d5b4d9,vanilla,0.22579999995286926,0.0006000000212225132,237.24810000021535,237.47450000018944,one shared preloaded model
syn-e330f0d4273ebc02,vanilla,0.2602999998089217,0.0006000000212225132,240.21730000004027,240.4781999998704,one shared preloaded model
syn-485bd0968bf77aff,vanilla,0.24560000019846484,0.0007000003279244993,263.3159000001797,263.56220000070607,one shared preloaded model
syn-e7506d24070775c8,vanilla,0.2465000002302986,0.0006999998731771484,275.52590000004784,275.7731000001513,one shared preloaded model
syn-76ece61feecd2dba,vanilla,0.22630000012213713,0.0006000000212225132,278.6543000001984,278.8812000003418,one shared preloaded model
syn-0425a858ccd3c563,vanilla,0.2687000001060369,0.0006999998731771484,257.64650000019174,257.91590000017095,one shared preloaded model
syn-0b9c68ecf682db0e,vanilla,0.27199999976801337,0.0008000001798791345,224.65340000007927,224.92620000002717,one shared preloaded model
syn-ff21f67c264067b6,vanilla,0.22850000004837057,0.0006999998731771484,242.11550000018178,242.34470000010333,one shared preloaded model
syn-1b8349b4324628e2,vanilla,0.23289999990083743,0.0006000000212225132,241.21359999980996,241.44709999973202,one shared preloaded model
syn-9ac6058259675556,vanilla,0.26359999992564553,0.0007000003279244993,272.20489999990605,272.4692000001596,one shared preloaded model
syn-b8375518bac22b38,window,0.3986000001532375,0.007899999673099956,518.836299999748,519.2427999995743,one shared preloaded model
syn-1f08199a038b7f97,window,0.36499999987427145,0.0038999996831989847,552.9490999997506,553.3179999993081,one shared preloaded model
syn-ce7506e7f4259ef8,window,2.709299999878567,0.05070000042906031,523.8578000003145,526.6178000006221,one shared preloaded model
syn-5c399eceef5170c7,window,0.36670000008598436,0.007300000106624793,492.83650000006674,493.21050000025934,one shared preloaded model
syn-037d14a3be4a8fec,window,0.4831999999623804,0.005200000032345997,553.7279000000126,554.2163000000073,one shared preloaded model
syn-2d9cbcc1c28ca7c9,window,0.36780000027647475,0.007900000127847306,528.1119000001127,528.487600000517,one shared preloaded model
syn-b81fa2bfea76a036,window,0.39199999991978984,0.0068999997893115506,501.9540000002962,502.3529000000053,one shared preloaded model
syn-751bb432ca6ab4e3,window,0.35859999979948043,0.009200000022246968,515.6031000001349,515.9708999999566,one shared preloaded model
syn-10aa7d59708212e4,window,0.36959999988539494,0.004099999841855606,515.5695999997079,515.9432999994351,one shared preloaded model
syn-4051368eb28c3d0a,window,0.35089999983028974,0.007999999979801942,591.3771999998971,591.7360999997072,one shared preloaded model
syn-f645a257132a748e,window,0.3815000000031432,0.004100000296602957,525.6834000001618,526.0690000004615,one shared preloaded model
syn-0a0c31269dd9d4ab,window,0.35049999996772385,0.0036999999792897142,534.7308999998859,535.0850999998329,one shared preloaded model
syn-8a0543eac964e012,window,0.43679999998857966,0.008400000297115184,543.5449999999946,543.9902000002803,one shared preloaded model
syn-add6d9c28d545af0,window,0.3666000002340297,0.004199999693810241,522.7647999995497,523.1355999994776,one shared preloaded model
syn-fc10af4f2d3b459c,window,0.40129999979399145,0.0033999999686784577,535.1808999998866,535.5855999996493,one shared preloaded model
syn-1d9012a94b230be2,window,0.3712000002451532,0.0033999999686784577,525.5207999998674,525.8954000000813,one shared preloaded model
syn-17d6a9e5c1a8c388,window,0.38759999961257563,0.008999999863590347,491.3578000000598,491.75439999953596,one shared preloaded model
syn-d41561d7dffafc3a,window,0.6303000000116299,0.005200000032345997,513.3359000001292,513.9714000001732,one shared preloaded model
syn-40e6116fcd71270f,window,0.3513999999995576,0.008299999990413198,524.0380000000187,524.3977000000086,one shared preloaded model
syn-ef10fa9a23d2541a,window,0.4837999999836029,0.004699999863078119,478.9780000000974,479.46649999994406,one shared preloaded model
syn-ad67391af4f1d801,window,0.3592000002754503,0.0038000002859917004,481.64070000029824,482.0037000008597,one shared preloaded model
syn-4007c1c2d1950821,window,0.44990000014877296,0.004300000000512227,474.3327999999565,474.78700000010576,one shared preloaded model
syn-6d5e288bf52dd937,window,0.38719999975000974,0.004199999693810241,476.3938999999482,476.785299999392,one shared preloaded model
syn-0cf8fe071517012a,window,0.36809999983233865,0.006499999926745659,476.23569999996107,476.61029999972016,one shared preloaded model
syn-5d2a42f357b8d35d,window,0.3639000001385284,0.003999999989900971,441.9436999996833,442.31159999981173,one shared preloaded model
syn-883c5694e0309a97,window,0.3872000002047571,0.003499999820633093,484.9994000001061,485.3901000001315,one shared preloaded model
syn-38a7418027247d19,window,0.35459999980957946,0.003999999989900971,437.8932999998142,438.25189999961367,one shared preloaded model
syn-220817b86c83f973,window,0.387600000067323,0.0038999996831989847,487.48650000015914,487.87799999990966,one shared preloaded model
syn-9fc7bd3d9ad9d443,window,0.49339999986841576,0.004999999873689376,483.13599999983126,483.63439999957336,one shared preloaded model
syn-182e67e0f39865ad,window,0.9566999997332459,0.0069000002440589014,478.8661999996293,479.8297999996066,one shared preloaded model
syn-500dd9430415f18a,window,0.3470999999990454,0.004399999852466863,482.67519999990327,483.0266999997548,one shared preloaded model
syn-490d1067f7890d25,window,0.39259999994101236,0.0037999998312443495,466.8882000000849,467.28459999985716,one shared preloaded model
syn-8299c279db5bc50c,window,0.35280000020065927,0.0038000002859917004,462.15170000004946,462.5083000005361,one shared preloaded model
syn-04e63e0f109b7e2e,window,0.35370000023249304,0.004399999852466863,462.2561000001042,462.61420000018916,one shared preloaded model
syn-9f0881eeaf4feac8,window,0.3868999997393985,0.0036999999792897142,467.8804999998647,468.2710999995834,one shared preloaded model
syn-07e5b62a5fea82e7,window,0.3613999997469364,0.0039000001379463356,468.06789999982357,468.43319999970845,one shared preloaded model
syn-ac07e333c9e2fac9,window,0.3855999998449988,0.004600000011123484,478.54300000017247,478.9332000000286,one shared preloaded model
syn-a1e6603e161c11bb,window,0.36610000006476184,0.0039000001379463356,467.41540000039095,467.78540000059365,one shared preloaded model
syn-9eeaf666e7e73cc7,window,0.35160000015821424,0.0036999999792897142,469.7446999998647,470.1000000000022,one shared preloaded model
syn-60c83a4e25aee05b,window,0.3604999997151026,0.0036999999792897142,466.0751999999775,466.4393999996719,one shared preloaded model
syn-bbc281ac35d5b4d9,window,0.38829999994050013,0.0069000002440589014,476.54370000009294,476.9389000002775,one shared preloaded model
syn-e330f0d4273ebc02,window,0.36349999982121517,0.004300000000512227,469.2736000001787,469.64140000000043,one shared preloaded model
syn-485bd0968bf77aff,window,0.3553999999894586,0.0037999998312443495,470.280499999717,470.6396999995377,one shared preloaded model
syn-e7506d24070775c8,window,0.3903000001628243,0.0037999998312443495,471.3759999999638,471.7700999999579,one shared preloaded model
syn-76ece61feecd2dba,window,0.3434000000197557,0.0039000001379463356,431.8426999998337,432.1899999999914,one shared preloaded model
syn-0425a858ccd3c563,window,0.3575000000637374,0.009899999895424116,466.5821999997206,466.9495999996798,one shared preloaded model
syn-0b9c68ecf682db0e,window,0.3863000001729233,0.006600000233447645,475.47649999978603,475.8694000001924,one shared preloaded model
syn-ff21f67c264067b6,window,0.3513999999995576,0.004699999863078119,475.39450000022043,475.75060000008307,one shared preloaded model
syn-1b8349b4324628e2,window,0.5580000001828012,0.004600000011123484,469.87620000027164,470.43880000046556,one shared preloaded model
syn-9ac6058259675556,window,0.3901999998561223,0.0037999998312443495,475.08620000007795,475.4801999997653,one shared preloaded model
syn-b8375518bac22b38,rag,159.36220000003232,5.241100000148435,353.7092000001394,518.3125000003201,one shared preloaded model
syn-1f08199a038b7f97,rag,160.72089999988748,5.492699999649631,338.38539999987916,504.59899999941626,one shared preloaded model
syn-ce7506e7f4259ef8,rag,163.05000000011205,5.624500000067201,331.3197000002219,499.9942000004012,one shared preloaded model
syn-5c399eceef5170c7,rag,161.0577999999805,5.420500000127504,323.7080999997488,490.1863999998568,one shared preloaded model
syn-037d14a3be4a8fec,rag,158.09519999993427,5.186599999888131,259.1656999998122,422.4474999996346,one shared preloaded model
syn-2d9cbcc1c28ca7c9,rag,170.16209999974308,5.706999999802065,367.5809000001209,543.449999999666,one shared preloaded model
syn-b81fa2bfea76a036,rag,157.43919999977152,5.582500000400614,201.64319999958025,364.6648999997524,one shared preloaded model
syn-751bb432ca6ab4e3,rag,154.1466000003311,10.02310000012585,372.8172999999515,536.9870000004084,one shared preloaded model
syn-10aa7d59708212e4,rag,159.51749999976528,5.606199999874661,607.2962000002917,772.4198999999317,one shared preloaded model
syn-4051368eb28c3d0a,rag,165.19330000028276,6.2269000000014785,339.39109999982975,510.811300000114,one shared preloaded model
syn-f645a257132a748e,rag,157.0185999999012,5.603600000085862,331.34849999987637,493.9706999998634,one shared preloaded model
syn-0a0c31269dd9d4ab,rag,161.89829999984795,5.608999999822117,394.0434999999525,561.5507999996225,one shared preloaded model
syn-8a0543eac964e012,rag,157.45389999983672,5.554999999731081,310.3980999999294,473.4069999994972,one shared preloaded model
syn-add6d9c28d545af0,rag,159.79179999976623,5.526400000235299,384.46650000014415,549.7847000001457,one shared preloaded model
syn-fc10af4f2d3b459c,rag,159.9464999999327,5.317799999829731,270.3725999999733,435.63689999973576,one shared preloaded model
syn-1d9012a94b230be2,rag,161.71769999982644,5.645100000037928,341.58620000016526,508.9490000000296,one shared preloaded model
syn-17d6a9e5c1a8c388,rag,157.50839999964228,5.544399999962479,126.95690000009563,290.0096999997004,one shared preloaded model
syn-d41561d7dffafc3a,rag,185.260499999913,5.703899999843998,355.51799999984723,546.4823999996042,one shared preloaded model
syn-40e6116fcd71270f,rag,156.9056999996974,5.5244000000129745,630.5771000002096,793.00719999992,one shared preloaded model
syn-ef10fa9a23d2541a,rag,159.98499999977867,4.551200000150857,356.49770000009084,521.0339000000204,one shared preloaded model
syn-ad67391af4f1d801,rag,157.66470000016852,5.492600000252423,369.59329999990587,532.7506000003268,one shared preloaded model
syn-4007c1c2d1950821,rag,158.27179999996588,6.454100000155449,365.4301999999916,530.1561000001129,one shared preloaded model
syn-6d5e288bf52dd937,rag,163.2555000001048,5.430299999716226,329.84620000024734,498.53200000006836,one shared preloaded model
syn-0cf8fe071517012a,rag,156.12340000006952,6.227800000033312,351.6128999999637,513.9641000000665,one shared preloaded model
syn-5d2a42f357b8d35d,rag,156.79339999996955,5.455200000142213,250.83540000014182,413.0840000002536,one shared preloaded model
syn-883c5694e0309a97,rag,155.62280000040118,4.69680000014705,344.2768999998407,504.5965000003889,one shared preloaded model
syn-38a7418027247d19,rag,169.16470000023764,5.077100000107748,243.57170000030237,417.81350000064776,one shared preloaded model
syn-220817b86c83f973,rag,155.3146999999626,5.743799999891053,349.8082000000977,510.8666999999514,one shared preloaded model
syn-9fc7bd3d9ad9d443,rag,159.15139999970052,6.224199999905977,581.8030000000363,747.1785999996428,one shared preloaded model
syn-182e67e0f39865ad,rag,157.5063999998747,5.37850000000617,364.885299999969,527.7701999998499,one shared preloaded model
syn-500dd9430415f18a,rag,158.60040000006848,5.368799999814655,342.48939999997674,506.45859999985987,one shared preloaded model
syn-490d1067f7890d25,rag,159.23709999970015,5.165799999758747,339.0886000001956,503.4914999996545,one shared preloaded model
syn-8299c279db5bc50c,rag,161.84460000022227,5.25259999994887,361.8780000001607,528.9752000003318,one shared preloaded model
syn-04e63e0f109b7e2e,rag,157.3262000001705,5.461400000058347,352.7348000002348,515.5224000004637,one shared preloaded model
syn-9f0881eeaf4feac8,rag,159.79429999970307,5.730200000016339,279.6245999998064,445.1490999995258,one shared preloaded model
syn-07e5b62a5fea82e7,rag,159.24489999997604,5.696700000044075,383.69079999984024,548.6323999998604,one shared preloaded model
syn-ac07e333c9e2fac9,rag,167.48969999980545,4.812000000129046,145.0961999998981,317.3978999998326,one shared preloaded model
syn-a1e6603e161c11bb,rag,176.45989999982703,9.225700000115467,301.9877000001543,487.6733000000968,one shared preloaded model
syn-9eeaf666e7e73cc7,rag,156.85969999958616,5.466600000090693,588.0084000000352,750.334699999712,one shared preloaded model
syn-60c83a4e25aee05b,rag,157.32840000009674,5.857100000412174,277.8046000003087,440.9901000008176,one shared preloaded model
syn-bbc281ac35d5b4d9,rag,258.60489999968195,5.320599999777187,363.5855000002266,627.5109999996857,one shared preloaded model
syn-e330f0d4273ebc02,rag,154.11829999993643,5.204000000048836,329.498699999931,488.82099999991624,one shared preloaded model
syn-485bd0968bf77aff,rag,158.8982000002943,5.461400000058347,315.07990000000063,479.4395000003533,one shared preloaded model
syn-e7506d24070775c8,rag,158.958900000016,5.537300000014511,344.2011000001912,508.69730000022173,one shared preloaded model
syn-76ece61feecd2dba,rag,156.3437999998314,5.419999999958236,243.8798999996834,405.64369999947303,one shared preloaded model
syn-0425a858ccd3c563,rag,156.0218999998142,6.0493000000860775,350.30619999997725,512.3773999998775,one shared preloaded model
syn-0b9c68ecf682db0e,rag,159.79760000027454,5.392600000050152,153.1577999999172,318.3480000002419,one shared preloaded model
syn-ff21f67c264067b6,rag,168.45379999995203,5.50489999977799,317.15029999986655,491.10899999959656,one shared preloaded model
syn-1b8349b4324628e2,rag,160.78980000020238,4.392199999983859,614.6460999998453,779.8281000000316,one shared preloaded model
syn-9ac6058259675556,rag,160.52490000038233,5.614900000182388,368.4494999997696,534.5893000003343,one shared preloaded model
syn-b8375518bac22b38,pure_liquid,932.4016000000483,10.401699999874836,208.989499999916,1151.7927999998392,one shared preloaded model
syn-1f08199a038b7f97,pure_liquid,875.4206999997223,7.58380000024772,222.73590000031618,1105.7404000002862,one shared preloaded model
syn-ce7506e7f4259ef8,pure_liquid,769.5423000000119,7.267999999839958,151.0286000002452,927.838900000097,one shared preloaded model
syn-5c399eceef5170c7,pure_liquid,844.2426999999952,10.518800000227202,209.9804000004042,1064.7419000006266,one shared preloaded model
syn-037d14a3be4a8fec,pure_liquid,1174.0820999998505,10.43600000002698,132.42639999998573,1316.9444999998632,one shared preloaded model
syn-2d9cbcc1c28ca7c9,pure_liquid,1092.286999999942,10.361099999954604,266.4759999997841,1369.1240999996808,one shared preloaded model
syn-b81fa2bfea76a036,pure_liquid,1103.161199999704,10.300899999947433,216.0956000002443,1329.5576999998957,one shared preloaded model
syn-751bb432ca6ab4e3,pure_liquid,1191.7140999998992,11.266299999988405,465.89350000022023,1668.8739000001078,one shared preloaded model
syn-10aa7d59708212e4,pure_liquid,1171.7447000000902,10.744199999862758,640.9926000001178,1823.4815000000708,one shared preloaded model
syn-4051368eb28c3d0a,pure_liquid,1178.4479000002648,10.459499999797117,210.51870000019335,1399.4261000002552,one shared preloaded model
syn-f645a257132a748e,pure_liquid,1171.8415000000277,10.449899999912304,145.85140000008323,1328.1428000000233,one shared preloaded model
syn-0a0c31269dd9d4ab,pure_liquid,1139.1254000000117,10.613700000249082,210.24249999982203,1359.9816000000828,one shared preloaded model
syn-8a0543eac964e012,pure_liquid,1219.3222999999307,10.358500000165805,209.24689999992552,1438.927700000022,one shared preloaded model
syn-add6d9c28d545af0,pure_liquid,1202.5776000000405,10.757399999874906,211.30369999991672,1424.6386999998322,one shared preloaded model
syn-fc10af4f2d3b459c,pure_liquid,1128.098499999851,7.877000000007683,142.62989999997444,1278.605399999833,one shared preloaded model
syn-1d9012a94b230be2,pure_liquid,952.0456999998714,9.283599999889702,340.45730000025287,1301.786600000014,one shared preloaded model
syn-17d6a9e5c1a8c388,pure_liquid,923.1832000000395,10.771400000066933,174.30019999983415,1108.2547999999406,one shared preloaded model
syn-d41561d7dffafc3a,pure_liquid,868.940300000304,7.464499999969121,412.1268999997483,1288.5317000000214,one shared preloaded model
syn-40e6116fcd71270f,pure_liquid,806.6599999997379,10.331399999813584,376.8887999999606,1193.8801999995121,one shared preloaded model
syn-ef10fa9a23d2541a,pure_liquid,847.4333000003753,7.019599999694037,185.33280000019658,1039.785700000266,one shared preloaded model
syn-ad67391af4f1d801,pure_liquid,792.7442000000156,10.36149999981717,266.255099999853,1069.3607999996857,one shared preloaded model
syn-4007c1c2d1950821,pure_liquid,733.9594999998553,10.303000000021711,123.51399999988644,867.7764999997635,one shared preloaded model
syn-6d5e288bf52dd937,pure_liquid,825.1514999997198,7.1394000001419045,170.80209999994622,1003.092999999808,one shared preloaded model
syn-0cf8fe071517012a,pure_liquid,844.2265000003317,7.100700000137294,110.72669999975915,962.0539000002282,one shared preloaded model
syn-5d2a42f357b8d35d,pure_liquid,931.5434000000096,10.53090000004886,109.11829999986367,1051.192599999922,one shared preloaded model
syn-883c5694e0309a97,pure_liquid,889.2262000003939,10.460499999680906,264.279500000157,1163.9662000002318,one shared preloaded model
syn-38a7418027247d19,pure_liquid,855.4915000004257,10.460299999976996,161.4466999999422,1027.398500000345,one shared preloaded model
syn-220817b86c83f973,pure_liquid,919.635599999765,11.096899999756715,227.59429999996428,1158.326799999486,one shared preloaded model
syn-9fc7bd3d9ad9d443,pure_liquid,867.9623000002721,10.229500000150438,562.7582999995866,1440.9501000000091,one shared preloaded model
syn-182e67e0f39865ad,pure_liquid,781.9873000003099,6.705900000270049,120.31949999982317,909.0127000004031,one shared preloaded model
syn-500dd9430415f18a,pure_liquid,846.3489999999183,9.910600000239356,208.4538999997676,1064.7134999999253,one shared preloaded model
syn-490d1067f7890d25,pure_liquid,856.6359000001285,6.233399999928224,150.38060000006226,1013.2499000001189,one shared preloaded model
syn-8299c279db5bc50c,pure_liquid,862.6844000000347,7.7329000000645465,159.77740000016638,1030.1947000002656,one shared preloaded model
syn-04e63e0f109b7e2e,pure_liquid,814.0392000000247,6.633800000145129,202.85119999971357,1023.5241999998834,one shared preloaded model
syn-9f0881eeaf4feac8,pure_liquid,769.2583999996714,7.066300000133197,124.05930000022636,900.3840000000309,one shared preloaded model
syn-07e5b62a5fea82e7,pure_liquid,842.4972000002526,10.296899999957532,240.76119999972434,1093.5552999999345,one shared preloaded model
syn-ac07e333c9e2fac9,pure_liquid,787.6226000003044,6.92879999996876,148.39429999983622,942.9457000001094,one shared preloaded model
syn-a1e6603e161c11bb,pure_liquid,855.6910000002063,10.757500000181608,252.1796999999424,1118.6282000003303,one shared preloaded model
syn-9eeaf666e7e73cc7,pure_liquid,766.5608000002067,7.205599999906553,614.6134999999049,1388.379900000018,one shared preloaded model
syn-60c83a4e25aee05b,pure_liquid,798.5229999999319,10.298200000306679,160.42530000004263,969.2465000002812,one shared preloaded model
syn-bbc281ac35d5b4d9,pure_liquid,819.23420000021,7.240200000069308,219.59109999988868,1046.065500000168,one shared preloaded model
syn-e330f0d4273ebc02,pure_liquid,891.5802999999869,10.38399999970352,165.5172999999195,1067.48159999961,one shared preloaded model
syn-485bd0968bf77aff,pure_liquid,944.9531999998726,10.586500000044907,218.42389999983425,1173.9635999997518,one shared preloaded model
syn-e7506d24070775c8,pure_liquid,1164.8501999998189,10.41419999955906,208.88939999986178,1384.1537999992397,one shared preloaded model
syn-76ece61feecd2dba,pure_liquid,1190.0989999999183,7.061700000122073,96.05379999993602,1293.2144999999764,one shared preloaded model
syn-0425a858ccd3c563,pure_liquid,1056.1703000003035,10.743899999852147,256.0022000002391,1322.9164000003948,one shared preloaded model
syn-0b9c68ecf682db0e,pure_liquid,1144.5844999998371,10.277799999585113,208.0166000000645,1362.8788999994867,one shared preloaded model
syn-ff21f67c264067b6,pure_liquid,1167.546200000288,11.446900000009919,523.3051999998679,1702.298300000166,one shared preloaded model
syn-1b8349b4324628e2,pure_liquid,1187.0527000000948,10.76229999989664,795.8162999998422,1993.6312999998336,one shared preloaded model
syn-9ac6058259675556,pure_liquid,1174.9611999998706,10.396799999853101,217.16220000007525,1402.520199999799,one shared preloaded model
syn-b8375518bac22b38,lexical_only,370.59640000006766,7.344799999827956,492.62450000014724,870.5657000000429,one shared preloaded model
syn-1f08199a038b7f97,lexical_only,366.5259999997943,8.800999999948544,412.57120000000214,787.898199999745,one shared preloaded model
syn-ce7506e7f4259ef8,lexical_only,368.812600000183,9.117699999933393,510.8050999997431,888.7353999998595,one shared preloaded model
syn-5c399eceef5170c7,lexical_only,360.48680000021704,8.483399999931862,464.8661999999604,833.8364000001093,one shared preloaded model
syn-037d14a3be4a8fec,lexical_only,345.8823000000848,5.415600000105769,352.8001999998196,704.0981000000102,one shared preloaded model
syn-2d9cbcc1c28ca7c9,lexical_only,352.89279999960854,8.303300000079616,476.19980000035866,837.3959000000468,one shared preloaded model
syn-b81fa2bfea76a036,lexical_only,347.338800000216,8.503600000040024,209.62610000015047,565.4685000004065,one shared preloaded model
syn-751bb432ca6ab4e3,lexical_only,366.8606000001091,9.10249999969892,465.56550000013885,841.5285999999469,one shared preloaded model
syn-10aa7d59708212e4,lexical_only,358.3266000000549,8.008299999801238,843.0039000004399,1209.338800000296,one shared preloaded model
syn-4051368eb28c3d0a,lexical_only,357.1762999999919,5.057200000010198,552.1647000000485,914.3982000000506,one shared preloaded model
syn-f645a257132a748e,lexical_only,375.19849999989674,9.584500000073604,544.1896000002089,928.9726000001792,one shared preloaded model
syn-0a0c31269dd9d4ab,lexical_only,387.17799999994895,8.911899999930029,405.5062000002181,801.5961000000971,one shared preloaded model
syn-8a0543eac964e012,lexical_only,360.55609999993976,5.009800000152609,469.7868000002927,835.3527000003851,one shared preloaded model
syn-add6d9c28d545af0,lexical_only,341.6194000001269,5.6550000003881,455.79929999985325,803.0737000003683,one shared preloaded model
syn-fc10af4f2d3b459c,lexical_only,363.48980000002484,7.832300000245596,397.6733999998032,768.9955000000737,one shared preloaded model
syn-1d9012a94b230be2,lexical_only,361.2115000000813,8.214699999825825,479.7386000000188,849.1647999999259,one shared preloaded model
syn-17d6a9e5c1a8c388,lexical_only,372.2904999999628,8.701599999767495,378.806799999893,759.7988999996232,one shared preloaded model
syn-d41561d7dffafc3a,lexical_only,366.21439999998984,5.869600000096398,435.31750000011016,807.4015000001964,one shared preloaded model
syn-40e6116fcd71270f,lexical_only,349.8045999999704,4.955999999765481,868.1610999997247,1222.9216999994605,one shared preloaded model
syn-ef10fa9a23d2541a,lexical_only,343.00989999974263,8.146599999690807,451.3244999998278,802.4809999992613,one shared preloaded model
syn-ad67391af4f1d801,lexical_only,366.5108999998665,9.121000000050117,520.3009000001657,895.9328000000824,one shared preloaded model
syn-4007c1c2d1950821,lexical_only,365.88239999991856,8.884399999715242,427.7741999999307,802.5409999995645,one shared preloaded model
syn-6d5e288bf52dd937,lexical_only,378.17089999998643,5.563400000028196,439.06379999998535,822.7981,one shared preloaded model
syn-0cf8fe071517012a,lexical_only,363.569500000267,5.652299999837851,524.468699999943,893.6905000000479,one shared preloaded model
syn-5d2a42f357b8d35d,lexical_only,354.8619999996845,7.393500000034692,365.20710000013423,727.4625999998534,one shared preloaded model
syn-883c5694e0309a97,lexical_only,368.7678000001142,6.708299999900191,446.4088999998239,821.8849999998383,one shared preloaded model
syn-38a7418027247d19,lexical_only,365.6727999996292,7.496199999877717,597.846699999991,971.0156999994979,one shared preloaded model
syn-220817b86c83f973,lexical_only,362.8590999996959,9.222200000294833,487.45770000004995,859.5390000000407,one shared preloaded model
syn-9fc7bd3d9ad9d443,lexical_only,353.1087999999727,8.503499999733322,806.7363000000114,1168.3485999997174,one shared preloaded model
syn-182e67e0f39865ad,lexical_only,353.8536999999451,5.513799999789626,419.6777999995902,779.0452999993249,one shared preloaded model
syn-500dd9430415f18a,lexical_only,352.53560000001016,8.850400000028458,522.4657999997362,883.8517999997748,one shared preloaded model
syn-490d1067f7890d25,lexical_only,346.57060000017736,5.214899999828049,536.8763000001309,888.6618000001363,one shared preloaded model
syn-8299c279db5bc50c,lexical_only,361.80510000031063,8.380599999782135,450.58659999995143,820.7723000000442,one shared preloaded model
syn-04e63e0f109b7e2e,lexical_only,360.96520000000965,8.091599999715982,449.4300999999723,818.4868999996979,one shared preloaded model
syn-9f0881eeaf4feac8,lexical_only,367.53120000003037,8.62379999989571,395.8874999998443,772.0424999997704,one shared preloaded model
syn-07e5b62a5fea82e7,lexical_only,382.1426999998039,6.153900000299473,661.596500000087,1049.8931000001903,one shared preloaded model
syn-ac07e333c9e2fac9,lexical_only,358.4174000002349,8.43929999973625,330.03770000004806,696.8944000000192,one shared preloaded model
syn-a1e6603e161c11bb,lexical_only,382.9243000000133,9.675299999798881,556.8879000002198,949.487500000032,one shared preloaded model
syn-9eeaf666e7e73cc7,lexical_only,370.99050000006173,9.153299999979936,815.7461999999214,1195.889999999963,one shared preloaded model
syn-60c83a4e25aee05b,lexical_only,380.3501999996115,8.708999999726075,596.3839000000917,985.4430999994293,one shared preloaded model
syn-bbc281ac35d5b4d9,lexical_only,356.02390000030937,8.523800000148185,495.01120000013543,859.558900000593,one shared preloaded model
syn-e330f0d4273ebc02,lexical_only,366.239499999665,8.427100000062637,521.8620999999075,896.5286999996351,one shared preloaded model
syn-485bd0968bf77aff,lexical_only,354.7032000001309,5.202400000143825,433.7989999999081,793.7046000001828,one shared preloaded model
syn-e7506d24070775c8,lexical_only,346.9141000000491,8.545799999865267,518.1125999997676,873.5724999996819,one shared preloaded model
syn-76ece61feecd2dba,lexical_only,356.49019999982556,6.352800000058778,387.1603999996296,750.0033999995139,one shared preloaded model
syn-0425a858ccd3c563,lexical_only,360.56680000001506,8.401099999900907,542.4378999996406,911.4057999995566,one shared preloaded model
syn-0b9c68ecf682db0e,lexical_only,364.5857999999862,8.673799999996845,211.59020000004602,584.8498000000291,one shared preloaded model
syn-ff21f67c264067b6,lexical_only,347.7155999999013,9.461000000101194,484.3338999999105,841.510499999913,one shared preloaded model
syn-1b8349b4324628e2,lexical_only,360.04989999992176,8.479900000111229,725.7374999999229,1094.2672999999559,one shared preloaded model
syn-9ac6058259675556,lexical_only,366.26079999996364,8.80570000026637,438.14279999969585,813.2092999999259,one shared preloaded model
syn-b8375518bac22b38,lalm,1221.9092000000273,10.58710000006613,474.2254000002504,1706.7217000003438,one shared preloaded model
syn-1f08199a038b7f97,lalm,1073.2364000000416,10.284800000135874,451.05439999997543,1534.575600000153,one shared preloaded model
syn-ce7506e7f4259ef8,lalm,1143.1480999999621,10.561500000221713,529.762699999992,1683.472300000176,one shared preloaded model
syn-5c399eceef5170c7,lalm,1127.9485000000022,10.558299999956944,423.69250000001557,1562.1992999999748,one shared preloaded model
syn-037d14a3be4a8fec,lalm,1192.8455000002032,7.318699999814271,315.18419999974867,1515.3483999997661,one shared preloaded model
syn-2d9cbcc1c28ca7c9,lalm,1097.738400000253,10.582800000065617,557.5586000004478,1665.8798000007664,one shared preloaded model
syn-b81fa2bfea76a036,lalm,1121.6177999999672,7.704300000114017,195.29529999999795,1324.6174000000792,one shared preloaded model
syn-751bb432ca6ab4e3,lalm,1109.6690999997918,10.124999999788997,428.5293999996611,1548.323499999242,one shared preloaded model
syn-10aa7d59708212e4,lalm,1174.5821999998043,10.798499999964406,736.4268000001175,1921.8074999998862,one shared preloaded model
syn-4051368eb28c3d0a,lalm,1124.9829000003047,10.892300000250543,455.652199999804,1591.5274000003592,one shared preloaded model
syn-f645a257132a748e,lalm,1345.339899999999,11.13149999991947,433.2586000000447,1789.7299999999632,one shared preloaded model
syn-0a0c31269dd9d4ab,lalm,1193.5711000000992,7.361800000126095,499.33850000024904,1700.2714000004744,one shared preloaded model
syn-8a0543eac964e012,lalm,1165.103199999976,10.660500000085449,424.60909999999785,1600.3728000000592,one shared preloaded model
syn-add6d9c28d545af0,lalm,1186.9031999999606,10.508699999718374,460.4969000001802,1657.9087999998592,one shared preloaded model
syn-fc10af4f2d3b459c,lalm,1205.45680000032,10.320999999748892,634.575600000062,1850.353400000131,one shared preloaded model
syn-1d9012a94b230be2,lalm,1194.742000000133,10.939199999938864,427.40290000028835,1633.0841000003602,one shared preloaded model
syn-17d6a9e5c1a8c388,lalm,1090.918099999726,10.643600000094011,208.2671999996819,1309.828899999502,one shared preloaded model
syn-d41561d7dffafc3a,lalm,1213.7480999999752,10.897699999986799,454.60959999991246,1679.2553999998745,one shared preloaded model
syn-40e6116fcd71270f,lalm,1197.3253000001023,7.024399999863817,829.2989000001398,2033.648600000106,one shared preloaded model
syn-ef10fa9a23d2541a,lalm,1202.9121000000487,10.44560000036654,512.9329999999754,1726.2907000003906,one shared preloaded model
syn-ad67391af4f1d801,lalm,1126.5032999999676,10.998499999914202,478.1929000000673,1615.694699999949,one shared preloaded model
syn-4007c1c2d1950821,lalm,1196.0939999999027,7.35579999991387,450.8791999996902,1654.3289999995068,one shared preloaded model
syn-6d5e288bf52dd937,lalm,1153.9314999999988,10.426599999846076,498.51300000000265,1662.8710999998475,one shared preloaded model
syn-0cf8fe071517012a,lalm,1115.1270000000295,10.720400000082009,470.2073000003111,1596.0547000004226,one shared preloaded model
syn-5d2a42f357b8d35d,lalm,1212.1369000001323,10.604300000068179,495.1936999996178,1717.9348999998183,one shared preloaded model
syn-883c5694e0309a97,lalm,1221.8824999999924,10.485400000106893,430.757800000265,1663.1257000003643,one shared preloaded model
syn-38a7418027247d19,lalm,1192.048700000214,10.373000000072352,644.3046999997932,1846.7264000000796,one shared preloaded model
syn-220817b86c83f973,lalm,1134.4567999999526,10.91260000021066,548.433699999805,1693.8030999999683,one shared preloaded model
syn-9fc7bd3d9ad9d443,lalm,1161.1397000001489,10.787599999730446,807.2963000004165,1979.2236000002958,one shared preloaded model
syn-182e67e0f39865ad,lalm,1191.9622999998865,10.756700000001729,518.9531999999417,1721.67219999983,one shared preloaded model
syn-500dd9430415f18a,lalm,1211.17090000007,10.63979999980802,447.0419000003858,1668.852600000264,one shared preloaded model
syn-490d1067f7890d25,lalm,1168.6736999999994,10.273399999732646,494.5576999998593,1673.5047999995913,one shared preloaded model
syn-8299c279db5bc50c,lalm,1159.719600000244,7.867499999974825,553.4563000001071,1721.043400000326,one shared preloaded model
syn-04e63e0f109b7e2e,lalm,1111.7731999997886,10.293499999988853,419.8670000000675,1541.933699999845,one shared preloaded model
syn-9f0881eeaf4feac8,lalm,1102.5266999999985,10.413400000288675,680.2687000003971,1793.2088000006843,one shared preloaded model
syn-07e5b62a5fea82e7,lalm,1150.2827999997862,10.38029999972423,546.5112000001682,1707.1742999996786,one shared preloaded model
syn-ac07e333c9e2fac9,lalm,1133.7545999999747,10.326599999643804,352.7563999996346,1496.8375999992531,one shared preloaded model
syn-a1e6603e161c11bb,lalm,1216.0751000001255,10.909099999935279,431.55909999995856,1658.5433000000194,one shared preloaded model
syn-9eeaf666e7e73cc7,lalm,1168.9260999996804,11.001700000178971,751.7735999999786,1931.701399999838,one shared preloaded model
syn-60c83a4e25aee05b,lalm,1189.335999999912,10.396399999990535,486.846499999956,1686.5788999998585,one shared preloaded model
syn-bbc281ac35d5b4d9,lalm,1222.2967000002427,10.596399999940331,515.00040000019,1747.893500000373,one shared preloaded model
syn-e330f0d4273ebc02,lalm,1197.8470000003654,10.740700000042125,461.02860000019064,1669.6163000005981,one shared preloaded model
syn-485bd0968bf77aff,lalm,1165.87410000011,10.409299999992072,421.3094000001547,1597.5928000002568,one shared preloaded model
syn-e7506d24070775c8,lalm,1127.2061999998186,10.395799999969313,415.50049999978,1553.102499999568,one shared preloaded model
syn-76ece61feecd2dba,lalm,1131.7328999998608,7.310399999823858,127.124300000105,1266.1675999997897,one shared preloaded model
syn-0425a858ccd3c563,lalm,1163.41280000006,10.612500000206637,560.1610000003348,1734.1863000006015,one shared preloaded model
syn-0b9c68ecf682db0e,lalm,1219.4689999996626,10.469299999840587,210.31499999980952,1440.2532999993127,one shared preloaded model
syn-ff21f67c264067b6,lalm,1213.4571999999935,11.036500000045635,503.69499999987966,1728.1886999999188,one shared preloaded model
syn-1b8349b4324628e2,lalm,1117.648499999632,10.457800000040152,819.2213000002084,1947.3275999998805,one shared preloaded model
syn-9ac6058259675556,lalm,1187.6547000001665,10.442299999795068,505.548699999963,1703.6456999999245,one shared preloaded model
syn-ef386b7c2e28a7c7,vanilla,17.91659999980766,0.0012000000424450263,295.03239999985453,312.95019999970464,one shared preloaded model
syn-4da4f10545dadb90,vanilla,0.9280000003855093,0.0008000001798791345,356.23850000001767,357.16730000058305,one shared preloaded model
syn-3407676b9e1ae006,vanilla,0.9782000001905544,0.0008000001798791345,225.63410000020667,226.6131000005771,one shared preloaded model
syn-6cc5d92e5fd6a3e0,vanilla,0.9420000001227891,0.0006999998731771484,378.13299999970695,379.0756999997029,one shared preloaded model
syn-24ce50a80424907f,vanilla,0.9271999997508829,0.0005000001692678779,273.45919999970647,274.3868999996266,one shared preloaded model
syn-785f734721adcbde,vanilla,0.9742000002006534,0.0007999997251317836,288.73569999996107,289.71069999988686,one shared preloaded model
syn-e6b32d5f899ab892,vanilla,0.9846999996625527,0.0006000000212225132,228.71939999959068,229.70469999927445,one shared preloaded model
syn-8ec69bbef22fe04b,vanilla,0.791899999967427,0.0006000000212225132,277.3965000001226,278.18900000011126,one shared preloaded model
syn-653092319a5dc56b,vanilla,0.847799999974086,0.0008000001798791345,258.381399999962,259.230000000116,one shared preloaded model
syn-cf38fb96308c7d48,vanilla,0.94600000011269,0.0005000001692678779,215.18779999996696,216.1343000002489,one shared preloaded model
syn-a450c44d3ec7c29a,vanilla,1.0671999998521642,0.0006000000212225132,240.95950000037192,242.0273000002453,one shared preloaded model
syn-0ab43d3c59593242,vanilla,1.519200000075216,0.0007000003279244993,343.3835999999246,344.90350000032777,one shared preloaded model
syn-8b854a68420c2d35,vanilla,0.8746000003156951,0.0006999998731771484,216.28370000007635,217.15900000026522,one shared preloaded model
syn-d48a5fc4de3b0374,vanilla,1.0238999998364307,0.0007000003279244993,291.31169999982376,292.3362999999881,one shared preloaded model
syn-16837ca84116b8fd,vanilla,1.01379999978235,0.0006000000212225132,221.1262999999235,222.14069999972708,one shared preloaded model
syn-2fb73c1498fe5b3f,vanilla,1.079699999991135,0.0005000001692678779,219.82440000010683,220.90460000026724,one shared preloaded model
syn-bc0672eb572e8629,vanilla,0.8834000000206288,0.0006000000212225132,239.54349999985425,240.4274999998961,one shared preloaded model
syn-0801f5cdc49a9b3c,vanilla,0.9076999999706459,0.0007000003279244993,239.74829999997382,240.6567000002724,one shared preloaded model
syn-9b0c60422a54bf12,vanilla,0.8948999998210638,0.0006000000212225132,254.44060000017998,255.33610000002227,one shared preloaded model
syn-0e5a9267abf83ac5,vanilla,0.8311999999932596,0.0006000000212225132,269.62120000007417,270.45300000008865,one shared preloaded model
syn-893374d0fbef0617,vanilla,0.9223000001838955,0.0005000001692678779,226.45309999961682,227.37589999997,one shared preloaded model
syn-3d21ab8ec7f3df56,vanilla,0.9512999999969907,0.000999999883788405,239.97480000025462,240.9271000001354,one shared preloaded model
syn-3ee7b9e560ee2caa,vanilla,0.8519000002706889,0.0006999998731771484,293.9361999997345,294.7887999998784,one shared preloaded model
syn-64a2583d1a3e5dfe,vanilla,0.9519999998701678,0.0006000000212225132,283.5426000001462,284.4952000000376,one shared preloaded model
syn-716029bbd2302458,vanilla,0.8987000001070555,0.000499999714520527,251.25040000011722,252.1495999999388,one shared preloaded model
syn-8874974731a7ccdb,vanilla,0.8648000002722256,0.0006999998731771484,269.51050000025134,270.37600000039674,one shared preloaded model
syn-cef3deb24aabcb26,vanilla,0.8818999999675725,0.0006999998731771484,257.5001999998676,258.38279999970837,one shared preloaded model
syn-42979affb4874146,vanilla,1.0401000004094385,0.0006999998731771484,276.5538999997261,277.59470000000874,one shared preloaded model
syn-b3e6e88c1746c4c7,vanilla,0.9030000001075678,0.000499999714520527,285.6712000002517,286.5747000000738,one shared preloaded model
syn-2a8b3959bf2c192b,vanilla,1.0009999996327679,0.0005000001692678779,269.417699999849,270.419199999651,one shared preloaded model
syn-1621163c4d659a31,vanilla,1.4019000000189408,0.000999999883788405,228.1033999997817,229.50629999968442,one shared preloaded model
syn-7fcf9b8336670bb9,vanilla,0.9677000002739078,0.0006000000212225132,314.17729999975563,315.14560000005076,one shared preloaded model
syn-e207d3d238b75d40,vanilla,1.613299999917217,0.0006000000212225132,238.82499999990614,240.43889999984458,one shared preloaded model
syn-54a9d983f01466bb,vanilla,0.8824000001368404,0.0007999997251317836,215.39409999968484,216.2772999995468,one shared preloaded model
syn-9bbeceeb4932a594,vanilla,0.8686999999554246,0.0006000000212225132,267.47130000012476,268.3406000001014,one shared preloaded model
syn-a256cc2e604eaa5c,vanilla,1.0996999999406398,0.0006000000212225132,241.41129999998157,242.51159999994343,one shared preloaded model
syn-a56fa01183acb4b5,vanilla,105.05620000003546,0.0008000001798791345,240.51920000010796,345.5762000003233,one shared preloaded model
syn-c6a74f6c30683c51,vanilla,0.9171000001515495,0.0005000001692678779,216.2940000002891,217.2116000006099,one shared preloaded model
syn-b6b5afbca18eada3,vanilla,1.2194999999337597,0.0010000003385357559,227.49060000023746,228.71110000050976,one shared preloaded model
syn-04f39ed2b13923cd,vanilla,1.1119000000689994,0.000499999714520527,215.10480000006282,216.21719999984634,one shared preloaded model
syn-bbbc5809777be39b,vanilla,1.0766999998850224,0.0006000000212225132,285.4836000001342,286.5609000000404,one shared preloaded model
syn-91218d46fd5ff476,vanilla,0.9270999998989282,0.0006000000212225132,208.94649999991088,209.87419999983103,one shared preloaded model
syn-4f6cd0f4b1c0249c,vanilla,0.8751999998821702,0.0005000001692678779,227.630599999884,228.50629999993544,one shared preloaded model
syn-bb69fde88f2dcba0,vanilla,1.104399999803718,0.0005000001692678779,230.05800000009913,231.1629000000721,one shared preloaded model
syn-3d3e438951f4b802,vanilla,1.0100999998030602,0.0006000000212225132,270.15110000002096,271.16179999984524,one shared preloaded model
syn-639a35eeae88a348,vanilla,0.9325999999418855,0.000499999714520527,237.5606999999036,238.49379999956,one shared preloaded model
syn-47d38042ac2387e3,vanilla,1.0615999999572523,0.0006000000212225132,243.38580000039656,244.44800000037503,one shared preloaded model
syn-323d13ee25583e16,vanilla,0.8997999998427986,0.0007000003279244993,267.5097999999707,268.41030000014143,one shared preloaded model
syn-7fa49b2111631828,vanilla,1.082499999938591,0.0006000000212225132,226.6051999999945,227.68829999995432,one shared preloaded model
syn-9734ac1cb0ad9ef9,vanilla,0.9947999997166335,0.0006999998731771484,236.68959999986328,237.6850999994531,one shared preloaded model
syn-ef386b7c2e28a7c7,window,1.6626999999971304,0.007000000096013537,528.6779000002753,530.3476000003684,one shared preloaded model
syn-4da4f10545dadb90,window,1.6282999999930325,0.005000000328436727,518.824400000085,520.4577000004065,one shared preloaded model
syn-3407676b9e1ae006,window,1.7472999998062733,0.005500000042957254,556.7546000002039,558.5074000000532,one shared preloaded model
syn-6cc5d92e5fd6a3e0,window,1.6262999997707084,0.005500000042957254,522.9358999999931,524.5676999998068,one shared preloaded model
syn-24ce50a80424907f,window,1.507099999798811,0.005399999736255268,560.0279999998747,561.5404999994098,one shared preloaded model
syn-785f734721adcbde,window,1.6437999997833685,0.005299999884300632,505.88729999981297,507.53639999948064,one shared preloaded model
syn-e6b32d5f899ab892,window,1.5422000001308334,0.0054000001910026185,525.6393999998181,527.18700000014,one shared preloaded model
syn-8ec69bbef22fe04b,window,1.5946000003168592,0.005200000032345997,505.0717999997687,506.6716000001179,one shared preloaded model
syn-653092319a5dc56b,window,1.7012999996950384,0.006100000064179767,499.9636000002283,501.67099999998754,one shared preloaded model
syn-cf38fb96308c7d48,window,1.682000000073458,0.006499999926745659,511.7666000001009,513.4551000001011,one shared preloaded model
syn-a450c44d3ec7c29a,window,1.5932999999677122,0.006199999916134402,524.3556999998873,525.9551999997711,one shared preloaded model
syn-0ab43d3c59593242,window,3.0302000000119733,0.009899999895424116,482.7700000000732,485.8100999999806,one shared preloaded model
syn-8b854a68420c2d35,window,1.6017999996620347,0.005599999894911889,527.0180000002256,528.6253999997825,one shared preloaded model
syn-d48a5fc4de3b0374,window,1.6762000000198896,0.005500000042957254,536.943600000086,538.6253000001489,one shared preloaded model
syn-16837ca84116b8fd,window,1.7272000000048138,0.005299999884300632,505.220399999871,506.9528999997601,one shared preloaded model
syn-2fb73c1498fe5b3f,window,1.5649000001758395,0.004699999863078119,516.2361999996392,517.8057999996781,one shared preloaded model
syn-bc0672eb572e8629,window,1.5957000000526023,0.005299999884300632,534.8622999999861,536.463299999923,one shared preloaded model
syn-0801f5cdc49a9b3c,window,1.5794000000823871,0.01430000020263833,549.011199999768,550.604900000053,one shared preloaded model
syn-9b0c60422a54bf12,window,2.11699999999837,0.017699999716569437,527.1731000002546,529.3077999999696,one shared preloaded model
syn-0e5a9267abf83ac5,window,1.573500000176864,0.009399999726156238,508.9686999999685,510.55159999987154,one shared preloaded model
syn-893374d0fbef0617,window,1.6772999997556326,0.005200000032345997,504.70230000019,506.384799999978,one shared preloaded model
syn-3d21ab8ec7f3df56,window,1.5905000000202563,0.004900000021734741,548.4314000000268,550.0268000000688,one shared preloaded model
syn-3ee7b9e560ee2caa,window,1.5255999996952596,0.0044000003072142135,499.4016000000556,500.9316000000581,one shared preloaded model
syn-64a2583d1a3e5dfe,window,1.636799999687355,0.009100000170292333,558.0991000001632,559.7450000000208,one shared preloaded model
syn-716029bbd2302458,window,1.5932999999677122,0.005699999746866524,477.53810000040176,479.13710000011633,one shared preloaded model
syn-8874974731a7ccdb,window,1.7822999998315936,0.009200000022246968,544.8405000001912,546.6320000000451,one shared preloaded model
syn-cef3deb24aabcb26,window,1.6221999999288528,0.005500000042957254,510.2649000000383,511.89260000001013,one shared preloaded model
syn-42979affb4874146,window,1.6807000001790584,0.004900000021734741,537.9951999998411,539.6808000000419,one shared preloaded model
syn-b3e6e88c1746c4c7,window,1.4817999999650056,0.004500000159168849,508.65650000014284,510.142800000267,one shared preloaded model
syn-2a8b3959bf2c192b,window,1.6214999996009283,0.005099999725644011,535.758800000167,537.3853999994935,one shared preloaded model
syn-1621163c4d659a31,window,95.54990000015096,0.007000000096013537,526.8553000000793,622.4122000003263,one shared preloaded model
syn-7fcf9b8336670bb9,window,1.635300000089046,0.005599999894911889,530.5200999996487,532.1609999996326,one shared preloaded model
syn-e207d3d238b75d40,window,1.573000000007596,0.005100000180391362,530.3433000003679,531.9214000005559,one shared preloaded model
syn-54a9d983f01466bb,window,1.7259999999623687,0.01720000000204891,566.3940000004004,568.1372000003648,one shared preloaded model
syn-9bbeceeb4932a594,window,1.5736999998807732,0.0054000001910026185,536.1018000003241,537.6809000003959,one shared preloaded model
syn-a256cc2e604eaa5c,window,1.8003999998654763,0.00959999988481286,495.8425999998326,497.6525999995829,one shared preloaded model
syn-a56fa01183acb4b5,window,1.6117999998641608,0.005099999725644011,489.9486999997862,491.565599999376,one shared preloaded model
syn-c6a74f6c30683c51,window,1.583900000241556,0.010300000212737359,581.0511999998198,582.6454000002741,one shared preloaded model
syn-b6b5afbca18eada3,window,1.556700000037381,0.009100000170292333,499.1576000002169,500.7234000004246,one shared preloaded model
syn-04f39ed2b13923cd,window,1.5312000000449189,0.010700000075303251,601.2706999999864,602.8126000001066,one shared preloaded model
syn-bbbc5809777be39b,window,1.8207000002803397,0.009200000022246968,546.7725000003156,548.6024000006182,one shared preloaded model
syn-91218d46fd5ff476,window,1.6141999999490508,0.014000000192027073,518.7410999997155,520.3692999998566,one shared preloaded model
syn-4f6cd0f4b1c0249c,window,1.6271999998025422,0.009999999747378752,548.9924999997129,550.6296999992628,one shared preloaded model
syn-bb69fde88f2dcba0,window,1.7361999998684041,0.0054000001910026185,543.6909000000014,545.4325000000608,one shared preloaded model
syn-3d3e438951f4b802,window,1.7023000000335742,0.005999999757477781,560.8075000000099,562.515799999801,one shared preloaded model
syn-639a35eeae88a348,window,1.9996000000901404,0.0054000001910026185,566.1971999998059,568.202200000087,one shared preloaded model
syn-47d38042ac2387e3,window,2.939999999853171,0.0073999999585794285,520.2000999997836,523.1474999995953,one shared preloaded model
syn-323d13ee25583e16,window,1.5465999999833002,0.004699999863078119,492.8821999997126,494.433499999559,one shared preloaded model
syn-7fa49b2111631828,window,4.859099999976024,0.015000000075815478,564.8212999999487,569.6954000000005,one shared preloaded model
syn-9734ac1cb0ad9ef9,window,1.8018999999185326,0.017099999695346924,498.1497000003401,499.96869999995397,one shared preloaded model
syn-ef386b7c2e28a7c7,rag,1575.0671000000693,17.59940000010829,466.74910000001546,2059.415600000193,one shared preloaded model
syn-4da4f10545dadb90,rag,1574.6757000001708,7.763699999941309,347.3078000001806,1929.7472000002927,one shared preloaded model
syn-3407676b9e1ae006,rag,1572.5163000001885,8.060500000283355,459.75429999998596,2040.3311000004578,one shared preloaded model
syn-6cc5d92e5fd6a3e0,rag,1570.542899999964,7.368700000370154,472.6770000002034,2050.5886000005376,one shared preloaded model
syn-24ce50a80424907f,rag,1689.3761999999697,12.46389999960229,332.7350999998089,2034.5751999993809,one shared preloaded model
syn-785f734721adcbde,rag,1600.1299999998082,12.787299999672541,412.9834000000301,2025.9006999995108,one shared preloaded model
syn-e6b32d5f899ab892,rag,1599.8480000002928,12.185200000203622,204.24699999966833,1816.2802000001648,one shared preloaded model
syn-8ec69bbef22fe04b,rag,1572.7175000001807,12.634000000161905,426.7800999996325,2012.1315999999752,one shared preloaded model
syn-653092319a5dc56b,rag,1589.1883999997845,12.59780000009414,925.3049000003557,2527.0911000002343,one shared preloaded model
syn-cf38fb96308c7d48,rag,1537.8790999998273,12.526200000138488,460.193899999922,2010.5991999998878,one shared preloaded model
syn-a450c44d3ec7c29a,rag,1590.2240000000347,12.07990000011705,460.1348000001053,2062.438700000257,one shared preloaded model
syn-0ab43d3c59593242,rag,1724.6452999997928,12.681300000167539,430.9227000003375,2168.249300000298,one shared preloaded model
syn-8b854a68420c2d35,rag,1568.0185000001075,12.28960000025836,448.23059999998804,2028.5387000003539,one shared preloaded model
syn-d48a5fc4de3b0374,rag,783.7680999996337,8.097400000224297,351.839899999959,1143.705399999817,one shared preloaded model
syn-16837ca84116b8fd,rag,760.6121999997413,8.123000000068714,263.23309999997946,1031.9682999997895,one shared preloaded model
syn-2fb73c1498fe5b3f,rag,772.4699000000328,8.336600000347971,327.4375000000873,1108.244000000468,one shared preloaded model
syn-bc0672eb572e8629,rag,752.5319999999738,7.9776000002311775,128.13280000000304,888.642400000208,one shared preloaded model
syn-0801f5cdc49a9b3c,rag,798.5848999996961,8.95379999974466,327.33379999990575,1134.8724999993465,one shared preloaded model
syn-9b0c60422a54bf12,rag,771.0591000000022,8.817899999939982,602.5562999998328,1382.433299999775,one shared preloaded model
syn-0e5a9267abf83ac5,rag,861.5856000001259,8.081200000106037,369.3217999998524,1238.9886000000843,one shared preloaded model
syn-893374d0fbef0617,rag,754.7333999996226,8.01950000004581,380.8904000002258,1143.6432999998942,one shared preloaded model
syn-3d21ab8ec7f3df56,rag,757.240400000228,8.150399999976798,309.39779999971506,1074.7885999999198,one shared preloaded model
syn-3ee7b9e560ee2caa,rag,753.3582999999453,8.121200000005047,330.87509999995746,1092.3545999999078,one shared preloaded model
syn-64a2583d1a3e5dfe,rag,749.5429000000513,9.022700000059558,326.57149999977264,1085.1370999998835,one shared preloaded model
syn-716029bbd2302458,rag,760.3625000001557,7.597000000259868,373.849699999937,1141.8092000003526,one shared preloaded model
syn-8874974731a7ccdb,rag,861.6867000000639,9.103399999730755,385.095299999648,1255.8853999994426,one shared preloaded model
syn-cef3deb24aabcb26,rag,779.9583999999413,8.760400000028312,259.6856999998636,1048.4044999998332,one shared preloaded model
syn-42979affb4874146,rag,879.3433999999252,8.460400000330992,250.00639999962004,1137.8101999998762,one shared preloaded model
syn-b3e6e88c1746c4c7,rag,754.1378000000805,8.096300000033807,647.3940999999286,1409.6282000000429,one shared preloaded model
syn-2a8b3959bf2c192b,rag,782.6105999997708,8.438899999873684,364.77700000023106,1155.8264999998755,one shared preloaded model
syn-1621163c4d659a31,rag,1253.2791999997244,12.98369999994975,483.41439999967406,1749.6772999993482,one shared preloaded model
syn-7fcf9b8336670bb9,rag,1608.30390000001,12.56180000018503,476.7327999998088,2097.5985000000037,one shared preloaded model
syn-e207d3d238b75d40,rag,1624.6594000003824,13.271399999666755,514.4961999999396,2152.4269999999888,one shared preloaded model
syn-54a9d983f01466bb,rag,1609.70320000024,12.675999999828491,508.25010000016846,2130.629300000237,one shared preloaded model
syn-9bbeceeb4932a594,rag,1723.4097999998994,12.721200000214594,380.30509999998685,2116.436100000101,one shared preloaded model
syn-a256cc2e604eaa5c,rag,1615.1808999998138,13.850700000148208,487.9160000000411,2116.947600000003,one shared preloaded model
syn-a56fa01183acb4b5,rag,1586.952100000417,13.850499999989552,203.78310000023703,1804.5857000006436,one shared preloaded model
syn-c6a74f6c30683c51,rag,1585.1450999998633,13.146000000233471,461.09910000041054,2059.3902000005073,one shared preloaded model
syn-b6b5afbca18eada3,rag,1574.8461000002862,12.774400000125752,760.3285000000142,2347.949000000426,one shared preloaded model
syn-04f39ed2b13923cd,rag,1589.6555999997872,13.331600000128674,349.01940000008835,1952.0066000000043,one shared preloaded model
syn-bbbc5809777be39b,rag,1609.3733999996402,12.53210000004401,506.10859999960667,2128.014099999291,one shared preloaded model
syn-91218d46fd5ff476,rag,1591.0138000003826,12.157699999988836,477.64120000010735,2080.812700000479,one shared preloaded model
syn-4f6cd0f4b1c0249c,rag,1775.1453000000765,12.894200000118872,537.1648000000278,2325.204300000223,one shared preloaded model
syn-bb69fde88f2dcba0,rag,1641.9950000004064,8.08450000022276,415.27429999996457,2065.3538000005938,one shared preloaded model
syn-3d3e438951f4b802,rag,1562.3370000002978,8.362099999885686,340.19679999983055,1910.895900000014,one shared preloaded model
syn-639a35eeae88a348,rag,1640.491799999836,12.607000000116386,474.49100000039834,2127.589800000351,one shared preloaded model
syn-47d38042ac2387e3,rag,1629.4894000002387,12.352700000064942,203.7387000000308,1845.5808000003344,one shared preloaded model
syn-323d13ee25583e16,rag,1602.4122999997417,12.219399999594316,791.9019000000844,2406.5335999994204,one shared preloaded model
syn-7fa49b2111631828,rag,1602.2964000003412,8.097299999917595,835.9830999997939,2446.3768000000528,one shared preloaded model
syn-9734ac1cb0ad9ef9,rag,1621.1553999996795,12.634199999865814,414.6202000001722,2048.4097999997175,one shared preloaded model
syn-ef386b7c2e28a7c7,pure_liquid,5873.774500000309,7.213899999896967,370.68360000012035,6251.672000000326,one shared preloaded model
syn-4da4f10545dadb90,pure_liquid,5425.414899999851,6.837000000359694,290.1292999999896,5722.3812000002,one shared preloaded model
syn-3407676b9e1ae006,pure_liquid,4190.240400000221,6.218999999873631,182.95800000032614,4379.4174000004205,one shared preloaded model
syn-6cc5d92e5fd6a3e0,pure_liquid,4112.466900000072,9.493900000052236,168.56229999984862,4290.523099999973,one shared preloaded model
syn-24ce50a80424907f,pure_liquid,4057.5450999999703,10.119999999915308,239.53179999989516,4307.196899999781,one shared preloaded model
syn-785f734721adcbde,pure_liquid,4078.2996999996612,10.79329999993206,244.7290999998586,4333.822099999452,one shared preloaded model
syn-e6b32d5f899ab892,pure_liquid,3994.499099999757,6.485700000212091,196.9490000001315,4197.933800000101,one shared preloaded model
syn-8ec69bbef22fe04b,pure_liquid,3960.7679000000644,11.45360000009532,398.36060000016005,4370.58210000032,one shared preloaded model
syn-653092319a5dc56b,pure_liquid,4037.670199999866,10.4286000000684,517.5441000001229,4565.642900000057,one shared preloaded model
syn-cf38fb96308c7d48,pure_liquid,4222.378100000242,11.242000000038388,179.65660000027128,4413.2767000005515,one shared preloaded model
syn-a450c44d3ec7c29a,pure_liquid,4177.744900000107,7.5060999997731415,245.72709999984,4430.97809999972,one shared preloaded model
syn-0ab43d3c59593242,pure_liquid,4194.094599999971,10.516199999983655,260.44679999995424,4465.057599999909,one shared preloaded model
syn-8b854a68420c2d35,pure_liquid,4154.58290000015,8.236500000293745,193.73850000010862,4356.557900000553,one shared preloaded model
syn-d48a5fc4de3b0374,pure_liquid,4130.466900000101,10.460899999998219,169.3930999999793,4310.320900000079,one shared preloaded model
syn-16837ca84116b8fd,pure_liquid,4271.30199999965,6.697799999983545,271.66140000008454,4549.6611999997185,one shared preloaded model
syn-2fb73c1498fe5b3f,pure_liquid,4068.0774999996174,10.322099999939383,231.96310000002995,4310.362699999587,one shared preloaded model
syn-bc0672eb572e8629,pure_liquid,4054.0421000000606,10.498699999970995,154.80299999990166,4219.343799999933,one shared preloaded model
syn-0801f5cdc49a9b3c,pure_liquid,4135.51600000028,11.672300000100222,142.76780000000144,4289.956100000381,one shared preloaded model
syn-9b0c60422a54bf12,pure_liquid,4165.318500000012,6.704200000058336,771.7539999998735,4943.776699999944,one shared preloaded model
syn-0e5a9267abf83ac5,pure_liquid,4178.46099999997,7.765899999867543,161.75939999993716,4347.986299999775,one shared preloaded model
syn-893374d0fbef0617,pure_liquid,4466.273000000001,10.614199999963603,283.9460999998664,4760.833299999831,one shared preloaded model
syn-3d21ab8ec7f3df56,pure_liquid,4364.443200000096,11.611699999775738,185.29930000022432,4561.354200000096,one shared preloaded model
syn-3ee7b9e560ee2caa,pure_liquid,4079.892600000221,6.829200000083802,310.6727999997929,4397.394600000098,one shared preloaded model
syn-64a2583d1a3e5dfe,pure_liquid,4010.403799999949,8.447300000170799,168.09069999999338,4186.941800000113,one shared preloaded model
syn-716029bbd2302458,pure_liquid,3914.263800000299,6.925199999841425,90.81619999960822,4012.0051999997486,one shared preloaded model
syn-8874974731a7ccdb,pure_liquid,4153.691299999991,6.7726000002039655,295.60819999960586,4456.072099999801,one shared preloaded model
syn-cef3deb24aabcb26,pure_liquid,3961.860500000057,11.15250000020751,139.24580000002607,4112.258800000291,one shared preloaded model
syn-42979affb4874146,pure_liquid,4031.820400000015,6.792900000164082,229.83509999994567,4268.448400000125,one shared preloaded model
syn-b3e6e88c1746c4c7,pure_liquid,3977.4648000002344,10.931699999673583,642.5614999998288,4630.957999999737,one shared preloaded model
syn-2a8b3959bf2c192b,pure_liquid,4196.02279999981,10.545300000103452,177.69889999999577,4384.266999999909,one shared preloaded model
syn-1621163c4d659a31,pure_liquid,4237.395599999672,7.222300000194082,160.61600000011822,4405.233899999985,one shared preloaded model
syn-7fcf9b8336670bb9,pure_liquid,4064.454900000328,6.809599999996863,143.4039999999186,4214.6685000002435,one shared preloaded model
syn-e207d3d238b75d40,pure_liquid,4320.758800000021,10.372499999903084,170.09589999997843,4501.227199999903,one shared preloaded model
syn-54a9d983f01466bb,pure_liquid,4263.421000000108,6.312600000001112,174.568200000067,4444.301800000176,one shared preloaded model
syn-9bbeceeb4932a594,pure_liquid,4378.808199999639,11.142300000301475,96.26639999987674,4486.2168999998175,one shared preloaded model
syn-a256cc2e604eaa5c,pure_liquid,4275.54790000022,10.274400000071182,274.8664999999164,4560.688800000207,one shared preloaded model
syn-a56fa01183acb4b5,pure_liquid,5198.371899999984,6.910699999934877,211.11449999989418,5416.397099999813,one shared preloaded model
syn-c6a74f6c30683c51,pure_liquid,5491.749700000128,10.872899999867514,586.2058000002435,6088.828400000239,one shared preloaded model
syn-b6b5afbca18eada3,pure_liquid,5599.249599999894,7.118400000308611,808.9672999999493,6415.335300000152,one shared preloaded model
syn-04f39ed2b13923cd,pure_liquid,5645.524300000034,10.254700000132289,210.26510000001508,5866.044100000181,one shared preloaded model
syn-bbbc5809777be39b,pure_liquid,5625.139599999784,10.45750000002954,488.02870000008625,6123.6257999999,one shared preloaded model
syn-91218d46fd5ff476,pure_liquid,5687.44579999975,9.696699999949487,284.68729999985953,5981.829799999559,one shared preloaded model
syn-4f6cd0f4b1c0249c,pure_liquid,5535.75950000004,10.41880000002493,209.03339999995296,5755.211700000018,one shared preloaded model
syn-bb69fde88f2dcba0,pure_liquid,5840.326699999878,10.454799999934039,354.4972999998208,6205.278799999633,one shared preloaded model
syn-3d3e438951f4b802,pure_liquid,5366.084400000091,10.4311999998572,278.52500000017244,5655.04060000012,one shared preloaded model
syn-639a35eeae88a348,pure_liquid,5625.083200000063,10.183699999743112,356.95060000034573,5992.217500000152,one shared preloaded model
syn-47d38042ac2387e3,pure_liquid,5523.47009999994,10.537199999816949,312.44639999977153,5846.453699999529,one shared preloaded model
syn-323d13ee25583e16,pure_liquid,5579.00890000019,10.817800000040734,209.83109999997396,5799.657800000205,one shared preloaded model
syn-7fa49b2111631828,pure_liquid,5752.37160000006,10.38600000038059,904.9490000002152,6667.706600000656,one shared preloaded model
syn-9734ac1cb0ad9ef9,pure_liquid,5614.144600000145,10.279199999786215,539.042999999765,6163.466799999696,one shared preloaded model
syn-ef386b7c2e28a7c7,lexical_only,1886.9902999999795,5.825100000038219,505.7401999997637,2398.5555999997814,one shared preloaded model
syn-4da4f10545dadb90,lexical_only,1852.0470999997087,5.379400000038004,438.2096999997884,2295.636199999535,one shared preloaded model
syn-3407676b9e1ae006,lexical_only,1884.4833999996808,5.900999999994383,454.3201000001318,2344.704499999807,one shared preloaded model
syn-6cc5d92e5fd6a3e0,lexical_only,1825.0967999997556,6.705899999815301,501.7047999999704,2333.5074999995413,one shared preloaded model
syn-24ce50a80424907f,lexical_only,1984.684400000333,8.676599999944301,369.7045000003527,2363.06550000063,one shared preloaded model
syn-785f734721adcbde,lexical_only,1855.72269999966,8.787899999788351,505.16419999985374,2369.674799999302,one shared preloaded model
syn-e6b32d5f899ab892,lexical_only,1824.8751999999513,8.597999999892636,209.27919999985534,2042.7523999996993,one shared preloaded model
syn-8ec69bbef22fe04b,lexical_only,1850.4775000001246,9.228500000062922,413.994399999865,2273.7004000000525,one shared preloaded model
syn-653092319a5dc56b,lexical_only,1909.2092000000775,9.268499999961932,409.0211999996427,2327.498899999682,one shared preloaded model
syn-cf38fb96308c7d48,lexical_only,1893.5651000001599,8.628799999769399,470.5853999998908,2372.77929999982,one shared preloaded model
syn-a450c44d3ec7c29a,lexical_only,1823.4480999999505,5.539300000236835,441.9004999999743,2270.8879000001616,one shared preloaded model
syn-0ab43d3c59593242,lexical_only,1846.4088999999149,5.3480000001400185,451.56219999989844,2303.3190999999533,one shared preloaded model
syn-8b854a68420c2d35,lexical_only,1872.2424999996292,8.716899999853922,514.6731999998337,2395.632599999317,one shared preloaded model
syn-d48a5fc4de3b0374,lexical_only,1798.1144000000313,8.637399999770423,511.50349999988975,2318.2552999996915,one shared preloaded model
syn-16837ca84116b8fd,lexical_only,1867.73200000016,8.561599999666214,378.0117000001155,2254.305299999942,one shared preloaded model
syn-2fb73c1498fe5b3f,lexical_only,2017.6566999998613,4.94120000030307,443.4157000000596,2466.013600000224,one shared preloaded model
syn-bc0672eb572e8629,lexical_only,1927.7655000000777,5.601299999852927,212.21700000023702,2145.5838000001677,one shared preloaded model
syn-0801f5cdc49a9b3c,lexical_only,1891.452500000014,9.05190000003131,447.9151999998976,2348.419599999943,one shared preloaded model
syn-9b0c60422a54bf12,lexical_only,1873.2209999998304,8.85710000011386,469.9354999997922,2352.0135999997365,one shared preloaded model
syn-0e5a9267abf83ac5,lexical_only,1857.624300000225,8.693599999787693,369.2547000000559,2235.5726000000686,one shared preloaded model
syn-893374d0fbef0617,lexical_only,1858.1302000002324,5.9222999998382875,517.9451999997582,2381.997699999829,one shared preloaded model
syn-3d21ab8ec7f3df56,lexical_only,1854.6231999998781,5.550900000343972,468.15289999995,2328.327000000172,one shared preloaded model
syn-3ee7b9e560ee2caa,lexical_only,1863.0794000000606,5.492499999945721,404.87309999980425,2273.4449999998105,one shared preloaded model
syn-64a2583d1a3e5dfe,lexical_only,1855.083399999785,5.344500000319385,470.3465000002325,2330.7744000003368,one shared preloaded model
syn-716029bbd2302458,lexical_only,1924.0177000001495,8.67980000020907,371.0750000000189,2303.7725000003775,one shared preloaded model
syn-8874974731a7ccdb,lexical_only,2039.7390000002815,7.030799999938608,492.86160000019663,2539.6314000004168,one shared preloaded model
syn-cef3deb24aabcb26,lexical_only,1927.4178000000575,5.821799999921495,351.33700000005774,2284.5766000000367,one shared preloaded model
syn-42979affb4874146,lexical_only,1898.9642000001368,9.16640000014013,725.4731000002721,2633.603700000549,one shared preloaded model
syn-b3e6e88c1746c4c7,lexical_only,1921.9233999997414,8.581499999763764,455.19289999992907,2385.697799999434,one shared preloaded model
syn-2a8b3959bf2c192b,lexical_only,1912.0684999998048,8.791000000201166,494.36199999991004,2415.221499999916,one shared preloaded model
syn-1621163c4d659a31,lexical_only,1888.5525999999118,8.694000000105007,510.58400000010806,2407.830600000125,one shared preloaded model
syn-7fcf9b8336670bb9,lexical_only,1861.680299999989,8.879399999841553,362.4595999999656,2233.019299999796,one shared preloaded model
syn-e207d3d238b75d40,lexical_only,1849.5687999998154,5.436899999949674,456.7434000000503,2311.7490999998154,one shared preloaded model
syn-54a9d983f01466bb,lexical_only,1861.6285999996762,5.68699999985256,434.5498000002408,2301.8653999997696,one shared preloaded model
syn-9bbeceeb4932a594,lexical_only,1860.7989000001908,8.609900000010384,340.13709999999264,2209.545900000194,one shared preloaded model
syn-a256cc2e604eaa5c,lexical_only,2047.6262000001952,5.4205999999794585,456.87039999984336,2509.917200000018,one shared preloaded model
syn-a56fa01183acb4b5,lexical_only,1857.608899999832,5.683800000042538,179.0635000002112,2042.3562000000857,one shared preloaded model
syn-c6a74f6c30683c51,lexical_only,1942.2546000000693,9.136800000305811,402.17470000015965,2353.566100000535,one shared preloaded model
syn-b6b5afbca18eada3,lexical_only,1861.9455000002745,5.527900000288355,392.0860999996876,2259.5595000002504,one shared preloaded model
syn-04f39ed2b13923cd,lexical_only,1886.2570000001142,5.3249000002324465,433.34850000019287,2324.9304000005395,one shared preloaded model
syn-bbbc5809777be39b,lexical_only,1897.9800000001887,8.830799999941519,488.7527000000773,2395.5635000002076,one shared preloaded model
syn-91218d46fd5ff476,lexical_only,1876.4169999999467,8.484299999963696,494.38370000007126,2379.2849999999817,one shared preloaded model
syn-4f6cd0f4b1c0249c,lexical_only,1846.9278999996277,6.6374999996696715,525.987399999849,2379.5527999991464,one shared preloaded model
syn-bb69fde88f2dcba0,lexical_only,1865.1488000000427,6.671099999948638,430.69289999994,2302.5127999999313,one shared preloaded model
syn-3d3e438951f4b802,lexical_only,1933.8800000000447,9.065100000043458,366.27050000015515,2309.2156000002433,one shared preloaded model
syn-639a35eeae88a348,lexical_only,1938.1172000003062,5.891899999824091,459.8900999999387,2403.899200000069,one shared preloaded model
syn-47d38042ac2387e3,lexical_only,1859.0873999996802,8.645200000046316,276.6424999999799,2144.3750999997064,one shared preloaded model
syn-323d13ee25583e16,lexical_only,1074.7944999998253,5.611300000055053,364.1063000000031,1444.5120999998835,one shared preloaded model
syn-7fa49b2111631828,lexical_only,1073.5946000004333,5.4037999998399755,569.5431000003737,1648.541500000647,one shared preloaded model
syn-9734ac1cb0ad9ef9,lexical_only,1081.865800000287,5.363799999940966,335.904500000197,1423.134100000425,one shared preloaded model
syn-ef386b7c2e28a7c7,lalm,4431.206800000382,6.909300000188523,380.3538999995908,4818.470000000161,one shared preloaded model
syn-4da4f10545dadb90,lalm,5057.682199999817,10.464200000114943,464.20549999993455,5532.351899999867,one shared preloaded model
syn-3407676b9e1ae006,lalm,5993.104499999845,10.757399999874906,621.5348000000631,6625.396699999783,one shared preloaded model
syn-6cc5d92e5fd6a3e0,lalm,5798.41579999993,10.49189999957889,530.2713000000949,6339.178999999604,one shared preloaded model
syn-24ce50a80424907f,lalm,5997.896999999739,10.414700000183075,421.88390000001164,6430.195599999934,one shared preloaded model
syn-785f734721adcbde,lalm,5922.895400000016,10.180599999785045,436.8712000000414,6369.947199999842,one shared preloaded model
syn-e6b32d5f899ab892,lalm,4507.4398000001565,5.875500000001921,197.73970000005647,4711.055000000215,one shared preloaded model
syn-8ec69bbef22fe04b,lalm,4405.680200000006,7.132700000056502,338.46989999983634,4751.282799999899,one shared preloaded model
syn-653092319a5dc56b,lalm,4353.187400000024,6.874100000004546,379.5066000002407,4739.56810000027,one shared preloaded model
syn-cf38fb96308c7d48,lalm,5981.991099999959,7.376300000032643,633.3629000000656,6622.7303000000575,one shared preloaded model
syn-a450c44d3ec7c29a,lalm,6023.232300000018,10.705400000006193,525.5480999999236,6559.485799999948,one shared preloaded model
syn-0ab43d3c59593242,lalm,6179.688199999873,10.731100000157312,566.9823999996879,6757.401699999718,one shared preloaded model
syn-8b854a68420c2d35,lalm,6152.72159999995,10.454400000071473,516.0350999999537,6679.211099999975,one shared preloaded model
syn-d48a5fc4de3b0374,lalm,6027.713999999833,7.5902999997197185,540.9380000000965,6576.242299999649,one shared preloaded model
syn-16837ca84116b8fd,lalm,5774.636799999826,10.592800000267744,204.50339999979406,5989.732999999887,one shared preloaded model
syn-2fb73c1498fe5b3f,lalm,5925.967500000297,10.445000000345317,1385.3116999998747,7321.724200000517,one shared preloaded model
syn-bc0672eb572e8629,lalm,6008.785799999714,10.418700000172976,307.5684000000365,6326.7728999999235,one shared preloaded model
syn-0801f5cdc49a9b3c,lalm,6008.804000000055,11.38200000013967,557.4239000002308,6577.609900000425,one shared preloaded model
syn-9b0c60422a54bf12,lalm,5950.656999999865,10.462100000040664,529.0241000002425,6490.143200000148,one shared preloaded model
syn-0e5a9267abf83ac5,lalm,6009.135100000094,10.532700000112527,533.1160000000637,6552.78380000027,one shared preloaded model
syn-893374d0fbef0617,lalm,5969.274899999618,10.72359999989203,639.3699000000197,6619.36839999953,one shared preloaded model
syn-3d21ab8ec7f3df56,lalm,6124.788399999943,10.769700000309967,480.42420000001584,6615.982300000269,one shared preloaded model
syn-3ee7b9e560ee2caa,lalm,6263.56080000005,10.770100000172533,529.6297999998387,6803.9607000000615,one shared preloaded model
syn-64a2583d1a3e5dfe,lalm,6146.893699999964,10.81320000002961,574.386499999946,6732.09339999994,one shared preloaded model
syn-716029bbd2302458,lalm,6139.459999999872,10.556799999903888,597.6835999999821,6747.700399999758,one shared preloaded model
syn-8874974731a7ccdb,lalm,6011.075600000368,10.673300000235031,675.5110999997669,6697.2600000003695,one shared preloaded model
syn-cef3deb24aabcb26,lalm,6128.422899999805,11.099599999852217,327.7555999998185,6467.278099999476,one shared preloaded model
syn-42979affb4874146,lalm,6152.696399999968,11.614600000029895,932.8143000002456,7097.125300000243,one shared preloaded model
syn-b3e6e88c1746c4c7,lalm,5918.778600000223,6.836900000052992,620.8974999999555,6546.513000000232,one shared preloaded model
syn-2a8b3959bf2c192b,lalm,6030.055700000048,10.5186999999205,622.0539000000826,6662.628300000051,one shared preloaded model
syn-1621163c4d659a31,lalm,6037.369099999978,10.6061999999838,589.0002000001004,6636.975500000062,one shared preloaded model
syn-7fcf9b8336670bb9,lalm,5972.437000000355,10.552799999913987,558.2587999997486,6541.248600000017,one shared preloaded model
syn-e207d3d238b75d40,lalm,6098.144300000058,10.457900000346854,520.350100000087,6628.952300000492,one shared preloaded model
syn-54a9d983f01466bb,lalm,6131.300200000169,10.590299999876152,677.8751000001648,6819.76560000021,one shared preloaded model
syn-9bbeceeb4932a594,lalm,5967.008600000099,10.694399999920279,317.65409999979966,6295.357099999819,one shared preloaded model
syn-a256cc2e604eaa5c,lalm,6036.556399999881,10.42779999988852,601.8039999999019,6648.788199999672,one shared preloaded model
syn-a56fa01183acb4b5,lalm,6137.474099999963,10.4722999999467,270.8572000001368,6418.803600000047,one shared preloaded model
syn-c6a74f6c30683c51,lalm,6273.8987999996425,11.121900000034657,583.6717000001954,6868.692399999873,one shared preloaded model
syn-b6b5afbca18eada3,lalm,5936.417200000051,10.737499999777356,518.0897999998706,6465.244499999699,one shared preloaded model
syn-04f39ed2b13923cd,lalm,6046.182400000362,10.577600000033271,658.7537999998858,6715.513800000281,one shared preloaded model
syn-bbbc5809777be39b,lalm,6088.22280000004,10.459399999945163,578.639800000019,6677.322000000004,one shared preloaded model
syn-91218d46fd5ff476,lalm,6104.334000000108,10.797399999773916,509.82150000027104,6624.952900000153,one shared preloaded model
syn-4f6cd0f4b1c0249c,lalm,5970.810000000256,6.894999999985885,497.86070000027394,6475.565700000516,one shared preloaded model
syn-bb69fde88f2dcba0,lalm,5980.817399999978,10.933399999885296,613.260800000262,6605.011600000125,one shared preloaded model
syn-3d3e438951f4b802,lalm,6184.190100000251,10.475999999925989,872.4891000001662,7067.155200000343,one shared preloaded model
syn-639a35eeae88a348,lalm,6060.279700000137,7.3545000000194705,405.5513999996947,6473.185599999852,one shared preloaded model
syn-47d38042ac2387e3,lalm,5997.950500000115,10.434300000270014,487.26070000020627,6495.645500000592,one shared preloaded model
syn-323d13ee25583e16,lalm,6064.436999999998,11.200100000223756,540.9214999999676,6616.5586000001895,one shared preloaded model
syn-7fa49b2111631828,lalm,5719.220899999982,7.082900000114023,1018.639400000211,6744.943200000307,one shared preloaded model
syn-9734ac1cb0ad9ef9,lalm,5854.2357000001175,10.730699999839999,496.83809999987716,6361.804499999835,one shared preloaded model
