example_id,agent,update_ms,read_ms,generation_ms,end_to_end_ms,model_loading_policy
conv-26-qa-0,lalm,2.9823924623220344,44.91499999858206,224.5781250003347,272.4755174612388,one shared preloaded model
conv-26-qa-1,lalm,2.9823924623220344,10.277199999109143,224.5781250003347,237.83771746176586,one shared preloaded model
conv-26-qa-2,lalm,2.9823924623220344,10.006399999838322,224.5781250003347,237.56691746249504,one shared preloaded model
conv-26-qa-3,lalm,2.9823924623220344,9.542700001475168,224.5781250003347,237.1032174641319,one shared preloaded model
conv-26-qa-4,lalm,2.9823924623220344,8.759799999097595,180.69697499959148,192.4391674610111,one shared preloaded model
conv-26-qa-5,lalm,2.9823924623220344,10.310300000128336,180.69697499959148,193.98966746204184,one shared preloaded model
conv-26-qa-6,lalm,2.9823924623220344,10.743599999841535,180.69697499959148,194.42296746175504,one shared preloaded model
conv-26-qa-7,lalm,2.9823924623220344,10.211699998762924,180.69697499959148,193.89106746067642,one shared preloaded model
conv-26-qa-8,lalm,2.9823924623220344,6.473399997048546,168.72925000006944,178.18504245944,one shared preloaded model
conv-26-qa-9,lalm,2.9823924623220344,7.910899999842513,168.72925000006944,179.62254246223398,one shared preloaded model
conv-26-qa-10,lalm,2.9823924623220344,7.771500000671949,168.72925000006944,179.48314246306342,one shared preloaded model
conv-26-qa-11,lalm,2.9823924623220344,10.020000001532026,168.72925000006944,181.7316424639235,one shared preloaded model
conv-26-qa-12,lalm,2.9823924623220344,6.360999999742489,101.78992500004824,111.13331746211277,one shared preloaded model
conv-26-qa-13,lalm,2.9823924623220344,6.755899998097448,101.78992500004824,111.52821746046773,one shared preloaded model
conv-26-qa-14,lalm,2.9823924623220344,6.831499998952495,101.78992500004824,111.60381746132278,one shared preloaded model
conv-26-qa-15,lalm,2.9823924623220344,5.49690000116243,101.78992500004824,110.26921746353271,one shared preloaded model
conv-26-qa-16,lalm,2.9823924623220344,6.884099999297177,177.15847500039672,187.02496746201592,one shared preloaded model
conv-26-qa-17,lalm,2.9823924623220344,6.802500000048894,177.15847500039672,186.94336746276764,one shared preloaded model
conv-26-qa-18,lalm,2.9823924623220344,6.861199999548262,177.15847500039672,187.002067462267,one shared preloaded model
conv-26-qa-19,lalm,2.9823924623220344,6.868799999210751,177.15847500039672,187.0096674619295,one shared preloaded model
conv-26-qa-20,lalm,2.9823924623220344,7.45910000114236,157.40657500009547,167.84806746355986,one shared preloaded model
conv-26-qa-21,lalm,2.9823924623220344,10.171999998419778,157.40657500009547,170.56096746083728,one shared preloaded model
conv-26-qa-22,lalm,2.9823924623220344,10.880000001634471,157.40657500009547,171.26896746405197,one shared preloaded model
conv-26-qa-23,lalm,2.9823924623220344,10.32390000182204,157.40657500009547,170.71286746423954,one shared preloaded model
conv-26-qa-24,lalm,2.9823924623220344,6.560699999681674,90.50902499984659,100.0521174618503,one shared preloaded model
conv-26-qa-25,lalm,2.9823924623220344,6.693799998174654,90.50902499984659,100.18521746034328,one shared preloaded model
conv-26-qa-26,lalm,2.9823924623220344,10.36989999920479,90.50902499984659,103.86131746137342,one shared preloaded model
conv-26-qa-27,lalm,2.9823924623220344,10.155899999517715,90.50902499984659,103.64731746168634,one shared preloaded model
conv-26-qa-28,lalm,2.9823924623220344,7.269900001119822,176.57142500047485,186.8237174639167,one shared preloaded model
conv-26-qa-29,lalm,2.9823924623220344,10.541000003286172,176.57142500047485,190.09481746608304,one shared preloaded model
conv-26-qa-30,lalm,2.9823924623220344,10.511600001336774,176.57142500047485,190.06541746413365,one shared preloaded model
conv-26-qa-31,lalm,2.9823924623220344,9.858700002951082,176.57142500047485,189.41251746574795,one shared preloaded model
conv-26-qa-32,lalm,2.9823924623220344,6.638099999690894,127.32477500048844,136.94526746250136,one shared preloaded model
conv-26-qa-33,lalm,2.9823924623220344,6.691200000204844,127.32477500048844,136.9983674630153,one shared preloaded model
conv-26-qa-34,lalm,2.9823924623220344,6.884999998874264,127.32477500048844,137.19216746168473,one shared preloaded model
conv-26-qa-35,lalm,2.9823924623220344,9.080199997697491,127.32477500048844,139.38736746050796,one shared preloaded model
conv-26-qa-36,lalm,2.9823924623220344,6.512700001621852,177.3907249998956,186.8858174638395,one shared preloaded model
conv-26-qa-37,lalm,2.9823924623220344,7.010199999058386,177.3907249998956,187.38331746127602,one shared preloaded model
conv-26-qa-38,lalm,2.9823924623220344,10.687699999834877,177.3907249998956,191.0608174620525,one shared preloaded model
conv-26-qa-39,lalm,2.9823924623220344,8.210100000724196,177.3907249998956,188.58321746294183,one shared preloaded model
conv-26-qa-40,lalm,2.9823924623220344,7.267400000273483,91.16619999986142,101.41599246245694,one shared preloaded model
conv-26-qa-41,lalm,2.9823924623220344,7.370799998170696,91.16619999986142,101.51939246035415,one shared preloaded model
conv-26-qa-42,lalm,2.9823924623220344,10.469500000908738,91.16619999986142,104.6180924630922,one shared preloaded model
conv-26-qa-43,lalm,2.9823924623220344,8.142000002408167,91.16619999986142,102.29059246459163,one shared preloaded model
conv-26-qa-44,lalm,2.9823924623220344,6.712999998853775,177.55639999995765,187.25179246113345,one shared preloaded model
conv-26-qa-45,lalm,2.9823924623220344,10.699300000851508,177.55639999995765,191.23809246313118,one shared preloaded model
conv-26-qa-46,lalm,2.9823924623220344,8.091600000625476,177.55639999995765,188.63039246290515,one shared preloaded model
conv-26-qa-47,lalm,2.9823924623220344,6.6707999976642895,177.55639999995765,187.20959245994396,one shared preloaded model
conv-26-qa-48,lalm,2.9823924623220344,7.016799998382339,87.15645000029326,97.15564246099764,one shared preloaded model
conv-26-qa-49,lalm,2.9823924623220344,10.91890000316198,87.15645000029326,101.05774246577728,one shared preloaded model
conv-26-qa-50,lalm,2.9823924623220344,7.7558999983011745,87.15645000029326,97.89474246091648,one shared preloaded model
conv-26-qa-51,lalm,2.9823924623220344,6.598700001632096,87.15645000029326,96.7375424642474,one shared preloaded model
conv-26-qa-52,lalm,2.9823924623220344,7.692999999562744,177.9045249995761,188.57991746146087,one shared preloaded model
conv-26-qa-53,lalm,2.9823924623220344,10.09170000179438,177.9045249995761,190.9786174636925,one shared preloaded model
conv-26-qa-54,lalm,2.9823924623220344,10.806399997818517,177.9045249995761,191.69331745971664,one shared preloaded model
conv-26-qa-55,lalm,2.9823924623220344,9.97060000008787,177.9045249995761,190.857517461986,one shared preloaded model
conv-26-qa-56,lalm,2.9823924623220344,7.58510000014212,152.0868249999694,162.65431746243354,one shared preloaded model
conv-26-qa-57,lalm,2.9823924623220344,10.300199999619508,152.0868249999694,165.36941746191093,one shared preloaded model
conv-26-qa-58,lalm,2.9823924623220344,10.77169999916805,152.0868249999694,165.84091746145947,one shared preloaded model
conv-26-qa-59,lalm,2.9823924623220344,6.285299998125993,152.0868249999694,161.3545174604174,one shared preloaded model
conv-26-qa-60,lalm,2.9823924623220344,7.276199998159427,222.89230000023963,233.15089246072108,one shared preloaded model
conv-26-qa-61,lalm,2.9823924623220344,11.074599999119528,222.89230000023963,236.94929246168118,one shared preloaded model
conv-26-qa-62,lalm,2.9823924623220344,10.660399999324,222.89230000023963,236.53509246188565,one shared preloaded model
conv-26-qa-63,lalm,2.9823924623220344,10.415000000648433,222.89230000023963,236.2896924632101,one shared preloaded model
conv-26-qa-64,lalm,2.9823924623220344,7.322999997995794,102.40209999938088,112.70749245969871,one shared preloaded model
conv-26-qa-65,lalm,2.9823924623220344,12.918099997477839,102.40209999938088,118.30259245918076,one shared preloaded model
conv-26-qa-66,lalm,2.9823924623220344,10.320599998522084,102.40209999938088,115.705092460225,one shared preloaded model
conv-26-qa-67,lalm,2.9823924623220344,10.318599997845013,102.40209999938088,115.70309245954793,one shared preloaded model
conv-26-qa-68,lalm,2.9823924623220344,6.602500001463341,258.23804999981803,267.8229424636034,one shared preloaded model
conv-26-qa-69,lalm,2.9823924623220344,7.223399999929825,258.23804999981803,268.4438424620699,one shared preloaded model
conv-26-qa-70,lalm,2.9823924623220344,10.588999997708015,258.23804999981803,271.80944245984807,one shared preloaded model
conv-26-qa-71,lalm,2.9823924623220344,10.570399997959612,258.23804999981803,271.79084246009967,one shared preloaded model
conv-26-qa-72,lalm,2.9823924623220344,7.738399999652756,97.51152499939053,108.23231746136533,one shared preloaded model
conv-26-qa-73,lalm,2.9823924623220344,10.473199999978533,97.51152499939053,110.9671174616911,one shared preloaded model
conv-26-qa-74,lalm,2.9823924623220344,10.356100003264146,97.51152499939053,110.85001746497672,one shared preloaded model
conv-26-qa-75,lalm,2.9823924623220344,10.102099997311598,97.51152499939053,110.59601745902417,one shared preloaded model
conv-26-qa-76,lalm,2.9823924623220344,6.917400001839269,254.74169999961305,264.64149246377434,one shared preloaded model
conv-26-qa-77,lalm,2.9823924623220344,10.2511000004597,254.74169999961305,267.9751924623948,one shared preloaded model
conv-26-qa-78,lalm,2.9823924623220344,10.11339999968186,254.74169999961305,267.83749246161693,one shared preloaded model
conv-26-qa-79,lalm,2.9823924623220344,10.163999999349471,254.74169999961305,267.88809246128454,one shared preloaded model
conv-26-qa-80,lalm,2.9823924623220344,7.04060000134632,223.48495000005641,233.50794246372476,one shared preloaded model
conv-26-qa-81,lalm,2.9823924623220344,7.3064999996859115,223.48495000005641,233.77384246206435,one shared preloaded model
conv-26-qa-82,lalm,2.9823924623220344,7.047399998555193,223.48495000005641,233.51474246093363,one shared preloaded model
conv-26-qa-83,lalm,2.9823924623220344,7.668499998544576,223.48495000005641,234.13584246092302,one shared preloaded model
conv-26-qa-84,lalm,2.9823924623220344,6.1320999993768055,156.36234999965382,165.47684246135265,one shared preloaded model
conv-26-qa-85,lalm,2.9823924623220344,8.06889999876148,156.36234999965382,167.41364246073732,one shared preloaded model
conv-26-qa-86,lalm,2.9823924623220344,9.04169999921578,156.36234999965382,168.38644246119162,one shared preloaded model
conv-26-qa-87,lalm,2.9823924623220344,10.276699998939876,156.36234999965382,169.62144246091572,one shared preloaded model
conv-26-qa-88,lalm,2.9823924623220344,9.484800000791438,204.700624999532,217.16781746264547,one shared preloaded model
conv-26-qa-89,lalm,2.9823924623220344,12.370100001135143,204.700624999532,220.05311746298918,one shared preloaded model
conv-26-qa-90,lalm,2.9823924623220344,10.012799997639377,204.700624999532,217.6958174594934,one shared preloaded model
conv-26-qa-91,lalm,2.9823924623220344,10.076799997477792,204.700624999532,217.75981745933183,one shared preloaded model
conv-26-qa-92,lalm,2.9823924623220344,7.528900001489092,346.76022499934334,357.27151746315445,one shared preloaded model
conv-26-qa-93,lalm,2.9823924623220344,11.080799999035662,346.76022499934334,360.823417460701,one shared preloaded model
conv-26-qa-94,lalm,2.9823924623220344,10.57579999906011,346.76022499934334,360.31841746072547,one shared preloaded model
conv-26-qa-95,lalm,2.9823924623220344,10.268400001223199,346.76022499934334,360.01101746288856,one shared preloaded model
conv-26-qa-96,lalm,2.9823924623220344,13.766299998678733,244.7559749998618,261.50466746086255,one shared preloaded model
conv-26-qa-97,lalm,2.9823924623220344,10.75729999865871,244.7559749998618,258.4956674608425,one shared preloaded model
conv-26-qa-98,lalm,2.9823924623220344,10.852200000954326,244.7559749998618,258.59056746313814,one shared preloaded model
conv-26-qa-99,lalm,2.9823924623220344,10.470299999724375,244.7559749998618,258.2086674619082,one shared preloaded model
conv-26-qa-100,lalm,2.9823924623220344,7.411899998260196,115.2170000004844,125.61129246106664,one shared preloaded model
conv-26-qa-101,lalm,2.9823924623220344,11.797999999544118,115.2170000004844,129.99739246235055,one shared preloaded model
conv-26-qa-102,lalm,2.9823924623220344,10.72569999814732,115.2170000004844,128.92509246095375,one shared preloaded model
conv-26-qa-103,lalm,2.9823924623220344,10.28539999970235,115.2170000004844,128.48479246250878,one shared preloaded model
conv-26-qa-104,lalm,2.9823924623220344,6.424700000934536,225.356500000089,234.76359246334556,one shared preloaded model
conv-26-qa-105,lalm,2.9823924623220344,10.530400002608076,225.356500000089,238.8692924650191,one shared preloaded model
conv-26-qa-106,lalm,2.9823924623220344,10.586600001261104,225.356500000089,238.92549246367213,one shared preloaded model
conv-26-qa-107,lalm,2.9823924623220344,8.54790000084904,225.356500000089,236.88679246326006,one shared preloaded model
conv-26-qa-108,lalm,2.9823924623220344,6.584099999599857,99.20125000007829,108.76774246200019,one shared preloaded model
conv-26-qa-109,lalm,2.9823924623220344,11.900100002094405,99.20125000007829,114.08374246449473,one shared preloaded model
conv-26-qa-110,lalm,2.9823924623220344,10.740599998825928,99.20125000007829,112.92424246122626,one shared preloaded model
conv-26-qa-111,lalm,2.9823924623220344,10.173000002396293,99.20125000007829,112.35664246479662,one shared preloaded model
conv-26-qa-112,lalm,2.9823924623220344,8.460099998046644,250.8605749999333,262.303067460302,one shared preloaded model
conv-26-qa-113,lalm,2.9823924623220344,13.795099999697413,250.8605749999333,267.63806746195274,one shared preloaded model
conv-26-qa-114,lalm,2.9823924623220344,10.383000000729226,250.8605749999333,264.22596746298456,one shared preloaded model
conv-26-qa-115,lalm,2.9823924623220344,10.469900000316557,250.8605749999333,264.3128674625719,one shared preloaded model
conv-26-qa-116,lalm,2.9823924623220344,6.461100001615705,202.47832499990182,211.92181746383955,one shared preloaded model
conv-26-qa-117,lalm,2.9823924623220344,13.677700000698678,202.47832499990182,219.13841746292252,one shared preloaded model
conv-26-qa-118,lalm,2.9823924623220344,9.978800000681076,202.47832499990182,215.43951746290492,one shared preloaded model
conv-26-qa-119,lalm,2.9823924623220344,9.717499997350387,202.47832499990182,215.17821745957423,one shared preloaded model
conv-26-qa-120,lalm,2.9823924623220344,7.380600000033155,126.31017500007147,136.67316746242665,one shared preloaded model
conv-26-qa-121,lalm,2.9823924623220344,9.950799998478033,126.31017500007147,139.24336746087153,one shared preloaded model
conv-26-qa-122,lalm,2.9823924623220344,11.072199999034638,126.31017500007147,140.36476746142813,one shared preloaded model
conv-26-qa-123,lalm,2.9823924623220344,10.669100000086473,126.31017500007147,139.96166746247997,one shared preloaded model
conv-26-qa-124,lalm,2.9823924623220344,8.232500000303844,93.70907500033354,104.92396746295942,one shared preloaded model
conv-26-qa-125,lalm,2.9823924623220344,10.672199998225551,93.70907500033354,107.36366746088113,one shared preloaded model
conv-26-qa-126,lalm,2.9823924623220344,7.899899999756599,93.70907500033354,104.59136746241218,one shared preloaded model
conv-26-qa-127,lalm,2.9823924623220344,10.610000001179287,93.70907500033354,107.30146746383487,one shared preloaded model
conv-26-qa-128,lalm,2.9823924623220344,6.279100001847837,88.84382500036736,98.10531746453724,one shared preloaded model
conv-26-qa-129,lalm,2.9823924623220344,6.769999999960419,88.84382500036736,98.59621746264982,one shared preloaded model
conv-26-qa-130,lalm,2.9823924623220344,8.75380000070436,88.84382500036736,100.58001746339376,one shared preloaded model
conv-26-qa-131,lalm,2.9823924623220344,10.780399999930523,88.84382500036736,102.60661746261992,one shared preloaded model
conv-26-qa-132,lalm,2.9823924623220344,6.920599997101817,252.2052750000512,262.10826745947503,one shared preloaded model
conv-26-qa-133,lalm,2.9823924623220344,10.691300001781201,252.2052750000512,265.8789674641544,one shared preloaded model
conv-26-qa-134,lalm,2.9823924623220344,8.37619999947492,252.2052750000512,263.56386746184813,one shared preloaded model
conv-26-qa-135,lalm,2.9823924623220344,7.635400001163362,252.2052750000512,262.8230674635366,one shared preloaded model
conv-26-qa-136,lalm,2.9823924623220344,6.681899998511653,90.04687500055297,99.71116746138667,one shared preloaded model
conv-26-qa-137,lalm,2.9823924623220344,6.330999996862374,90.04687500055297,99.36026745973739,one shared preloaded model
conv-26-qa-138,lalm,2.9823924623220344,7.205699999758508,90.04687500055297,100.23496746263352,one shared preloaded model
conv-26-qa-139,lalm,2.9823924623220344,6.7817000017385,90.04687500055297,99.81096746461351,one shared preloaded model
conv-26-qa-140,lalm,2.9823924623220344,6.784900000639027,161.6052250001303,171.37251746309136,one shared preloaded model
conv-26-qa-141,lalm,2.9823924623220344,7.066300000587944,161.6052250001303,171.65391746304027,one shared preloaded model
conv-26-qa-142,lalm,2.9823924623220344,7.954000000609085,161.6052250001303,172.5416174630614,one shared preloaded model
conv-26-qa-143,lalm,2.9823924623220344,10.825199999089818,161.6052250001303,175.41281746154215,one shared preloaded model
conv-26-qa-144,lalm,2.9823924623220344,7.144300001527881,218.09209999992163,228.21879246377154,one shared preloaded model
conv-26-qa-145,lalm,2.9823924623220344,7.656100002350286,218.09209999992163,228.73059246459394,one shared preloaded model
conv-26-qa-146,lalm,2.9823924623220344,6.60040000002482,218.09209999992163,227.67489246226847,one shared preloaded model
conv-26-qa-147,lalm,2.9823924623220344,7.14950000110548,218.09209999992163,228.22399246334913,one shared preloaded model
conv-26-qa-148,lalm,2.9823924623220344,6.736999999702675,105.0514500002464,114.77084246227112,one shared preloaded model
conv-26-qa-149,lalm,2.9823924623220344,10.910500001045875,105.0514500002464,118.94434246361432,one shared preloaded model
conv-26-qa-150,lalm,2.9823924623220344,10.327299998607486,105.0514500002464,118.36114246117593,one shared preloaded model
conv-26-qa-151,lalm,2.9823924623220344,9.826800000155345,105.0514500002464,117.86064246272379,one shared preloaded model
conv-26-qa-152,lalm,2.9823924623220344,7.251199996971991,89.73297499960609,99.96656745890012,one shared preloaded model
conv-26-qa-153,lalm,2.9823924623220344,6.545399999595247,89.73297499960609,99.26076746152337,one shared preloaded model
conv-26-qa-154,lalm,2.9823924623220344,7.9303000020445324,89.73297499960609,100.64566746397266,one shared preloaded model
conv-26-qa-155,lalm,2.9823924623220344,11.251500000071246,89.73297499960609,103.96686746199937,one shared preloaded model
conv-26-qa-156,lalm,2.9823924623220344,7.121500002540415,97.085975000482,107.18986746534445,one shared preloaded model
conv-26-qa-157,lalm,2.9823924623220344,10.49090000014985,97.085975000482,110.55926746295388,one shared preloaded model
conv-26-qa-158,lalm,2.9823924623220344,10.287000000971602,97.085975000482,110.35536746377564,one shared preloaded model
conv-26-qa-159,lalm,2.9823924623220344,10.035499999503372,97.085975000482,110.1038674623074,one shared preloaded model
conv-26-qa-160,lalm,2.9823924623220344,6.557500000781147,263.3545500002583,272.8944424633615,one shared preloaded model
conv-26-qa-161,lalm,2.9823924623220344,10.709399997722358,263.3545500002583,277.0463424603027,one shared preloaded model
conv-26-qa-162,lalm,2.9823924623220344,10.265100001561223,263.3545500002583,276.60204246414156,one shared preloaded model
conv-26-qa-163,lalm,2.9823924623220344,10.533199998462806,263.3545500002583,276.87014246104314,one shared preloaded model
conv-26-qa-164,lalm,2.9823924623220344,6.737100000464125,317.16454999968846,326.8840424624746,one shared preloaded model
conv-26-qa-165,lalm,2.9823924623220344,6.724199996824609,317.16454999968846,326.8711424588351,one shared preloaded model
conv-26-qa-166,lalm,2.9823924623220344,7.1873000015330035,317.16454999968846,327.3342424635435,one shared preloaded model
conv-26-qa-167,lalm,2.9823924623220344,6.609700001718011,317.16454999968846,326.7566424637285,one shared preloaded model
conv-26-qa-168,lalm,2.9823924623220344,9.586600001057377,160.4248749999897,172.9938674633691,one shared preloaded model
conv-26-qa-169,lalm,2.9823924623220344,6.938700000318931,160.4248749999897,170.34596746263065,one shared preloaded model
conv-26-qa-170,lalm,2.9823924623220344,7.237000001623528,160.4248749999897,170.64426746393525,one shared preloaded model
conv-26-qa-171,lalm,2.9823924623220344,6.748499999957858,160.4248749999897,170.15576746226958,one shared preloaded model
conv-26-qa-172,lalm,2.9823924623220344,6.90279999980703,126.69207499948243,136.57726746161148,one shared preloaded model
conv-26-qa-173,lalm,2.9823924623220344,11.870199999975739,126.69207499948243,141.5446674617802,one shared preloaded model
conv-26-qa-174,lalm,2.9823924623220344,10.805199999595061,126.69207499948243,140.47966746139952,one shared preloaded model
conv-26-qa-175,lalm,2.9823924623220344,9.624399997846922,126.69207499948243,139.29886745965138,one shared preloaded model
conv-26-qa-176,lalm,2.9823924623220344,7.938999999169027,101.66362499967363,112.5850174611647,one shared preloaded model
conv-26-qa-177,lalm,2.9823924623220344,14.05729999896721,101.66362499967363,118.70331746096288,one shared preloaded model
conv-26-qa-178,lalm,2.9823924623220344,10.31870000224444,101.66362499967363,114.96471746424011,one shared preloaded model
conv-26-qa-179,lalm,2.9823924623220344,9.927699997206219,101.66362499967363,114.57371745920189,one shared preloaded model
conv-26-qa-180,lalm,2.9823924623220344,6.562899998243665,99.30407499996363,108.84936746052934,one shared preloaded model
conv-26-qa-181,lalm,2.9823924623220344,8.425799998803996,99.30407499996363,110.71226746108967,one shared preloaded model
conv-26-qa-182,lalm,2.9823924623220344,6.592699999600882,99.30407499996363,108.87916746188655,one shared preloaded model
conv-26-qa-183,lalm,2.9823924623220344,10.04079999984242,99.30407499996363,112.32726746212809,one shared preloaded model
conv-26-qa-184,lalm,2.9823924623220344,7.297399999515619,96.55209999982617,106.83189246166383,one shared preloaded model
conv-26-qa-185,lalm,2.9823924623220344,11.696800000208896,96.55209999982617,111.2312924623571,one shared preloaded model
conv-26-qa-186,lalm,2.9823924623220344,10.044399998150766,96.55209999982617,109.57889246029897,one shared preloaded model
conv-26-qa-187,lalm,2.9823924623220344,9.996799999498762,96.55209999982617,109.53129246164697,one shared preloaded model
conv-26-qa-188,lalm,2.9823924623220344,10.73059999907855,98.49745000065013,112.21044246205072,one shared preloaded model
conv-26-qa-189,lalm,2.9823924623220344,10.855199998331955,98.49745000065013,112.33504246130413,one shared preloaded model
conv-26-qa-190,lalm,2.9823924623220344,10.693699998228112,98.49745000065013,112.17354246120028,one shared preloaded model
conv-26-qa-191,lalm,2.9823924623220344,10.021199999755481,98.49745000065013,111.50104246272765,one shared preloaded model
conv-26-qa-192,lalm,2.9823924623220344,6.878799998958129,155.09844999996858,164.95964246124873,one shared preloaded model
conv-26-qa-193,lalm,2.9823924623220344,11.41289999941364,155.09844999996858,169.49374246170424,one shared preloaded model
conv-26-qa-194,lalm,2.9823924623220344,10.276100001647137,155.09844999996858,168.35694246393774,one shared preloaded model
conv-26-qa-195,lalm,2.9823924623220344,9.774300000572111,155.09844999996858,167.85514246286272,one shared preloaded model
conv-26-qa-196,lalm,2.9823924623220344,6.697599998005899,170.2173333336153,179.89732579394322,one shared preloaded model
conv-26-qa-197,lalm,2.9823924623220344,6.487799997557886,170.2173333336153,179.6875257934952,one shared preloaded model
conv-26-qa-198,lalm,2.9823924623220344,7.677300000068499,170.2173333336153,180.87702579600582,one shared preloaded model
conv-30-qa-0,lalm,4.359705714263588,8.305400002427632,193.8190749997375,206.4841807164287,one shared preloaded model
conv-30-qa-1,lalm,4.359705714263588,6.698900000628782,193.8190749997375,204.87768071462986,one shared preloaded model
conv-30-qa-2,lalm,4.359705714263588,6.802500000048894,193.8190749997375,204.98128071404997,one shared preloaded model
conv-30-qa-3,lalm,4.359705714263588,6.918999999470543,193.8190749997375,205.09778071347162,one shared preloaded model
conv-30-qa-4,lalm,4.359705714263588,7.668300000659656,147.0339249999597,159.06193071488295,one shared preloaded model
conv-30-qa-5,lalm,4.359705714263588,12.220199998409953,147.0339249999597,163.61383071263324,one shared preloaded model
conv-30-qa-6,lalm,4.359705714263588,10.660899999493267,147.0339249999597,162.05453071371656,one shared preloaded model
conv-30-qa-7,lalm,4.359705714263588,10.724800002208212,147.0339249999597,162.1184307164315,one shared preloaded model
conv-30-qa-8,lalm,4.359705714263588,7.518799997342285,144.07424999990326,155.95275571150913,one shared preloaded model
conv-30-qa-9,lalm,4.359705714263588,10.55130000167992,144.07424999990326,158.98525571584676,one shared preloaded model
conv-30-qa-10,lalm,4.359705714263588,10.16439999875729,144.07424999990326,158.59835571292413,one shared preloaded model
conv-30-qa-11,lalm,4.359705714263588,10.29489999928046,144.07424999990326,158.7288557134473,one shared preloaded model
conv-30-qa-12,lalm,4.359705714263588,7.234800003061537,218.85912500056293,230.45363071788805,one shared preloaded model
conv-30-qa-13,lalm,4.359705714263588,8.246800000051735,218.85912500056293,231.46563071487824,one shared preloaded model
conv-30-qa-14,lalm,4.359705714263588,10.414700002002064,218.85912500056293,233.63353071682857,one shared preloaded model
conv-30-qa-15,lalm,4.359705714263588,10.472400001162896,218.85912500056293,233.6912307159894,one shared preloaded model
conv-30-qa-16,lalm,4.359705714263588,7.3015000016312115,201.38047500040557,213.04168071630036,one shared preloaded model
conv-30-qa-17,lalm,4.359705714263588,8.656400001200382,201.38047500040557,214.39658071586953,one shared preloaded model
conv-30-qa-18,lalm,4.359705714263588,10.751699999673292,201.38047500040557,216.49188071434244,one shared preloaded model
conv-30-qa-19,lalm,4.359705714263588,10.336400002415758,201.38047500040557,216.0765807170849,one shared preloaded model
conv-30-qa-20,lalm,4.359705714263588,6.798999998864019,197.78760000008333,208.94630571321093,one shared preloaded model
conv-30-qa-21,lalm,4.359705714263588,11.22409999879892,197.78760000008333,213.37140571314583,one shared preloaded model
conv-30-qa-22,lalm,4.359705714263588,10.233699998934753,197.78760000008333,212.38100571328167,one shared preloaded model
conv-30-qa-23,lalm,4.359705714263588,9.662399999797344,197.78760000008333,211.80970571414426,one shared preloaded model
conv-30-qa-24,lalm,4.359705714263588,7.486600003176136,207.83659999960946,219.68290571704918,one shared preloaded model
conv-30-qa-25,lalm,4.359705714263588,11.708800000633346,207.83659999960946,223.9051057145064,one shared preloaded model
conv-30-qa-26,lalm,4.359705714263588,9.964300003048265,207.83659999960946,222.1606057169213,one shared preloaded model
conv-30-qa-27,lalm,4.359705714263588,10.386499998276122,207.83659999960946,222.58280571214917,one shared preloaded model
conv-30-qa-28,lalm,4.359705714263588,6.62440000087372,221.30600000036793,232.29010571550523,one shared preloaded model
conv-30-qa-29,lalm,4.359705714263588,9.945100002369145,221.30600000036793,235.61080571700066,one shared preloaded model
conv-30-qa-30,lalm,4.359705714263588,10.349899999710033,221.30600000036793,236.01560571434155,one shared preloaded model
conv-30-qa-31,lalm,4.359705714263588,10.426600001665065,221.30600000036793,236.09230571629658,one shared preloaded model
conv-30-qa-32,lalm,4.359705714263588,6.859400000394089,208.24560000073689,219.46470571539456,one shared preloaded model
conv-30-qa-33,lalm,4.359705714263588,11.479099997814046,208.24560000073689,224.08440571281452,one shared preloaded model
conv-30-qa-34,lalm,4.359705714263588,10.259999999107094,208.24560000073689,222.86530571410756,one shared preloaded model
conv-30-qa-35,lalm,4.359705714263588,10.240699997666525,208.24560000073689,222.846005712667,one shared preloaded model
conv-30-qa-36,lalm,4.359705714263588,7.819200000085402,125.49385000056645,137.67275571491544,one shared preloaded model
conv-30-qa-37,lalm,4.359705714263588,10.329100001399638,125.49385000056645,140.18265571622968,one shared preloaded model
conv-30-qa-38,lalm,4.359705714263588,6.301599998550955,125.49385000056645,136.155155713381,one shared preloaded model
conv-30-qa-39,lalm,4.359705714263588,7.113699997717049,125.49385000056645,136.9672557125471,one shared preloaded model
conv-30-qa-40,lalm,4.359705714263588,10.000400001445087,164.82702499979496,179.18713071550363,one shared preloaded model
conv-30-qa-41,lalm,4.359705714263588,12.456100001145387,164.82702499979496,181.64283071520393,one shared preloaded model
conv-30-qa-42,lalm,4.359705714263588,10.118700000020908,164.82702499979496,179.30543071407945,one shared preloaded model
conv-30-qa-43,lalm,4.359705714263588,5.72459999966668,164.82702499979496,174.91133071372522,one shared preloaded model
conv-30-qa-44,lalm,4.359705714263588,6.7673000012291595,172.02452499986975,183.1515307153625,one shared preloaded model
conv-30-qa-45,lalm,4.359705714263588,10.828099999343976,172.02452499986975,187.21233071347731,one shared preloaded model
conv-30-qa-46,lalm,4.359705714263588,10.409099999378668,172.02452499986975,186.793330713512,one shared preloaded model
conv-30-qa-47,lalm,4.359705714263588,10.882900001888629,172.02452499986975,187.26713071602197,one shared preloaded model
conv-30-qa-48,lalm,4.359705714263588,6.60299999799463,140.7764749992566,151.73918071151482,one shared preloaded model
conv-30-qa-49,lalm,4.359705714263588,13.528899999073474,140.7764749992566,158.66508071259366,one shared preloaded model
conv-30-qa-50,lalm,4.359705714263588,7.978899997397093,140.7764749992566,153.11508071091728,one shared preloaded model
conv-30-qa-51,lalm,4.359705714263588,9.565799999109004,140.7764749992566,154.7019807126292,one shared preloaded model
conv-30-qa-52,lalm,4.359705714263588,9.92720000067493,386.1183999997593,400.4053057146978,one shared preloaded model
conv-30-qa-53,lalm,4.359705714263588,11.511500000779051,386.1183999997593,401.98960571480194,one shared preloaded model
conv-30-qa-54,lalm,4.359705714263588,10.099700000864686,386.1183999997593,400.5778057148876,one shared preloaded model
conv-30-qa-55,lalm,4.359705714263588,10.09669999984908,386.1183999997593,400.57480571387197,one shared preloaded model
conv-30-qa-56,lalm,4.359705714263588,6.753800000296906,223.11155000079452,234.225055715355,one shared preloaded model
conv-30-qa-57,lalm,4.359705714263588,7.6539000001503155,223.11155000079452,235.12515571520842,one shared preloaded model
conv-30-qa-58,lalm,4.359705714263588,6.524299999000505,223.11155000079452,233.9955557140586,one shared preloaded model
conv-30-qa-59,lalm,4.359705714263588,10.393699998530792,223.11155000079452,237.8649557135889,one shared preloaded model
conv-30-qa-60,lalm,4.359705714263588,21.36650000102236,146.2710749992766,171.99728071456255,one shared preloaded model
conv-30-qa-61,lalm,4.359705714263588,11.90130000031786,146.2710749992766,162.53208071385805,one shared preloaded model
conv-30-qa-62,lalm,4.359705714263588,9.848300000157906,146.2710749992766,160.4790807136981,one shared preloaded model
conv-30-qa-63,lalm,4.359705714263588,10.336899998947047,146.2710749992766,160.96768071248724,one shared preloaded model
conv-30-qa-64,lalm,4.359705714263588,7.242199997563148,300.202000000354,311.8039057121808,one shared preloaded model
conv-30-qa-65,lalm,4.359705714263588,11.533499997312902,300.202000000354,316.09520571193053,one shared preloaded model
conv-30-qa-66,lalm,4.359705714263588,10.187399999267654,300.202000000354,314.7491057138853,one shared preloaded model
conv-30-qa-67,lalm,4.359705714263588,10.63129999965895,300.202000000354,315.1930057142766,one shared preloaded model
conv-30-qa-68,lalm,4.359705714263588,8.605700000771321,180.61649999981455,193.58190571484946,one shared preloaded model
conv-30-qa-69,lalm,4.359705714263588,11.495700000523357,180.61649999981455,196.4719057146015,one shared preloaded model
conv-30-qa-70,lalm,4.359705714263588,10.221299999102484,180.61649999981455,195.19750571318062,one shared preloaded model
conv-30-qa-71,lalm,4.359705714263588,10.568800000328338,180.61649999981455,195.54500571440647,one shared preloaded model
conv-30-qa-72,lalm,4.359705714263588,7.616099999722792,333.3152999994127,345.2911057133991,one shared preloaded model
conv-30-qa-73,lalm,4.359705714263588,12.838599999668077,333.3152999994127,350.51360571334436,one shared preloaded model
conv-30-qa-74,lalm,4.359705714263588,10.695000000850996,333.3152999994127,348.3700057145273,one shared preloaded model
conv-30-qa-75,lalm,4.359705714263588,10.304999999789288,333.3152999994127,347.9800057134656,one shared preloaded model
conv-30-qa-76,lalm,4.359705714263588,6.716100000630831,177.93404999974882,189.00985571464324,one shared preloaded model
conv-30-qa-77,lalm,4.359705714263588,10.297900000296067,177.93404999974882,192.59165571430847,one shared preloaded model
conv-30-qa-78,lalm,4.359705714263588,10.466199997608783,177.93404999974882,192.7599557116212,one shared preloaded model
conv-30-qa-79,lalm,4.359705714263588,10.437099997943733,177.93404999974882,192.73085571195614,one shared preloaded model
conv-30-qa-80,lalm,4.359705714263588,6.3062000008358154,219.04527500009863,229.71118071519803,one shared preloaded model
conv-30-qa-81,lalm,4.359705714263588,7.049499999993714,219.04527500009863,230.45448071435592,one shared preloaded model
conv-30-qa-82,lalm,4.359705714263588,10.927300001640106,219.04527500009863,234.33228071600232,one shared preloaded model
conv-30-qa-83,lalm,4.359705714263588,8.200800002668984,219.04527500009863,231.6057807170312,one shared preloaded model
conv-30-qa-84,lalm,4.359705714263588,7.445600000210106,251.86110000049666,263.6664057149704,one shared preloaded model
conv-30-qa-85,lalm,4.359705714263588,7.368300000962336,251.86110000049666,263.5891057157226,one shared preloaded model
conv-30-qa-86,lalm,4.359705714263588,7.958999998663785,251.86110000049666,264.17980571342406,one shared preloaded model
conv-30-qa-87,lalm,4.359705714263588,7.774300000164658,251.86110000049666,263.99510571492493,one shared preloaded model
conv-30-qa-88,lalm,4.359705714263588,8.666399997309782,151.66342499924212,164.6895307108155,one shared preloaded model
conv-30-qa-89,lalm,4.359705714263588,10.223699999187374,151.66342499924212,166.24683071269308,one shared preloaded model
conv-30-qa-90,lalm,4.359705714263588,9.734699997352436,151.66342499924212,165.75783071085814,one shared preloaded model
conv-30-qa-91,lalm,4.359705714263588,9.998699999414384,151.66342499924212,166.0218307129201,one shared preloaded model
conv-30-qa-92,lalm,4.359705714263588,6.366999998135725,143.35095000024012,154.07765571263943,one shared preloaded model
conv-30-qa-93,lalm,4.359705714263588,6.294400001934264,143.35095000024012,154.00505571643797,one shared preloaded model
conv-30-qa-94,lalm,4.359705714263588,6.459399999585003,143.35095000024012,154.1700557140887,one shared preloaded model
conv-30-qa-95,lalm,4.359705714263588,6.728799999109469,143.35095000024012,154.43945571361317,one shared preloaded model
conv-30-qa-96,lalm,4.359705714263588,7.635199999640463,100.81902499950957,112.81393071341361,one shared preloaded model
conv-30-qa-97,lalm,4.359705714263588,10.405900000478141,100.81902499950957,115.58463071425129,one shared preloaded model
conv-30-qa-98,lalm,4.359705714263588,9.986199998820666,100.81902499950957,115.16493071259382,one shared preloaded model
conv-30-qa-99,lalm,4.359705714263588,10.257100002490915,100.81902499950957,115.43583071626406,one shared preloaded model
conv-30-qa-100,lalm,4.359705714263588,7.014900002104696,92.66089999982796,104.03550571619624,one shared preloaded model
conv-30-qa-101,lalm,4.359705714263588,13.574799999332754,92.66089999982796,110.5954057134243,one shared preloaded model
conv-30-qa-102,lalm,4.359705714263588,10.142299997824011,92.66089999982796,107.16290571191556,one shared preloaded model
conv-30-qa-103,lalm,4.359705714263588,9.97319999805768,92.66089999982796,106.99380571214922,one shared preloaded model
conv-30-qa-104,lalm,4.359705714263588,7.5600999989546835,303.5803999991913,315.5002057124096,one shared preloaded model
conv-41-qa-0,lalm,4.218290155434406,10.664899997209432,90.61300000030315,105.49619015294698,one shared preloaded model
conv-41-qa-1,lalm,4.218290155434406,8.018599997740239,90.61300000030315,102.84989015347779,one shared preloaded model
conv-41-qa-2,lalm,4.218290155434406,9.54499999716063,90.61300000030315,104.37629015289818,one shared preloaded model
conv-41-qa-3,lalm,4.218290155434406,6.92200000048615,90.61300000030315,101.7532901562237,one shared preloaded model
conv-41-qa-4,lalm,4.218290155434406,6.749100000888575,224.25912500057166,235.22651515689464,one shared preloaded model
conv-41-qa-5,lalm,4.218290155434406,10.627599996951176,224.25912500057166,239.10501515295724,one shared preloaded model
conv-41-qa-6,lalm,4.218290155434406,6.637200000113808,224.25912500057166,235.11461515611987,one shared preloaded model
conv-41-qa-7,lalm,4.218290155434406,6.5814999979920685,224.25912500057166,235.05891515399813,one shared preloaded model
conv-41-qa-8,lalm,4.218290155434406,6.693999999697553,204.6055000000706,215.51779015520256,one shared preloaded model
conv-41-qa-9,lalm,4.218290155434406,7.5147999996261206,204.6055000000706,216.33859015513113,one shared preloaded model
conv-41-qa-10,lalm,4.218290155434406,7.775400001264643,204.6055000000706,216.59919015676965,one shared preloaded model
conv-41-qa-11,lalm,4.218290155434406,10.5732000010903,204.6055000000706,219.3969901565953,one shared preloaded model
conv-41-qa-12,lalm,4.218290155434406,6.664099997578887,101.20242500033783,112.08481515335112,one shared preloaded model
conv-41-qa-13,lalm,4.218290155434406,7.294099999853643,101.20242500033783,112.71481515562587,one shared preloaded model
conv-41-qa-14,lalm,4.218290155434406,10.313300001143944,101.20242500033783,115.73401515691617,one shared preloaded model
conv-41-qa-15,lalm,4.218290155434406,10.473599999386352,101.20242500033783,115.89431515515858,one shared preloaded model
conv-41-qa-16,lalm,4.218290155434406,6.148100001155399,285.48325000065233,295.84964015724216,one shared preloaded model
conv-41-qa-17,lalm,4.218290155434406,11.559000002307585,285.48325000065233,301.26054015839435,one shared preloaded model
conv-41-qa-18,lalm,4.218290155434406,11.221100001421291,285.48325000065233,300.92264015750806,one shared preloaded model
conv-41-qa-19,lalm,4.218290155434406,6.785900000977563,285.48325000065233,296.4874401570643,one shared preloaded model
conv-41-qa-20,lalm,4.218290155434406,7.093399999575922,200.8851999999024,212.19689015491272,one shared preloaded model
conv-41-qa-21,lalm,4.218290155434406,11.067499999626307,200.8851999999024,216.1709901549631,one shared preloaded model
conv-41-qa-22,lalm,4.218290155434406,10.245100002066465,200.8851999999024,215.34859015740327,one shared preloaded model
conv-41-qa-23,lalm,4.218290155434406,9.667499998613494,200.8851999999024,214.7709901539503,one shared preloaded model
conv-41-qa-24,lalm,4.218290155434406,6.4648000006855,195.66815000052884,206.35124015664874,one shared preloaded model
conv-41-qa-25,lalm,4.218290155434406,6.855999999970663,195.66815000052884,206.7424401559339,one shared preloaded model
conv-41-qa-26,lalm,4.218290155434406,7.008599997789133,195.66815000052884,206.89504015375238,one shared preloaded model
conv-41-qa-27,lalm,4.218290155434406,6.623100001888815,195.66815000052884,206.50954015785206,one shared preloaded model
conv-41-qa-28,lalm,4.218290155434406,6.499999999505235,91.5396000000328,102.25789015497244,one shared preloaded model
conv-41-qa-29,lalm,4.218290155434406,5.506400000740541,91.5396000000328,101.26429015620775,one shared preloaded model
conv-41-qa-30,lalm,4.218290155434406,6.63410000197473,91.5396000000328,102.39199015744194,one shared preloaded model
conv-41-qa-31,lalm,4.218290155434406,5.95439999960945,91.5396000000328,101.71229015507666,one shared preloaded model
conv-41-qa-32,lalm,4.218290155434406,16.981299999315524,96.07965000031982,117.27924015506974,one shared preloaded model
conv-41-qa-33,lalm,4.218290155434406,10.66269999864744,96.07965000031982,110.96064015440166,one shared preloaded model
conv-41-qa-34,lalm,4.218290155434406,10.646300001099007,96.07965000031982,110.94424015685323,one shared preloaded model
conv-41-qa-35,lalm,4.218290155434406,10.303800001565833,96.07965000031982,110.60174015732005,one shared preloaded model
conv-41-qa-36,lalm,4.218290155434406,6.9900999988021795,102.02517499965325,113.23356515388983,one shared preloaded model
conv-41-qa-37,lalm,4.218290155434406,10.140900001715636,102.02517499965325,116.38436515680328,one shared preloaded model
conv-41-qa-38,lalm,4.218290155434406,9.655000001657754,102.02517499965325,115.8984651567454,one shared preloaded model
conv-41-qa-39,lalm,4.218290155434406,10.110199997143354,102.02517499965325,116.353665152231,one shared preloaded model
conv-41-qa-40,lalm,4.218290155434406,8.867000000464031,189.89650000003166,202.9817901559301,one shared preloaded model
conv-41-qa-41,lalm,4.218290155434406,12.804999998479616,189.89650000003166,206.91979015394568,one shared preloaded model
conv-41-qa-42,lalm,4.218290155434406,10.488700001587858,189.89650000003166,204.60349015705393,one shared preloaded model
conv-41-qa-43,lalm,4.218290155434406,10.157299999264069,189.89650000003166,204.27209015473014,one shared preloaded model
conv-41-qa-44,lalm,4.218290155434406,7.106999997631647,344.5302999998603,355.85559015292637,one shared preloaded model
conv-41-qa-45,lalm,4.218290155434406,10.073699999338714,344.5302999998603,358.82229015463344,one shared preloaded model
conv-41-qa-46,lalm,4.218290155434406,9.954199998901458,344.5302999998603,358.7027901541962,one shared preloaded model
conv-41-qa-47,lalm,4.218290155434406,9.94649999847752,344.5302999998603,358.69509015377224,one shared preloaded model
conv-41-qa-48,lalm,4.218290155434406,6.359499999234686,202.44699999966542,213.0247901543345,one shared preloaded model
conv-41-qa-49,lalm,4.218290155434406,7.065000001603039,202.44699999966542,213.73029015670286,one shared preloaded model
conv-41-qa-50,lalm,4.218290155434406,9.008500001073116,202.44699999966542,215.67379015617294,one shared preloaded model
conv-41-qa-51,lalm,4.218290155434406,10.168799999519251,202.44699999966542,216.83409015461908,one shared preloaded model
conv-41-qa-52,lalm,4.218290155434406,8.982399998785695,190.89887500012992,204.09956515435002,one shared preloaded model
conv-41-qa-53,lalm,4.218290155434406,12.305700001888908,190.89887500012992,207.42286515745323,one shared preloaded model
conv-41-qa-54,lalm,4.218290155434406,10.166299998672912,190.89887500012992,205.28346515423723,one shared preloaded model
conv-41-qa-55,lalm,4.218290155434406,9.851300001173513,190.89887500012992,204.96846515673784,one shared preloaded model
conv-41-qa-56,lalm,4.218290155434406,7.196700000349665,238.79582500012475,250.21081515590882,one shared preloaded model
conv-41-qa-57,lalm,4.218290155434406,7.831300001271302,238.79582500012475,250.84541515683046,one shared preloaded model
conv-41-qa-58,lalm,4.218290155434406,6.463400000939146,238.79582500012475,249.4775151564983,one shared preloaded model
conv-41-qa-59,lalm,4.218290155434406,7.387000001472188,238.79582500012475,250.40111515703134,one shared preloaded model
conv-41-qa-60,lalm,4.218290155434406,8.042099998419872,100.90519999994285,113.16559015379713,one shared preloaded model
conv-41-qa-61,lalm,4.218290155434406,11.891400001331931,100.90519999994285,117.01489015670919,one shared preloaded model
conv-41-qa-62,lalm,4.218290155434406,11.171599999215687,100.90519999994285,116.29509015459294,one shared preloaded model
conv-41-qa-63,lalm,4.218290155434406,9.480099997745128,100.90519999994285,114.60359015312238,one shared preloaded model
conv-41-qa-64,lalm,4.218290155434406,7.1559999996679835,194.52367499980028,205.89796515490266,one shared preloaded model
conv-41-qa-65,lalm,4.218290155434406,14.1178999983822,194.52367499980028,212.85986515361688,one shared preloaded model
conv-41-qa-66,lalm,4.218290155434406,10.520399999222718,194.52367499980028,209.2623651544574,one shared preloaded model
conv-41-qa-67,lalm,4.218290155434406,10.750400000688387,194.52367499980028,209.49236515592307,one shared preloaded model
conv-41-qa-68,lalm,4.218290155434406,6.693799998174654,102.02347499944153,112.93556515305059,one shared preloaded model
conv-41-qa-69,lalm,4.218290155434406,12.461400001484435,102.02347499944153,118.70316515636037,one shared preloaded model
conv-41-qa-70,lalm,4.218290155434406,11.342600002535619,102.02347499944153,117.58436515741155,one shared preloaded model
conv-41-qa-71,lalm,4.218290155434406,10.047699997812742,102.02347499944153,116.28946515268868,one shared preloaded model
conv-41-qa-72,lalm,4.218290155434406,9.413600000698352,129.24177500008227,142.87366515621503,one shared preloaded model
conv-41-qa-73,lalm,4.218290155434406,11.384699999325676,129.24177500008227,144.84476515484235,one shared preloaded model
conv-41-qa-74,lalm,4.218290155434406,8.661199997732183,129.24177500008227,142.12126515324886,one shared preloaded model
conv-41-qa-75,lalm,4.218290155434406,8.399900001677452,129.24177500008227,141.85996515719413,one shared preloaded model
conv-41-qa-76,lalm,4.218290155434406,7.302999998501036,311.94547499944747,323.46676515338294,one shared preloaded model
conv-41-qa-77,lalm,4.218290155434406,10.990300001139985,311.94547499944747,327.1540651560219,one shared preloaded model
conv-41-qa-78,lalm,4.218290155434406,10.593700000754325,311.94547499944747,326.7574651556362,one shared preloaded model
conv-41-qa-79,lalm,4.218290155434406,10.310900001059053,311.94547499944747,326.47466515594095,one shared preloaded model
conv-41-qa-80,lalm,4.218290155434406,10.28280000173254,109.45752499992523,123.95861515709217,one shared preloaded model
conv-41-qa-81,lalm,4.218290155434406,10.896400002820883,109.45752499992523,124.57221515818051,one shared preloaded model
conv-41-qa-82,lalm,4.218290155434406,9.942600001522806,109.45752499992523,123.61841515688243,one shared preloaded model
conv-41-qa-83,lalm,4.218290155434406,10.284600000886712,109.45752499992523,123.96041515624634,one shared preloaded model
conv-41-qa-84,lalm,4.218290155434406,6.896300001244526,131.87274999927467,142.9873401559536,one shared preloaded model
conv-41-qa-85,lalm,4.218290155434406,8.667999998579035,131.87274999927467,144.7590401532881,one shared preloaded model
conv-41-qa-86,lalm,4.218290155434406,6.870499997603474,131.87274999927467,142.96154015231255,one shared preloaded model
conv-41-qa-87,lalm,4.218290155434406,9.35830000162241,131.87274999927467,145.4493401563315,one shared preloaded model
conv-41-qa-88,lalm,4.218290155434406,7.041400000161957,521.8811750000896,533.1408651556859,one shared preloaded model
conv-41-qa-89,lalm,4.218290155434406,11.257300000579562,521.8811750000896,537.3567651561035,one shared preloaded model
conv-41-qa-90,lalm,4.218290155434406,10.90459999977611,521.8811750000896,537.0040651553,one shared preloaded model
conv-41-qa-91,lalm,4.218290155434406,10.164700001041638,521.8811750000896,536.2641651565656,one shared preloaded model
conv-41-qa-92,lalm,4.218290155434406,7.117100001778454,162.00382500028354,173.3392151574964,one shared preloaded model
conv-41-qa-93,lalm,4.218290155434406,12.265199999092147,162.00382500028354,178.4873151548101,one shared preloaded model
conv-41-qa-94,lalm,4.218290155434406,10.69400000051246,162.00382500028354,176.9161151562304,one shared preloaded model
conv-41-qa-95,lalm,4.218290155434406,10.091000000102213,162.00382500028354,176.31311515582016,one shared preloaded model
conv-41-qa-96,lalm,4.218290155434406,7.922199998574797,185.34654999984923,197.48704015385843,one shared preloaded model
conv-41-qa-97,lalm,4.218290155434406,8.036200000788085,185.34654999984923,197.60104015607172,one shared preloaded model
conv-41-qa-98,lalm,4.218290155434406,11.871300001075724,185.34654999984923,201.43614015635936,one shared preloaded model
conv-41-qa-99,lalm,4.218290155434406,11.290400001598755,185.34654999984923,200.8552401568824,one shared preloaded model
conv-41-qa-100,lalm,4.218290155434406,6.100200000219047,100.40329999992537,110.72179015557882,one shared preloaded model
conv-41-qa-101,lalm,4.218290155434406,8.683000000019092,100.40329999992537,113.30459015537886,one shared preloaded model
conv-41-qa-102,lalm,4.218290155434406,10.880099998757942,100.40329999992537,115.50169015411771,one shared preloaded model
conv-41-qa-103,lalm,4.218290155434406,10.992699997586897,100.40329999992537,115.61429015294667,one shared preloaded model
conv-41-qa-104,lalm,4.218290155434406,7.171599998400779,309.37317500047357,320.7630651543088,one shared preloaded model
conv-41-qa-105,lalm,4.218290155434406,10.0166000011086,309.37317500047357,323.6080651570166,one shared preloaded model
conv-41-qa-106,lalm,4.218290155434406,11.213900001166621,309.37317500047357,324.8053651570746,one shared preloaded model
conv-41-qa-107,lalm,4.218290155434406,10.985700002493104,309.37317500047357,324.5771651584011,one shared preloaded model
conv-41-qa-108,lalm,4.218290155434406,7.566500000393717,151.4203999995516,163.2051901553797,one shared preloaded model
conv-41-qa-109,lalm,4.218290155434406,10.605599996779347,151.4203999995516,166.24429015176534,one shared preloaded model
conv-41-qa-110,lalm,4.218290155434406,9.807499998714775,151.4203999995516,165.44619015370077,one shared preloaded model
conv-41-qa-111,lalm,4.218290155434406,9.871199999906821,151.4203999995516,165.50989015489282,one shared preloaded model
conv-41-qa-112,lalm,4.218290155434406,7.797199999913573,96.09355000065989,108.10904015600786,one shared preloaded model
conv-41-qa-113,lalm,4.218290155434406,11.632099998678314,96.09355000065989,111.9439401547726,one shared preloaded model
conv-41-qa-114,lalm,4.218290155434406,11.275400000158697,96.09355000065989,111.58724015625299,one shared preloaded model
conv-41-qa-115,lalm,4.218290155434406,10.852200000954326,96.09355000065989,111.16404015704862,one shared preloaded model
conv-41-qa-116,lalm,4.218290155434406,8.028399999602698,276.734475000012,288.98116515504915,one shared preloaded model
conv-41-qa-117,lalm,4.218290155434406,11.755799998354632,276.734475000012,292.7085651538011,one shared preloaded model
conv-41-qa-118,lalm,4.218290155434406,10.489500000403496,276.734475000012,291.44226515584995,one shared preloaded model
conv-41-qa-119,lalm,4.218290155434406,10.483800000656629,276.734475000012,291.4365651561031,one shared preloaded model
conv-41-qa-120,lalm,4.218290155434406,10.156500000448432,213.03079999961483,227.40559015549766,one shared preloaded model
conv-41-qa-121,lalm,4.218290155434406,10.346700000809506,213.03079999961483,227.59579015585874,one shared preloaded model
conv-41-qa-122,lalm,4.218290155434406,11.554900000191992,213.03079999961483,228.80399015524122,one shared preloaded model
conv-41-qa-123,lalm,4.218290155434406,11.428000001615146,213.03079999961483,228.67709015666438,one shared preloaded model
conv-41-qa-124,lalm,4.218290155434406,6.7436999997880775,283.51082500012126,294.47281515534377,one shared preloaded model
conv-41-qa-125,lalm,4.218290155434406,11.130700000649085,283.51082500012126,298.8598151562048,one shared preloaded model
conv-41-qa-126,lalm,4.218290155434406,10.401999999885447,283.51082500012126,298.13111515544114,one shared preloaded model
conv-41-qa-127,lalm,4.218290155434406,11.236999998800457,283.51082500012126,298.96611515435615,one shared preloaded model
conv-41-qa-128,lalm,4.218290155434406,11.467899999843212,273.0348499999309,288.7210401552085,one shared preloaded model
conv-41-qa-129,lalm,4.218290155434406,10.056399998575216,273.0348499999309,287.30954015394053,one shared preloaded model
conv-41-qa-130,lalm,4.218290155434406,9.899299999233335,273.0348499999309,287.15244015459865,one shared preloaded model
conv-41-qa-131,lalm,4.218290155434406,10.425000000395812,273.0348499999309,287.6781401557611,one shared preloaded model
conv-41-qa-132,lalm,4.218290155434406,6.559599998581689,318.2584999995015,329.03639015351763,one shared preloaded model
conv-41-qa-133,lalm,4.218290155434406,7.563099999970291,318.2584999995015,330.03989015490623,one shared preloaded model
conv-41-qa-134,lalm,4.218290155434406,10.161000001971843,318.2584999995015,332.6377901569078,one shared preloaded model
conv-41-qa-135,lalm,4.218290155434406,10.553199997957563,318.2584999995015,333.0299901528935,one shared preloaded model
conv-41-qa-136,lalm,4.218290155434406,6.389699999999721,129.7493250003754,140.35731515580952,one shared preloaded model
conv-41-qa-137,lalm,4.218290155434406,10.838399997737724,129.7493250003754,144.80601515354752,one shared preloaded model
conv-41-qa-138,lalm,4.218290155434406,10.559700000158045,129.7493250003754,144.52731515596784,one shared preloaded model
conv-41-qa-139,lalm,4.218290155434406,9.63689999844064,129.7493250003754,143.60451515425044,one shared preloaded model
conv-41-qa-140,lalm,4.218290155434406,6.760700001905207,144.50215000033495,155.48114015767456,one shared preloaded model
conv-41-qa-141,lalm,4.218290155434406,6.234299999050563,144.50215000033495,154.95474015481992,one shared preloaded model
conv-41-qa-142,lalm,4.218290155434406,6.722800000716234,144.50215000033495,155.4432401564856,one shared preloaded model
conv-41-qa-143,lalm,4.218290155434406,7.333700003073318,144.50215000033495,156.05414015884267,one shared preloaded model
conv-41-qa-144,lalm,4.218290155434406,7.359899998846231,169.78780000044935,181.36599015472999,one shared preloaded model
conv-41-qa-145,lalm,4.218290155434406,10.546800000156509,169.78780000044935,184.55289015604026,one shared preloaded model
conv-41-qa-146,lalm,4.218290155434406,10.545500001171604,169.78780000044935,184.55159015705536,one shared preloaded model
conv-41-qa-147,lalm,4.218290155434406,10.341100001824088,169.78780000044935,184.34719015770784,one shared preloaded model
conv-41-qa-148,lalm,4.218290155434406,7.745499999145977,157.44887500022742,169.4126651548078,one shared preloaded model
conv-41-qa-149,lalm,4.218290155434406,13.262199998280266,157.44887500022742,174.9293651539421,one shared preloaded model
conv-41-qa-150,lalm,4.218290155434406,10.472199999639997,157.44887500022742,172.13936515530182,one shared preloaded model
conv-41-qa-151,lalm,4.218290155434406,10.898399999859976,157.44887500022742,172.5655651555218,one shared preloaded model
conv-41-qa-152,lalm,4.218290155434406,6.711099998938153,94.5767250004792,105.50611515485176,one shared preloaded model
conv-41-qa-153,lalm,4.218290155434406,6.6923000013048295,94.5767250004792,105.48731515721843,one shared preloaded model
conv-41-qa-154,lalm,4.218290155434406,6.936300000234041,94.5767250004792,105.73131515614764,one shared preloaded model
conv-41-qa-155,lalm,4.218290155434406,7.573700000648387,94.5767250004792,106.36871515656199,one shared preloaded model
conv-41-qa-156,lalm,4.218290155434406,9.779899999557529,94.1700250004942,108.16821515548614,one shared preloaded model
conv-41-qa-157,lalm,4.218290155434406,11.651599998003803,94.1700250004942,110.03991515393241,one shared preloaded model
conv-41-qa-158,lalm,4.218290155434406,10.353800000302726,94.1700250004942,108.74211515623134,one shared preloaded model
conv-41-qa-159,lalm,4.218290155434406,10.72799999747076,94.1700250004942,109.11631515339937,one shared preloaded model
conv-41-qa-160,lalm,4.218290155434406,6.621900000027381,104.81867500038788,115.65886515584967,one shared preloaded model
conv-41-qa-161,lalm,4.218290155434406,12.028699999063974,104.81867500038788,121.06566515488626,one shared preloaded model
conv-41-qa-162,lalm,4.218290155434406,6.240499998966698,104.81867500038788,115.27746515478898,one shared preloaded model
conv-41-qa-163,lalm,4.218290155434406,10.665599998901598,104.81867500038788,119.70256515472389,one shared preloaded model
conv-41-qa-164,lalm,4.218290155434406,6.787800000893185,112.57022500012681,123.5763151564544,one shared preloaded model
conv-41-qa-165,lalm,4.218290155434406,10.375899997598026,112.57022500012681,127.16441515315924,one shared preloaded model
conv-41-qa-166,lalm,4.218290155434406,11.518399998749373,112.57022500012681,128.3069151543106,one shared preloaded model
conv-41-qa-167,lalm,4.218290155434406,11.435000000346918,112.57022500012681,128.22351515590813,one shared preloaded model
conv-41-qa-168,lalm,4.218290155434406,6.161500001326203,181.0313749992929,191.4111651560535,one shared preloaded model
conv-41-qa-169,lalm,4.218290155434406,7.685600001423154,181.0313749992929,192.93526515615045,one shared preloaded model
conv-41-qa-170,lalm,4.218290155434406,10.00930000009248,181.0313749992929,195.25896515481978,one shared preloaded model
conv-41-qa-171,lalm,4.218290155434406,10.151999998925021,181.0313749992929,195.40166515365232,one shared preloaded model
conv-41-qa-172,lalm,4.218290155434406,12.114199998904951,130.86420000036014,147.1966901546995,one shared preloaded model
conv-41-qa-173,lalm,4.218290155434406,8.472299999993993,130.86420000036014,143.55479015578854,one shared preloaded model
conv-41-qa-174,lalm,4.218290155434406,6.921799998963252,130.86420000036014,142.0042901547578,one shared preloaded model
conv-41-qa-175,lalm,4.218290155434406,7.278799999767216,130.86420000036014,142.36129015556176,one shared preloaded model
conv-41-qa-176,lalm,4.218290155434406,7.826799999747891,107.30827499992301,119.35336515510531,one shared preloaded model
conv-41-qa-177,lalm,4.218290155434406,9.585499999957392,107.30827499992301,121.11206515531481,one shared preloaded model
conv-41-qa-178,lalm,4.218290155434406,10.472999998455634,107.30827499992301,121.99956515381305,one shared preloaded model
conv-41-qa-179,lalm,4.218290155434406,10.054899998067413,107.30827499992301,121.58146515342483,one shared preloaded model
conv-41-qa-180,lalm,4.218290155434406,6.549300000187941,96.84314999958588,107.61074015520822,one shared preloaded model
conv-41-qa-181,lalm,4.218290155434406,12.81849999941187,96.84314999958588,113.87994015443215,one shared preloaded model
conv-41-qa-182,lalm,4.218290155434406,10.276499997416977,96.84314999958588,111.33794015243726,one shared preloaded model
conv-41-qa-183,lalm,4.218290155434406,9.966500001610257,96.84314999958588,111.02794015663054,one shared preloaded model
conv-41-qa-184,lalm,4.218290155434406,8.117199999105651,105.80064999976457,118.13614015430463,one shared preloaded model
conv-41-qa-185,lalm,4.218290155434406,14.439500002481509,105.80064999976457,124.45844015768049,one shared preloaded model
conv-41-qa-186,lalm,4.218290155434406,10.058500000013737,105.80064999976457,120.07744015521271,one shared preloaded model
conv-41-qa-187,lalm,4.218290155434406,9.905800001433818,105.80064999976457,119.9247401566328,one shared preloaded model
conv-41-qa-188,lalm,4.218290155434406,7.192500001110602,106.82052500033024,118.23131515687524,one shared preloaded model
conv-41-qa-189,lalm,4.218290155434406,12.667800001509022,106.82052500033024,123.70661515727366,one shared preloaded model
conv-41-qa-190,lalm,4.218290155434406,11.05920000190963,106.82052500033024,122.09801515767427,one shared preloaded model
conv-41-qa-191,lalm,4.218290155434406,10.692700001527555,106.82052500033024,121.7315151572922,one shared preloaded model
conv-41-qa-192,lalm,4.218290155434406,7.497599999624072,201.35930000105873,213.0751901561172,one shared preloaded model
conv-42-qa-0,lalm,2.641759230769262,10.481099998287391,172.95534999993833,186.07820922899498,one shared preloaded model
conv-42-qa-1,lalm,2.641759230769262,10.756300001958152,172.95534999993833,186.35340923266574,one shared preloaded model
conv-42-qa-2,lalm,2.641759230769262,10.483999998541549,172.95534999993833,186.08110922924914,one shared preloaded model
conv-42-qa-3,lalm,2.641759230769262,10.226300000795163,172.95534999993833,185.82340923150275,one shared preloaded model
conv-42-qa-4,lalm,2.641759230769262,6.25199999922188,123.39220000012574,132.28595923011687,one shared preloaded model
conv-42-qa-5,lalm,2.641759230769262,10.577199998806464,123.39220000012574,136.61115922970146,one shared preloaded model
conv-42-qa-6,lalm,2.641759230769262,10.685999997804174,123.39220000012574,136.71995922869917,one shared preloaded model
conv-42-qa-7,lalm,2.641759230769262,11.464700000942685,123.39220000012574,137.49865923183768,one shared preloaded model
conv-42-qa-8,lalm,2.641759230769262,7.320700002310332,112.8190250001353,122.7814842332149,one shared preloaded model
conv-42-qa-9,lalm,2.641759230769262,10.737900000094669,112.8190250001353,126.19868423099923,one shared preloaded model
conv-42-qa-10,lalm,2.641759230769262,10.569600002781954,112.8190250001353,126.03038423368652,one shared preloaded model
conv-42-qa-11,lalm,2.641759230769262,10.318299999198643,112.8190250001353,125.77908423010321,one shared preloaded model
conv-42-qa-12,lalm,2.641759230769262,6.934200002433499,171.67242499999702,181.24838423319977,one shared preloaded model
conv-42-qa-13,lalm,2.641759230769262,10.361699998611584,171.67242499999702,184.67588422937786,one shared preloaded model
conv-42-qa-14,lalm,2.641759230769262,10.889400000451133,171.67242499999702,185.2035842312174,one shared preloaded model
conv-42-qa-15,lalm,2.641759230769262,10.504800000489922,171.67242499999702,184.8189842312562,one shared preloaded model
conv-42-qa-16,lalm,2.641759230769262,6.089400001656031,88.94305000012537,97.67420923255067,one shared preloaded model
conv-42-qa-17,lalm,2.641759230769262,8.114299998851493,88.94305000012537,99.69910922974613,one shared preloaded model
conv-42-qa-18,lalm,2.641759230769262,10.267800000292482,88.94305000012537,101.85260923118712,one shared preloaded model
conv-42-qa-19,lalm,2.641759230769262,10.197700001299381,88.94305000012537,101.78250923219402,one shared preloaded model
conv-42-qa-20,lalm,2.641759230769262,7.016199997451622,170.56852499990782,180.2264842281287,one shared preloaded model
conv-42-qa-21,lalm,2.641759230769262,11.52390000061132,170.56852499990782,184.7341842312884,one shared preloaded model
conv-42-qa-22,lalm,2.641759230769262,7.124200001271674,170.56852499990782,180.33448423194875,one shared preloaded model
conv-42-qa-23,lalm,2.641759230769262,6.755700000212528,170.56852499990782,179.9659842308896,one shared preloaded model
conv-42-qa-24,lalm,2.641759230769262,7.121900001948234,162.89772500022082,172.6613842329383,one shared preloaded model
conv-42-qa-25,lalm,2.641759230769262,9.805099998629885,162.89772500022082,175.34458422961995,one shared preloaded model
conv-42-qa-26,lalm,2.641759230769262,10.656899998139124,162.89772500022082,176.1963842291292,one shared preloaded model
conv-42-qa-27,lalm,2.641759230769262,10.23219999842695,162.89772500022082,175.77168422941702,one shared preloaded model
conv-42-qa-28,lalm,2.641759230769262,6.896300001244526,181.06322499988892,190.6012842319027,one shared preloaded model
conv-42-qa-29,lalm,2.641759230769262,7.68410000091535,181.06322499988892,191.38908423157352,one shared preloaded model
conv-42-qa-30,lalm,2.641759230769262,6.532200000947341,181.06322499988892,190.2371842316055,one shared preloaded model
conv-42-qa-31,lalm,2.641759230769262,6.062000000383705,181.06322499988892,189.76698423104187,one shared preloaded model
conv-42-qa-32,lalm,2.641759230769262,6.292400001257192,171.8134499997177,180.74760923174415,one shared preloaded model
conv-42-qa-33,lalm,2.641759230769262,9.282399998483015,171.8134499997177,183.73760922896997,one shared preloaded model
conv-42-qa-34,lalm,2.641759230769262,10.162599999603117,171.8134499997177,184.61780923009007,one shared preloaded model
conv-42-qa-35,lalm,2.641759230769262,9.387600002810359,171.8134499997177,183.84280923329732,one shared preloaded model
conv-42-qa-36,lalm,2.641759230769262,6.913999997777864,177.11257500013744,186.66833422868456,one shared preloaded model
conv-42-qa-37,lalm,2.641759230769262,10.291499998857034,177.11257500013744,190.04583422976373,one shared preloaded model
conv-42-qa-38,lalm,2.641759230769262,6.872699999803444,177.11257500013744,186.62703423071014,one shared preloaded model
conv-42-qa-39,lalm,2.641759230769262,5.447799998364644,177.11257500013744,185.20213422927134,one shared preloaded model
conv-42-qa-40,lalm,2.641759230769262,6.651700001384597,177.11439999948198,186.40785923163583,one shared preloaded model
conv-42-qa-41,lalm,2.641759230769262,7.378599999356084,177.11439999948198,187.1347592296073,one shared preloaded model
conv-42-qa-42,lalm,2.641759230769262,7.470000000466825,177.11439999948198,187.22615923071805,one shared preloaded model
conv-42-qa-43,lalm,2.641759230769262,10.410400002001552,177.11439999948198,190.16655923225278,one shared preloaded model
conv-42-qa-44,lalm,2.641759230769262,6.362400003126822,171.33657500016852,180.3407342340646,one shared preloaded model
conv-42-qa-45,lalm,2.641759230769262,7.46649999928195,171.33657500016852,181.44483423021973,one shared preloaded model
conv-42-qa-46,lalm,2.641759230769262,8.464999998977873,171.33657500016852,182.44333422991565,one shared preloaded model
conv-42-qa-47,lalm,2.641759230769262,10.579599998891354,171.33657500016852,184.55793422982913,one shared preloaded model
conv-42-qa-48,lalm,2.641759230769262,8.111800001643132,176.17157500080793,186.92513423322032,one shared preloaded model
conv-42-qa-49,lalm,2.641759230769262,9.395600001880666,176.17157500080793,188.20893423345785,one shared preloaded model
conv-42-qa-50,lalm,2.641759230769262,11.933900001167785,176.17157500080793,190.74723423274497,one shared preloaded model
conv-42-qa-51,lalm,2.641759230769262,10.600000001431908,176.17157500080793,189.4133342330091,one shared preloaded model
conv-42-qa-52,lalm,2.641759230769262,7.7366000004985835,91.10135000082664,101.47970923209449,one shared preloaded model
conv-42-qa-53,lalm,2.641759230769262,8.218599999963772,91.10135000082664,101.96170923155968,one shared preloaded model
conv-42-qa-54,lalm,2.641759230769262,8.22130000233301,91.10135000082664,101.96440923392892,one shared preloaded model
conv-42-qa-55,lalm,2.641759230769262,7.2762999989208765,91.10135000082664,101.01940923051679,one shared preloaded model
conv-42-qa-56,lalm,2.641759230769262,7.3125999988405965,115.61744999926304,125.57180922887291,one shared preloaded model
conv-42-qa-57,lalm,2.641759230769262,11.411800001951633,115.61744999926304,129.67100923198393,one shared preloaded model
conv-42-qa-58,lalm,2.641759230769262,8.89420000021346,115.61744999926304,127.15340923024577,one shared preloaded model
conv-42-qa-59,lalm,2.641759230769262,6.846299998869654,115.61744999926304,125.10550922890197,one shared preloaded model
conv-42-qa-60,lalm,2.641759230769262,6.191600001329789,79.94277499983582,88.77613423193488,one shared preloaded model
conv-42-qa-61,lalm,2.641759230769262,7.752799996524118,79.94277499983582,90.3373342271292,one shared preloaded model
conv-42-qa-62,lalm,2.641759230769262,7.239300000946969,79.94277499983582,89.82383423155206,one shared preloaded model
conv-42-qa-63,lalm,2.641759230769262,7.01889999982086,79.94277499983582,89.60343423042595,one shared preloaded model
conv-42-qa-64,lalm,2.641759230769262,6.471899996540742,94.75967500020488,103.87333422751489,one shared preloaded model
conv-42-qa-65,lalm,2.641759230769262,11.317600001348183,94.75967500020488,108.71903423232233,one shared preloaded model
conv-42-qa-66,lalm,2.641759230769262,9.236300000338815,94.75967500020488,106.63773423131296,one shared preloaded model
conv-42-qa-67,lalm,2.641759230769262,6.604899997910252,94.75967500020488,104.0063342288844,one shared preloaded model
conv-42-qa-68,lalm,2.641759230769262,6.622699998843018,75.4431499999555,84.70760922956778,one shared preloaded model
conv-42-qa-69,lalm,2.641759230769262,10.927200000878656,75.4431499999555,89.01210923160342,one shared preloaded model
conv-42-qa-70,lalm,2.641759230769262,10.392000000138069,75.4431499999555,88.47690923086283,one shared preloaded model
conv-42-qa-71,lalm,2.641759230769262,10.28760000190232,75.4431499999555,88.37250923262708,one shared preloaded model
conv-42-qa-72,lalm,2.641759230769262,6.870499997603474,87.72399999998015,97.23625922835289,one shared preloaded model
conv-42-qa-73,lalm,2.641759230769262,8.873200000380166,87.72399999998015,99.23895923112958,one shared preloaded model
conv-42-qa-74,lalm,2.641759230769262,10.727400000178022,87.72399999998015,101.09315923092744,one shared preloaded model
conv-42-qa-75,lalm,2.641759230769262,9.903899997880217,87.72399999998015,100.26965922862964,one shared preloaded model
conv-42-qa-76,lalm,2.641759230769262,8.861199999955716,389.551449999999,401.054409230724,one shared preloaded model
conv-42-qa-77,lalm,2.641759230769262,9.422700000868645,389.551449999999,401.6159092316369,one shared preloaded model
conv-42-qa-78,lalm,2.641759230769262,7.034900001599453,389.551449999999,399.22810923236773,one shared preloaded model
conv-42-qa-79,lalm,2.641759230769262,6.776499998522922,389.551449999999,398.9697092292912,one shared preloaded model
conv-42-qa-80,lalm,2.641759230769262,6.396500000846572,113.94194999957108,122.98020923118692,one shared preloaded model
conv-42-qa-81,lalm,2.641759230769262,10.997299999871757,113.94194999957108,127.5810092302121,one shared preloaded model
conv-42-qa-82,lalm,2.641759230769262,10.385900000983384,113.94194999957108,126.96960923132373,one shared preloaded model
conv-42-qa-83,lalm,2.641759230769262,10.11329999892041,113.94194999957108,126.69700922926076,one shared preloaded model
conv-42-qa-84,lalm,2.641759230769262,7.015700000920333,128.48727500022505,138.14473423191464,one shared preloaded model
conv-42-qa-85,lalm,2.641759230769262,7.448100001056446,128.48727500022505,138.57713423205075,one shared preloaded model
conv-42-qa-86,lalm,2.641759230769262,10.74489999882644,128.48727500022505,141.87393422982075,one shared preloaded model
conv-42-qa-87,lalm,2.641759230769262,10.402699997939635,128.48727500022505,141.53173422893394,one shared preloaded model
conv-42-qa-88,lalm,2.641759230769262,6.456700000853743,70.31247499980964,79.41093423143265,one shared preloaded model
conv-42-qa-89,lalm,2.641759230769262,10.88049999816576,70.31247499980964,83.83473422874467,one shared preloaded model
conv-42-qa-90,lalm,2.641759230769262,10.341899997001747,70.31247499980964,83.29613422758065,one shared preloaded model
conv-42-qa-91,lalm,2.641759230769262,10.03100000161794,70.31247499980964,82.98523423219685,one shared preloaded model
conv-42-qa-92,lalm,2.641759230769262,7.794299999659415,86.38762500049779,96.82368423092647,one shared preloaded model
conv-42-qa-93,lalm,2.641759230769262,10.811500000272645,86.38762500049779,99.8408842315397,one shared preloaded model
conv-42-qa-94,lalm,2.641759230769262,11.001700000633718,86.38762500049779,100.03108423190078,one shared preloaded model
conv-42-qa-95,lalm,2.641759230769262,10.304700001142919,86.38762500049779,99.33408423240998,one shared preloaded model
conv-42-qa-96,lalm,2.641759230769262,8.947599999373779,100.87960000055318,112.46895923069623,one shared preloaded model
conv-42-qa-97,lalm,2.641759230769262,7.639200000994606,100.87960000055318,111.16055923231706,one shared preloaded model
conv-42-qa-98,lalm,2.641759230769262,8.115699998597847,100.87960000055318,111.6370592299203,one shared preloaded model
conv-42-qa-99,lalm,2.641759230769262,7.51010000021779,100.87960000055318,111.03145923154024,one shared preloaded model
conv-42-qa-100,lalm,2.641759230769262,7.063200002448866,193.13597500058677,202.8409342338049,one shared preloaded model
conv-42-qa-101,lalm,2.641759230769262,10.70859999890672,193.13597500058677,206.48633423026274,one shared preloaded model
conv-42-qa-102,lalm,2.641759230769262,10.434200001327554,193.13597500058677,206.21193423268357,one shared preloaded model
conv-42-qa-103,lalm,2.641759230769262,9.793000001081964,193.13597500058677,205.57073423243799,one shared preloaded model
conv-42-qa-104,lalm,2.641759230769262,6.777500002499437,249.6033500001431,259.0226092334118,one shared preloaded model
conv-42-qa-105,lalm,2.641759230769262,10.885499999858439,249.6033500001431,263.1306092307708,one shared preloaded model
conv-42-qa-106,lalm,2.641759230769262,10.288800000125775,249.6033500001431,262.53390923103814,one shared preloaded model
conv-42-qa-107,lalm,2.641759230769262,9.94170000194572,249.6033500001431,262.1868092328581,one shared preloaded model
conv-42-qa-108,lalm,2.641759230769262,7.046300001093186,93.75242500027525,103.4404842321377,one shared preloaded model
conv-42-qa-109,lalm,2.641759230769262,10.536199999478413,93.75242500027525,106.93038423052293,one shared preloaded model
conv-42-qa-110,lalm,2.641759230769262,10.913299996900605,93.75242500027525,107.30748422794512,one shared preloaded model
conv-42-qa-111,lalm,2.641759230769262,10.639000000082888,93.75242500027525,107.03318423112741,one shared preloaded model
conv-42-qa-112,lalm,2.641759230769262,9.925999998813495,126.95842500033905,139.5261842299218,one shared preloaded model
conv-42-qa-113,lalm,2.641759230769262,7.166700001107529,126.95842500033905,136.76688423221583,one shared preloaded model
conv-42-qa-114,lalm,2.641759230769262,7.5690999983635265,126.95842500033905,137.16928422947183,one shared preloaded model
conv-42-qa-115,lalm,2.641759230769262,7.114899999578483,126.95842500033905,136.71508423068678,one shared preloaded model
conv-42-qa-116,lalm,2.641759230769262,6.560900001204573,106.62572500041279,115.82838423238663,one shared preloaded model
conv-42-qa-117,lalm,2.641759230769262,7.194100002379855,106.62572500041279,116.46158423356191,one shared preloaded model
conv-42-qa-118,lalm,2.641759230769262,7.691899998462759,106.62572500041279,116.95938422964481,one shared preloaded model
conv-42-qa-119,lalm,2.641759230769262,7.293300001038006,106.62572500041279,116.56078423222006,one shared preloaded model
conv-42-qa-120,lalm,2.641759230769262,7.710399997449713,161.00625000035507,171.35840922857403,one shared preloaded model
conv-42-qa-121,lalm,2.641759230769262,10.865299998840783,161.00625000035507,174.5133092299651,one shared preloaded model
conv-42-qa-122,lalm,2.641759230769262,10.82700000188197,161.00625000035507,174.4750092330063,one shared preloaded model
conv-42-qa-123,lalm,2.641759230769262,9.31029999992461,161.00625000035507,172.95830923104893,one shared preloaded model
conv-42-qa-124,lalm,2.641759230769262,6.514400000014575,119.96847499995056,129.1246342307344,one shared preloaded model
conv-42-qa-125,lalm,2.641759230769262,7.474400001228787,119.96847499995056,130.0846342319486,one shared preloaded model
conv-42-qa-126,lalm,2.641759230769262,6.287000000156695,119.96847499995056,128.8972342308765,one shared preloaded model
conv-42-qa-127,lalm,2.641759230769262,6.82049999886658,119.96847499995056,129.4307342295864,one shared preloaded model
conv-42-qa-128,lalm,2.641759230769262,6.883800000650808,126.19924999944487,135.72480923086493,one shared preloaded model
conv-42-qa-129,lalm,2.641759230769262,6.3045999995665625,126.19924999944487,135.1456092297807,one shared preloaded model
conv-42-qa-130,lalm,2.641759230769262,6.6992000029131304,126.19924999944487,135.54020923312726,one shared preloaded model
conv-42-qa-131,lalm,2.641759230769262,6.610599997657118,126.19924999944487,135.45160922787124,one shared preloaded model
conv-42-qa-132,lalm,2.641759230769262,7.53420000182814,106.92732499956037,117.10328423215778,one shared preloaded model
conv-42-qa-133,lalm,2.641759230769262,10.884600000281353,106.92732499956037,120.45368423061099,one shared preloaded model
conv-42-qa-134,lalm,2.641759230769262,10.378300001320895,106.92732499956037,119.94738423165053,one shared preloaded model
conv-42-qa-135,lalm,2.641759230769262,11.405900000681868,106.92732499956037,120.9749842310115,one shared preloaded model
conv-42-qa-136,lalm,2.641759230769262,6.98039999770117,100.53532499932771,110.15748422779815,one shared preloaded model
conv-42-qa-137,lalm,2.641759230769262,10.49310000234982,100.53532499932771,113.6701842324468,one shared preloaded model
conv-42-qa-138,lalm,2.641759230769262,10.41110000005574,100.53532499932771,113.58818423015272,one shared preloaded model
conv-42-qa-139,lalm,2.641759230769262,10.249900002236245,100.53532499932771,113.42698423233323,one shared preloaded model
conv-42-qa-140,lalm,2.641759230769262,6.938399998034583,120.7670000003418,130.34715922914563,one shared preloaded model
conv-42-qa-141,lalm,2.641759230769262,10.610299999825656,120.7670000003418,134.0190592309367,one shared preloaded model
conv-42-qa-142,lalm,2.641759230769262,10.228099999949336,120.7670000003418,133.63685923106038,one shared preloaded model
conv-42-qa-143,lalm,2.641759230769262,11.385899997549132,120.7670000003418,134.79465922866018,one shared preloaded model
conv-42-qa-144,lalm,2.641759230769262,6.919299998116912,113.85280000013154,123.41385922901772,one shared preloaded model
conv-42-qa-145,lalm,2.641759230769262,10.020300000178395,113.85280000013154,126.5148592310792,one shared preloaded model
conv-42-qa-146,lalm,2.641759230769262,10.373799999797484,113.85280000013154,126.86835923069829,one shared preloaded model
conv-42-qa-147,lalm,2.641759230769262,10.785299997223774,113.85280000013154,127.27985922812458,one shared preloaded model
conv-42-qa-148,lalm,2.641759230769262,8.258500001829816,506.9894750004096,517.8897342330087,one shared preloaded model
conv-42-qa-149,lalm,2.641759230769262,9.446799998841016,506.9894750004096,519.0780342300199,one shared preloaded model
conv-42-qa-150,lalm,2.641759230769262,10.591700000077253,506.9894750004096,520.2229342312561,one shared preloaded model
conv-42-qa-151,lalm,2.641759230769262,10.704200001782738,506.9894750004096,520.3354342329616,one shared preloaded model
conv-42-qa-152,lalm,2.641759230769262,8.133999999699881,103.42262500034849,114.19838423081764,one shared preloaded model
conv-42-qa-153,lalm,2.641759230769262,7.333000001381151,103.42262500034849,113.39738423249891,one shared preloaded model
conv-42-qa-154,lalm,2.641759230769262,9.040700002515223,103.42262500034849,115.10508423363298,one shared preloaded model
conv-42-qa-155,lalm,2.641759230769262,7.82690000050934,103.42262500034849,113.8912842316271,one shared preloaded model
conv-42-qa-156,lalm,2.641759230769262,8.45119999939925,139.73964999968302,150.83260922985153,one shared preloaded model
conv-42-qa-157,lalm,2.641759230769262,11.331600002449704,139.73964999968302,153.71300923290198,one shared preloaded model
conv-42-qa-158,lalm,2.641759230769262,11.1486000023433,139.73964999968302,153.53000923279558,one shared preloaded model
conv-42-qa-159,lalm,2.641759230769262,11.576200002309633,139.73964999968302,153.9576092327619,one shared preloaded model
conv-42-qa-160,lalm,2.641759230769262,7.328899999265559,123.56482500035781,133.53548423039263,one shared preloaded model
conv-42-qa-161,lalm,2.641759230769262,7.408699999359669,123.56482500035781,133.61528423048674,one shared preloaded model
conv-42-qa-162,lalm,2.641759230769262,7.757200000924058,123.56482500035781,133.96378423205113,one shared preloaded model
conv-42-qa-163,lalm,2.641759230769262,7.122200000594603,123.56482500035781,133.32878423172167,one shared preloaded model
conv-42-qa-164,lalm,2.641759230769262,7.485500002076151,246.31657499958237,256.4438342324278,one shared preloaded model
conv-42-qa-165,lalm,2.641759230769262,11.95000000006985,246.31657499958237,260.9083342304215,one shared preloaded model
conv-42-qa-166,lalm,2.641759230769262,10.794300000270596,246.31657499958237,259.7526342306222,one shared preloaded model
conv-42-qa-167,lalm,2.641759230769262,6.865100000140956,246.31657499958237,255.82343423049258,one shared preloaded model
conv-42-qa-168,lalm,2.641759230769262,7.151400001021102,419.3151500003296,429.10830923211995,one shared preloaded model
conv-42-qa-169,lalm,2.641759230769262,6.554799998411909,419.3151500003296,428.51170922951076,one shared preloaded model
conv-42-qa-170,lalm,2.641759230769262,8.247199999459554,419.3151500003296,430.2041092305584,one shared preloaded model
conv-42-qa-171,lalm,2.641759230769262,6.521600000269245,419.3151500003296,428.4785092313681,one shared preloaded model
conv-42-qa-172,lalm,2.641759230769262,6.60049999714829,92.1135749995301,101.35583422744766,one shared preloaded model
conv-42-qa-173,lalm,2.641759230769262,7.160799999837764,92.1135749995301,101.91613423013713,one shared preloaded model
conv-42-qa-174,lalm,2.641759230769262,6.351399999402929,92.1135749995301,101.1067342297023,one shared preloaded model
conv-42-qa-175,lalm,2.641759230769262,6.275100000493694,92.1135749995301,101.03043423079306,one shared preloaded model
conv-42-qa-176,lalm,2.641759230769262,7.551899998361478,171.76042499977484,181.95408422890557,one shared preloaded model
conv-42-qa-177,lalm,2.641759230769262,10.961600000882754,171.76042499977484,185.36378423142685,one shared preloaded model
conv-42-qa-178,lalm,2.641759230769262,8.08369999867864,171.76042499977484,182.48588422922273,one shared preloaded model
conv-42-qa-179,lalm,2.641759230769262,6.9745000000693835,171.76042499977484,181.37668423061348,one shared preloaded model
conv-42-qa-180,lalm,2.641759230769262,6.163100002595456,181.3953999999285,190.2002592332932,one shared preloaded model
conv-42-qa-181,lalm,2.641759230769262,8.289200002764119,181.3953999999285,192.32635923346186,one shared preloaded model
conv-42-qa-182,lalm,2.641759230769262,10.28299999961746,181.3953999999285,194.3201592303152,one shared preloaded model
conv-42-qa-183,lalm,2.641759230769262,10.75230000060401,181.3953999999285,194.78945923130175,one shared preloaded model
conv-42-qa-184,lalm,2.641759230769262,6.596999999601394,98.34944999965956,107.58820923003022,one shared preloaded model
conv-42-qa-185,lalm,2.641759230769262,7.009500001004199,98.34944999965956,108.00070923143302,one shared preloaded model
conv-42-qa-186,lalm,2.641759230769262,7.952299998578383,98.34944999965956,108.9435092290072,one shared preloaded model
conv-42-qa-187,lalm,2.641759230769262,9.998199999245116,98.34944999965956,110.98940922967394,one shared preloaded model
conv-42-qa-188,lalm,2.641759230769262,6.936800000403309,303.63149999993766,313.2100592311102,one shared preloaded model
conv-42-qa-189,lalm,2.641759230769262,10.268900001392467,303.63149999993766,316.5421592320994,one shared preloaded model
conv-42-qa-190,lalm,2.641759230769262,10.015399999247165,303.63149999993766,316.2886592299541,one shared preloaded model
conv-42-qa-191,lalm,2.641759230769262,9.841600000072503,303.63149999993766,316.1148592307794,one shared preloaded model
conv-42-qa-192,lalm,2.641759230769262,8.695700002135709,149.4875749995117,160.82503423241667,one shared preloaded model
conv-42-qa-193,lalm,2.641759230769262,11.639699998340802,149.4875749995117,163.76903422862176,one shared preloaded model
conv-42-qa-194,lalm,2.641759230769262,10.593900002277223,149.4875749995117,162.72323423255818,one shared preloaded model
conv-42-qa-195,lalm,2.641759230769262,10.823199998412747,149.4875749995117,162.9525342286937,one shared preloaded model
conv-42-qa-196,lalm,2.641759230769262,6.691899998259032,175.63605000032112,184.9697092293494,one shared preloaded model
conv-42-qa-197,lalm,2.641759230769262,7.612199999130098,175.63605000032112,185.89000923022047,one shared preloaded model
conv-42-qa-198,lalm,2.641759230769262,11.295800002699252,175.63605000032112,189.57360923378963,one shared preloaded model
conv-42-qa-199,lalm,2.641759230769262,10.718699999415549,175.63605000032112,188.99650923050592,one shared preloaded model
conv-42-qa-200,lalm,2.641759230769262,9.246300000086194,106.27230000045529,118.16035923131075,one shared preloaded model
conv-42-qa-201,lalm,2.641759230769262,6.960099999560043,106.27230000045529,115.8741592307846,one shared preloaded model
conv-42-qa-202,lalm,2.641759230769262,10.774700000183657,106.27230000045529,119.68875923140821,one shared preloaded model
conv-42-qa-203,lalm,2.641759230769262,11.91850000031991,106.27230000045529,120.83255923154447,one shared preloaded model
conv-42-qa-204,lalm,2.641759230769262,13.446400000248104,95.76055000070482,111.84870923172218,one shared preloaded model
conv-42-qa-205,lalm,2.641759230769262,11.403900000004796,95.76055000070482,109.80620923147889,one shared preloaded model
conv-42-qa-206,lalm,2.641759230769262,10.834999997314299,95.76055000070482,109.23730922878839,one shared preloaded model
conv-42-qa-207,lalm,2.641759230769262,11.41549999738345,95.76055000070482,109.81780922885754,one shared preloaded model
conv-42-qa-208,lalm,2.641759230769262,7.127100001525832,101.55310000027384,111.32195923256894,one shared preloaded model
conv-42-qa-209,lalm,2.641759230769262,10.733799997979077,101.55310000027384,114.92865922902219,one shared preloaded model
conv-42-qa-210,lalm,2.641759230769262,9.043699999892851,101.55310000027384,113.23855923093596,one shared preloaded model
conv-42-qa-211,lalm,2.641759230769262,10.66769999670214,101.55310000027384,114.86255922774525,one shared preloaded model
conv-42-qa-212,lalm,2.641759230769262,7.0483999988937285,86.41245000035269,96.10260923001569,one shared preloaded model
conv-42-qa-213,lalm,2.641759230769262,8.97130000157631,86.41245000035269,98.02550923269827,one shared preloaded model
conv-42-qa-214,lalm,2.641759230769262,5.810300001030555,86.41245000035269,94.86450923215251,one shared preloaded model
conv-42-qa-215,lalm,2.641759230769262,6.598800002393546,86.41245000035269,95.6530092335155,one shared preloaded model
conv-42-qa-216,lalm,2.641759230769262,6.909899999300251,91.21157500067056,100.76323423074008,one shared preloaded model
conv-42-qa-217,lalm,2.641759230769262,7.327800001803553,91.21157500067056,101.18113423324338,one shared preloaded model
conv-42-qa-218,lalm,2.641759230769262,6.766800001059892,91.21157500067056,100.62013423249972,one shared preloaded model
conv-42-qa-219,lalm,2.641759230769262,8.766399998421548,91.21157500067056,102.61973422986138,one shared preloaded model
conv-42-qa-220,lalm,2.641759230769262,7.538699999713572,87.0677249995424,97.24818423002525,one shared preloaded model
conv-42-qa-221,lalm,2.641759230769262,10.729300000093644,87.0677249995424,100.43878423040532,one shared preloaded model
conv-42-qa-222,lalm,2.641759230769262,7.725700001174118,87.0677249995424,97.43518423148579,one shared preloaded model
conv-42-qa-223,lalm,2.641759230769262,5.747200000769226,87.0677249995424,95.4566842310809,one shared preloaded model
conv-42-qa-224,lalm,2.641759230769262,7.46900000012829,92.5585000004503,102.66925923134785,one shared preloaded model
conv-42-qa-225,lalm,2.641759230769262,10.779600001114886,92.5585000004503,105.97985923233445,one shared preloaded model
conv-42-qa-226,lalm,2.641759230769262,11.16819999879226,92.5585000004503,106.36845923001182,one shared preloaded model
conv-42-qa-227,lalm,2.641759230769262,6.862900001578964,92.5585000004503,102.06315923279853,one shared preloaded model
conv-42-qa-228,lalm,2.641759230769262,8.513500000844942,91.32669999962673,102.48195923124094,one shared preloaded model
conv-42-qa-229,lalm,2.641759230769262,10.915200000454206,91.32669999962673,104.8836592308502,one shared preloaded model
conv-42-qa-230,lalm,2.641759230769262,10.706999997637467,91.32669999962673,104.67545922803346,one shared preloaded model
conv-42-qa-231,lalm,2.641759230769262,10.474599999724887,91.32669999962673,104.44305923012088,one shared preloaded model
conv-42-qa-232,lalm,2.641759230769262,6.926199999725213,90.38307499940856,99.95103422990304,one shared preloaded model
conv-42-qa-233,lalm,2.641759230769262,7.500800002162578,90.38307499940856,100.52563423234041,one shared preloaded model
conv-42-qa-234,lalm,2.641759230769262,8.143300001393072,90.38307499940856,101.1681342315709,one shared preloaded model
conv-42-qa-235,lalm,2.641759230769262,7.337899998674402,90.38307499940856,100.36273422885223,one shared preloaded model
conv-42-qa-236,lalm,2.641759230769262,8.434799998212839,170.49034999945434,181.56690922843643,one shared preloaded model
conv-42-qa-237,lalm,2.641759230769262,10.893399998167297,170.49034999945434,184.0255092283909,one shared preloaded model
conv-42-qa-238,lalm,2.641759230769262,11.539300001459196,170.49034999945434,184.6714092316828,one shared preloaded model
conv-42-qa-239,lalm,2.641759230769262,9.937900002114475,170.49034999945434,183.07000923233807,one shared preloaded model
conv-42-qa-240,lalm,2.641759230769262,6.844100000307662,113.7721999994028,123.25805923047973,one shared preloaded model
conv-42-qa-241,lalm,2.641759230769262,10.889799999858951,113.7721999994028,127.30375923003102,one shared preloaded model
conv-42-qa-242,lalm,2.641759230769262,10.598699998809025,113.7721999994028,127.0126592289811,one shared preloaded model
conv-42-qa-243,lalm,2.641759230769262,10.390499999630265,113.7721999994028,126.80445922980233,one shared preloaded model
conv-42-qa-244,lalm,2.641759230769262,7.329800002480624,95.04564999951981,105.0172092327697,one shared preloaded model
conv-42-qa-245,lalm,2.641759230769262,10.642799999914132,95.04564999951981,108.33020923020321,one shared preloaded model
conv-42-qa-246,lalm,2.641759230769262,7.803000000421889,95.04564999951981,105.49040923071097,one shared preloaded model
conv-42-qa-247,lalm,2.641759230769262,6.95360000099754,95.04564999951981,104.64100923128662,one shared preloaded model
conv-42-qa-248,lalm,2.641759230769262,8.019400000193855,81.19492500009073,91.85608423105386,one shared preloaded model
conv-42-qa-249,lalm,2.641759230769262,11.34049999745912,81.19492500009073,95.17718422831912,one shared preloaded model
conv-42-qa-250,lalm,2.641759230769262,10.666800000763033,81.19492500009073,94.50348423162303,one shared preloaded model
conv-42-qa-251,lalm,2.641759230769262,11.28679999965243,81.19492500009073,95.12348423051243,one shared preloaded model
conv-42-qa-252,lalm,2.641759230769262,7.625999998708721,286.8654499998229,297.13320922930086,one shared preloaded model
conv-42-qa-253,lalm,2.641759230769262,7.985800002643373,286.8654499998229,297.4930092332355,one shared preloaded model
conv-42-qa-254,lalm,2.641759230769262,8.000199999514734,286.8654499998229,297.5074092301069,one shared preloaded model
conv-42-qa-255,lalm,2.641759230769262,11.266400000749854,286.8654499998229,300.773609231342,one shared preloaded model
conv-42-qa-256,lalm,2.641759230769262,7.044400001177564,144.35742499972548,154.0435842316723,one shared preloaded model
conv-42-qa-257,lalm,2.641759230769262,5.760299998655682,144.35742499972548,152.75948422915042,one shared preloaded model
conv-42-qa-258,lalm,2.641759230769262,6.690599999274127,144.35742499972548,153.68978422976886,one shared preloaded model
conv-42-qa-259,lalm,2.641759230769262,9.631000000808854,144.35742499972548,156.6301842313036,one shared preloaded model
conv-43-qa-0,lalm,3.0699685950280546,11.03530000182218,420.2061750002031,434.3114435970533,one shared preloaded model
conv-43-qa-1,lalm,3.0699685950280546,8.66899999891757,420.2061750002031,431.9451435941487,one shared preloaded model
conv-43-qa-2,lalm,3.0699685950280546,7.271399997989647,420.2061750002031,430.5475435932208,one shared preloaded model
conv-43-qa-3,lalm,3.0699685950280546,7.124299998395145,420.2061750002031,430.4004435936263,one shared preloaded model
conv-43-qa-4,lalm,3.0699685950280546,7.33340000078897,103.94950000045355,114.35286859627058,one shared preloaded model
conv-43-qa-5,lalm,3.0699685950280546,8.599699998740107,103.94950000045355,115.61916859422172,one shared preloaded model
conv-43-qa-6,lalm,3.0699685950280546,7.186300001194468,103.94950000045355,114.20576859667608,one shared preloaded model
conv-43-qa-7,lalm,3.0699685950280546,6.678599998849677,103.94950000045355,113.69806859433129,one shared preloaded model
conv-43-qa-8,lalm,3.0699685950280546,6.8738000009034295,303.85095000019646,313.79471859612795,one shared preloaded model
conv-43-qa-9,lalm,3.0699685950280546,7.0092999994813,303.85095000019646,313.9302185947058,one shared preloaded model
conv-43-qa-10,lalm,3.0699685950280546,10.1931000026525,303.85095000019646,317.114018597877,one shared preloaded model
conv-43-qa-11,lalm,3.0699685950280546,10.320100001990795,303.85095000019646,317.2410185972153,one shared preloaded model
conv-43-qa-12,lalm,3.0699685950280546,10.34820000131731,86.21347499956755,99.63164359591292,one shared preloaded model
conv-43-qa-13,lalm,3.0699685950280546,10.62390000151936,86.21347499956755,99.90734359611497,one shared preloaded model
conv-43-qa-14,lalm,3.0699685950280546,10.569300000497606,86.21347499956755,99.85274359509322,one shared preloaded model
conv-43-qa-15,lalm,3.0699685950280546,10.349600001063664,86.21347499956755,99.63304359565927,one shared preloaded model
conv-43-qa-16,lalm,3.0699685950280546,7.405199998174794,92.3457499993674,102.82091859257025,one shared preloaded model
conv-43-qa-17,lalm,3.0699685950280546,10.521899999730522,92.3457499993674,105.93761859412598,one shared preloaded model
conv-43-qa-18,lalm,3.0699685950280546,10.31870000224444,92.3457499993674,105.7344185966399,one shared preloaded model
conv-43-qa-19,lalm,3.0699685950280546,11.559999999008141,92.3457499993674,106.9757185934036,one shared preloaded model
conv-43-qa-20,lalm,3.0699685950280546,6.732699999702163,96.06432500004303,105.86699359477325,one shared preloaded model
conv-43-qa-21,lalm,3.0699685950280546,10.613200000079814,96.06432500004303,109.7474935951509,one shared preloaded model
conv-43-qa-22,lalm,3.0699685950280546,11.19739999921876,96.06432500004303,110.33169359428985,one shared preloaded model
conv-43-qa-23,lalm,3.0699685950280546,10.670400002709357,96.06432500004303,109.80469359778044,one shared preloaded model
conv-43-qa-24,lalm,3.0699685950280546,7.436300002154894,119.53182500019466,130.0380935973776,one shared preloaded model
conv-43-qa-25,lalm,3.0699685950280546,7.14220000008936,119.53182500019466,129.74399359531208,one shared preloaded model
conv-43-qa-26,lalm,3.0699685950280546,6.864200000563869,119.53182500019466,129.46599359578659,one shared preloaded model
conv-43-qa-27,lalm,3.0699685950280546,6.933100001333514,119.53182500019466,129.53489359655623,one shared preloaded model
conv-43-qa-28,lalm,3.0699685950280546,6.577699998160824,120.30719999984285,129.95486859303173,one shared preloaded model
conv-43-qa-29,lalm,3.0699685950280546,11.064800000895048,120.30719999984285,134.44196859576596,one shared preloaded model
conv-43-qa-30,lalm,3.0699685950280546,10.743700000602985,120.30719999984285,134.1208685954739,one shared preloaded model
conv-43-qa-31,lalm,3.0699685950280546,10.225399997580098,120.30719999984285,133.602568592451,one shared preloaded model
conv-43-qa-32,lalm,3.0699685950280546,6.659500002569985,130.54502500017406,140.2744935977721,one shared preloaded model
conv-43-qa-33,lalm,3.0699685950280546,10.426400000142166,130.54502500017406,144.0413935953443,one shared preloaded model
conv-43-qa-34,lalm,3.0699685950280546,10.463699996762443,130.54502500017406,144.07869359196457,one shared preloaded model
conv-43-qa-35,lalm,3.0699685950280546,10.335499999200692,130.54502500017406,143.95049359440281,one shared preloaded model
conv-43-qa-36,lalm,3.0699685950280546,6.505899997137021,129.77562499963824,139.35149359180332,one shared preloaded model
conv-43-qa-37,lalm,3.0699685950280546,10.750199999165488,129.77562499963824,143.5957935938318,one shared preloaded model
conv-43-qa-38,lalm,3.0699685950280546,12.076999999408145,129.77562499963824,144.92259359407444,one shared preloaded model
conv-43-qa-39,lalm,3.0699685950280546,11.455899999418762,129.77562499963824,144.30149359408506,one shared preloaded model
conv-43-qa-40,lalm,3.0699685950280546,8.980200000223704,155.7993999995233,167.84956859477506,one shared preloaded model
conv-43-qa-41,lalm,3.0699685950280546,10.596700001769932,155.7993999995233,169.4660685963213,one shared preloaded model
conv-43-qa-42,lalm,3.0699685950280546,10.569799997028895,155.7993999995233,169.43916859158026,one shared preloaded model
conv-43-qa-43,lalm,3.0699685950280546,10.301400001480943,155.7993999995233,169.1707685960323,one shared preloaded model
conv-43-qa-44,lalm,3.0699685950280546,6.548999997903593,186.7141000002448,196.33306859317645,one shared preloaded model
conv-43-qa-45,lalm,3.0699685950280546,5.807499997899868,186.7141000002448,195.59156859317272,one shared preloaded model
conv-43-qa-46,lalm,3.0699685950280546,7.1719000006851275,186.7141000002448,196.95596859595798,one shared preloaded model
conv-43-qa-47,lalm,3.0699685950280546,7.163199999922654,186.7141000002448,196.9472685951955,one shared preloaded model
conv-43-qa-48,lalm,3.0699685950280546,6.969999998545973,198.41509999969276,208.4550685932668,one shared preloaded model
conv-43-qa-49,lalm,3.0699685950280546,10.719599998992635,198.41509999969276,212.20466859371345,one shared preloaded model
conv-43-qa-50,lalm,3.0699685950280546,11.214099999051541,198.41509999969276,212.69916859377236,one shared preloaded model
conv-43-qa-51,lalm,3.0699685950280546,10.704500000429107,198.41509999969276,212.18956859514992,one shared preloaded model
conv-43-qa-52,lalm,3.0699685950280546,6.552800001372816,127.69519999983459,137.31796859623546,one shared preloaded model
conv-43-qa-53,lalm,3.0699685950280546,10.138900001038564,127.69519999983459,140.9040685959012,one shared preloaded model
conv-43-qa-54,lalm,3.0699685950280546,10.121700001036515,127.69519999983459,140.88686859589916,one shared preloaded model
conv-43-qa-55,lalm,3.0699685950280546,10.363999997935025,127.69519999983459,141.12916859279767,one shared preloaded model
conv-43-qa-56,lalm,3.0699685950280546,7.3574000016378704,193.8084000003073,204.23576859697323,one shared preloaded model
conv-43-qa-57,lalm,3.0699685950280546,6.363799999235198,193.8084000003073,203.24216859457056,one shared preloaded model
conv-43-qa-58,lalm,3.0699685950280546,6.632200002059108,193.8084000003073,203.51056859739447,one shared preloaded model
conv-43-qa-59,lalm,3.0699685950280546,7.488800001738127,193.8084000003073,204.3671685970735,one shared preloaded model
conv-43-qa-60,lalm,3.0699685950280546,9.187999999994645,188.1629499994233,200.420918594446,one shared preloaded model
conv-43-qa-61,lalm,3.0699685950280546,11.038399999961257,188.1629499994233,202.2713185944126,one shared preloaded model
conv-43-qa-62,lalm,3.0699685950280546,10.612500002025627,188.1629499994233,201.84541859647697,one shared preloaded model
conv-43-qa-63,lalm,3.0699685950280546,10.309199999028351,188.1629499994233,201.5421185934797,one shared preloaded model
conv-43-qa-64,lalm,3.0699685950280546,6.748600000719307,102.94940000039787,112.76796859614524,one shared preloaded model
conv-43-qa-65,lalm,3.0699685950280546,6.965000000491273,102.94940000039787,112.9843685959172,one shared preloaded model
conv-43-qa-66,lalm,3.0699685950280546,7.404899999528425,102.94940000039787,113.42426859495436,one shared preloaded model
conv-43-qa-67,lalm,3.0699685950280546,10.673900000256253,102.94940000039787,116.69326859568218,one shared preloaded model
conv-43-qa-68,lalm,3.0699685950280546,6.345300000248244,174.47255000024597,183.88781859552228,one shared preloaded model
conv-43-qa-69,lalm,3.0699685950280546,9.238700000423705,174.47255000024597,186.78121859569774,one shared preloaded model
conv-43-qa-70,lalm,3.0699685950280546,7.440400000632508,174.47255000024597,184.98291859590654,one shared preloaded model
conv-43-qa-71,lalm,3.0699685950280546,8.016399999178248,174.47255000024597,185.55891859445228,one shared preloaded model
conv-43-qa-72,lalm,3.0699685950280546,8.638700001029065,132.64970000000176,144.35836859605888,one shared preloaded model
conv-43-qa-73,lalm,3.0699685950280546,7.317999999941094,132.64970000000176,143.0376685949709,one shared preloaded model
conv-43-qa-74,lalm,3.0699685950280546,10.997400000633206,132.64970000000176,146.71706859566302,one shared preloaded model
conv-43-qa-75,lalm,3.0699685950280546,10.284399999363814,132.64970000000176,146.00406859439363,one shared preloaded model
conv-43-qa-76,lalm,3.0699685950280546,6.869200002256548,155.9633249999024,165.902493597187,one shared preloaded model
conv-43-qa-77,lalm,3.0699685950280546,8.768499999860069,155.9633249999024,167.80179359479052,one shared preloaded model
conv-43-qa-78,lalm,3.0699685950280546,6.865700001071673,155.9633249999024,165.89899359600213,one shared preloaded model
conv-43-qa-79,lalm,3.0699685950280546,7.625800000823801,155.9633249999024,166.65909359575426,one shared preloaded model
conv-43-qa-80,lalm,3.0699685950280546,6.618700001126854,85.06165000017063,94.75031859632554,one shared preloaded model
conv-43-qa-81,lalm,3.0699685950280546,11.205499999050517,85.06165000017063,99.3371185942492,one shared preloaded model
conv-43-qa-82,lalm,3.0699685950280546,9.78199999735807,85.06165000017063,97.91361859255676,one shared preloaded model
conv-43-qa-83,lalm,3.0699685950280546,6.991499998548534,85.06165000017063,95.12311859374722,one shared preloaded model
conv-43-qa-84,lalm,3.0699685950280546,6.352000000333646,176.59332499988523,186.01529359524693,one shared preloaded model
conv-43-qa-85,lalm,3.0699685950280546,10.818200000358047,176.59332499988523,190.48149359527133,one shared preloaded model
conv-43-qa-86,lalm,3.0699685950280546,10.577000000921544,176.59332499988523,190.24029359583483,one shared preloaded model
conv-43-qa-87,lalm,3.0699685950280546,10.436399999889545,176.59332499988523,190.09969359480283,one shared preloaded model
conv-43-qa-88,lalm,3.0699685950280546,6.375699998898199,242.533325000295,251.97899359422127,one shared preloaded model
conv-43-qa-89,lalm,3.0699685950280546,6.603399997402448,242.533325000295,252.20669359272551,one shared preloaded model
conv-43-qa-90,lalm,3.0699685950280546,7.307500000024447,242.533325000295,252.9107935953475,one shared preloaded model
conv-43-qa-91,lalm,3.0699685950280546,11.12729999658768,242.533325000295,256.73059359191075,one shared preloaded model
conv-43-qa-92,lalm,3.0699685950280546,14.553700002579717,161.7919999998776,179.41566859748536,one shared preloaded model
conv-43-qa-93,lalm,3.0699685950280546,11.859099999128375,161.7919999998776,176.72106859403402,one shared preloaded model
conv-43-qa-94,lalm,3.0699685950280546,11.752400001569185,161.7919999998776,176.61436859647483,one shared preloaded model
conv-43-qa-95,lalm,3.0699685950280546,11.572799998248229,161.7919999998776,176.43476859315388,one shared preloaded model
conv-43-qa-96,lalm,3.0699685950280546,7.423600000038277,133.9109249993271,144.40449359439344,one shared preloaded model
conv-43-qa-97,lalm,3.0699685950280546,11.250800002017058,133.9109249993271,148.23169359637222,one shared preloaded model
conv-43-qa-98,lalm,3.0699685950280546,9.947099999408238,133.9109249993271,146.9279935937634,one shared preloaded model
conv-43-qa-99,lalm,3.0699685950280546,10.212700002739439,133.9109249993271,147.1935935970946,one shared preloaded model
conv-43-qa-100,lalm,3.0699685950280546,7.466999999451218,317.28300000031595,327.8199685947952,one shared preloaded model
conv-43-qa-101,lalm,3.0699685950280546,9.03900000048452,317.28300000031595,329.39196859582853,one shared preloaded model
conv-43-qa-102,lalm,3.0699685950280546,11.005100001057144,317.28300000031595,331.35806859640115,one shared preloaded model
conv-43-qa-103,lalm,3.0699685950280546,10.254900000290945,317.28300000031595,330.60786859563495,one shared preloaded model
conv-43-qa-104,lalm,3.0699685950280546,6.430599998566322,90.04167499915638,99.54224359275076,one shared preloaded model
conv-43-qa-105,lalm,3.0699685950280546,10.467500000231666,90.04167499915638,103.57914359441611,one shared preloaded model
conv-43-qa-106,lalm,3.0699685950280546,6.893699999636738,90.04167499915638,100.00534359382118,one shared preloaded model
conv-43-qa-107,lalm,3.0699685950280546,6.34889999855659,90.04167499915638,99.46054359274103,one shared preloaded model
conv-43-qa-108,lalm,3.0699685950280546,6.678699999611126,361.524200000531,371.27286859517017,one shared preloaded model
conv-43-qa-109,lalm,3.0699685950280546,10.885799998504808,361.524200000531,375.47996859406385,one shared preloaded model
conv-43-qa-110,lalm,3.0699685950280546,10.630200002196943,361.524200000531,375.224368597756,one shared preloaded model
conv-43-qa-111,lalm,3.0699685950280546,10.239199997158721,361.524200000531,374.83336859271776,one shared preloaded model
conv-43-qa-112,lalm,3.0699685950280546,7.135699997888878,92.43562499977998,102.64129359269691,one shared preloaded model
conv-43-qa-113,lalm,3.0699685950280546,10.356299997511087,92.43562499977998,105.86189359231912,one shared preloaded model
conv-43-qa-114,lalm,3.0699685950280546,9.430300000531133,92.43562499977998,104.93589359533917,one shared preloaded model
conv-43-qa-115,lalm,3.0699685950280546,6.716700001561549,92.43562499977998,102.22229359636958,one shared preloaded model
conv-43-qa-116,lalm,3.0699685950280546,6.178799998451723,253.5093999995297,262.7581685930095,one shared preloaded model
conv-43-qa-117,lalm,3.0699685950280546,6.366800000250805,253.5093999995297,262.94616859480857,one shared preloaded model
conv-43-qa-118,lalm,3.0699685950280546,10.97959999970044,253.5093999995297,267.5589685942582,one shared preloaded model
conv-43-qa-119,lalm,3.0699685950280546,10.263199998007622,253.5093999995297,266.8425685925654,one shared preloaded model
conv-43-qa-120,lalm,3.0699685950280546,6.7788999986078124,152.61027500037017,162.45914359400604,one shared preloaded model
conv-43-qa-121,lalm,3.0699685950280546,10.313599999790313,152.61027500037017,165.99384359518854,one shared preloaded model
conv-43-qa-122,lalm,3.0699685950280546,10.507000002689892,152.61027500037017,166.18724359808812,one shared preloaded model
conv-43-qa-123,lalm,3.0699685950280546,10.667299997294322,152.61027500037017,166.34754359269255,one shared preloaded model
conv-43-qa-124,lalm,3.0699685950280546,7.945200002723141,169.4744999995237,180.48966859727489,one shared preloaded model
conv-43-qa-125,lalm,3.0699685950280546,10.969699997076532,169.4744999995237,183.51416859162828,one shared preloaded model
conv-43-qa-126,lalm,3.0699685950280546,10.601199999655364,169.4744999995237,183.1456685942071,one shared preloaded model
conv-43-qa-127,lalm,3.0699685950280546,10.578300003544427,169.4744999995237,183.12276859809617,one shared preloaded model
conv-43-qa-128,lalm,3.0699685950280546,13.02159999977448,137.06017500044254,153.15174359524508,one shared preloaded model
conv-43-qa-129,lalm,3.0699685950280546,10.936899998341687,137.06017500044254,151.0670435938123,one shared preloaded model
conv-43-qa-130,lalm,3.0699685950280546,11.304200001177378,137.06017500044254,151.43434359664798,one shared preloaded model
conv-43-qa-131,lalm,3.0699685950280546,10.645199999999022,137.06017500044254,150.77534359546962,one shared preloaded model
conv-43-qa-132,lalm,3.0699685950280546,7.380600000033155,236.85275000025285,247.30331859531407,one shared preloaded model
conv-43-qa-133,lalm,3.0699685950280546,11.45379999798024,236.85275000025285,251.37651859326115,one shared preloaded model
conv-43-qa-134,lalm,3.0699685950280546,12.193400001706323,236.85275000025285,252.11611859698723,one shared preloaded model
conv-43-qa-135,lalm,3.0699685950280546,9.770900000148686,236.85275000025285,249.6936185954296,one shared preloaded model
conv-43-qa-136,lalm,3.0699685950280546,6.536900000355672,449.77195000046777,459.3788185958515,one shared preloaded model
conv-43-qa-137,lalm,3.0699685950280546,8.099299997411435,449.77195000046777,460.94121859290726,one shared preloaded model
conv-43-qa-138,lalm,3.0699685950280546,8.538800000678748,449.77195000046777,461.3807185961746,one shared preloaded model
conv-43-qa-139,lalm,3.0699685950280546,11.297299999569077,449.77195000046777,464.1392185950649,one shared preloaded model
conv-43-qa-140,lalm,3.0699685950280546,7.22219999806839,181.0049750001781,191.29714359327454,one shared preloaded model
conv-43-qa-141,lalm,3.0699685950280546,9.565100001054816,181.0049750001781,193.64004359626097,one shared preloaded model
conv-43-qa-142,lalm,3.0699685950280546,11.002300001564436,181.0049750001781,195.0772435967706,one shared preloaded model
conv-43-qa-143,lalm,3.0699685950280546,11.385300000256393,181.0049750001781,195.46024359546254,one shared preloaded model
conv-43-qa-144,lalm,3.0699685950280546,8.610100001533283,95.82504999980301,107.50511859636435,one shared preloaded model
conv-43-qa-145,lalm,3.0699685950280546,7.525299999542767,95.82504999980301,106.42031859437384,one shared preloaded model
conv-43-qa-146,lalm,3.0699685950280546,10.448900000483263,95.82504999980301,109.34391859531434,one shared preloaded model
conv-43-qa-147,lalm,3.0699685950280546,10.3964999980235,95.82504999980301,109.29151859285457,one shared preloaded model
conv-43-qa-148,lalm,3.0699685950280546,9.541199997329386,87.51850000044215,100.12966859279959,one shared preloaded model
conv-43-qa-149,lalm,3.0699685950280546,6.463399997301167,87.51850000044215,97.05186859277137,one shared preloaded model
conv-43-qa-150,lalm,3.0699685950280546,7.138100001611747,87.51850000044215,97.72656859708195,one shared preloaded model
conv-43-qa-151,lalm,3.0699685950280546,10.36999999996624,87.51850000044215,100.95846859543644,one shared preloaded model
conv-43-qa-152,lalm,3.0699685950280546,7.351399999606656,111.0365250005998,121.45789359523451,one shared preloaded model
conv-43-qa-153,lalm,3.0699685950280546,7.518999998865183,111.0365250005998,121.62549359449304,one shared preloaded model
conv-43-qa-154,lalm,3.0699685950280546,7.585799998196308,111.0365250005998,121.69229359382416,one shared preloaded model
conv-43-qa-155,lalm,3.0699685950280546,10.864500000025146,111.0365250005998,124.970993595653,one shared preloaded model
conv-43-qa-156,lalm,3.0699685950280546,6.940100000065286,95.67957499984914,105.68964359494248,one shared preloaded model
conv-43-qa-157,lalm,3.0699685950280546,10.96490000054473,95.67957499984914,109.71444359542193,one shared preloaded model
conv-43-qa-158,lalm,3.0699685950280546,10.71580000279937,95.67957499984914,109.46534359767656,one shared preloaded model
conv-43-qa-159,lalm,3.0699685950280546,7.165499999246094,95.67957499984914,105.91504359412329,one shared preloaded model
conv-43-qa-160,lalm,3.0699685950280546,6.506599998829188,103.322025000125,112.89859359398224,one shared preloaded model
conv-43-qa-161,lalm,3.0699685950280546,10.302800001227297,103.322025000125,116.69479359638035,one shared preloaded model
conv-43-qa-162,lalm,3.0699685950280546,6.201599997439189,103.322025000125,112.59359359259224,one shared preloaded model
conv-43-qa-163,lalm,3.0699685950280546,10.627799998474075,103.322025000125,117.01979359362713,one shared preloaded model
conv-43-qa-164,lalm,3.0699685950280546,6.663000000116881,336.81467499991413,346.54764359505907,one shared preloaded model
conv-43-qa-165,lalm,3.0699685950280546,10.777199997392017,336.81467499991413,350.6618435923342,one shared preloaded model
conv-43-qa-166,lalm,3.0699685950280546,10.772399997222237,336.81467499991413,350.6570435921644,one shared preloaded model
conv-43-qa-167,lalm,3.0699685950280546,10.647799997968832,336.81467499991413,350.532443592911,one shared preloaded model
conv-43-qa-168,lalm,3.0699685950280546,7.045300000754651,203.12512500004232,213.24039359582503,one shared preloaded model
conv-43-qa-169,lalm,3.0699685950280546,12.439999998605344,203.12512500004232,218.63509359367572,one shared preloaded model
conv-43-qa-170,lalm,3.0699685950280546,11.800399999629008,203.12512500004232,217.99549359469938,one shared preloaded model
conv-43-qa-171,lalm,3.0699685950280546,10.828900001797592,203.12512500004232,217.02399359686797,one shared preloaded model
conv-43-qa-172,lalm,3.0699685950280546,7.683799998631002,88.1323749999865,98.88614359364556,one shared preloaded model
conv-43-qa-173,lalm,3.0699685950280546,11.227999999391614,88.1323749999865,102.43034359440617,one shared preloaded model
conv-43-qa-174,lalm,3.0699685950280546,10.562300001765834,88.1323749999865,101.76464359678039,one shared preloaded model
conv-43-qa-175,lalm,3.0699685950280546,8.672600000863895,88.1323749999865,99.87494359587845,one shared preloaded model
conv-43-qa-176,lalm,3.0699685950280546,7.016500003373949,89.87360000082845,99.96006859923045,one shared preloaded model
conv-43-qa-177,lalm,3.0699685950280546,10.963400000036927,89.87360000082845,103.90696859589343,one shared preloaded model
conv-43-qa-178,lalm,3.0699685950280546,10.449299999891082,89.87360000082845,103.39286859574759,one shared preloaded model
conv-43-qa-179,lalm,3.0699685950280546,10.114899996551685,89.87360000082845,103.05846859240819,one shared preloaded model
conv-43-qa-180,lalm,3.0699685950280546,6.040000000211876,91.90152500013937,101.0114935953793,one shared preloaded model
conv-43-qa-181,lalm,3.0699685950280546,9.056800001417287,91.90152500013937,104.02829359658472,one shared preloaded model
conv-43-qa-182,lalm,3.0699685950280546,10.359300002164673,91.90152500013937,105.3307935973321,one shared preloaded model
conv-43-qa-183,lalm,3.0699685950280546,10.025299998233095,91.90152500013937,104.99679359340053,one shared preloaded model
conv-43-qa-184,lalm,3.0699685950280546,7.296800002222881,95.06597499967029,105.43274359692123,one shared preloaded model
conv-43-qa-185,lalm,3.0699685950280546,6.590400000277441,95.06597499967029,104.72634359497579,one shared preloaded model
conv-43-qa-186,lalm,3.0699685950280546,6.463200003054226,95.06597499967029,104.59914359775257,one shared preloaded model
conv-43-qa-187,lalm,3.0699685950280546,8.392100000492064,95.06597499967029,106.52804359519041,one shared preloaded model
conv-43-qa-188,lalm,3.0699685950280546,7.016200001089601,98.76359999998385,108.84976859610151,one shared preloaded model
conv-43-qa-189,lalm,3.0699685950280546,11.268399997788947,98.76359999998385,113.10196859280086,one shared preloaded model
conv-43-qa-190,lalm,3.0699685950280546,10.202200002822792,98.76359999998385,112.0357685978347,one shared preloaded model
conv-43-qa-191,lalm,3.0699685950280546,10.177599997405196,98.76359999998385,112.0111685924171,one shared preloaded model
conv-43-qa-192,lalm,3.0699685950280546,9.417999997822335,148.5571749999508,161.0451435928012,one shared preloaded model
conv-43-qa-193,lalm,3.0699685950280546,11.164999999891734,148.5571749999508,162.7921435948706,one shared preloaded model
conv-43-qa-194,lalm,3.0699685950280546,10.864299998502247,148.5571749999508,162.4914435934811,one shared preloaded model
conv-43-qa-195,lalm,3.0699685950280546,6.7216999996162485,148.5571749999508,158.3488435945951,one shared preloaded model
conv-43-qa-196,lalm,3.0699685950280546,7.144200000766432,98.22644999985641,108.4406185956509,one shared preloaded model
conv-43-qa-197,lalm,3.0699685950280546,9.439299999939976,98.22644999985641,110.73571859482445,one shared preloaded model
conv-43-qa-198,lalm,3.0699685950280546,9.802299999137176,98.22644999985641,111.09871859402165,one shared preloaded model
conv-43-qa-199,lalm,3.0699685950280546,8.46820000151638,98.22644999985641,109.76461859640085,one shared preloaded model
conv-43-qa-200,lalm,3.0699685950280546,6.9112000019231346,93.53374999955122,103.51491859650241,one shared preloaded model
conv-43-qa-201,lalm,3.0699685950280546,10.385599998699035,93.53374999955122,106.98931859327831,one shared preloaded model
conv-43-qa-202,lalm,3.0699685950280546,10.543399999733083,93.53374999955122,107.14711859431236,one shared preloaded model
conv-43-qa-203,lalm,3.0699685950280546,10.354300000471994,93.53374999955122,106.95801859505127,one shared preloaded model
conv-43-qa-204,lalm,3.0699685950280546,6.5610999990894925,236.3005000006524,245.93156859476994,one shared preloaded model
conv-43-qa-205,lalm,3.0699685950280546,9.966599998733727,236.3005000006524,249.33706859441418,one shared preloaded model
conv-43-qa-206,lalm,3.0699685950280546,10.49580000108108,236.3005000006524,249.86626859676153,one shared preloaded model
conv-43-qa-207,lalm,3.0699685950280546,9.149900000920752,236.3005000006524,248.5203685966012,one shared preloaded model
conv-43-qa-208,lalm,3.0699685950280546,6.593900001462316,162.481200000002,172.14506859649237,one shared preloaded model
conv-43-qa-209,lalm,3.0699685950280546,5.590599997958634,162.481200000002,171.14176859298868,one shared preloaded model
conv-43-qa-210,lalm,3.0699685950280546,5.726499999582302,162.481200000002,171.27766859461235,one shared preloaded model
conv-43-qa-211,lalm,3.0699685950280546,6.627200000366429,162.481200000002,172.17836859539648,one shared preloaded model
conv-43-qa-212,lalm,3.0699685950280546,7.494599998608464,173.2557999994242,183.82036859306072,one shared preloaded model
conv-43-qa-213,lalm,3.0699685950280546,10.119300000951625,173.2557999994242,186.44506859540388,one shared preloaded model
conv-43-qa-214,lalm,3.0699685950280546,10.53650000176276,173.2557999994242,186.86226859621502,one shared preloaded model
conv-43-qa-215,lalm,3.0699685950280546,8.003300001291791,173.2557999994242,184.32906859574405,one shared preloaded model
conv-43-qa-216,lalm,3.0699685950280546,6.603799996810267,89.90117500070482,99.57494359254315,one shared preloaded model
conv-43-qa-217,lalm,3.0699685950280546,10.629500000504777,89.90117500070482,103.60064359623766,one shared preloaded model
conv-43-qa-218,lalm,3.0699685950280546,10.985000000800937,89.90117500070482,103.95614359653382,one shared preloaded model
conv-43-qa-219,lalm,3.0699685950280546,10.811099997226847,89.90117500070482,103.78224359295973,one shared preloaded model
conv-43-qa-220,lalm,3.0699685950280546,9.257599998818478,161.5569499999765,173.88451859382303,one shared preloaded model
conv-43-qa-221,lalm,3.0699685950280546,11.653800000203773,161.5569499999765,176.28071859520833,one shared preloaded model
conv-43-qa-222,lalm,3.0699685950280546,11.051299999962794,161.5569499999765,175.67821859496735,one shared preloaded model
conv-43-qa-223,lalm,3.0699685950280546,10.813100001541898,161.5569499999765,175.44001859654645,one shared preloaded model
conv-43-qa-224,lalm,3.0699685950280546,6.598799998755567,161.4646250000078,171.13339359379142,one shared preloaded model
conv-43-qa-225,lalm,3.0699685950280546,6.834899999375921,161.4646250000078,171.36949359441178,one shared preloaded model
conv-43-qa-226,lalm,3.0699685950280546,9.012200000142911,161.4646250000078,173.54679359517877,one shared preloaded model
conv-43-qa-227,lalm,3.0699685950280546,11.036399999284185,161.4646250000078,175.57099359432004,one shared preloaded model
conv-43-qa-228,lalm,3.0699685950280546,6.98019999981625,134.8830500000986,144.9332185949429,one shared preloaded model
conv-43-qa-229,lalm,3.0699685950280546,10.888599997997517,134.8830500000986,148.84161859312417,one shared preloaded model
conv-43-qa-230,lalm,3.0699685950280546,11.024600000382634,134.8830500000986,148.97761859550928,one shared preloaded model
conv-43-qa-231,lalm,3.0699685950280546,10.47629999811761,134.8830500000986,148.42931859324426,one shared preloaded model
conv-43-qa-232,lalm,3.0699685950280546,7.4100999991060235,89.0903999998045,99.57046859393859,one shared preloaded model
conv-43-qa-233,lalm,3.0699685950280546,10.506499998882646,89.0903999998045,102.66686859371521,one shared preloaded model
conv-43-qa-234,lalm,3.0699685950280546,10.395600002084393,89.0903999998045,102.55596859691695,one shared preloaded model
conv-43-qa-235,lalm,3.0699685950280546,11.413799998990726,89.0903999998045,103.57416859382329,one shared preloaded model
conv-43-qa-236,lalm,3.0699685950280546,6.41150000228663,199.9777000000904,209.4591685974051,one shared preloaded model
conv-43-qa-237,lalm,3.0699685950280546,10.176799998589559,199.9777000000904,213.22446859370802,one shared preloaded model
conv-43-qa-238,lalm,3.0699685950280546,7.841300001018681,199.9777000000904,210.88896859613715,one shared preloaded model
conv-43-qa-239,lalm,3.0699685950280546,7.82440000330098,199.9777000000904,210.87206859841945,one shared preloaded model
conv-43-qa-240,lalm,3.0699685950280546,6.429699998989236,133.0078000009962,142.5074685950135,one shared preloaded model
conv-43-qa-241,lalm,3.0699685950280546,6.240799997613067,133.0078000009962,142.31856859363734,one shared preloaded model
conv-44-qa-0,lalm,4.337328481009927,10.128100002475549,188.72375000046304,203.18917848394852,one shared preloaded model
conv-44-qa-1,lalm,4.337328481009927,7.172300000092946,188.72375000046304,200.23337848156592,one shared preloaded model
conv-44-qa-2,lalm,4.337328481009927,10.98210000054678,188.72375000046304,204.04317848201975,one shared preloaded model
conv-44-qa-3,lalm,4.337328481009927,11.683100001391722,188.72375000046304,204.7441784828647,one shared preloaded model
conv-44-qa-4,lalm,4.337328481009927,7.145600000512786,190.57447500017588,202.0574034816986,one shared preloaded model
conv-44-qa-5,lalm,4.337328481009927,10.444100000313483,190.57447500017588,205.3559034814993,one shared preloaded model
conv-44-qa-6,lalm,4.337328481009927,7.919799998489907,190.57447500017588,202.83160347967572,one shared preloaded model
conv-44-qa-7,lalm,4.337328481009927,6.368900001689326,190.57447500017588,201.28070348287514,one shared preloaded model
conv-44-qa-8,lalm,4.337328481009927,6.740599998011021,121.75442500029021,132.83235347931117,one shared preloaded model
conv-44-qa-9,lalm,4.337328481009927,11.258999998972286,121.75442500029021,137.35075348027243,one shared preloaded model
conv-44-qa-10,lalm,4.337328481009927,10.376599999290192,121.75442500029021,136.46835348059034,one shared preloaded model
conv-44-qa-11,lalm,4.337328481009927,9.896299998217728,121.75442500029021,135.98805347951787,one shared preloaded model
conv-44-qa-12,lalm,4.337328481009927,7.1246999978029635,103.10840000056487,114.57042847937777,one shared preloaded model
conv-44-qa-13,lalm,4.337328481009927,11.163299997861031,103.10840000056487,118.60902847943584,one shared preloaded model
conv-44-qa-14,lalm,4.337328481009927,10.811899999680463,103.10840000056487,118.25762848125527,one shared preloaded model
conv-44-qa-15,lalm,4.337328481009927,10.739000001194654,103.10840000056487,118.18472848276946,one shared preloaded model
conv-44-qa-16,lalm,4.337328481009927,7.405699998344062,95.72482499970647,107.46785347906047,one shared preloaded model
conv-44-qa-17,lalm,4.337328481009927,10.85649999731686,95.72482499970647,110.91865347803326,one shared preloaded model
conv-44-qa-18,lalm,4.337328481009927,11.559599999600323,95.72482499970647,111.62175348031673,one shared preloaded model
conv-44-qa-19,lalm,4.337328481009927,12.069600001268554,95.72482499970647,112.13175348198496,one shared preloaded model
conv-44-qa-20,lalm,4.337328481009927,7.268699999258388,95.74072499981412,107.34675348008244,one shared preloaded model
conv-44-qa-21,lalm,4.337328481009927,6.31000000066706,95.74072499981412,106.38805348149111,one shared preloaded model
conv-44-qa-22,lalm,4.337328481009927,7.244599997648038,95.74072499981412,107.32265347847209,one shared preloaded model
conv-44-qa-23,lalm,4.337328481009927,6.616599999688333,95.74072499981412,106.69465348051239,one shared preloaded model
conv-44-qa-24,lalm,4.337328481009927,6.401200000254903,171.6425499998877,182.38107848115254,one shared preloaded model
conv-44-qa-25,lalm,4.337328481009927,8.03740000264952,171.6425499998877,184.01727848354716,one shared preloaded model
conv-44-qa-26,lalm,4.337328481009927,11.077300001488766,171.6425499998877,187.0571784823864,one shared preloaded model
conv-44-qa-27,lalm,4.337328481009927,10.427400000480702,171.6425499998877,186.40727848137834,one shared preloaded model
conv-44-qa-28,lalm,4.337328481009927,6.562900001881644,118.2701999996425,129.17042848253408,one shared preloaded model
conv-44-qa-29,lalm,4.337328481009927,7.17129999975441,118.2701999996425,129.77882848040684,one shared preloaded model
conv-44-qa-30,lalm,4.337328481009927,7.050699998217169,118.2701999996425,129.6582284788696,one shared preloaded model
conv-44-qa-31,lalm,4.337328481009927,5.657699999574106,118.2701999996425,128.26522848022654,one shared preloaded model
conv-44-qa-32,lalm,4.337328481009927,7.765999998810003,103.74269999920216,115.8460284790221,one shared preloaded model
conv-44-qa-33,lalm,4.337328481009927,10.935300000710413,103.74269999920216,119.0153284809225,one shared preloaded model
conv-44-qa-34,lalm,4.337328481009927,10.520100000576349,103.74269999920216,118.60012848078844,one shared preloaded model
conv-44-qa-35,lalm,4.337328481009927,10.342899997340282,103.74269999920216,118.42292847755238,one shared preloaded model
conv-44-qa-36,lalm,4.337328481009927,6.305800001427997,185.9084999996412,196.55162848207914,one shared preloaded model
conv-44-qa-37,lalm,4.337328481009927,7.254200001625577,185.9084999996412,197.50002848227672,one shared preloaded model
conv-44-qa-38,lalm,4.337328481009927,6.627900002058595,185.9084999996412,196.87372848270974,one shared preloaded model
conv-44-qa-39,lalm,4.337328481009927,7.456299998011673,185.9084999996412,197.70212847866281,one shared preloaded model
conv-44-qa-40,lalm,4.337328481009927,6.862399997771718,110.74124999959167,121.94097847837332,one shared preloaded model
conv-44-qa-41,lalm,4.337328481009927,6.438300002628239,110.74124999959167,121.51687848322985,one shared preloaded model
conv-44-qa-42,lalm,4.337328481009927,6.911199998285156,110.74124999959167,121.98977847888676,one shared preloaded model
conv-44-qa-43,lalm,4.337328481009927,10.553599997365382,110.74124999959167,125.63217847796699,one shared preloaded model
conv-44-qa-44,lalm,4.337328481009927,6.737499999871943,93.98542500002804,105.06025348090992,one shared preloaded model
conv-44-qa-45,lalm,4.337328481009927,10.428100002172869,93.98542500002804,108.75085348321085,one shared preloaded model
conv-44-qa-46,lalm,4.337328481009927,10.2560999985144,93.98542500002804,108.57885347955238,one shared preloaded model
conv-44-qa-47,lalm,4.337328481009927,6.735400002071401,93.98542500002804,105.05815348310938,one shared preloaded model
conv-44-qa-48,lalm,4.337328481009927,7.201799999165814,98.77742500066233,110.31655348083808,one shared preloaded model
conv-44-qa-49,lalm,4.337328481009927,10.024900002463255,98.77742500066233,113.13965348413552,one shared preloaded model
conv-44-qa-50,lalm,4.337328481009927,10.576600001513725,98.77742500066233,113.69135348318599,one shared preloaded model
conv-44-qa-51,lalm,4.337328481009927,10.29969999945024,98.77742500066233,113.41445348112251,one shared preloaded model
conv-44-qa-52,lalm,4.337328481009927,7.525900000473484,453.96707500003686,465.8303034815203,one shared preloaded model
conv-44-qa-53,lalm,4.337328481009927,11.617499996646075,453.96707500003686,469.92190347769287,one shared preloaded model
conv-44-qa-54,lalm,4.337328481009927,11.501299999508774,453.96707500003686,469.80570348055556,one shared preloaded model
conv-44-qa-55,lalm,4.337328481009927,10.065899998153327,453.96707500003686,468.3703034792001,one shared preloaded model
conv-44-qa-56,lalm,4.337328481009927,6.795999997848412,89.57217500028491,100.70550347914326,one shared preloaded model
conv-44-qa-57,lalm,4.337328481009927,10.660500000085449,89.57217500028491,104.5700034813803,one shared preloaded model
conv-44-qa-58,lalm,4.337328481009927,10.337600000639213,89.57217500028491,104.24710348193406,one shared preloaded model
conv-44-qa-59,lalm,4.337328481009927,11.087599999882514,89.57217500028491,104.99710348117736,one shared preloaded model
conv-44-qa-60,lalm,4.337328481009927,7.266000000527129,92.47307500027091,104.07640348180797,one shared preloaded model
conv-44-qa-61,lalm,4.337328481009927,11.029600002075313,92.47307500027091,107.84000348335616,one shared preloaded model
conv-44-qa-62,lalm,4.337328481009927,11.138699999719393,92.47307500027091,107.94910348100024,one shared preloaded model
conv-44-qa-63,lalm,4.337328481009927,6.800799998018192,92.47307500027091,103.61120347929904,one shared preloaded model
conv-44-qa-64,lalm,4.337328481009927,6.361100000503939,113.63415000050736,124.33257848202123,one shared preloaded model
conv-44-qa-65,lalm,4.337328481009927,7.181400000263238,113.63415000050736,125.15287848178053,one shared preloaded model
conv-44-qa-66,lalm,4.337328481009927,7.7741999994032085,113.63415000050736,125.7456784809205,one shared preloaded model
conv-44-qa-67,lalm,4.337328481009927,7.448899999872083,113.63415000050736,125.42037848138938,one shared preloaded model
conv-44-qa-68,lalm,4.337328481009927,8.324700000230223,89.74390000003041,102.40592848127056,one shared preloaded model
conv-44-qa-69,lalm,4.337328481009927,10.450599998875987,89.74390000003041,104.53182847991633,one shared preloaded model
conv-44-qa-70,lalm,4.337328481009927,10.895100000198,89.74390000003041,104.97632848123834,one shared preloaded model
conv-44-qa-71,lalm,4.337328481009927,10.247600002912804,89.74390000003041,104.32882848395315,one shared preloaded model
conv-44-qa-72,lalm,4.337328481009927,7.365699999354547,159.27155000008497,170.97457848044945,one shared preloaded model
conv-44-qa-73,lalm,4.337328481009927,6.232100000488572,159.27155000008497,169.84097848158348,one shared preloaded model
conv-44-qa-74,lalm,4.337328481009927,5.649800001265248,159.27155000008497,169.25867848236015,one shared preloaded model
conv-44-qa-75,lalm,4.337328481009927,6.46019999840064,159.27155000008497,170.06907847949554,one shared preloaded model
conv-44-qa-76,lalm,4.337328481009927,7.169500000600237,114.99480000020412,126.5016284818143,one shared preloaded model
conv-44-qa-77,lalm,4.337328481009927,11.509700001624878,114.99480000020412,130.84182848283893,one shared preloaded model
conv-44-qa-78,lalm,4.337328481009927,11.79490000140504,114.99480000020412,131.1270284826191,one shared preloaded model
conv-44-qa-79,lalm,4.337328481009927,12.305000000196742,114.99480000020412,131.6371284814108,one shared preloaded model
conv-44-qa-80,lalm,4.337328481009927,6.841800000984222,128.7360999995144,139.91522848150856,one shared preloaded model
conv-44-qa-81,lalm,4.337328481009927,7.1792999988247175,128.7360999995144,140.25272847934906,one shared preloaded model
conv-44-qa-82,lalm,4.337328481009927,7.056700000248384,128.7360999995144,140.13012848077273,one shared preloaded model
conv-44-qa-83,lalm,4.337328481009927,6.746999999450054,128.7360999995144,139.8204284799744,one shared preloaded model
conv-44-qa-84,lalm,4.337328481009927,6.76259999818285,121.56444999982341,132.6643784790162,one shared preloaded model
conv-44-qa-85,lalm,4.337328481009927,11.206299997866154,121.56444999982341,137.1080784786995,one shared preloaded model
conv-44-qa-86,lalm,4.337328481009927,10.738199998741038,121.56444999982341,136.63997847957438,one shared preloaded model
conv-44-qa-87,lalm,4.337328481009927,11.106000001745997,121.56444999982341,137.00777848257934,one shared preloaded model
conv-44-qa-88,lalm,4.337328481009927,6.642499996814877,286.5784000005078,297.55822847833264,one shared preloaded model
conv-44-qa-89,lalm,4.337328481009927,10.612300000502728,286.5784000005078,301.5280284820205,one shared preloaded model
conv-44-qa-90,lalm,4.337328481009927,10.083299999678275,286.5784000005078,300.99902848119604,one shared preloaded model
conv-44-qa-91,lalm,4.337328481009927,10.999800000718096,286.5784000005078,301.91552848223586,one shared preloaded model
conv-44-qa-92,lalm,4.337328481009927,6.351899999572197,179.19322499983537,189.8824534804175,one shared preloaded model
conv-44-qa-93,lalm,4.337328481009927,7.796300000336487,179.19322499983537,191.3268534811818,one shared preloaded model
conv-44-qa-94,lalm,4.337328481009927,7.6579000015044585,179.19322499983537,191.18845348234976,one shared preloaded model
conv-44-qa-95,lalm,4.337328481009927,10.830600000190316,179.19322499983537,194.36115348103561,one shared preloaded model
conv-44-qa-96,lalm,4.337328481009927,7.005100000242237,163.39010000046983,174.732528481722,one shared preloaded model
conv-44-qa-97,lalm,4.337328481009927,9.845699998550117,163.39010000046983,177.57312848002988,one shared preloaded model
conv-44-qa-98,lalm,4.337328481009927,10.625499999150634,163.39010000046983,178.3529284806304,one shared preloaded model
conv-44-qa-99,lalm,4.337328481009927,10.906499999691732,163.39010000046983,178.6339284811715,one shared preloaded model
conv-44-qa-100,lalm,4.337328481009927,8.530399998562643,263.38542499979667,276.25315347936925,one shared preloaded model
conv-44-qa-101,lalm,4.337328481009927,9.161300000414485,263.38542499979667,276.8840534812211,one shared preloaded model
conv-44-qa-102,lalm,4.337328481009927,8.732599999348167,263.38542499979667,276.45535348015477,one shared preloaded model
conv-44-qa-103,lalm,4.337328481009927,6.777499998861458,263.38542499979667,274.50025347966806,one shared preloaded model
conv-44-qa-104,lalm,4.337328481009927,7.689699999900768,120.42987500080926,132.45690348171996,one shared preloaded model
conv-44-qa-105,lalm,4.337328481009927,8.793699998932425,120.42987500080926,133.56090348075162,one shared preloaded model
conv-44-qa-106,lalm,4.337328481009927,7.723899998381967,120.42987500080926,132.49110348020116,one shared preloaded model
conv-44-qa-107,lalm,4.337328481009927,10.82220000171219,120.42987500080926,135.58940348353138,one shared preloaded model
conv-44-qa-108,lalm,4.337328481009927,7.739799999399111,150.50959999916813,162.58672847957718,one shared preloaded model
conv-44-qa-109,lalm,4.337328481009927,8.669900002132636,150.50959999916813,163.5168284823107,one shared preloaded model
conv-44-qa-110,lalm,4.337328481009927,11.6450999994413,150.50959999916813,166.49202847961936,one shared preloaded model
conv-44-qa-111,lalm,4.337328481009927,10.953400000289548,150.50959999916813,165.8003284804676,one shared preloaded model
conv-44-qa-112,lalm,4.337328481009927,9.23759999932372,95.56665000036446,109.14157848069812,one shared preloaded model
conv-44-qa-113,lalm,4.337328481009927,6.0954999971727375,95.56665000036446,105.99947847854713,one shared preloaded model
conv-44-qa-114,lalm,4.337328481009927,6.685300002573058,95.56665000036446,106.58927848394745,one shared preloaded model
conv-44-qa-115,lalm,4.337328481009927,6.828899997344706,95.56665000036446,106.7328784787191,one shared preloaded model
conv-44-qa-116,lalm,4.337328481009927,6.4354999994975515,157.1914749993084,167.9643034798159,one shared preloaded model
conv-44-qa-117,lalm,4.337328481009927,7.924800000182586,157.1914749993084,169.45360348050093,one shared preloaded model
conv-44-qa-118,lalm,4.337328481009927,6.951700001081917,157.1914749993084,168.48050348140026,one shared preloaded model
conv-44-qa-119,lalm,4.337328481009927,7.517900001403177,157.1914749993084,169.04670348172152,one shared preloaded model
conv-44-qa-120,lalm,4.337328481009927,6.769299998268252,148.93517500058806,160.04180347986625,one shared preloaded model
conv-44-qa-121,lalm,4.337328481009927,6.932299998879898,148.93517500058806,160.2048034804779,one shared preloaded model
conv-44-qa-122,lalm,4.337328481009927,8.652600001369137,148.93517500058806,161.92510348296713,one shared preloaded model
conv-44-qa-123,lalm,4.337328481009927,10.795300000609132,148.93517500058806,164.06780348220713,one shared preloaded model
conv-44-qa-124,lalm,4.337328481009927,6.92219999837107,92.7583249995223,104.0178534789033,one shared preloaded model
conv-44-qa-125,lalm,4.337328481009927,11.345599999913247,92.7583249995223,108.44125348044548,one shared preloaded model
conv-44-qa-126,lalm,4.337328481009927,11.085199999797624,92.7583249995223,108.18085348032986,one shared preloaded model
conv-44-qa-127,lalm,4.337328481009927,11.043499998777406,92.7583249995223,108.13915347930964,one shared preloaded model
conv-44-qa-128,lalm,4.337328481009927,9.404299999005161,150.90514999974403,164.64677847975912,one shared preloaded model
conv-44-qa-129,lalm,4.337328481009927,9.918399999151006,150.90514999974403,165.16087847990497,one shared preloaded model
conv-44-qa-130,lalm,4.337328481009927,10.600400000839727,150.90514999974403,165.8428784815937,one shared preloaded model
conv-44-qa-131,lalm,4.337328481009927,10.516100002860185,150.90514999974403,165.75857848361414,one shared preloaded model
conv-44-qa-132,lalm,4.337328481009927,6.826100001489976,96.43605000019306,107.59947848269297,one shared preloaded model
conv-44-qa-133,lalm,4.337328481009927,11.376000002201181,96.43605000019306,112.14937848340418,one shared preloaded model
conv-44-qa-134,lalm,4.337328481009927,9.942100001353538,96.43605000019306,110.71547848255653,one shared preloaded model
conv-44-qa-135,lalm,4.337328481009927,6.5211000000999775,96.43605000019306,107.29447848130297,one shared preloaded model
conv-44-qa-136,lalm,4.337328481009927,8.06400000146823,94.0511750004589,106.45250348293706,one shared preloaded model
conv-44-qa-137,lalm,4.337328481009927,7.692200000747107,94.0511750004589,106.08070348221594,one shared preloaded model
conv-44-qa-138,lalm,4.337328481009927,7.1336999972118065,94.0511750004589,105.52220347868064,one shared preloaded model
conv-44-qa-139,lalm,4.337328481009927,6.435299997974653,94.0511750004589,104.82380347944348,one shared preloaded model
conv-44-qa-140,lalm,4.337328481009927,6.582399997569155,136.50009999946633,147.41982847804542,one shared preloaded model
conv-44-qa-141,lalm,4.337328481009927,10.583600000245497,136.50009999946633,151.42102848072176,one shared preloaded model
conv-44-qa-142,lalm,4.337328481009927,10.185700000874931,136.50009999946633,151.0231284813512,one shared preloaded model
conv-44-qa-143,lalm,4.337328481009927,10.48100000116392,136.50009999946633,151.31842848164018,one shared preloaded model
conv-44-qa-144,lalm,4.337328481009927,6.058599999960279,93.02514999944833,103.42107848041854,one shared preloaded model
conv-44-qa-145,lalm,4.337328481009927,6.652899999608053,93.02514999944833,104.01537848006632,one shared preloaded model
conv-44-qa-146,lalm,4.337328481009927,7.040299999061972,93.02514999944833,104.40277847952024,one shared preloaded model
conv-44-qa-147,lalm,4.337328481009927,6.339899999147747,93.02514999944833,103.70237847960601,one shared preloaded model
conv-44-qa-148,lalm,4.337328481009927,6.151199999294477,169.24259999996139,179.7311284802658,one shared preloaded model
conv-44-qa-149,lalm,4.337328481009927,6.624999998166459,169.24259999996139,180.20492847913778,one shared preloaded model
conv-44-qa-150,lalm,4.337328481009927,6.6038000004482456,169.24259999996139,180.18372848141956,one shared preloaded model
conv-44-qa-151,lalm,4.337328481009927,10.501400000066496,169.24259999996139,184.08132848103781,one shared preloaded model
conv-44-qa-152,lalm,4.337328481009927,6.950599999981932,134.0176749999955,145.30560348098737,one shared preloaded model
conv-44-qa-153,lalm,4.337328481009927,10.3385000002163,134.0176749999955,148.69350348122174,one shared preloaded model
conv-44-qa-154,lalm,4.337328481009927,10.516700000152923,134.0176749999955,148.87170348115836,one shared preloaded model
conv-44-qa-155,lalm,4.337328481009927,11.04009999835398,134.0176749999955,149.39510347935942,one shared preloaded model
conv-44-qa-156,lalm,4.337328481009927,6.664800002909033,147.46289999857254,158.4650284824915,one shared preloaded model
conv-44-qa-157,lalm,4.337328481009927,6.640600000537233,147.46289999857254,158.4408284801197,one shared preloaded model
conv-47-qa-0,lalm,3.817493157897077,7.825299999240087,89.61339999950724,101.2561931566444,one shared preloaded model
conv-47-qa-1,lalm,3.817493157897077,10.1810000014666,89.61339999950724,103.61189315887091,one shared preloaded model
conv-47-qa-2,lalm,3.817493157897077,7.099200000084238,89.61339999950724,100.53009315748855,one shared preloaded model
conv-47-qa-3,lalm,3.817493157897077,8.456399998976849,89.61339999950724,101.88729315638116,one shared preloaded model
conv-47-qa-4,lalm,3.817493157897077,7.415899999614339,179.00015000032,190.2335431578314,one shared preloaded model
conv-47-qa-5,lalm,3.817493157897077,10.78120000238414,179.00015000032,193.5988431606012,one shared preloaded model
conv-47-qa-6,lalm,3.817493157897077,11.4514999986568,179.00015000032,194.26914315687387,one shared preloaded model
conv-47-qa-7,lalm,3.817493157897077,11.957500002608867,179.00015000032,194.77514316082593,one shared preloaded model
conv-47-qa-8,lalm,3.817493157897077,7.0914999996603,174.4831999994858,185.39219315704318,one shared preloaded model
conv-47-qa-9,lalm,3.817493157897077,10.583899998891866,174.4831999994858,188.88459315627475,one shared preloaded model
conv-47-qa-10,lalm,3.817493157897077,11.08839999869815,174.4831999994858,189.38909315608103,one shared preloaded model
conv-47-qa-11,lalm,3.817493157897077,10.157799999433337,174.4831999994858,188.45849315681622,one shared preloaded model
conv-47-qa-12,lalm,3.817493157897077,7.775600002787542,175.20824999974138,186.801343160426,one shared preloaded model
conv-47-qa-13,lalm,3.817493157897077,7.189699997979915,175.20824999974138,186.21544315561837,one shared preloaded model
conv-47-qa-14,lalm,3.817493157897077,10.87320000078762,175.20824999974138,189.89894315842608,one shared preloaded model
conv-47-qa-15,lalm,3.817493157897077,7.092499999998836,175.20824999974138,186.1182431576373,one shared preloaded model
conv-47-qa-16,lalm,3.817493157897077,7.457499999873107,543.6383500000375,554.9133431578076,one shared preloaded model
conv-47-qa-17,lalm,3.817493157897077,6.8831000025966205,543.6383500000375,554.3389431605311,one shared preloaded model
conv-47-qa-18,lalm,3.817493157897077,7.185300000855932,543.6383500000375,554.6411431587904,one shared preloaded model
conv-47-qa-19,lalm,3.817493157897077,10.468100001162384,543.6383500000375,557.9239431590969,one shared preloaded model
conv-47-qa-20,lalm,3.817493157897077,7.113600000593578,182.90902500029915,193.8401181587898,one shared preloaded model
conv-47-qa-21,lalm,3.817493157897077,7.1339999994961545,182.90902500029915,193.86051815769238,one shared preloaded model
conv-47-qa-22,lalm,3.817493157897077,7.410199999867473,182.90902500029915,194.1367181580637,one shared preloaded model
conv-47-qa-23,lalm,3.817493157897077,7.272200000443263,182.90902500029915,193.9987181586395,one shared preloaded model
conv-47-qa-24,lalm,3.817493157897077,6.945400000404334,116.25420000018494,127.01709315848635,one shared preloaded model
conv-47-qa-25,lalm,3.817493157897077,7.002899998042267,116.25420000018494,127.07459315612428,one shared preloaded model
conv-47-qa-26,lalm,3.817493157897077,9.516199999779928,116.25420000018494,129.58789315786194,one shared preloaded model
conv-47-qa-27,lalm,3.817493157897077,8.437899999989895,116.25420000018494,128.5095931580719,one shared preloaded model
conv-47-qa-28,lalm,3.817493157897077,7.95529999959399,175.53892500018264,187.3117181576737,one shared preloaded model
conv-47-qa-29,lalm,3.817493157897077,8.442500002274755,175.53892500018264,187.79891816035448,one shared preloaded model
conv-47-qa-30,lalm,3.817493157897077,11.022300001059193,175.53892500018264,190.3787181591389,one shared preloaded model
conv-47-qa-31,lalm,3.817493157897077,10.61180000033346,175.53892500018264,189.96821815841318,one shared preloaded model
conv-47-qa-32,lalm,3.817493157897077,6.562099999428028,80.44972500010772,90.82931815743282,one shared preloaded model
conv-47-qa-33,lalm,3.817493157897077,6.241200000658864,80.44972500010772,90.50841815866366,one shared preloaded model
conv-47-qa-34,lalm,3.817493157897077,6.345300000248244,80.44972500010772,90.61251815825304,one shared preloaded model
conv-47-qa-35,lalm,3.817493157897077,5.497999998624437,80.44972500010772,89.76521815662923,one shared preloaded model
conv-47-qa-36,lalm,3.817493157897077,6.48650000221096,178.4129749994463,188.71696815955434,one shared preloaded model
conv-47-qa-37,lalm,3.817493157897077,10.138699999515666,178.4129749994463,192.36916815685905,one shared preloaded model
conv-47-qa-38,lalm,3.817493157897077,10.26800000181538,178.4129749994463,192.49846815915876,one shared preloaded model
conv-47-qa-39,lalm,3.817493157897077,10.820899999089306,178.4129749994463,193.0513681564327,one shared preloaded model
conv-47-qa-40,lalm,3.817493157897077,6.907399998453911,178.13557500085153,188.86046815720252,one shared preloaded model
conv-47-qa-41,lalm,3.817493157897077,10.851099999854341,178.13557500085153,192.80416815860295,one shared preloaded model
conv-47-qa-42,lalm,3.817493157897077,9.427100001630606,178.13557500085153,191.3801681603792,one shared preloaded model
conv-47-qa-43,lalm,3.817493157897077,10.561700000835117,178.13557500085153,192.51476815958372,one shared preloaded model
conv-47-qa-44,lalm,3.817493157897077,6.365999997797189,185.40747499991994,195.5909681556142,one shared preloaded model
conv-47-qa-45,lalm,3.817493157897077,7.339399999182206,185.40747499991994,196.56436815699922,one shared preloaded model
conv-47-qa-46,lalm,3.817493157897077,6.456700000853743,185.40747499991994,195.68166815867076,one shared preloaded model
conv-47-qa-47,lalm,3.817493157897077,11.0184000004665,185.40747499991994,200.24336815828352,one shared preloaded model
conv-47-qa-48,lalm,3.817493157897077,9.291900001699105,194.0359999998691,207.14539315946527,one shared preloaded model
conv-47-qa-49,lalm,3.817493157897077,5.7536999993317295,194.0359999998691,203.6071931570979,one shared preloaded model
conv-47-qa-50,lalm,3.817493157897077,7.039199997961987,194.0359999998691,204.89269315572815,one shared preloaded model
conv-47-qa-51,lalm,3.817493157897077,10.58750000083819,194.0359999998691,208.44099315860436,one shared preloaded model
conv-47-qa-52,lalm,3.817493157897077,7.635199999640463,189.95067499963625,201.4033681571738,one shared preloaded model
conv-47-qa-53,lalm,3.817493157897077,11.169800000061514,189.95067499963625,204.93796815759484,one shared preloaded model
conv-47-qa-54,lalm,3.817493157897077,10.638100000505801,189.95067499963625,204.40626815803913,one shared preloaded model
conv-47-qa-55,lalm,3.817493157897077,10.039200002211146,189.95067499963625,203.80736815974447,one shared preloaded model
conv-47-qa-56,lalm,3.817493157897077,7.056700000248384,181.27212499985035,192.1463181579958,one shared preloaded model
conv-47-qa-57,lalm,3.817493157897077,10.734299998148344,181.27212499985035,195.82391815589577,one shared preloaded model
conv-47-qa-58,lalm,3.817493157897077,11.024100000213366,181.27212499985035,196.1137181579608,one shared preloaded model
conv-47-qa-59,lalm,3.817493157897077,10.258999998768559,181.27212499985035,195.34861815651598,one shared preloaded model
conv-47-qa-60,lalm,3.817493157897077,6.904200003191363,100.31472500031668,111.03641816140512,one shared preloaded model
conv-47-qa-61,lalm,3.817493157897077,10.280999998940388,100.31472500031668,114.41321815715415,one shared preloaded model
conv-47-qa-62,lalm,3.817493157897077,10.885499999858439,100.31472500031668,115.0177181580722,one shared preloaded model
conv-47-qa-63,lalm,3.817493157897077,10.37240000005113,100.31472500031668,114.50461815826489,one shared preloaded model
conv-47-qa-64,lalm,3.817493157897077,9.146300002612406,176.1384999999791,189.10229316048859,one shared preloaded model
conv-47-qa-65,lalm,3.817493157897077,11.43210000009276,176.1384999999791,191.38809315796894,one shared preloaded model
conv-47-qa-66,lalm,3.817493157897077,8.768499999860069,176.1384999999791,188.72449315773625,one shared preloaded model
conv-47-qa-67,lalm,3.817493157897077,8.026399998925626,176.1384999999791,187.9823931568018,one shared preloaded model
conv-47-qa-68,lalm,3.817493157897077,7.180200002039783,524.7743750005611,535.772068160498,one shared preloaded model
conv-47-qa-69,lalm,3.817493157897077,10.754999999335269,524.7743750005611,539.3468681577934,one shared preloaded model
conv-47-qa-70,lalm,3.817493157897077,10.24890000189771,524.7743750005611,538.8407681603559,one shared preloaded model
conv-47-qa-71,lalm,3.817493157897077,5.968299999949522,524.7743750005611,534.5601681584077,one shared preloaded model
conv-47-qa-72,lalm,3.817493157897077,8.184000002074754,188.2321499997488,200.23364315972063,one shared preloaded model
conv-47-qa-73,lalm,3.817493157897077,10.956899997836445,188.2321499997488,203.00654315548232,one shared preloaded model
conv-47-qa-74,lalm,3.817493157897077,10.355899998103268,188.2321499997488,202.40554315574914,one shared preloaded model
conv-47-qa-75,lalm,3.817493157897077,10.825399996974738,188.2321499997488,202.8750431546206,one shared preloaded model
conv-47-qa-76,lalm,3.817493157897077,7.383200001640944,100.31439999966096,111.51509315919898,one shared preloaded model
conv-47-qa-77,lalm,3.817493157897077,11.427900000853697,100.31439999966096,115.55979315841174,one shared preloaded model
conv-47-qa-78,lalm,3.817493157897077,10.659100000339095,100.31439999966096,114.79099315789713,one shared preloaded model
conv-47-qa-79,lalm,3.817493157897077,8.48490000134916,100.31439999966096,112.6167931589072,one shared preloaded model
conv-47-qa-80,lalm,3.817493157897077,7.735200000752229,309.5730499999263,321.12574315857563,one shared preloaded model
conv-47-qa-81,lalm,3.817493157897077,10.084600002301158,309.5730499999263,323.47514316012456,one shared preloaded model
conv-47-qa-82,lalm,3.817493157897077,9.99249999949825,309.5730499999263,323.38304315732165,one shared preloaded model
conv-47-qa-83,lalm,3.817493157897077,9.950800002116011,309.5730499999263,323.3413431599394,one shared preloaded model
conv-47-qa-84,lalm,3.817493157897077,8.292599999549566,93.04054999938671,105.15064315683335,one shared preloaded model
conv-47-qa-85,lalm,3.817493157897077,7.464999998774147,93.04054999938671,104.32304315605793,one shared preloaded model
conv-47-qa-86,lalm,3.817493157897077,8.089200000540586,93.04054999938671,104.94724315782437,one shared preloaded model
conv-47-qa-87,lalm,3.817493157897077,6.7745999986073,93.04054999938671,103.63264315589109,one shared preloaded model
conv-47-qa-88,lalm,3.817493157897077,6.753699999535456,137.37962499999412,147.95081815742665,one shared preloaded model
conv-47-qa-89,lalm,3.817493157897077,11.602200000197627,137.37962499999412,152.79931815808882,one shared preloaded model
conv-47-qa-90,lalm,3.817493157897077,11.567999998078449,137.37962499999412,152.76511815596965,one shared preloaded model
conv-47-qa-91,lalm,3.817493157897077,10.978899998008274,137.37962499999412,152.17601815589947,one shared preloaded model
conv-47-qa-92,lalm,3.817493157897077,6.744000002072426,99.11784999985684,109.67934315982635,one shared preloaded model
conv-47-qa-93,lalm,3.817493157897077,7.505600002332358,99.11784999985684,110.44094316008628,one shared preloaded model
conv-47-qa-94,lalm,3.817493157897077,6.33659999948577,99.11784999985684,109.27194315723969,one shared preloaded model
conv-47-qa-95,lalm,3.817493157897077,7.913699999335222,99.11784999985684,110.84904315708914,one shared preloaded model
conv-47-qa-96,lalm,3.817493157897077,6.780200001230696,105.78445000010106,116.38214315922883,one shared preloaded model
conv-47-qa-97,lalm,3.817493157897077,10.724799998570234,105.78445000010106,120.32674315656837,one shared preloaded model
conv-47-qa-98,lalm,3.817493157897077,6.29530000151135,105.78445000010106,115.89724315950949,one shared preloaded model
conv-47-qa-99,lalm,3.817493157897077,6.200300002092263,105.78445000010106,115.8022431600904,one shared preloaded model
conv-47-qa-100,lalm,3.817493157897077,8.05170000239741,86.03665000009642,97.9058431603909,one shared preloaded model
conv-47-qa-101,lalm,3.817493157897077,11.183999999047955,86.03665000009642,101.03814315704145,one shared preloaded model
conv-47-qa-102,lalm,3.817493157897077,10.444300001836382,86.03665000009642,100.29844315982987,one shared preloaded model
conv-47-qa-103,lalm,3.817493157897077,10.46689999930095,86.03665000009642,100.32104315729444,one shared preloaded model
conv-47-qa-104,lalm,3.817493157897077,7.600799999636365,173.64904999976716,185.0673431573006,one shared preloaded model
conv-47-qa-105,lalm,3.817493157897077,10.64310000219848,173.64904999976716,188.1096431598627,one shared preloaded model
conv-47-qa-106,lalm,3.817493157897077,10.274299998854985,173.64904999976716,187.74084315651922,one shared preloaded model
conv-47-qa-107,lalm,3.817493157897077,9.824500000831904,173.64904999976716,187.29104315849614,one shared preloaded model
conv-47-qa-108,lalm,3.817493157897077,7.191200002125697,216.9494499994471,227.95814315946987,one shared preloaded model
conv-47-qa-109,lalm,3.817493157897077,8.521600000676699,216.9494499994471,229.28854315802087,one shared preloaded model
conv-47-qa-110,lalm,3.817493157897077,7.76169999880949,216.9494499994471,228.52864315615366,one shared preloaded model
conv-47-qa-111,lalm,3.817493157897077,13.063200000033248,216.9494499994471,233.83014315737742,one shared preloaded model
conv-47-qa-112,lalm,3.817493157897077,6.977000000915723,133.39594999979454,144.19044315860734,one shared preloaded model
conv-47-qa-113,lalm,3.817493157897077,6.602199999178993,133.39594999979454,143.8156431568706,one shared preloaded model
conv-47-qa-114,lalm,3.817493157897077,7.2725999998510815,133.39594999979454,144.4860431575427,one shared preloaded model
conv-47-qa-115,lalm,3.817493157897077,8.306900002935436,133.39594999979454,145.52034316062705,one shared preloaded model
conv-47-qa-116,lalm,3.817493157897077,6.382700001267949,86.9121499999892,97.11234315915422,one shared preloaded model
conv-47-qa-117,lalm,3.817493157897077,8.430900001258124,86.9121499999892,99.1605431591444,one shared preloaded model
conv-47-qa-118,lalm,3.817493157897077,11.21419999981299,86.9121499999892,101.94384315769926,one shared preloaded model
conv-47-qa-119,lalm,3.817493157897077,10.285300002578879,86.9121499999892,101.01494316046515,one shared preloaded model
conv-47-qa-120,lalm,3.817493157897077,6.6490999997768085,92.65057499942486,103.11716815709875,one shared preloaded model
conv-47-qa-121,lalm,3.817493157897077,6.927300000825198,92.65057499942486,103.39536815814714,one shared preloaded model
conv-47-qa-122,lalm,3.817493157897077,7.089800001267577,92.65057499942486,103.55786815858951,one shared preloaded model
conv-47-qa-123,lalm,3.817493157897077,11.547599999175873,92.65057499942486,108.01566815649781,one shared preloaded model
conv-47-qa-124,lalm,3.817493157897077,6.888199997774791,97.58837500066875,108.29406815634061,one shared preloaded model
conv-47-qa-125,lalm,3.817493157897077,6.792600001062965,97.58837500066875,108.19846815962879,one shared preloaded model
conv-47-qa-126,lalm,3.817493157897077,7.840300000680145,97.58837500066875,109.24616815924597,one shared preloaded model
conv-47-qa-127,lalm,3.817493157897077,10.317799999029376,97.58837500066875,111.7236681575952,one shared preloaded model
conv-47-qa-128,lalm,3.817493157897077,7.052900000417139,84.68545000050653,95.55584315882075,one shared preloaded model
conv-47-qa-129,lalm,3.817493157897077,10.654699999577133,84.68545000050653,99.15764315798074,one shared preloaded model
conv-47-qa-130,lalm,3.817493157897077,10.874499999772524,84.68545000050653,99.37744315817613,one shared preloaded model
conv-47-qa-131,lalm,3.817493157897077,10.584700001345482,84.68545000050653,99.08764315974909,one shared preloaded model
conv-47-qa-132,lalm,3.817493157897077,7.211300002381904,143.9128250003705,154.94161816064948,one shared preloaded model
conv-47-qa-133,lalm,3.817493157897077,11.057899999286747,143.9128250003705,158.78821815755433,one shared preloaded model
conv-47-qa-134,lalm,3.817493157897077,10.590300000330899,143.9128250003705,158.32061815859848,one shared preloaded model
conv-47-qa-135,lalm,3.817493157897077,11.254199998802505,143.9128250003705,158.98451815707008,one shared preloaded model
conv-47-qa-136,lalm,3.817493157897077,6.450099997891812,502.25527500060707,512.5228681563959,one shared preloaded model
conv-47-qa-137,lalm,3.817493157897077,6.726899999193847,502.25527500060707,512.799668157698,one shared preloaded model
conv-47-qa-138,lalm,3.817493157897077,10.579900001175702,502.25527500060707,516.6526681596798,one shared preloaded model
conv-47-qa-139,lalm,3.817493157897077,10.06979999874602,502.25527500060707,516.1425681572501,one shared preloaded model
conv-47-qa-140,lalm,3.817493157897077,7.603900001413422,223.35227499934263,234.77366815865312,one shared preloaded model
conv-47-qa-141,lalm,3.817493157897077,11.265500001172768,223.35227499934263,238.43526815841247,one shared preloaded model
conv-47-qa-142,lalm,3.817493157897077,10.937600000033854,223.35227499934263,238.10736815727356,one shared preloaded model
conv-47-qa-143,lalm,3.817493157897077,10.340599998016842,223.35227499934263,237.51036815525654,one shared preloaded model
conv-47-qa-144,lalm,3.817493157897077,6.680599999526748,224.0288499997405,234.5269431571643,one shared preloaded model
conv-47-qa-145,lalm,3.817493157897077,6.018799998855684,224.0288499997405,233.86514315649325,one shared preloaded model
conv-47-qa-146,lalm,3.817493157897077,7.451499997841893,224.0288499997405,235.29784315547946,one shared preloaded model
conv-47-qa-147,lalm,3.817493157897077,7.253000003402121,224.0288499997405,235.09934316103968,one shared preloaded model
conv-47-qa-148,lalm,3.817493157897077,6.586600000446197,94.91897499992774,105.32306815827101,one shared preloaded model
conv-47-qa-149,lalm,3.817493157897077,6.879500000650296,94.91897499992774,105.61596815847511,one shared preloaded model
conv-47-qa-150,lalm,3.817493157897077,6.668800000625197,94.91897499992774,105.40526815845001,one shared preloaded model
conv-47-qa-151,lalm,3.817493157897077,6.321100001514424,94.91897499992774,105.05756815933924,one shared preloaded model
conv-47-qa-152,lalm,3.817493157897077,6.874999999126885,120.57215000004362,131.26464315706758,one shared preloaded model
conv-47-qa-153,lalm,3.817493157897077,7.355400000960799,120.57215000004362,131.7450431589015,one shared preloaded model
conv-47-qa-154,lalm,3.817493157897077,10.642799999914132,120.57215000004362,135.03244315785483,one shared preloaded model
conv-47-qa-155,lalm,3.817493157897077,10.922100002062507,120.57215000004362,135.3117431600032,one shared preloaded model
conv-47-qa-156,lalm,3.817493157897077,6.843899998784764,135.27437499942607,145.9357681561079,one shared preloaded model
conv-47-qa-157,lalm,3.817493157897077,6.909699997777352,135.27437499942607,146.0015681551005,one shared preloaded model
conv-47-qa-158,lalm,3.817493157897077,11.034400002245093,135.27437499942607,150.12626815956824,one shared preloaded model
conv-47-qa-159,lalm,3.817493157897077,10.075099999085069,135.27437499942607,149.16696815640822,one shared preloaded model
conv-47-qa-160,lalm,3.817493157897077,7.332700002734782,107.07544999968377,118.22564316031563,one shared preloaded model
conv-47-qa-161,lalm,3.817493157897077,6.749600001057843,107.07544999968377,117.64254315863869,one shared preloaded model
conv-47-qa-162,lalm,3.817493157897077,6.696699998428812,107.07544999968377,117.58964315600966,one shared preloaded model
conv-47-qa-163,lalm,3.817493157897077,6.98019999981625,107.07544999968377,117.8731431573971,one shared preloaded model
conv-47-qa-164,lalm,3.817493157897077,8.248699999967357,88.66670000043086,100.7328931582953,one shared preloaded model
conv-47-qa-165,lalm,3.817493157897077,6.057200000213925,88.66670000043086,98.54139315854187,one shared preloaded model
conv-47-qa-166,lalm,3.817493157897077,7.098199999745702,88.66670000043086,99.58239315807364,one shared preloaded model
conv-47-qa-167,lalm,3.817493157897077,7.039900003292132,88.66670000043086,99.52409316162007,one shared preloaded model
conv-47-qa-168,lalm,3.817493157897077,5.965600001218263,87.4602000003506,97.24329315946594,one shared preloaded model
conv-47-qa-169,lalm,3.817493157897077,6.833200000983197,87.4602000003506,98.11089315923087,one shared preloaded model
conv-47-qa-170,lalm,3.817493157897077,7.353000000875909,87.4602000003506,98.63069315912358,one shared preloaded model
conv-47-qa-171,lalm,3.817493157897077,9.52559999859659,87.4602000003506,100.80329315684426,one shared preloaded model
conv-47-qa-172,lalm,3.817493157897077,7.181299999501789,93.59002499968483,104.5888181570837,one shared preloaded model
conv-47-qa-173,lalm,3.817493157897077,6.824099997174926,93.59002499968483,104.23161815475683,one shared preloaded model
conv-47-qa-174,lalm,3.817493157897077,10.095300000102725,93.59002499968483,107.50281815768463,one shared preloaded model
conv-47-qa-175,lalm,3.817493157897077,9.432899998500943,93.59002499968483,106.84041815608285,one shared preloaded model
conv-47-qa-176,lalm,3.817493157897077,6.591200002731057,92.50647499993647,102.9151681605646,one shared preloaded model
conv-47-qa-177,lalm,3.817493157897077,11.499000000185333,92.50647499993647,107.82296815801888,one shared preloaded model
conv-47-qa-178,lalm,3.817493157897077,10.660500000085449,92.50647499993647,106.984468157919,one shared preloaded model
conv-47-qa-179,lalm,3.817493157897077,10.637299998052185,92.50647499993647,106.96126815588573,one shared preloaded model
conv-47-qa-180,lalm,3.817493157897077,7.766099999571452,106.85935000037716,118.44294315784569,one shared preloaded model
conv-47-qa-181,lalm,3.817493157897077,10.633300000336021,106.85935000037716,121.31014315861026,one shared preloaded model
conv-47-qa-182,lalm,3.817493157897077,10.423499999888008,106.85935000037716,121.10034315816225,one shared preloaded model
conv-47-qa-183,lalm,3.817493157897077,10.702300001867115,106.85935000037716,121.37914316014135,one shared preloaded model
conv-47-qa-184,lalm,3.817493157897077,6.891000000905478,213.4511249996649,224.15961815846745,one shared preloaded model
conv-47-qa-185,lalm,3.817493157897077,6.844699997600401,213.4511249996649,224.11331815516237,one shared preloaded model
conv-47-qa-186,lalm,3.817493157897077,10.523900000407593,213.4511249996649,227.79251815796957,one shared preloaded model
conv-47-qa-187,lalm,3.817493157897077,10.109200000442797,213.4511249996649,227.37781815800477,one shared preloaded model
conv-47-qa-188,lalm,3.817493157897077,7.202500000857981,266.28509999864036,277.30509315739545,one shared preloaded model
conv-47-qa-189,lalm,3.817493157897077,10.246900001220638,266.28509999864036,280.3494931577581,one shared preloaded model
conv-48-qa-0,lalm,2.884747698749284,11.433300001954194,87.51829999982874,101.83634770053222,one shared preloaded model
conv-48-qa-1,lalm,2.884747698749284,10.971899999276502,87.51829999982874,101.37494769785452,one shared preloaded model
conv-48-qa-2,lalm,2.884747698749284,10.264699998515425,87.51829999982874,100.66774769709345,one shared preloaded model
conv-48-qa-3,lalm,2.884747698749284,10.734300001786323,87.51829999982874,101.13734770036434,one shared preloaded model
conv-48-qa-4,lalm,2.884747698749284,6.537699999171309,84.08717499969498,93.50962269761557,one shared preloaded model
conv-48-qa-5,lalm,2.884747698749284,10.41579999946407,84.08717499969498,97.38772269790833,one shared preloaded model
conv-48-qa-6,lalm,2.884747698749284,10.194099999353057,84.08717499969498,97.16602269779732,one shared preloaded model
conv-48-qa-7,lalm,2.884747698749284,9.832000003370922,84.08717499969498,96.80392270181518,one shared preloaded model
conv-48-qa-8,lalm,2.884747698749284,8.298299999296432,167.97922499972628,179.162272697772,one shared preloaded model
conv-48-qa-9,lalm,2.884747698749284,6.80830000055721,167.97922499972628,177.6722726990328,one shared preloaded model
conv-48-qa-10,lalm,2.884747698749284,7.01880000269739,167.97922499972628,177.88277270117297,one shared preloaded model
conv-48-qa-11,lalm,2.884747698749284,6.651899999269517,167.97922499972628,177.5158726977451,one shared preloaded model
conv-48-qa-12,lalm,2.884747698749284,6.7286000012245495,251.84819999958563,261.46154769955945,one shared preloaded model
conv-48-qa-13,lalm,2.884747698749284,7.774400000926107,251.84819999958563,262.507347699261,one shared preloaded model
conv-48-qa-14,lalm,2.884747698749284,10.632799996528774,251.84819999958563,265.36574769486367,one shared preloaded model
conv-48-qa-15,lalm,2.884747698749284,10.131499999260996,251.84819999958563,264.8644476975959,one shared preloaded model
conv-48-qa-16,lalm,2.884747698749284,7.578000000648899,172.28845000045112,182.7511976998493,one shared preloaded model
conv-48-qa-17,lalm,2.884747698749284,10.850800001207972,172.28845000045112,186.0239977004084,one shared preloaded model
conv-48-qa-18,lalm,2.884747698749284,10.74979999975767,172.28845000045112,185.92299769895808,one shared preloaded model
conv-48-qa-19,lalm,2.884747698749284,7.606400002259761,172.28845000045112,182.77959770146018,one shared preloaded model
conv-48-qa-20,lalm,2.884747698749284,6.3029999982973095,146.64967500084458,155.83742269789118,one shared preloaded model
conv-48-qa-21,lalm,2.884747698749284,8.379700000659795,146.64967500084458,157.91412270025367,one shared preloaded model
conv-48-qa-22,lalm,2.884747698749284,8.18499999877531,146.64967500084458,157.7194226983692,one shared preloaded model
conv-48-qa-23,lalm,2.884747698749284,10.326799998438219,146.64967500084458,159.8612226980321,one shared preloaded model
conv-48-qa-24,lalm,2.884747698749284,7.249400001455797,123.50134999996953,133.63549770017462,one shared preloaded model
conv-48-qa-25,lalm,2.884747698749284,10.535900000832044,123.50134999996953,136.92199769955087,one shared preloaded model
conv-48-qa-26,lalm,2.884747698749284,10.4135999972641,123.50134999996953,136.79969769598293,one shared preloaded model
conv-48-qa-27,lalm,2.884747698749284,10.242199998174328,123.50134999996953,136.62829769689316,one shared preloaded model
conv-48-qa-28,lalm,2.884747698749284,6.5924000009545125,182.439924999926,191.9170726996298,one shared preloaded model
conv-48-qa-29,lalm,2.884747698749284,10.898100001213606,182.439924999926,196.2227726998889,one shared preloaded model
conv-48-qa-30,lalm,2.884747698749284,10.861700000532437,182.439924999926,196.18637269920774,one shared preloaded model
conv-48-qa-31,lalm,2.884747698749284,10.610699999233475,182.439924999926,195.93537269790878,one shared preloaded model
conv-48-qa-32,lalm,2.884747698749284,7.383000000118045,173.35827500028245,183.6260226991498,one shared preloaded model
conv-48-qa-33,lalm,2.884747698749284,9.899100001348415,173.35827500028245,186.14212270038016,one shared preloaded model
conv-48-qa-34,lalm,2.884747698749284,6.443700000090757,173.35827500028245,182.6867226991225,one shared preloaded model
conv-48-qa-35,lalm,2.884747698749284,6.510399998660432,173.35827500028245,182.75342269769217,one shared preloaded model
conv-48-qa-36,lalm,2.884747698749284,6.732899997587083,171.5525500003423,181.17019769667868,one shared preloaded model
conv-48-qa-37,lalm,2.884747698749284,11.090599997260142,171.5525500003423,185.52789769635174,one shared preloaded model
conv-48-qa-38,lalm,2.884747698749284,10.498999999981606,171.5525500003423,184.9362976990732,one shared preloaded model
conv-48-qa-39,lalm,2.884747698749284,9.406200002558762,171.5525500003423,183.84349770165036,one shared preloaded model
conv-48-qa-40,lalm,2.884747698749284,7.072200001857709,88.84244999990187,98.79939770050886,one shared preloaded model
conv-48-qa-41,lalm,2.884747698749284,11.067600000387756,88.84244999990187,102.79479769903891,one shared preloaded model
conv-48-qa-42,lalm,2.884747698749284,7.054699999571312,88.84244999990187,98.78189769822247,one shared preloaded model
conv-48-qa-43,lalm,2.884747698749284,7.084900000336347,88.84244999990187,98.8120976989875,one shared preloaded model
conv-48-qa-44,lalm,2.884747698749284,6.573299997398863,140.0803000005908,149.53834769673895,one shared preloaded model
conv-48-qa-45,lalm,2.884747698749284,7.023099999059923,140.0803000005908,149.9881476984,one shared preloaded model
conv-48-qa-46,lalm,2.884747698749284,6.347599999571685,140.0803000005908,149.31264769891177,one shared preloaded model
conv-48-qa-47,lalm,2.884747698749284,5.964699998003198,140.0803000005908,148.9297476973433,one shared preloaded model
conv-48-qa-48,lalm,2.884747698749284,7.019900000159396,127.37384999945789,137.27849769836658,one shared preloaded model
conv-48-qa-49,lalm,2.884747698749284,10.36989999920479,127.37384999945789,140.62849769741197,one shared preloaded model
conv-48-qa-50,lalm,2.884747698749284,10.286000000633067,127.37384999945789,140.54459769884025,one shared preloaded model
conv-48-qa-51,lalm,2.884747698749284,9.98960000288207,127.37384999945789,140.24819770108925,one shared preloaded model
conv-48-qa-52,lalm,2.884747698749284,6.938000002264744,86.29824999934499,96.12099770035901,one shared preloaded model
conv-48-qa-53,lalm,2.884747698749284,9.912299999996321,86.29824999934499,99.09529769809059,one shared preloaded model
conv-48-qa-54,lalm,2.884747698749284,5.884700000024168,86.29824999934499,95.06769769811844,one shared preloaded model
conv-48-qa-55,lalm,2.884747698749284,8.537199999409495,86.29824999934499,97.72019769750376,one shared preloaded model
conv-48-qa-56,lalm,2.884747698749284,7.001500001933891,94.08970000004047,103.97594770072364,one shared preloaded model
conv-48-qa-57,lalm,2.884747698749284,10.792200002470054,94.08970000004047,107.7666477012598,one shared preloaded model
conv-48-qa-58,lalm,2.884747698749284,10.408900001493748,94.08970000004047,107.3833477002835,one shared preloaded model
conv-48-qa-59,lalm,2.884747698749284,8.367300000827527,94.08970000004047,105.34174769961727,one shared preloaded model
conv-48-qa-60,lalm,2.884747698749284,6.594400001631584,181.0066750003898,190.48582270077068,one shared preloaded model
conv-48-qa-61,lalm,2.884747698749284,10.45479999811505,181.0066750003898,194.34622269725415,one shared preloaded model
conv-48-qa-62,lalm,2.884747698749284,10.328500000468921,181.0066750003898,194.21992269960802,one shared preloaded model
conv-48-qa-63,lalm,2.884747698749284,6.650499999523163,181.0066750003898,190.54192269866226,one shared preloaded model
conv-48-qa-64,lalm,2.884747698749284,6.581200002983678,192.9852249995747,202.45117270130768,one shared preloaded model
conv-48-qa-65,lalm,2.884747698749284,10.81510000221897,192.9852249995747,206.68507270054297,one shared preloaded model
conv-48-qa-66,lalm,2.884747698749284,8.136200001899851,192.9852249995747,204.00617270022386,one shared preloaded model
conv-48-qa-67,lalm,2.884747698749284,7.915099999081576,192.9852249995747,203.78507269740558,one shared preloaded model
conv-48-qa-68,lalm,2.884747698749284,7.4201999996148515,121.88637500003097,132.1913226983951,one shared preloaded model
conv-48-qa-69,lalm,2.884747698749284,7.1576000009372365,121.88637500003097,131.9287226997175,one shared preloaded model
conv-48-qa-70,lalm,2.884747698749284,6.936300000234041,121.88637500003097,131.7074226990143,one shared preloaded model
conv-48-qa-71,lalm,2.884747698749284,6.393200001184596,121.88637500003097,131.16432269996486,one shared preloaded model
conv-48-qa-72,lalm,2.884747698749284,7.9727000011189375,160.40077500019834,171.25822270006657,one shared preloaded model
conv-48-qa-73,lalm,2.884747698749284,10.607899999740766,160.40077500019834,173.8934226986884,one shared preloaded model
conv-48-qa-74,lalm,2.884747698749284,10.85869999951683,160.40077500019834,174.14422269846446,one shared preloaded model
conv-48-qa-75,lalm,2.884747698749284,9.99020000017481,160.40077500019834,173.27572269912244,one shared preloaded model
conv-48-qa-76,lalm,2.884747698749284,6.736200000887038,169.7440749994712,179.36502269910753,one shared preloaded model
conv-48-qa-77,lalm,2.884747698749284,7.03119999889168,169.7440749994712,179.66002269711217,one shared preloaded model
conv-48-qa-78,lalm,2.884747698749284,7.5556000010692514,169.7440749994712,180.18442269928974,one shared preloaded model
conv-48-qa-79,lalm,2.884747698749284,10.301600003003841,169.7440749994712,182.93042270122433,one shared preloaded model
conv-48-qa-80,lalm,2.884747698749284,6.568400000105612,88.4712999995827,97.92444769843759,one shared preloaded model
conv-48-qa-81,lalm,2.884747698749284,10.761099998489954,88.4712999995827,102.11714769682193,one shared preloaded model
conv-48-qa-82,lalm,2.884747698749284,6.99950000125682,88.4712999995827,98.3555476995888,one shared preloaded model
conv-48-qa-83,lalm,2.884747698749284,10.92900000003283,88.4712999995827,102.2850476983648,one shared preloaded model
conv-48-qa-84,lalm,2.884747698749284,6.507000001874985,88.30882500024018,97.70057270086444,one shared preloaded model
conv-48-qa-85,lalm,2.884747698749284,11.318099997879472,88.30882500024018,102.51167269686893,one shared preloaded model
conv-48-qa-86,lalm,2.884747698749284,10.606499999994412,88.30882500024018,101.80007269898387,one shared preloaded model
conv-48-qa-87,lalm,2.884747698749284,10.198700001637917,88.30882500024018,101.39227270062737,one shared preloaded model
conv-48-qa-88,lalm,2.884747698749284,5.951000002824003,108.68465000021388,117.52039770178716,one shared preloaded model
conv-48-qa-89,lalm,2.884747698749284,7.170000000769505,108.68465000021388,118.73939769973266,one shared preloaded model
conv-48-qa-90,lalm,2.884747698749284,6.426899999496527,108.68465000021388,117.99629769845968,one shared preloaded model
conv-48-qa-91,lalm,2.884747698749284,6.931500000064261,108.68465000021388,118.50089769902742,one shared preloaded model
conv-48-qa-92,lalm,2.884747698749284,6.648599999607541,84.07570000053965,93.60904769889648,one shared preloaded model
conv-48-qa-93,lalm,2.884747698749284,7.313599999179132,84.07570000053965,94.27404769846807,one shared preloaded model
conv-48-qa-94,lalm,2.884747698749284,10.207100000116043,84.07570000053965,97.16754769940498,one shared preloaded model
conv-48-qa-95,lalm,2.884747698749284,10.260899998684181,84.07570000053965,97.22134769797312,one shared preloaded model
conv-48-qa-96,lalm,2.884747698749284,6.77440000072238,187.34417499945266,197.00332269892434,one shared preloaded model
conv-48-qa-97,lalm,2.884747698749284,10.522699998546159,187.34417499945266,200.75162269674811,one shared preloaded model
conv-48-qa-98,lalm,2.884747698749284,10.558999998465879,187.34417499945266,200.78792269666783,one shared preloaded model
conv-48-qa-99,lalm,2.884747698749284,10.769699998490978,187.34417499945266,200.99862269669293,one shared preloaded model
conv-48-qa-100,lalm,2.884747698749284,7.064400000672322,174.26960000011604,184.21874769953766,one shared preloaded model
conv-48-qa-101,lalm,2.884747698749284,11.036899999453453,174.26960000011604,188.1912476983188,one shared preloaded model
conv-48-qa-102,lalm,2.884747698749284,10.806999998749234,174.26960000011604,187.96134769761457,one shared preloaded model
conv-48-qa-103,lalm,2.884747698749284,7.855299998482224,174.26960000011604,185.00964769734756,one shared preloaded model
conv-48-qa-104,lalm,2.884747698749284,8.889600001566578,94.27765000054933,106.05199770086519,one shared preloaded model
conv-48-qa-105,lalm,2.884747698749284,10.877500000788132,94.27765000054933,108.03989770008674,one shared preloaded model
conv-48-qa-106,lalm,2.884747698749284,10.640699998475611,94.27765000054933,107.80309769777422,one shared preloaded model
conv-48-qa-107,lalm,2.884747698749284,7.658400001673726,94.27765000054933,104.82079770097234,one shared preloaded model
conv-48-qa-108,lalm,2.884747698749284,7.103199997800402,139.33217500016326,149.32012269671296,one shared preloaded model
conv-48-qa-109,lalm,2.884747698749284,8.883300000888994,139.33217500016326,151.10022269980155,one shared preloaded model
conv-48-qa-110,lalm,2.884747698749284,7.365399997070199,139.33217500016326,149.58232269598275,one shared preloaded model
conv-48-qa-111,lalm,2.884747698749284,7.2106000006897375,139.33217500016326,149.4275226996023,one shared preloaded model
conv-48-qa-112,lalm,2.884747698749284,9.283899998990819,105.59180000018387,117.76044769792396,one shared preloaded model
conv-48-qa-113,lalm,2.884747698749284,10.460199999215547,105.59180000018387,118.9367476981487,one shared preloaded model
conv-48-qa-114,lalm,2.884747698749284,10.380200001236517,105.59180000018387,118.85674770016966,one shared preloaded model
conv-48-qa-115,lalm,2.884747698749284,10.444400002597831,105.59180000018387,118.92094770153098,one shared preloaded model
conv-48-qa-116,lalm,2.884747698749284,6.739100001141196,121.39097499948548,131.01482269937597,one shared preloaded model
conv-48-qa-117,lalm,2.884747698749284,11.15370000115945,121.39097499948548,135.42942269939422,one shared preloaded model
conv-48-qa-118,lalm,2.884747698749284,7.2685999984969385,121.39097499948548,131.5443226967317,one shared preloaded model
conv-48-qa-119,lalm,2.884747698749284,9.56189999851631,121.39097499948548,133.83762269675108,one shared preloaded model
conv-48-qa-120,lalm,2.884747698749284,7.128400000510737,115.1020499992228,125.11519769848282,one shared preloaded model
conv-48-qa-121,lalm,2.884747698749284,7.566600001155166,115.1020499992228,125.55339769912725,one shared preloaded model
conv-48-qa-122,lalm,2.884747698749284,10.866599997825688,115.1020499992228,128.85339769579778,one shared preloaded model
conv-48-qa-123,lalm,2.884747698749284,6.773000000976026,115.1020499992228,124.7597976989481,one shared preloaded model
conv-48-qa-124,lalm,2.884747698749284,6.486300000688061,161.7181999999957,171.08924769943306,one shared preloaded model
conv-48-qa-125,lalm,2.884747698749284,10.617899999488145,161.7181999999957,175.22084769823314,one shared preloaded model
conv-48-qa-126,lalm,2.884747698749284,8.795800000370946,161.7181999999957,173.39874769911594,one shared preloaded model
conv-48-qa-127,lalm,2.884747698749284,9.07550000192714,161.7181999999957,173.67844770067214,one shared preloaded model
conv-48-qa-128,lalm,2.884747698749284,6.497300000773976,323.6918499997046,333.0738976992278,one shared preloaded model
conv-48-qa-129,lalm,2.884747698749284,10.74960000187275,323.6918499997046,337.3261977003266,one shared preloaded model
conv-48-qa-130,lalm,2.884747698749284,9.986400000343565,323.6918499997046,336.5629976987974,one shared preloaded model
conv-48-qa-131,lalm,2.884747698749284,10.261900002660695,323.6918499997046,336.83849770111453,one shared preloaded model
conv-48-qa-132,lalm,2.884747698749284,6.670200000371551,142.45807499992225,152.0130226990431,one shared preloaded model
conv-48-qa-133,lalm,2.884747698749284,7.3585000027378555,142.45807499992225,152.7013227014094,one shared preloaded model
conv-48-qa-134,lalm,2.884747698749284,7.3892000000341795,142.45807499992225,152.73202269870572,one shared preloaded model
conv-48-qa-135,lalm,2.884747698749284,6.580099998245714,142.45807499992225,151.92292269691725,one shared preloaded model
conv-48-qa-136,lalm,2.884747698749284,6.841800000984222,320.1255250005488,329.8520727002823,one shared preloaded model
conv-48-qa-137,lalm,2.884747698749284,10.71840000076918,320.1255250005488,333.72867270006725,one shared preloaded model
conv-48-qa-138,lalm,2.884747698749284,10.924499998509418,320.1255250005488,333.9347726978075,one shared preloaded model
conv-48-qa-139,lalm,2.884747698749284,10.498800002096687,320.1255250005488,333.50907270139476,one shared preloaded model
conv-48-qa-140,lalm,2.884747698749284,6.47930000195629,121.67969999973138,131.04374770043697,one shared preloaded model
conv-48-qa-141,lalm,2.884747698749284,10.523900000407593,121.67969999973138,135.08834769888827,one shared preloaded model
conv-48-qa-142,lalm,2.884747698749284,11.135900000226684,121.67969999973138,135.70034769870736,one shared preloaded model
conv-48-qa-143,lalm,2.884747698749284,9.01739999972051,121.67969999973138,133.5818476982012,one shared preloaded model
conv-48-qa-144,lalm,2.884747698749284,6.9497999975283165,131.49217499994847,141.32672269622608,one shared preloaded model
conv-48-qa-145,lalm,2.884747698749284,10.530499999731546,131.49217499994847,144.90742269842931,one shared preloaded model
conv-48-qa-146,lalm,2.884747698749284,7.147600001189858,131.49217499994847,141.52452269988763,one shared preloaded model
conv-48-qa-147,lalm,2.884747698749284,6.4342000005126465,131.49217499994847,140.81112269921042,one shared preloaded model
conv-48-qa-148,lalm,2.884747698749284,6.704700001137098,86.41097500003525,96.00042269992163,one shared preloaded model
conv-48-qa-149,lalm,2.884747698749284,7.225099998322548,86.41097500003525,96.52082269710708,one shared preloaded model
conv-48-qa-150,lalm,2.884747698749284,6.720400000631344,86.41097500003525,96.01612269941587,one shared preloaded model
conv-48-qa-151,lalm,2.884747698749284,7.244899999932386,86.41097500003525,96.54062269871692,one shared preloaded model
conv-48-qa-152,lalm,2.884747698749284,6.817099998443155,119.27895000007993,128.98079769727238,one shared preloaded model
conv-48-qa-153,lalm,2.884747698749284,10.032099999079946,119.27895000007993,132.19579769790917,one shared preloaded model
conv-48-qa-154,lalm,2.884747698749284,10.957300000882242,119.27895000007993,133.12099769971147,one shared preloaded model
conv-48-qa-155,lalm,2.884747698749284,10.216700000455603,119.27895000007993,132.38039769928483,one shared preloaded model
conv-48-qa-156,lalm,2.884747698749284,7.848500001273351,114.08864999975776,124.8218976997804,one shared preloaded model
conv-48-qa-157,lalm,2.884747698749284,10.107599999173544,114.08864999975776,127.08099769768059,one shared preloaded model
conv-48-qa-158,lalm,2.884747698749284,10.669699997379212,114.08864999975776,127.64309769588625,one shared preloaded model
conv-48-qa-159,lalm,2.884747698749284,9.875399999145884,114.08864999975776,126.84879769765293,one shared preloaded model
conv-48-qa-160,lalm,2.884747698749284,6.9052999970153905,93.41667500029871,103.20672269606338,one shared preloaded model
conv-48-qa-161,lalm,2.884747698749284,11.351799999829382,93.41667500029871,107.65322269887737,one shared preloaded model
conv-48-qa-162,lalm,2.884747698749284,8.782199998677243,93.41667500029871,105.08362269772523,one shared preloaded model
conv-48-qa-163,lalm,2.884747698749284,6.375699998898199,93.41667500029871,102.67712269794619,one shared preloaded model
conv-48-qa-164,lalm,2.884747698749284,6.2136999986250885,123.06394999995973,132.16239769733411,one shared preloaded model
conv-48-qa-165,lalm,2.884747698749284,7.187800001702271,123.06394999995973,133.1364977004113,one shared preloaded model
conv-48-qa-166,lalm,2.884747698749284,6.778399998438545,123.06394999995973,132.72709769714757,one shared preloaded model
conv-48-qa-167,lalm,2.884747698749284,6.986999997025123,123.06394999995973,132.93569769573415,one shared preloaded model
conv-48-qa-168,lalm,2.884747698749284,7.158000000345055,214.6276499997839,224.67039769887825,one shared preloaded model
conv-48-qa-169,lalm,2.884747698749284,10.470900000655092,214.6276499997839,227.98329769918828,one shared preloaded model
conv-48-qa-170,lalm,2.884747698749284,11.149599999043858,214.6276499997839,228.66199769757705,one shared preloaded model
conv-48-qa-171,lalm,2.884747698749284,8.616999999503605,214.6276499997839,226.1293976980368,one shared preloaded model
conv-48-qa-172,lalm,2.884747698749284,6.514900000183843,76.73290000002453,86.13254769895765,one shared preloaded model
conv-48-qa-173,lalm,2.884747698749284,7.075900000927504,76.73290000002453,86.69354769970131,one shared preloaded model
conv-48-qa-174,lalm,2.884747698749284,8.613500001956709,76.73290000002453,88.23114770073052,one shared preloaded model
conv-48-qa-175,lalm,2.884747698749284,7.153999998990912,76.73290000002453,86.77164769776472,one shared preloaded model
conv-48-qa-176,lalm,2.884747698749284,6.800200000725454,175.6562999999005,185.34124769937526,one shared preloaded model
conv-48-qa-177,lalm,2.884747698749284,10.68920000034268,175.6562999999005,189.23024769899249,one shared preloaded model
conv-48-qa-178,lalm,2.884747698749284,10.42040000174893,175.6562999999005,188.96144770039874,one shared preloaded model
conv-48-qa-179,lalm,2.884747698749284,9.706699998787371,175.6562999999005,188.24774769743718,one shared preloaded model
conv-48-qa-180,lalm,2.884747698749284,6.483400000433903,125.58212499970978,134.95027269889297,one shared preloaded model
conv-48-qa-181,lalm,2.884747698749284,7.048899999062996,125.58212499970978,135.51577269752207,one shared preloaded model
conv-48-qa-182,lalm,2.884747698749284,7.228499998745974,125.58212499970978,135.69537269720504,one shared preloaded model
conv-48-qa-183,lalm,2.884747698749284,6.76259999818285,125.58212499970978,135.22947269664192,one shared preloaded model
conv-48-qa-184,lalm,2.884747698749284,7.026300001598429,135.84650000029797,145.7575477006457,one shared preloaded model
conv-48-qa-185,lalm,2.884747698749284,6.515299999591662,135.84650000029797,145.24654769863892,one shared preloaded model
conv-48-qa-186,lalm,2.884747698749284,6.833600000391016,135.84650000029797,145.56484769943827,one shared preloaded model
conv-48-qa-187,lalm,2.884747698749284,11.165200001414632,135.84650000029797,149.8964477004619,one shared preloaded model
conv-48-qa-188,lalm,2.884747698749284,6.27370000074734,102.19437500018103,111.35282269967765,one shared preloaded model
conv-48-qa-189,lalm,2.884747698749284,7.644999997864943,102.19437500018103,112.72412269679525,one shared preloaded model
conv-48-qa-190,lalm,2.884747698749284,7.728400003543356,102.19437500018103,112.80752270247366,one shared preloaded model
conv-48-qa-191,lalm,2.884747698749284,11.098999999376247,102.19437500018103,116.17812269830655,one shared preloaded model
conv-48-qa-192,lalm,2.884747698749284,7.5853000016650185,100.84152499985066,111.31157270026496,one shared preloaded model
conv-48-qa-193,lalm,2.884747698749284,10.468399999808753,100.84152499985066,114.1946726984087,one shared preloaded model
conv-48-qa-194,lalm,2.884747698749284,10.204199999861885,100.84152499985066,113.93047269846183,one shared preloaded model
conv-48-qa-195,lalm,2.884747698749284,10.126400000444846,100.84152499985066,113.85267269904479,one shared preloaded model
conv-48-qa-196,lalm,2.884747698749284,6.889000000228407,217.80732499973965,227.58107269871735,one shared preloaded model
conv-48-qa-197,lalm,2.884747698749284,7.9670999984955415,217.80732499973965,228.65917269698448,one shared preloaded model
conv-48-qa-198,lalm,2.884747698749284,10.669100000086473,217.80732499973965,231.36117269857542,one shared preloaded model
conv-48-qa-199,lalm,2.884747698749284,7.767300001432886,217.80732499973965,228.45937269992183,one shared preloaded model
conv-48-qa-200,lalm,2.884747698749284,7.012199999735458,91.31180000076711,101.20874769925184,one shared preloaded model
conv-48-qa-201,lalm,2.884747698749284,5.7006999995792285,91.31180000076711,99.89724769909562,one shared preloaded model
conv-48-qa-202,lalm,2.884747698749284,5.936100002145395,91.31180000076711,100.13264770166178,one shared preloaded model
conv-48-qa-203,lalm,2.884747698749284,6.311199998890515,91.31180000076711,100.5077476984069,one shared preloaded model
conv-48-qa-204,lalm,2.884747698749284,6.503900000097929,95.23742499914079,104.626072697988,one shared preloaded model
conv-48-qa-205,lalm,2.884747698749284,7.16150000152993,95.23742499914079,105.28367269942,one shared preloaded model
conv-48-qa-206,lalm,2.884747698749284,7.51970000055735,95.23742499914079,105.64187269844741,one shared preloaded model
conv-48-qa-207,lalm,2.884747698749284,7.4687000014819205,95.23742499914079,105.59087269937199,one shared preloaded model
conv-48-qa-208,lalm,2.884747698749284,7.434099999954924,97.70579999985785,108.02464769856205,one shared preloaded model
conv-48-qa-209,lalm,2.884747698749284,7.6522999988810625,97.70579999985785,108.24284769748819,one shared preloaded model
conv-48-qa-210,lalm,2.884747698749284,7.179800002631964,97.70579999985785,107.77034770123909,one shared preloaded model
conv-48-qa-211,lalm,2.884747698749284,8.703399998921668,97.70579999985785,109.2939476975288,one shared preloaded model
conv-48-qa-212,lalm,2.884747698749284,6.915800000570016,319.75382499967964,329.5543726989989,one shared preloaded model
conv-48-qa-213,lalm,2.884747698749284,11.86500000039814,319.75382499967964,334.50357269882704,one shared preloaded model
conv-48-qa-214,lalm,2.884747698749284,11.187100000825012,319.75382499967964,333.8256726992539,one shared preloaded model
conv-48-qa-215,lalm,2.884747698749284,10.434100000566104,319.75382499967964,333.072672698995,one shared preloaded model
conv-48-qa-216,lalm,2.884747698749284,6.385900000168476,87.07110000068496,96.34174769960272,one shared preloaded model
conv-48-qa-217,lalm,2.884747698749284,10.911099998338614,87.07110000068496,100.86694769777286,one shared preloaded model
conv-48-qa-218,lalm,2.884747698749284,10.515599999052938,87.07110000068496,100.47144769848718,one shared preloaded model
conv-48-qa-219,lalm,2.884747698749284,10.551199997280492,87.07110000068496,100.50704769671474,one shared preloaded model
conv-48-qa-220,lalm,2.884747698749284,6.588100000954,86.07780000056664,95.55064770026992,one shared preloaded model
conv-48-qa-221,lalm,2.884747698749284,6.983400002354756,86.07780000056664,95.94594770167068,one shared preloaded model
conv-48-qa-222,lalm,2.884747698749284,7.18820000111009,86.07780000056664,96.15074770042601,one shared preloaded model
conv-48-qa-223,lalm,2.884747698749284,10.293699997419026,86.07780000056664,99.25624769673495,one shared preloaded model
conv-48-qa-224,lalm,2.884747698749284,7.457700001396006,93.87084999980289,104.21329769994817,one shared preloaded model
conv-48-qa-225,lalm,2.884747698749284,10.626100000081351,93.87084999980289,107.38169769863352,one shared preloaded model
conv-48-qa-226,lalm,2.884747698749284,10.401100000308361,93.87084999980289,107.15669769886053,one shared preloaded model
conv-48-qa-227,lalm,2.884747698749284,11.035500003345078,93.87084999980289,107.79109770189724,one shared preloaded model
conv-48-qa-228,lalm,2.884747698749284,7.320199998503085,127.22357499933423,137.4285226965866,one shared preloaded model
conv-48-qa-229,lalm,2.884747698749284,11.374699999578297,127.22357499933423,141.48302269766182,one shared preloaded model
conv-48-qa-230,lalm,2.884747698749284,10.832399999344489,127.22357499933423,140.94072269742801,one shared preloaded model
conv-48-qa-231,lalm,2.884747698749284,10.98449999699369,127.22357499933423,141.09282269507722,one shared preloaded model
conv-48-qa-232,lalm,2.884747698749284,6.800799998018192,76.34370000050694,86.02924769727441,one shared preloaded model
conv-48-qa-233,lalm,2.884747698749284,10.700899998482782,76.34370000050694,89.929347697739,one shared preloaded model
conv-48-qa-234,lalm,2.884747698749284,10.920799999439623,76.34370000050694,90.14924769869585,one shared preloaded model
conv-48-qa-235,lalm,2.884747698749284,10.76420000026701,76.34370000050694,89.99264769952323,one shared preloaded model
conv-48-qa-236,lalm,2.884747698749284,6.677100001979852,98.42490000058508,107.98674770131421,one shared preloaded model
conv-48-qa-237,lalm,2.884747698749284,11.040900000807596,98.42490000058508,112.35054770014196,one shared preloaded model
conv-48-qa-238,lalm,2.884747698749284,10.651299999153707,98.42490000058508,111.96094769848807,one shared preloaded model
conv-49-qa-0,lalm,2.6080229591775144,10.42339999912656,90.09922499990353,103.1306479582076,one shared preloaded model
conv-49-qa-1,lalm,2.6080229591775144,10.728599998401478,90.09922499990353,103.43584795748252,one shared preloaded model
conv-49-qa-2,lalm,2.6080229591775144,10.377800001151627,90.09922499990353,103.08504796023267,one shared preloaded model
conv-49-qa-3,lalm,2.6080229591775144,9.996299999329494,90.09922499990353,102.70354795841054,one shared preloaded model
conv-49-qa-4,lalm,2.6080229591775144,6.488300001365133,85.92134999980772,95.01767296035037,one shared preloaded model
conv-49-qa-5,lalm,2.6080229591775144,8.646199999930104,85.92134999980772,97.17557295891534,one shared preloaded model
conv-49-qa-6,lalm,2.6080229591775144,10.56600000083563,85.92134999980772,99.09537295982086,one shared preloaded model
conv-49-qa-7,lalm,2.6080229591775144,10.773500001960201,85.92134999980772,99.30287296094544,one shared preloaded model
conv-49-qa-8,lalm,2.6080229591775144,6.83240000216756,167.3596999999063,176.80012296125136,one shared preloaded model
conv-49-qa-9,lalm,2.6080229591775144,9.062199998879805,167.3596999999063,179.0299229579636,one shared preloaded model
conv-49-qa-10,lalm,2.6080229591775144,6.953100000828272,167.3596999999063,176.92082295991207,one shared preloaded model
conv-49-qa-11,lalm,2.6080229591775144,7.41099999868311,167.3596999999063,177.3787229577669,one shared preloaded model
conv-49-qa-12,lalm,2.6080229591775144,8.273400002508424,165.78162499990867,176.6630479615946,one shared preloaded model
conv-49-qa-13,lalm,2.6080229591775144,11.111900003015762,165.78162499990867,179.50154796210194,one shared preloaded model
conv-49-qa-14,lalm,2.6080229591775144,10.245299999951385,165.78162499990867,178.63494795903756,one shared preloaded model
conv-49-qa-15,lalm,2.6080229591775144,10.025300001871074,165.78162499990867,178.41494796095725,one shared preloaded model
conv-49-qa-16,lalm,2.6080229591775144,6.689699999697041,162.70342499956314,172.00114795843768,one shared preloaded model
conv-49-qa-17,lalm,2.6080229591775144,10.344999998778803,162.70342499956314,175.65644795751945,one shared preloaded model
conv-49-qa-18,lalm,2.6080229591775144,9.896600000502076,162.70342499956314,175.20804795924272,one shared preloaded model
conv-49-qa-19,lalm,2.6080229591775144,10.187399999267654,162.70342499956314,175.4988479580083,one shared preloaded model
conv-49-qa-20,lalm,2.6080229591775144,7.526199999119854,130.88917499953823,141.02339795783558,one shared preloaded model
conv-49-qa-21,lalm,2.6080229591775144,8.256199998868397,130.88917499953823,141.75339795758413,one shared preloaded model
conv-49-qa-22,lalm,2.6080229591775144,10.644699999829754,130.88917499953823,144.14189795854548,one shared preloaded model
conv-49-qa-23,lalm,2.6080229591775144,10.201500001130626,130.88917499953823,143.69869795984636,one shared preloaded model
conv-49-qa-24,lalm,2.6080229591775144,7.886300001700874,94.54319999986183,105.03752296074022,one shared preloaded model
conv-49-qa-25,lalm,2.6080229591775144,6.8465000003925525,94.54319999986183,103.9977229594319,one shared preloaded model
conv-49-qa-26,lalm,2.6080229591775144,7.6273999984550755,94.54319999986183,104.77862295749442,one shared preloaded model
conv-49-qa-27,lalm,2.6080229591775144,7.127699998818571,94.54319999986183,104.27892295785792,one shared preloaded model
conv-49-qa-28,lalm,2.6080229591775144,7.60949999676086,124.23935000060737,134.45687295654574,one shared preloaded model
conv-49-qa-29,lalm,2.6080229591775144,10.559599999396596,124.23935000060737,137.40697295918147,one shared preloaded model
conv-49-qa-30,lalm,2.6080229591775144,7.574999999633292,124.23935000060737,134.42237295941817,one shared preloaded model
conv-49-qa-31,lalm,2.6080229591775144,11.546800000360236,124.23935000060737,138.3941729601451,one shared preloaded model
conv-49-qa-32,lalm,2.6080229591775144,7.374199998594122,172.2301250001692,182.21234795794084,one shared preloaded model
conv-49-qa-33,lalm,2.6080229591775144,10.396600002422929,172.2301250001692,185.23474796176964,one shared preloaded model
conv-49-qa-34,lalm,2.6080229591775144,6.77469999936875,172.2301250001692,181.61284795871546,one shared preloaded model
conv-49-qa-35,lalm,2.6080229591775144,7.274600000528153,172.2301250001692,182.11274795987487,one shared preloaded model
conv-49-qa-36,lalm,2.6080229591775144,6.502699998236494,107.2264249996806,116.33714795709461,one shared preloaded model
conv-49-qa-37,lalm,2.6080229591775144,11.179599998285994,107.2264249996806,121.01404795714411,one shared preloaded model
conv-49-qa-38,lalm,2.6080229591775144,10.71609999780776,107.2264249996806,120.55054795666588,one shared preloaded model
conv-49-qa-39,lalm,2.6080229591775144,10.81519999934244,107.2264249996806,120.64964795820056,one shared preloaded model
conv-49-qa-40,lalm,2.6080229591775144,6.748799998604227,174.062275000324,183.41909795810574,one shared preloaded model
conv-49-qa-41,lalm,2.6080229591775144,7.2440000003553,174.062275000324,183.9142979598568,one shared preloaded model
conv-49-qa-42,lalm,2.6080229591775144,10.558300000411691,174.062275000324,187.2285979599132,one shared preloaded model
conv-49-qa-43,lalm,2.6080229591775144,9.928699997544754,174.062275000324,186.59899795704627,one shared preloaded model
conv-49-qa-44,lalm,2.6080229591775144,6.559900000866037,179.97114999980113,189.13907295984467,one shared preloaded model
conv-49-qa-45,lalm,2.6080229591775144,7.150299999921117,179.97114999980113,189.72947295889975,one shared preloaded model
conv-49-qa-46,lalm,2.6080229591775144,7.55100000242237,179.97114999980113,190.130172961401,one shared preloaded model
conv-49-qa-47,lalm,2.6080229591775144,6.853599999885773,179.97114999980113,189.4327729588644,one shared preloaded model
conv-49-qa-48,lalm,2.6080229591775144,8.46599999931641,86.24372499980382,97.31774795829774,one shared preloaded model
conv-49-qa-49,lalm,2.6080229591775144,12.12659999873722,86.24372499980382,100.97834795771855,one shared preloaded model
conv-49-qa-50,lalm,2.6080229591775144,11.804199999460252,86.24372499980382,100.65594795844159,one shared preloaded model
conv-49-qa-51,lalm,2.6080229591775144,9.734199997183168,86.24372499980382,98.5859479561645,one shared preloaded model
conv-49-qa-52,lalm,2.6080229591775144,7.113699997717049,176.46967500058963,186.19139795748418,one shared preloaded model
conv-49-qa-53,lalm,2.6080229591775144,10.740200003056088,176.46967500058963,189.81789796282322,one shared preloaded model
conv-49-qa-54,lalm,2.6080229591775144,10.603499998978805,176.46967500058963,189.68119795874594,one shared preloaded model
conv-49-qa-55,lalm,2.6080229591775144,8.296899999550078,176.46967500058963,187.3745979593172,one shared preloaded model
conv-49-qa-56,lalm,2.6080229591775144,6.271199999901,170.68005000055564,179.55927295963414,one shared preloaded model
conv-49-qa-57,lalm,2.6080229591775144,9.795099998882506,170.68005000055564,183.08317295861565,one shared preloaded model
conv-49-qa-58,lalm,2.6080229591775144,10.340400000131922,170.68005000055564,183.62847295986506,one shared preloaded model
conv-49-qa-59,lalm,2.6080229591775144,9.942600001522806,170.68005000055564,183.23067296125595,one shared preloaded model
conv-49-qa-60,lalm,2.6080229591775144,7.4658000012277626,90.89142499942682,100.9652479598321,one shared preloaded model
conv-49-qa-61,lalm,2.6080229591775144,10.44489999912912,90.89142499942682,103.94434795773346,one shared preloaded model
conv-49-qa-62,lalm,2.6080229591775144,10.430299997096881,90.89142499942682,103.92974795570122,one shared preloaded model
conv-49-qa-63,lalm,2.6080229591775144,9.63939999928698,90.89142499942682,103.13884795789131,one shared preloaded model
conv-49-qa-64,lalm,2.6080229591775144,6.187899998622015,87.22657500038622,96.02249795818575,one shared preloaded model
conv-49-qa-65,lalm,2.6080229591775144,7.673300002352335,87.22657500038622,97.50789796191607,one shared preloaded model
conv-49-qa-66,lalm,2.6080229591775144,7.274499999766704,87.22657500038622,97.10909795933044,one shared preloaded model
conv-49-qa-67,lalm,2.6080229591775144,6.025300001056166,87.22657500038622,95.8598979606199,one shared preloaded model
conv-49-qa-68,lalm,2.6080229591775144,6.69479999851319,244.21662500026287,253.51944795795356,one shared preloaded model
conv-49-qa-69,lalm,2.6080229591775144,7.048999999824446,244.21662500026287,253.87364795926482,one shared preloaded model
conv-49-qa-70,lalm,2.6080229591775144,6.7922000016551465,244.21662500026287,253.61684796109552,one shared preloaded model
conv-49-qa-71,lalm,2.6080229591775144,7.016600000497419,244.21662500026287,253.8412479599378,one shared preloaded model
conv-49-qa-72,lalm,2.6080229591775144,6.740400000126101,170.8698499996899,180.2182729589935,one shared preloaded model
conv-49-qa-73,lalm,2.6080229591775144,11.169700002938043,170.8698499996899,184.64757296180545,one shared preloaded model
conv-49-qa-74,lalm,2.6080229591775144,10.488100000657141,170.8698499996899,183.96597295952455,one shared preloaded model
conv-49-qa-75,lalm,2.6080229591775144,10.202099998423364,170.8698499996899,183.67997295729077,one shared preloaded model
conv-49-qa-76,lalm,2.6080229591775144,6.470100001024548,169.5086749996335,178.58679795983556,one shared preloaded model
conv-49-qa-77,lalm,2.6080229591775144,10.693199998058844,169.5086749996335,182.80989795686986,one shared preloaded model
conv-49-qa-78,lalm,2.6080229591775144,6.5794000001915265,169.5086749996335,178.69609795900254,one shared preloaded model
conv-49-qa-79,lalm,2.6080229591775144,10.735600000771228,169.5086749996335,182.85229795958224,one shared preloaded model
conv-49-qa-80,lalm,2.6080229591775144,6.574200000613928,178.92645000029006,188.1086729600815,one shared preloaded model
conv-49-qa-81,lalm,2.6080229591775144,10.780099997646175,178.92645000029006,192.31457295711374,one shared preloaded model
conv-49-qa-82,lalm,2.6080229591775144,7.102700001269113,178.92645000029006,188.63717296073668,one shared preloaded model
conv-49-qa-83,lalm,2.6080229591775144,11.410600000090199,178.92645000029006,192.94507295955776,one shared preloaded model
conv-49-qa-84,lalm,2.6080229591775144,6.595899998501409,243.65269999998418,252.8566229576631,one shared preloaded model
conv-49-qa-85,lalm,2.6080229591775144,7.8471000015269965,243.65269999998418,254.10782296068868,one shared preloaded model
conv-49-qa-86,lalm,2.6080229591775144,7.174899998062756,243.65269999998418,253.43562295722444,one shared preloaded model
conv-49-qa-87,lalm,2.6080229591775144,9.36329999967711,243.65269999998418,255.6240229588388,one shared preloaded model
conv-49-qa-88,lalm,2.6080229591775144,6.925599998794496,96.86402499937685,106.39764795734887,one shared preloaded model
conv-49-qa-89,lalm,2.6080229591775144,6.507400001282804,96.86402499937685,105.97944795983717,one shared preloaded model
conv-49-qa-90,lalm,2.6080229591775144,7.678199999645585,96.86402499937685,107.15024795819996,one shared preloaded model
conv-49-qa-91,lalm,2.6080229591775144,5.840999998326879,96.86402499937685,105.31304795688125,one shared preloaded model
conv-49-qa-92,lalm,2.6080229591775144,7.4683999991975725,103.69935000016994,113.77577295854503,one shared preloaded model
conv-49-qa-93,lalm,2.6080229591775144,7.581099998787977,103.69935000016994,113.88847295813544,one shared preloaded model
conv-49-qa-94,lalm,2.6080229591775144,7.233199998154305,103.69935000016994,113.54057295750177,one shared preloaded model
conv-49-qa-95,lalm,2.6080229591775144,6.20129999879282,103.69935000016994,112.50867295814028,one shared preloaded model
conv-49-qa-96,lalm,2.6080229591775144,6.924000001163222,194.06187499953376,203.59389795987448,one shared preloaded model
conv-49-qa-97,lalm,2.6080229591775144,10.777199997392017,194.06187499953376,207.44709795610328,one shared preloaded model
conv-49-qa-98,lalm,2.6080229591775144,8.796599999186583,194.06187499953376,205.46649795789784,one shared preloaded model
conv-49-qa-99,lalm,2.6080229591775144,6.405599997378886,194.06187499953376,203.07549795609015,one shared preloaded model
conv-49-qa-100,lalm,2.6080229591775144,7.1339999994961545,85.48364999933256,95.22567295800623,one shared preloaded model
conv-49-qa-101,lalm,2.6080229591775144,6.349200000840938,85.48364999933256,94.44087295935101,one shared preloaded model
conv-49-qa-102,lalm,2.6080229591775144,9.712800001580035,85.48364999933256,97.80447296009011,one shared preloaded model
conv-49-qa-103,lalm,2.6080229591775144,12.352200003078906,85.48364999933256,100.44387296158898,one shared preloaded model
conv-49-qa-104,lalm,2.6080229591775144,7.555899999715621,125.67917500018666,135.84309795907978,one shared preloaded model
conv-49-qa-105,lalm,2.6080229591775144,7.733000002190238,125.67917500018666,136.0201979615544,one shared preloaded model
conv-49-qa-106,lalm,2.6080229591775144,9.021999998367392,125.67917500018666,137.30919795773156,one shared preloaded model
conv-49-qa-107,lalm,2.6080229591775144,11.01829999970505,125.67917500018666,139.3054979590692,one shared preloaded model
conv-49-qa-108,lalm,2.6080229591775144,6.928799997695023,95.08782499960944,104.62464795648198,one shared preloaded model
conv-49-qa-109,lalm,2.6080229591775144,10.257199999614386,95.08782499960944,107.95304795840134,one shared preloaded model
conv-49-qa-110,lalm,2.6080229591775144,10.980700000800425,95.08782499960944,108.67654795958738,one shared preloaded model
conv-49-qa-111,lalm,2.6080229591775144,11.372599998139776,95.08782499960944,109.06844795692673,one shared preloaded model
conv-49-qa-112,lalm,2.6080229591775144,7.0663999977114145,90.11664999979985,99.79107295668878,one shared preloaded model
conv-49-qa-113,lalm,2.6080229591775144,11.67899999927613,90.11664999979985,104.4036729582535,one shared preloaded model
conv-49-qa-114,lalm,2.6080229591775144,11.252300002524862,90.11664999979985,103.97697296150223,one shared preloaded model
conv-49-qa-115,lalm,2.6080229591775144,10.389699997176649,90.11664999979985,103.11437295615401,one shared preloaded model
conv-49-qa-116,lalm,2.6080229591775144,6.986300002608914,76.70710000002146,86.30142296180789,one shared preloaded model
conv-49-qa-117,lalm,2.6080229591775144,10.767399999167537,76.70710000002146,90.08252295836651,one shared preloaded model
conv-49-qa-118,lalm,2.6080229591775144,9.037699997861637,76.70710000002146,88.35282295706061,one shared preloaded model
conv-49-qa-119,lalm,2.6080229591775144,8.287399999971967,76.70710000002146,87.60252295917094,one shared preloaded model
conv-49-qa-120,lalm,2.6080229591775144,6.399900001269998,167.47282500000438,176.48074796045188,one shared preloaded model
conv-49-qa-121,lalm,2.6080229591775144,7.466099999874132,167.47282500000438,177.546947959056,one shared preloaded model
conv-49-qa-122,lalm,2.6080229591775144,6.531899998662993,167.47282500000438,176.61274795784487,one shared preloaded model
conv-49-qa-123,lalm,2.6080229591775144,8.05699999909848,167.47282500000438,178.13784795828036,one shared preloaded model
conv-49-qa-124,lalm,2.6080229591775144,6.449199998314725,184.19745000028342,193.25467295777565,one shared preloaded model
conv-49-qa-125,lalm,2.6080229591775144,6.908500003191875,184.19745000028342,193.7139729626528,one shared preloaded model
conv-49-qa-126,lalm,2.6080229591775144,10.905200000706827,184.19745000028342,197.71067296016776,one shared preloaded model
conv-49-qa-127,lalm,2.6080229591775144,9.012800001073629,184.19745000028342,195.81827296053456,one shared preloaded model
conv-49-qa-128,lalm,2.6080229591775144,6.475399997725617,175.35645000043587,184.439872957339,one shared preloaded model
conv-49-qa-129,lalm,2.6080229591775144,7.259800000610994,175.35645000043587,185.22427296022437,one shared preloaded model
conv-49-qa-130,lalm,2.6080229591775144,7.2285999995074235,175.35645000043587,185.1930729591208,one shared preloaded model
conv-49-qa-131,lalm,2.6080229591775144,8.09300000037183,175.35645000043587,186.0574729599852,one shared preloaded model
conv-49-qa-132,lalm,2.6080229591775144,6.270199999562465,212.51529999972263,221.3935229584626,one shared preloaded model
conv-49-qa-133,lalm,2.6080229591775144,7.47860000046785,212.51529999972263,222.60192295936798,one shared preloaded model
conv-49-qa-134,lalm,2.6080229591775144,6.514699998660944,212.51529999972263,221.63802295756108,one shared preloaded model
conv-49-qa-135,lalm,2.6080229591775144,6.810000002587913,212.51529999972263,221.93332296148805,one shared preloaded model
conv-49-qa-136,lalm,2.6080229591775144,6.895200000144541,130.34514999981184,139.84837295913388,one shared preloaded model
conv-49-qa-137,lalm,2.6080229591775144,10.624900001857895,130.34514999981184,143.57807296084724,one shared preloaded model
conv-49-qa-138,lalm,2.6080229591775144,10.129900001629721,130.34514999981184,143.08307296061906,one shared preloaded model
conv-49-qa-139,lalm,2.6080229591775144,10.761400000774302,130.34514999981184,143.71457295976364,one shared preloaded model
conv-49-qa-140,lalm,2.6080229591775144,7.090499999321764,100.3288000001703,110.02732295866959,one shared preloaded model
conv-49-qa-141,lalm,2.6080229591775144,10.71840000076918,100.3288000001703,113.655222960117,one shared preloaded model
conv-49-qa-142,lalm,2.6080229591775144,10.994700001901947,100.3288000001703,113.93152296124977,one shared preloaded model
conv-49-qa-143,lalm,2.6080229591775144,6.508999998914078,100.3288000001703,109.4458229582619,one shared preloaded model
conv-49-qa-144,lalm,2.6080229591775144,7.15449999916018,96.30749999996624,106.07002295830394,one shared preloaded model
conv-49-qa-145,lalm,2.6080229591775144,10.85649999731686,96.30749999996624,109.77202295646062,one shared preloaded model
conv-49-qa-146,lalm,2.6080229591775144,11.386499998479849,96.30749999996624,110.3020229576236,one shared preloaded model
conv-49-qa-147,lalm,2.6080229591775144,7.395000000542495,96.30749999996624,106.31052295968625,one shared preloaded model
conv-49-qa-148,lalm,2.6080229591775144,7.046999999147374,113.61269999997603,123.26772295830092,one shared preloaded model
conv-49-qa-149,lalm,2.6080229591775144,7.439100001647603,113.61269999997603,123.65982296080115,one shared preloaded model
conv-49-qa-150,lalm,2.6080229591775144,6.913100001838757,113.61269999997603,123.1338229609923,one shared preloaded model
conv-49-qa-151,lalm,2.6080229591775144,8.564399999158923,113.61269999997603,124.78512295831247,one shared preloaded model
conv-49-qa-152,lalm,2.6080229591775144,6.896200000483077,153.4085249995769,162.9127479592375,one shared preloaded model
conv-49-qa-153,lalm,2.6080229591775144,8.878299999196315,153.4085249995769,164.89484795795073,one shared preloaded model
conv-49-qa-154,lalm,2.6080229591775144,10.140899998077657,153.4085249995769,166.15744795683207,one shared preloaded model
conv-49-qa-155,lalm,2.6080229591775144,6.708000000799075,153.4085249995769,162.7245479595535,one shared preloaded model
conv-49-qa-156,lalm,2.6080229591775144,8.100799997919239,121.59367500044027,132.302497957537,one shared preloaded model
conv-49-qa-157,lalm,2.6080229591775144,10.24669999969774,121.59367500044027,134.4483979593155,one shared preloaded model
conv-49-qa-158,lalm,2.6080229591775144,10.853199997654883,121.59367500044027,135.05489795727266,one shared preloaded model
conv-49-qa-159,lalm,2.6080229591775144,10.440400001243688,121.59367500044027,134.64209796086146,one shared preloaded model
conv-49-qa-160,lalm,2.6080229591775144,6.48419999924954,112.65907500001049,121.75129795843755,one shared preloaded model
conv-49-qa-161,lalm,2.6080229591775144,6.671299997833557,112.65907500001049,121.93839795702156,one shared preloaded model
conv-49-qa-162,lalm,2.6080229591775144,7.79569999940577,112.65907500001049,123.06279795859378,one shared preloaded model
conv-49-qa-163,lalm,2.6080229591775144,10.074900001200149,112.65907500001049,125.34199796038816,one shared preloaded model
conv-49-qa-164,lalm,2.6080229591775144,6.908400002430426,86.73122499931196,96.2476479609199,one shared preloaded model
conv-49-qa-165,lalm,2.6080229591775144,10.676500001864042,86.73122499931196,100.01574796035352,one shared preloaded model
conv-49-qa-166,lalm,2.6080229591775144,10.749200002464931,86.73122499931196,100.08844796095441,one shared preloaded model
conv-49-qa-167,lalm,2.6080229591775144,10.232399999949848,86.73122499931196,99.57164795843933,one shared preloaded model
conv-49-qa-168,lalm,2.6080229591775144,7.209400002466282,143.9121499997782,153.72957296142198,one shared preloaded model
conv-49-qa-169,lalm,2.6080229591775144,7.755999999062624,143.9121499997782,154.27617295801832,one shared preloaded model
conv-49-qa-170,lalm,2.6080229591775144,7.289199998922413,143.9121499997782,153.8093729578781,one shared preloaded model
conv-49-qa-171,lalm,2.6080229591775144,6.931100000656443,143.9121499997782,153.45127295961214,one shared preloaded model
conv-49-qa-172,lalm,2.6080229591775144,6.496999998489628,87.24100000017643,96.34602295784357,one shared preloaded model
conv-49-qa-173,lalm,2.6080229591775144,7.453800000803312,87.24100000017643,97.30282296015726,one shared preloaded model
conv-49-qa-174,lalm,2.6080229591775144,7.877000000007683,87.24100000017643,97.72602295936163,one shared preloaded model
conv-49-qa-175,lalm,2.6080229591775144,6.930799998372095,87.24100000017643,96.77982295772604,one shared preloaded model
conv-49-qa-176,lalm,2.6080229591775144,6.83480000225245,86.10550000048534,95.5483229619153,one shared preloaded model
conv-49-qa-177,lalm,2.6080229591775144,10.372000000643311,86.10550000048534,99.08552296030616,one shared preloaded model
conv-49-qa-178,lalm,2.6080229591775144,6.679099999018945,86.10550000048534,95.3926229586818,one shared preloaded model
conv-49-qa-179,lalm,2.6080229591775144,8.608299998741131,86.10550000048534,97.32182295840398,one shared preloaded model
conv-49-qa-180,lalm,2.6080229591775144,7.361399999354035,86.76745000047958,96.73687295901114,one shared preloaded model
conv-49-qa-181,lalm,2.6080229591775144,10.210600001300918,86.76745000047958,99.58607296095802,one shared preloaded model
conv-49-qa-182,lalm,2.6080229591775144,10.17879999926663,86.76745000047958,99.55427295892373,one shared preloaded model
conv-49-qa-183,lalm,2.6080229591775144,10.753200000181096,86.76745000047958,100.1286729598382,one shared preloaded model
conv-49-qa-184,lalm,2.6080229591775144,6.380799997714348,84.90080000046873,93.8896229573606,one shared preloaded model
conv-49-qa-185,lalm,2.6080229591775144,6.633199998759665,84.90080000046873,94.14202295840592,one shared preloaded model
conv-49-qa-186,lalm,2.6080229591775144,7.704699997702846,84.90080000046873,95.2135229573491,one shared preloaded model
conv-49-qa-187,lalm,2.6080229591775144,7.582299997011432,84.90080000046873,95.09112295665768,one shared preloaded model
conv-49-qa-188,lalm,2.6080229591775144,7.6396000004024245,87.41730000019743,97.66492295977737,one shared preloaded model
conv-49-qa-189,lalm,2.6080229591775144,11.002899998857174,87.41730000019743,101.02822295823212,one shared preloaded model
conv-49-qa-190,lalm,2.6080229591775144,10.245400000712834,87.41730000019743,100.27072296008778,one shared preloaded model
conv-49-qa-191,lalm,2.6080229591775144,10.48100000116392,87.41730000019743,100.50632296053887,one shared preloaded model
conv-49-qa-192,lalm,2.6080229591775144,6.635099998675287,87.21217499987688,96.45529795772968,one shared preloaded model
conv-49-qa-193,lalm,2.6080229591775144,11.021099999197759,87.21217499987688,100.84129795825216,one shared preloaded model
conv-49-qa-194,lalm,2.6080229591775144,10.68170000144164,87.21217499987688,100.50189796049604,one shared preloaded model
conv-49-qa-195,lalm,2.6080229591775144,10.836299999937182,87.21217499987688,100.65649795899158,one shared preloaded model
conv-50-qa-0,lalm,3.1200700980430245,10.653900000761496,127.14992499968503,140.92389509848954,one shared preloaded model
conv-50-qa-1,lalm,3.1200700980430245,8.310400000482332,127.14992499968503,138.58039509821037,one shared preloaded model
conv-50-qa-2,lalm,3.1200700980430245,6.812799998442642,127.14992499968503,137.08279509617068,one shared preloaded model
conv-50-qa-3,lalm,3.1200700980430245,7.149000000936212,127.14992499968503,137.41899509866425,one shared preloaded model
conv-50-qa-4,lalm,3.1200700980430245,7.06720000016503,115.93672500021057,126.12399509841863,one shared preloaded model
conv-50-qa-5,lalm,3.1200700980430245,11.207499999727588,115.93672500021057,130.26429509798118,one shared preloaded model
conv-50-qa-6,lalm,3.1200700980430245,10.963400000036927,115.93672500021057,130.02019509829051,one shared preloaded model
conv-50-qa-7,lalm,3.1200700980430245,10.24889999825973,115.93672500021057,129.30569509651332,one shared preloaded model
conv-50-qa-8,lalm,3.1200700980430245,6.412499998987187,117.88812500071799,127.42069509774821,one shared preloaded model
conv-50-qa-9,lalm,3.1200700980430245,7.49319999886211,117.88812500071799,128.50139509762312,one shared preloaded model
conv-50-qa-10,lalm,3.1200700980430245,6.623399996897206,117.88812500071799,127.63159509565823,one shared preloaded model
conv-50-qa-11,lalm,3.1200700980430245,6.327600000076927,117.88812500071799,127.33579509883795,one shared preloaded model
conv-50-qa-12,lalm,3.1200700980430245,6.291100002272287,174.53317499985133,183.94434510016663,one shared preloaded model
conv-50-qa-13,lalm,3.1200700980430245,5.505700002686353,174.53317499985133,183.1589451005807,one shared preloaded model
conv-50-qa-14,lalm,3.1200700980430245,6.805000000895234,174.53317499985133,184.45824509878958,one shared preloaded model
conv-50-qa-15,lalm,3.1200700980430245,6.298800002696225,174.53317499985133,183.95204510059057,one shared preloaded model
conv-50-qa-16,lalm,3.1200700980430245,6.9798000004084315,172.41920000014943,182.51907009860088,one shared preloaded model
conv-50-qa-17,lalm,3.1200700980430245,10.470500001247274,172.41920000014943,186.00977009943972,one shared preloaded model
conv-50-qa-18,lalm,3.1200700980430245,10.710799997468712,172.41920000014943,186.25007009566116,one shared preloaded model
conv-50-qa-19,lalm,3.1200700980430245,10.096199999679811,172.41920000014943,185.63547009787226,one shared preloaded model
conv-50-qa-20,lalm,3.1200700980430245,6.425100000342354,122.7350999997725,132.28027009815787,one shared preloaded model
conv-50-qa-21,lalm,3.1200700980430245,10.480400000233203,122.7350999997725,136.33557009804872,one shared preloaded model
conv-50-qa-22,lalm,3.1200700980430245,10.447900000144728,122.7350999997725,136.30307009796024,one shared preloaded model
conv-50-qa-23,lalm,3.1200700980430245,7.168000000092434,122.7350999997725,133.02317009790795,one shared preloaded model
conv-50-qa-24,lalm,3.1200700980430245,7.571599999209866,176.9054500000493,187.5971200973022,one shared preloaded model
conv-50-qa-25,lalm,3.1200700980430245,6.601600001886254,176.9054500000493,186.62712009997858,one shared preloaded model
conv-50-qa-26,lalm,3.1200700980430245,10.330400000384543,176.9054500000493,190.35592009847687,one shared preloaded model
conv-50-qa-27,lalm,3.1200700980430245,9.97300000017276,176.9054500000493,189.9985200982651,one shared preloaded model
conv-50-qa-28,lalm,3.1200700980430245,6.156899999041343,107.47797500062006,116.75494509770444,one shared preloaded model
conv-50-qa-29,lalm,3.1200700980430245,7.596200000989484,107.47797500062006,118.19424509965258,one shared preloaded model
conv-50-qa-30,lalm,3.1200700980430245,5.800700000690995,107.47797500062006,116.39874509935409,one shared preloaded model
conv-50-qa-31,lalm,3.1200700980430245,6.445700000767829,107.47797500062006,117.04374509943092,one shared preloaded model
conv-50-qa-32,lalm,3.1200700980430245,7.503200002247468,167.53457499999058,178.15784510028107,one shared preloaded model
conv-50-qa-33,lalm,3.1200700980430245,9.91760000033537,167.53457499999058,180.57224509836897,one shared preloaded model
conv-50-qa-34,lalm,3.1200700980430245,10.206800001469674,167.53457499999058,180.86144509950327,one shared preloaded model
conv-50-qa-35,lalm,3.1200700980430245,10.281999999278923,167.53457499999058,180.93664509731252,one shared preloaded model
conv-50-qa-36,lalm,3.1200700980430245,7.143099999666447,166.35607500029437,176.61924509800383,one shared preloaded model
conv-50-qa-37,lalm,3.1200700980430245,10.463200000231154,166.35607500029437,179.93934509856854,one shared preloaded model
conv-50-qa-38,lalm,3.1200700980430245,10.311100002581952,166.35607500029437,179.78724510091934,one shared preloaded model
conv-50-qa-39,lalm,3.1200700980430245,10.41080000140937,166.35607500029437,179.88694509974675,one shared preloaded model
conv-50-qa-40,lalm,3.1200700980430245,6.815000000642613,85.28737500000716,95.2224450986928,one shared preloaded model
conv-50-qa-41,lalm,3.1200700980430245,9.464400001888862,85.28737500000716,97.87184509993905,one shared preloaded model
conv-50-qa-42,lalm,3.1200700980430245,9.294200001022546,85.28737500000716,97.70164509907273,one shared preloaded model
conv-50-qa-43,lalm,3.1200700980430245,7.177100000262726,85.28737500000716,95.58454509831292,one shared preloaded model
conv-50-qa-44,lalm,3.1200700980430245,6.125600000814302,166.7443500000445,175.99002009890182,one shared preloaded model
conv-50-qa-45,lalm,3.1200700980430245,7.626099999470171,166.7443500000445,177.4905200975577,one shared preloaded model
conv-50-qa-46,lalm,3.1200700980430245,10.415299999294803,166.7443500000445,180.27972009738232,one shared preloaded model
conv-50-qa-47,lalm,3.1200700980430245,10.819799997989321,166.7443500000445,180.68422009607684,one shared preloaded model
conv-50-qa-48,lalm,3.1200700980430245,8.084199998847907,96.25877500002389,107.46304509691483,one shared preloaded model
conv-50-qa-49,lalm,3.1200700980430245,10.866799999348586,96.25877500002389,110.2456450974155,one shared preloaded model
conv-50-qa-50,lalm,3.1200700980430245,10.221799999271752,96.25877500002389,109.60064509733867,one shared preloaded model
conv-50-qa-51,lalm,3.1200700980430245,10.247199999867007,96.25877500002389,109.62604509793393,one shared preloaded model
conv-50-qa-52,lalm,3.1200700980430245,6.739899999956833,180.58625000048778,190.44622009848763,one shared preloaded model
conv-50-qa-53,lalm,3.1200700980430245,10.985400000208756,180.58625000048778,194.69172009873955,one shared preloaded model
conv-50-qa-54,lalm,3.1200700980430245,10.313700000551762,180.58625000048778,194.02002009908256,one shared preloaded model
conv-50-qa-55,lalm,3.1200700980430245,9.437100001377985,180.58625000048778,193.14342009990878,one shared preloaded model
conv-50-qa-56,lalm,3.1200700980430245,6.567799999174895,362.12847500064527,371.8163450978632,one shared preloaded model
conv-50-qa-57,lalm,3.1200700980430245,10.215999998763436,362.12847500064527,375.4645450974517,one shared preloaded model
conv-50-qa-58,lalm,3.1200700980430245,11.140800001157913,362.12847500064527,376.3893450998462,one shared preloaded model
conv-50-qa-59,lalm,3.1200700980430245,9.963799999241019,362.12847500064527,375.2123450979293,one shared preloaded model
conv-50-qa-60,lalm,3.1200700980430245,7.486300000891788,180.18087500058755,190.78724509952235,one shared preloaded model
conv-50-qa-61,lalm,3.1200700980430245,7.15929999932996,180.18087500058755,190.46024509796052,one shared preloaded model
conv-50-qa-62,lalm,3.1200700980430245,7.8740999997535255,180.18087500058755,191.1750450983841,one shared preloaded model
conv-50-qa-63,lalm,3.1200700980430245,10.660399999324,180.18087500058755,193.96134509795456,one shared preloaded model
conv-50-qa-64,lalm,3.1200700980430245,6.567600001289975,182.25325000003068,191.94092009936367,one shared preloaded model
conv-50-qa-65,lalm,3.1200700980430245,7.983600000443403,182.25325000003068,193.3569200985171,one shared preloaded model
conv-50-qa-66,lalm,3.1200700980430245,10.324700000637677,182.25325000003068,195.69802009871137,one shared preloaded model
conv-50-qa-67,lalm,3.1200700980430245,10.56349999998929,182.25325000003068,195.93682009806298,one shared preloaded model
conv-50-qa-68,lalm,3.1200700980430245,8.904999998776475,193.4353500000725,205.460420096892,one shared preloaded model
conv-50-qa-69,lalm,3.1200700980430245,7.447600000887178,193.4353500000725,204.0030200990027,one shared preloaded model
conv-50-qa-70,lalm,3.1200700980430245,6.647500002145534,193.4353500000725,203.20292010026105,one shared preloaded model
conv-50-qa-71,lalm,3.1200700980430245,7.082999996782746,193.4353500000725,203.63842009489827,one shared preloaded model
conv-50-qa-72,lalm,3.1200700980430245,6.5591000020504,91.39595000033296,101.07512010042639,one shared preloaded model
conv-50-qa-73,lalm,3.1200700980430245,8.046499999181833,91.39595000033296,102.56252009755782,one shared preloaded model
conv-50-qa-74,lalm,3.1200700980430245,11.93309999871417,91.39595000033296,106.44912009709016,one shared preloaded model
conv-50-qa-75,lalm,3.1200700980430245,11.656099999527214,91.39595000033296,106.1721200979032,one shared preloaded model
conv-50-qa-76,lalm,3.1200700980430245,6.599500000447733,334.8554249996596,344.57499509815034,one shared preloaded model
conv-50-qa-77,lalm,3.1200700980430245,10.775400001875823,334.8554249996596,348.75089509957843,one shared preloaded model
conv-50-qa-78,lalm,3.1200700980430245,10.734700001194142,334.8554249996596,348.71019509889675,one shared preloaded model
conv-50-qa-79,lalm,3.1200700980430245,10.342000001401175,334.8554249996596,348.3174950991038,one shared preloaded model
conv-50-qa-80,lalm,3.1200700980430245,7.150800000090385,134.9624499998754,145.2333200980088,one shared preloaded model
conv-50-qa-81,lalm,3.1200700980430245,10.833700001967372,134.9624499998754,148.91622009988578,one shared preloaded model
conv-50-qa-82,lalm,3.1200700980430245,10.455200001160847,134.9624499998754,148.53772009907925,one shared preloaded model
conv-50-qa-83,lalm,3.1200700980430245,10.185099999944214,134.9624499998754,148.26762009786262,one shared preloaded model
conv-50-qa-84,lalm,3.1200700980430245,6.463699999585515,92.09692500007804,101.68069509770659,one shared preloaded model
conv-50-qa-85,lalm,3.1200700980430245,10.838000001967885,92.09692500007804,106.05499510008896,one shared preloaded model
conv-50-qa-86,lalm,3.1200700980430245,7.1706000017002225,92.09692500007804,102.3875950998213,one shared preloaded model
conv-50-qa-87,lalm,3.1200700980430245,7.603800000651972,92.09692500007804,102.82079509877305,one shared preloaded model
conv-50-qa-88,lalm,3.1200700980430245,6.826999997429084,88.35667499988631,98.30374509535842,one shared preloaded model
conv-50-qa-89,lalm,3.1200700980430245,10.94340000054217,88.35667499988631,102.42014509847151,one shared preloaded model
conv-50-qa-90,lalm,3.1200700980430245,10.427299999719253,88.35667499988631,101.90404509764859,one shared preloaded model
conv-50-qa-91,lalm,3.1200700980430245,10.099700000864686,88.35667499988631,101.57644509879403,one shared preloaded model
conv-50-qa-92,lalm,3.1200700980430245,6.443499998567859,124.51592500019615,134.07949509680702,one shared preloaded model
conv-50-qa-93,lalm,3.1200700980430245,8.691899998666486,124.51592500019615,136.32789509690565,one shared preloaded model
conv-50-qa-94,lalm,3.1200700980430245,10.179000000789529,124.51592500019615,137.8149950990287,one shared preloaded model
conv-50-qa-95,lalm,3.1200700980430245,10.763500002212822,124.51592500019615,138.399495100452,one shared preloaded model
conv-50-qa-96,lalm,3.1200700980430245,6.488000002718763,147.28835000005347,156.89642010081525,one shared preloaded model
conv-50-qa-97,lalm,3.1200700980430245,10.775600003398722,147.28835000005347,161.1840201014952,one shared preloaded model
conv-50-qa-98,lalm,3.1200700980430245,10.92399999834015,147.28835000005347,161.33242009643664,one shared preloaded model
conv-50-qa-99,lalm,3.1200700980430245,8.868300003086915,147.28835000005347,159.2767201011834,one shared preloaded model
conv-50-qa-100,lalm,3.1200700980430245,6.669099999271566,89.0712500004156,98.8604200977302,one shared preloaded model
conv-50-qa-101,lalm,3.1200700980430245,6.034499998349929,89.0712500004156,98.22582009680856,one shared preloaded model
conv-50-qa-102,lalm,3.1200700980430245,10.007900000346126,89.0712500004156,102.19922009880476,one shared preloaded model
conv-50-qa-103,lalm,3.1200700980430245,10.298599998350255,89.0712500004156,102.48992009680889,one shared preloaded model
conv-50-qa-104,lalm,3.1200700980430245,6.5781000012066215,121.66534999960277,131.3635200988524,one shared preloaded model
conv-50-qa-105,lalm,3.1200700980430245,8.762899997236673,121.66534999960277,133.54832009488246,one shared preloaded model
conv-50-qa-106,lalm,3.1200700980430245,10.82250000035856,121.66534999960277,135.60792009800434,one shared preloaded model
conv-50-qa-107,lalm,3.1200700980430245,10.880899997573579,121.66534999960277,135.66632009521936,one shared preloaded model
conv-50-qa-108,lalm,3.1200700980430245,7.191900000179885,109.0649999996458,119.37697009786872,one shared preloaded model
conv-50-qa-109,lalm,3.1200700980430245,11.070000000472646,109.0649999996458,123.25507009816148,one shared preloaded model
conv-50-qa-110,lalm,3.1200700980430245,10.466599997016601,109.0649999996458,122.65167009470544,one shared preloaded model
conv-50-qa-111,lalm,3.1200700980430245,11.164099996676669,109.0649999996458,123.3491700943655,one shared preloaded model
conv-50-qa-112,lalm,3.1200700980430245,7.2685999984969385,149.77465000083612,160.16332009737607,one shared preloaded model
conv-50-qa-113,lalm,3.1200700980430245,8.754399997997098,149.77465000083612,161.64912009687623,one shared preloaded model
conv-50-qa-114,lalm,3.1200700980430245,7.926099999167491,149.77465000083612,160.82082009804662,one shared preloaded model
conv-50-qa-115,lalm,3.1200700980430245,10.721400001784787,149.77465000083612,163.61612010066392,one shared preloaded model
conv-50-qa-116,lalm,3.1200700980430245,7.131700000172714,132.36917499943956,142.6209450976553,one shared preloaded model
conv-50-qa-117,lalm,3.1200700980430245,10.535400000662776,132.36917499943956,146.02464509814536,one shared preloaded model
conv-50-qa-118,lalm,3.1200700980430245,10.685799999919254,132.36917499943956,146.17504509740183,one shared preloaded model
conv-50-qa-119,lalm,3.1200700980430245,10.232399999949848,132.36917499943956,145.72164509743243,one shared preloaded model
conv-50-qa-120,lalm,3.1200700980430245,7.567100001324434,336.5137999999206,347.20097009928804,one shared preloaded model
conv-50-qa-121,lalm,3.1200700980430245,11.124099997687154,336.5137999999206,350.75797009565076,one shared preloaded model
conv-50-qa-122,lalm,3.1200700980430245,10.82470000255853,336.5137999999206,350.45857010052214,one shared preloaded model
conv-50-qa-123,lalm,3.1200700980430245,8.695100001204992,336.5137999999206,348.3289700991686,one shared preloaded model
conv-50-qa-124,lalm,3.1200700980430245,6.859699999040458,88.4334750007838,98.41324509786729,one shared preloaded model
conv-50-qa-125,lalm,3.1200700980430245,6.770899999537505,88.4334750007838,98.32444509836434,one shared preloaded model
conv-50-qa-126,lalm,3.1200700980430245,11.002799998095725,88.4334750007838,102.55634509692256,one shared preloaded model
conv-50-qa-127,lalm,3.1200700980430245,10.071600001538172,88.4334750007838,101.625145100365,one shared preloaded model
conv-50-qa-128,lalm,3.1200700980430245,6.506699999590637,106.93020000053366,116.55697009816733,one shared preloaded model
conv-50-qa-129,lalm,3.1200700980430245,6.529599999339553,106.93020000053366,116.57987009791624,one shared preloaded model
conv-50-qa-130,lalm,3.1200700980430245,8.470299999316921,106.93020000053366,118.52057009789361,one shared preloaded model
conv-50-qa-131,lalm,3.1200700980430245,10.328299998946022,106.93020000053366,120.37857009752271,one shared preloaded model
conv-50-qa-132,lalm,3.1200700980430245,6.304800001089461,177.963125000133,187.38799509926548,one shared preloaded model
conv-50-qa-133,lalm,3.1200700980430245,6.722399997670436,177.963125000133,187.80559509584646,one shared preloaded model
conv-50-qa-134,lalm,3.1200700980430245,6.787799997255206,177.963125000133,187.87099509543123,one shared preloaded model
conv-50-qa-135,lalm,3.1200700980430245,6.875099999888334,177.963125000133,187.95829509806435,one shared preloaded model
conv-50-qa-136,lalm,3.1200700980430245,6.165700000565266,102.55067500020232,111.83644509881061,one shared preloaded model
conv-50-qa-137,lalm,3.1200700980430245,7.496599999285536,102.55067500020232,113.16734509753088,one shared preloaded model
conv-50-qa-138,lalm,3.1200700980430245,10.549700000410667,102.55067500020232,116.22044509865601,one shared preloaded model
conv-50-qa-139,lalm,3.1200700980430245,7.546199998614611,102.55067500020232,113.21694509685996,one shared preloaded model
conv-50-qa-140,lalm,3.1200700980430245,6.413200000679353,88.84877499986032,98.38204509858271,one shared preloaded model
conv-50-qa-141,lalm,3.1200700980430245,9.177800002362346,88.84877499986032,101.1466451002657,one shared preloaded model
conv-50-qa-142,lalm,3.1200700980430245,10.632699999405304,88.84877499986032,102.60154509730866,one shared preloaded model
conv-50-qa-143,lalm,3.1200700980430245,9.788299998035654,88.84877499986032,101.75714509593901,one shared preloaded model
conv-50-qa-144,lalm,3.1200700980430245,6.453599999076687,118.09755000012956,127.67122009724928,one shared preloaded model
conv-50-qa-145,lalm,3.1200700980430245,10.36259999818867,118.09755000012956,131.58022009636124,one shared preloaded model
conv-50-qa-146,lalm,3.1200700980430245,10.816400001203874,118.09755000012956,132.03402009937645,one shared preloaded model
conv-50-qa-147,lalm,3.1200700980430245,10.42560000132653,118.09755000012956,131.6432200994991,one shared preloaded model
conv-50-qa-148,lalm,3.1200700980430245,6.4648000006855,146.35139999973035,155.93627009845886,one shared preloaded model
conv-50-qa-149,lalm,3.1200700980430245,7.343300003412878,146.35139999973035,156.81477010118624,one shared preloaded model
conv-50-qa-150,lalm,3.1200700980430245,10.410099999717204,146.35139999973035,159.88157009749057,one shared preloaded model
conv-50-qa-151,lalm,3.1200700980430245,10.122499999852153,146.35139999973035,159.59397009762552,one shared preloaded model
conv-50-qa-152,lalm,3.1200700980430245,7.0483999988937285,116.01882499962812,126.18729509656488,one shared preloaded model
conv-50-qa-153,lalm,3.1200700980430245,10.72320000093896,116.01882499962812,129.8620950986101,one shared preloaded model
conv-50-qa-154,lalm,3.1200700980430245,10.34559999970952,116.01882499962812,129.48449509738066,one shared preloaded model
conv-50-qa-155,lalm,3.1200700980430245,10.059199998067925,116.01882499962812,129.19809509573906,one shared preloaded model
conv-50-qa-156,lalm,3.1200700980430245,6.609500000195112,184.16865000017424,193.89822009841237,one shared preloaded model
conv-50-qa-157,lalm,3.1200700980430245,6.270900001254631,184.16865000017424,193.55962009947189,one shared preloaded model
conv-50-qa-158,lalm,3.1200700980430245,7.496999998693354,184.16865000017424,194.7857200969106,one shared preloaded model
conv-50-qa-159,lalm,3.1200700980430245,6.521199997223448,184.16865000017424,193.8099200954407,one shared preloaded model
conv-50-qa-160,lalm,3.1200700980430245,7.384500000625849,84.38787500017497,94.89244509884385,one shared preloaded model
conv-50-qa-161,lalm,3.1200700980430245,10.578700002952246,84.38787500017497,98.08664510117025,one shared preloaded model
conv-50-qa-162,lalm,3.1200700980430245,10.546199999225792,84.38787500017497,98.0541450974438,one shared preloaded model
conv-50-qa-163,lalm,3.1200700980430245,6.3958000027923845,84.38787500017497,93.90374510101039,one shared preloaded model
conv-50-qa-164,lalm,3.1200700980430245,6.675900000118418,132.54577499992592,142.34174509808736,one shared preloaded model
conv-50-qa-165,lalm,3.1200700980430245,6.765999998606276,132.54577499992592,142.43184509657522,one shared preloaded model
conv-50-qa-166,lalm,3.1200700980430245,7.2738999988359865,132.54577499992592,142.93974509680493,one shared preloaded model
conv-50-qa-167,lalm,3.1200700980430245,6.535900000017136,132.54577499992592,142.20174509798608,one shared preloaded model
conv-50-qa-168,lalm,3.1200700980430245,6.890000000566943,86.83317499981058,96.84324509842055,one shared preloaded model
conv-50-qa-169,lalm,3.1200700980430245,10.820600000442937,86.83317499981058,100.77384509829655,one shared preloaded model
conv-50-qa-170,lalm,3.1200700980430245,8.58169999992242,86.83317499981058,98.53494509777603,one shared preloaded model
conv-50-qa-171,lalm,3.1200700980430245,9.16499999948428,86.83317499981058,99.11824509733789,one shared preloaded model
conv-50-qa-172,lalm,3.1200700980430245,7.2722999975667335,137.86759999948117,148.25997009509092,one shared preloaded model
conv-50-qa-173,lalm,3.1200700980430245,10.2151999999478,137.86759999948117,151.202870097472,one shared preloaded model
conv-50-qa-174,lalm,3.1200700980430245,10.478599997441052,137.86759999948117,151.46627009496524,one shared preloaded model
conv-50-qa-175,lalm,3.1200700980430245,10.126699999091215,137.86759999948117,151.1143700966154,one shared preloaded model
conv-50-qa-176,lalm,3.1200700980430245,6.702499998937128,85.0538750000851,94.87644509706526,one shared preloaded model
conv-50-qa-177,lalm,3.1200700980430245,10.858900001039729,85.0538750000851,99.03284509916786,one shared preloaded model
conv-50-qa-178,lalm,3.1200700980430245,10.751300000265473,85.0538750000851,98.9252450983936,one shared preloaded model
conv-50-qa-179,lalm,3.1200700980430245,10.238599999865983,85.0538750000851,98.41254509799411,one shared preloaded model
conv-50-qa-180,lalm,3.1200700980430245,7.308299998840084,164.1420249998191,174.5703950967022,one shared preloaded model
conv-50-qa-181,lalm,3.1200700980430245,10.940299998765113,164.1420249998191,178.20239509662724,one shared preloaded model
conv-50-qa-182,lalm,3.1200700980430245,9.94910000008531,164.1420249998191,177.21119509794744,one shared preloaded model
conv-50-qa-183,lalm,3.1200700980430245,8.997299999464303,164.1420249998191,176.25939509732643,one shared preloaded model
conv-50-qa-184,lalm,3.1200700980430245,6.616300001041964,96.10362500006886,105.83999509915385,one shared preloaded model
conv-50-qa-185,lalm,3.1200700980430245,6.847399999969639,96.10362500006886,106.07109509808153,one shared preloaded model
conv-50-qa-186,lalm,3.1200700980430245,10.467600000993116,96.10362500006886,109.691295099105,one shared preloaded model
conv-50-qa-187,lalm,3.1200700980430245,9.323600002971943,96.10362500006886,108.54729510108383,one shared preloaded model
conv-50-qa-188,lalm,3.1200700980430245,8.070599997154204,89.95047500047804,101.14114509567527,one shared preloaded model
conv-50-qa-189,lalm,3.1200700980430245,10.963799999444745,89.95047500047804,104.03434509796581,one shared preloaded model
conv-50-qa-190,lalm,3.1200700980430245,11.575399999856018,89.95047500047804,104.64594509837708,one shared preloaded model
conv-50-qa-191,lalm,3.1200700980430245,8.361200001672842,89.95047500047804,101.43174510019391,one shared preloaded model
conv-50-qa-192,lalm,3.1200700980430245,6.692800001474097,85.6344750000062,95.44734509952333,one shared preloaded model
conv-50-qa-193,lalm,3.1200700980430245,10.437400000228081,85.6344750000062,99.19194509827732,one shared preloaded model
conv-50-qa-194,lalm,3.1200700980430245,9.948399998393143,85.6344750000062,98.70294509644238,one shared preloaded model
conv-50-qa-195,lalm,3.1200700980430245,10.432499999296851,85.6344750000062,99.18704509734609,one shared preloaded model
conv-50-qa-196,lalm,3.1200700980430245,6.496099998912541,106.42639999969106,116.04257009664663,one shared preloaded model
conv-50-qa-197,lalm,3.1200700980430245,6.313100002444116,106.42639999969106,115.8595701001782,one shared preloaded model
conv-50-qa-198,lalm,3.1200700980430245,7.322000001295237,106.42639999969106,116.86847009902932,one shared preloaded model
conv-50-qa-199,lalm,3.1200700980430245,7.010199999058386,106.42639999969106,116.55667009679247,one shared preloaded model
conv-50-qa-200,lalm,3.1200700980430245,7.012300000496907,138.7750000003507,148.90737009889062,one shared preloaded model
conv-50-qa-201,lalm,3.1200700980430245,10.431999999127584,138.7750000003507,152.3270700975213,one shared preloaded model
conv-50-qa-202,lalm,3.1200700980430245,10.337899999285582,138.7750000003507,152.2329700976793,one shared preloaded model
conv-50-qa-203,lalm,3.1200700980430245,9.920599997712998,138.7750000003507,151.81567009610671,one shared preloaded model
