example_id,agent,update_ms,read_ms,generation_ms,end_to_end_ms,model_loading_policy
conv-26-qa-0,lalm,2.801902512557955,15.844600000491482,174.42159999973228,193.0681025127817,one shared preloaded model
conv-26-qa-1,lalm,2.801902512557955,9.906200000841636,174.42159999973228,187.12970251313186,one shared preloaded model
conv-26-qa-2,lalm,2.801902512557955,9.788200000912184,174.42159999973228,187.0117025132024,one shared preloaded model
conv-26-qa-3,lalm,2.801902512557955,9.518200000457,174.42159999973228,186.74170251274722,one shared preloaded model
conv-26-qa-4,lalm,2.801902512557955,7.0018999995227205,115.16054999992775,124.96435251200843,one shared preloaded model
conv-26-qa-5,lalm,2.801902512557955,9.901499999614316,115.16054999992775,127.86395251210003,one shared preloaded model
conv-26-qa-6,lalm,2.801902512557955,10.078500001327484,115.16054999992775,128.04095251381318,one shared preloaded model
conv-26-qa-7,lalm,2.801902512557955,9.085499999855529,115.16054999992775,127.04795251234124,one shared preloaded model
conv-26-qa-8,lalm,2.801902512557955,6.516299999930197,219.81047500003115,229.1286775125193,one shared preloaded model
conv-26-qa-9,lalm,2.801902512557955,6.291199999395758,219.81047500003115,228.90357751198485,one shared preloaded model
conv-26-qa-10,lalm,2.801902512557955,6.271899999774178,219.81047500003115,228.88427751236327,one shared preloaded model
conv-26-qa-11,lalm,2.801902512557955,6.463300000177696,219.81047500003115,229.0756775127668,one shared preloaded model
conv-26-qa-12,lalm,2.801902512557955,6.085900000471156,85.81194999987929,94.6997525129084,one shared preloaded model
conv-26-qa-13,lalm,2.801902512557955,5.16809999862744,85.81194999987929,93.78195251106469,one shared preloaded model
conv-26-qa-14,lalm,2.801902512557955,5.978700000923709,85.81194999987929,94.59255251336096,one shared preloaded model
conv-26-qa-15,lalm,2.801902512557955,5.694799998309463,85.81194999987929,94.30865251074671,one shared preloaded model
conv-26-qa-16,lalm,2.801902512557955,6.973100000323029,186.06940000017858,195.84440251305955,one shared preloaded model
conv-26-qa-17,lalm,2.801902512557955,5.1574999997683335,186.06940000017858,194.02880251250485,one shared preloaded model
conv-26-qa-18,lalm,2.801902512557955,5.201300000408082,186.06940000017858,194.0726025131446,one shared preloaded model
conv-26-qa-19,lalm,2.801902512557955,6.474699999671429,186.06940000017858,195.34600251240795,one shared preloaded model
conv-26-qa-20,lalm,2.801902512557955,5.944200000158162,85.1898999999321,93.93600251264822,one shared preloaded model
conv-26-qa-21,lalm,2.801902512557955,7.887299998401431,85.1898999999321,95.87910251089149,one shared preloaded model
conv-26-qa-22,lalm,2.801902512557955,9.422000000995467,85.1898999999321,97.41380251348552,one shared preloaded model
conv-26-qa-23,lalm,2.801902512557955,9.6149000000878,85.1898999999321,97.60670251257785,one shared preloaded model
conv-26-qa-24,lalm,2.801902512557955,5.992700000206241,85.55045000002792,94.34505251279212,one shared preloaded model
conv-26-qa-25,lalm,2.801902512557955,6.642000000283588,85.55045000002792,94.99435251286947,one shared preloaded model
conv-26-qa-26,lalm,2.801902512557955,9.611999999833643,85.55045000002792,97.96435251241952,one shared preloaded model
conv-26-qa-27,lalm,2.801902512557955,9.355399999549263,85.55045000002792,97.70775251213514,one shared preloaded model
conv-26-qa-28,lalm,2.801902512557955,6.473900000855792,166.6024500000276,175.87825251344134,one shared preloaded model
conv-26-qa-29,lalm,2.801902512557955,9.368999999423977,166.6024500000276,178.77335251200952,one shared preloaded model
conv-26-qa-30,lalm,2.801902512557955,9.741699999722186,166.6024500000276,179.14605251230773,one shared preloaded model
conv-26-qa-31,lalm,2.801902512557955,9.300800000346499,166.6024500000276,178.70515251293205,one shared preloaded model
conv-26-qa-32,lalm,2.801902512557955,6.397700000889017,127.57894999958808,136.77855251303504,one shared preloaded model
conv-26-qa-33,lalm,2.801902512557955,9.957600001143874,127.57894999958808,140.3384525132899,one shared preloaded model
conv-26-qa-34,lalm,2.801902512557955,9.617199999411241,127.57894999958808,139.99805251155726,one shared preloaded model
conv-26-qa-35,lalm,2.801902512557955,9.78679999934684,127.57894999958808,140.16765251149286,one shared preloaded model
conv-26-qa-36,lalm,2.801902512557955,8.83849999991071,249.94717499976105,261.5875775122297,one shared preloaded model
conv-26-qa-37,lalm,2.801902512557955,9.836999999606633,249.94717499976105,262.5860775119256,one shared preloaded model
conv-26-qa-38,lalm,2.801902512557955,9.177200001431629,249.94717499976105,261.9262775137506,one shared preloaded model
conv-26-qa-39,lalm,2.801902512557955,9.541499999613734,249.94717499976105,262.2905775119327,one shared preloaded model
conv-26-qa-40,lalm,2.801902512557955,5.934599999818602,95.94892500035712,104.68542751273368,one shared preloaded model
conv-26-qa-41,lalm,2.801902512557955,6.084799999371171,95.94892500035712,104.83562751228625,one shared preloaded model
conv-26-qa-42,lalm,2.801902512557955,6.683900001007714,95.94892500035712,105.4347275139228,one shared preloaded model
conv-26-qa-43,lalm,2.801902512557955,5.652199999531149,95.94892500035712,104.40302751244623,one shared preloaded model
conv-26-qa-44,lalm,2.801902512557955,6.487500000730506,149.88205000008747,159.17145251337593,one shared preloaded model
conv-26-qa-45,lalm,2.801902512557955,5.374900001697824,149.88205000008747,158.05885251434324,one shared preloaded model
conv-26-qa-46,lalm,2.801902512557955,6.134100000053877,149.88205000008747,158.8180525126993,one shared preloaded model
conv-26-qa-47,lalm,2.801902512557955,6.3861999988148455,149.88205000008747,159.07015251146026,one shared preloaded model
conv-26-qa-48,lalm,2.801902512557955,8.522600001015235,94.13827499975014,105.46277751332333,one shared preloaded model
conv-26-qa-49,lalm,2.801902512557955,10.185299999648123,94.13827499975014,107.12547751195622,one shared preloaded model
conv-26-qa-50,lalm,2.801902512557955,9.702499999548309,94.13827499975014,106.6426775118564,one shared preloaded model
conv-26-qa-51,lalm,2.801902512557955,9.284300000217627,94.13827499975014,106.22447751252572,one shared preloaded model
conv-26-qa-52,lalm,2.801902512557955,6.157399999210611,159.7661750001862,168.72547751195475,one shared preloaded model
conv-26-qa-53,lalm,2.801902512557955,5.691400001524016,159.7661750001862,168.25947751426816,one shared preloaded model
conv-26-qa-54,lalm,2.801902512557955,7.005600000411505,159.7661750001862,169.57367751315564,one shared preloaded model
conv-26-qa-55,lalm,2.801902512557955,6.839000001491513,159.7661750001862,169.40707751423565,one shared preloaded model
conv-26-qa-56,lalm,2.801902512557955,6.5785999995569,216.4530999998533,225.83360251196814,one shared preloaded model
conv-26-qa-57,lalm,2.801902512557955,6.84720000026573,216.4530999998533,226.10220251267697,one shared preloaded model
conv-26-qa-58,lalm,2.801902512557955,9.52549999965413,216.4530999998533,228.78050251206537,one shared preloaded model
conv-26-qa-59,lalm,2.801902512557955,9.167000000161352,216.4530999998533,228.4220025125726,one shared preloaded model
conv-26-qa-60,lalm,2.801902512557955,8.975699998700293,93.8391749996299,105.61677751088816,one shared preloaded model
conv-26-qa-61,lalm,2.801902512557955,9.50860000011744,93.8391749996299,106.1496775123053,one shared preloaded model
conv-26-qa-62,lalm,2.801902512557955,9.486499999184161,93.8391749996299,106.12757751137202,one shared preloaded model
conv-26-qa-63,lalm,2.801902512557955,9.878200000457582,93.8391749996299,106.51927751264544,one shared preloaded model
conv-26-qa-64,lalm,2.801902512557955,6.759100000635954,109.29647500006467,118.85747751325859,one shared preloaded model
conv-26-qa-65,lalm,2.801902512557955,9.992900000725058,109.29647500006467,122.09127751334769,one shared preloaded model
conv-26-qa-66,lalm,2.801902512557955,9.393199999976787,109.29647500006467,121.49157751259942,one shared preloaded model
conv-26-qa-67,lalm,2.801902512557955,9.250500001144246,109.29647500006467,121.34887751376688,one shared preloaded model
conv-26-qa-68,lalm,2.801902512557955,11.794000000008964,227.15809999999692,241.75400251256383,one shared preloaded model
conv-26-qa-69,lalm,2.801902512557955,9.82780000049388,227.15809999999692,239.78780251304875,one shared preloaded model
conv-26-qa-70,lalm,2.801902512557955,9.492999999565654,227.15809999999692,239.45300251212052,one shared preloaded model
conv-26-qa-71,lalm,2.801902512557955,9.540200000628829,227.15809999999692,239.5002025131837,one shared preloaded model
conv-26-qa-72,lalm,2.801902512557955,6.886199998916709,156.4377500003502,166.12585251182486,one shared preloaded model
conv-26-qa-73,lalm,2.801902512557955,9.487100000114879,156.4377500003502,168.72675251302303,one shared preloaded model
conv-26-qa-74,lalm,2.801902512557955,9.344699999928707,156.4377500003502,168.58435251283686,one shared preloaded model
conv-26-qa-75,lalm,2.801902512557955,5.917099999351194,156.4377500003502,165.15675251225935,one shared preloaded model
conv-26-qa-76,lalm,2.801902512557955,6.436300000132178,182.8530499997214,192.09125251241153,one shared preloaded model
conv-26-qa-77,lalm,2.801902512557955,5.599399999482557,182.8530499997214,191.2543525117619,one shared preloaded model
conv-26-qa-78,lalm,2.801902512557955,6.53260000035516,182.8530499997214,192.1875525126345,one shared preloaded model
conv-26-qa-79,lalm,2.801902512557955,5.2728999999089865,182.8530499997214,190.92785251218834,one shared preloaded model
conv-26-qa-80,lalm,2.801902512557955,5.900699999983772,113.18877499979862,121.89137751234036,one shared preloaded model
conv-26-qa-81,lalm,2.801902512557955,5.597600000328384,113.18877499979862,121.58827751268497,one shared preloaded model
conv-26-qa-82,lalm,2.801902512557955,5.409599998529302,113.18877499979862,121.40027751088589,one shared preloaded model
conv-26-qa-83,lalm,2.801902512557955,6.505800000013551,113.18877499979862,122.49647751237013,one shared preloaded model
conv-26-qa-84,lalm,2.801902512557955,6.185100000948296,291.26637500030483,300.2533775138111,one shared preloaded model
conv-26-qa-85,lalm,2.801902512557955,8.216899999752059,291.26637500030483,302.28517751261484,one shared preloaded model
conv-26-qa-86,lalm,2.801902512557955,6.35839999995369,291.26637500030483,300.42667751281647,one shared preloaded model
conv-26-qa-87,lalm,2.801902512557955,5.78730000052019,291.26637500030483,299.85557751338297,one shared preloaded model
conv-26-qa-88,lalm,2.801902512557955,6.361399999150308,150.49480000016047,159.65810251186872,one shared preloaded model
conv-26-qa-89,lalm,2.801902512557955,9.863700001005782,150.49480000016047,163.1604025137242,one shared preloaded model
conv-26-qa-90,lalm,2.801902512557955,10.215899999820977,150.49480000016047,163.5126025125394,one shared preloaded model
conv-26-qa-91,lalm,2.801902512557955,9.24490000033984,150.49480000016047,162.54160251305825,one shared preloaded model
conv-26-qa-92,lalm,2.801902512557955,6.427599999369704,156.03049999981522,165.26000251174287,one shared preloaded model
conv-26-qa-93,lalm,2.801902512557955,5.066099998657592,156.03049999981522,163.89850251103076,one shared preloaded model
conv-26-qa-94,lalm,2.801902512557955,6.095599999753176,156.03049999981522,164.92800251212634,one shared preloaded model
conv-26-qa-95,lalm,2.801902512557955,6.438599999455619,156.03049999981522,165.27100251182878,one shared preloaded model
conv-26-qa-96,lalm,2.801902512557955,6.254699999772129,253.0120500000521,262.0686525123822,one shared preloaded model
conv-26-qa-97,lalm,2.801902512557955,6.308800000624615,253.0120500000521,262.1227525132347,one shared preloaded model
conv-26-qa-98,lalm,2.801902512557955,7.91160000153468,253.0120500000521,263.72555251414474,one shared preloaded model
conv-26-qa-99,lalm,2.801902512557955,9.105000001000008,253.0120500000521,264.91895251361007,one shared preloaded model
conv-26-qa-100,lalm,2.801902512557955,8.496399999785353,159.34044999994512,170.63875251228842,one shared preloaded model
conv-26-qa-101,lalm,2.801902512557955,5.761599999459577,159.34044999994512,167.90395251196264,one shared preloaded model
conv-26-qa-102,lalm,2.801902512557955,10.104400000273017,159.34044999994512,172.24675251277608,one shared preloaded model
conv-26-qa-103,lalm,2.801902512557955,9.404099999301252,159.34044999994512,171.54645251180432,one shared preloaded model
conv-26-qa-104,lalm,2.801902512557955,6.546099999468424,198.7524249998387,208.10042751186506,one shared preloaded model
conv-26-qa-105,lalm,2.801902512557955,9.630900000047404,198.7524249998387,211.18522751244404,one shared preloaded model
conv-26-qa-106,lalm,2.801902512557955,9.666399999332498,198.7524249998387,211.22072751172914,one shared preloaded model
conv-26-qa-107,lalm,2.801902512557955,9.52060000054189,198.7524249998387,211.07492751293853,one shared preloaded model
conv-26-qa-108,lalm,2.801902512557955,6.662300000243704,114.31312500008062,123.77732751288228,one shared preloaded model
conv-26-qa-109,lalm,2.801902512557955,9.732799999255803,114.31312500008062,126.84782751189438,one shared preloaded model
conv-26-qa-110,lalm,2.801902512557955,9.331499999461812,114.31312500008062,126.44652751210039,one shared preloaded model
conv-26-qa-111,lalm,2.801902512557955,9.293700000853278,114.31312500008062,126.40872751349185,one shared preloaded model
conv-26-qa-112,lalm,2.801902512557955,6.422299999030656,300.97742500038294,310.20162751197154,one shared preloaded model
conv-26-qa-113,lalm,2.801902512557955,9.654200001023128,300.97742500038294,313.433527513964,one shared preloaded model
conv-26-qa-114,lalm,2.801902512557955,9.16720000168425,300.97742500038294,312.94652751462513,one shared preloaded model
conv-26-qa-115,lalm,2.801902512557955,6.1383999982354,300.97742500038294,309.9177275111763,one shared preloaded model
conv-26-qa-116,lalm,2.801902512557955,8.847799999784911,243.49480000000767,255.14450251235053,one shared preloaded model
conv-26-qa-117,lalm,2.801902512557955,5.861499999809894,243.49480000000767,252.1582025123755,one shared preloaded model
conv-26-qa-118,lalm,2.801902512557955,5.169199999727425,243.49480000000767,251.46590251229304,one shared preloaded model
conv-26-qa-119,lalm,2.801902512557955,5.841199999849778,243.49480000000767,252.1379025124154,one shared preloaded model
conv-26-qa-120,lalm,2.801902512557955,6.624999999985448,81.96372500015059,91.390627512694,one shared preloaded model
conv-26-qa-121,lalm,2.801902512557955,9.894899998471374,81.96372500015059,94.66052751117992,one shared preloaded model
conv-26-qa-122,lalm,2.801902512557955,9.463600001254235,81.96372500015059,94.22922751396278,one shared preloaded model
conv-26-qa-123,lalm,2.801902512557955,9.089400000448222,81.96372500015059,93.85502751315677,one shared preloaded model
conv-26-qa-124,lalm,2.801902512557955,6.875099999888334,91.55402500027776,101.23102751272405,one shared preloaded model
conv-26-qa-125,lalm,2.801902512557955,9.950099998604856,91.55402500027776,104.30602751144058,one shared preloaded model
conv-26-qa-126,lalm,2.801902512557955,9.461399999054265,91.55402500027776,103.81732751188999,one shared preloaded model
conv-26-qa-127,lalm,2.801902512557955,9.190799999487353,91.55402500027776,103.54672751232307,one shared preloaded model
conv-26-qa-128,lalm,2.801902512557955,6.304200000158744,83.72882499998013,92.83492751269684,one shared preloaded model
conv-26-qa-129,lalm,2.801902512557955,5.323299999872688,83.72882499998013,91.85402751241078,one shared preloaded model
conv-26-qa-130,lalm,2.801902512557955,5.573500000537024,83.72882499998013,92.10422751307512,one shared preloaded model
conv-26-qa-131,lalm,2.801902512557955,9.251099998436985,83.72882499998013,95.78182751097508,one shared preloaded model
conv-26-qa-132,lalm,2.801902512557955,5.827599999975064,253.2978499998535,261.9273525123865,one shared preloaded model
conv-26-qa-133,lalm,2.801902512557955,5.912999999054591,253.2978499998535,262.01275251146603,one shared preloaded model
conv-26-qa-134,lalm,2.801902512557955,6.3176000003295485,253.2978499998535,262.417352512741,one shared preloaded model
conv-26-qa-135,lalm,2.801902512557955,9.63680000131717,253.2978499998535,265.7365525137286,one shared preloaded model
conv-26-qa-136,lalm,2.801902512557955,6.231699999261764,85.11085000009189,94.14445251191161,one shared preloaded model
conv-26-qa-137,lalm,2.801902512557955,9.812300000703544,85.11085000009189,97.72505251335339,one shared preloaded model
conv-26-qa-138,lalm,2.801902512557955,6.325199999992037,85.11085000009189,94.23795251264188,one shared preloaded model
conv-26-qa-139,lalm,2.801902512557955,5.2745000011782395,85.11085000009189,93.18725251382808,one shared preloaded model
conv-26-qa-140,lalm,2.801902512557955,6.521299999803887,86.35210000011284,95.67530251247469,one shared preloaded model
conv-26-qa-141,lalm,2.801902512557955,9.40460000128951,86.35210000011284,98.55860251396031,one shared preloaded model
conv-26-qa-142,lalm,2.801902512557955,9.590300000127172,86.35210000011284,98.74430251279797,one shared preloaded model
conv-26-qa-143,lalm,2.801902512557955,9.582700000464683,86.35210000011284,98.73670251313548,one shared preloaded model
conv-26-qa-144,lalm,2.801902512557955,6.725299999743584,128.51789999967878,138.0451025119803,one shared preloaded model
conv-26-qa-145,lalm,2.801902512557955,9.30799999878218,128.51789999967878,140.6278025110189,one shared preloaded model
conv-26-qa-146,lalm,2.801902512557955,9.687899999335059,128.51789999967878,141.00770251157178,one shared preloaded model
conv-26-qa-147,lalm,2.801902512557955,9.343300000182353,128.51789999967878,140.66310251241907,one shared preloaded model
conv-26-qa-148,lalm,2.801902512557955,6.56890000027488,84.77880000009463,94.14960251292747,one shared preloaded model
conv-26-qa-149,lalm,2.801902512557955,9.826100000282167,84.77880000009463,97.40680251293476,one shared preloaded model
conv-26-qa-150,lalm,2.801902512557955,9.427900000446243,84.77880000009463,97.00860251309884,one shared preloaded model
conv-26-qa-151,lalm,2.801902512557955,9.034500000780099,84.77880000009463,96.61520251343269,one shared preloaded model
conv-26-qa-152,lalm,2.801902512557955,6.546300000991323,84.44457499990676,93.79277751345604,one shared preloaded model
conv-26-qa-153,lalm,2.801902512557955,9.781000000657514,84.44457499990676,97.02747751312224,one shared preloaded model
conv-26-qa-154,lalm,2.801902512557955,9.916999999404652,84.44457499990676,97.16347751186937,one shared preloaded model
conv-26-qa-155,lalm,2.801902512557955,9.294599998611375,84.44457499990676,96.5410775110761,one shared preloaded model
conv-26-qa-156,lalm,2.801902512557955,7.068799999615294,91.31909999996424,101.18980251213749,one shared preloaded model
conv-26-qa-157,lalm,2.801902512557955,9.643299999879673,91.31909999996424,103.76430251240187,one shared preloaded model
conv-26-qa-158,lalm,2.801902512557955,9.101199999349774,91.31909999996424,103.22220251187197,one shared preloaded model
conv-26-qa-159,lalm,2.801902512557955,9.458599999561557,91.31909999996424,103.57960251208375,one shared preloaded model
conv-26-qa-160,lalm,2.801902512557955,6.2271000006148824,173.5055750000356,182.53457751320843,one shared preloaded model
conv-26-qa-161,lalm,2.801902512557955,9.710899999845424,173.5055750000356,186.01837751243897,one shared preloaded model
conv-26-qa-162,lalm,2.801902512557955,9.661800000685616,173.5055750000356,185.96927751327917,one shared preloaded model
conv-26-qa-163,lalm,2.801902512557955,9.400700000696816,173.5055750000356,185.70817751329037,one shared preloaded model
conv-26-qa-164,lalm,2.801902512557955,6.0296999999991385,241.5296499998476,250.3612525124047,one shared preloaded model
conv-26-qa-165,lalm,2.801902512557955,5.430799999885494,241.5296499998476,249.76235251229105,one shared preloaded model
conv-26-qa-166,lalm,2.801902512557955,6.0244999986025505,241.5296499998476,250.3560525110081,one shared preloaded model
conv-26-qa-167,lalm,2.801902512557955,6.470199999967008,241.5296499998476,250.80175251237256,one shared preloaded model
conv-26-qa-168,lalm,2.801902512557955,6.230400000276859,198.26524999962203,207.29755251245683,one shared preloaded model
conv-26-qa-169,lalm,2.801902512557955,6.187100001625367,198.26524999962203,207.25425251380534,one shared preloaded model
conv-26-qa-170,lalm,2.801902512557955,9.75039999866567,198.26524999962203,210.81755251084564,one shared preloaded model
conv-26-qa-171,lalm,2.801902512557955,9.480100001383107,198.26524999962203,210.54725251356308,one shared preloaded model
conv-26-qa-172,lalm,2.801902512557955,6.4753999995446065,95.62434999998004,104.9016525120826,one shared preloaded model
conv-26-qa-173,lalm,2.801902512557955,5.673100000421982,95.62434999998004,104.09935251295998,one shared preloaded model
conv-26-qa-174,lalm,2.801902512557955,8.611999999629916,95.62434999998004,107.03825251216792,one shared preloaded model
conv-26-qa-175,lalm,2.801902512557955,9.050999999089981,95.62434999998004,107.47725251162798,one shared preloaded model
conv-26-qa-176,lalm,2.801902512557955,6.376000001182547,237.24267499983398,246.42057751357447,one shared preloaded model
conv-26-qa-177,lalm,2.801902512557955,8.31330000073649,237.24267499983398,248.35787751312841,one shared preloaded model
conv-26-qa-178,lalm,2.801902512557955,6.795999999667401,237.24267499983398,246.84057751205933,one shared preloaded model
conv-26-qa-179,lalm,2.801902512557955,9.187900001052185,237.24267499983398,249.2324775134441,one shared preloaded model
conv-26-qa-180,lalm,2.801902512557955,6.343200000628713,84.53452499998093,93.6796275131676,one shared preloaded model
conv-26-qa-181,lalm,2.801902512557955,5.241400000159047,84.53452499998093,92.57782751269794,one shared preloaded model
conv-26-qa-182,lalm,2.801902512557955,6.34629999876779,84.53452499998093,93.68272751130668,one shared preloaded model
conv-26-qa-183,lalm,2.801902512557955,6.7436999997880775,84.53452499998093,94.08012751232697,one shared preloaded model
conv-26-qa-184,lalm,2.801902512557955,6.91960000040126,85.88142500002505,95.60292751298427,one shared preloaded model
conv-26-qa-185,lalm,2.801902512557955,9.888800001135678,85.88142500002505,98.57212751371868,one shared preloaded model
conv-26-qa-186,lalm,2.801902512557955,9.686200000942335,85.88142500002505,98.36952751352534,one shared preloaded model
conv-26-qa-187,lalm,2.801902512557955,9.343499999886262,85.88142500002505,98.02682751246927,one shared preloaded model
conv-26-qa-188,lalm,2.801902512557955,6.3188000003719935,88.08677500019257,97.20747751312253,one shared preloaded model
conv-26-qa-189,lalm,2.801902512557955,9.836899998845183,88.08677500019257,100.72557751159572,one shared preloaded model
conv-26-qa-190,lalm,2.801902512557955,9.309799999755342,88.08677500019257,100.19847751250587,one shared preloaded model
conv-26-qa-191,lalm,2.801902512557955,9.311300000263145,88.08677500019257,100.19997751301368,one shared preloaded model
conv-26-qa-192,lalm,2.801902512557955,9.219699999448494,90.3721750000841,102.39377751209055,one shared preloaded model
conv-26-qa-193,lalm,2.801902512557955,9.54700000147568,90.3721750000841,102.72107751411774,one shared preloaded model
conv-26-qa-194,lalm,2.801902512557955,9.260800001356984,90.3721750000841,102.43487751399904,one shared preloaded model
conv-26-qa-195,lalm,2.801902512557955,5.778400000053807,90.3721750000841,98.95247751269586,one shared preloaded model
conv-26-qa-196,lalm,2.801902512557955,6.879299999127397,112.00753333347772,121.68873584516308,one shared preloaded model
conv-26-qa-197,lalm,2.801902512557955,9.407999999893946,112.00753333347772,124.21743584592963,one shared preloaded model
conv-26-qa-198,lalm,2.801902512557955,9.681100000307197,112.00753333347772,124.49053584634288,one shared preloaded model
conv-30-qa-0,lalm,3.822446666665547,6.838100000095437,146.81414999995468,157.47469666671566,one shared preloaded model
conv-30-qa-1,lalm,3.822446666665547,9.886300000289339,146.81414999995468,160.52289666690956,one shared preloaded model
conv-30-qa-2,lalm,3.822446666665547,9.223999999449006,146.81414999995468,159.86059666606923,one shared preloaded model
conv-30-qa-3,lalm,3.822446666665547,7.176899998739827,146.81414999995468,157.81349666536005,one shared preloaded model
conv-30-qa-4,lalm,3.822446666665547,6.69960000050196,124.64597500002128,135.16802166718878,one shared preloaded model
conv-30-qa-5,lalm,3.822446666665547,9.499499999947147,124.64597500002128,137.96792166663397,one shared preloaded model
conv-30-qa-6,lalm,3.822446666665547,10.016000000177883,124.64597500002128,138.4844216668647,one shared preloaded model
conv-30-qa-7,lalm,3.822446666665547,9.098999998968793,124.64597500002128,137.56742166565562,one shared preloaded model
conv-30-qa-8,lalm,3.822446666665547,6.211300000359188,109.54630000014731,119.58004666717204,one shared preloaded model
conv-30-qa-9,lalm,3.822446666665547,7.460499999069725,109.54630000014731,120.82924666588258,one shared preloaded model
conv-30-qa-10,lalm,3.822446666665547,6.487400001788046,109.54630000014731,119.8561466686009,one shared preloaded model
conv-30-qa-11,lalm,3.822446666665547,6.639799999902607,109.54630000014731,120.00854666671546,one shared preloaded model
conv-30-qa-12,lalm,3.822446666665547,6.2425000014627585,147.45132500002,157.5162716681483,one shared preloaded model
conv-30-qa-13,lalm,3.822446666665547,9.309400000347523,147.45132500002,160.58317166703307,one shared preloaded model
conv-30-qa-14,lalm,3.822446666665547,9.756699999343255,147.45132500002,161.0304716660288,one shared preloaded model
conv-30-qa-15,lalm,3.822446666665547,10.885600000619888,147.45132500002,162.15937166730544,one shared preloaded model
conv-30-qa-16,lalm,3.822446666665547,6.5365999998903135,190.37542499972915,200.734471666285,one shared preloaded model
conv-30-qa-17,lalm,3.822446666665547,9.77230000171403,190.37542499972915,203.97017166810872,one shared preloaded model
conv-30-qa-18,lalm,3.822446666665547,9.584900000845664,190.37542499972915,203.78277166724035,one shared preloaded model
conv-30-qa-19,lalm,3.822446666665547,7.978699999512173,190.37542499972915,202.17657166590686,one shared preloaded model
conv-30-qa-20,lalm,3.822446666665547,6.2605000002804445,161.56455000009373,171.64749666703972,one shared preloaded model
conv-30-qa-21,lalm,3.822446666665547,10.139199999684934,161.56455000009373,175.5261966664442,one shared preloaded model
conv-30-qa-22,lalm,3.822446666665547,10.147999999389867,161.56455000009373,175.53499666614914,one shared preloaded model
conv-30-qa-23,lalm,3.822446666665547,9.507200000371085,161.56455000009373,174.89419666713036,one shared preloaded model
conv-30-qa-24,lalm,3.822446666665547,6.497399999716436,155.9573999998065,166.2772466661885,one shared preloaded model
conv-30-qa-25,lalm,3.822446666665547,9.81849999880069,155.9573999998065,169.59834666527274,one shared preloaded model
conv-30-qa-26,lalm,3.822446666665547,9.122499999648426,155.9573999998065,168.90234666612048,one shared preloaded model
conv-30-qa-27,lalm,3.822446666665547,9.304499999416294,155.9573999998065,169.08434666588835,one shared preloaded model
conv-30-qa-28,lalm,3.822446666665547,6.723500000589411,116.9365249998009,127.48247166705585,one shared preloaded model
conv-30-qa-29,lalm,3.822446666665547,10.067100000014761,116.9365249998009,130.8260716664812,one shared preloaded model
conv-30-qa-30,lalm,3.822446666665547,9.566900000208989,116.9365249998009,130.32587166667543,one shared preloaded model
conv-30-qa-31,lalm,3.822446666665547,9.15530000020226,116.9365249998009,129.9142716666687,one shared preloaded model
conv-30-qa-32,lalm,3.822446666665547,6.011699999362463,113.69042500018622,123.52457166621423,one shared preloaded model
conv-30-qa-33,lalm,3.822446666665547,5.503099999259575,113.69042500018622,123.01597166611134,one shared preloaded model
conv-30-qa-34,lalm,3.822446666665547,6.31729999986419,113.69042500018622,123.83017166671596,one shared preloaded model
conv-30-qa-35,lalm,3.822446666665547,9.613100000933628,113.69042500018622,127.1259716677854,one shared preloaded model
conv-30-qa-36,lalm,3.822446666665547,6.410799998775474,162.33492500032298,172.568171665764,one shared preloaded model
conv-30-qa-37,lalm,3.822446666665547,9.759100001247134,162.33492500032298,175.91647166823566,one shared preloaded model
conv-30-qa-38,lalm,3.822446666665547,9.596199999577948,162.33492500032298,175.75357166656647,one shared preloaded model
conv-30-qa-39,lalm,3.822446666665547,9.182300000247778,162.33492500032298,175.3396716672363,one shared preloaded model
conv-30-qa-40,lalm,3.822446666665547,6.751300001269556,91.79692499992598,102.37067166786107,one shared preloaded model
conv-30-qa-41,lalm,3.822446666665547,9.994500000175321,91.79692499992598,105.61387166676684,one shared preloaded model
conv-30-qa-42,lalm,3.822446666665547,9.785799999008304,91.79692499992598,105.40517166559982,one shared preloaded model
conv-30-qa-43,lalm,3.822446666665547,9.303999999247026,91.79692499992598,104.92337166583854,one shared preloaded model
conv-30-qa-44,lalm,3.822446666665547,5.864299999302602,134.10069999963525,143.7874466656034,one shared preloaded model
conv-30-qa-45,lalm,3.822446666665547,6.794799999624956,134.10069999963525,144.71794666592575,one shared preloaded model
conv-30-qa-46,lalm,3.822446666665547,6.187700000737095,134.10069999963525,144.1108466670379,one shared preloaded model
conv-30-qa-47,lalm,3.822446666665547,6.440199998905882,134.10069999963525,144.36334666520668,one shared preloaded model
conv-30-qa-48,lalm,3.822446666665547,6.329199999527191,214.34662499996193,224.49827166615466,one shared preloaded model
conv-30-qa-49,lalm,3.822446666665547,7.394799999019597,214.34662499996193,225.56387166564707,one shared preloaded model
conv-30-qa-50,lalm,3.822446666665547,9.193100000629784,214.34662499996193,227.36217166725726,one shared preloaded model
conv-30-qa-51,lalm,3.822446666665547,9.4530999995186,214.34662499996193,227.62217166614607,one shared preloaded model
conv-30-qa-52,lalm,3.822446666665547,6.130199999461183,289.4470250002996,299.39967166642634,one shared preloaded model
conv-30-qa-53,lalm,3.822446666665547,10.004300000218791,289.4470250002996,303.27377166718395,one shared preloaded model
conv-30-qa-54,lalm,3.822446666665547,9.430899999642861,289.4470250002996,302.700371666608,one shared preloaded model
conv-30-qa-55,lalm,3.822446666665547,9.124500000325497,289.4470250002996,302.39397166729066,one shared preloaded model
conv-30-qa-56,lalm,3.822446666665547,6.687299999612151,179.52267500004382,190.0324216663215,one shared preloaded model
conv-30-qa-57,lalm,3.822446666665547,5.240399999820511,179.52267500004382,188.58552166652987,one shared preloaded model
conv-30-qa-58,lalm,3.822446666665547,5.16799999968498,179.52267500004382,188.51312166639434,one shared preloaded model
conv-30-qa-59,lalm,3.822446666665547,6.648199998380733,179.52267500004382,189.9933216650901,one shared preloaded model
conv-30-qa-60,lalm,3.822446666665547,7.18589999996766,113.80199999985052,124.81034666648372,one shared preloaded model
conv-30-qa-61,lalm,3.822446666665547,9.71660000141128,113.80199999985052,127.34104666792734,one shared preloaded model
conv-30-qa-62,lalm,3.822446666665547,9.673700000348617,113.80199999985052,127.29814666686468,one shared preloaded model
conv-30-qa-63,lalm,3.822446666665547,9.759299999132054,113.80199999985052,127.38374666564812,one shared preloaded model
conv-30-qa-64,lalm,3.822446666665547,7.36010000036913,97.66620000027615,108.84874666731082,one shared preloaded model
conv-30-qa-65,lalm,3.822446666665547,9.843300000284216,97.66620000027615,111.3319466672259,one shared preloaded model
conv-30-qa-66,lalm,3.822446666665547,9.410399999978836,97.66620000027615,110.89904666692053,one shared preloaded model
conv-30-qa-67,lalm,3.822446666665547,9.95390000025509,97.66620000027615,111.44254666719678,one shared preloaded model
conv-30-qa-68,lalm,3.822446666665547,6.43109999873559,156.532850000076,166.78639666547713,one shared preloaded model
conv-30-qa-69,lalm,3.822446666665547,6.809900000007474,156.532850000076,167.165196666749,one shared preloaded model
conv-30-qa-70,lalm,3.822446666665547,6.5459000015835045,156.532850000076,166.90119666832504,one shared preloaded model
conv-30-qa-71,lalm,3.822446666665547,5.890299999009585,156.532850000076,166.24559666575112,one shared preloaded model
conv-30-qa-72,lalm,3.822446666665547,6.269999999858555,219.75350000002436,229.84594666654846,one shared preloaded model
conv-30-qa-73,lalm,3.822446666665547,9.601300000213087,219.75350000002436,233.177246666903,one shared preloaded model
conv-30-qa-74,lalm,3.822446666665547,9.948599999916041,219.75350000002436,233.52454666660594,one shared preloaded model
conv-30-qa-75,lalm,3.822446666665547,9.62930000059714,219.75350000002436,233.20524666728704,one shared preloaded model
conv-30-qa-76,lalm,3.822446666665547,6.054499999663676,131.16820000004736,141.04514666637658,one shared preloaded model
conv-30-qa-77,lalm,3.822446666665547,6.54220000069472,131.16820000004736,141.53284666740763,one shared preloaded model
conv-30-qa-78,lalm,3.822446666665547,6.323900001007132,131.16820000004736,141.31454666772004,one shared preloaded model
conv-30-qa-79,lalm,3.822446666665547,5.8988000000681495,131.16820000004736,140.88944666678105,one shared preloaded model
conv-30-qa-80,lalm,3.822446666665547,6.495100000392995,141.2630499999068,151.58059666696533,one shared preloaded model
conv-30-qa-81,lalm,3.822446666665547,9.792900000320515,141.2630499999068,154.87839666689285,one shared preloaded model
conv-30-qa-82,lalm,3.822446666665547,9.462399999392801,141.2630499999068,154.54789666596514,one shared preloaded model
conv-30-qa-83,lalm,3.822446666665547,9.581300000718329,141.2630499999068,154.66679666729067,one shared preloaded model
conv-30-qa-84,lalm,3.822446666665547,6.461400000262074,120.06762500004697,130.3514716669746,one shared preloaded model
conv-30-qa-85,lalm,3.822446666665547,9.952399999747286,120.06762500004697,133.8424716664598,one shared preloaded model
conv-30-qa-86,lalm,3.822446666665547,8.524799999577226,120.06762500004697,132.41487166628974,one shared preloaded model
conv-30-qa-87,lalm,3.822446666665547,6.918799999766634,120.06762500004697,130.80887166647915,one shared preloaded model
conv-30-qa-88,lalm,3.822446666665547,6.589100001292536,75.75739999992948,86.16894666788755,one shared preloaded model
conv-30-qa-89,lalm,3.822446666665547,6.199299999934738,75.75739999992948,85.77914666652975,one shared preloaded model
conv-30-qa-90,lalm,3.822446666665547,5.91569999960484,75.75739999992948,85.49554666619986,one shared preloaded model
conv-30-qa-91,lalm,3.822446666665547,6.677599998511141,75.75739999992948,86.25744666510616,one shared preloaded model
conv-30-qa-92,lalm,3.822446666665547,6.682100000034552,99.77412499983984,110.27867166653994,one shared preloaded model
conv-30-qa-93,lalm,3.822446666665547,9.499800000412506,99.77412499983984,113.09637166691789,one shared preloaded model
conv-30-qa-94,lalm,3.822446666665547,9.979000000384985,99.77412499983984,113.57557166689037,one shared preloaded model
conv-30-qa-95,lalm,3.822446666665547,9.288899998864508,99.77412499983984,112.88547166536989,one shared preloaded model
conv-30-qa-96,lalm,3.822446666665547,7.204999999885331,130.59372499992605,141.62117166647693,one shared preloaded model
conv-30-qa-97,lalm,3.822446666665547,10.071000000607455,130.59372499992605,144.48717166719905,one shared preloaded model
conv-30-qa-98,lalm,3.822446666665547,9.227299999110983,130.59372499992605,143.64347166570258,one shared preloaded model
conv-30-qa-99,lalm,3.822446666665547,9.17959999969753,130.59372499992605,143.59577166628912,one shared preloaded model
conv-30-qa-100,lalm,3.822446666665547,6.452999999964959,73.72702500015293,84.00247166678344,one shared preloaded model
conv-30-qa-101,lalm,3.822446666665547,11.33999999910884,73.72702500015293,88.88947166592732,one shared preloaded model
conv-30-qa-102,lalm,3.822446666665547,9.899099999529426,73.72702500015293,87.4485716663479,one shared preloaded model
conv-30-qa-103,lalm,3.822446666665547,9.550400000080117,73.72702500015293,87.0998716668986,one shared preloaded model
conv-30-qa-104,lalm,3.822446666665547,5.97379999999248,172.00950000005832,181.80574666671635,one shared preloaded model
conv-41-qa-0,lalm,3.808739378240754,8.438200000455254,82.75419999972655,95.00113937842256,one shared preloaded model
conv-41-qa-1,lalm,3.808739378240754,9.432400000150665,82.75419999972655,95.99533937811798,one shared preloaded model
conv-41-qa-2,lalm,3.808739378240754,9.91960000101244,82.75419999972655,96.48253937897975,one shared preloaded model
conv-41-qa-3,lalm,3.808739378240754,9.184599999571219,82.75419999972655,95.74753937753853,one shared preloaded model
conv-41-qa-4,lalm,3.808739378240754,6.720400000631344,147.44342499989216,157.97256437876425,one shared preloaded model
conv-41-qa-5,lalm,3.808739378240754,9.698599998955615,147.44342499989216,160.95076437708852,one shared preloaded model
conv-41-qa-6,lalm,3.808739378240754,9.441799998967326,147.44342499989216,160.69396437710023,one shared preloaded model
conv-41-qa-7,lalm,3.808739378240754,9.400699998877826,147.44342499989216,160.65286437701073,one shared preloaded model
conv-41-qa-8,lalm,3.808739378240754,6.163899999592104,153.8583500000641,163.83098937789694,one shared preloaded model
conv-41-qa-9,lalm,3.808739378240754,10.150399999474757,153.8583500000641,167.8174893777796,one shared preloaded model
conv-41-qa-10,lalm,3.808739378240754,10.680999999749474,153.8583500000641,168.3480893780543,one shared preloaded model
conv-41-qa-11,lalm,3.808739378240754,9.527400001388742,153.8583500000641,167.19448937969358,one shared preloaded model
conv-41-qa-12,lalm,3.808739378240754,6.3057999996090075,132.54217500025334,142.6567143781031,one shared preloaded model
conv-41-qa-13,lalm,3.808739378240754,9.945199999492615,132.54217500025334,146.2961143779867,one shared preloaded model
conv-41-qa-14,lalm,3.808739378240754,9.477800000240677,132.54217500025334,145.82871437873476,one shared preloaded model
conv-41-qa-15,lalm,3.808739378240754,9.393599999384605,132.54217500025334,145.7445143778787,one shared preloaded model
conv-41-qa-16,lalm,3.808739378240754,6.448300000556628,148.67447500000708,158.93151437880445,one shared preloaded model
conv-41-qa-17,lalm,3.808739378240754,6.048499999451451,148.67447500000708,158.53171437769927,one shared preloaded model
conv-41-qa-18,lalm,3.808739378240754,6.158899999718415,148.67447500000708,158.64211437796624,one shared preloaded model
conv-41-qa-19,lalm,3.808739378240754,7.589700000607991,148.67447500000708,160.0729143788558,one shared preloaded model
conv-41-qa-20,lalm,3.808739378240754,6.329900001219357,157.46835000027204,167.60698937973214,one shared preloaded model
conv-41-qa-21,lalm,3.808739378240754,10.465800000019954,157.46835000027204,171.74288937853274,one shared preloaded model
conv-41-qa-22,lalm,3.808739378240754,9.379499999340624,157.46835000027204,170.6565893778534,one shared preloaded model
conv-41-qa-23,lalm,3.808739378240754,9.028299999044975,157.46835000027204,170.30538937755776,one shared preloaded model
conv-41-qa-24,lalm,3.808739378240754,7.045700000162469,146.61699999987832,157.47143937828153,one shared preloaded model
conv-41-qa-25,lalm,3.808739378240754,9.560999998939224,146.61699999987832,159.98673937705829,one shared preloaded model
conv-41-qa-26,lalm,3.808739378240754,9.661699999924167,146.61699999987832,160.08743937804323,one shared preloaded model
conv-41-qa-27,lalm,3.808739378240754,9.132399998634355,146.61699999987832,159.55813937675342,one shared preloaded model
conv-41-qa-28,lalm,3.808739378240754,5.8976000000257045,120.32592500008832,130.03226437835477,one shared preloaded model
conv-41-qa-29,lalm,3.808739378240754,5.30820000130916,120.32592500008832,129.44286437963822,one shared preloaded model
conv-41-qa-30,lalm,3.808739378240754,6.654300001173397,120.32592500008832,130.78896437950246,one shared preloaded model
conv-41-qa-31,lalm,3.808739378240754,6.127299999207025,120.32592500008832,130.2619643775361,one shared preloaded model
conv-41-qa-32,lalm,3.808739378240754,6.656500001554377,92.82532499992158,103.29056437971671,one shared preloaded model
conv-41-qa-33,lalm,3.808739378240754,9.40929999887885,92.82532499992158,106.04336437704119,one shared preloaded model
conv-41-qa-34,lalm,3.808739378240754,9.870400001091184,92.82532499992158,106.50446437925352,one shared preloaded model
conv-41-qa-35,lalm,3.808739378240754,9.167199999865261,92.82532499992158,105.8012643780276,one shared preloaded model
conv-41-qa-36,lalm,3.808739378240754,6.327200000669109,160.0783499998215,170.21428937873137,one shared preloaded model
conv-41-qa-37,lalm,3.808739378240754,9.828500000367058,160.0783499998215,173.7155893784293,one shared preloaded model
conv-41-qa-38,lalm,3.808739378240754,9.677300000475952,160.0783499998215,173.5643893785382,one shared preloaded model
conv-41-qa-39,lalm,3.808739378240754,9.592299998985254,160.0783499998215,173.4793893770475,one shared preloaded model
conv-41-qa-40,lalm,3.808739378240754,6.009599999742932,111.04169999998703,120.86003937797072,one shared preloaded model
conv-41-qa-41,lalm,3.808739378240754,5.452200000945595,111.04169999998703,120.30263937917339,one shared preloaded model
conv-41-qa-42,lalm,3.808739378240754,9.589699999196455,111.04169999998703,124.44013937742425,one shared preloaded model
conv-41-qa-43,lalm,3.808739378240754,9.896700001263525,111.04169999998703,124.74713937949132,one shared preloaded model
conv-41-qa-44,lalm,3.808739378240754,8.93020000148681,247.80077500008701,260.5397143798146,one shared preloaded model
conv-41-qa-45,lalm,3.808739378240754,9.860899999694084,247.80077500008701,261.47041437802187,one shared preloaded model
conv-41-qa-46,lalm,3.808739378240754,9.304400000473834,247.80077500008701,260.9139143788016,one shared preloaded model
conv-41-qa-47,lalm,3.808739378240754,9.281600001486368,247.80077500008701,260.89111437981416,one shared preloaded model
conv-41-qa-48,lalm,3.808739378240754,6.799700000556186,154.1576750000786,164.76611437887553,one shared preloaded model
conv-41-qa-49,lalm,3.808739378240754,9.996700000556302,154.1576750000786,167.96311437887564,one shared preloaded model
conv-41-qa-50,lalm,3.808739378240754,9.434199999304838,154.1576750000786,167.40061437762418,one shared preloaded model
conv-41-qa-51,lalm,3.808739378240754,9.566200000335812,154.1576750000786,167.53261437865515,one shared preloaded model
conv-41-qa-52,lalm,3.808739378240754,9.043000000019674,178.9915250001286,191.84326437838902,one shared preloaded model
conv-41-qa-53,lalm,3.808739378240754,9.827300000324612,178.9915250001286,192.62756437869396,one shared preloaded model
conv-41-qa-54,lalm,3.808739378240754,9.619099999326863,178.9915250001286,192.4193643776962,one shared preloaded model
conv-41-qa-55,lalm,3.808739378240754,9.336099999927683,178.9915250001286,192.13636437829703,one shared preloaded model
conv-41-qa-56,lalm,3.808739378240754,6.242800000109128,166.9048250000742,176.95636437842407,one shared preloaded model
conv-41-qa-57,lalm,3.808739378240754,9.415599999556434,166.9048250000742,180.12916437787138,one shared preloaded model
conv-41-qa-58,lalm,3.808739378240754,10.17380000121193,166.9048250000742,180.88736437952687,one shared preloaded model
conv-41-qa-59,lalm,3.808739378240754,5.8845000003202586,166.9048250000742,176.5980643786352,one shared preloaded model
conv-41-qa-60,lalm,3.808739378240754,5.989200000840356,80.5648000000474,90.36273937912851,one shared preloaded model
conv-41-qa-61,lalm,3.808739378240754,5.145600000105333,80.5648000000474,89.51913937839349,one shared preloaded model
conv-41-qa-62,lalm,3.808739378240754,5.969300000288058,80.5648000000474,90.34283937857622,one shared preloaded model
conv-41-qa-63,lalm,3.808739378240754,6.381799999871873,80.5648000000474,90.75533937816003,one shared preloaded model
conv-41-qa-64,lalm,3.808739378240754,6.066899999495945,261.22604999955,271.10168937728673,one shared preloaded model
conv-41-qa-65,lalm,3.808739378240754,5.291999999826658,261.22604999955,270.32678937761744,one shared preloaded model
conv-41-qa-66,lalm,3.808739378240754,6.643400000029942,261.22604999955,271.67818937782073,one shared preloaded model
conv-41-qa-67,lalm,3.808739378240754,6.761300001016934,261.22604999955,271.7960893788077,one shared preloaded model
conv-41-qa-68,lalm,3.808739378240754,6.233800000700285,81.90212499994232,91.94466437888336,one shared preloaded model
conv-41-qa-69,lalm,3.808739378240754,5.639200000587152,81.90212499994232,91.35006437877023,one shared preloaded model
conv-41-qa-70,lalm,3.808739378240754,7.08660000054806,81.90212499994232,92.79746437873114,one shared preloaded model
conv-41-qa-71,lalm,3.808739378240754,9.773600000698934,81.90212499994232,95.48446437888201,one shared preloaded model
conv-41-qa-72,lalm,3.808739378240754,6.972799999857671,132.59850000031292,143.38003937841134,one shared preloaded model
conv-41-qa-73,lalm,3.808739378240754,9.678700000222307,132.59850000031292,146.08593937877598,one shared preloaded model
conv-41-qa-74,lalm,3.808739378240754,9.865099998933147,132.59850000031292,146.27233937748682,one shared preloaded model
conv-41-qa-75,lalm,3.808739378240754,9.190499999021995,132.59850000031292,145.59773937757566,one shared preloaded model
conv-41-qa-76,lalm,3.808739378240754,6.653800001004129,90.2793750001365,100.74191437938138,one shared preloaded model
conv-41-qa-77,lalm,3.808739378240754,7.16899999861198,90.2793750001365,101.25711437698924,one shared preloaded model
conv-41-qa-78,lalm,3.808739378240754,6.633400000282563,90.2793750001365,100.72151437865982,one shared preloaded model
conv-41-qa-79,lalm,3.808739378240754,5.895899999813992,90.2793750001365,99.98401437819125,one shared preloaded model
conv-41-qa-80,lalm,3.808739378240754,6.90039999972214,104.97487500015268,115.68401437811558,one shared preloaded model
conv-41-qa-81,lalm,3.808739378240754,10.473000000274624,104.97487500015268,119.25661437866806,one shared preloaded model
conv-41-qa-82,lalm,3.808739378240754,9.108000000196625,104.97487500015268,117.89161437859006,one shared preloaded model
conv-41-qa-83,lalm,3.808739378240754,8.885299999747076,104.97487500015268,117.66891437814051,one shared preloaded model
conv-41-qa-84,lalm,3.808739378240754,9.01500000145461,112.11467500015715,124.93841437985252,one shared preloaded model
conv-41-qa-85,lalm,3.808739378240754,9.744099999807077,112.11467500015715,125.66751437820498,one shared preloaded model
conv-41-qa-86,lalm,3.808739378240754,10.72819999899366,112.11467500015715,126.65161437739157,one shared preloaded model
conv-41-qa-87,lalm,3.808739378240754,10.571299999355688,112.11467500015715,126.4947143777536,one shared preloaded model
conv-41-qa-88,lalm,3.808739378240754,5.970600001091952,165.155225000035,174.93456437936769,one shared preloaded model
conv-41-qa-89,lalm,3.808739378240754,9.55229999999574,165.155225000035,178.51626437827147,one shared preloaded model
conv-41-qa-90,lalm,3.808739378240754,10.011099999246653,165.155225000035,178.9750643775224,one shared preloaded model
conv-41-qa-91,lalm,3.808739378240754,9.630999998989864,165.155225000035,178.5949643772656,one shared preloaded model
conv-41-qa-92,lalm,3.808739378240754,6.874800001241965,97.8528250002455,108.53636437972823,one shared preloaded model
conv-41-qa-93,lalm,3.808739378240754,6.894099999044556,97.8528250002455,108.55566437753082,one shared preloaded model
conv-41-qa-94,lalm,3.808739378240754,6.542600000102539,97.8528250002455,108.2041643785888,one shared preloaded model
conv-41-qa-95,lalm,3.808739378240754,5.841199999849778,97.8528250002455,107.50276437833604,one shared preloaded model
conv-41-qa-96,lalm,3.808739378240754,6.472299999586539,120.60345000008965,130.88448937791694,one shared preloaded model
conv-41-qa-97,lalm,3.808739378240754,9.831299999859766,120.60345000008965,134.24348937819016,one shared preloaded model
conv-41-qa-98,lalm,3.808739378240754,9.81839999985823,120.60345000008965,134.23058937818863,one shared preloaded model
conv-41-qa-99,lalm,3.808739378240754,9.463099999265978,120.60345000008965,133.87528937759637,one shared preloaded model
conv-41-qa-100,lalm,3.808739378240754,7.219900000563939,92.26680000028864,103.29543937909334,one shared preloaded model
conv-41-qa-101,lalm,3.808739378240754,10.303900000508293,92.26680000028864,106.37943937903769,one shared preloaded model
conv-41-qa-102,lalm,3.808739378240754,10.579600000710343,92.26680000028864,106.65513937923974,one shared preloaded model
conv-41-qa-103,lalm,3.808739378240754,9.915600001477287,92.26680000028864,105.99113938000669,one shared preloaded model
conv-41-qa-104,lalm,3.808739378240754,6.456300001445925,204.74872500017227,215.01376437985894,one shared preloaded model
conv-41-qa-105,lalm,3.808739378240754,9.504800000286195,204.74872500017227,218.0622643786992,one shared preloaded model
conv-41-qa-106,lalm,3.808739378240754,10.35790000059933,204.74872500017227,218.91536437901235,one shared preloaded model
conv-41-qa-107,lalm,3.808739378240754,10.160200001337216,204.74872500017227,218.71766437975023,one shared preloaded model
conv-41-qa-108,lalm,3.808739378240754,6.334899999274057,351.04660000024523,361.19023937776007,one shared preloaded model
conv-41-qa-109,lalm,3.808739378240754,9.625599999708356,351.04660000024523,364.48093937819436,one shared preloaded model
conv-41-qa-110,lalm,3.808739378240754,9.432500000912114,351.04660000024523,364.2878393793981,one shared preloaded model
conv-41-qa-111,lalm,3.808739378240754,9.445199999390752,351.04660000024523,364.30053937787676,one shared preloaded model
conv-41-qa-112,lalm,3.808739378240754,6.231600000319304,120.51787499967759,130.55821437823764,one shared preloaded model
conv-41-qa-113,lalm,3.808739378240754,10.821200001373654,120.51787499967759,135.147814379292,one shared preloaded model
conv-41-qa-114,lalm,3.808739378240754,10.298599998350255,120.51787499967759,134.6252143762686,one shared preloaded model
conv-41-qa-115,lalm,3.808739378240754,9.725100000650855,120.51787499967759,134.0517143785692,one shared preloaded model
conv-41-qa-116,lalm,3.808739378240754,6.606200000533136,123.81395000011253,134.2288893788864,one shared preloaded model
conv-41-qa-117,lalm,3.808739378240754,10.204600001088693,123.81395000011253,137.82728937944196,one shared preloaded model
conv-41-qa-118,lalm,3.808739378240754,9.468799999012845,123.81395000011253,137.09148937736612,one shared preloaded model
conv-41-qa-119,lalm,3.808739378240754,10.086599999340251,123.81395000011253,137.70928937769352,one shared preloaded model
conv-41-qa-120,lalm,3.808739378240754,7.332399998631445,145.04262499985998,156.18376437673217,one shared preloaded model
conv-41-qa-121,lalm,3.808739378240754,7.746299999780604,145.04262499985998,156.59766437788133,one shared preloaded model
conv-41-qa-122,lalm,3.808739378240754,10.077799999635317,145.04262499985998,158.92916437773604,one shared preloaded model
conv-41-qa-123,lalm,3.808739378240754,8.05940000100236,145.04262499985998,156.91076437910309,one shared preloaded model
conv-41-qa-124,lalm,3.808739378240754,6.2331999997695675,137.205774999984,147.2477143779943,one shared preloaded model
conv-41-qa-125,lalm,3.808739378240754,6.796400000894209,137.205774999984,147.81091437911894,one shared preloaded model
conv-41-qa-126,lalm,3.808739378240754,6.158899999718415,137.205774999984,147.17341437794315,one shared preloaded model
conv-41-qa-127,lalm,3.808739378240754,6.970099999307422,137.205774999984,147.98461437753215,one shared preloaded model
conv-41-qa-128,lalm,3.808739378240754,6.1492000004363945,100.13340000023163,110.09133937890878,one shared preloaded model
conv-41-qa-129,lalm,3.808739378240754,6.044999998266576,100.13340000023163,109.98713937673897,one shared preloaded model
conv-41-qa-130,lalm,3.808739378240754,5.771899999672314,100.13340000023163,109.7140393781447,one shared preloaded model
conv-41-qa-131,lalm,3.808739378240754,10.279299998728675,100.13340000023163,114.22143937720107,one shared preloaded model
conv-41-qa-132,lalm,3.808739378240754,6.462299999839161,166.27697500007343,176.54801437815334,one shared preloaded model
conv-41-qa-133,lalm,3.808739378240754,10.429200001453864,166.27697500007343,180.51491437976804,one shared preloaded model
conv-41-qa-134,lalm,3.808739378240754,9.964800001398544,166.27697500007343,180.05051437971272,one shared preloaded model
conv-41-qa-135,lalm,3.808739378240754,9.887300000627874,166.27697500007343,179.97301437894205,one shared preloaded model
conv-41-qa-136,lalm,3.808739378240754,6.68010000117647,184.01009999979578,194.498939379213,one shared preloaded model
conv-41-qa-137,lalm,3.808739378240754,5.291999999826658,184.01009999979578,193.1108393778632,one shared preloaded model
conv-41-qa-138,lalm,3.808739378240754,5.476800000906223,184.01009999979578,193.29563937894275,one shared preloaded model
conv-41-qa-139,lalm,3.808739378240754,7.147800000893767,184.01009999979578,194.9666393789303,one shared preloaded model
conv-41-qa-140,lalm,3.808739378240754,6.9496999985858565,142.36254999968878,153.12098937651538,one shared preloaded model
conv-41-qa-141,lalm,3.808739378240754,10.648499999660999,142.36254999968878,156.81978937759052,one shared preloaded model
conv-41-qa-142,lalm,3.808739378240754,6.489299999884679,142.36254999968878,152.6605893778142,one shared preloaded model
conv-41-qa-143,lalm,3.808739378240754,5.504799999471288,142.36254999968878,151.6760893774008,one shared preloaded model
conv-41-qa-144,lalm,3.808739378240754,9.160899999187677,120.84007500016014,133.80971437758856,one shared preloaded model
conv-41-qa-145,lalm,3.808739378240754,5.778300001111347,120.84007500016014,130.42711437951223,one shared preloaded model
conv-41-qa-146,lalm,3.808739378240754,6.6788999993150355,120.84007500016014,131.32771437771592,one shared preloaded model
conv-41-qa-147,lalm,3.808739378240754,5.94460000138497,120.84007500016014,130.59341437978586,one shared preloaded model
conv-41-qa-148,lalm,3.808739378240754,6.478500001321663,116.89072499984832,127.17796437941074,one shared preloaded model
conv-41-qa-149,lalm,3.808739378240754,9.350600001198472,116.89072499984832,130.05006437928753,one shared preloaded model
conv-41-qa-150,lalm,3.808739378240754,9.625900000173715,116.89072499984832,130.32536437826278,one shared preloaded model
conv-41-qa-151,lalm,3.808739378240754,9.837899999183719,116.89072499984832,130.53736437727278,one shared preloaded model
conv-41-qa-152,lalm,3.808739378240754,5.8434000002307585,84.68765000043277,94.33978937890429,one shared preloaded model
conv-41-qa-153,lalm,3.808739378240754,5.817400000523776,84.68765000043277,94.3137893791973,one shared preloaded model
conv-41-qa-154,lalm,3.808739378240754,6.298900001638685,84.68765000043277,94.79528938031221,one shared preloaded model
conv-41-qa-155,lalm,3.808739378240754,5.973199999061762,84.68765000043277,94.46958937773529,one shared preloaded model
conv-41-qa-156,lalm,3.808739378240754,6.350100000418024,86.40187499986496,96.56071437852374,one shared preloaded model
conv-41-qa-157,lalm,3.808739378240754,10.320199999114266,86.40187499986496,100.53081437721998,one shared preloaded model
conv-41-qa-158,lalm,3.808739378240754,9.364800000184914,86.40187499986496,99.57541437829063,one shared preloaded model
conv-41-qa-159,lalm,3.808739378240754,9.968899999876157,86.40187499986496,100.17951437798187,one shared preloaded model
conv-41-qa-160,lalm,3.808739378240754,7.263199999215431,136.38842499995008,147.46036437740625,one shared preloaded model
conv-41-qa-161,lalm,3.808739378240754,9.565899999870453,136.38842499995008,149.76306437806127,one shared preloaded model
conv-41-qa-162,lalm,3.808739378240754,9.442299999136594,136.38842499995008,149.6394643773274,one shared preloaded model
conv-41-qa-163,lalm,3.808739378240754,8.928900000682916,136.38842499995008,149.12606437887374,one shared preloaded model
conv-41-qa-164,lalm,3.808739378240754,6.81819999954314,165.94362500018178,176.57056437796567,one shared preloaded model
conv-41-qa-165,lalm,3.808739378240754,10.247199999867007,165.94362500018178,179.99956437828953,one shared preloaded model
conv-41-qa-166,lalm,3.808739378240754,10.059899999760091,165.94362500018178,179.81226437818262,one shared preloaded model
conv-41-qa-167,lalm,3.808739378240754,9.88610000058543,165.94362500018178,179.63846437900796,one shared preloaded model
conv-41-qa-168,lalm,3.808739378240754,6.274100000155158,200.78242500039778,210.86526437879368,one shared preloaded model
conv-41-qa-169,lalm,3.808739378240754,5.376200000682729,200.78242500039778,209.96736437932125,one shared preloaded model
conv-41-qa-170,lalm,3.808739378240754,5.274799999824609,200.78242500039778,209.86596437846313,one shared preloaded model
conv-41-qa-171,lalm,3.808739378240754,6.024599999364,200.78242500039778,210.61576437800252,one shared preloaded model
conv-41-qa-172,lalm,3.808739378240754,6.476500000644592,99.25349999957689,109.53873937846224,one shared preloaded model
conv-41-qa-173,lalm,3.808739378240754,10.066099999676226,99.25349999957689,113.12833937749387,one shared preloaded model
conv-41-qa-174,lalm,3.808739378240754,9.718700001030811,99.25349999957689,112.78093937884846,one shared preloaded model
conv-41-qa-175,lalm,3.808739378240754,9.377599999425001,99.25349999957689,112.43983937724265,one shared preloaded model
conv-41-qa-176,lalm,3.808739378240754,7.86080000034417,99.46545000002516,111.13498937861009,one shared preloaded model
conv-41-qa-177,lalm,3.808739378240754,5.4555999995500315,99.46545000002516,108.72978937781595,one shared preloaded model
conv-41-qa-178,lalm,3.808739378240754,5.307100000209175,99.46545000002516,108.58128937847509,one shared preloaded model
conv-41-qa-179,lalm,3.808739378240754,6.3241000007110415,99.46545000002516,109.59828937897696,one shared preloaded model
conv-41-qa-180,lalm,3.808739378240754,6.9471999995585065,85.38412500001868,96.14006437781795,one shared preloaded model
conv-41-qa-181,lalm,3.808739378240754,9.669299999586656,85.38412500001868,98.8621643778461,one shared preloaded model
conv-41-qa-182,lalm,3.808739378240754,11.502600000312668,85.38412500001868,100.69546437857211,one shared preloaded model
conv-41-qa-183,lalm,3.808739378240754,10.56599999901664,85.38412500001868,99.75886437727608,one shared preloaded model
conv-41-qa-184,lalm,3.808739378240754,7.845499998438754,81.89110000012079,93.5453393768003,one shared preloaded model
conv-41-qa-185,lalm,3.808739378240754,10.008100000050035,81.89110000012079,95.70793937841158,one shared preloaded model
conv-41-qa-186,lalm,3.808739378240754,10.519699999349541,81.89110000012079,96.21953937771109,one shared preloaded model
conv-41-qa-187,lalm,3.808739378240754,9.549000000333763,81.89110000012079,95.24883937869531,one shared preloaded model
conv-41-qa-188,lalm,3.808739378240754,6.471200000305544,148.9689750001162,159.24891437866248,one shared preloaded model
conv-41-qa-189,lalm,3.808739378240754,10.612199999741279,148.9689750001162,163.3899143780982,one shared preloaded model
conv-41-qa-190,lalm,3.808739378240754,9.364099998492748,148.9689750001162,162.14181437684968,one shared preloaded model
conv-41-qa-191,lalm,3.808739378240754,9.163400000034017,148.9689750001162,161.94111437839095,one shared preloaded model
conv-41-qa-192,lalm,3.808739378240754,8.683800000653719,137.9333000004408,150.42583937933526,one shared preloaded model
conv-42-qa-0,lalm,2.4142769230750742,9.771400000317954,83.94562500006941,96.13130192346244,one shared preloaded model
conv-42-qa-1,lalm,2.4142769230750742,9.841099999903236,83.94562500006941,96.20100192304773,one shared preloaded model
conv-42-qa-2,lalm,2.4142769230750742,9.582699998645694,83.94562500006941,95.94260192179019,one shared preloaded model
conv-42-qa-3,lalm,2.4142769230750742,10.058199999548378,83.94562500006941,96.41810192269287,one shared preloaded model
conv-42-qa-4,lalm,2.4142769230750742,8.466899998893496,81.30967499982944,92.19085192179801,one shared preloaded model
conv-42-qa-5,lalm,2.4142769230750742,9.839799999099341,81.30967499982944,93.56375192200386,one shared preloaded model
conv-42-qa-6,lalm,2.4142769230750742,9.696199998870725,81.30967499982944,93.42015192177524,one shared preloaded model
conv-42-qa-7,lalm,2.4142769230750742,9.511399999610148,81.30967499982944,93.23535192251467,one shared preloaded model
conv-42-qa-8,lalm,2.4142769230750742,6.645600000410923,102.94119999980467,112.00107692329067,one shared preloaded model
conv-42-qa-9,lalm,2.4142769230750742,10.341999999582185,102.94119999980467,115.69747692246193,one shared preloaded model
conv-42-qa-10,lalm,2.4142769230750742,9.48930000049586,102.94119999980467,114.8447769233756,one shared preloaded model
conv-42-qa-11,lalm,2.4142769230750742,9.63659999979427,102.94119999980467,114.99207692267402,one shared preloaded model
conv-42-qa-12,lalm,2.4142769230750742,6.06790000165347,154.27577499986,162.75795192458855,one shared preloaded model
conv-42-qa-13,lalm,2.4142769230750742,5.010099999708473,154.27577499986,161.70015192264356,one shared preloaded model
conv-42-qa-14,lalm,2.4142769230750742,5.201600000873441,154.27577499986,161.89165192380852,one shared preloaded model
conv-42-qa-15,lalm,2.4142769230750742,7.7651999999943655,154.27577499986,164.45525192292945,one shared preloaded model
conv-42-qa-16,lalm,2.4142769230750742,6.8036000011488795,86.94807500023671,96.16595192446067,one shared preloaded model
conv-42-qa-17,lalm,2.4142769230750742,9.692199999335571,86.94807500023671,99.05455192264736,one shared preloaded model
conv-42-qa-18,lalm,2.4142769230750742,9.723600000143051,86.94807500023671,99.08595192345484,one shared preloaded model
conv-42-qa-19,lalm,2.4142769230750742,9.647400000176276,86.94807500023671,99.00975192348807,one shared preloaded model
conv-42-qa-20,lalm,2.4142769230750742,5.919899998843903,152.45212499985428,160.78630192177326,one shared preloaded model
conv-42-qa-21,lalm,2.4142769230750742,7.567399999970803,152.45212499985428,162.43380192290016,one shared preloaded model
conv-42-qa-22,lalm,2.4142769230750742,9.555599999657716,152.45212499985428,164.42200192258707,one shared preloaded model
conv-42-qa-23,lalm,2.4142769230750742,9.618899999622954,152.45212499985428,164.4853019225523,one shared preloaded model
conv-42-qa-24,lalm,2.4142769230750742,6.580100000064704,176.53870000003735,185.53307692317713,one shared preloaded model
conv-42-qa-25,lalm,2.4142769230750742,8.03259999884176,176.53870000003735,186.9855769219542,one shared preloaded model
conv-42-qa-26,lalm,2.4142769230750742,10.26339999953052,176.53870000003735,189.21637692264295,one shared preloaded model
conv-42-qa-27,lalm,2.4142769230750742,9.17239999944286,176.53870000003735,188.1253769225553,one shared preloaded model
conv-42-qa-28,lalm,2.4142769230750742,6.880200000523473,159.07044999994469,168.36492692354324,one shared preloaded model
conv-42-qa-29,lalm,2.4142769230750742,5.693899998732377,159.07044999994469,167.17862692175214,one shared preloaded model
conv-42-qa-30,lalm,2.4142769230750742,7.140899999285466,159.07044999994469,168.62562692230523,one shared preloaded model
conv-42-qa-31,lalm,2.4142769230750742,5.510000000867876,159.07044999994469,166.99472692388764,one shared preloaded model
conv-42-qa-32,lalm,2.4142769230750742,6.56890000027488,162.44075000031444,171.4239269236644,one shared preloaded model
conv-42-qa-33,lalm,2.4142769230750742,9.36080000064976,162.44075000031444,174.21582692403928,one shared preloaded model
conv-42-qa-34,lalm,2.4142769230750742,9.52789999973902,162.44075000031444,174.38292692312854,one shared preloaded model
conv-42-qa-35,lalm,2.4142769230750742,9.46010000006936,162.44075000031444,174.31512692345888,one shared preloaded model
conv-42-qa-36,lalm,2.4142769230750742,6.441199999244418,157.47417500006122,166.32965192238072,one shared preloaded model
conv-42-qa-37,lalm,2.4142769230750742,9.642900000471855,157.47417500006122,169.53135192360816,one shared preloaded model
conv-42-qa-38,lalm,2.4142769230750742,6.708499999149353,157.47417500006122,166.59695192228565,one shared preloaded model
conv-42-qa-39,lalm,2.4142769230750742,6.127399999968475,157.47417500006122,166.01585192310478,one shared preloaded model
conv-42-qa-40,lalm,2.4142769230750742,6.356500000038068,154.907699999967,163.67847692308015,one shared preloaded model
conv-42-qa-41,lalm,2.4142769230750742,5.603800000244519,154.907699999967,162.9257769232866,one shared preloaded model
conv-42-qa-42,lalm,2.4142769230750742,5.14370000018971,154.907699999967,162.4656769232318,one shared preloaded model
conv-42-qa-43,lalm,2.4142769230750742,6.144300001324154,154.907699999967,163.46627692436624,one shared preloaded model
conv-42-qa-44,lalm,2.4142769230750742,6.78909999987809,157.3413750002146,166.54475192316778,one shared preloaded model
conv-42-qa-45,lalm,2.4142769230750742,9.99509999928705,157.3413750002146,169.75075192257674,one shared preloaded model
conv-42-qa-46,lalm,2.4142769230750742,9.721200000058161,157.3413750002146,169.47685192334785,one shared preloaded model
conv-42-qa-47,lalm,2.4142769230750742,9.442000000490225,157.3413750002146,169.19765192377992,one shared preloaded model
conv-42-qa-48,lalm,2.4142769230750742,6.117099999755737,167.37627499969676,175.90765192252758,one shared preloaded model
conv-42-qa-49,lalm,2.4142769230750742,9.790099999008817,167.37627499969676,179.58065192178066,one shared preloaded model
conv-42-qa-50,lalm,2.4142769230750742,10.370900001362315,167.37627499969676,180.16145192413416,one shared preloaded model
conv-42-qa-51,lalm,2.4142769230750742,9.083400000235997,167.37627499969676,178.87395192300784,one shared preloaded model
conv-42-qa-52,lalm,2.4142769230750742,6.988900000578724,160.5093000002853,169.9124769239391,one shared preloaded model
conv-42-qa-53,lalm,2.4142769230750742,9.945499999957974,160.5093000002853,172.86907692331835,one shared preloaded model
conv-42-qa-54,lalm,2.4142769230750742,9.745200000907062,160.5093000002853,172.66877692426743,one shared preloaded model
conv-42-qa-55,lalm,2.4142769230750742,7.411700000375276,160.5093000002853,170.33527692373565,one shared preloaded model
conv-42-qa-56,lalm,2.4142769230750742,6.72130000020843,83.54132500016931,92.67690192345282,one shared preloaded model
conv-42-qa-57,lalm,2.4142769230750742,10.498500001631328,83.54132500016931,96.45410192487572,one shared preloaded model
conv-42-qa-58,lalm,2.4142769230750742,9.61999999890395,83.54132500016931,95.57560192214834,one shared preloaded model
conv-42-qa-59,lalm,2.4142769230750742,9.161800000583753,83.54132500016931,95.11740192382814,one shared preloaded model
conv-42-qa-60,lalm,2.4142769230750742,6.805700000768411,82.76717499984443,91.98715192368792,one shared preloaded model
conv-42-qa-61,lalm,2.4142769230750742,9.56150000092748,82.76717499984443,94.74295192384699,one shared preloaded model
conv-42-qa-62,lalm,2.4142769230750742,9.51359999999113,82.76717499984443,94.69505192291064,one shared preloaded model
conv-42-qa-63,lalm,2.4142769230750742,9.268199999496574,82.76717499984443,94.44965192241608,one shared preloaded model
conv-42-qa-64,lalm,2.4142769230750742,7.887399999162881,164.50774999975692,174.80942692199488,one shared preloaded model
conv-42-qa-65,lalm,2.4142769230750742,9.942399999999907,164.50774999975692,176.8644269228319,one shared preloaded model
conv-42-qa-66,lalm,2.4142769230750742,9.63210000008985,164.50774999975692,176.55412692292185,one shared preloaded model
conv-42-qa-67,lalm,2.4142769230750742,9.720200001538615,164.50774999975692,176.64222692437062,one shared preloaded model
conv-42-qa-68,lalm,2.4142769230750742,6.1076000001776265,110.09550000017043,118.61737692342314,one shared preloaded model
conv-42-qa-69,lalm,2.4142769230750742,9.714499999972759,110.09550000017043,122.22427692321827,one shared preloaded model
conv-42-qa-70,lalm,2.4142769230750742,9.52280000092287,110.09550000017043,122.03257692416838,one shared preloaded model
conv-42-qa-71,lalm,2.4142769230750742,9.435799998755101,110.09550000017043,121.94557692200061,one shared preloaded model
conv-42-qa-72,lalm,2.4142769230750742,6.4443999999639345,195.00634999985778,203.8650269228968,one shared preloaded model
conv-42-qa-73,lalm,2.4142769230750742,9.787000000869739,195.00634999985778,207.2076269238026,one shared preloaded model
conv-42-qa-74,lalm,2.4142769230750742,9.276999999201507,195.00634999985778,206.69762692213436,one shared preloaded model
conv-42-qa-75,lalm,2.4142769230750742,9.66349999907834,195.00634999985778,207.0841269220112,one shared preloaded model
conv-42-qa-76,lalm,2.4142769230750742,6.578399999852991,169.2423750000671,178.23505192299518,one shared preloaded model
conv-42-qa-77,lalm,2.4142769230750742,9.91280000016559,169.2423750000671,181.56945192330778,one shared preloaded model
conv-42-qa-78,lalm,2.4142769230750742,9.710199999972247,169.2423750000671,181.36685192311444,one shared preloaded model
conv-42-qa-79,lalm,2.4142769230750742,9.398399999554385,169.2423750000671,181.05505192269658,one shared preloaded model
conv-42-qa-80,lalm,2.4142769230750742,6.329600000753999,247.02155000022685,255.76542692405593,one shared preloaded model
conv-42-qa-81,lalm,2.4142769230750742,9.474899999986519,247.02155000022685,258.91072692328845,one shared preloaded model
conv-42-qa-82,lalm,2.4142769230750742,8.060399999521906,247.02155000022685,257.49622692282384,one shared preloaded model
conv-42-qa-83,lalm,2.4142769230750742,10.109300001204247,247.02155000022685,259.5451269245062,one shared preloaded model
conv-42-qa-84,lalm,2.4142769230750742,6.853099999716505,120.76237499968556,130.02975192247715,one shared preloaded model
conv-42-qa-85,lalm,2.4142769230750742,10.055999999167398,120.76237499968556,133.23265192192804,one shared preloaded model
conv-42-qa-86,lalm,2.4142769230750742,9.82540000040899,120.76237499968556,133.00205192316963,one shared preloaded model
conv-42-qa-87,lalm,2.4142769230750742,9.766900000613532,120.76237499968556,132.94355192337417,one shared preloaded model
conv-42-qa-88,lalm,2.4142769230750742,6.258400000660913,113.30140000018218,121.97407692391818,one shared preloaded model
conv-42-qa-89,lalm,2.4142769230750742,8.775100001003011,113.30140000018218,124.49077692426027,one shared preloaded model
conv-42-qa-90,lalm,2.4142769230750742,6.204299999808427,113.30140000018218,121.91997692306569,one shared preloaded model
conv-42-qa-91,lalm,2.4142769230750742,5.9290000008331845,113.30140000018218,121.64467692409045,one shared preloaded model
conv-42-qa-92,lalm,2.4142769230750742,6.807699999626493,168.81345000001602,178.0354269227176,one shared preloaded model
conv-42-qa-93,lalm,2.4142769230750742,9.49390000096173,168.81345000001602,180.72162692405283,one shared preloaded model
conv-42-qa-94,lalm,2.4142769230750742,9.780100001080427,168.81345000001602,181.00782692417152,one shared preloaded model
conv-42-qa-95,lalm,2.4142769230750742,9.66320000043197,168.81345000001602,180.89092692352307,one shared preloaded model
conv-42-qa-96,lalm,2.4142769230750742,6.090699998821947,116.18627500001821,124.69125192191524,one shared preloaded model
conv-42-qa-97,lalm,2.4142769230750742,9.747199999765144,116.18627500001821,128.34775192285844,one shared preloaded model
conv-42-qa-98,lalm,2.4142769230750742,9.444799999982934,116.18627500001821,128.04535192307623,one shared preloaded model
conv-42-qa-99,lalm,2.4142769230750742,10.657099999662023,116.18627500001821,129.25765192275531,one shared preloaded model
conv-42-qa-100,lalm,2.4142769230750742,7.166299999880721,257.30730000032054,266.88787692327634,one shared preloaded model
conv-42-qa-101,lalm,2.4142769230750742,9.500000000116415,257.30730000032054,269.22157692351203,one shared preloaded model
conv-42-qa-102,lalm,2.4142769230750742,9.72390000060841,257.30730000032054,269.445476924004,one shared preloaded model
conv-42-qa-103,lalm,2.4142769230750742,9.901299999910407,257.30730000032054,269.622876923306,one shared preloaded model
conv-42-qa-104,lalm,2.4142769230750742,6.265100000746315,211.75067500007572,220.4300519238971,one shared preloaded model
conv-42-qa-105,lalm,2.4142769230750742,5.8238000001438195,211.75067500007572,219.98875192329461,one shared preloaded model
conv-42-qa-106,lalm,2.4142769230750742,8.474000000205706,211.75067500007572,222.6389519233565,one shared preloaded model
conv-42-qa-107,lalm,2.4142769230750742,9.30510000034701,211.75067500007572,223.4700519234978,one shared preloaded model
conv-42-qa-108,lalm,2.4142769230750742,6.661299999905168,81.97794999978214,91.05352692276239,one shared preloaded model
conv-42-qa-109,lalm,2.4142769230750742,6.416899999749148,81.97794999978214,90.80912692260637,one shared preloaded model
conv-42-qa-110,lalm,2.4142769230750742,5.932300000495161,81.97794999978214,90.32452692335238,one shared preloaded model
conv-42-qa-111,lalm,2.4142769230750742,5.964200001471909,81.97794999978214,90.35642692432913,one shared preloaded model
conv-42-qa-112,lalm,2.4142769230750742,6.235599999854458,114.01702499961175,122.66690192254129,one shared preloaded model
conv-42-qa-113,lalm,2.4142769230750742,10.279300000547664,114.01702499961175,126.71060192323449,one shared preloaded model
conv-42-qa-114,lalm,2.4142769230750742,9.87870000062685,114.01702499961175,126.31000192331368,one shared preloaded model
conv-42-qa-115,lalm,2.4142769230750742,9.122900000875234,114.01702499961175,125.55420192356206,one shared preloaded model
conv-42-qa-116,lalm,2.4142769230750742,6.347099999402417,225.71760000028007,234.47897692275757,one shared preloaded model
conv-42-qa-117,lalm,2.4142769230750742,10.148999999728403,225.71760000028007,238.28087692308355,one shared preloaded model
conv-42-qa-118,lalm,2.4142769230750742,9.912299999996321,225.71760000028007,238.04417692335147,one shared preloaded model
conv-42-qa-119,lalm,2.4142769230750742,9.925399999701767,225.71760000028007,238.05727692305692,one shared preloaded model
conv-42-qa-120,lalm,2.4142769230750742,7.138800001484924,162.1249249997163,171.67800192427632,one shared preloaded model
conv-42-qa-121,lalm,2.4142769230750742,9.613600001102895,162.1249249997163,174.1528019238943,one shared preloaded model
conv-42-qa-122,lalm,2.4142769230750742,9.673900000052527,162.1249249997163,174.21310192284392,one shared preloaded model
conv-42-qa-123,lalm,2.4142769230750742,9.052700001120684,162.1249249997163,173.59190192391208,one shared preloaded model
conv-42-qa-124,lalm,2.4142769230750742,6.753900001058355,223.7246499998946,232.89282692402804,one shared preloaded model
conv-42-qa-125,lalm,2.4142769230750742,8.612699999503093,223.7246499998946,234.75162692247278,one shared preloaded model
conv-42-qa-126,lalm,2.4142769230750742,9.737200000017765,223.7246499998946,235.87612692298745,one shared preloaded model
conv-42-qa-127,lalm,2.4142769230750742,9.145099998931983,223.7246499998946,235.28402692190167,one shared preloaded model
conv-42-qa-128,lalm,2.4142769230750742,6.548599998495774,109.42942500014397,118.39230192171482,one shared preloaded model
conv-42-qa-129,lalm,2.4142769230750742,10.027099999206257,109.42942500014397,121.8708019224253,one shared preloaded model
conv-42-qa-130,lalm,2.4142769230750742,10.037000000011176,109.42942500014397,121.88070192323022,one shared preloaded model
conv-42-qa-131,lalm,2.4142769230750742,9.279300000343937,109.42942500014397,121.12300192356298,one shared preloaded model
conv-42-qa-132,lalm,2.4142769230750742,6.053900000551948,81.60989999987578,90.0780769235028,one shared preloaded model
conv-42-qa-133,lalm,2.4142769230750742,8.883099999366095,81.60989999987578,92.90727692231695,one shared preloaded model
conv-42-qa-134,lalm,2.4142769230750742,6.720800000039162,81.60989999987578,90.74497692299002,one shared preloaded model
conv-42-qa-135,lalm,2.4142769230750742,6.125299998529954,81.60989999987578,90.14947692148081,one shared preloaded model
conv-42-qa-136,lalm,2.4142769230750742,6.720199999108445,90.2920250000534,99.42650192223692,one shared preloaded model
conv-42-qa-137,lalm,2.4142769230750742,9.735100000398234,90.2920250000534,102.44140192352671,one shared preloaded model
conv-42-qa-138,lalm,2.4142769230750742,9.408199999597855,90.2920250000534,102.11450192272633,one shared preloaded model
conv-42-qa-139,lalm,2.4142769230750742,9.334899999885238,90.2920250000534,102.04120192301372,one shared preloaded model
conv-42-qa-140,lalm,2.4142769230750742,7.1690999993734295,157.8924749996986,167.47585192214711,one shared preloaded model
conv-42-qa-141,lalm,2.4142769230750742,10.13980000061565,157.8924749996986,170.44655192338934,one shared preloaded model
conv-42-qa-142,lalm,2.4142769230750742,9.291000000303029,157.8924749996986,169.59775192307671,one shared preloaded model
conv-42-qa-143,lalm,2.4142769230750742,9.86190000003262,157.8924749996986,170.1686519228063,one shared preloaded model
conv-42-qa-144,lalm,2.4142769230750742,6.42130000051111,101.19797500010463,110.03355192369082,one shared preloaded model
conv-42-qa-145,lalm,2.4142769230750742,10.687699999834877,101.19797500010463,114.29995192301459,one shared preloaded model
conv-42-qa-146,lalm,2.4142769230750742,9.631599999920581,101.19797500010463,113.2438519231003,one shared preloaded model
conv-42-qa-147,lalm,2.4142769230750742,10.109800001373515,101.19797500010463,113.72205192455323,one shared preloaded model
conv-42-qa-148,lalm,2.4142769230750742,6.933200000275974,283.5657750001701,292.91325192352116,one shared preloaded model
conv-42-qa-149,lalm,2.4142769230750742,10.041100000307779,283.5657750001701,296.02115192355296,one shared preloaded model
conv-42-qa-150,lalm,2.4142769230750742,9.846599999946193,283.5657750001701,295.8266519231914,one shared preloaded model
conv-42-qa-151,lalm,2.4142769230750742,9.562499999447027,283.5657750001701,295.5425519226922,one shared preloaded model
conv-42-qa-152,lalm,2.4142769230750742,6.027499999618158,122.00750000010885,130.44927692280208,one shared preloaded model
conv-42-qa-153,lalm,2.4142769230750742,5.3907999990769895,122.00750000010885,129.81257692226092,one shared preloaded model
conv-42-qa-154,lalm,2.4142769230750742,6.558499999300693,122.00750000010885,130.98027692248462,one shared preloaded model
conv-42-qa-155,lalm,2.4142769230750742,6.1866000014561,122.00750000010885,130.60837692464003,one shared preloaded model
conv-42-qa-156,lalm,2.4142769230750742,6.573599999683211,123.56869999985065,132.55657692260894,one shared preloaded model
conv-42-qa-157,lalm,2.4142769230750742,7.110099999408703,123.56869999985065,133.09307692233443,one shared preloaded model
conv-42-qa-158,lalm,2.4142769230750742,6.6377000002830755,123.56869999985065,132.6206769232088,one shared preloaded model
conv-42-qa-159,lalm,2.4142769230750742,6.45520000034594,123.56869999985065,132.43817692327167,one shared preloaded model
conv-42-qa-160,lalm,2.4142769230750742,7.10109999999986,116.5461749997121,126.06155192278703,one shared preloaded model
conv-42-qa-161,lalm,2.4142769230750742,10.103099999469123,116.5461749997121,129.0635519222563,one shared preloaded model
conv-42-qa-162,lalm,2.4142769230750742,9.788100000150735,116.5461749997121,128.7485519229379,one shared preloaded model
conv-42-qa-163,lalm,2.4142769230750742,6.0076999998273095,116.5461749997121,124.96815192261448,one shared preloaded model
conv-42-qa-164,lalm,2.4142769230750742,6.495899999208632,343.35227499968823,352.26245192197194,one shared preloaded model
conv-42-qa-165,lalm,2.4142769230750742,10.664700001143501,343.35227499968823,356.4312519239068,one shared preloaded model
conv-42-qa-166,lalm,2.4142769230750742,9.971100000257138,343.35227499968823,355.73765192302045,one shared preloaded model
conv-42-qa-167,lalm,2.4142769230750742,8.33280000006198,343.35227499968823,354.0993519228253,one shared preloaded model
conv-42-qa-168,lalm,2.4142769230750742,8.72460000027786,355.94045000016195,367.0793269235149,one shared preloaded model
conv-42-qa-169,lalm,2.4142769230750742,5.265699999654316,355.94045000016195,363.62042692289134,one shared preloaded model
conv-42-qa-170,lalm,2.4142769230750742,5.91560000066238,355.94045000016195,364.2703269238994,one shared preloaded model
conv-42-qa-171,lalm,2.4142769230750742,9.792900000320515,355.94045000016195,368.14762692355754,one shared preloaded model
conv-42-qa-172,lalm,2.4142769230750742,6.21809999938705,96.18780000027982,104.82017692274195,one shared preloaded model
conv-42-qa-173,lalm,2.4142769230750742,6.257400000322377,96.18780000027982,104.85947692367728,one shared preloaded model
conv-42-qa-174,lalm,2.4142769230750742,5.498900000020512,96.18780000027982,104.10097692337541,one shared preloaded model
conv-42-qa-175,lalm,2.4142769230750742,5.203300001085154,96.18780000027982,103.80537692444005,one shared preloaded model
conv-42-qa-176,lalm,2.4142769230750742,6.378099998983089,117.24350000031336,126.03587692237153,one shared preloaded model
conv-42-qa-177,lalm,2.4142769230750742,5.400700001700898,117.24350000031336,125.05847692508934,one shared preloaded model
conv-42-qa-178,lalm,2.4142769230750742,5.781099998785066,117.24350000031336,125.4388769221735,one shared preloaded model
conv-42-qa-179,lalm,2.4142769230750742,6.472500001109438,117.24350000031336,126.13027692449788,one shared preloaded model
conv-42-qa-180,lalm,2.4142769230750742,6.818500000008498,123.0742999996437,132.30707692272728,one shared preloaded model
conv-42-qa-181,lalm,2.4142769230750742,10.647499999322463,123.0742999996437,136.13607692204124,one shared preloaded model
conv-42-qa-182,lalm,2.4142769230750742,10.533599999689613,123.0742999996437,136.0221769224084,one shared preloaded model
conv-42-qa-183,lalm,2.4142769230750742,9.954600000128266,123.0742999996437,135.44317692284704,one shared preloaded model
conv-42-qa-184,lalm,2.4142769230750742,6.716699999742559,88.96199999981036,98.092976922628,one shared preloaded model
conv-42-qa-185,lalm,2.4142769230750742,10.54669999939506,88.96199999981036,101.9229769222805,one shared preloaded model
conv-42-qa-186,lalm,2.4142769230750742,9.974599999623024,88.96199999981036,101.35087692250846,one shared preloaded model
conv-42-qa-187,lalm,2.4142769230750742,10.276599999997416,88.96199999981036,101.65287692288285,one shared preloaded model
conv-42-qa-188,lalm,2.4142769230750742,6.511499999760417,256.269274999795,265.1950519226305,one shared preloaded model
conv-42-qa-189,lalm,2.4142769230750742,9.990799999286537,256.269274999795,268.67435192215663,one shared preloaded model
conv-42-qa-190,lalm,2.4142769230750742,9.725699999762583,256.269274999795,268.4092519226327,one shared preloaded model
conv-42-qa-191,lalm,2.4142769230750742,10.012200000346638,256.269274999795,268.69575192321673,one shared preloaded model
conv-42-qa-192,lalm,2.4142769230750742,5.987100001220824,177.70552499996484,186.10690192426074,one shared preloaded model
conv-42-qa-193,lalm,2.4142769230750742,10.698100000809063,177.70552499996484,190.81790192384898,one shared preloaded model
conv-42-qa-194,lalm,2.4142769230750742,9.742899999764632,177.70552499996484,189.86270192280455,one shared preloaded model
conv-42-qa-195,lalm,2.4142769230750742,10.16669999989972,177.70552499996484,190.28650192293964,one shared preloaded model
conv-42-qa-196,lalm,2.4142769230750742,6.356699999741977,132.35730000042167,141.12827692323873,one shared preloaded model
conv-42-qa-197,lalm,2.4142769230750742,6.6234000005351845,132.35730000042167,141.39497692403194,one shared preloaded model
conv-42-qa-198,lalm,2.4142769230750742,6.453100000726408,132.35730000042167,141.22467692422316,one shared preloaded model
conv-42-qa-199,lalm,2.4142769230750742,6.264399999054149,132.35730000042167,141.0359769225509,one shared preloaded model
conv-42-qa-200,lalm,2.4142769230750742,6.882400000904454,81.22707500024262,90.52375192422215,one shared preloaded model
conv-42-qa-201,lalm,2.4142769230750742,9.862199998678989,81.22707500024262,93.50355192199669,one shared preloaded model
conv-42-qa-202,lalm,2.4142769230750742,9.702499999548309,81.22707500024262,93.34385192286601,one shared preloaded model
conv-42-qa-203,lalm,2.4142769230750742,9.416900000360329,81.22707500024262,93.05825192367803,one shared preloaded model
conv-42-qa-204,lalm,2.4142769230750742,7.188099998529651,219.7745999997096,229.37697692131434,one shared preloaded model
conv-42-qa-205,lalm,2.4142769230750742,10.346299999582698,219.7745999997096,232.53517692236738,one shared preloaded model
conv-42-qa-206,lalm,2.4142769230750742,9.193199999572244,219.7745999997096,231.38207692235693,one shared preloaded model
conv-42-qa-207,lalm,2.4142769230750742,9.965300001567812,219.7745999997096,232.1541769243525,one shared preloaded model
conv-42-qa-208,lalm,2.4142769230750742,6.119899999248446,87.37822500006587,95.91240192238939,one shared preloaded model
conv-42-qa-209,lalm,2.4142769230750742,5.312200000844314,87.37822500006587,95.10470192398526,one shared preloaded model
conv-42-qa-210,lalm,2.4142769230750742,9.373700000651297,87.37822500006587,99.16620192379224,one shared preloaded model
conv-42-qa-211,lalm,2.4142769230750742,9.458300000915187,87.37822500006587,99.25080192405613,one shared preloaded model
conv-42-qa-212,lalm,2.4142769230750742,6.738799998856848,82.29264999999941,91.44572692193134,one shared preloaded model
conv-42-qa-213,lalm,2.4142769230750742,6.250899999940884,82.29264999999941,90.95782692301538,one shared preloaded model
conv-42-qa-214,lalm,2.4142769230750742,5.667500001436565,82.29264999999941,90.37442692451106,one shared preloaded model
conv-42-qa-215,lalm,2.4142769230750742,6.322700000964687,82.29264999999941,91.02962692403918,one shared preloaded model
conv-42-qa-216,lalm,2.4142769230750742,6.388700001480174,82.45937499987122,91.26235192442647,one shared preloaded model
conv-42-qa-217,lalm,2.4142769230750742,11.223299999983283,82.45937499987122,96.09695192292958,one shared preloaded model
conv-42-qa-218,lalm,2.4142769230750742,9.414999998625717,82.45937499987122,94.28865192157201,one shared preloaded model
conv-42-qa-219,lalm,2.4142769230750742,9.483100000579725,82.45937499987122,94.35675192352602,one shared preloaded model
conv-42-qa-220,lalm,2.4142769230750742,6.5170999987458345,78.30204999982016,87.23342692164107,one shared preloaded model
conv-42-qa-221,lalm,2.4142769230750742,9.982199999285513,78.30204999982016,90.69852692218075,one shared preloaded model
conv-42-qa-222,lalm,2.4142769230750742,7.3195000004488975,78.30204999982016,88.03582692334413,one shared preloaded model
conv-42-qa-223,lalm,2.4142769230750742,6.226200001037796,78.30204999982016,86.94252692393303,one shared preloaded model
conv-42-qa-224,lalm,2.4142769230750742,6.618600000365404,81.90082500004792,90.9337019234884,one shared preloaded model
conv-42-qa-225,lalm,2.4142769230750742,10.034200000518467,81.90082500004792,94.34930192364146,one shared preloaded model
conv-42-qa-226,lalm,2.4142769230750742,11.307800001304713,81.90082500004792,95.62290192442771,one shared preloaded model
conv-42-qa-227,lalm,2.4142769230750742,9.55910000084259,81.90082500004792,93.87420192396559,one shared preloaded model
conv-42-qa-228,lalm,2.4142769230750742,6.528399999297108,93.69930000002569,102.64197692239787,one shared preloaded model
conv-42-qa-229,lalm,2.4142769230750742,10.096100000737351,93.69930000002569,106.20967692383812,one shared preloaded model
conv-42-qa-230,lalm,2.4142769230750742,8.970200000476325,93.69930000002569,105.08377692357709,one shared preloaded model
conv-42-qa-231,lalm,2.4142769230750742,5.916300000535557,93.69930000002569,102.02987692363632,one shared preloaded model
conv-42-qa-232,lalm,2.4142769230750742,8.006300000488409,277.6309249998121,288.0515019233756,one shared preloaded model
conv-42-qa-233,lalm,2.4142769230750742,6.248300000152085,277.6309249998121,286.2935019230393,one shared preloaded model
conv-42-qa-234,lalm,2.4142769230750742,6.9757999990542885,277.6309249998121,287.0210019219415,one shared preloaded model
conv-42-qa-235,lalm,2.4142769230750742,10.58059999922989,277.6309249998121,290.6258019221171,one shared preloaded model
conv-42-qa-236,lalm,2.4142769230750742,6.852999998955056,112.43280000007871,121.70007692210885,one shared preloaded model
conv-42-qa-237,lalm,2.4142769230750742,5.4335000004357425,112.43280000007871,120.28057692358954,one shared preloaded model
conv-42-qa-238,lalm,2.4142769230750742,6.036800001311349,112.43280000007871,120.88387692446514,one shared preloaded model
conv-42-qa-239,lalm,2.4142769230750742,7.128100000045379,112.43280000007871,121.97517692319917,one shared preloaded model
conv-42-qa-240,lalm,2.4142769230750742,6.532299999889801,164.23135000013644,173.17792692310132,one shared preloaded model
conv-42-qa-241,lalm,2.4142769230750742,9.713499999634223,164.23135000013644,176.35912692284575,one shared preloaded model
conv-42-qa-242,lalm,2.4142769230750742,9.180899998682435,164.23135000013644,175.82652692189396,one shared preloaded model
conv-42-qa-243,lalm,2.4142769230750742,9.353800000099,164.23135000013644,175.99942692331052,one shared preloaded model
conv-42-qa-244,lalm,2.4142769230750742,7.08170000143582,147.96650000016598,157.46247692467688,one shared preloaded model
conv-42-qa-245,lalm,2.4142769230750742,9.669600000052014,147.96650000016598,160.05037692329307,one shared preloaded model
conv-42-qa-246,lalm,2.4142769230750742,9.561199998643133,147.96650000016598,159.9419769218842,one shared preloaded model
conv-42-qa-247,lalm,2.4142769230750742,9.468599999308935,147.96650000016598,159.84937692255,one shared preloaded model
conv-42-qa-248,lalm,2.4142769230750742,8.453200000076322,79.02252499980023,89.89000192295163,one shared preloaded model
conv-42-qa-249,lalm,2.4142769230750742,7.3766000004980015,79.02252499980023,88.8134019233733,one shared preloaded model
conv-42-qa-250,lalm,2.4142769230750742,8.616600000095787,79.02252499980023,90.05340192297109,one shared preloaded model
conv-42-qa-251,lalm,2.4142769230750742,11.399699998946744,79.02252499980023,92.83650192182205,one shared preloaded model
conv-42-qa-252,lalm,2.4142769230750742,9.895499999402091,209.5686000002388,221.87837692271597,one shared preloaded model
conv-42-qa-253,lalm,2.4142769230750742,9.758199999851058,209.5686000002388,221.74107692316494,one shared preloaded model
conv-42-qa-254,lalm,2.4142769230750742,9.608200000002398,209.5686000002388,221.59107692331628,one shared preloaded model
conv-42-qa-255,lalm,2.4142769230750742,9.142499999143183,209.5686000002388,221.12537692245706,one shared preloaded model
conv-42-qa-256,lalm,2.4142769230750742,6.477400000221678,108.90689999996539,117.79857692326215,one shared preloaded model
conv-42-qa-257,lalm,2.4142769230750742,10.003699999288074,108.90689999996539,121.32487692232854,one shared preloaded model
conv-42-qa-258,lalm,2.4142769230750742,10.378200000559445,108.90689999996539,121.69937692359991,one shared preloaded model
conv-42-qa-259,lalm,2.4142769230750742,10.102800000822754,108.90689999996539,121.42397692386322,one shared preloaded model
conv-43-qa-0,lalm,3.2962929752117387,6.141800000477815,159.6982249998291,169.13631797551866,one shared preloaded model
conv-43-qa-1,lalm,3.2962929752117387,6.3800000007177005,159.6982249998291,169.37451797575855,one shared preloaded model
conv-43-qa-2,lalm,3.2962929752117387,6.5484000006108545,159.6982249998291,169.5429179756517,one shared preloaded model
conv-43-qa-3,lalm,3.2962929752117387,11.06209999852581,159.6982249998291,174.05661797356666,one shared preloaded model
conv-43-qa-4,lalm,3.2962929752117387,8.843800000249757,109.32017499999347,121.46026797545497,one shared preloaded model
conv-43-qa-5,lalm,3.2962929752117387,5.561300000408664,109.32017499999347,118.17776797561388,one shared preloaded model
conv-43-qa-6,lalm,3.2962929752117387,9.608000000298489,109.32017499999347,122.2244679755037,one shared preloaded model
conv-43-qa-7,lalm,3.2962929752117387,9.44800000070245,109.32017499999347,122.06446797590766,one shared preloaded model
conv-43-qa-8,lalm,3.2962929752117387,6.040500000381144,268.7253500002953,278.06214297588815,one shared preloaded model
conv-43-qa-9,lalm,3.2962929752117387,9.539499998936662,268.7253500002953,281.56114297444367,one shared preloaded model
conv-43-qa-10,lalm,3.2962929752117387,9.299800000007963,268.7253500002953,281.32144297551497,one shared preloaded model
conv-43-qa-11,lalm,3.2962929752117387,9.508799999821349,268.7253500002953,281.53044297532836,one shared preloaded model
conv-43-qa-12,lalm,3.2962929752117387,7.035900000119,105.65270000006421,115.98489297539496,one shared preloaded model
conv-43-qa-13,lalm,3.2962929752117387,9.558399999150424,105.65270000006421,118.50739297442638,one shared preloaded model
conv-43-qa-14,lalm,3.2962929752117387,9.561199998643133,105.65270000006421,118.51019297391909,one shared preloaded model
conv-43-qa-15,lalm,3.2962929752117387,9.532000000035623,105.65270000006421,118.48099297531158,one shared preloaded model
conv-43-qa-16,lalm,3.2962929752117387,6.5806000002339715,89.08705000021655,98.96394297566226,one shared preloaded model
conv-43-qa-17,lalm,3.2962929752117387,5.395000000135042,89.08705000021655,97.77834297556333,one shared preloaded model
conv-43-qa-18,lalm,3.2962929752117387,5.387400000472553,89.08705000021655,97.77074297590084,one shared preloaded model
conv-43-qa-19,lalm,3.2962929752117387,6.778299999496085,89.08705000021655,99.16164297492438,one shared preloaded model
conv-43-qa-20,lalm,3.2962929752117387,5.816599999889149,154.18605000013486,163.29894297523575,one shared preloaded model
conv-43-qa-21,lalm,3.2962929752117387,9.412800000063726,154.18605000013486,166.89514297541032,one shared preloaded model
conv-43-qa-22,lalm,3.2962929752117387,5.529099998966558,154.18605000013486,163.01144297431316,one shared preloaded model
conv-43-qa-23,lalm,3.2962929752117387,5.319899999449262,154.18605000013486,162.80224297479586,one shared preloaded model
conv-43-qa-24,lalm,3.2962929752117387,6.143100001281709,188.41239999983372,197.85179297632718,one shared preloaded model
conv-43-qa-25,lalm,3.2962929752117387,6.6638000007515075,188.41239999983372,198.37249297579697,one shared preloaded model
conv-43-qa-26,lalm,3.2962929752117387,6.55900000128895,188.41239999983372,198.26769297633442,one shared preloaded model
conv-43-qa-27,lalm,3.2962929752117387,5.980100000670063,188.41239999983372,197.68879297571553,one shared preloaded model
conv-43-qa-28,lalm,3.2962929752117387,6.563099999766564,111.03267500038783,120.89206797536613,one shared preloaded model
conv-43-qa-29,lalm,3.2962929752117387,10.643700001310208,111.03267500038783,124.97266797690978,one shared preloaded model
conv-43-qa-30,lalm,3.2962929752117387,9.64170000042941,111.03267500038783,123.97066797602898,one shared preloaded model
conv-43-qa-31,lalm,3.2962929752117387,9.481199998845113,111.03267500038783,123.81016797444468,one shared preloaded model
conv-43-qa-32,lalm,3.2962929752117387,7.21989999874495,82.4480000001131,92.96419297406979,one shared preloaded model
conv-43-qa-33,lalm,3.2962929752117387,9.962300000552204,82.4480000001131,95.70659297587704,one shared preloaded model
conv-43-qa-34,lalm,3.2962929752117387,9.5523999989382,82.4480000001131,95.29669297426304,one shared preloaded model
conv-43-qa-35,lalm,3.2962929752117387,9.064900001249043,82.4480000001131,94.80919297657388,one shared preloaded model
conv-43-qa-36,lalm,3.2962929752117387,8.300900000904221,95.01599999975952,106.61319297587548,one shared preloaded model
conv-43-qa-37,lalm,3.2962929752117387,9.396600000400213,95.01599999975952,107.70889297537147,one shared preloaded model
conv-43-qa-38,lalm,3.2962929752117387,9.502499999143765,95.01599999975952,107.81479297411502,one shared preloaded model
conv-43-qa-39,lalm,3.2962929752117387,9.675200000856421,95.01599999975952,107.98749297582768,one shared preloaded model
conv-43-qa-40,lalm,3.2962929752117387,11.17569999951229,101.65989999995872,116.13189297468276,one shared preloaded model
conv-43-qa-41,lalm,3.2962929752117387,9.607100000721402,101.65989999995872,114.56329297589187,one shared preloaded model
conv-43-qa-42,lalm,3.2962929752117387,9.952399999747286,101.65989999995872,114.90859297491775,one shared preloaded model
conv-43-qa-43,lalm,3.2962929752117387,9.349800000563846,101.65989999995872,114.30599297573431,one shared preloaded model
conv-43-qa-44,lalm,3.2962929752117387,6.8036000011488795,164.65762500001802,174.75751797637864,one shared preloaded model
conv-43-qa-45,lalm,3.2962929752117387,9.616499999538064,164.65762500001802,177.57041797476782,one shared preloaded model
conv-43-qa-46,lalm,3.2962929752117387,9.811699999772827,164.65762500001802,177.76561797500258,one shared preloaded model
conv-43-qa-47,lalm,3.2962929752117387,9.283200000936631,164.65762500001802,177.2371179761664,one shared preloaded model
conv-43-qa-48,lalm,3.2962929752117387,6.208099999639671,188.28655000015715,197.79094297500856,one shared preloaded model
conv-43-qa-49,lalm,3.2962929752117387,9.915599999658298,188.28655000015715,201.4984429750272,one shared preloaded model
conv-43-qa-50,lalm,3.2962929752117387,9.393000000272878,188.28655000015715,200.97584297564177,one shared preloaded model
conv-43-qa-51,lalm,3.2962929752117387,9.606999999959953,188.28655000015715,201.18984297532884,one shared preloaded model
conv-43-qa-52,lalm,3.2962929752117387,7.538399999248213,106.51820000020962,117.35289297466957,one shared preloaded model
conv-43-qa-53,lalm,3.2962929752117387,9.584399998857407,106.51820000020962,119.39889297427877,one shared preloaded model
conv-43-qa-54,lalm,3.2962929752117387,10.256900000968017,106.51820000020962,120.07139297638938,one shared preloaded model
conv-43-qa-55,lalm,3.2962929752117387,9.393500000442145,106.51820000020962,119.2079929758635,one shared preloaded model
conv-43-qa-56,lalm,3.2962929752117387,5.9808999994857,180.91320000030464,190.19039297500208,one shared preloaded model
conv-43-qa-57,lalm,3.2962929752117387,5.474600000525243,180.91320000030464,189.68409297604163,one shared preloaded model
conv-43-qa-58,lalm,3.2962929752117387,5.578000000241445,180.91320000030464,189.78749297575783,one shared preloaded model
conv-43-qa-59,lalm,3.2962929752117387,9.860000000116997,180.91320000030464,194.06949297563338,one shared preloaded model
conv-43-qa-60,lalm,3.2962929752117387,6.995800000368035,159.06475000019782,169.3568429757776,one shared preloaded model
conv-43-qa-61,lalm,3.2962929752117387,9.638800000175252,159.06475000019782,171.9998429755848,one shared preloaded model
conv-43-qa-62,lalm,3.2962929752117387,9.396200000992394,159.06475000019782,171.75724297640195,one shared preloaded model
conv-43-qa-63,lalm,3.2962929752117387,9.316800000306102,159.06475000019782,171.67784297571566,one shared preloaded model
conv-43-qa-64,lalm,3.2962929752117387,6.296499999734806,81.52027500000258,91.11306797494913,one shared preloaded model
conv-43-qa-65,lalm,3.2962929752117387,5.217799998717965,81.52027500000258,90.03436797393229,one shared preloaded model
conv-43-qa-66,lalm,3.2962929752117387,5.330699999831268,81.52027500000258,90.1472679750456,one shared preloaded model
conv-43-qa-67,lalm,3.2962929752117387,9.434900000997004,81.52027500000258,94.25146797621133,one shared preloaded model
conv-43-qa-68,lalm,3.2962929752117387,6.4888000015344005,160.7160000003205,170.50109297706663,one shared preloaded model
conv-43-qa-69,lalm,3.2962929752117387,9.75270000162709,160.7160000003205,173.76499297715932,one shared preloaded model
conv-43-qa-70,lalm,3.2962929752117387,9.810400000787922,160.7160000003205,173.82269297632016,one shared preloaded model
conv-43-qa-71,lalm,3.2962929752117387,9.485099999437807,160.7160000003205,173.49739297497004,one shared preloaded model
conv-43-qa-72,lalm,3.2962929752117387,5.973299999823212,188.5783249999804,197.84791797501535,one shared preloaded model
conv-43-qa-73,lalm,3.2962929752117387,5.250099999102531,188.5783249999804,197.12471797429467,one shared preloaded model
conv-43-qa-74,lalm,3.2962929752117387,6.1659000002691755,188.5783249999804,198.0405179754613,one shared preloaded model
conv-43-qa-75,lalm,3.2962929752117387,7.017699999778415,188.5783249999804,198.89231797497055,one shared preloaded model
conv-43-qa-76,lalm,3.2962929752117387,7.1816999989096075,158.0723750003017,168.55036797442304,one shared preloaded model
conv-43-qa-77,lalm,3.2962929752117387,5.450799999380251,158.0723750003017,166.81946797489368,one shared preloaded model
conv-43-qa-78,lalm,3.2962929752117387,9.389799999553361,158.0723750003017,170.7584679750668,one shared preloaded model
conv-43-qa-79,lalm,3.2962929752117387,9.374900000693742,158.0723750003017,170.74356797620717,one shared preloaded model
conv-43-qa-80,lalm,3.2962929752117387,6.631399999605492,98.02822499977992,107.95591797459716,one shared preloaded model
conv-43-qa-81,lalm,3.2962929752117387,9.349899999506306,98.02822499977992,110.67441797449797,one shared preloaded model
conv-43-qa-82,lalm,3.2962929752117387,9.634800000640098,98.02822499977992,110.95931797563176,one shared preloaded model
conv-43-qa-83,lalm,3.2962929752117387,9.453700000449317,98.02822499977992,110.77821797544098,one shared preloaded model
conv-43-qa-84,lalm,3.2962929752117387,6.235300001208088,90.94469999990906,100.47629297632889,one shared preloaded model
conv-43-qa-85,lalm,3.2962929752117387,9.30770000013581,90.94469999990906,103.54869297525661,one shared preloaded model
conv-43-qa-86,lalm,3.2962929752117387,9.840900000199326,90.94469999990906,104.08189297532013,one shared preloaded model
conv-43-qa-87,lalm,3.2962929752117387,8.994099998744787,90.94469999990906,103.23509297386559,one shared preloaded model
conv-43-qa-88,lalm,3.2962929752117387,6.955299999390263,140.01657500011788,150.2681679747199,one shared preloaded model
conv-43-qa-89,lalm,3.2962929752117387,9.48200000129873,140.01657500011788,152.79486797662835,one shared preloaded model
conv-43-qa-90,lalm,3.2962929752117387,9.855500000412576,140.01657500011788,153.1683679757422,one shared preloaded model
conv-43-qa-91,lalm,3.2962929752117387,11.256600000706385,140.01657500011788,154.569467976036,one shared preloaded model
conv-43-qa-92,lalm,3.2962929752117387,7.191400000010617,162.5312500000291,173.01894297525146,one shared preloaded model
conv-43-qa-93,lalm,3.2962929752117387,9.4890000000305,162.5312500000291,175.31654297527135,one shared preloaded model
conv-43-qa-94,lalm,3.2962929752117387,9.793200000785873,162.5312500000291,175.62074297602672,one shared preloaded model
conv-43-qa-95,lalm,3.2962929752117387,9.587200000169105,162.5312500000291,175.41474297540995,one shared preloaded model
conv-43-qa-96,lalm,3.2962929752117387,7.029000000329688,195.35664999966684,205.68194297520827,one shared preloaded model
conv-43-qa-97,lalm,3.2962929752117387,9.995799999160226,195.35664999966684,208.6487429740388,one shared preloaded model
conv-43-qa-98,lalm,3.2962929752117387,9.577699998772005,195.35664999966684,208.2306429736506,one shared preloaded model
conv-43-qa-99,lalm,3.2962929752117387,6.1010999997961335,195.35664999966684,204.75404297467472,one shared preloaded model
conv-43-qa-100,lalm,3.2962929752117387,6.20359999993525,202.98219999995126,212.48209297509825,one shared preloaded model
conv-43-qa-101,lalm,3.2962929752117387,9.963799999241019,202.98219999995126,216.24229297440402,one shared preloaded model
conv-43-qa-102,lalm,3.2962929752117387,9.398000000146567,202.98219999995126,215.67649297530957,one shared preloaded model
conv-43-qa-103,lalm,3.2962929752117387,9.0102999984083,202.98219999995126,215.2887929735713,one shared preloaded model
conv-43-qa-104,lalm,3.2962929752117387,6.801399998948909,83.00687499968262,93.10456797384327,one shared preloaded model
conv-43-qa-105,lalm,3.2962929752117387,9.400099999766098,83.00687499968262,95.70326797466046,one shared preloaded model
conv-43-qa-106,lalm,3.2962929752117387,10.051399998701527,83.00687499968262,96.35456797359589,one shared preloaded model
conv-43-qa-107,lalm,3.2962929752117387,9.40699999955541,83.00687499968262,95.71016797444977,one shared preloaded model
conv-43-qa-108,lalm,3.2962929752117387,5.985499999951571,457.19432500027324,466.4761179754365,one shared preloaded model
conv-43-qa-109,lalm,3.2962929752117387,8.86279999940598,457.19432500027324,469.35341797489093,one shared preloaded model
conv-43-qa-110,lalm,3.2962929752117387,9.640899999794783,457.19432500027324,470.13151797527973,one shared preloaded model
conv-43-qa-111,lalm,3.2962929752117387,10.145300000658608,457.19432500027324,470.63591797614356,one shared preloaded model
conv-43-qa-112,lalm,3.2962929752117387,6.412500000806176,143.41907500011075,153.12786797612867,one shared preloaded model
conv-43-qa-113,lalm,3.2962929752117387,9.778499999811174,143.41907500011075,156.49386797513367,one shared preloaded model
conv-43-qa-114,lalm,3.2962929752117387,10.117100000570645,143.41907500011075,156.83246797589314,one shared preloaded model
conv-43-qa-115,lalm,3.2962929752117387,9.525999999823398,143.41907500011075,156.2413679751459,one shared preloaded model
conv-43-qa-116,lalm,3.2962929752117387,6.113499999628402,318.27972500013857,327.6895179749787,one shared preloaded model
conv-43-qa-117,lalm,3.2962929752117387,6.03179999961867,318.27972500013857,327.60781797496895,one shared preloaded model
conv-43-qa-118,lalm,3.2962929752117387,6.786800000554649,318.27972500013857,328.36281797590493,one shared preloaded model
conv-43-qa-119,lalm,3.2962929752117387,6.11639999988256,318.27972500013857,327.69241797523284,one shared preloaded model
conv-43-qa-120,lalm,3.2962929752117387,9.800899999390822,140.4836750002687,153.58086797487127,one shared preloaded model
conv-43-qa-121,lalm,3.2962929752117387,9.640500000386965,140.4836750002687,153.4204679758674,one shared preloaded model
conv-43-qa-122,lalm,3.2962929752117387,7.477200000721496,140.4836750002687,151.25716797620194,one shared preloaded model
conv-43-qa-123,lalm,3.2962929752117387,6.199099998411839,140.4836750002687,149.97906797389228,one shared preloaded model
conv-43-qa-124,lalm,3.2962929752117387,9.01010000052338,237.77319999999236,250.07959297572748,one shared preloaded model
conv-43-qa-125,lalm,3.2962929752117387,7.23180000022694,237.77319999999236,248.30129297543104,one shared preloaded model
conv-43-qa-126,lalm,3.2962929752117387,8.67840000137221,237.77319999999236,249.7478929765763,one shared preloaded model
conv-43-qa-127,lalm,3.2962929752117387,9.206900000208407,237.77319999999236,250.2763929754125,one shared preloaded model
conv-43-qa-128,lalm,3.2962929752117387,8.63509999908274,344.804275000115,356.73566797440947,one shared preloaded model
conv-43-qa-129,lalm,3.2962929752117387,7.763199999317294,344.804275000115,355.863767974644,one shared preloaded model
conv-43-qa-130,lalm,3.2962929752117387,6.9346000000223285,344.804275000115,355.03516797534905,one shared preloaded model
conv-43-qa-131,lalm,3.2962929752117387,9.568499999659252,344.804275000115,357.669067974986,one shared preloaded model
conv-43-qa-132,lalm,3.2962929752117387,6.9048000004841015,164.0937249999297,174.29481797562553,one shared preloaded model
conv-43-qa-133,lalm,3.2962929752117387,10.783199999423232,164.0937249999297,178.17321797456466,one shared preloaded model
conv-43-qa-134,lalm,3.2962929752117387,10.204700000031153,164.0937249999297,177.59471797517259,one shared preloaded model
conv-43-qa-135,lalm,3.2962929752117387,9.248099999240367,164.0937249999297,176.6381179743818,one shared preloaded model
conv-43-qa-136,lalm,3.2962929752117387,6.086600000344333,283.39550000009694,292.778392975653,one shared preloaded model
conv-43-qa-137,lalm,3.2962929752117387,8.006500000192318,283.39550000009694,294.698292975501,one shared preloaded model
conv-43-qa-138,lalm,3.2962929752117387,8.252100000390783,283.39550000009694,294.94389297569944,one shared preloaded model
conv-43-qa-139,lalm,3.2962929752117387,5.5852999994385755,283.39550000009694,292.27709297474723,one shared preloaded model
conv-43-qa-140,lalm,3.2962929752117387,6.252999999560416,171.30817500037665,180.8574679751488,one shared preloaded model
conv-43-qa-141,lalm,3.2962929752117387,8.283899998787092,171.30817500037665,182.88836797437548,one shared preloaded model
conv-43-qa-142,lalm,3.2962929752117387,6.2295000006997725,171.30817500037665,180.83396797628816,one shared preloaded model
conv-43-qa-143,lalm,3.2962929752117387,6.423499999073101,171.30817500037665,181.0279679746615,one shared preloaded model
conv-43-qa-144,lalm,3.2962929752117387,5.731500001274981,84.72680000022592,93.75459297671264,one shared preloaded model
conv-43-qa-145,lalm,3.2962929752117387,9.806500000195228,84.72680000022592,97.82959297563289,one shared preloaded model
conv-43-qa-146,lalm,3.2962929752117387,9.938500001226203,84.72680000022592,97.96159297666387,one shared preloaded model
conv-43-qa-147,lalm,3.2962929752117387,9.457199999815202,84.72680000022592,97.48029297525287,one shared preloaded model
conv-43-qa-148,lalm,3.2962929752117387,7.5759999999718275,79.81037499985177,90.68266797503534,one shared preloaded model
conv-43-qa-149,lalm,3.2962929752117387,9.510100000625243,79.81037499985177,92.61676797568876,one shared preloaded model
conv-43-qa-150,lalm,3.2962929752117387,10.269799999150564,79.81037499985177,93.37646797421408,one shared preloaded model
conv-43-qa-151,lalm,3.2962929752117387,9.867800001302385,79.81037499985177,92.9744679763659,one shared preloaded model
conv-43-qa-152,lalm,3.2962929752117387,6.919299999935902,92.98322499989808,103.19881797504573,one shared preloaded model
conv-43-qa-153,lalm,3.2962929752117387,10.343099998863181,92.98322499989808,106.62261797397301,one shared preloaded model
conv-43-qa-154,lalm,3.2962929752117387,10.462899999765796,92.98322499989808,106.74241797487562,one shared preloaded model
conv-43-qa-155,lalm,3.2962929752117387,9.503399998720852,92.98322499989808,105.78291797383068,one shared preloaded model
conv-43-qa-156,lalm,3.2962929752117387,6.3962999993236735,92.60512499986362,102.29771797439903,one shared preloaded model
conv-43-qa-157,lalm,3.2962929752117387,9.716299999126932,92.60512499986362,105.6177179742023,one shared preloaded model
conv-43-qa-158,lalm,3.2962929752117387,7.554100000561448,92.60512499986362,103.45551797563681,one shared preloaded model
conv-43-qa-159,lalm,3.2962929752117387,5.297300000165706,92.60512499986362,101.19871797524107,one shared preloaded model
conv-43-qa-160,lalm,3.2962929752117387,6.5598000001045875,87.60095000025103,97.45704297556736,one shared preloaded model
conv-43-qa-161,lalm,3.2962929752117387,9.335799999462324,87.60095000025103,100.2330429749251,one shared preloaded model
conv-43-qa-162,lalm,3.2962929752117387,9.613799998987815,87.60095000025103,100.51104297445059,one shared preloaded model
conv-43-qa-163,lalm,3.2962929752117387,9.236400001100264,87.60095000025103,100.13364297656304,one shared preloaded model
conv-43-qa-164,lalm,3.2962929752117387,6.341700000120909,308.46485000029134,318.10284297562396,one shared preloaded model
conv-43-qa-165,lalm,3.2962929752117387,8.624500000223634,308.46485000029134,320.3856429757267,one shared preloaded model
conv-43-qa-166,lalm,3.2962929752117387,9.367099999508355,308.46485000029134,321.1282429750114,one shared preloaded model
conv-43-qa-167,lalm,3.2962929752117387,9.91280000016559,308.46485000029134,321.67394297566864,one shared preloaded model
conv-43-qa-168,lalm,3.2962929752117387,5.701599999156315,238.38417500019204,247.3820679745601,one shared preloaded model
conv-43-qa-169,lalm,3.2962929752117387,5.313800000294577,238.38417500019204,246.99426797569836,one shared preloaded model
conv-43-qa-170,lalm,3.2962929752117387,6.387800000084098,238.38417500019204,248.06826797548788,one shared preloaded model
conv-43-qa-171,lalm,3.2962929752117387,5.7559000015317,238.38417500019204,247.4363679769355,one shared preloaded model
conv-43-qa-172,lalm,3.2962929752117387,6.599300000743824,81.69682500010822,91.59241797606379,one shared preloaded model
conv-43-qa-173,lalm,3.2962929752117387,8.549300000595395,81.69682500010822,93.54241797591536,one shared preloaded model
conv-43-qa-174,lalm,3.2962929752117387,6.387100000210921,81.69682500010822,91.38021797553088,one shared preloaded model
conv-43-qa-175,lalm,3.2962929752117387,6.154900000183261,81.69682500010822,91.14801797550322,one shared preloaded model
conv-43-qa-176,lalm,3.2962929752117387,7.42530000024999,285.37804999996297,296.0996429754247,one shared preloaded model
conv-43-qa-177,lalm,3.2962929752117387,9.588700000676909,285.37804999996297,298.2630429758516,one shared preloaded model
conv-43-qa-178,lalm,3.2962929752117387,9.74820000010368,285.37804999996297,298.42254297527836,one shared preloaded model
conv-43-qa-179,lalm,3.2962929752117387,9.708000001410255,285.37804999996297,298.38234297658494,one shared preloaded model
conv-43-qa-180,lalm,3.2962929752117387,6.636300000536721,145.00837500008856,154.94096797583703,one shared preloaded model
conv-43-qa-181,lalm,3.2962929752117387,10.686400000849972,145.00837500008856,158.99106797615028,one shared preloaded model
conv-43-qa-182,lalm,3.2962929752117387,9.46509999994305,145.00837500008856,157.76976797524335,one shared preloaded model
conv-43-qa-183,lalm,3.2962929752117387,9.17950000075507,145.00837500008856,157.48416797605537,one shared preloaded model
conv-43-qa-184,lalm,3.2962929752117387,6.311699999059783,87.33525000025111,96.94324297452263,one shared preloaded model
conv-43-qa-185,lalm,3.2962929752117387,9.75049999942712,87.33525000025111,100.38204297488997,one shared preloaded model
conv-43-qa-186,lalm,3.2962929752117387,5.483400000230176,87.33525000025111,96.11494297569303,one shared preloaded model
conv-43-qa-187,lalm,3.2962929752117387,5.251999999018153,87.33525000025111,95.883542974481,one shared preloaded model
conv-43-qa-188,lalm,3.2962929752117387,7.392900000922964,91.91645000009885,102.60564297623355,one shared preloaded model
conv-43-qa-189,lalm,3.2962929752117387,9.532500000204891,91.91645000009885,104.74524297551548,one shared preloaded model
conv-43-qa-190,lalm,3.2962929752117387,9.899799999402603,91.91645000009885,105.1125429747132,one shared preloaded model
conv-43-qa-191,lalm,3.2962929752117387,9.077099999558413,91.91645000009885,104.289842974869,one shared preloaded model
conv-43-qa-192,lalm,3.2962929752117387,8.0643000001146,130.54262500008917,141.90321797541552,one shared preloaded model
conv-43-qa-193,lalm,3.2962929752117387,9.884799999781535,130.54262500008917,143.72371797508245,one shared preloaded model
conv-43-qa-194,lalm,3.2962929752117387,9.593900000254507,130.54262500008917,143.43281797555542,one shared preloaded model
conv-43-qa-195,lalm,3.2962929752117387,9.712400000353227,130.54262500008917,143.55131797565414,one shared preloaded model
conv-43-qa-196,lalm,3.2962929752117387,8.14150000041991,85.58730000004289,97.02509297567454,one shared preloaded model
conv-43-qa-197,lalm,3.2962929752117387,5.299800001012045,85.58730000004289,94.18339297626667,one shared preloaded model
conv-43-qa-198,lalm,3.2962929752117387,8.99310000022524,85.58730000004289,97.87669297547987,one shared preloaded model
conv-43-qa-199,lalm,3.2962929752117387,9.582200000295416,85.58730000004289,98.46579297555004,one shared preloaded model
conv-43-qa-200,lalm,3.2962929752117387,6.763600000340375,82.79769999990094,92.85759297545306,one shared preloaded model
conv-43-qa-201,lalm,3.2962929752117387,10.68909999958123,82.79769999990094,96.78309297469391,one shared preloaded model
conv-43-qa-202,lalm,3.2962929752117387,9.759399999893503,82.79769999990094,95.85339297500619,one shared preloaded model
conv-43-qa-203,lalm,3.2962929752117387,9.579700001268066,82.79769999990094,95.67369297638075,one shared preloaded model
conv-43-qa-204,lalm,3.2962929752117387,5.649299999276991,123.33352499990724,132.27911797439597,one shared preloaded model
conv-43-qa-205,lalm,3.2962929752117387,5.278499998894404,123.33352499990724,131.90831797401339,one shared preloaded model
conv-43-qa-206,lalm,3.2962929752117387,6.45509999958449,123.33352499990724,133.08491797470347,one shared preloaded model
conv-43-qa-207,lalm,3.2962929752117387,5.9314000009180745,123.33352499990724,132.56121797603706,one shared preloaded model
conv-43-qa-208,lalm,3.2962929752117387,7.206199999927776,117.34487500007162,127.84736797521114,one shared preloaded model
conv-43-qa-209,lalm,3.2962929752117387,9.783900000911672,117.34487500007162,130.42506797619504,one shared preloaded model
conv-43-qa-210,lalm,3.2962929752117387,9.366199999931268,117.34487500007162,130.00736797521463,one shared preloaded model
conv-43-qa-211,lalm,3.2962929752117387,10.240400000839145,117.34487500007162,130.8815679761225,one shared preloaded model
conv-43-qa-212,lalm,3.2962929752117387,6.20369999887771,253.0066250001255,262.5066179742149,one shared preloaded model
conv-43-qa-213,lalm,3.2962929752117387,9.23779999902763,253.0066250001255,265.54071797436484,one shared preloaded model
conv-43-qa-214,lalm,3.2962929752117387,9.906900000714813,253.0066250001255,266.209817976052,one shared preloaded model
conv-43-qa-215,lalm,3.2962929752117387,9.246800000255462,253.0066250001255,265.54971797559267,one shared preloaded model
conv-43-qa-216,lalm,3.2962929752117387,6.783000000723405,302.5007999999616,312.5800929758967,one shared preloaded model
conv-43-qa-217,lalm,3.2962929752117387,10.78360000065004,302.5007999999616,316.58069297582335,one shared preloaded model
conv-43-qa-218,lalm,3.2962929752117387,10.23669999995036,302.5007999999616,316.0337929751237,one shared preloaded model
conv-43-qa-219,lalm,3.2962929752117387,9.310899999036337,302.5007999999616,315.10799297420965,one shared preloaded model
conv-43-qa-220,lalm,3.2962929752117387,6.518500000311178,184.4567499997538,194.27154297527673,one shared preloaded model
conv-43-qa-221,lalm,3.2962929752117387,10.553399999480462,184.4567499997538,198.306442974446,one shared preloaded model
conv-43-qa-222,lalm,3.2962929752117387,9.790399999474175,184.4567499997538,197.54344297443973,one shared preloaded model
conv-43-qa-223,lalm,3.2962929752117387,10.162500000660657,184.4567499997538,197.9155429756262,one shared preloaded model
conv-43-qa-224,lalm,3.2962929752117387,8.601999999882537,96.92482499986,108.82311797495427,one shared preloaded model
conv-43-qa-225,lalm,3.2962929752117387,10.595800000373856,96.92482499986,110.81691797544559,one shared preloaded model
conv-43-qa-226,lalm,3.2962929752117387,9.563499999785563,96.92482499986,109.7846179748573,one shared preloaded model
conv-43-qa-227,lalm,3.2962929752117387,9.971800000130315,96.92482499986,110.19291797520205,one shared preloaded model
conv-43-qa-228,lalm,3.2962929752117387,7.396699998935219,117.77410000013333,128.4670929742803,one shared preloaded model
conv-43-qa-229,lalm,3.2962929752117387,9.311000001616776,117.77410000013333,130.38139297696185,one shared preloaded model
conv-43-qa-230,lalm,3.2962929752117387,8.915000000342843,117.77410000013333,129.98539297568792,one shared preloaded model
conv-43-qa-231,lalm,3.2962929752117387,8.514799999829847,117.77410000013333,129.58519297517492,one shared preloaded model
conv-43-qa-232,lalm,3.2962929752117387,6.583600001249579,192.2162250002657,202.09611797672702,one shared preloaded model
conv-43-qa-233,lalm,3.2962929752117387,10.254299999360228,192.2162250002657,205.76681797483766,one shared preloaded model
conv-43-qa-234,lalm,3.2962929752117387,9.466100000281585,192.2162250002657,204.97861797575902,one shared preloaded model
conv-43-qa-235,lalm,3.2962929752117387,9.92949999999837,192.2162250002657,205.4420179754758,one shared preloaded model
conv-43-qa-236,lalm,3.2962929752117387,6.3086000009207055,253.89380000024175,263.4986929763742,one shared preloaded model
conv-43-qa-237,lalm,3.2962929752117387,9.607199999663862,253.89380000024175,266.79729297511733,one shared preloaded model
conv-43-qa-238,lalm,3.2962929752117387,9.751999999934924,253.89380000024175,266.9420929753884,one shared preloaded model
conv-43-qa-239,lalm,3.2962929752117387,9.654299999965588,253.89380000024175,266.84439297541905,one shared preloaded model
conv-43-qa-240,lalm,3.2962929752117387,6.2926999999035615,127.65609999951266,137.24509297462797,one shared preloaded model
conv-43-qa-241,lalm,3.2962929752117387,10.259700000460725,127.65609999951266,141.21209297518513,one shared preloaded model
conv-44-qa-0,lalm,3.974396202534944,9.566400000039721,175.44225000028746,188.9830462028621,one shared preloaded model
conv-44-qa-1,lalm,3.974396202534944,9.893400001601549,175.44225000028746,189.31004620442394,one shared preloaded model
conv-44-qa-2,lalm,3.974396202534944,10.028000000602333,175.44225000028746,189.44464620342472,one shared preloaded model
conv-44-qa-3,lalm,3.974396202534944,9.812300000703544,175.44225000028746,189.22894620352594,one shared preloaded model
conv-44-qa-4,lalm,3.974396202534944,6.445700000767829,148.5592250000991,158.97932120340187,one shared preloaded model
conv-44-qa-5,lalm,3.974396202534944,10.305100000550738,148.5592250000991,162.83872120318478,one shared preloaded model
conv-44-qa-6,lalm,3.974396202534944,9.381599998960155,148.5592250000991,161.9152212015942,one shared preloaded model
conv-44-qa-7,lalm,3.974396202534944,9.661899999628076,148.5592250000991,162.1955212022621,one shared preloaded model
conv-44-qa-8,lalm,3.974396202534944,6.959399999686866,116.72324999972261,127.65704620194442,one shared preloaded model
conv-44-qa-9,lalm,3.974396202534944,10.266700001011486,116.72324999972261,130.96434620326903,one shared preloaded model
conv-44-qa-10,lalm,3.974396202534944,9.65379999979632,116.72324999972261,130.35144620205386,one shared preloaded model
conv-44-qa-11,lalm,3.974396202534944,9.168800001134514,116.72324999972261,129.86644620339206,one shared preloaded model
conv-44-qa-12,lalm,3.974396202534944,6.384199999956763,85.38142500037793,95.74002120286964,one shared preloaded model
conv-44-qa-13,lalm,3.974396202534944,9.441299998798058,85.38142500037793,98.79712120171094,one shared preloaded model
conv-44-qa-14,lalm,3.974396202534944,9.393199999976787,85.38142500037793,98.74902120288967,one shared preloaded model
conv-44-qa-15,lalm,3.974396202534944,9.437800001251162,85.38142500037793,98.79362120416404,one shared preloaded model
conv-44-qa-16,lalm,3.974396202534944,6.070299999919371,93.6780249999174,103.72272120237172,one shared preloaded model
conv-44-qa-17,lalm,3.974396202534944,8.09540000045672,93.6780249999174,105.74782120290907,one shared preloaded model
conv-44-qa-18,lalm,3.974396202534944,9.552600000461098,93.6780249999174,107.20502120291344,one shared preloaded model
conv-44-qa-19,lalm,3.974396202534944,9.918600000673905,93.6780249999174,107.57102120312625,one shared preloaded model
conv-44-qa-20,lalm,3.974396202534944,6.1039000011078315,90.0318500002868,100.11014620392957,one shared preloaded model
conv-44-qa-21,lalm,3.974396202534944,6.37780000033672,90.0318500002868,100.38404620315846,one shared preloaded model
conv-44-qa-22,lalm,3.974396202534944,6.303500000285567,90.0318500002868,100.30974620310731,one shared preloaded model
conv-44-qa-23,lalm,3.974396202534944,9.199899999657646,90.0318500002868,103.20614620247939,one shared preloaded model
conv-44-qa-24,lalm,3.974396202534944,6.555100000696257,115.10859999998502,125.63809620321622,one shared preloaded model
conv-44-qa-25,lalm,3.974396202534944,10.044100001323386,115.10859999998502,129.12709620384334,one shared preloaded model
conv-44-qa-26,lalm,3.974396202534944,10.11099999959697,115.10859999998502,129.19399620211692,one shared preloaded model
conv-44-qa-27,lalm,3.974396202534944,9.5763999997871,115.10859999998502,128.65939620230705,one shared preloaded model
conv-44-qa-28,lalm,3.974396202534944,6.793599999582511,108.69487499985553,119.46287120197299,one shared preloaded model
conv-44-qa-29,lalm,3.974396202534944,9.55470000008063,108.69487499985553,122.2239712024711,one shared preloaded model
conv-44-qa-30,lalm,3.974396202534944,10.459000000992091,108.69487499985553,123.12827120338257,one shared preloaded model
conv-44-qa-31,lalm,3.974396202534944,9.589999999661813,108.69487499985553,122.25927120205229,one shared preloaded model
conv-44-qa-32,lalm,3.974396202534944,6.270500000027823,122.20724999997401,132.45214620253677,one shared preloaded model
conv-44-qa-33,lalm,3.974396202534944,10.076500000650412,122.20724999997401,136.25814620315936,one shared preloaded model
conv-44-qa-34,lalm,3.974396202534944,9.532000000035623,122.20724999997401,135.71364620254457,one shared preloaded model
conv-44-qa-35,lalm,3.974396202534944,9.217599999828963,122.20724999997401,135.3992462023379,one shared preloaded model
conv-44-qa-36,lalm,3.974396202534944,6.651800000327057,159.1884750000645,169.8146712029265,one shared preloaded model
conv-44-qa-37,lalm,3.974396202534944,5.126699999891571,159.1884750000645,168.289571202491,one shared preloaded model
conv-44-qa-38,lalm,3.974396202534944,6.409999999959837,159.1884750000645,169.57287120255927,one shared preloaded model
conv-44-qa-39,lalm,3.974396202534944,10.038800000984338,159.1884750000645,173.20167120358377,one shared preloaded model
conv-44-qa-40,lalm,3.974396202534944,6.892200000947923,85.96957500003555,96.83617120351842,one shared preloaded model
conv-44-qa-41,lalm,3.974396202534944,8.83590000012191,85.96957500003555,98.7798712026924,one shared preloaded model
conv-44-qa-42,lalm,3.974396202534944,8.323600000949227,85.96957500003555,98.26757120351972,one shared preloaded model
conv-44-qa-43,lalm,3.974396202534944,9.124499998506508,85.96957500003555,99.068471201077,one shared preloaded model
conv-44-qa-44,lalm,3.974396202534944,6.338699999105302,95.14892500010319,105.46202120174344,one shared preloaded model
conv-44-qa-45,lalm,3.974396202534944,9.850899999946705,95.14892500010319,108.97422120258484,one shared preloaded model
conv-44-qa-46,lalm,3.974396202534944,5.5388000000675675,95.14892500010319,104.6621212027057,one shared preloaded model
conv-44-qa-47,lalm,3.974396202534944,5.360099999961676,95.14892500010319,104.48342120259981,one shared preloaded model
conv-44-qa-48,lalm,3.974396202534944,7.948799999212497,96.37509999993199,108.29829620167943,one shared preloaded model
conv-44-qa-49,lalm,3.974396202534944,9.630000000470318,96.37509999993199,109.97949620293726,one shared preloaded model
conv-44-qa-50,lalm,3.974396202534944,10.147799999685958,96.37509999993199,110.4972962021529,one shared preloaded model
conv-44-qa-51,lalm,3.974396202534944,9.559899999658228,96.37509999993199,109.90939620212517,one shared preloaded model
conv-44-qa-52,lalm,3.974396202534944,6.484899999122717,163.23377500020797,173.69307120186562,one shared preloaded model
conv-44-qa-53,lalm,3.974396202534944,10.668200000509387,163.23377500020797,177.8763712032523,one shared preloaded model
conv-44-qa-54,lalm,3.974396202534944,10.255499999402673,163.23377500020797,177.46367120214558,one shared preloaded model
conv-44-qa-55,lalm,3.974396202534944,9.394199998496333,163.23377500020797,176.60237120123924,one shared preloaded model
conv-44-qa-56,lalm,3.974396202534944,5.97120000020368,85.16122499986523,95.10682120260385,one shared preloaded model
conv-44-qa-57,lalm,3.974396202534944,6.031499999153311,85.16122499986523,95.16712120155348,one shared preloaded model
conv-44-qa-58,lalm,3.974396202534944,6.531500001074164,85.16122499986523,95.66712120347434,one shared preloaded model
conv-44-qa-59,lalm,3.974396202534944,6.573200000275392,85.16122499986523,95.70882120267557,one shared preloaded model
conv-44-qa-60,lalm,3.974396202534944,6.021900000632741,144.314674999805,154.31097120297267,one shared preloaded model
conv-44-qa-61,lalm,3.974396202534944,9.399900000062189,144.314674999805,157.68897120240212,one shared preloaded model
conv-44-qa-62,lalm,3.974396202534944,10.36999999996624,144.314674999805,158.65907120230617,one shared preloaded model
conv-44-qa-63,lalm,3.974396202534944,9.80600000002596,144.314674999805,158.0950712023659,one shared preloaded model
conv-44-qa-64,lalm,3.974396202534944,6.0093000010965625,117.46452499983207,127.44822120346358,one shared preloaded model
conv-44-qa-65,lalm,3.974396202534944,5.354099999749451,117.46452499983207,126.79302120211646,one shared preloaded model
conv-44-qa-66,lalm,3.974396202534944,8.960699999079225,117.46452499983207,130.39962120144622,one shared preloaded model
conv-44-qa-67,lalm,3.974396202534944,10.108099999342812,117.46452499983207,131.5470212017098,one shared preloaded model
conv-44-qa-68,lalm,3.974396202534944,12.08750000114378,84.980799999812,101.04269620349073,one shared preloaded model
conv-44-qa-69,lalm,3.974396202534944,9.170999999696505,84.980799999812,98.12619620204346,one shared preloaded model
conv-44-qa-70,lalm,3.974396202534944,10.52729999901203,84.980799999812,99.48249620135898,one shared preloaded model
conv-44-qa-71,lalm,3.974396202534944,9.337800000139396,84.980799999812,98.29299620248635,one shared preloaded model
conv-44-qa-72,lalm,3.974396202534944,7.122700000763871,133.50880000007237,144.60589620337117,one shared preloaded model
conv-44-qa-73,lalm,3.974396202534944,9.677199999714503,133.50880000007237,147.1603962023218,one shared preloaded model
conv-44-qa-74,lalm,3.974396202534944,7.687100000111968,133.50880000007237,145.17029620271927,one shared preloaded model
conv-44-qa-75,lalm,3.974396202534944,9.920600001350977,133.50880000007237,147.40379620395828,one shared preloaded model
conv-44-qa-76,lalm,3.974396202534944,6.543000001329347,107.27742499966553,117.79482120352982,one shared preloaded model
conv-44-qa-77,lalm,3.974396202534944,9.651700000176788,107.27742499966553,120.90352120237726,one shared preloaded model
conv-44-qa-78,lalm,3.974396202534944,6.005600000207778,107.27742499966553,117.25742120240825,one shared preloaded model
conv-44-qa-79,lalm,3.974396202534944,6.800400000429363,107.27742499966553,118.05222120262984,one shared preloaded model
conv-44-qa-80,lalm,3.974396202534944,6.385799999407027,90.89712500008318,101.25732120202515,one shared preloaded model
conv-44-qa-81,lalm,3.974396202534944,7.08180000037828,90.89712500008318,101.9533212029964,one shared preloaded model
conv-44-qa-82,lalm,3.974396202534944,6.546399999933783,90.89712500008318,101.41792120255191,one shared preloaded model
conv-44-qa-83,lalm,3.974396202534944,6.078399999751127,90.89712500008318,100.94992120236925,one shared preloaded model
conv-44-qa-84,lalm,3.974396202534944,6.289499999184045,86.26825000010285,96.53214620182185,one shared preloaded model
conv-44-qa-85,lalm,3.974396202534944,10.230800000499585,86.26825000010285,100.47344620313739,one shared preloaded model
conv-44-qa-86,lalm,3.974396202534944,9.347499999421416,86.26825000010285,99.59014620205922,one shared preloaded model
conv-44-qa-87,lalm,3.974396202534944,9.681700001237914,86.26825000010285,99.92434620387571,one shared preloaded model
conv-44-qa-88,lalm,3.974396202534944,6.460900000092806,243.7101749997055,254.14547120233323,one shared preloaded model
conv-44-qa-89,lalm,3.974396202534944,10.13519999833079,243.7101749997055,257.8197712005712,one shared preloaded model
conv-44-qa-90,lalm,3.974396202534944,9.318200000052457,243.7101749997055,257.0027712022929,one shared preloaded model
conv-44-qa-91,lalm,3.974396202534944,9.786499998881482,243.7101749997055,257.4710712011219,one shared preloaded model
conv-44-qa-92,lalm,3.974396202534944,5.8963999999832595,156.42350000007355,166.29429620259174,one shared preloaded model
conv-44-qa-93,lalm,3.974396202534944,5.536399999982677,156.42350000007355,165.93429620259116,one shared preloaded model
conv-44-qa-94,lalm,3.974396202534944,7.251900000483147,156.42350000007355,167.64979620309163,one shared preloaded model
conv-44-qa-95,lalm,3.974396202534944,9.536200001093675,156.42350000007355,169.93409620370215,one shared preloaded model
conv-44-qa-96,lalm,3.974396202534944,6.083400001443806,152.11057499982417,162.1683712038029,one shared preloaded model
conv-44-qa-97,lalm,3.974396202534944,5.394900001192582,152.11057499982417,161.47987120355168,one shared preloaded model
conv-44-qa-98,lalm,3.974396202534944,7.522899999457877,152.11057499982417,163.60787120181698,one shared preloaded model
conv-44-qa-99,lalm,3.974396202534944,10.105800000019372,152.11057499982417,166.19077120237847,one shared preloaded model
conv-44-qa-100,lalm,3.974396202534944,6.817499999669963,209.14399999992384,219.93589620212873,one shared preloaded model
conv-44-qa-101,lalm,3.974396202534944,9.870800000499003,209.14399999992384,222.98919620295777,one shared preloaded model
conv-44-qa-102,lalm,3.974396202534944,9.72139999976207,209.14399999992384,222.83979620222084,one shared preloaded model
conv-44-qa-103,lalm,3.974396202534944,9.194700000080047,209.14399999992384,222.31309620253882,one shared preloaded model
conv-44-qa-104,lalm,3.974396202534944,6.6091999997297535,136.6073750000396,147.1909712023043,one shared preloaded model
conv-44-qa-105,lalm,3.974396202534944,10.45950000116136,136.6073750000396,151.0412712037359,one shared preloaded model
conv-44-qa-106,lalm,3.974396202534944,9.52289999986533,136.6073750000396,150.10467120243987,one shared preloaded model
conv-44-qa-107,lalm,3.974396202534944,6.429799999750685,136.6073750000396,147.01157120232523,one shared preloaded model
conv-44-qa-108,lalm,3.974396202534944,6.049999999959255,132.13700000005701,142.1613962025512,one shared preloaded model
conv-44-qa-109,lalm,3.974396202534944,5.878899999515852,132.13700000005701,141.9902962021078,one shared preloaded model
conv-44-qa-110,lalm,3.974396202534944,6.4382000000478,132.13700000005701,142.54959620263975,one shared preloaded model
conv-44-qa-111,lalm,3.974396202534944,6.445000000894652,132.13700000005701,142.5563962034866,one shared preloaded model
conv-44-qa-112,lalm,3.974396202534944,6.2046000002737856,82.73454999971364,92.91354620252237,one shared preloaded model
conv-44-qa-113,lalm,3.974396202534944,10.059100000944454,82.73454999971364,96.76804620319304,one shared preloaded model
conv-44-qa-114,lalm,3.974396202534944,9.783499999684864,82.73454999971364,96.49244620193345,one shared preloaded model
conv-44-qa-115,lalm,3.974396202534944,9.991799999625073,82.73454999971364,96.70074620187366,one shared preloaded model
conv-44-qa-116,lalm,3.974396202534944,6.8758999987039715,208.50777499981632,219.35807120105522,one shared preloaded model
conv-44-qa-117,lalm,3.974396202534944,10.226599999441532,208.50777499981632,222.70877120179279,one shared preloaded model
conv-44-qa-118,lalm,3.974396202534944,10.121299999809708,208.50777499981632,222.60347120216096,one shared preloaded model
conv-44-qa-119,lalm,3.974396202534944,9.654999999838765,208.50777499981632,222.13717120219002,one shared preloaded model
conv-44-qa-120,lalm,3.974396202534944,7.9401000002690125,139.28337500010457,151.19787120290852,one shared preloaded model
conv-44-qa-121,lalm,3.974396202534944,6.094800000937539,139.28337500010457,149.35257120357704,one shared preloaded model
conv-44-qa-122,lalm,3.974396202534944,10.973700000249664,139.28337500010457,154.23147120288917,one shared preloaded model
conv-44-qa-123,lalm,3.974396202534944,9.454000000914675,139.28337500010457,152.71177120355418,one shared preloaded model
conv-44-qa-124,lalm,3.974396202534944,6.415100000594975,85.97652499975084,96.36602120288076,one shared preloaded model
conv-44-qa-125,lalm,3.974396202534944,6.22520000069926,85.97652499975084,96.17612120298504,one shared preloaded model
conv-44-qa-126,lalm,3.974396202534944,5.733800000598421,85.97652499975084,95.6847212028842,one shared preloaded model
conv-44-qa-127,lalm,3.974396202534944,6.552300001203548,85.97652499975084,96.50322120348933,one shared preloaded model
conv-44-qa-128,lalm,3.974396202534944,6.658000000243192,92.2907250001117,102.92312120288985,one shared preloaded model
conv-44-qa-129,lalm,3.974396202534944,6.309100001089973,92.2907250001117,102.57422120373663,one shared preloaded model
conv-44-qa-130,lalm,3.974396202534944,6.0909000003448455,92.2907250001117,102.3560212029915,one shared preloaded model
conv-44-qa-131,lalm,3.974396202534944,6.389699999999721,92.2907250001117,102.65482120264637,one shared preloaded model
conv-44-qa-132,lalm,3.974396202534944,6.376900000759633,84.32637499981865,94.67767120311323,one shared preloaded model
conv-44-qa-133,lalm,3.974396202534944,6.757099999958882,84.32637499981865,95.05787120231248,one shared preloaded model
conv-44-qa-134,lalm,3.974396202534944,9.0223999995942,84.32637499981865,97.3231712019478,one shared preloaded model
conv-44-qa-135,lalm,3.974396202534944,9.739099999933387,84.32637499981865,98.03987120228699,one shared preloaded model
conv-44-qa-136,lalm,3.974396202534944,6.234599999515922,88.7480249998589,98.95702120190977,one shared preloaded model
conv-44-qa-137,lalm,3.974396202534944,10.593799999696785,88.7480249998589,103.31622120209063,one shared preloaded model
conv-44-qa-138,lalm,3.974396202534944,9.830899998632958,88.7480249998589,102.5533212010268,one shared preloaded model
conv-44-qa-139,lalm,3.974396202534944,9.153400000286638,88.7480249998589,101.87582120268048,one shared preloaded model
conv-44-qa-140,lalm,3.974396202534944,6.788000000597094,122.76937499973428,133.5317712028663,one shared preloaded model
conv-44-qa-141,lalm,3.974396202534944,9.887899999739602,122.76937499973428,136.63167120200882,one shared preloaded model
conv-44-qa-142,lalm,3.974396202534944,9.412399998836918,122.76937499973428,136.15617120110613,one shared preloaded model
conv-44-qa-143,lalm,3.974396202534944,9.279699999751756,122.76937499973428,136.02347120202097,one shared preloaded model
conv-44-qa-144,lalm,3.974396202534944,7.261499999003718,105.43822499994349,116.67412120148215,one shared preloaded model
conv-44-qa-145,lalm,3.974396202534944,9.294800000134273,105.43822499994349,118.70742120261271,one shared preloaded model
conv-44-qa-146,lalm,3.974396202534944,8.807100000922219,105.43822499994349,118.21972120340065,one shared preloaded model
conv-44-qa-147,lalm,3.974396202534944,6.003700000292156,105.43822499994349,115.41632120277059,one shared preloaded model
conv-44-qa-148,lalm,3.974396202534944,5.914499999562395,114.68834999959654,124.57724620169388,one shared preloaded model
conv-44-qa-149,lalm,3.974396202534944,5.596499999228399,114.68834999959654,124.25924620135989,one shared preloaded model
conv-44-qa-150,lalm,3.974396202534944,6.257400000322377,114.68834999959654,124.92014620245386,one shared preloaded model
conv-44-qa-151,lalm,3.974396202534944,6.135199999334873,114.68834999959654,124.79794620146636,one shared preloaded model
conv-44-qa-152,lalm,3.974396202534944,6.062700000256882,91.8974750002235,101.93457120301532,one shared preloaded model
conv-44-qa-153,lalm,3.974396202534944,5.7458999999653315,91.8974750002235,101.61777120272377,one shared preloaded model
conv-44-qa-154,lalm,3.974396202534944,6.429700000808225,91.8974750002235,102.30157120356667,one shared preloaded model
conv-44-qa-155,lalm,3.974396202534944,5.4144000005180715,91.8974750002235,101.28627120327651,one shared preloaded model
conv-44-qa-156,lalm,3.974396202534944,6.6417000016372185,136.04180000038468,146.65789620455683,one shared preloaded model
conv-44-qa-157,lalm,3.974396202534944,6.732499999998254,136.04180000038468,146.74869620291787,one shared preloaded model
conv-47-qa-0,lalm,3.356045789472486,9.804899998925976,84.96375000004264,98.1246957884411,one shared preloaded model
conv-47-qa-1,lalm,3.356045789472486,9.586300000592018,84.96375000004264,97.90609579010714,one shared preloaded model
conv-47-qa-2,lalm,3.356045789472486,9.616199999072705,84.96375000004264,97.93599578858783,one shared preloaded model
conv-47-qa-3,lalm,3.356045789472486,9.828700000070967,84.96375000004264,98.1484957895861,one shared preloaded model
conv-47-qa-4,lalm,3.356045789472486,6.687700000838959,81.2394999998105,91.28324579012195,one shared preloaded model
conv-47-qa-5,lalm,3.356045789472486,9.526200001346297,81.2394999998105,94.12174579062929,one shared preloaded model
conv-47-qa-6,lalm,3.356045789472486,9.782700000869227,81.2394999998105,94.37824579015222,one shared preloaded model
conv-47-qa-7,lalm,3.356045789472486,9.159199998975964,81.2394999998105,93.75474578825896,one shared preloaded model
conv-47-qa-8,lalm,3.356045789472486,5.789300001197262,200.91974999968443,210.06509579035418,one shared preloaded model
conv-47-qa-9,lalm,3.356045789472486,9.934600000633509,200.91974999968443,214.21039578979043,one shared preloaded model
conv-47-qa-10,lalm,3.356045789472486,9.85949999994773,200.91974999968443,214.13529578910465,one shared preloaded model
conv-47-qa-11,lalm,3.356045789472486,9.373400000185939,200.91974999968443,213.64919578934285,one shared preloaded model
conv-47-qa-12,lalm,3.356045789472486,6.459800000811811,79.455125000095,89.2709707903793,one shared preloaded model
conv-47-qa-13,lalm,3.356045789472486,9.765300001163268,79.455125000095,92.57647079073075,one shared preloaded model
conv-47-qa-14,lalm,3.356045789472486,9.898500000417698,79.455125000095,92.70967078998518,one shared preloaded model
conv-47-qa-15,lalm,3.356045789472486,9.164400000372552,79.455125000095,91.97557078994004,one shared preloaded model
conv-47-qa-16,lalm,3.356045789472486,9.136599999692407,475.73940000029324,488.23204578945814,one shared preloaded model
conv-47-qa-17,lalm,3.356045789472486,10.52460000028077,475.73940000029324,489.6200457900465,one shared preloaded model
conv-47-qa-18,lalm,3.356045789472486,9.442000000490225,475.73940000029324,488.53744579025596,one shared preloaded model
conv-47-qa-19,lalm,3.356045789472486,9.657599999627564,475.73940000029324,488.7530457893933,one shared preloaded model
conv-47-qa-20,lalm,3.356045789472486,6.977199998800643,157.15099999988524,167.48424578815838,one shared preloaded model
conv-47-qa-21,lalm,3.356045789472486,9.892399999444024,157.15099999988524,170.39944578880176,one shared preloaded model
conv-47-qa-22,lalm,3.356045789472486,10.266500001307577,157.15099999988524,170.7735457906653,one shared preloaded model
conv-47-qa-23,lalm,3.356045789472486,9.274500000174157,157.15099999988524,169.7815457895319,one shared preloaded model
conv-47-qa-24,lalm,3.356045789472486,7.149099999878672,90.97854999981791,101.48369578916908,one shared preloaded model
conv-47-qa-25,lalm,3.356045789472486,7.597099998747581,90.97854999981791,101.93169578803798,one shared preloaded model
conv-47-qa-26,lalm,3.356045789472486,5.189099998460733,90.97854999981791,99.52369578775114,one shared preloaded model
conv-47-qa-27,lalm,3.356045789472486,6.131799998911447,90.97854999981791,100.46639578820185,one shared preloaded model
conv-47-qa-28,lalm,3.356045789472486,7.289199998922413,149.41499999986263,160.06024578825753,one shared preloaded model
conv-47-qa-29,lalm,3.356045789472486,9.679700000560842,149.41499999986263,162.45074578989596,one shared preloaded model
conv-47-qa-30,lalm,3.356045789472486,9.795199999643955,149.41499999986263,162.56624578897907,one shared preloaded model
conv-47-qa-31,lalm,3.356045789472486,9.369299999889336,149.41499999986263,162.14034578922445,one shared preloaded model
conv-47-qa-32,lalm,3.356045789472486,6.237199999304721,71.57589999997072,81.16914578874793,one shared preloaded model
conv-47-qa-33,lalm,3.356045789472486,10.047699999631732,71.57589999997072,84.97964578907494,one shared preloaded model
conv-47-qa-34,lalm,3.356045789472486,9.251699999367702,71.57589999997072,84.1836457888109,one shared preloaded model
conv-47-qa-35,lalm,3.356045789472486,9.37290000001667,71.57589999997072,84.30484578945988,one shared preloaded model
conv-47-qa-36,lalm,3.356045789472486,6.41650000034133,160.82902500011187,170.6015707899257,one shared preloaded model
conv-47-qa-37,lalm,3.356045789472486,9.463299998969887,160.82902500011187,173.64837078855425,one shared preloaded model
conv-47-qa-38,lalm,3.356045789472486,7.641099999091239,160.82902500011187,171.8261707886756,one shared preloaded model
conv-47-qa-39,lalm,3.356045789472486,9.612399999241461,160.82902500011187,173.79747078882582,one shared preloaded model
conv-47-qa-40,lalm,3.356045789472486,6.110499998612795,152.78957500004253,162.25612078812782,one shared preloaded model
conv-47-qa-41,lalm,3.356045789472486,9.49639999998908,152.78957500004253,165.6420207895041,one shared preloaded model
conv-47-qa-42,lalm,3.356045789472486,9.108500000365893,152.78957500004253,165.25412078988091,one shared preloaded model
conv-47-qa-43,lalm,3.356045789472486,9.797299999263487,152.78957500004253,165.9429207887785,one shared preloaded model
conv-47-qa-44,lalm,3.356045789472486,5.943500000284985,150.8795999998256,160.17914578958306,one shared preloaded model
conv-47-qa-45,lalm,3.356045789472486,5.936899999142042,150.8795999998256,160.17254578844012,one shared preloaded model
conv-47-qa-46,lalm,3.356045789472486,6.08749999992142,150.8795999998256,160.3231457892195,one shared preloaded model
conv-47-qa-47,lalm,3.356045789472486,5.2770000002055895,150.8795999998256,159.51264578950367,one shared preloaded model
conv-47-qa-48,lalm,3.356045789472486,6.540500000483007,79.13014999985535,89.02669578981084,one shared preloaded model
conv-47-qa-49,lalm,3.356045789472486,5.820899999889662,79.13014999985535,88.3070957892175,one shared preloaded model
conv-47-qa-50,lalm,3.356045789472486,7.674999998926069,79.13014999985535,90.1611957882539,one shared preloaded model
conv-47-qa-51,lalm,3.356045789472486,10.335699998904602,79.13014999985535,92.82189578823244,one shared preloaded model
conv-47-qa-52,lalm,3.356045789472486,6.8244000012782635,146.71670000006998,156.89714579082073,one shared preloaded model
conv-47-qa-53,lalm,3.356045789472486,10.17139999930805,146.71670000006998,160.24414578885052,one shared preloaded model
conv-47-qa-54,lalm,3.356045789472486,9.526399999231216,146.71670000006998,159.59914578877368,one shared preloaded model
conv-47-qa-55,lalm,3.356045789472486,9.271900000385358,146.71670000006998,159.34464578992782,one shared preloaded model
conv-47-qa-56,lalm,3.356045789472486,6.713400000080583,116.24152500007767,126.31097078963074,one shared preloaded model
conv-47-qa-57,lalm,3.356045789472486,10.466000001542852,116.24152500007767,130.063570791093,one shared preloaded model
conv-47-qa-58,lalm,3.356045789472486,8.912200000850135,116.24152500007767,128.5097707904003,one shared preloaded model
conv-47-qa-59,lalm,3.356045789472486,6.533499999932246,116.24152500007767,126.13107078948241,one shared preloaded model
conv-47-qa-60,lalm,3.356045789472486,5.67840000076103,80.49214999982723,89.52659579006075,one shared preloaded model
conv-47-qa-61,lalm,3.356045789472486,6.512099998872145,80.49214999982723,90.36029578817187,one shared preloaded model
conv-47-qa-62,lalm,3.356045789472486,6.92940000044473,80.49214999982723,90.77759578974445,one shared preloaded model
conv-47-qa-63,lalm,3.356045789472486,6.3979999995353865,80.49214999982723,90.24619578883511,one shared preloaded model
conv-47-qa-64,lalm,3.356045789472486,5.9106999997311505,149.63499999976193,158.90174578896557,one shared preloaded model
conv-47-qa-65,lalm,3.356045789472486,5.863599999429425,149.63499999976193,158.85464578866384,one shared preloaded model
conv-47-qa-66,lalm,3.356045789472486,8.570800000597956,149.63499999976193,161.56184578983238,one shared preloaded model
conv-47-qa-67,lalm,3.356045789472486,9.340100001281826,149.63499999976193,162.33114579051625,one shared preloaded model
conv-47-qa-68,lalm,3.356045789472486,6.656399998973939,128.234324999994,138.24677078844041,one shared preloaded model
conv-47-qa-69,lalm,3.356045789472486,10.620700000799843,128.234324999994,142.21107079026632,one shared preloaded model
conv-47-qa-70,lalm,3.356045789472486,10.37469999937457,128.234324999994,141.96507078884105,one shared preloaded model
conv-47-qa-71,lalm,3.356045789472486,10.128500000064378,128.234324999994,141.71887078953085,one shared preloaded model
conv-47-qa-72,lalm,3.356045789472486,6.8293999993329635,161.08164999968722,171.26709578849267,one shared preloaded model
conv-47-qa-73,lalm,3.356045789472486,10.624300000927178,161.08164999968722,175.06199579008688,one shared preloaded model
conv-47-qa-74,lalm,3.356045789472486,10.646400000041467,161.08164999968722,175.08409578920117,one shared preloaded model
conv-47-qa-75,lalm,3.356045789472486,10.884499999519903,161.08164999968722,175.3221957886796,one shared preloaded model
conv-47-qa-76,lalm,3.356045789472486,6.345499999952153,140.39342499972918,150.09497078915382,one shared preloaded model
conv-47-qa-77,lalm,3.356045789472486,10.813200000484358,140.39342499972918,154.56267078968602,one shared preloaded model
conv-47-qa-78,lalm,3.356045789472486,9.563100000377744,140.39342499972918,153.3125707895794,one shared preloaded model
conv-47-qa-79,lalm,3.356045789472486,9.730699999636272,140.39342499972918,153.48017078883794,one shared preloaded model
conv-47-qa-80,lalm,3.356045789472486,7.920299998659175,193.66379999974015,204.9401457878718,one shared preloaded model
conv-47-qa-81,lalm,3.356045789472486,9.49150000087684,193.66379999974015,206.51134579008948,one shared preloaded model
conv-47-qa-82,lalm,3.356045789472486,9.856099999524304,193.66379999974015,206.87594578873694,one shared preloaded model
conv-47-qa-83,lalm,3.356045789472486,9.736699999848497,193.66379999974015,206.75654578906114,one shared preloaded model
conv-47-qa-84,lalm,3.356045789472486,7.0446999998239335,83.36139999983061,93.76214578912703,one shared preloaded model
conv-47-qa-85,lalm,3.356045789472486,10.017200000220328,83.36139999983061,96.73464578952343,one shared preloaded model
conv-47-qa-86,lalm,3.356045789472486,9.438600000066799,83.36139999983061,96.1560457893699,one shared preloaded model
conv-47-qa-87,lalm,3.356045789472486,9.487900000749505,83.36139999983061,96.2053457900526,one shared preloaded model
conv-47-qa-88,lalm,3.356045789472486,6.139699999039294,120.30830000003334,129.80404578854512,one shared preloaded model
conv-47-qa-89,lalm,3.356045789472486,5.97379999999248,120.30830000003334,129.6381457894983,one shared preloaded model
conv-47-qa-90,lalm,3.356045789472486,7.17129999975441,120.30830000003334,130.83564578926024,one shared preloaded model
conv-47-qa-91,lalm,3.356045789472486,7.766900000206078,120.30830000003334,131.4312457897119,one shared preloaded model
conv-47-qa-92,lalm,3.356045789472486,6.658899999820278,302.573725000002,312.5886707892948,one shared preloaded model
conv-47-qa-93,lalm,3.356045789472486,11.145199998281896,302.573725000002,317.0749707877564,one shared preloaded model
conv-47-qa-94,lalm,3.356045789472486,10.106800000357907,302.573725000002,316.0365707898324,one shared preloaded model
conv-47-qa-95,lalm,3.356045789472486,8.812199999738368,302.573725000002,314.74197078921287,one shared preloaded model
conv-47-qa-96,lalm,3.356045789472486,7.475899999917601,97.89547500031404,108.72742078970413,one shared preloaded model
conv-47-qa-97,lalm,3.356045789472486,10.205900000073598,97.89547500031404,111.45742078986012,one shared preloaded model
conv-47-qa-98,lalm,3.356045789472486,10.003999999753432,97.89547500031404,111.25552078953996,one shared preloaded model
conv-47-qa-99,lalm,3.356045789472486,9.384900000441121,97.89547500031404,110.63642079022765,one shared preloaded model
conv-47-qa-100,lalm,3.356045789472486,6.744899999830523,129.50445000024047,139.60539578954348,one shared preloaded model
conv-47-qa-101,lalm,3.356045789472486,10.841200000868412,129.50445000024047,143.70169579058137,one shared preloaded model
conv-47-qa-102,lalm,3.356045789472486,9.543900001517613,129.50445000024047,142.40439579123057,one shared preloaded model
conv-47-qa-103,lalm,3.356045789472486,8.186799999748473,129.50445000024047,141.04729578946143,one shared preloaded model
conv-47-qa-104,lalm,3.356045789472486,6.296699999438715,85.49922499969398,95.15197078860518,one shared preloaded model
conv-47-qa-105,lalm,3.356045789472486,9.831100000155857,85.49922499969398,98.68637078932232,one shared preloaded model
conv-47-qa-106,lalm,3.356045789472486,10.420099999464583,85.49922499969398,99.27537078863105,one shared preloaded model
conv-47-qa-107,lalm,3.356045789472486,9.52770000003511,85.49922499969398,98.38297078920158,one shared preloaded model
conv-47-qa-108,lalm,3.356045789472486,6.200399999215733,190.96230000013747,200.5187457888257,one shared preloaded model
conv-47-qa-109,lalm,3.356045789472486,8.111999999528052,190.96230000013747,202.43034578913802,one shared preloaded model
conv-47-qa-110,lalm,3.356045789472486,6.141300000308547,190.96230000013747,200.4596457899185,one shared preloaded model
conv-47-qa-111,lalm,3.356045789472486,5.860899998879177,190.96230000013747,200.17924578848914,one shared preloaded model
conv-47-qa-112,lalm,3.356045789472486,7.042199998977594,126.17200000022422,136.5702457886743,one shared preloaded model
conv-47-qa-113,lalm,3.356045789472486,9.947000000465778,126.17200000022422,139.47504579016248,one shared preloaded model
conv-47-qa-114,lalm,3.356045789472486,9.66329999937443,126.17200000022422,139.19134578907114,one shared preloaded model
conv-47-qa-115,lalm,3.356045789472486,9.382199999890872,126.17200000022422,138.91024578958758,one shared preloaded model
conv-47-qa-116,lalm,3.356045789472486,6.93900000078429,93.84977499985325,104.14482079011003,one shared preloaded model
conv-47-qa-117,lalm,3.356045789472486,10.288299999956507,93.84977499985325,107.49412078928225,one shared preloaded model
conv-47-qa-118,lalm,3.356045789472486,6.112400000347407,93.84977499985325,103.31822078967315,one shared preloaded model
conv-47-qa-119,lalm,3.356045789472486,5.6374000014329795,93.84977499985325,102.84322079075872,one shared preloaded model
conv-47-qa-120,lalm,3.356045789472486,6.2295000006997725,94.71987500000978,104.30542079018204,one shared preloaded model
conv-47-qa-121,lalm,3.356045789472486,10.317199999917648,94.71987500000978,108.39312078939992,one shared preloaded model
conv-47-qa-122,lalm,3.356045789472486,9.608499998648767,94.71987500000978,107.68442078813104,one shared preloaded model
conv-47-qa-123,lalm,3.356045789472486,9.529700000712182,94.71987500000978,107.60562079019445,one shared preloaded model
conv-47-qa-124,lalm,3.356045789472486,7.0495999989361735,163.28727500012974,173.6929207885384,one shared preloaded model
conv-47-qa-125,lalm,3.356045789472486,10.151000000405475,163.28727500012974,176.7943207900077,one shared preloaded model
conv-47-qa-126,lalm,3.356045789472486,10.361299999203766,163.28727500012974,177.004620788806,one shared preloaded model
conv-47-qa-127,lalm,3.356045789472486,9.971700001187855,163.28727500012974,176.61502079079008,one shared preloaded model
conv-47-qa-128,lalm,3.356045789472486,6.369699998685974,79.50302500012185,89.22877078828031,one shared preloaded model
conv-47-qa-129,lalm,3.356045789472486,9.901699999318225,79.50302500012185,92.76077078891257,one shared preloaded model
conv-47-qa-130,lalm,3.356045789472486,9.283800000048359,79.50302500012185,92.1428707896427,one shared preloaded model
conv-47-qa-131,lalm,3.356045789472486,9.906100000080187,79.50302500012185,92.76517078967453,one shared preloaded model
conv-47-qa-132,lalm,3.356045789472486,6.685599999400438,105.60902499992153,115.65067078879446,one shared preloaded model
conv-47-qa-133,lalm,3.356045789472486,10.131799999726354,105.60902499992153,119.09687078912037,one shared preloaded model
conv-47-qa-134,lalm,3.356045789472486,6.263200000830693,105.60902499992153,115.22827079022471,one shared preloaded model
conv-47-qa-135,lalm,3.356045789472486,9.77249999959895,105.60902499992153,118.73757078899297,one shared preloaded model
conv-47-qa-136,lalm,3.356045789472486,6.82050000068557,279.22575000002325,289.4022957901813,one shared preloaded model
conv-47-qa-137,lalm,3.356045789472486,10.196100000030128,279.22575000002325,292.77789578952587,one shared preloaded model
conv-47-qa-138,lalm,3.356045789472486,9.525000001303852,279.22575000002325,292.1067957907996,one shared preloaded model
conv-47-qa-139,lalm,3.356045789472486,9.362600001622923,279.22575000002325,291.94439579111867,one shared preloaded model
conv-47-qa-140,lalm,3.356045789472486,6.845599998996477,211.18497500037847,221.38662078884744,one shared preloaded model
conv-47-qa-141,lalm,3.356045789472486,10.70629999958328,211.18497500037847,225.24732078943424,one shared preloaded model
conv-47-qa-142,lalm,3.356045789472486,10.054500000478583,211.18497500037847,224.59552079032954,one shared preloaded model
conv-47-qa-143,lalm,3.356045789472486,9.361200000057579,211.18497500037847,223.90222078990854,one shared preloaded model
conv-47-qa-144,lalm,3.356045789472486,6.9720999999844935,201.5267999995558,211.8549457890128,one shared preloaded model
conv-47-qa-145,lalm,3.356045789472486,9.42630000099598,201.5267999995558,214.30914579002427,one shared preloaded model
conv-47-qa-146,lalm,3.356045789472486,9.763599999132566,201.5267999995558,214.64644578816086,one shared preloaded model
conv-47-qa-147,lalm,3.356045789472486,9.80840000011085,201.5267999995558,214.69124578913915,one shared preloaded model
conv-47-qa-148,lalm,3.356045789472486,6.5924000009545125,95.02299999985553,104.97144579028253,one shared preloaded model
conv-47-qa-149,lalm,3.356045789472486,9.549099999276223,95.02299999985553,107.92814578860424,one shared preloaded model
conv-47-qa-150,lalm,3.356045789472486,6.942799998796545,95.02299999985553,105.32184578812456,one shared preloaded model
conv-47-qa-151,lalm,3.356045789472486,8.343900000909343,95.02299999985553,106.72294579023736,one shared preloaded model
conv-47-qa-152,lalm,3.356045789472486,6.120799998825532,158.84925000000294,168.32609578830096,one shared preloaded model
conv-47-qa-153,lalm,3.356045789472486,9.37300000077812,158.84925000000294,171.57829579025355,one shared preloaded model
conv-47-qa-154,lalm,3.356045789472486,9.640399999625515,158.84925000000294,171.84569578910094,one shared preloaded model
conv-47-qa-155,lalm,3.356045789472486,9.971800000130315,158.84925000000294,172.17709578960574,one shared preloaded model
conv-47-qa-156,lalm,3.356045789472486,6.1785999987478135,229.2018499997539,238.7364957879742,one shared preloaded model
conv-47-qa-157,lalm,3.356045789472486,5.481399999553105,229.2018499997539,238.0392957887795,one shared preloaded model
conv-47-qa-158,lalm,3.356045789472486,6.586299999980838,229.2018499997539,239.14419578920723,one shared preloaded model
conv-47-qa-159,lalm,3.356045789472486,6.188699999256642,229.2018499997539,238.74659578848303,one shared preloaded model
conv-47-qa-160,lalm,3.356045789472486,6.505700001071091,99.48935000011261,109.35109579065619,one shared preloaded model
conv-47-qa-161,lalm,3.356045789472486,7.253999998283689,99.48935000011261,110.09939578786879,one shared preloaded model
conv-47-qa-162,lalm,3.356045789472486,5.848000000696629,99.48935000011261,108.69339579028173,one shared preloaded model
conv-47-qa-163,lalm,3.356045789472486,5.640299999868148,99.48935000011261,108.48569578945325,one shared preloaded model
conv-47-qa-164,lalm,3.356045789472486,6.376700001055724,224.57827500011263,234.31102079064084,one shared preloaded model
conv-47-qa-165,lalm,3.356045789472486,9.488699999565142,224.57827500011263,237.42302078915026,one shared preloaded model
conv-47-qa-166,lalm,3.356045789472486,9.713299999930314,224.57827500011263,237.64762078951543,one shared preloaded model
conv-47-qa-167,lalm,3.356045789472486,9.839399999691523,224.57827500011263,237.77372078927664,one shared preloaded model
conv-47-qa-168,lalm,3.356045789472486,6.2551999999413965,80.5749249998371,90.18617078925098,one shared preloaded model
conv-47-qa-169,lalm,3.356045789472486,10.093799999594921,80.5749249998371,94.0247707889045,one shared preloaded model
conv-47-qa-170,lalm,3.356045789472486,9.615200000553159,80.5749249998371,93.54617078986274,one shared preloaded model
conv-47-qa-171,lalm,3.356045789472486,9.173899999950663,80.5749249998371,93.10487078926025,one shared preloaded model
conv-47-qa-172,lalm,3.356045789472486,6.770800000595045,86.85102499975983,96.97787078982736,one shared preloaded model
conv-47-qa-173,lalm,3.356045789472486,10.581600001387415,86.85102499975983,100.78867079061973,one shared preloaded model
conv-47-qa-174,lalm,3.356045789472486,9.647099999710917,86.85102499975983,99.85417078894324,one shared preloaded model
conv-47-qa-175,lalm,3.356045789472486,10.097399999722256,86.85102499975983,100.30447078895457,one shared preloaded model
conv-47-qa-176,lalm,3.356045789472486,6.0713000002579065,244.38592500018785,253.81327078991825,one shared preloaded model
conv-47-qa-177,lalm,3.356045789472486,10.439700001370511,244.38592500018785,258.18167079103085,one shared preloaded model
conv-47-qa-178,lalm,3.356045789472486,9.723099999973783,244.38592500018785,257.4650707896341,one shared preloaded model
conv-47-qa-179,lalm,3.356045789472486,6.799400000090827,244.38592500018785,254.54137078975117,one shared preloaded model
conv-47-qa-180,lalm,3.356045789472486,6.459799998992821,219.62717499991413,229.44302078837944,one shared preloaded model
conv-47-qa-181,lalm,3.356045789472486,10.110299999723793,219.62717499991413,233.0935207891104,one shared preloaded model
conv-47-qa-182,lalm,3.356045789472486,9.993800000302144,219.62717499991413,232.97702078968877,one shared preloaded model
conv-47-qa-183,lalm,3.356045789472486,9.91029999931925,219.62717499991413,232.89352078870587,one shared preloaded model
conv-47-qa-184,lalm,3.356045789472486,6.2099999995552935,188.3308000001307,197.89684578915848,one shared preloaded model
conv-47-qa-185,lalm,3.356045789472486,7.73509999999078,188.3308000001307,199.42194578959396,one shared preloaded model
conv-47-qa-186,lalm,3.356045789472486,6.512300000395044,188.3308000001307,198.19914578999823,one shared preloaded model
conv-47-qa-187,lalm,3.356045789472486,5.788299999039737,188.3308000001307,197.47514578864292,one shared preloaded model
conv-47-qa-188,lalm,3.356045789472486,7.160299999668496,187.174949999644,197.691295788785,one shared preloaded model
conv-47-qa-189,lalm,3.356045789472486,9.382900001583039,187.174949999644,199.91389579069954,one shared preloaded model
conv-48-qa-0,lalm,3.1032041841012203,10.29509999898437,82.52479999964635,95.92310418273193,one shared preloaded model
conv-48-qa-1,lalm,3.1032041841012203,9.693600000900915,82.52479999964635,95.32160418464848,one shared preloaded model
conv-48-qa-2,lalm,3.1032041841012203,9.358899998915149,82.52479999964635,94.98690418266271,one shared preloaded model
conv-48-qa-3,lalm,3.1032041841012203,9.613399999579997,82.52479999964635,95.24140418332756,one shared preloaded model
conv-48-qa-4,lalm,3.1032041841012203,6.100600001445855,78.96587499999441,88.16967918554148,one shared preloaded model
conv-48-qa-5,lalm,3.1032041841012203,5.266499998469953,78.96587499999441,87.33557918256558,one shared preloaded model
conv-48-qa-6,lalm,3.1032041841012203,5.935299999691779,78.96587499999441,88.0043791837874,one shared preloaded model
conv-48-qa-7,lalm,3.1032041841012203,5.3776999993715435,78.96587499999441,87.44677918346717,one shared preloaded model
conv-48-qa-8,lalm,3.1032041841012203,5.810699998619384,173.94477499965433,182.85867918237494,one shared preloaded model
conv-48-qa-9,lalm,3.1032041841012203,7.326599999942118,173.94477499965433,184.37457918369768,one shared preloaded model
conv-48-qa-10,lalm,3.1032041841012203,9.46490000023914,173.94477499965433,186.5128791839947,one shared preloaded model
conv-48-qa-11,lalm,3.1032041841012203,6.927500000529108,173.94477499965433,183.97547918428467,one shared preloaded model
conv-48-qa-12,lalm,3.1032041841012203,6.450700000641518,93.55224999990241,103.10615418464515,one shared preloaded model
conv-48-qa-13,lalm,3.1032041841012203,10.167899999942165,93.55224999990241,106.8233541839458,one shared preloaded model
conv-48-qa-14,lalm,3.1032041841012203,9.202799999911804,93.55224999990241,105.85825418391543,one shared preloaded model
conv-48-qa-15,lalm,3.1032041841012203,9.159399998679874,93.55224999990241,105.8148541826835,one shared preloaded model
conv-48-qa-16,lalm,3.1032041841012203,6.085400000301888,149.9054249998153,159.0940291842184,one shared preloaded model
conv-48-qa-17,lalm,3.1032041841012203,5.411600001025363,149.9054249998153,158.4202291849419,one shared preloaded model
conv-48-qa-18,lalm,3.1032041841012203,5.878800000573392,149.9054249998153,158.88742918448992,one shared preloaded model
conv-48-qa-19,lalm,3.1032041841012203,6.1772999997629086,149.9054249998153,159.18592918367943,one shared preloaded model
conv-48-qa-20,lalm,3.1032041841012203,6.8668999992951285,113.77149999998437,123.74160418338072,one shared preloaded model
conv-48-qa-21,lalm,3.1032041841012203,9.950499999831663,113.77149999998437,126.82520418391725,one shared preloaded model
conv-48-qa-22,lalm,3.1032041841012203,9.620100001484388,113.77149999998437,126.49480418556998,one shared preloaded model
conv-48-qa-23,lalm,3.1032041841012203,9.696700000858982,113.77149999998437,126.57140418494457,one shared preloaded model
conv-48-qa-24,lalm,3.1032041841012203,5.98329999957059,121.13632500040694,130.22282918407876,one shared preloaded model
conv-48-qa-25,lalm,3.1032041841012203,5.742499999541906,121.13632500040694,129.98202918405008,one shared preloaded model
conv-48-qa-26,lalm,3.1032041841012203,6.912099999681232,121.13632500040694,131.1516291841894,one shared preloaded model
conv-48-qa-27,lalm,3.1032041841012203,6.717300000673276,121.13632500040694,130.95682918518145,one shared preloaded model
conv-48-qa-28,lalm,3.1032041841012203,8.83579999936046,80.84844999984853,92.7874541833102,one shared preloaded model
conv-48-qa-29,lalm,3.1032041841012203,10.325799999918672,80.84844999984853,94.27745418386841,one shared preloaded model
conv-48-qa-30,lalm,3.1032041841012203,9.900999999445048,80.84844999984853,93.85265418339479,one shared preloaded model
conv-48-qa-31,lalm,3.1032041841012203,9.294999999838183,80.84844999984853,93.24665418378792,one shared preloaded model
conv-48-qa-32,lalm,3.1032041841012203,6.107499999416177,157.76622500015947,166.97692918367687,one shared preloaded model
conv-48-qa-33,lalm,3.1032041841012203,10.117599998920923,157.76622500015947,170.98702918318162,one shared preloaded model
conv-48-qa-34,lalm,3.1032041841012203,9.682199999588192,157.76622500015947,170.5516291838489,one shared preloaded model
conv-48-qa-35,lalm,3.1032041841012203,9.935899999618414,157.76622500015947,170.8053291838791,one shared preloaded model
conv-48-qa-36,lalm,3.1032041841012203,6.2242000003607245,150.767850000193,160.09525418465495,one shared preloaded model
conv-48-qa-37,lalm,3.1032041841012203,9.338300000308664,150.767850000193,163.2093541846029,one shared preloaded model
conv-48-qa-38,lalm,3.1032041841012203,9.816499999942607,150.767850000193,163.68755418423683,one shared preloaded model
conv-48-qa-39,lalm,3.1032041841012203,9.804399998756708,150.767850000193,163.67545418305093,one shared preloaded model
conv-48-qa-40,lalm,3.1032041841012203,6.570600000486593,90.11474999988422,99.78855418447203,one shared preloaded model
conv-48-qa-41,lalm,3.1032041841012203,9.453399999983958,90.11474999988422,102.6713541839694,one shared preloaded model
conv-48-qa-42,lalm,3.1032041841012203,9.816699999646517,90.11474999988422,103.03465418363196,one shared preloaded model
conv-48-qa-43,lalm,3.1032041841012203,9.476200000790413,90.11474999988422,102.69415418477585,one shared preloaded model
conv-48-qa-44,lalm,3.1032041841012203,6.503700000394019,158.5245500000383,168.13145418453354,one shared preloaded model
conv-48-qa-45,lalm,3.1032041841012203,9.825900000578258,158.5245500000383,171.45365418471778,one shared preloaded model
conv-48-qa-46,lalm,3.1032041841012203,9.978299998692819,158.5245500000383,171.60605418283234,one shared preloaded model
conv-48-qa-47,lalm,3.1032041841012203,9.16270000016084,158.5245500000383,170.79045418430036,one shared preloaded model
conv-48-qa-48,lalm,3.1032041841012203,6.354100001772167,175.02829999966707,184.48560418554047,one shared preloaded model
conv-48-qa-49,lalm,3.1032041841012203,9.823899999901187,175.02829999966707,187.9554041836695,one shared preloaded model
conv-48-qa-50,lalm,3.1032041841012203,9.393600001203595,175.02829999966707,187.5251041849719,one shared preloaded model
conv-48-qa-51,lalm,3.1032041841012203,9.171699999569682,175.02829999966707,187.30320418333798,one shared preloaded model
conv-48-qa-52,lalm,3.1032041841012203,7.3140999993484,84.06062499989275,94.47792918334237,one shared preloaded model
conv-48-qa-53,lalm,3.1032041841012203,9.46509999994305,84.06062499989275,96.62892918393702,one shared preloaded model
conv-48-qa-54,lalm,3.1032041841012203,10.195900000326219,84.06062499989275,97.35972918432019,one shared preloaded model
conv-48-qa-55,lalm,3.1032041841012203,9.949600000254577,84.06062499989275,97.11342918424855,one shared preloaded model
conv-48-qa-56,lalm,3.1032041841012203,6.209099999978207,87.85684999975274,97.16915418383216,one shared preloaded model
conv-48-qa-57,lalm,3.1032041841012203,9.889000000839587,87.85684999975274,100.84905418469354,one shared preloaded model
conv-48-qa-58,lalm,3.1032041841012203,9.209699999701115,87.85684999975274,100.16975418355507,one shared preloaded model
conv-48-qa-59,lalm,3.1032041841012203,9.560999998939224,87.85684999975274,100.52105418279318,one shared preloaded model
conv-48-qa-60,lalm,3.1032041841012203,7.011499999862281,162.90299999991475,173.01770418387827,one shared preloaded model
conv-48-qa-61,lalm,3.1032041841012203,9.996799999498762,162.90299999991475,176.00300418351475,one shared preloaded model
conv-48-qa-62,lalm,3.1032041841012203,9.258100000806735,162.90299999991475,175.26430418482272,one shared preloaded model
conv-48-qa-63,lalm,3.1032041841012203,5.558200000450597,162.90299999991475,171.56440418446658,one shared preloaded model
conv-48-qa-64,lalm,3.1032041841012203,6.167400000776979,173.24989999997342,182.52050418485163,one shared preloaded model
conv-48-qa-65,lalm,3.1032041841012203,5.56959999994433,173.24989999997342,181.92270418401898,one shared preloaded model
conv-48-qa-66,lalm,3.1032041841012203,5.305799999405281,173.24989999997342,181.65890418347993,one shared preloaded model
conv-48-qa-67,lalm,3.1032041841012203,6.734299999152427,173.24989999997342,183.08740418322708,one shared preloaded model
conv-48-qa-68,lalm,3.1032041841012203,6.346800000756048,160.80857499991907,170.25857918477635,one shared preloaded model
conv-48-qa-69,lalm,3.1032041841012203,9.579300000041258,160.80857499991907,173.49107918406156,one shared preloaded model
conv-48-qa-70,lalm,3.1032041841012203,9.839100001045153,160.80857499991907,173.75087918506546,one shared preloaded model
conv-48-qa-71,lalm,3.1032041841012203,9.108700000069803,160.80857499991907,173.0204791840901,one shared preloaded model
conv-48-qa-72,lalm,3.1032041841012203,6.236600000192993,332.2657500002606,341.6055541845548,one shared preloaded model
conv-48-qa-73,lalm,3.1032041841012203,10.582299999441602,332.2657500002606,345.9512541838034,one shared preloaded model
conv-48-qa-74,lalm,3.1032041841012203,10.175700001127552,332.2657500002606,345.5446541854894,one shared preloaded model
conv-48-qa-75,lalm,3.1032041841012203,9.124800000790856,332.2657500002606,344.4937541851527,one shared preloaded model
conv-48-qa-76,lalm,3.1032041841012203,6.7698999991989695,153.4292250003091,163.3023291836093,one shared preloaded model
conv-48-qa-77,lalm,3.1032041841012203,9.94390000050771,153.4292250003091,166.47632918491803,one shared preloaded model
conv-48-qa-78,lalm,3.1032041841012203,9.968600001229788,153.4292250003091,166.5010291856401,one shared preloaded model
conv-48-qa-79,lalm,3.1032041841012203,9.294200001022546,153.4292250003091,165.82662918543286,one shared preloaded model
conv-48-qa-80,lalm,3.1032041841012203,5.9172000001126435,154.80412499982776,163.82452918404164,one shared preloaded model
conv-48-qa-81,lalm,3.1032041841012203,6.119800000305986,154.80412499982776,164.02712918423498,one shared preloaded model
conv-48-qa-82,lalm,3.1032041841012203,9.875899999315152,154.80412499982776,167.78322918324415,one shared preloaded model
conv-48-qa-83,lalm,3.1032041841012203,10.00440000098024,154.80412499982776,167.91172918490923,one shared preloaded model
conv-48-qa-84,lalm,3.1032041841012203,6.539199999679113,87.4207749998277,97.06317918360803,one shared preloaded model
conv-48-qa-85,lalm,3.1032041841012203,9.526800000458024,87.4207749998277,100.05077918438694,one shared preloaded model
conv-48-qa-86,lalm,3.1032041841012203,10.034300001279917,87.4207749998277,100.55827918520883,one shared preloaded model
conv-48-qa-87,lalm,3.1032041841012203,9.195700000418583,87.4207749998277,99.7196791843475,one shared preloaded model
conv-48-qa-88,lalm,3.1032041841012203,11.946999999054242,87.84955000010086,102.89975418325632,one shared preloaded model
conv-48-qa-89,lalm,3.1032041841012203,9.935700001733494,87.84955000010086,100.88845418593557,one shared preloaded model
conv-48-qa-90,lalm,3.1032041841012203,9.549299998980132,87.84955000010086,100.50205418318221,one shared preloaded model
conv-48-qa-91,lalm,3.1032041841012203,9.698100000605336,87.84955000010086,100.65085418480741,one shared preloaded model
conv-48-qa-92,lalm,3.1032041841012203,6.030399999872316,78.5040000000663,87.63760418403983,one shared preloaded model
conv-48-qa-93,lalm,3.1032041841012203,5.4608999998890795,78.5040000000663,87.0681041840566,one shared preloaded model
conv-48-qa-94,lalm,3.1032041841012203,6.506400000944268,78.5040000000663,88.11360418511178,one shared preloaded model
conv-48-qa-95,lalm,3.1032041841012203,6.352200000037556,78.5040000000663,87.95940418420507,one shared preloaded model
conv-48-qa-96,lalm,3.1032041841012203,6.218800001079217,167.373575000056,176.69557918523645,one shared preloaded model
conv-48-qa-97,lalm,3.1032041841012203,8.414199999606353,167.373575000056,178.8909791837636,one shared preloaded model
conv-48-qa-98,lalm,3.1032041841012203,7.424800000080722,167.373575000056,177.90157918423796,one shared preloaded model
conv-48-qa-99,lalm,3.1032041841012203,10.032500000306754,167.373575000056,180.509279184464,one shared preloaded model
conv-48-qa-100,lalm,3.1032041841012203,6.97299999956158,157.07022499964296,167.14642918330577,one shared preloaded model
conv-48-qa-101,lalm,3.1032041841012203,7.381199999144883,157.07022499964296,167.55462918288907,one shared preloaded model
conv-48-qa-102,lalm,3.1032041841012203,6.809399999838206,157.07022499964296,166.9828291835824,one shared preloaded model
conv-48-qa-103,lalm,3.1032041841012203,5.181700000321143,157.07022499964296,165.35512918406533,one shared preloaded model
conv-48-qa-104,lalm,3.1032041841012203,7.109499998477986,91.4428000000953,101.6555041826745,one shared preloaded model
conv-48-qa-105,lalm,3.1032041841012203,9.770299999217968,91.4428000000953,104.31630418341449,one shared preloaded model
conv-48-qa-106,lalm,3.1032041841012203,10.071499998957734,91.4428000000953,104.61750418315425,one shared preloaded model
conv-48-qa-107,lalm,3.1032041841012203,6.197799999426934,91.4428000000953,100.74380418362345,one shared preloaded model
conv-48-qa-108,lalm,3.1032041841012203,6.992700000409968,125.27099999988422,135.36690418439542,one shared preloaded model
conv-48-qa-109,lalm,3.1032041841012203,7.992599999852246,125.27099999988422,136.3668041838377,one shared preloaded model
conv-48-qa-110,lalm,3.1032041841012203,7.656400000996655,125.27099999988422,136.0306041849821,one shared preloaded model
conv-48-qa-111,lalm,3.1032041841012203,7.474500000171247,125.27099999988422,135.8487041841567,one shared preloaded model
conv-48-qa-112,lalm,3.1032041841012203,6.0260000009293435,91.79037500007325,100.91957918510381,one shared preloaded model
conv-48-qa-113,lalm,3.1032041841012203,5.285200000798795,91.79037500007325,100.17877918497327,one shared preloaded model
conv-48-qa-114,lalm,3.1032041841012203,5.9873000009247335,91.79037500007325,100.8808791850992,one shared preloaded model
conv-48-qa-115,lalm,3.1032041841012203,7.369200000539422,91.79037500007325,102.26277918471389,one shared preloaded model
conv-48-qa-116,lalm,3.1032041841012203,6.468499999755295,121.15379999977449,130.72550418363102,one shared preloaded model
conv-48-qa-117,lalm,3.1032041841012203,7.465099999535596,121.15379999977449,131.72210418341132,one shared preloaded model
conv-48-qa-118,lalm,3.1032041841012203,6.342299999232637,121.15379999977449,130.59930418310836,one shared preloaded model
conv-48-qa-119,lalm,3.1032041841012203,5.816799999593059,121.15379999977449,130.07380418346878,one shared preloaded model
conv-48-qa-120,lalm,3.1032041841012203,6.903999999849475,80.70487499981027,90.71207918376096,one shared preloaded model
conv-48-qa-121,lalm,3.1032041841012203,10.247400001389906,80.70487499981027,94.0554791853014,one shared preloaded model
conv-48-qa-122,lalm,3.1032041841012203,10.080399999424117,80.70487499981027,93.8884791833356,one shared preloaded model
conv-48-qa-123,lalm,3.1032041841012203,9.86659999944095,80.70487499981027,93.67467918335244,one shared preloaded model
conv-48-qa-124,lalm,3.1032041841012203,6.180299998959526,148.24349999980768,157.52700418286844,one shared preloaded model
conv-48-qa-125,lalm,3.1032041841012203,7.924100000309409,148.24349999980768,159.27080418421832,one shared preloaded model
conv-48-qa-126,lalm,3.1032041841012203,9.570600001097773,148.24349999980768,160.91730418500669,one shared preloaded model
conv-48-qa-127,lalm,3.1032041841012203,10.16189999972994,148.24349999980768,161.50860418363885,one shared preloaded model
conv-48-qa-128,lalm,3.1032041841012203,6.4236999987770105,293.74657499965906,303.2734791825373,one shared preloaded model
conv-48-qa-129,lalm,3.1032041841012203,5.546899999899324,293.74657499965906,302.3966791836596,one shared preloaded model
conv-48-qa-130,lalm,3.1032041841012203,5.49219999993511,293.74657499965906,302.3419791836954,one shared preloaded model
conv-48-qa-131,lalm,3.1032041841012203,5.884700000024168,293.74657499965906,302.73447918378446,one shared preloaded model
conv-48-qa-132,lalm,3.1032041841012203,7.002700000157347,151.74642500005575,161.85232918431433,one shared preloaded model
conv-48-qa-133,lalm,3.1032041841012203,9.807100001125946,151.74642500005575,164.65672918528293,one shared preloaded model
conv-48-qa-134,lalm,3.1032041841012203,9.291499998653308,151.74642500005575,164.1411291828103,one shared preloaded model
conv-48-qa-135,lalm,3.1032041841012203,5.295299999488634,151.74642500005575,160.14492918364562,one shared preloaded model
conv-48-qa-136,lalm,3.1032041841012203,6.680899999992107,345.4075750000811,355.19167918417446,one shared preloaded model
conv-48-qa-137,lalm,3.1032041841012203,9.427900000446243,345.4075750000811,357.9386791846286,one shared preloaded model
conv-48-qa-138,lalm,3.1032041841012203,10.951199999908567,345.4075750000811,359.4619791840909,one shared preloaded model
conv-48-qa-139,lalm,3.1032041841012203,5.92770000002929,345.4075750000811,354.43847918421164,one shared preloaded model
conv-48-qa-140,lalm,3.1032041841012203,9.09219999994093,114.65765000002648,126.85305418406863,one shared preloaded model
conv-48-qa-141,lalm,3.1032041841012203,10.02890000017942,114.65765000002648,127.78975418430711,one shared preloaded model
conv-48-qa-142,lalm,3.1032041841012203,10.163799999645562,114.65765000002648,127.92465418377326,one shared preloaded model
conv-48-qa-143,lalm,3.1032041841012203,9.785199999896577,114.65765000002648,127.54605418402427,one shared preloaded model
conv-48-qa-144,lalm,3.1032041841012203,6.216699999640696,164.57984999988184,173.89975418362377,one shared preloaded model
conv-48-qa-145,lalm,3.1032041841012203,5.26960000024701,164.57984999988184,172.95265418423008,one shared preloaded model
conv-48-qa-146,lalm,3.1032041841012203,5.760599999121041,164.57984999988184,173.44365418310412,one shared preloaded model
conv-48-qa-147,lalm,3.1032041841012203,8.70059999942896,164.57984999988184,176.38365418341203,one shared preloaded model
conv-48-qa-148,lalm,3.1032041841012203,9.707799999887357,87.44005000016841,100.25105418415698,one shared preloaded model
conv-48-qa-149,lalm,3.1032041841012203,5.194499999561231,87.44005000016841,95.73775418383086,one shared preloaded model
conv-48-qa-150,lalm,3.1032041841012203,6.158099999083788,87.44005000016841,96.70135418335342,one shared preloaded model
conv-48-qa-151,lalm,3.1032041841012203,10.890700001255027,87.44005000016841,101.43395418552466,one shared preloaded model
conv-48-qa-152,lalm,3.1032041841012203,6.41400000131398,127.79365000005782,137.31085418547303,one shared preloaded model
conv-48-qa-153,lalm,3.1032041841012203,6.884899999931804,127.79365000005782,137.78175418409086,one shared preloaded model
conv-48-qa-154,lalm,3.1032041841012203,6.45520000034594,127.79365000005782,137.352054184505,one shared preloaded model
conv-48-qa-155,lalm,3.1032041841012203,5.569099999775062,127.79365000005782,136.46595418393412,one shared preloaded model
conv-48-qa-156,lalm,3.1032041841012203,8.488200001011137,172.14335000016945,183.73475418528182,one shared preloaded model
conv-48-qa-157,lalm,3.1032041841012203,9.334899999885238,172.14335000016945,184.58145418415592,one shared preloaded model
conv-48-qa-158,lalm,3.1032041841012203,9.990700000344077,172.14335000016945,185.23725418461476,one shared preloaded model
conv-48-qa-159,lalm,3.1032041841012203,9.543699999994715,172.14335000016945,184.7902541842654,one shared preloaded model
conv-48-qa-160,lalm,3.1032041841012203,7.896600000094622,273.4360250001373,284.43582918433316,one shared preloaded model
conv-48-qa-161,lalm,3.1032041841012203,9.644900001148926,273.4360250001373,286.18412918538746,one shared preloaded model
conv-48-qa-162,lalm,3.1032041841012203,10.240999999950873,273.4360250001373,286.7802291841894,one shared preloaded model
conv-48-qa-163,lalm,3.1032041841012203,5.914800000027753,273.4360250001373,282.4540291842663,one shared preloaded model
conv-48-qa-164,lalm,3.1032041841012203,7.254399999510497,73.55314999995244,83.91075418356415,one shared preloaded model
conv-48-qa-165,lalm,3.1032041841012203,10.168899998461711,73.55314999995244,86.82525418251537,one shared preloaded model
conv-48-qa-166,lalm,3.1032041841012203,9.580599999026163,73.55314999995244,86.23695418307982,one shared preloaded model
conv-48-qa-167,lalm,3.1032041841012203,10.010299998612027,73.55314999995244,86.66665418266568,one shared preloaded model
conv-48-qa-168,lalm,3.1032041841012203,7.570199999463512,229.03652499962845,239.7099291831932,one shared preloaded model
conv-48-qa-169,lalm,3.1032041841012203,9.863400000540423,229.03652499962845,242.0031291842701,one shared preloaded model
conv-48-qa-170,lalm,3.1032041841012203,9.904499998810934,229.03652499962845,242.04422918254062,one shared preloaded model
conv-48-qa-171,lalm,3.1032041841012203,7.638199998837081,229.03652499962845,239.77792918256677,one shared preloaded model
conv-48-qa-172,lalm,3.1032041841012203,6.458800000473275,80.01532499974928,89.57732918432377,one shared preloaded model
conv-48-qa-173,lalm,3.1032041841012203,10.126600000148755,80.01532499974928,93.24512918399925,one shared preloaded model
conv-48-qa-174,lalm,3.1032041841012203,9.845900000073016,80.01532499974928,92.96442918392351,one shared preloaded model
conv-48-qa-175,lalm,3.1032041841012203,10.047199999462464,80.01532499974928,93.16572918331296,one shared preloaded model
conv-48-qa-176,lalm,3.1032041841012203,8.830799999486771,159.67754999974204,171.61155418333004,one shared preloaded model
conv-48-qa-177,lalm,3.1032041841012203,9.936000000379863,159.67754999974204,172.71675418422313,one shared preloaded model
conv-48-qa-178,lalm,3.1032041841012203,10.187500000029104,159.67754999974204,172.96825418387238,one shared preloaded model
conv-48-qa-179,lalm,3.1032041841012203,10.041499999715597,159.67754999974204,172.82225418355887,one shared preloaded model
conv-48-qa-180,lalm,3.1032041841012203,6.628000001001055,280.96134999987044,290.6925541849727,one shared preloaded model
conv-48-qa-181,lalm,3.1032041841012203,9.445100000448292,280.96134999987044,293.50965418441996,one shared preloaded model
conv-48-qa-182,lalm,3.1032041841012203,9.768500000063796,280.96134999987044,293.83305418403546,one shared preloaded model
conv-48-qa-183,lalm,3.1032041841012203,10.001200000260724,280.96134999987044,294.0657541842324,one shared preloaded model
conv-48-qa-184,lalm,3.1032041841012203,6.730400000378722,173.4364750000168,183.27007918449675,one shared preloaded model
conv-48-qa-185,lalm,3.1032041841012203,9.260700000595534,173.4364750000168,185.80037918471356,one shared preloaded model
conv-48-qa-186,lalm,3.1032041841012203,9.68040000043402,173.4364750000168,186.22007918455205,one shared preloaded model
conv-48-qa-187,lalm,3.1032041841012203,10.302599999704398,173.4364750000168,186.84227918382243,one shared preloaded model
conv-48-qa-188,lalm,3.1032041841012203,8.564300000216463,184.3532249999953,196.02072918431298,one shared preloaded model
conv-48-qa-189,lalm,3.1032041841012203,10.635799999363371,184.3532249999953,198.0922291834599,one shared preloaded model
conv-48-qa-190,lalm,3.1032041841012203,9.456499999942025,184.3532249999953,196.91292918403855,one shared preloaded model
conv-48-qa-191,lalm,3.1032041841012203,9.381899999425514,184.3532249999953,196.83832918352203,one shared preloaded model
conv-48-qa-192,lalm,3.1032041841012203,5.843499999173218,79.59732500012251,88.54402918339694,one shared preloaded model
conv-48-qa-193,lalm,3.1032041841012203,5.917899999985821,79.59732500012251,88.61842918420955,one shared preloaded model
conv-48-qa-194,lalm,3.1032041841012203,6.132699998488533,79.59732500012251,88.83322918271226,one shared preloaded model
conv-48-qa-195,lalm,3.1032041841012203,7.039099999019527,79.59732500012251,89.73962918324325,one shared preloaded model
conv-48-qa-196,lalm,3.1032041841012203,6.800200000725454,163.20314999984475,173.10655418467144,one shared preloaded model
conv-48-qa-197,lalm,3.1032041841012203,10.403400001450791,163.20314999984475,176.70975418539678,one shared preloaded model
conv-48-qa-198,lalm,3.1032041841012203,9.79879999977129,163.20314999984475,176.10515418371727,one shared preloaded model
conv-48-qa-199,lalm,3.1032041841012203,10.300200001438498,163.20314999984475,176.60655418538448,one shared preloaded model
conv-48-qa-200,lalm,3.1032041841012203,6.892899999002111,93.70337499967718,103.69947918278051,one shared preloaded model
conv-48-qa-201,lalm,3.1032041841012203,5.198500000915374,93.70337499967718,102.00507918469377,one shared preloaded model
conv-48-qa-202,lalm,3.1032041841012203,5.403099999966798,93.70337499967718,102.2096791837452,one shared preloaded model
conv-48-qa-203,lalm,3.1032041841012203,8.447300000625546,93.70337499967718,105.25387918440394,one shared preloaded model
conv-48-qa-204,lalm,3.1032041841012203,9.889400000247406,88.9113000002908,101.90390418463942,one shared preloaded model
conv-48-qa-205,lalm,3.1032041841012203,6.947400001081405,88.9113000002908,98.96190418547341,one shared preloaded model
conv-48-qa-206,lalm,3.1032041841012203,6.114400001024478,88.9113000002908,98.12890418541649,one shared preloaded model
conv-48-qa-207,lalm,3.1032041841012203,6.156200000987155,88.9113000002908,98.17070418537917,one shared preloaded model
conv-48-qa-208,lalm,3.1032041841012203,7.071699999869452,544.5298499998898,554.7047541838605,one shared preloaded model
conv-48-qa-209,lalm,3.1032041841012203,5.168899999262067,544.5298499998898,552.8019541832531,one shared preloaded model
conv-48-qa-210,lalm,3.1032041841012203,5.309499998475076,544.5298499998898,552.9425541824661,one shared preloaded model
conv-48-qa-211,lalm,3.1032041841012203,9.785299998839037,544.5298499998898,557.4183541828301,one shared preloaded model
conv-48-qa-212,lalm,3.1032041841012203,7.00680000045395,169.74944999992658,179.85945418448176,one shared preloaded model
conv-48-qa-213,lalm,3.1032041841012203,10.3385000002163,169.74944999992658,183.1911541842441,one shared preloaded model
conv-48-qa-214,lalm,3.1032041841012203,9.731999998621177,169.74944999992658,182.584654182649,one shared preloaded model
conv-48-qa-215,lalm,3.1032041841012203,9.450100000321981,169.74944999992658,182.3027541843498,one shared preloaded model
conv-48-qa-216,lalm,3.1032041841012203,8.899399999791058,82.09685000019817,94.09945418409045,one shared preloaded model
conv-48-qa-217,lalm,3.1032041841012203,5.171500000869855,82.09685000019817,90.37155418516924,one shared preloaded model
conv-48-qa-218,lalm,3.1032041841012203,5.771300000560586,82.09685000019817,90.97135418485998,one shared preloaded model
conv-48-qa-219,lalm,3.1032041841012203,10.842600000614766,82.09685000019817,96.04265418491416,one shared preloaded model
conv-48-qa-220,lalm,3.1032041841012203,6.9941000001563225,107.69559999971534,117.79290418397288,one shared preloaded model
conv-48-qa-221,lalm,3.1032041841012203,6.751500000973465,107.69559999971534,117.55030418479002,one shared preloaded model
conv-48-qa-222,lalm,3.1032041841012203,6.143399999928079,107.69559999971534,116.94220418374464,one shared preloaded model
conv-48-qa-223,lalm,3.1032041841012203,5.947900001046946,107.69559999971534,116.7467041848635,one shared preloaded model
conv-48-qa-224,lalm,3.1032041841012203,6.412400000044727,168.99794999972073,178.5135541838667,one shared preloaded model
conv-48-qa-225,lalm,3.1032041841012203,6.169199999931152,168.99794999972073,178.2703541837531,one shared preloaded model
conv-48-qa-226,lalm,3.1032041841012203,9.999300000345102,168.99794999972073,182.10045418416706,one shared preloaded model
conv-48-qa-227,lalm,3.1032041841012203,10.574300000371295,168.99794999972073,182.67545418419326,one shared preloaded model
conv-48-qa-228,lalm,3.1032041841012203,6.576800000402727,217.20690000029208,226.88690418479604,one shared preloaded model
conv-48-qa-229,lalm,3.1032041841012203,10.350900000048568,217.20690000029208,230.66100418444188,one shared preloaded model
conv-48-qa-230,lalm,3.1032041841012203,10.09909999993397,217.20690000029208,230.40920418432728,one shared preloaded model
conv-48-qa-231,lalm,3.1032041841012203,10.00460000068415,217.20690000029208,230.31470418507746,one shared preloaded model
conv-48-qa-232,lalm,3.1032041841012203,6.848199998785276,74.897725000028,84.8491291829145,one shared preloaded model
conv-48-qa-233,lalm,3.1032041841012203,9.696600000097533,74.897725000028,87.69752918422675,one shared preloaded model
conv-48-qa-234,lalm,3.1032041841012203,9.107800000492716,74.897725000028,87.10872918462194,one shared preloaded model
conv-48-qa-235,lalm,3.1032041841012203,6.955799999559531,74.897725000028,84.95672918368875,one shared preloaded model
conv-48-qa-236,lalm,3.1032041841012203,6.901299999299226,175.2696666662814,185.27417084968187,one shared preloaded model
conv-48-qa-237,lalm,3.1032041841012203,9.834000000410015,175.2696666662814,188.20687085079265,one shared preloaded model
conv-48-qa-238,lalm,3.1032041841012203,11.013999999704538,175.2696666662814,189.38687085008718,one shared preloaded model
conv-49-qa-0,lalm,2.891243367341712,6.773999999495572,99.21952500008047,108.88476836691775,one shared preloaded model
conv-49-qa-1,lalm,2.891243367341712,5.968199999188073,99.21952500008047,108.07896836661025,one shared preloaded model
conv-49-qa-2,lalm,2.891243367341712,6.00269999995362,99.21952500008047,108.1134683673758,one shared preloaded model
conv-49-qa-3,lalm,2.891243367341712,7.5629999992088415,99.21952500008047,109.67376836663102,one shared preloaded model
conv-49-qa-4,lalm,2.891243367341712,8.611799999926006,103.8730499999474,115.37609336721512,one shared preloaded model
conv-49-qa-5,lalm,2.891243367341712,8.789100000285544,103.8730499999474,115.55339336757466,one shared preloaded model
conv-49-qa-6,lalm,2.891243367341712,5.84300000082294,103.8730499999474,112.60729336811205,one shared preloaded model
conv-49-qa-7,lalm,2.891243367341712,5.986799998936476,103.8730499999474,112.75109336622559,one shared preloaded model
conv-49-qa-8,lalm,2.891243367341712,6.3188000003719935,150.20684999990408,159.41689336761777,one shared preloaded model
conv-49-qa-9,lalm,2.891243367341712,6.738500000210479,150.20684999990408,159.83659336745626,one shared preloaded model
conv-49-qa-10,lalm,2.891243367341712,6.523499998365878,150.20684999990408,159.62159336561166,one shared preloaded model
conv-49-qa-11,lalm,2.891243367341712,5.916300000535557,150.20684999990408,159.01439336778134,one shared preloaded model
conv-49-qa-12,lalm,2.891243367341712,7.360399999015499,206.79315000006682,217.04479336642402,one shared preloaded model
conv-49-qa-13,lalm,2.891243367341712,10.360899999795947,206.79315000006682,220.04529336720447,one shared preloaded model
conv-49-qa-14,lalm,2.891243367341712,9.444900000744383,206.79315000006682,219.1292933681529,one shared preloaded model
conv-49-qa-15,lalm,2.891243367341712,8.951199999501114,206.79315000006682,218.63559336690963,one shared preloaded model
conv-49-qa-16,lalm,2.891243367341712,6.7001000006712275,146.79935000003752,156.39069336805045,one shared preloaded model
conv-49-qa-17,lalm,2.891243367341712,6.256299999222392,146.79935000003752,155.9468933666016,one shared preloaded model
conv-49-qa-18,lalm,2.891243367341712,5.846100000781007,146.79935000003752,155.53669336816023,one shared preloaded model
conv-49-qa-19,lalm,2.891243367341712,6.730199998855824,146.79935000003752,156.42079336623505,one shared preloaded model
conv-49-qa-20,lalm,2.891243367341712,6.5211000000999775,304.39537500024016,313.80771836768184,one shared preloaded model
conv-49-qa-21,lalm,2.891243367341712,5.951200000708923,304.39537500024016,313.2378183682908,one shared preloaded model
conv-49-qa-22,lalm,2.891243367341712,5.83080000069458,304.39537500024016,313.11741836827645,one shared preloaded model
conv-49-qa-23,lalm,2.891243367341712,6.165400000099908,304.39537500024016,313.4520183676818,one shared preloaded model
conv-49-qa-24,lalm,2.891243367341712,6.317300001683179,117.17875000022104,126.38729336924594,one shared preloaded model
conv-49-qa-25,lalm,2.891243367341712,6.659800001216354,117.17875000022104,126.72979336877911,one shared preloaded model
conv-49-qa-26,lalm,2.891243367341712,6.310299999313429,117.17875000022104,126.38029336687619,one shared preloaded model
conv-49-qa-27,lalm,2.891243367341712,6.169899999804329,117.17875000022104,126.23989336736709,one shared preloaded model
conv-49-qa-28,lalm,2.891243367341712,7.365800000115996,154.59464999958072,164.85169336703842,one shared preloaded model
conv-49-qa-29,lalm,2.891243367341712,10.10139999925741,154.59464999958072,167.58729336617984,one shared preloaded model
conv-49-qa-30,lalm,2.891243367341712,9.967400001187343,154.59464999958072,167.45329336810977,one shared preloaded model
conv-49-qa-31,lalm,2.891243367341712,10.004899999330519,154.59464999958072,167.49079336625294,one shared preloaded model
conv-49-qa-32,lalm,2.891243367341712,6.1826000001019565,167.2206250000272,176.29446836747087,one shared preloaded model
conv-49-qa-33,lalm,2.891243367341712,5.212199999732547,167.2206250000272,175.32406836710146,one shared preloaded model
conv-49-qa-34,lalm,2.891243367341712,5.952800000159186,167.2206250000272,176.0646683675281,one shared preloaded model
conv-49-qa-35,lalm,2.891243367341712,9.737700000187033,167.2206250000272,179.84956836755595,one shared preloaded model
conv-49-qa-36,lalm,2.891243367341712,6.484400000772439,97.5605749999886,106.93621836810276,one shared preloaded model
conv-49-qa-37,lalm,2.891243367341712,10.659600000508362,97.5605749999886,111.11141836783868,one shared preloaded model
conv-49-qa-38,lalm,2.891243367341712,10.71849999971164,97.5605749999886,111.17031836704196,one shared preloaded model
conv-49-qa-39,lalm,2.891243367341712,9.966600000552717,97.5605749999886,110.41841836788304,one shared preloaded model
conv-49-qa-40,lalm,2.891243367341712,6.67530000100669,158.19007500022053,167.75661836856892,one shared preloaded model
conv-49-qa-41,lalm,2.891243367341712,9.517100001176004,158.19007500022053,170.59841836873824,one shared preloaded model
conv-49-qa-42,lalm,2.891243367341712,9.939600000507198,158.19007500022053,171.02091836806943,one shared preloaded model
conv-49-qa-43,lalm,2.891243367341712,9.651099999246071,158.19007500022053,170.7324183668083,one shared preloaded model
conv-49-qa-44,lalm,2.891243367341712,6.151100000352017,89.51079999997091,98.55314336766465,one shared preloaded model
conv-49-qa-45,lalm,2.891243367341712,9.35370000115654,89.51079999997091,101.75574336846917,one shared preloaded model
conv-49-qa-46,lalm,2.891243367341712,10.125000000698492,89.51079999997091,102.52704336801112,one shared preloaded model
conv-49-qa-47,lalm,2.891243367341712,9.560200000123587,89.51079999997091,101.96224336743622,one shared preloaded model
conv-49-qa-48,lalm,2.891243367341712,6.786899999497109,95.35472500010655,105.03286836694538,one shared preloaded model
conv-49-qa-49,lalm,2.891243367341712,9.652800001276773,95.35472500010655,107.89876836872504,one shared preloaded model
conv-49-qa-50,lalm,2.891243367341712,9.844199999861303,95.35472500010655,108.09016836730957,one shared preloaded model
conv-49-qa-51,lalm,2.891243367341712,9.904299999107025,95.35472500010655,108.1502683665553,one shared preloaded model
conv-49-qa-52,lalm,2.891243367341712,9.613600001102895,118.96207500012679,131.46691836857138,one shared preloaded model
conv-49-qa-53,lalm,2.891243367341712,11.06429999890679,118.96207500012679,132.91761836637528,one shared preloaded model
conv-49-qa-54,lalm,2.891243367341712,10.194700000283774,118.96207500012679,132.04801836775226,one shared preloaded model
conv-49-qa-55,lalm,2.891243367341712,10.38959999823419,118.96207500012679,132.24291836570268,one shared preloaded model
conv-49-qa-56,lalm,2.891243367341712,9.286999998948886,164.53157500018278,176.70981836647337,one shared preloaded model
conv-49-qa-57,lalm,2.891243367341712,10.71090000004915,164.53157500018278,178.13371836757364,one shared preloaded model
conv-49-qa-58,lalm,2.891243367341712,10.813700000653625,164.53157500018278,178.2365183681781,one shared preloaded model
conv-49-qa-59,lalm,2.891243367341712,10.997900000802474,164.53157500018278,178.42071836832696,one shared preloaded model
conv-49-qa-60,lalm,2.891243367341712,6.168899999465793,150.71767500012356,159.77781836693106,one shared preloaded model
conv-49-qa-61,lalm,2.891243367341712,7.4214999985997565,150.71767500012356,161.03041836606502,one shared preloaded model
conv-49-qa-62,lalm,2.891243367341712,9.970199998861062,150.71767500012356,163.57911836632633,one shared preloaded model
conv-49-qa-63,lalm,2.891243367341712,9.45270000011078,150.71767500012356,163.06161836757605,one shared preloaded model
conv-49-qa-64,lalm,2.891243367341712,7.992999999260064,84.11172499972963,94.99596836633141,one shared preloaded model
conv-49-qa-65,lalm,2.891243367341712,6.492399999842746,84.11172499972963,93.4953683669141,one shared preloaded model
conv-49-qa-66,lalm,2.891243367341712,5.943599999227445,84.11172499972963,92.94656836629879,one shared preloaded model
conv-49-qa-67,lalm,2.891243367341712,6.2617000003228895,84.11172499972963,93.26466836739424,one shared preloaded model
conv-49-qa-68,lalm,2.891243367341712,6.5109000006486895,191.236724999726,200.63886836771638,one shared preloaded model
conv-49-qa-69,lalm,2.891243367341712,10.376700000051642,191.236724999726,204.50466836711934,one shared preloaded model
conv-49-qa-70,lalm,2.891243367341712,9.24959999974817,191.236724999726,203.37756836681586,one shared preloaded model
conv-49-qa-71,lalm,2.891243367341712,9.433299999727751,191.236724999726,203.56126836679545,one shared preloaded model
conv-49-qa-72,lalm,2.891243367341712,6.463199999416247,134.4527249998464,143.80716836660434,one shared preloaded model
conv-49-qa-73,lalm,2.891243367341712,5.672600000252714,134.4527249998464,143.0165683674408,one shared preloaded model
conv-49-qa-74,lalm,2.891243367341712,7.670399998460198,134.4527249998464,145.0143683656483,one shared preloaded model
conv-49-qa-75,lalm,2.891243367341712,5.395299998781411,134.4527249998464,142.7392683659695,one shared preloaded model
conv-49-qa-76,lalm,2.891243367341712,7.283900000402355,82.98092499990162,93.15606836764569,one shared preloaded model
conv-49-qa-77,lalm,2.891243367341712,10.027700000136974,82.98092499990162,95.89986836738031,one shared preloaded model
conv-49-qa-78,lalm,2.891243367341712,9.354400001029717,82.98092499990162,95.22656836827305,one shared preloaded model
conv-49-qa-79,lalm,2.891243367341712,9.381699999721604,82.98092499990162,95.25386836696494,one shared preloaded model
conv-49-qa-80,lalm,2.891243367341712,6.875999999465421,167.34885000005306,177.11609336686018,one shared preloaded model
conv-49-qa-81,lalm,2.891243367341712,6.5406000012444565,167.34885000005306,176.78069336863922,one shared preloaded model
conv-49-qa-82,lalm,2.891243367341712,5.554899998969631,167.34885000005306,175.7949933663644,one shared preloaded model
conv-49-qa-83,lalm,2.891243367341712,6.535600001370767,167.34885000005306,176.77569336876553,one shared preloaded model
conv-49-qa-84,lalm,2.891243367341712,8.109200000035344,90.01239999997779,101.01284336735485,one shared preloaded model
conv-49-qa-85,lalm,2.891243367341712,6.224900000233902,90.01239999997779,99.1285433675534,one shared preloaded model
conv-49-qa-86,lalm,2.891243367341712,9.663799999543699,90.01239999997779,102.5674433668632,one shared preloaded model
conv-49-qa-87,lalm,2.891243367341712,10.094999999637366,90.01239999997779,102.99864336695687,one shared preloaded model
conv-49-qa-88,lalm,2.891243367341712,5.887600000278326,90.00330000026224,98.78214336788228,one shared preloaded model
conv-49-qa-89,lalm,2.891243367341712,7.095799999660812,90.00330000026224,99.99034336726477,one shared preloaded model
conv-49-qa-90,lalm,2.891243367341712,6.706300000587362,90.00330000026224,99.60084336819132,one shared preloaded model
conv-49-qa-91,lalm,2.891243367341712,7.048600000416627,90.00330000026224,99.94314336802059,one shared preloaded model
conv-49-qa-92,lalm,2.891243367341712,6.758899999113055,97.77570000005653,107.4258433665113,one shared preloaded model
conv-49-qa-93,lalm,2.891243367341712,9.671499999967637,97.77570000005653,110.33844336736588,one shared preloaded model
conv-49-qa-94,lalm,2.891243367341712,10.249799999655806,97.77570000005653,110.91674336705405,one shared preloaded model
conv-49-qa-95,lalm,2.891243367341712,9.413600000698352,97.77570000005653,110.0805433680966,one shared preloaded model
conv-49-qa-96,lalm,2.891243367341712,6.460599999627448,180.20715000011478,189.55899336708393,one shared preloaded model
conv-49-qa-97,lalm,2.891243367341712,9.4915999998193,180.20715000011478,192.58999336727578,one shared preloaded model
conv-49-qa-98,lalm,2.891243367341712,10.34339999932854,180.20715000011478,193.44179336678502,one shared preloaded model
conv-49-qa-99,lalm,2.891243367341712,9.382000000186963,180.20715000011478,192.48039336764344,one shared preloaded model
conv-49-qa-100,lalm,2.891243367341712,6.762699998944299,206.284400000186,215.938343366472,one shared preloaded model
conv-49-qa-101,lalm,2.891243367341712,10.032700000010664,206.284400000186,219.20834336753836,one shared preloaded model
conv-49-qa-102,lalm,2.891243367341712,9.7819000002346,206.284400000186,218.9575433677623,one shared preloaded model
conv-49-qa-103,lalm,2.891243367341712,9.563400000843103,206.284400000186,218.7390433683708,one shared preloaded model
conv-49-qa-104,lalm,2.891243367341712,8.915200000046752,133.2492500000626,145.05569336745106,one shared preloaded model
conv-49-qa-105,lalm,2.891243367341712,9.222200000294833,133.2492500000626,145.36269336769914,one shared preloaded model
conv-49-qa-106,lalm,2.891243367341712,9.955100000297534,133.2492500000626,146.09559336770184,one shared preloaded model
conv-49-qa-107,lalm,2.891243367341712,9.69509999958973,133.2492500000626,145.83559336699403,one shared preloaded model
conv-49-qa-108,lalm,2.891243367341712,7.090499999321764,88.40272499992352,98.384468366587,one shared preloaded model
conv-49-qa-109,lalm,2.891243367341712,10.151700000278652,88.40272499992352,101.44566836754389,one shared preloaded model
conv-49-qa-110,lalm,2.891243367341712,9.51340000028722,88.40272499992352,100.80736836755246,one shared preloaded model
conv-49-qa-111,lalm,2.891243367341712,10.374100000262843,88.40272499992352,101.66806836752808,one shared preloaded model
conv-49-qa-112,lalm,2.891243367341712,8.34739999845624,97.9072999998607,109.14594336565865,one shared preloaded model
conv-49-qa-113,lalm,2.891243367341712,9.637400000428897,97.9072999998607,110.43594336763131,one shared preloaded model
conv-49-qa-114,lalm,2.891243367341712,9.703300000182935,97.9072999998607,110.50184336738535,one shared preloaded model
conv-49-qa-115,lalm,2.891243367341712,9.273499999835622,97.9072999998607,110.07204336703803,one shared preloaded model
conv-49-qa-116,lalm,2.891243367341712,6.126800000856747,80.01122499990743,89.02926836810589,one shared preloaded model
conv-49-qa-117,lalm,2.891243367341712,5.372699999497854,80.01122499990743,88.275168366747,one shared preloaded model
conv-49-qa-118,lalm,2.891243367341712,5.521999999473337,80.01122499990743,88.42446836672248,one shared preloaded model
conv-49-qa-119,lalm,2.891243367341712,6.115700000009383,80.01122499990743,89.01816836725853,one shared preloaded model
conv-49-qa-120,lalm,2.891243367341712,6.580100000064704,146.0761499997716,155.547493367178,one shared preloaded model
conv-49-qa-121,lalm,2.891243367341712,9.807599999476224,146.0761499997716,158.7749933665895,one shared preloaded model
conv-49-qa-122,lalm,2.891243367341712,9.386100000483566,146.0761499997716,158.35349336759685,one shared preloaded model
conv-49-qa-123,lalm,2.891243367341712,10.05049999912444,146.0761499997716,159.01789336623773,one shared preloaded model
conv-49-qa-124,lalm,2.891243367341712,6.147499998405692,179.91452500018568,188.95326836593307,one shared preloaded model
conv-49-qa-125,lalm,2.891243367341712,10.083799999847542,179.91452500018568,192.88956836737492,one shared preloaded model
conv-49-qa-126,lalm,2.891243367341712,9.80619999972987,179.91452500018568,192.61196836725725,one shared preloaded model
conv-49-qa-127,lalm,2.891243367341712,9.351099999548751,179.91452500018568,192.15686836707613,one shared preloaded model
conv-49-qa-128,lalm,2.891243367341712,6.555399999342626,89.86559999993915,99.31224336662349,one shared preloaded model
conv-49-qa-129,lalm,2.891243367341712,10.560599999735132,89.86559999993915,103.317443367016,one shared preloaded model
conv-49-qa-130,lalm,2.891243367341712,10.160599998926045,89.86559999993915,102.91744336620691,one shared preloaded model
conv-49-qa-131,lalm,2.891243367341712,9.98040000013134,89.86559999993915,102.7372433674122,one shared preloaded model
conv-49-qa-132,lalm,2.891243367341712,7.153099999413826,108.50562499990701,118.54996836666255,one shared preloaded model
conv-49-qa-133,lalm,2.891243367341712,9.763099998963298,108.50562499990701,121.15996836621203,one shared preloaded model
conv-49-qa-134,lalm,2.891243367341712,9.49649999893154,108.50562499990701,120.89336836618027,one shared preloaded model
conv-49-qa-135,lalm,2.891243367341712,9.423499999684282,108.50562499990701,120.82036836693301,one shared preloaded model
conv-49-qa-136,lalm,2.891243367341712,6.324299998595961,174.08902499983014,183.3045683657678,one shared preloaded model
conv-49-qa-137,lalm,2.891243367341712,6.396000000677304,174.08902499983014,183.37626836784915,one shared preloaded model
conv-49-qa-138,lalm,2.891243367341712,9.8400999995647,174.08902499983014,186.82036836673655,one shared preloaded model
conv-49-qa-139,lalm,2.891243367341712,9.410700000444194,174.08902499983014,186.39096836761604,one shared preloaded model
conv-49-qa-140,lalm,2.891243367341712,7.962800000314019,86.86152500013122,97.71556836778696,one shared preloaded model
conv-49-qa-141,lalm,2.891243367341712,5.657999998220475,86.86152500013122,95.41076836569341,one shared preloaded model
conv-49-qa-142,lalm,2.891243367341712,7.197400000222842,86.86152500013122,96.95016836769578,one shared preloaded model
conv-49-qa-143,lalm,2.891243367341712,9.548999998514773,86.86152500013122,99.30176836598771,one shared preloaded model
conv-49-qa-144,lalm,2.891243367341712,6.831500000771484,267.09894999976314,276.8216933678763,one shared preloaded model
conv-49-qa-145,lalm,2.891243367341712,9.498699999312521,267.09894999976314,279.48889336641736,one shared preloaded model
conv-49-qa-146,lalm,2.891243367341712,9.458200000153738,267.09894999976314,279.4483933672586,one shared preloaded model
conv-49-qa-147,lalm,2.891243367341712,9.364100000311737,267.09894999976314,279.3542933674166,one shared preloaded model
conv-49-qa-148,lalm,2.891243367341712,6.575199999133474,118.38127500004703,127.84771836652222,one shared preloaded model
conv-49-qa-149,lalm,2.891243367341712,10.059500000352273,118.38127500004703,131.332018367741,one shared preloaded model
conv-49-qa-150,lalm,2.891243367341712,9.626799999750801,118.38127500004703,130.89931836713953,one shared preloaded model
conv-49-qa-151,lalm,2.891243367341712,9.741199999552919,118.38127500004703,131.01371836694165,one shared preloaded model
conv-49-qa-152,lalm,2.891243367341712,6.150999999590567,157.25762499960183,166.2998683665341,one shared preloaded model
conv-49-qa-153,lalm,2.891243367341712,10.0044999999227,157.25762499960183,170.15336836686623,one shared preloaded model
conv-49-qa-154,lalm,2.891243367341712,9.754300001077354,157.25762499960183,169.90316836802089,one shared preloaded model
conv-49-qa-155,lalm,2.891243367341712,10.142999999516178,157.25762499960183,170.2918683664597,one shared preloaded model
conv-49-qa-156,lalm,2.891243367341712,6.762900000467198,110.77384999998685,120.42799336779576,one shared preloaded model
conv-49-qa-157,lalm,2.891243367341712,10.12540000010631,110.77384999998685,123.79049336743488,one shared preloaded model
conv-49-qa-158,lalm,2.891243367341712,9.036399998876732,110.77384999998685,122.7014933662053,one shared preloaded model
conv-49-qa-159,lalm,2.891243367341712,8.688899999469868,110.77384999998685,122.35399336679843,one shared preloaded model
conv-49-qa-160,lalm,2.891243367341712,6.001899999318994,105.79710000001796,114.69024336667867,one shared preloaded model
conv-49-qa-161,lalm,2.891243367341712,6.748600000719307,105.79710000001796,115.43694336807899,one shared preloaded model
conv-49-qa-162,lalm,2.891243367341712,9.275200000047334,105.79710000001796,117.96354336740701,one shared preloaded model
conv-49-qa-163,lalm,2.891243367341712,9.85939999918628,105.79710000001796,118.54774336654596,one shared preloaded model
conv-49-qa-164,lalm,2.891243367341712,6.091399998695124,81.88672500000393,90.86936836604077,one shared preloaded model
conv-49-qa-165,lalm,2.891243367341712,5.15839999934542,81.88672500000393,89.93636836669107,one shared preloaded model
conv-49-qa-166,lalm,2.891243367341712,6.154700000479352,81.88672500000393,90.932668367825,one shared preloaded model
conv-49-qa-167,lalm,2.891243367341712,6.871499999760999,81.88672500000393,91.64946836710665,one shared preloaded model
conv-49-qa-168,lalm,2.891243367341712,6.887900000947411,137.9584999999679,147.737643368257,one shared preloaded model
conv-49-qa-169,lalm,2.891243367341712,5.585199998677126,137.9584999999679,146.43494336598673,one shared preloaded model
conv-49-qa-170,lalm,2.891243367341712,5.562999998801388,137.9584999999679,146.412743366111,one shared preloaded model
conv-49-qa-171,lalm,2.891243367341712,6.851300000562333,137.9584999999679,147.70104336787193,one shared preloaded model
conv-49-qa-172,lalm,2.891243367341712,5.99540000075649,82.48890000004394,91.37554336814215,one shared preloaded model
conv-49-qa-173,lalm,2.891243367341712,6.100399999922956,82.48890000004394,91.48054336730861,one shared preloaded model
conv-49-qa-174,lalm,2.891243367341712,6.144099999801256,82.48890000004394,91.52424336718691,one shared preloaded model
conv-49-qa-175,lalm,2.891243367341712,5.82859999849461,82.48890000004394,91.20874336588027,one shared preloaded model
conv-49-qa-176,lalm,2.891243367341712,6.010200000673649,81.15270000007513,90.0541433680905,one shared preloaded model
conv-49-qa-177,lalm,2.891243367341712,7.567099999505444,81.15270000007513,91.61104336692229,one shared preloaded model
conv-49-qa-178,lalm,2.891243367341712,10.161000000152853,81.15270000007513,94.2049433675697,one shared preloaded model
conv-49-qa-179,lalm,2.891243367341712,10.902800000621937,81.15270000007513,94.94674336803878,one shared preloaded model
conv-49-qa-180,lalm,2.891243367341712,6.530799999381998,150.64705000031609,160.06909336703978,one shared preloaded model
conv-49-qa-181,lalm,2.891243367341712,6.311400000413414,150.64705000031609,159.8496933680712,one shared preloaded model
conv-49-qa-182,lalm,2.891243367341712,5.5191999999806285,150.64705000031609,159.05749336763841,one shared preloaded model
conv-49-qa-183,lalm,2.891243367341712,5.627300000924151,150.64705000031609,159.16559336858194,one shared preloaded model
conv-49-qa-184,lalm,2.891243367341712,8.271899998362642,97.2449000000779,108.40804336578226,one shared preloaded model
conv-49-qa-185,lalm,2.891243367341712,6.030600001395214,97.2449000000779,106.16674336881483,one shared preloaded model
conv-49-qa-186,lalm,2.891243367341712,9.221799999068025,97.2449000000779,109.35794336648765,one shared preloaded model
conv-49-qa-187,lalm,2.891243367341712,9.824700000535813,97.2449000000779,109.96084336795543,one shared preloaded model
conv-49-qa-188,lalm,2.891243367341712,6.6853999996965285,93.78902499975084,103.36566836678908,one shared preloaded model
conv-49-qa-189,lalm,2.891243367341712,6.988699999055825,93.78902499975084,103.66896836614838,one shared preloaded model
conv-49-qa-190,lalm,2.891243367341712,5.4441000011138385,93.78902499975084,102.12436836820639,one shared preloaded model
conv-49-qa-191,lalm,2.891243367341712,5.583600001045852,93.78902499975084,102.2638683681384,one shared preloaded model
conv-49-qa-192,lalm,2.891243367341712,6.584100001418847,106.61767500005226,116.09301836881282,one shared preloaded model
conv-49-qa-193,lalm,2.891243367341712,10.428300000057789,106.61767500005226,119.93721836745176,one shared preloaded model
conv-49-qa-194,lalm,2.891243367341712,9.504400000878377,106.61767500005226,119.01331836827235,one shared preloaded model
conv-49-qa-195,lalm,2.891243367341712,9.763800000655465,106.61767500005226,119.27271836804944,one shared preloaded model
conv-50-qa-0,lalm,3.2079911764626825,9.845900000073016,115.11690000043018,128.17079117696588,one shared preloaded model
conv-50-qa-1,lalm,3.2079911764626825,9.636000000682543,115.11690000043018,127.9608911775754,one shared preloaded model
conv-50-qa-2,lalm,3.2079911764626825,9.776599999895552,115.11690000043018,128.10149117678841,one shared preloaded model
conv-50-qa-3,lalm,3.2079911764626825,9.632499999497668,115.11690000043018,127.95739117639053,one shared preloaded model
conv-50-qa-4,lalm,3.2079911764626825,6.517600000734092,94.75522499997169,104.48081617716846,one shared preloaded model
conv-50-qa-5,lalm,3.2079911764626825,5.296700001053978,94.75522499997169,103.25991617748835,one shared preloaded model
conv-50-qa-6,lalm,3.2079911764626825,6.339700001262827,94.75522499997169,104.3029161776972,one shared preloaded model
conv-50-qa-7,lalm,3.2079911764626825,6.161999999676482,94.75522499997169,104.12521617611085,one shared preloaded model
conv-50-qa-8,lalm,3.2079911764626825,6.190799998876173,120.38672499966196,129.78551617500082,one shared preloaded model
conv-50-qa-9,lalm,3.2079911764626825,5.4579999996349216,120.38672499966196,129.05271617575957,one shared preloaded model
conv-50-qa-10,lalm,3.2079911764626825,6.144999999378342,120.38672499966196,129.739716175503,one shared preloaded model
conv-50-qa-11,lalm,3.2079911764626825,6.067399999665213,120.38672499966196,129.66211617578986,one shared preloaded model
conv-50-qa-12,lalm,3.2079911764626825,7.213400000182446,125.63935000025594,136.06074117690108,one shared preloaded model
conv-50-qa-13,lalm,3.2079911764626825,5.189599998630001,125.63935000025594,134.03694117534863,one shared preloaded model
conv-50-qa-14,lalm,3.2079911764626825,5.435400000351365,125.63935000025594,134.28274117707,one shared preloaded model
conv-50-qa-15,lalm,3.2079911764626825,6.48899999941932,125.63935000025594,135.33634117613795,one shared preloaded model
conv-50-qa-16,lalm,3.2079911764626825,5.906200000026729,155.23110000003726,164.34529117652667,one shared preloaded model
conv-50-qa-17,lalm,3.2079911764626825,5.238499999904889,155.23110000003726,163.67759117640483,one shared preloaded model
conv-50-qa-18,lalm,3.2079911764626825,9.633699999540113,155.23110000003726,168.07279117604006,one shared preloaded model
conv-50-qa-19,lalm,3.2079911764626825,9.401100000104634,155.23110000003726,167.84019117660458,one shared preloaded model
conv-50-qa-20,lalm,3.2079911764626825,6.2087999995128484,95.36102499987464,104.77781617585018,one shared preloaded model
conv-50-qa-21,lalm,3.2079911764626825,8.162199999787845,95.36102499987464,106.73121617612517,one shared preloaded model
conv-50-qa-22,lalm,3.2079911764626825,11.002499999449356,95.36102499987464,109.57151617578668,one shared preloaded model
conv-50-qa-23,lalm,3.2079911764626825,10.208100000454579,95.36102499987464,108.7771161767919,one shared preloaded model
conv-50-qa-24,lalm,3.2079911764626825,6.221699999514385,164.52815000002374,173.9578411760008,one shared preloaded model
conv-50-qa-25,lalm,3.2079911764626825,10.120900000401889,164.52815000002374,177.85704117688832,one shared preloaded model
conv-50-qa-26,lalm,3.2079911764626825,9.239600000000792,164.52815000002374,176.97574117648722,one shared preloaded model
conv-50-qa-27,lalm,3.2079911764626825,9.349300000394578,164.52815000002374,177.085441176881,one shared preloaded model
conv-50-qa-28,lalm,3.2079911764626825,6.640300000071875,183.2813249998253,193.12961617635986,one shared preloaded model
conv-50-qa-29,lalm,3.2079911764626825,9.381699999721604,183.2813249998253,195.8710161760096,one shared preloaded model
conv-50-qa-30,lalm,3.2079911764626825,9.894000000713277,183.2813249998253,196.38331617700126,one shared preloaded model
conv-50-qa-31,lalm,3.2079911764626825,9.75549999930081,183.2813249998253,196.2448161755888,one shared preloaded model
conv-50-qa-32,lalm,3.2079911764626825,6.620000000111759,116.50782500009882,126.33581617667326,one shared preloaded model
conv-50-qa-33,lalm,3.2079911764626825,9.29329999962647,116.50782500009882,129.00911617618797,one shared preloaded model
conv-50-qa-34,lalm,3.2079911764626825,9.812500000407454,116.50782500009882,129.52831617696896,one shared preloaded model
conv-50-qa-35,lalm,3.2079911764626825,9.459599999900092,116.50782500009882,129.1754161764616,one shared preloaded model
conv-50-qa-36,lalm,3.2079911764626825,8.391699999265256,122.65999999999622,134.25969117572416,one shared preloaded model
conv-50-qa-37,lalm,3.2079911764626825,9.266299999580951,122.65999999999622,135.13429117603985,one shared preloaded model
conv-50-qa-38,lalm,3.2079911764626825,9.722100001454237,122.65999999999622,135.59009117791314,one shared preloaded model
conv-50-qa-39,lalm,3.2079911764626825,9.95399999919755,122.65999999999622,135.82199117565645,one shared preloaded model
conv-50-qa-40,lalm,3.2079911764626825,6.54719999874942,82.4512499998491,92.2064411750612,one shared preloaded model
conv-50-qa-41,lalm,3.2079911764626825,10.532399999647168,82.4512499998491,96.19164117595895,one shared preloaded model
conv-50-qa-42,lalm,3.2079911764626825,9.790899999643443,82.4512499998491,95.45014117595522,one shared preloaded model
conv-50-qa-43,lalm,3.2079911764626825,9.26400000025751,82.4512499998491,94.92324117656929,one shared preloaded model
conv-50-qa-44,lalm,3.2079911764626825,8.027299998502713,161.9940749997113,173.2293661746767,one shared preloaded model
conv-50-qa-45,lalm,3.2079911764626825,6.153800000902265,161.9940749997113,171.35586617707625,one shared preloaded model
conv-50-qa-46,lalm,3.2079911764626825,6.30760000058217,161.9940749997113,171.50966617675616,one shared preloaded model
conv-50-qa-47,lalm,3.2079911764626825,6.01979999919422,161.9940749997113,171.2218661753682,one shared preloaded model
conv-50-qa-48,lalm,3.2079911764626825,6.418000000849133,103.81427499987694,113.44026617718876,one shared preloaded model
conv-50-qa-49,lalm,3.2079911764626825,10.586399999738205,103.81427499987694,117.60866617607783,one shared preloaded model
conv-50-qa-50,lalm,3.2079911764626825,9.529399998427834,103.81427499987694,116.55166617476746,one shared preloaded model
conv-50-qa-51,lalm,3.2079911764626825,8.258199999545468,103.81427499987694,115.2804661758851,one shared preloaded model
conv-50-qa-52,lalm,3.2079911764626825,6.3795999994908925,224.2767749999075,233.86436617586108,one shared preloaded model
conv-50-qa-53,lalm,3.2079911764626825,5.258900000626454,224.2767749999075,232.74366617699664,one shared preloaded model
conv-50-qa-54,lalm,3.2079911764626825,5.251399999906425,224.2767749999075,232.7361661762766,one shared preloaded model
conv-50-qa-55,lalm,3.2079911764626825,6.424299999707728,224.2767749999075,233.9090661760779,one shared preloaded model
conv-50-qa-56,lalm,3.2079911764626825,6.456799999796203,362.08069999975123,371.7454911760101,one shared preloaded model
conv-50-qa-57,lalm,3.2079911764626825,10.079099998620222,362.08069999975123,375.3677911748341,one shared preloaded model
conv-50-qa-58,lalm,3.2079911764626825,6.773000000976026,362.08069999975123,372.0616911771899,one shared preloaded model
conv-50-qa-59,lalm,3.2079911764626825,6.2849999994796235,362.08069999975123,371.5736911756935,one shared preloaded model
conv-50-qa-60,lalm,3.2079911764626825,6.197400000019115,163.29659999973956,172.70199117622136,one shared preloaded model
conv-50-qa-61,lalm,3.2079911764626825,9.943600000042352,163.29659999973956,176.4481911762446,one shared preloaded model
conv-50-qa-62,lalm,3.2079911764626825,9.57879999987199,163.29659999973956,176.08339117607423,one shared preloaded model
conv-50-qa-63,lalm,3.2079911764626825,9.681600000476465,163.29659999973956,176.1861911766787,one shared preloaded model
conv-50-qa-64,lalm,3.2079911764626825,6.008099999235128,164.132525000241,173.34861617593882,one shared preloaded model
conv-50-qa-65,lalm,3.2079911764626825,5.693799999789917,164.132525000241,173.0343161764936,one shared preloaded model
conv-50-qa-66,lalm,3.2079911764626825,5.789300001197262,164.132525000241,173.12981617790095,one shared preloaded model
conv-50-qa-67,lalm,3.2079911764626825,6.721000001562061,164.132525000241,174.06151617826575,one shared preloaded model
conv-50-qa-68,lalm,3.2079911764626825,6.481500000518281,192.30830000014976,201.99779117713072,one shared preloaded model
conv-50-qa-69,lalm,3.2079911764626825,9.274500000174157,192.30830000014976,204.7907911767866,one shared preloaded model
conv-50-qa-70,lalm,3.2079911764626825,9.543199999825447,192.30830000014976,205.0594911764379,one shared preloaded model
conv-50-qa-71,lalm,3.2079911764626825,8.174999999027932,192.30830000014976,203.69129117564037,one shared preloaded model
conv-50-qa-72,lalm,3.2079911764626825,7.276300000739866,86.8363749996206,97.32066617682315,one shared preloaded model
conv-50-qa-73,lalm,3.2079911764626825,9.799699999348377,86.8363749996206,99.84406617543166,one shared preloaded model
conv-50-qa-74,lalm,3.2079911764626825,10.083700000905083,86.8363749996206,100.12806617698837,one shared preloaded model
conv-50-qa-75,lalm,3.2079911764626825,6.71409999995376,86.8363749996206,96.75846617603705,one shared preloaded model
conv-50-qa-76,lalm,3.2079911764626825,6.253100000321865,227.27379999969344,236.734891176478,one shared preloaded model
conv-50-qa-77,lalm,3.2079911764626825,7.983099998455145,227.27379999969344,238.46489117461127,one shared preloaded model
conv-50-qa-78,lalm,3.2079911764626825,9.530600000289269,227.27379999969344,240.0123911764454,one shared preloaded model
conv-50-qa-79,lalm,3.2079911764626825,9.55919999978505,227.27379999969344,240.04099117594117,one shared preloaded model
conv-50-qa-80,lalm,3.2079911764626825,6.359799999700044,140.29932499988718,149.8671161760499,one shared preloaded model
conv-50-qa-81,lalm,3.2079911764626825,10.070500000438187,140.29932499988718,153.57781617678805,one shared preloaded model
conv-50-qa-82,lalm,3.2079911764626825,9.452499998587882,140.29932499988718,152.95981617493774,one shared preloaded model
conv-50-qa-83,lalm,3.2079911764626825,9.163100001387647,140.29932499988718,152.6704161777375,one shared preloaded model
conv-50-qa-84,lalm,3.2079911764626825,6.180399999720976,110.04962500010151,119.43801617628517,one shared preloaded model
conv-50-qa-85,lalm,3.2079911764626825,9.974700000384473,110.04962500010151,123.23231617694867,one shared preloaded model
conv-50-qa-86,lalm,3.2079911764626825,10.075099999085069,110.04962500010151,123.33271617564927,one shared preloaded model
conv-50-qa-87,lalm,3.2079911764626825,11.794500000178232,110.04962500010151,125.05211617674243,one shared preloaded model
conv-50-qa-88,lalm,3.2079911764626825,6.785100000342936,83.9770249999674,93.97011617677302,one shared preloaded model
conv-50-qa-89,lalm,3.2079911764626825,9.449499999391264,83.9770249999674,96.63451617582135,one shared preloaded model
conv-50-qa-90,lalm,3.2079911764626825,9.656799998992938,83.9770249999674,96.84181617542302,one shared preloaded model
conv-50-qa-91,lalm,3.2079911764626825,9.46979999935138,83.9770249999674,96.65481617578146,one shared preloaded model
conv-50-qa-92,lalm,3.2079911764626825,6.30749999982072,125.25577500036889,134.7712661766523,one shared preloaded model
conv-50-qa-93,lalm,3.2079911764626825,6.676099999822327,125.25577500036889,135.1398661766539,one shared preloaded model
conv-50-qa-94,lalm,3.2079911764626825,6.56659999913245,125.25577500036889,135.03036617596402,one shared preloaded model
conv-50-qa-95,lalm,3.2079911764626825,6.194699999468867,125.25577500036889,134.65846617630044,one shared preloaded model
conv-50-qa-96,lalm,3.2079911764626825,6.1600000008184,245.2496250002696,254.61761617755067,one shared preloaded model
conv-50-qa-97,lalm,3.2079911764626825,9.62230000004638,245.2496250002696,258.0799161767786,one shared preloaded model
conv-50-qa-98,lalm,3.2079911764626825,10.220899999694666,245.2496250002696,258.6785161764269,one shared preloaded model
conv-50-qa-99,lalm,3.2079911764626825,9.091399999306304,245.2496250002696,257.54901617603855,one shared preloaded model
conv-50-qa-100,lalm,3.2079911764626825,6.91489999917394,249.58647500034203,259.70936617597863,one shared preloaded model
conv-50-qa-101,lalm,3.2079911764626825,6.844499999715481,249.58647500034203,259.63896617652017,one shared preloaded model
conv-50-qa-102,lalm,3.2079911764626825,6.047299999409006,249.58647500034203,258.8417661762137,one shared preloaded model
conv-50-qa-103,lalm,3.2079911764626825,6.108300000050804,249.58647500034203,258.9027661768555,one shared preloaded model
conv-50-qa-104,lalm,3.2079911764626825,6.381099999998696,158.43124999992142,168.0203411763828,one shared preloaded model
conv-50-qa-105,lalm,3.2079911764626825,5.515400000149384,158.43124999992142,167.1546411765335,one shared preloaded model
conv-50-qa-106,lalm,3.2079911764626825,6.3389000006282,158.43124999992142,167.9781411770123,one shared preloaded model
conv-50-qa-107,lalm,3.2079911764626825,6.178300000101444,158.43124999992142,167.81754117648555,one shared preloaded model
conv-50-qa-108,lalm,3.2079911764626825,6.403100000170525,129.53504999995857,139.14614117659178,one shared preloaded model
conv-50-qa-109,lalm,3.2079911764626825,5.8702999995148275,129.53504999995857,138.61334117593609,one shared preloaded model
conv-50-qa-110,lalm,3.2079911764626825,5.79959999959101,129.53504999995857,138.54264117601227,one shared preloaded model
conv-50-qa-111,lalm,3.2079911764626825,8.787200000369921,129.53504999995857,141.53024117679118,one shared preloaded model
conv-50-qa-112,lalm,3.2079911764626825,6.584799999473034,256.6418250003153,266.434616176251,one shared preloaded model
conv-50-qa-113,lalm,3.2079911764626825,9.516800000710646,256.6418250003153,269.3666161774886,one shared preloaded model
conv-50-qa-114,lalm,3.2079911764626825,11.393500000849599,256.6418250003153,271.24331617762755,one shared preloaded model
conv-50-qa-115,lalm,3.2079911764626825,10.513299999729497,256.6418250003153,270.36311617650745,one shared preloaded model
conv-50-qa-116,lalm,3.2079911764626825,6.216800000402145,148.51332499983982,157.93811617670465,one shared preloaded model
conv-50-qa-117,lalm,3.2079911764626825,5.3960999994160375,148.51332499983982,157.11741617571855,one shared preloaded model
conv-50-qa-118,lalm,3.2079911764626825,5.698900000425056,148.51332499983982,157.42021617672756,one shared preloaded model
conv-50-qa-119,lalm,3.2079911764626825,6.493599999885191,148.51332499983982,158.2149161761877,one shared preloaded model
conv-50-qa-120,lalm,3.2079911764626825,8.086100000582519,205.46999999987747,216.76409117692268,one shared preloaded model
conv-50-qa-121,lalm,3.2079911764626825,9.746199999426608,205.46999999987747,218.42419117576677,one shared preloaded model
conv-50-qa-122,lalm,3.2079911764626825,9.332900001027156,205.46999999987747,218.0108911773673,one shared preloaded model
conv-50-qa-123,lalm,3.2079911764626825,9.050000000570435,205.46999999987747,217.7279911769106,one shared preloaded model
conv-50-qa-124,lalm,3.2079911764626825,6.874200000311248,85.24010000019189,95.32229117696582,one shared preloaded model
conv-50-qa-125,lalm,3.2079911764626825,5.2835000005870825,85.24010000019189,93.73159117724165,one shared preloaded model
conv-50-qa-126,lalm,3.2079911764626825,10.301899999831221,85.24010000019189,98.74999117648579,one shared preloaded model
conv-50-qa-127,lalm,3.2079911764626825,9.859900001174537,85.24010000019189,98.30799117782911,one shared preloaded model
conv-50-qa-128,lalm,3.2079911764626825,6.854100000055041,124.62314999993396,134.68524117645168,one shared preloaded model
conv-50-qa-129,lalm,3.2079911764626825,9.515399999145302,124.62314999993396,137.34654117554194,one shared preloaded model
conv-50-qa-130,lalm,3.2079911764626825,9.998199999245116,124.62314999993396,137.82934117564176,one shared preloaded model
conv-50-qa-131,lalm,3.2079911764626825,9.36579999870446,124.62314999993396,137.1969411751011,one shared preloaded model
conv-50-qa-132,lalm,3.2079911764626825,6.522200001199963,451.28297500014014,461.01316617780276,one shared preloaded model
conv-50-qa-133,lalm,3.2079911764626825,9.959900000467314,451.28297500014014,464.4508661770701,one shared preloaded model
conv-50-qa-134,lalm,3.2079911764626825,7.304799999474199,451.28297500014014,461.795766176077,one shared preloaded model
conv-50-qa-135,lalm,3.2079911764626825,5.918299999393639,451.28297500014014,460.40926617599644,one shared preloaded model
conv-50-qa-136,lalm,3.2079911764626825,7.403300000078161,115.98194999987754,126.59324117641839,one shared preloaded model
conv-50-qa-137,lalm,3.2079911764626825,10.130199998457101,115.98194999987754,129.32014117479733,one shared preloaded model
conv-50-qa-138,lalm,3.2079911764626825,9.50600000032864,115.98194999987754,128.69594117666887,one shared preloaded model
conv-50-qa-139,lalm,3.2079911764626825,9.604099999705795,115.98194999987754,128.79404117604602,one shared preloaded model
conv-50-qa-140,lalm,3.2079911764626825,6.1732999984087655,84.54177499970683,93.92306617457828,one shared preloaded model
conv-50-qa-141,lalm,3.2079911764626825,6.5752999998949235,84.54177499970683,94.32506617606444,one shared preloaded model
conv-50-qa-142,lalm,3.2079911764626825,8.32769999942684,84.54177499970683,96.07746617559636,one shared preloaded model
conv-50-qa-143,lalm,3.2079911764626825,9.27629999932833,84.54177499970683,97.02606617549785,one shared preloaded model
conv-50-qa-144,lalm,3.2079911764626825,7.027300000117975,130.66667499970208,140.90196617628274,one shared preloaded model
conv-50-qa-145,lalm,3.2079911764626825,9.654399998908048,130.66667499970208,143.5290661750728,one shared preloaded model
conv-50-qa-146,lalm,3.2079911764626825,10.174200000619749,130.66667499970208,144.04886617678451,one shared preloaded model
conv-50-qa-147,lalm,3.2079911764626825,9.721999998873798,130.66667499970208,143.59666617503856,one shared preloaded model
conv-50-qa-148,lalm,3.2079911764626825,6.525700000565848,233.96322499957023,243.69691617659876,one shared preloaded model
conv-50-qa-149,lalm,3.2079911764626825,10.453899998537963,233.96322499957023,247.62511617457088,one shared preloaded model
conv-50-qa-150,lalm,3.2079911764626825,8.950399998866487,233.96322499957023,246.1216161748994,one shared preloaded model
conv-50-qa-151,lalm,3.2079911764626825,5.191800000829971,233.96322499957023,242.36301617686289,one shared preloaded model
conv-50-qa-152,lalm,3.2079911764626825,6.149599999844213,168.3780499997738,177.7356411760807,one shared preloaded model
conv-50-qa-153,lalm,3.2079911764626825,5.911000000196509,168.3780499997738,177.497041176433,one shared preloaded model
conv-50-qa-154,lalm,3.2079911764626825,9.957400001439964,168.3780499997738,181.54344117767644,one shared preloaded model
conv-50-qa-155,lalm,3.2079911764626825,9.125000000494765,168.3780499997738,180.71104117673124,one shared preloaded model
conv-50-qa-156,lalm,3.2079911764626825,7.217099999252241,131.38065000021015,141.80574117592508,one shared preloaded model
conv-50-qa-157,lalm,3.2079911764626825,9.310800000093877,131.38065000021015,143.89944117676671,one shared preloaded model
conv-50-qa-158,lalm,3.2079911764626825,7.673199999771896,131.38065000021015,142.26184117644473,one shared preloaded model
conv-50-qa-159,lalm,3.2079911764626825,6.021900000632741,131.38065000021015,140.61054117730558,one shared preloaded model
conv-50-qa-160,lalm,3.2079911764626825,6.528600000820006,93.88687499995285,103.62346617723554,one shared preloaded model
conv-50-qa-161,lalm,3.2079911764626825,9.524900000542402,93.88687499995285,106.61976617695794,one shared preloaded model
conv-50-qa-162,lalm,3.2079911764626825,9.911600000123144,93.88687499995285,107.00646617653868,one shared preloaded model
conv-50-qa-163,lalm,3.2079911764626825,9.361699998407857,93.88687499995285,106.4565661748234,one shared preloaded model
conv-50-qa-164,lalm,3.2079911764626825,6.558799999766052,94.84597499977099,104.61276617599972,one shared preloaded model
conv-50-qa-165,lalm,3.2079911764626825,7.1637999990343815,94.84597499977099,105.21776617526805,one shared preloaded model
conv-50-qa-166,lalm,3.2079911764626825,10.37720000022091,94.84597499977099,108.43116617645458,one shared preloaded model
conv-50-qa-167,lalm,3.2079911764626825,9.701099999801954,94.84597499977099,107.75506617603563,one shared preloaded model
conv-50-qa-168,lalm,3.2079911764626825,6.661200000962708,101.6640500001813,111.5332411776067,one shared preloaded model
conv-50-qa-169,lalm,3.2079911764626825,9.768099998836988,101.6640500001813,114.64014117548098,one shared preloaded model
conv-50-qa-170,lalm,3.2079911764626825,10.061099999802536,101.6640500001813,114.93314117644653,one shared preloaded model
conv-50-qa-171,lalm,3.2079911764626825,9.28589999966789,101.6640500001813,114.15794117631188,one shared preloaded model
conv-50-qa-172,lalm,3.2079911764626825,8.452199999737786,87.48435000006793,99.1445411762684,one shared preloaded model
conv-50-qa-173,lalm,3.2079911764626825,9.565099999235827,87.48435000006793,100.25744117576644,one shared preloaded model
conv-50-qa-174,lalm,3.2079911764626825,9.538799999063485,87.48435000006793,100.2311411755941,one shared preloaded model
conv-50-qa-175,lalm,3.2079911764626825,9.43350000125065,87.48435000006793,100.12584117778127,one shared preloaded model
conv-50-qa-176,lalm,3.2079911764626825,6.408600000213482,80.88402500015945,90.50061617683562,one shared preloaded model
conv-50-qa-177,lalm,3.2079911764626825,10.291399999914574,80.88402500015945,94.38341617653671,one shared preloaded model
conv-50-qa-178,lalm,3.2079911764626825,9.882300000754185,80.88402500015945,93.97431617737632,one shared preloaded model
conv-50-qa-179,lalm,3.2079911764626825,9.519699999145814,80.88402500015945,93.61171617576795,one shared preloaded model
conv-50-qa-180,lalm,3.2079911764626825,6.000699999276549,107.0608249997349,116.26951617547414,one shared preloaded model
conv-50-qa-181,lalm,3.2079911764626825,5.539800000406103,107.0608249997349,115.80861617660369,one shared preloaded model
conv-50-qa-182,lalm,3.2079911764626825,6.328400000711554,107.0608249997349,116.59721617690914,one shared preloaded model
conv-50-qa-183,lalm,3.2079911764626825,9.180699998978525,107.0608249997349,119.44951617517611,one shared preloaded model
conv-50-qa-184,lalm,3.2079911764626825,6.495199999335455,93.93724999972619,103.64044117552433,one shared preloaded model
conv-50-qa-185,lalm,3.2079911764626825,9.422799999811104,93.93724999972619,106.56804117599998,one shared preloaded model
conv-50-qa-186,lalm,3.2079911764626825,6.546399999933783,93.93724999972619,103.69164117612266,one shared preloaded model
conv-50-qa-187,lalm,3.2079911764626825,6.534500000270782,93.93724999972619,103.67974117645966,one shared preloaded model
conv-50-qa-188,lalm,3.2079911764626825,6.485199999588076,85.89917500012234,95.5923661761731,one shared preloaded model
conv-50-qa-189,lalm,3.2079911764626825,9.320600000137347,85.89917500012234,98.42776617672237,one shared preloaded model
conv-50-qa-190,lalm,3.2079911764626825,9.86900000134483,85.89917500012234,98.97616617792985,one shared preloaded model
conv-50-qa-191,lalm,3.2079911764626825,9.717099999761558,85.89917500012234,98.82426617634658,one shared preloaded model
conv-50-qa-192,lalm,3.2079911764626825,6.265100000746315,89.2184500003168,98.6915411775258,one shared preloaded model
conv-50-qa-193,lalm,3.2079911764626825,5.267700000331388,89.2184500003168,97.69414117711088,one shared preloaded model
conv-50-qa-194,lalm,3.2079911764626825,6.443599999329308,89.2184500003168,98.8700411761088,one shared preloaded model
conv-50-qa-195,lalm,3.2079911764626825,6.359300001349766,89.2184500003168,98.78574117812926,one shared preloaded model
conv-50-qa-196,lalm,3.2079911764626825,7.884800001193071,159.92342499976075,171.0162161774165,one shared preloaded model
conv-50-qa-197,lalm,3.2079911764626825,10.303400000339025,159.92342499976075,173.43481617656246,one shared preloaded model
conv-50-qa-198,lalm,3.2079911764626825,9.830500001044129,159.92342499976075,172.96191617726757,one shared preloaded model
conv-50-qa-199,lalm,3.2079911764626825,10.43019999997341,159.92342499976075,173.56161617619685,one shared preloaded model
conv-50-qa-200,lalm,3.2079911764626825,8.684200000061537,142.66637499986246,154.55856617638668,one shared preloaded model
conv-50-qa-201,lalm,3.2079911764626825,9.094300001379452,142.66637499986246,154.9686661777046,one shared preloaded model
conv-50-qa-202,lalm,3.2079911764626825,7.269800000358373,142.66637499986246,153.1441661766835,one shared preloaded model
conv-50-qa-203,lalm,3.2079911764626825,6.800200000725454,142.66637499986246,152.6745661770506,one shared preloaded model
