example_id,agent,update_ms,read_ms,generation_ms,end_to_end_ms,model_loading_policy
syn-3440a264ae436e2e,vanilla,0.49670000043988694,0.0008999995770864189,542.3391000003903,542.8367000004073,one shared preloaded model
syn-ee85a2eb73c947cd,vanilla,0.03260000084992498,0.0006999998731771484,194.37070000094536,194.40400000166846,one shared preloaded model
syn-b6e8394405665f30,vanilla,0.03260000084992498,0.0005999991117278114,190.43770000098448,190.47090000094613,one shared preloaded model
syn-0cb85fc1aed79509,vanilla,0.02990000029967632,0.0005000001692678779,193.93640000089363,193.96680000136257,one shared preloaded model
syn-aac1706bd01384f5,vanilla,0.031100000342121348,0.0006000009307172149,194.9410999986867,194.97279999995953,one shared preloaded model
syn-4d401e31677101a0,vanilla,0.029499999072868377,0.0005000001692678779,192.10000000020955,192.12999999945168,one shared preloaded model
syn-ab333df2fafd0073,vanilla,0.028700000257231295,0.0005999991117278114,196.95359999968787,196.98289999905683,one shared preloaded model
syn-f1f654b2bfd381e1,vanilla,0.028000000384054147,0.0002999986463692039,192.08480000088457,192.113099999915,one shared preloaded model
syn-778176880403e6d9,vanilla,0.03870000000461005,0.0005999991117278114,194.50229999893054,194.54159999804688,one shared preloaded model
syn-3c4077e56334e964,vanilla,0.029699998776777647,0.0006000009307172149,197.54210000064631,197.5724000003538,one shared preloaded model
syn-14e763ddf9ace4e6,vanilla,0.028899999961140566,0.0005999991117278114,196.24730000032287,196.27679999939573,one shared preloaded model
syn-f45b33739fa0bb9f,vanilla,0.027399999453336932,0.00030000046535860747,204.51750000029278,204.54520000021148,one shared preloaded model
syn-884dd5f55b8212d1,vanilla,0.026899999284069054,0.00039999940781854093,197.60059999862278,197.62789999731467,one shared preloaded model
syn-796678a6e0af208b,vanilla,0.0365999985660892,0.0005000001692678779,195.36080000034417,195.39789999907953,one shared preloaded model
syn-eda8868f1c2fece2,vanilla,0.03719999949680641,0.0004999983502784744,241.4788000005501,241.5164999983972,one shared preloaded model
syn-7f9cd78bd0658737,vanilla,0.08759999946050812,0.0006000009307172149,237.14259999906062,237.23079999945185,one shared preloaded model
syn-61b2832d5fdf51ee,vanilla,0.027799998861155473,0.0005000001692678779,193.94960000136052,193.97790000039095,one shared preloaded model
syn-5598ae5c57ad5073,vanilla,0.025000001187436283,0.0005000001692678779,218.55540000069595,218.58090000205266,one shared preloaded model
syn-4e2b16b30bf94099,vanilla,0.0366000003850786,0.0004999983502784744,248.8114999996469,248.84859999838227,one shared preloaded model
syn-797af88ee2bb879b,vanilla,0.02879999919969123,0.0005999991117278114,202.38700000118115,202.41639999949257,one shared preloaded model
syn-0cf696b7cf2485d5,vanilla,0.02950000089185778,0.00039999940781854093,186.86159999924712,186.8914999995468,one shared preloaded model
syn-d02759cdbf3baaeb,vanilla,0.06860000030428637,0.0004000012268079445,202.1537000000535,202.2227000015846,one shared preloaded model
syn-ca975f12399ac72d,vanilla,0.025100000129896216,0.0004000012268079445,201.84669999980542,201.87220000116213,one shared preloaded model
syn-1c68388573fae08d,vanilla,0.032899999496294186,0.0005999991117278114,202.28799999858893,202.32149999719695,one shared preloaded model
syn-5a9a91a52114c69a,vanilla,0.02910000148403924,0.0005000001692678779,195.44970000060857,195.47930000226188,one shared preloaded model
syn-c9224d63212d8aca,vanilla,0.030499999411404133,0.0006999998731771484,197.08780000109982,197.1190000003844,one shared preloaded model
syn-5410682004961128,vanilla,0.026300000172341242,0.0004000012268079445,194.03649999912886,194.063200000528,one shared preloaded model
syn-97fe2cbcf345fb93,vanilla,0.026199999410891905,0.0005000001692678779,191.32560000070953,191.3523000002897,one shared preloaded model
syn-cd4c364251527834,vanilla,0.03420000030018855,0.0005999991117278114,191.936799999894,191.9715999993059,one shared preloaded model
syn-230af210e8a75a06,vanilla,0.03459999970800709,0.0005000001692678779,188.97829999878013,189.0133999986574,one shared preloaded model
syn-da092fddabc88e8c,vanilla,0.03060000017285347,0.00039999940781854093,192.89819999903557,192.92919999861624,one shared preloaded model
syn-dcf469e1a8c630ec,vanilla,0.0259000007645227,0.0006000009307172149,203.86230000076466,203.8888000024599,one shared preloaded model
syn-f2e76744bfacc55c,vanilla,0.027099998987978324,0.00039999940781854093,199.41099999959988,199.43849999799568,one shared preloaded model
syn-46181fb73f0a75b4,vanilla,0.036299999919719994,0.0005000001692678779,189.58300000122108,189.61980000131007,one shared preloaded model
syn-9db825e05aa666ea,vanilla,0.03020000076503493,0.0005999991117278114,202.72450000084064,202.7553000007174,one shared preloaded model
syn-efb2477a19e8bc70,vanilla,0.03239999932702631,0.0005999991117278114,203.58090000081575,203.6138999992545,one shared preloaded model
syn-be647db76ec3916d,vanilla,0.030299999707494862,0.0005000001692678779,201.3981000000058,201.42889999988256,one shared preloaded model
syn-bf12fa1fdf72a8cb,vanilla,0.02660000063769985,0.0005000001692678779,191.71339999957127,191.74050000037823,one shared preloaded model
syn-961229cb08e4798f,vanilla,0.036100000215810724,0.00039999940781854093,194.16930000079446,194.2058000004181,one shared preloaded model
syn-bc112f89b1a244bd,vanilla,0.031800000215298496,0.0005000001692678779,190.8091000004788,190.84140000086336,one shared preloaded model
syn-8da0fe103182e921,vanilla,0.032300000384566374,0.0005000001692678779,201.76750000064203,201.80030000119586,one shared preloaded model
syn-4556e2eda4c5ec38,vanilla,0.02809999932651408,0.0006000009307172149,193.81949999842618,193.8481999986834,one shared preloaded model
syn-4639c52acd42e3e2,vanilla,0.026199999410891905,0.0004000012268079445,191.22239999887825,191.24899999951595,one shared preloaded model
syn-db4aee288b034901,vanilla,0.025800000003073364,0.0006000009307172149,192.65699999959907,192.68340000053286,one shared preloaded model
syn-016d0251df2a38df,vanilla,0.032100000680657104,0.0005000001692678779,190.32469999910973,190.35729999995965,one shared preloaded model
syn-a305f1b556cd7ef7,vanilla,0.03170000127283856,0.0005999991117278114,200.5715000013879,200.60380000177247,one shared preloaded model
syn-a6d8f9c10f83e622,vanilla,0.02719999974942766,0.0005000001692678779,194.91129999914847,194.93899999906716,one shared preloaded model
syn-a415614358a9bbf2,vanilla,0.025800000003073364,0.0004000012268079445,190.67809999978635,190.70430000101624,one shared preloaded model
syn-7688417776654935,vanilla,0.027200001568417065,0.0005000001692678779,196.9303999994736,196.95810000121128,one shared preloaded model
syn-0b35d12bed80b76a,vanilla,0.03400000059627928,0.0004000012268079445,191.1378999993758,191.1723000011989,one shared preloaded model
syn-e57b3404c0c0ca57,vanilla,0.03599999945436139,0.0005999991117278114,191.4718999996694,191.5084999982355,one shared preloaded model
syn-427feb671ddd5e80,vanilla,0.031400000807479955,0.0005000001692678779,196.68210000054387,196.71400000152062,one shared preloaded model
syn-9f621fea2c222e41,vanilla,0.02640000093379058,0.0005000001692678779,198.65570000001753,198.6826000011206,one shared preloaded model
syn-36ba0c1d4e51203a,vanilla,0.02640000093379058,0.0005999991117278114,194.07089999913296,194.09789999917848,one shared preloaded model
syn-5b1d27e003bba18e,vanilla,0.038300000596791506,0.0005000001692678779,194.20820000050298,194.24700000126904,one shared preloaded model
syn-5862c2a2034137e9,vanilla,0.05750000127591193,0.0006000009307172149,191.60980000015115,191.66790000235778,one shared preloaded model
syn-af032bbca8d177d1,vanilla,0.036499999623629265,0.00039999940781854093,191.888100000142,191.92499999917345,one shared preloaded model
syn-1815636146461cc4,vanilla,0.02719999974942766,0.0005000001692678779,192.70440000036615,192.73210000028485,one shared preloaded model
syn-73a0fd0e3df3ffd8,vanilla,0.02719999974942766,0.0004999983502784744,204.6301999998832,204.6578999979829,one shared preloaded model
syn-9b9c9ca36462f75d,vanilla,0.03749999996216502,0.0004000012268079445,200.5898999996134,200.62780000080238,one shared preloaded model
syn-05465f2bbe23b3ce,vanilla,0.037500001781154424,0.0005000001692678779,201.1795999987953,201.21760000074573,one shared preloaded model
syn-fc727999cddc2a0e,vanilla,0.025600000299164094,0.0005000001692678779,198.86940000105824,198.89550000152667,one shared preloaded model
syn-0271d64965c686bd,vanilla,0.06430000030377414,0.0009000013960758224,196.30849999884958,196.37370000054943,one shared preloaded model
syn-d7061c0212ea339c,vanilla,0.026300000172341242,0.0004000012268079445,193.17659999978787,193.20330000118702,one shared preloaded model
syn-79b4993828ec61be,vanilla,0.025699999241624027,0.0004000012268079445,188.7652999994316,188.79139999990002,one shared preloaded model
syn-e6b6a2dfb9f4009f,vanilla,0.03420000030018855,0.0005000001692678779,188.69850000010047,188.73320000056992,one shared preloaded model
syn-04bd977735866e90,vanilla,0.03189999915775843,0.0005000001692678779,192.72079999973357,192.7531999990606,one shared preloaded model
syn-4fb5d4427bc1dc44,vanilla,0.03179999839630909,0.0006000009307172149,192.11549999999988,192.1478999993269,one shared preloaded model
syn-02c8d313527e3161,vanilla,0.026700001399149187,0.0005000001692678779,193.03190000027826,193.05910000184667,one shared preloaded model
syn-cabffc257f3da2bf,vanilla,0.02700000004551839,0.00039999940781854093,189.25830000080168,189.28570000025502,one shared preloaded model
syn-2a89eeb201b73241,vanilla,0.03239999932702631,0.0005000001692678779,201.17410000057134,201.20700000006764,one shared preloaded model
syn-6e0c9395808f2f72,vanilla,0.032300000384566374,0.0006000009307172149,192.1211000008043,192.15400000211957,one shared preloaded model
syn-7d6cd7303d9c5c73,vanilla,0.031100000342121348,0.00039999940781854093,197.42870000118273,197.46020000093267,one shared preloaded model
syn-ad62bc336dc2873b,vanilla,0.02680000034160912,0.0006000009307172149,207.3777000005066,207.40510000177892,one shared preloaded model
syn-a25b2627243654b7,vanilla,0.026499999876250513,0.0006000009307172149,188.97470000047178,189.00180000127875,one shared preloaded model
syn-d0a3a47df140b8a4,vanilla,0.0366000003850786,0.0006000009307172149,187.94770000022254,187.98490000153834,one shared preloaded model
syn-8977fcffd15f59b3,vanilla,0.026100000468431972,0.00039999940781854093,191.53749999895808,191.56399999883433,one shared preloaded model
syn-fb41569998d3d671,vanilla,0.02530000165279489,0.0005999991117278114,194.01420000031067,194.0401000010752,one shared preloaded model
syn-6a878ad466af8f6d,vanilla,0.02809999932651408,0.0005000001692678779,201.91070000146283,201.9393000009586,one shared preloaded model
syn-c9c8056e1902861d,vanilla,0.02769999991869554,0.0005000001692678779,190.39750000047206,190.42570000056003,one shared preloaded model
syn-5f89593002bacab6,vanilla,0.028800001018680632,0.0005000001692678779,189.61549999949057,189.64480000067852,one shared preloaded model
syn-8e19cd286138a4ee,vanilla,0.06199999916134402,0.0005000001692678779,205.30700000017532,205.36949999950593,one shared preloaded model
syn-c51e38600716cf16,vanilla,0.029799999538226984,0.0005000001692678779,200.60130000092613,200.63160000063363,one shared preloaded model
syn-ad094520f9ff036e,vanilla,0.05080000119050965,0.00039999940781854093,187.69630000133475,187.74750000193308,one shared preloaded model
syn-03afcfca4d2d555e,vanilla,0.02829999903042335,0.0005000001692678779,189.2681999997876,189.2969999989873,one shared preloaded model
syn-21b0e56fe711b690,vanilla,0.033799999073380604,0.0004999983502784744,195.84410000061325,195.8783999980369,one shared preloaded model
syn-9b255caac996299d,vanilla,0.03239999932702631,0.0005000001692678779,197.56969999980356,197.60259999929985,one shared preloaded model
syn-1572aef0aa770f60,vanilla,0.02570000106061343,0.0005000001692678779,195.26810000024852,195.2943000014784,one shared preloaded model
syn-6dc205a3cb670182,vanilla,0.027300000510877,0.0006000009307172149,194.07229999887932,194.1002000003209,one shared preloaded model
syn-585ffc749c390071,vanilla,0.0259000007645227,0.0005000001692678779,191.0083000002487,191.0347000011825,one shared preloaded model
syn-2a73d24205ef0ed5,vanilla,0.026699999580159783,0.0005000001692678779,187.3180999991746,187.34529999892402,one shared preloaded model
syn-51543bbd5dccf82c,vanilla,0.0320999988616677,0.0005000001692678779,190.75530000009167,190.7878999991226,one shared preloaded model
syn-f77d9a42b9125db4,vanilla,0.0335000004270114,0.00039999940781854093,196.55869999951392,196.59259999934875,one shared preloaded model
syn-78e1c7f41f02970e,vanilla,0.036899999031447805,0.00039999940781854093,193.03359999867098,193.07089999711025,one shared preloaded model
syn-49fdfbb2478143c9,vanilla,0.027200001568417065,0.0004000012268079445,191.55160000082105,191.57920000361628,one shared preloaded model
syn-9fc24ceee3905017,vanilla,0.02750000021478627,0.00039999940781854093,194.98380000004545,195.01169999966805,one shared preloaded model
syn-7d2031da5024db38,vanilla,0.06410000059986487,0.0007999988156370819,192.5974000005226,192.6622999999381,one shared preloaded model
syn-8efe23f6b68ec84c,vanilla,0.03319999996165279,0.0005000001692678779,202.44760000059614,202.48130000072706,one shared preloaded model
syn-8877425eb9158281,vanilla,0.03219999962311704,0.0005000001692678779,188.77269999939017,188.80539999918255,one shared preloaded model
syn-9a81fe2cb0f08364,vanilla,0.032500000088475645,0.0005000001692678779,196.63579999905778,196.66879999931552,one shared preloaded model
syn-3440a264ae436e2e,window,0.04490000173973385,0.00960000033956021,457.0303000000422,457.0848000021215,one shared preloaded model
syn-ee85a2eb73c947cd,window,0.05690000034519471,0.004400000761961564,523.5690999998042,523.6304000009113,one shared preloaded model
syn-b6e8394405665f30,window,0.05100000089441892,0.00399999953515362,517.254899999898,517.3099000003276,one shared preloaded model
syn-0cb85fc1aed79509,window,0.056599999879836105,0.004800000169780105,447.7908999997453,447.8522999997949,one shared preloaded model
syn-aac1706bd01384f5,window,0.04369999987829942,0.011500000255182385,422.4145000007411,422.4697000008746,one shared preloaded model
syn-4d401e31677101a0,window,0.052999999752501026,0.003600000127335079,452.3724000009679,452.42900000084774,one shared preloaded model
syn-ab333df2fafd0073,window,0.04509999962465372,0.0034000004234258085,448.5744000012346,448.6229000012827,one shared preloaded model
syn-f1f654b2bfd381e1,window,0.04859999899053946,0.00399999953515362,451.23919999969075,451.29179999821645,one shared preloaded model
syn-778176880403e6d9,window,0.05149999924469739,0.004100000296602957,908.6670000015147,908.722600001056,one shared preloaded model
syn-3c4077e56334e964,window,0.05830000009154901,0.004699999408330768,449.52719999855617,449.59019999805605,one shared preloaded model
syn-14e763ddf9ace4e6,window,0.04749999970954377,0.004200001058052294,460.0178999990021,460.0695999997697,one shared preloaded model
syn-f45b33739fa0bb9f,window,0.056400000175926834,0.004900000931229442,539.821899999879,539.8832000009861,one shared preloaded model
syn-884dd5f55b8212d1,window,0.05160000000614673,0.009399998816661537,536.901499999658,536.9624999984808,one shared preloaded model
syn-796678a6e0af208b,window,0.052600000344682485,0.004499999704421498,512.6459000002797,512.7030000003288,one shared preloaded model
syn-eda8868f1c2fece2,window,0.04780000017490238,0.002999999196617864,429.0149999997084,429.0657999990799,one shared preloaded model
syn-7f9cd78bd0658737,window,0.09510000018053688,0.007200000254670158,452.6323999998567,452.7347000002919,one shared preloaded model
syn-61b2832d5fdf51ee,window,0.05050000072515104,0.0037999998312443495,361.3614999994752,361.4158000000316,one shared preloaded model
syn-5598ae5c57ad5073,window,0.05310000051395036,0.004700001227320172,462.36169999974663,462.4195000014879,one shared preloaded model
syn-4e2b16b30bf94099,window,0.0928999997995561,0.004900000931229442,458.0718999986857,458.1696999994165,one shared preloaded model
syn-797af88ee2bb879b,window,0.04830000034417026,0.004499999704421498,458.65780000167433,458.7106000017229,one shared preloaded model
syn-0cf696b7cf2485d5,window,0.042499999835854396,0.004400000761961564,457.6028999999835,457.6498000005813,one shared preloaded model
syn-d02759cdbf3baaeb,window,0.05609999971056823,0.015600000551785342,443.2608999995864,443.33259999984875,one shared preloaded model
syn-ca975f12399ac72d,window,0.04479999915929511,0.003899998773704283,446.8329999999696,446.8816999979026,one shared preloaded model
syn-1c68388573fae08d,window,0.05089999831398018,0.009800000043469481,541.1579999999958,541.2186999983533,one shared preloaded model
syn-5a9a91a52114c69a,window,0.04579999949783087,0.007800001185387373,417.52249999990454,417.57610000058776,one shared preloaded model
syn-c9224d63212d8aca,window,0.05249999958323315,0.0072999991971300915,446.1171999992075,446.1769999979879,one shared preloaded model
syn-5410682004961128,window,0.045500000851461664,0.006599999323952943,443.4784999994008,443.5305999995762,one shared preloaded model
syn-97fe2cbcf345fb93,window,0.0473000000056345,0.00419999923906289,449.8841000004177,449.9355999996624,one shared preloaded model
syn-cd4c364251527834,window,0.046799999836366624,0.005399999281507917,445.69440000122995,445.7466000003478,one shared preloaded model
syn-230af210e8a75a06,window,0.04879999869444873,0.007300001016119495,452.53199999933713,452.5880999990477,one shared preloaded model
syn-da092fddabc88e8c,window,0.05700000110664405,0.004100000296602957,456.1162999998487,456.17740000125195,one shared preloaded model
syn-dcf469e1a8c630ec,window,0.062000000980333425,0.004800000169780105,464.8185999994894,464.8854000006395,one shared preloaded model
syn-f2e76744bfacc55c,window,0.0548999996681232,0.006900001608300954,543.1881000004068,543.2499000016833,one shared preloaded model
syn-46181fb73f0a75b4,window,0.047399998948094435,0.0037999998312443495,452.0667999986472,452.1179999974265,one shared preloaded model
syn-9db825e05aa666ea,window,0.04639999860955868,0.004300000000512227,423.56260000087786,423.61329999948794,one shared preloaded model
syn-efb2477a19e8bc70,window,0.04530000114755239,0.007300001016119495,446.4699999989534,446.5226000011171,one shared preloaded model
syn-be647db76ec3916d,window,0.05090000013296958,0.005699999746866524,445.20180000108667,445.2584000009665,one shared preloaded model
syn-bf12fa1fdf72a8cb,window,0.04640000042854808,0.006300000677583739,455.6494999997085,455.7022000008146,one shared preloaded model
syn-961229cb08e4798f,window,0.04219999937049579,0.0034000004234258085,446.114000000307,446.1596000001009,one shared preloaded model
syn-bc112f89b1a244bd,window,0.05020000025979243,0.004400000761961564,450.8629000010842,450.91750000210595,one shared preloaded model
syn-8da0fe103182e921,window,0.050299999202252366,0.004400000761961564,458.0544000000373,458.1091000000015,one shared preloaded model
syn-4556e2eda4c5ec38,window,0.05050000072515104,0.004100000296602957,515.0835000004008,515.1381000014226,one shared preloaded model
syn-4639c52acd42e3e2,window,0.046999999540275894,0.004499999704421498,515.1430000005348,515.1944999997795,one shared preloaded model
syn-db4aee288b034901,window,0.05559999954130035,0.004800000169780105,454.8733000010543,454.9337000007654,one shared preloaded model
syn-016d0251df2a38df,window,0.04780000017490238,0.004099998477613553,449.63950000055775,449.69139999921026,one shared preloaded model
syn-a305f1b556cd7ef7,window,0.04479999915929511,0.003499999365885742,451.79470000039146,451.84299999891664,one shared preloaded model
syn-a6d8f9c10f83e622,window,0.04780000017490238,0.003700000888784416,458.5532000000967,458.6047000011604,one shared preloaded model
syn-a415614358a9bbf2,window,0.04380000063974876,0.004300000000512227,451.28699999986566,451.3351000005059,one shared preloaded model
syn-7688417776654935,window,0.05030000102124177,0.00670000008540228,454.79449999947974,454.8515000005864,one shared preloaded model
syn-0b35d12bed80b76a,window,0.04810000064026099,0.004499999704421498,445.513699998628,445.5662999989727,one shared preloaded model
syn-e57b3404c0c0ca57,window,0.04890000127488747,0.004300000000512227,443.144900000334,443.1981000016094,one shared preloaded model
syn-427feb671ddd5e80,window,0.04619999890564941,0.0040000013541430235,544.0699999999197,544.1202000001795,one shared preloaded model
syn-9f621fea2c222e41,window,0.04819999958272092,0.004300000000512227,542.492200000197,542.5446999997803,one shared preloaded model
syn-36ba0c1d4e51203a,window,0.05229999987932388,0.00399999953515362,459.17589999953634,459.2321999989508,one shared preloaded model
syn-5b1d27e003bba18e,window,0.04839999928663019,0.003700000888784416,452.94250000006286,452.9946000002383,one shared preloaded model
syn-5862c2a2034137e9,window,0.05120000059832819,0.006100000973674469,452.1727999999712,452.2301000015432,one shared preloaded model
syn-af032bbca8d177d1,window,0.040299999454873614,0.010800000382005237,451.62810000147147,451.67920000130835,one shared preloaded model
syn-1815636146461cc4,window,0.04819999958272092,0.0031999989005271345,443.61840000055963,443.6697999990429,one shared preloaded model
syn-73a0fd0e3df3ffd8,window,0.05480000072566327,0.003499999365885742,444.83129999935045,444.889599999442,one shared preloaded model
syn-9b9c9ca36462f75d,window,0.03859999924316071,0.007900000127847306,458.42850000008184,458.47499999945285,one shared preloaded model
syn-05465f2bbe23b3ce,window,0.049700000090524554,0.006399999620043673,440.7359000015276,440.7920000012382,one shared preloaded model
syn-fc727999cddc2a0e,window,0.11129999984405003,0.004499999704421498,449.52320000084,449.6390000003885,one shared preloaded model
syn-0271d64965c686bd,window,0.04450000051292591,0.005800000508315861,443.17989999944984,443.2302000004711,one shared preloaded model
syn-d7061c0212ea339c,window,0.0503999999637017,0.00399999953515362,523.151899998993,523.2062999984919,one shared preloaded model
syn-79b4993828ec61be,window,0.05000000055588316,0.0068999997893115506,461.0244000014063,461.0813000017515,one shared preloaded model
syn-e6b6a2dfb9f4009f,window,0.051100001655868255,0.007100001312210225,458.75840000007884,458.8166000030469,one shared preloaded model
syn-04bd977735866e90,window,0.04859999899053946,0.003600000127335079,360.219700000016,360.2718999991339,one shared preloaded model
syn-4fb5d4427bc1dc44,window,0.05200000123295467,0.00670000008540228,453.15929999924265,453.218000000561,one shared preloaded model
syn-02c8d313527e3161,window,0.04769999941345304,0.007300001016119495,451.2176999996882,451.27270000011777,one shared preloaded model
syn-cabffc257f3da2bf,window,0.045000000682193786,0.005399999281507917,455.53819999986445,455.58859999982815,one shared preloaded model
syn-2a89eeb201b73241,window,0.04799999987881165,0.0034000004234258085,457.29649999884714,457.3478999991494,one shared preloaded model
syn-6e0c9395808f2f72,window,0.042300000131945126,0.0039000005926936865,548.0407000013656,548.0869000020903,one shared preloaded model
syn-7d6cd7303d9c5c73,window,0.05310000051395036,0.00419999923906289,517.4659000003885,517.5232000001415,one shared preloaded model
syn-ad62bc336dc2873b,window,0.05140000030223746,0.0039000005926936865,460.00160000039614,460.05690000129107,one shared preloaded model
syn-a25b2627243654b7,window,0.05290000081004109,0.0039000005926936865,429.0843999988283,429.14120000023104,one shared preloaded model
syn-d0a3a47df140b8a4,window,0.04149999949731864,0.008500001058564521,446.91059999968274,446.9606000002386,one shared preloaded model
syn-8977fcffd15f59b3,window,0.04979999903298449,0.003499999365885742,452.6428000008309,452.6960999992298,one shared preloaded model
syn-fb41569998d3d671,window,0.042100000428035855,0.0039000005926936865,453.45070000075793,453.49670000177866,one shared preloaded model
syn-6a878ad466af8f6d,window,0.04769999941345304,0.003099999958067201,450.5477999991854,450.5985999985569,one shared preloaded model
syn-c9c8056e1902861d,window,0.04889999945589807,0.00399999953515362,451.7021999999997,451.7550999989908,one shared preloaded model
syn-5f89593002bacab6,window,0.04149999949731864,0.004300000000512227,445.06730000102834,445.1131000005262,one shared preloaded model
syn-8e19cd286138a4ee,window,0.054900001487112604,0.003700000888784416,545.3613999998197,545.4200000021956,one shared preloaded model
syn-c51e38600716cf16,window,0.049000000217347406,0.004099998477613553,448.2585999994626,448.31169999815756,one shared preloaded model
syn-ad094520f9ff036e,window,0.05249999958323315,0.00399999953515362,543.5275999989244,543.5840999980428,one shared preloaded model
syn-03afcfca4d2d555e,window,0.04079999962414149,0.003899998773704283,418.5357999995176,418.58049999791547,one shared preloaded model
syn-21b0e56fe711b690,window,0.055300000894931145,0.003700000888784416,451.85310000124446,451.9121000030282,one shared preloaded model
syn-9b255caac996299d,window,0.047199999244185165,0.0073999999585794285,451.84550000158197,451.90010000078473,one shared preloaded model
syn-1572aef0aa770f60,window,0.04169999920122791,0.011400001312722452,453.13809999970545,453.1912000002194,one shared preloaded model
syn-6dc205a3cb670182,window,0.05129999954078812,0.00399999953515362,455.2480000002106,455.30329999928654,one shared preloaded model
syn-585ffc749c390071,window,0.05229999987932388,0.0034000004234258085,453.4640000001673,453.51970000047004,one shared preloaded model
syn-2a73d24205ef0ed5,window,0.05340000097930897,0.0067999990278622136,441.8742000016209,441.9344000016281,one shared preloaded model
syn-51543bbd5dccf82c,window,0.051300001359777525,0.00419999923906289,454.3899000000238,454.4454000006226,one shared preloaded model
syn-f77d9a42b9125db4,window,0.050999999075429514,0.006000000212225132,512.9001999994216,512.9571999987093,one shared preloaded model
syn-78e1c7f41f02970e,window,0.05310000051395036,0.009499999578110874,538.5372000000643,538.5998000001564,one shared preloaded model
syn-49fdfbb2478143c9,window,0.05210000017541461,0.007200000254670158,450.0393999987864,450.0986999992165,one shared preloaded model
syn-9fc24ceee3905017,window,0.049700000090524554,0.00650000038149301,450.28780000029656,450.3440000007686,one shared preloaded model
syn-7d2031da5024db38,window,0.049000000217347406,0.007599999662488699,454.41550000032294,454.4721000002028,one shared preloaded model
syn-8efe23f6b68ec84c,window,0.05109999983687885,0.003899998773704283,453.7841999990633,453.83919999767386,one shared preloaded model
syn-8877425eb9158281,window,0.08650000017951243,0.011199999789823778,444.0649999996822,444.1626999996515,one shared preloaded model
syn-9a81fe2cb0f08364,window,0.04810000064026099,0.003600000127335079,450.5090000002383,450.5607000010059,one shared preloaded model
syn-3440a264ae436e2e,rag,65.64429999889398,8.940499999880558,335.28430000114895,409.8690999999235,one shared preloaded model
syn-ee85a2eb73c947cd,rag,24.03249999952095,5.797200001325109,348.010499999873,377.84020000071905,one shared preloaded model
syn-b6e8394405665f30,rag,23.51979999912146,7.262299999638344,332.8393000010692,363.621399999829,one shared preloaded model
syn-0cb85fc1aed79509,rag,23.434499998984393,8.317899999383371,381.9839999996475,413.73639999801526,one shared preloaded model
syn-aac1706bd01384f5,rag,21.808299999975134,8.401099999900907,263.08090000020457,293.2903000000806,one shared preloaded model
syn-4d401e31677101a0,rag,21.169999999983702,4.178199998932541,324.1581000002043,349.50629999912053,one shared preloaded model
syn-ab333df2fafd0073,rag,22.98030000019935,5.745200000092154,167.1148000004905,195.840300000782,one shared preloaded model
syn-f1f654b2bfd381e1,rag,35.579900000811904,6.111999999120599,367.1357999992324,408.8276999991649,one shared preloaded model
syn-778176880403e6d9,rag,21.203599999353173,8.463000000119791,532.4553999998898,562.1219999993627,one shared preloaded model
syn-3c4077e56334e964,rag,21.604800000204705,8.51169999987178,357.62179999983346,387.73829999990994,one shared preloaded model
syn-14e763ddf9ace4e6,rag,21.111599999130704,8.878900000127032,376.36120000024675,406.3516999995045,one shared preloaded model
syn-f45b33739fa0bb9f,rag,20.187599999189842,4.556799998681527,325.22680000147375,349.9711999993451,one shared preloaded model
syn-884dd5f55b8212d1,rag,23.973999999725493,6.153099999210099,349.1859999994631,379.3130999983987,one shared preloaded model
syn-796678a6e0af208b,rag,21.807900000567315,8.374799999728566,337.18469999985246,367.36740000014834,one shared preloaded model
syn-eda8868f1c2fece2,rag,20.38610000090557,5.0664999998844,253.11360000159766,278.56620000238763,one shared preloaded model
syn-7f9cd78bd0658737,rag,22.77710000089428,6.0142000002088025,367.8204999996524,396.61180000075547,one shared preloaded model
syn-61b2832d5fdf51ee,rag,20.956599999408354,4.754699999466538,154.10519999932148,179.81649999819638,one shared preloaded model
syn-5598ae5c57ad5073,rag,33.06179999890446,4.645900000468828,316.66150000091875,354.36920000029204,one shared preloaded model
syn-4e2b16b30bf94099,rag,23.34590000100434,4.634500000975095,573.9389000009396,601.919300002919,one shared preloaded model
syn-797af88ee2bb879b,rag,20.63349999843922,4.577800000333809,344.2166000004363,369.42789999920933,one shared preloaded model
syn-0cf696b7cf2485d5,rag,21.24349999940023,5.689199999324046,338.9941999994335,365.92689999815775,one shared preloaded model
syn-d02759cdbf3baaeb,rag,22.250299998631817,4.917399999612826,328.19479999852774,355.3624999967724,one shared preloaded model
syn-ca975f12399ac72d,rag,21.79489999980433,8.303200000227662,358.2139999998617,388.3120999998937,one shared preloaded model
syn-1c68388573fae08d,rag,20.961399999578134,8.026900000913884,382.82990000152495,411.81820000201697,one shared preloaded model
syn-5a9a91a52114c69a,rag,21.802999999636086,8.074699999269797,274.3159999990894,304.1936999979953,one shared preloaded model
syn-c9224d63212d8aca,rag,22.040199999537435,5.346099998860154,328.17959999920276,355.56589999760035,one shared preloaded model
syn-5410682004961128,rag,20.81249999901047,8.560300000681309,186.45660000038333,215.8294000000751,one shared preloaded model
syn-97fe2cbcf345fb93,rag,22.17650000056892,4.978200000550714,361.4629999992758,388.6177000003954,one shared preloaded model
syn-cd4c364251527834,rag,24.943399999756366,9.05360000069777,644.3515999999363,678.3486000003904,one shared preloaded model
syn-230af210e8a75a06,rag,22.192299999005627,8.373399999982212,316.2274999995134,346.7931999985012,one shared preloaded model
syn-da092fddabc88e8c,rag,20.196000001305947,5.11480000022857,313.34050000077696,338.6513000023115,one shared preloaded model
syn-dcf469e1a8c630ec,rag,20.44670000032056,4.91890000012063,247.14599999970233,272.5116000001435,one shared preloaded model
syn-f2e76744bfacc55c,rag,22.030199999790057,5.279500001051929,373.57650000012654,400.88620000096853,one shared preloaded model
syn-46181fb73f0a75b4,rag,21.118200000273646,6.473499999628984,327.90989999921294,355.50159999911557,one shared preloaded model
syn-9db825e05aa666ea,rag,21.561600000495673,8.219800000006217,272.79580000140413,302.577200001906,one shared preloaded model
syn-efb2477a19e8bc70,rag,21.602700000585173,8.118899999317364,363.6133999989397,393.33499999884225,one shared preloaded model
syn-be647db76ec3916d,rag,22.783500000514323,8.031700001083664,144.85740000054648,175.67260000214446,one shared preloaded model
syn-bf12fa1fdf72a8cb,rag,39.31589999956486,8.49960000050487,339.74269999998796,387.5582000000577,one shared preloaded model
syn-961229cb08e4798f,rag,21.88869999918097,4.912000000331318,579.9242000011873,606.7249000006996,one shared preloaded model
syn-bc112f89b1a244bd,rag,21.97349999914877,8.338600000570295,272.3347000010108,302.64680000072985,one shared preloaded model
syn-8da0fe103182e921,rag,19.199500000468106,6.632200000240118,340.8040999984223,366.63579999913054,one shared preloaded model
syn-4556e2eda4c5ec38,rag,23.67240000057791,4.783700000189128,282.67759999835107,311.1336999991181,one shared preloaded model
syn-4639c52acd42e3e2,rag,20.276100000046426,8.767799999986892,331.6154000003735,360.6593000004068,one shared preloaded model
syn-db4aee288b034901,rag,21.5821000001597,8.795700001428486,346.8568000007508,377.234600002339,one shared preloaded model
syn-016d0251df2a38df,rag,22.490100000140956,4.752800001369906,248.5343999996985,275.77730000120937,one shared preloaded model
syn-a305f1b556cd7ef7,rag,20.922800000334973,5.040200001531048,364.8336999995081,390.7967000013741,one shared preloaded model
syn-a6d8f9c10f83e622,rag,21.43189999878814,4.626500000085798,152.03239999937068,178.09079999824462,one shared preloaded model
syn-a415614358a9bbf2,rag,39.8946999994223,5.066199999419041,351.72029999921506,396.6811999980564,one shared preloaded model
syn-7688417776654935,rag,21.466399999553687,4.5059000003675465,510.8373999992182,536.8096999991394,one shared preloaded model
syn-0b35d12bed80b76a,rag,21.592699999018805,5.188400000406546,347.6972000007663,374.47830000019167,one shared preloaded model
syn-e57b3404c0c0ca57,rag,24.321300001247437,5.454999998619314,370.6796000005852,400.45590000045195,one shared preloaded model
syn-427feb671ddd5e80,rag,26.734700000815792,4.891200000201934,366.693199999645,398.31910000066273,one shared preloaded model
syn-9f621fea2c222e41,rag,20.494300000791554,4.45439999930386,365.09119999936956,390.039899999465,one shared preloaded model
syn-36ba0c1d4e51203a,rag,22.601600001507904,7.264500000019325,328.75810000041383,358.62420000194106,one shared preloaded model
syn-5b1d27e003bba18e,rag,20.082300001377007,4.985500001566834,262.5141000007716,287.5819000037154,one shared preloaded model
syn-5862c2a2034137e9,rag,20.172399999864865,5.036100001234445,327.82959999894956,353.03810000004887,one shared preloaded model
syn-af032bbca8d177d1,rag,21.735799999078154,5.306799999743816,187.47280000025057,214.51539999907254,one shared preloaded model
syn-1815636146461cc4,rag,20.704799999293755,5.314199999702396,369.5847999988473,395.60379999784345,one shared preloaded model
syn-73a0fd0e3df3ffd8,rag,21.88909999858879,7.3647000008350005,607.781699998668,637.0354999980918,one shared preloaded model
syn-9b9c9ca36462f75d,rag,21.074300000691437,5.281300000206102,376.57020000006014,402.9258000009577,one shared preloaded model
syn-05465f2bbe23b3ce,rag,20.995599999878323,7.455000000845757,372.91470000127447,401.36530000199855,one shared preloaded model
syn-fc727999cddc2a0e,rag,23.998299999220762,5.671300001267809,326.01729999987583,355.6869000003644,one shared preloaded model
syn-0271d64965c686bd,rag,21.42950000052224,8.418100000199047,311.32660000002943,341.1742000007507,one shared preloaded model
syn-d7061c0212ea339c,rag,20.014199999423,4.84379999943485,291.6566999992938,316.5146999981516,one shared preloaded model
syn-79b4993828ec61be,rag,21.294699999998556,8.231399999203859,266.1496000000625,295.6756999992649,one shared preloaded model
syn-e6b6a2dfb9f4009f,rag,22.009400001479662,5.438799998955801,340.0099999998929,367.45820000032836,one shared preloaded model
syn-04bd977735866e90,rag,20.201299999826006,8.311600000524777,166.96719999890774,195.48009999925853,one shared preloaded model
syn-4fb5d4427bc1dc44,rag,32.504499999049585,4.949500000293483,341.0979000000225,378.55189999936556,one shared preloaded model
syn-02c8d313527e3161,rag,23.797399999239133,8.293499999126652,573.7403999992239,605.8312999975897,one shared preloaded model
syn-cabffc257f3da2bf,rag,21.756999998615356,5.0616000007721595,341.59729999919364,368.41589999858115,one shared preloaded model
syn-2a89eeb201b73241,rag,21.25230000092415,4.929400000037276,317.13370000034047,343.3154000013019,one shared preloaded model
syn-6e0c9395808f2f72,rag,21.66859999852022,5.885700000362704,285.6253000009019,313.17959999978484,one shared preloaded model
syn-7d6cd7303d9c5c73,rag,20.189699998809374,4.948300000251038,329.76589999998396,354.90389999904437,one shared preloaded model
syn-ad62bc336dc2873b,rag,21.234400001048925,8.585899999161484,316.24680000095395,346.06710000116436,one shared preloaded model
syn-a25b2627243654b7,rag,22.117700000308105,5.054600000221399,293.30210000080115,320.47440000133065,one shared preloaded model
syn-d0a3a47df140b8a4,rag,23.252500001035514,8.536999999705586,399.4502999994438,431.2398000001849,one shared preloaded model
syn-8977fcffd15f59b3,rag,22.40189999974973,5.00350000038452,166.87740000088525,194.2828000010195,one shared preloaded model
syn-fb41569998d3d671,rag,29.843500000424683,7.833400000890833,358.60890000003565,396.28580000135116,one shared preloaded model
syn-6a878ad466af8f6d,rag,21.137499999895226,4.807900000741938,584.3365999990056,610.2819999996427,one shared preloaded model
syn-c9c8056e1902861d,rag,21.329000001060194,7.545599999502883,328.0983999993623,356.9729999999254,one shared preloaded model
syn-5f89593002bacab6,rag,21.638500000335625,4.481600000872277,330.8746999991854,356.9948000003933,one shared preloaded model
syn-8e19cd286138a4ee,rag,22.98740000151156,8.931899999879533,335.2681999986089,367.1875,one shared preloaded model
syn-c51e38600716cf16,rag,21.462599999722443,4.880300000877469,378.48740000117687,404.8303000017768,one shared preloaded model
syn-ad094520f9ff036e,rag,21.616600000925246,5.016200000682147,341.6711000008945,368.3039000025019,one shared preloaded model
syn-03afcfca4d2d555e,rag,24.03789999880246,6.6438999983802205,296.2662999998429,326.94809999702557,one shared preloaded model
syn-21b0e56fe711b690,rag,20.58479999868723,5.015900000216789,373.6232999999629,399.22399999886693,one shared preloaded model
syn-9b255caac996299d,rag,21.5769000005821,4.960700000083307,179.62470000020403,206.16230000086944,one shared preloaded model
syn-1572aef0aa770f60,rag,27.399799999329844,5.258299999695737,326.4807999985351,359.13889999756066,one shared preloaded model
syn-6dc205a3cb670182,rag,22.778399999879184,8.744500000830158,599.5631000005233,631.0860000012326,one shared preloaded model
syn-585ffc749c390071,rag,22.461100001237355,8.377799998925184,377.8353999987303,408.6742999988928,one shared preloaded model
syn-2a73d24205ef0ed5,rag,22.37779999995837,8.180500000889879,338.26780000163126,368.8261000024795,one shared preloaded model
syn-51543bbd5dccf82c,rag,23.654799999349052,8.246100000178558,370.9593000003224,402.86019999985,one shared preloaded model
syn-f77d9a42b9125db4,rag,21.66670000042359,4.957199998898432,428.5584999997809,455.1823999991029,one shared preloaded model
syn-78e1c7f41f02970e,rag,42.71349999908125,8.829200000036508,524.7445000004518,576.2871999995696,one shared preloaded model
syn-49fdfbb2478143c9,rag,39.438800000425545,8.62319999941974,402.42380000017874,450.485800000024,one shared preloaded model
syn-9fc24ceee3905017,rag,45.86659999949916,9.023900000102003,500.0890999999683,554.9795999995695,one shared preloaded model
syn-7d2031da5024db38,rag,43.254399999568705,8.47319999957108,207.0062999991933,258.7338999983331,one shared preloaded model
syn-8efe23f6b68ec84c,rag,40.79009999986738,7.397699999273755,542.5747999997839,590.762599998925,one shared preloaded model
syn-8877425eb9158281,rag,40.85610000038287,8.541100000002189,1106.539200000043,1155.936400000428,one shared preloaded model
syn-9a81fe2cb0f08364,rag,42.496699999901466,8.972100000391947,548.5565999988467,600.0253999991401,one shared preloaded model
syn-3440a264ae436e2e,pure_liquid,126.55149999955029,7.384199998341501,269.48519999859855,403.42089999649033,one shared preloaded model
syn-ee85a2eb73c947cd,pure_liquid,139.21620000110124,11.685700001180521,383.21240000004764,534.1143000023294,one shared preloaded model
syn-b6e8394405665f30,pure_liquid,114.70209999970393,10.041300000011688,383.391200000915,508.1346000006306,one shared preloaded model
syn-0cb85fc1aed79509,pure_liquid,142.1210999997129,10.734600000432692,211.44749999984924,364.30319999999483,one shared preloaded model
syn-aac1706bd01384f5,pure_liquid,132.69620000028226,10.601500000120723,136.40210000085062,279.6998000012536,one shared preloaded model
syn-4d401e31677101a0,pure_liquid,130.85580000006303,10.216500000751694,210.67059999950288,351.7429000003176,one shared preloaded model
syn-ab333df2fafd0073,pure_liquid,136.46110000081535,10.155199999644537,204.87730000058946,351.49360000104934,one shared preloaded model
syn-f1f654b2bfd381e1,pure_liquid,126.41880000046513,7.313400001294212,410.87330000118527,544.6055000029446,one shared preloaded model
syn-778176880403e6d9,pure_liquid,126.38069999957224,10.42550000056508,360.99749999993946,497.8037000000768,one shared preloaded model
syn-3c4077e56334e964,pure_liquid,126.81569999949716,10.346099999878788,400.7178000010754,537.8796000004513,one shared preloaded model
syn-14e763ddf9ace4e6,pure_liquid,126.5571000003547,10.494199999811826,406.498799999099,543.5500999992655,one shared preloaded model
syn-f45b33739fa0bb9f,pure_liquid,140.39489999959187,10.546199999225792,418.4021000000939,569.3431999989116,one shared preloaded model
syn-884dd5f55b8212d1,pure_liquid,146.8948999990971,11.17060000069614,380.94679999994696,539.0122999997402,one shared preloaded model
syn-796678a6e0af208b,pure_liquid,144.79149999897345,9.32470000043395,229.79579999991984,383.91199999932724,one shared preloaded model
syn-eda8868f1c2fece2,pure_liquid,133.2096999994974,10.331400000723079,396.4644000006956,540.0055000009161,one shared preloaded model
syn-7f9cd78bd0658737,pure_liquid,138.26519999929587,10.734200001024874,214.0835000009247,363.08290000124543,one shared preloaded model
syn-61b2832d5fdf51ee,pure_liquid,136.55600000129198,10.70389999949839,214.71439999913855,361.9742999999289,one shared preloaded model
syn-5598ae5c57ad5073,pure_liquid,148.16720000089845,10.741800000687363,407.1664000002784,566.0754000018642,one shared preloaded model
syn-4e2b16b30bf94099,pure_liquid,134.76040000023204,6.632099999478669,386.3080999999511,527.7005999996618,one shared preloaded model
syn-797af88ee2bb879b,pure_liquid,141.50549999976647,10.472099998878548,403.4620999991603,555.4396999978053,one shared preloaded model
syn-0cf696b7cf2485d5,pure_liquid,119.76599999979953,10.270200000377372,320.6332999998267,450.6695000000036,one shared preloaded model
syn-d02759cdbf3baaeb,pure_liquid,122.41750000066531,10.470299999724375,141.91009999922244,274.7978999996121,one shared preloaded model
syn-ca975f12399ac72d,pure_liquid,107.1496999993542,7.061499998599174,276.90160000020114,391.1127999981545,one shared preloaded model
syn-1c68388573fae08d,pure_liquid,114.76980000043113,11.059200000090641,124.84519999998156,250.67420000050333,one shared preloaded model
syn-5a9a91a52114c69a,pure_liquid,106.70970000137459,6.951999999728287,147.6074999991397,261.26920000024256,one shared preloaded model
syn-c9224d63212d8aca,pure_liquid,126.15920000098413,10.479700000360026,539.0364000013506,675.6753000026947,one shared preloaded model
syn-5410682004961128,pure_liquid,100.43010000117647,10.583499999484047,202.08459999957995,313.09820000024047,one shared preloaded model
syn-97fe2cbcf345fb93,pure_liquid,145.12439999998605,11.682600001222454,352.9880000005505,509.79500000175904,one shared preloaded model
syn-cd4c364251527834,pure_liquid,94.19460000026447,10.818099999596598,308.85330000091926,413.86600000078033,one shared preloaded model
syn-230af210e8a75a06,pure_liquid,93.92290000141656,9.589899998900364,146.69470000080764,250.20750000112457,one shared preloaded model
syn-da092fddabc88e8c,pure_liquid,132.847099999708,11.297099999865168,365.0529999995342,509.1971999991074,one shared preloaded model
syn-dcf469e1a8c630ec,pure_liquid,98.34500000033586,11.127899999337387,303.1066000003193,412.57949999999255,one shared preloaded model
syn-f2e76744bfacc55c,pure_liquid,79.27099999869824,8.049100000789622,296.3502000002336,383.67029999972146,one shared preloaded model
syn-46181fb73f0a75b4,pure_liquid,96.30800000013551,8.292000000437838,119.44740000035381,224.04740000092715,one shared preloaded model
syn-9db825e05aa666ea,pure_liquid,120.78379999911704,10.444200001074933,307.4649000009231,438.69290000111505,one shared preloaded model
syn-efb2477a19e8bc70,pure_liquid,98.93269999884069,10.077800001454307,258.02329999896756,367.03379999926256,one shared preloaded model
syn-be647db76ec3916d,pure_liquid,111.53320000084932,10.779600001114886,166.8589000000793,289.1717000020435,one shared preloaded model
syn-bf12fa1fdf72a8cb,pure_liquid,104.35519999919052,7.232199999634759,265.18960000066727,376.77699999949255,one shared preloaded model
syn-961229cb08e4798f,pure_liquid,111.65970000001835,10.554699998465367,328.53419999992184,450.74859999840555,one shared preloaded model
syn-bc112f89b1a244bd,pure_liquid,111.99520000081975,10.545400000410154,142.05290000063542,264.5935000018653,one shared preloaded model
syn-8da0fe103182e921,pure_liquid,114.67269999957352,7.830900000044494,315.02240000008896,437.525999999707,one shared preloaded model
syn-4556e2eda4c5ec38,pure_liquid,109.00459999902523,10.308000000804896,349.128900001233,468.4415000010631,one shared preloaded model
syn-4639c52acd42e3e2,pure_liquid,111.75010000079055,11.212299999897368,358.30420000093,481.2666000016179,one shared preloaded model
syn-db4aee288b034901,pure_liquid,115.55099999895901,10.342699999455363,139.48890000028769,265.38259999870206,one shared preloaded model
syn-016d0251df2a38df,pure_liquid,125.44030000026396,11.060700000598445,146.33409999987634,282.83510000073875,one shared preloaded model
syn-a305f1b556cd7ef7,pure_liquid,106.10500000075263,10.99880000037956,186.67070000083186,303.77450000196404,one shared preloaded model
syn-a6d8f9c10f83e622,pure_liquid,121.42370000037772,10.801700000229175,172.43620000044757,304.66160000105447,one shared preloaded model
syn-a415614358a9bbf2,pure_liquid,86.80220000132977,10.728200000812649,329.21669999996084,426.74710000210325,one shared preloaded model
syn-7688417776654935,pure_liquid,106.1943999993673,11.11499999933585,935.1860000006127,1052.4953999993159,one shared preloaded model
syn-0b35d12bed80b76a,pure_liquid,114.80289999963134,10.70849999996426,116.33310000070196,241.84450000029756,one shared preloaded model
syn-e57b3404c0c0ca57,pure_liquid,116.35219999880064,7.162800000514835,315.84230000044045,439.3572999997559,one shared preloaded model
syn-427feb671ddd5e80,pure_liquid,106.22019999937038,10.889099999985774,239.36849999881815,356.4777999981743,one shared preloaded model
syn-9f621fea2c222e41,pure_liquid,100.95729999920877,7.669900000109919,337.4277000002621,446.0548999995808,one shared preloaded model
syn-36ba0c1d4e51203a,pure_liquid,86.99650000016845,6.925400000909576,106.74959999960265,200.67150000068068,one shared preloaded model
syn-5b1d27e003bba18e,pure_liquid,117.47950000062701,10.174400000323658,145.7006000000547,273.35450000100536,one shared preloaded model
syn-5862c2a2034137e9,pure_liquid,124.63459999889892,10.823600001458544,347.9841000007582,483.44230000111565,one shared preloaded model
syn-af032bbca8d177d1,pure_liquid,92.88329999981215,10.32390000000305,194.4801000008738,297.687300000689,one shared preloaded model
syn-1815636146461cc4,pure_liquid,108.17889999998442,10.892799999055569,368.81460000040533,487.8862999994453,one shared preloaded model
syn-73a0fd0e3df3ffd8,pure_liquid,104.26150000057532,6.906500000695814,380.2170999988448,491.3851000001159,one shared preloaded model
syn-9b9c9ca36462f75d,pure_liquid,113.95709999851533,9.146099999270518,326.84060000065074,449.9437999984366,one shared preloaded model
syn-05465f2bbe23b3ce,pure_liquid,104.19539999929839,10.665699999663047,303.17140000079235,418.0324999997538,one shared preloaded model
syn-fc727999cddc2a0e,pure_liquid,77.66420000007201,6.494599998404738,91.31490000072517,175.47369999920193,one shared preloaded model
syn-0271d64965c686bd,pure_liquid,100.73259999990114,10.447099999510101,364.0923999992083,475.2720999986195,one shared preloaded model
syn-d7061c0212ea339c,pure_liquid,104.28329999922425,10.39400000081514,140.70969999920635,255.38699999924575,one shared preloaded model
syn-79b4993828ec61be,pure_liquid,88.04109999982757,10.06520000009914,330.2272000000812,428.3335000000079,one shared preloaded model
syn-e6b6a2dfb9f4009f,pure_liquid,107.4637999990955,11.467800000900752,202.98530000036408,321.91690000036033,one shared preloaded model
syn-04bd977735866e90,pure_liquid,117.38949999926263,7.229200000438141,154.56730000005336,279.18599999975413,one shared preloaded model
syn-4fb5d4427bc1dc44,pure_liquid,114.77500000000873,6.995699999606586,365.08750000029977,486.8581999999151,one shared preloaded model
syn-02c8d313527e3161,pure_liquid,73.829900000419,10.90210000074876,380.19250000070315,464.9245000018709,one shared preloaded model
syn-cabffc257f3da2bf,pure_liquid,102.93149999961315,6.66799999999057,321.3058999990608,430.9053999986645,one shared preloaded model
syn-2a89eeb201b73241,pure_liquid,78.00610000049346,7.385400000202935,313.3065000001807,398.6980000008771,one shared preloaded model
syn-6e0c9395808f2f72,pure_liquid,110.22460000094725,7.201400001576985,182.75790000006964,300.1839000025939,one shared preloaded model
syn-7d6cd7303d9c5c73,pure_liquid,118.788300000233,10.438400000566617,300.50159999882453,429.72829999962414,one shared preloaded model
syn-ad62bc336dc2873b,pure_liquid,111.98610000064946,10.685000001103617,118.75120000149764,241.4223000032507,one shared preloaded model
syn-a25b2627243654b7,pure_liquid,125.79200000072888,9.980000000723521,318.7431000005745,454.5151000020269,one shared preloaded model
syn-d0a3a47df140b8a4,pure_liquid,93.98669999973208,7.813800000803894,223.87689999959548,325.67740000013146,one shared preloaded model
syn-8977fcffd15f59b3,pure_liquid,109.61630000019795,7.96489999993355,177.4105000004056,294.9917000005371,one shared preloaded model
syn-fb41569998d3d671,pure_liquid,81.06240000051912,7.603200001540245,333.0123999985517,421.67800000061106,one shared preloaded model
syn-6a878ad466af8f6d,pure_liquid,83.05680000012217,6.587700001546182,486.6197999999713,576.2643000016396,one shared preloaded model
syn-c9c8056e1902861d,pure_liquid,114.71410000012838,10.29720000042289,345.0957000004564,470.1070000010077,one shared preloaded model
syn-5f89593002bacab6,pure_liquid,106.28990000077465,6.856500000139931,358.0178000011074,471.16420000202197,one shared preloaded model
syn-8e19cd286138a4ee,pure_liquid,95.28609999870241,6.462999999712338,142.6510999990569,244.40019999747165,one shared preloaded model
syn-c51e38600716cf16,pure_liquid,115.86899999929301,9.449099999983446,319.2782000005536,444.5962999998301,one shared preloaded model
syn-ad094520f9ff036e,pure_liquid,93.34969999872555,6.77209999957995,308.2613999995374,408.3831999978429,one shared preloaded model
syn-03afcfca4d2d555e,pure_liquid,111.82099999859929,8.307399999466725,320.9402000011323,441.06859999919834,one shared preloaded model
syn-21b0e56fe711b690,pure_liquid,83.38329999969574,9.819499999139225,175.5299999986164,268.73279999745137,one shared preloaded model
syn-9b255caac996299d,pure_liquid,100.80329999982496,7.442199999786681,180.31089999931282,288.55639999892446,one shared preloaded model
syn-1572aef0aa770f60,pure_liquid,121.11209999966377,11.26490000024205,306.01129999922705,438.38829999913287,one shared preloaded model
syn-6dc205a3cb670182,pure_liquid,101.55399999894144,7.1180999984790105,468.73669999877166,577.4087999961921,one shared preloaded model
syn-585ffc749c390071,pure_liquid,121.10520000169345,10.019800000009127,95.67569999853731,226.80070000023989,one shared preloaded model
syn-2a73d24205ef0ed5,pure_liquid,127.84950000059325,6.78900000093563,277.2153000005346,411.8538000020635,one shared preloaded model
syn-51543bbd5dccf82c,pure_liquid,108.33950000051118,10.451399999510613,300.68109999956505,419.47199999958684,one shared preloaded model
syn-f77d9a42b9125db4,pure_liquid,90.9406000009767,9.790300000531715,339.6372999995947,440.3682000011031,one shared preloaded model
syn-78e1c7f41f02970e,pure_liquid,118.99900000025809,10.631300001477939,327.47030000064115,457.1006000023772,one shared preloaded model
syn-49fdfbb2478143c9,pure_liquid,109.25049999968905,10.687500000130967,129.8581999999442,249.7961999997642,one shared preloaded model
syn-9fc24ceee3905017,pure_liquid,131.87380000090343,9.801800000786898,233.15360000015062,374.82920000184095,one shared preloaded model
syn-7d2031da5024db38,pure_liquid,101.0721000002377,10.598299999401206,191.4891999986139,303.1595999982528,one shared preloaded model
syn-8efe23f6b68ec84c,pure_liquid,100.64340000099037,7.071099998938735,325.4194000001007,433.1339000000298,one shared preloaded model
syn-8877425eb9158281,pure_liquid,75.14179999998305,11.045900000681286,339.19979999882344,425.3874999994878,one shared preloaded model
syn-9a81fe2cb0f08364,pure_liquid,105.0137000001996,6.93669999964186,106.63899999963178,218.58939999947324,one shared preloaded model
syn-3440a264ae436e2e,lexical_only,43.06029999861494,5.499200000485871,395.1512999992701,443.71079999837093,one shared preloaded model
syn-ee85a2eb73c947cd,lexical_only,46.17990000042482,8.358999999472871,378.1611000013072,432.7000000012049,one shared preloaded model
syn-b6e8394405665f30,lexical_only,45.28840000057244,8.273300001746975,364.6275000010064,418.1892000033258,one shared preloaded model
syn-0cb85fc1aed79509,lexical_only,46.42700000113109,8.416100001340965,384.34240000060527,439.1855000030773,one shared preloaded model
syn-aac1706bd01384f5,lexical_only,39.49569999895175,8.10769999952754,307.66010000115784,355.26349999963713,one shared preloaded model
syn-4d401e31677101a0,lexical_only,43.6675999990257,6.853900000351132,430.8509000002232,481.3723999996,one shared preloaded model
syn-ab333df2fafd0073,lexical_only,43.11039999993227,8.568299999751616,214.02709999892977,265.70579999861366,one shared preloaded model
syn-f1f654b2bfd381e1,lexical_only,42.64359999979206,9.20840000071621,414.3266000010044,466.1786000015127,one shared preloaded model
syn-778176880403e6d9,lexical_only,43.65659999893978,8.420299998761038,601.0151999998925,653.0920999975933,one shared preloaded model
syn-3c4077e56334e964,lexical_only,42.734300001029624,4.666200000428944,473.6260999998194,521.026600001278,one shared preloaded model
syn-14e763ddf9ace4e6,lexical_only,41.21500000110245,7.676299999729963,415.3664999994362,464.2578000002686,one shared preloaded model
syn-f45b33739fa0bb9f,lexical_only,47.22100000071805,8.911200000511599,429.5024999992165,485.6347000004462,one shared preloaded model
syn-884dd5f55b8212d1,lexical_only,40.2196000013646,5.218599999352591,379.26539999898523,424.7035999997024,one shared preloaded model
syn-796678a6e0af208b,lexical_only,44.674500000837725,8.365800000319723,370.2290000001085,423.26930000126595,one shared preloaded model
syn-eda8868f1c2fece2,lexical_only,44.35110000122222,8.456800000203657,322.62379999883706,375.43170000026294,one shared preloaded model
syn-7f9cd78bd0658737,lexical_only,46.84829999860085,8.372500000405125,402.93109999947774,458.1518999984837,one shared preloaded model
syn-61b2832d5fdf51ee,lexical_only,44.038000000000466,8.162100000845385,200.15200000125333,252.35210000209918,one shared preloaded model
syn-5598ae5c57ad5073,lexical_only,43.56220000045141,9.23019999936514,386.5347000009933,439.3271000008099,one shared preloaded model
syn-4e2b16b30bf94099,lexical_only,46.099399998638546,5.851899999470334,671.7862999994395,723.7375999975484,one shared preloaded model
syn-797af88ee2bb879b,lexical_only,40.897799999584095,4.810899999938556,425.0865000012709,470.79520000079356,one shared preloaded model
syn-0cf696b7cf2485d5,lexical_only,46.73550000006799,8.454799999526585,382.05530000050203,437.2456000000966,one shared preloaded model
syn-d02759cdbf3baaeb,lexical_only,44.15359999984503,8.03280000036466,397.96559999922465,450.15199999943434,one shared preloaded model
syn-ca975f12399ac72d,lexical_only,47.299899999416084,8.286000000225613,447.61339999968186,503.19929999932356,one shared preloaded model
syn-1c68388573fae08d,lexical_only,43.14239999985148,8.472699999401812,400.8857999997417,452.500899998995,one shared preloaded model
syn-5a9a91a52114c69a,lexical_only,46.0650999993959,7.34319999901345,299.1734000006545,352.58169999906386,one shared preloaded model
syn-c9224d63212d8aca,lexical_only,45.30439999871305,8.578000000852626,452.2559999986697,506.1383999982354,one shared preloaded model
syn-5410682004961128,lexical_only,44.13170000043465,8.294600000226637,180.9934000011708,233.4197000018321,one shared preloaded model
syn-97fe2cbcf345fb93,lexical_only,43.280899999444955,8.947899999839137,465.6025000003865,517.8312999996706,one shared preloaded model
syn-cd4c364251527834,lexical_only,45.53239999950165,7.607200001075398,695.882599999095,749.022199999672,one shared preloaded model
syn-230af210e8a75a06,lexical_only,44.01929999949061,7.898200001363875,389.2854999994597,441.2030000003142,one shared preloaded model
syn-da092fddabc88e8c,lexical_only,43.01789999954053,8.603300000686431,391.3905000008526,443.0117000010796,one shared preloaded model
syn-dcf469e1a8c630ec,lexical_only,36.73069999967993,6.096699999034172,280.4402999990998,323.2676999978139,one shared preloaded model
syn-f2e76744bfacc55c,lexical_only,43.343499999537016,8.77559999935329,501.85269999929005,553.9717999981804,one shared preloaded model
syn-46181fb73f0a75b4,lexical_only,44.3810000015219,8.795199999440229,409.86119999979564,463.03740000075777,one shared preloaded model
syn-9db825e05aa666ea,lexical_only,47.63060000004771,8.495300000504358,326.14120000107505,382.2671000016271,one shared preloaded model
syn-efb2477a19e8bc70,lexical_only,40.8119000003353,5.752600000050734,469.01860000070883,515.5831000010949,one shared preloaded model
syn-be647db76ec3916d,lexical_only,39.42360000110057,5.11240000014368,188.5536999998294,233.08970000107365,one shared preloaded model
syn-bf12fa1fdf72a8cb,lexical_only,42.06519999934244,10.163400000237743,419.8954999992566,472.12409999883675,one shared preloaded model
syn-961229cb08e4798f,lexical_only,46.45829999935813,5.043499999374035,729.6150000001944,781.1167999989266,one shared preloaded model
syn-bc112f89b1a244bd,lexical_only,41.0675999992236,5.455399999846122,414.85800000009476,461.3809999991645,one shared preloaded model
syn-8da0fe103182e921,lexical_only,40.49999999915599,8.32559999980731,443.40290000036475,492.22849999932805,one shared preloaded model
syn-4556e2eda4c5ec38,lexical_only,38.21380000044883,4.661900000428432,470.5421999988175,513.4178999996948,one shared preloaded model
syn-4639c52acd42e3e2,lexical_only,39.779799999450915,5.208399999901303,396.62309999948775,441.61129999883997,one shared preloaded model
syn-db4aee288b034901,lexical_only,42.20730000088224,9.059699999852455,455.8510999995633,507.118100000298,one shared preloaded model
syn-016d0251df2a38df,lexical_only,48.13329999888083,8.827500001643784,390.2121999999508,447.17300000047544,one shared preloaded model
syn-a305f1b556cd7ef7,lexical_only,46.506000000590575,8.692299999893294,411.9461999998748,467.1445000003587,one shared preloaded model
syn-a6d8f9c10f83e622,lexical_only,45.25389999980689,8.131399999911082,191.01369999953022,244.3989999992482,one shared preloaded model
syn-a415614358a9bbf2,lexical_only,38.30550000020594,5.4918999994697515,399.73989999998594,443.5372999996616,one shared preloaded model
syn-7688417776654935,lexical_only,43.338500001482316,8.415399999648798,623.1358999993972,674.8898000005283,one shared preloaded model
syn-0b35d12bed80b76a,lexical_only,45.25479999938398,8.051400000113063,389.06610000049113,442.3722999999882,one shared preloaded model
syn-e57b3404c0c0ca57,lexical_only,41.947699999582255,4.993399999875692,413.6096999991423,460.55079999860027,one shared preloaded model
syn-427feb671ddd5e80,lexical_only,35.558100000343984,5.530799999178271,422.2905999995419,463.37949999906414,one shared preloaded model
syn-9f621fea2c222e41,lexical_only,37.8063000007387,4.9058999993576435,435.46989999958896,478.1820999996853,one shared preloaded model
syn-36ba0c1d4e51203a,lexical_only,41.34560000056808,8.461200000965619,401.1950000003708,451.0018000019045,one shared preloaded model
syn-5b1d27e003bba18e,lexical_only,36.21759999987262,8.200400001442176,311.1162000004697,355.5342000017845,one shared preloaded model
syn-5862c2a2034137e9,lexical_only,39.741099999446305,4.565999999613268,376.69370000003255,421.0007999990921,one shared preloaded model
syn-af032bbca8d177d1,lexical_only,39.685600000666454,4.519199999776902,180.32680000032997,224.53160000077332,one shared preloaded model
syn-1815636146461cc4,lexical_only,39.051599998856545,5.614399999103625,393.35960000062187,438.02559999858204,one shared preloaded model
syn-73a0fd0e3df3ffd8,lexical_only,38.531399999556015,4.007800000181305,662.3112000015681,704.8504000013054,one shared preloaded model
syn-9b9c9ca36462f75d,lexical_only,44.95950000091398,8.420599999226397,454.139600000417,507.51970000055735,one shared preloaded model
syn-05465f2bbe23b3ce,lexical_only,38.61800000049698,4.542299999229726,446.8496999998024,490.0099999995291,one shared preloaded model
syn-fc727999cddc2a0e,lexical_only,39.641900000788155,5.014500000470434,342.88369999921997,387.54010000047856,one shared preloaded model
syn-0271d64965c686bd,lexical_only,39.95770000074117,4.863699999987148,391.31820000147854,436.13960000220686,one shared preloaded model
syn-d7061c0212ea339c,lexical_only,41.28849999869999,7.194800000434043,343.2940000002418,391.7772999993758,one shared preloaded model
syn-79b4993828ec61be,lexical_only,42.29200000008859,8.297299998957897,270.24600000004284,320.83529999908933,one shared preloaded model
syn-e6b6a2dfb9f4009f,lexical_only,42.733500000395,6.376100000125007,410.29119999984687,459.40080000036687,one shared preloaded model
syn-04bd977735866e90,lexical_only,38.8225999995484,4.764299999806099,163.38229999928444,206.96919999863894,one shared preloaded model
syn-4fb5d4427bc1dc44,lexical_only,44.47310000068683,8.780000000115251,407.8988000001118,461.1519000009139,one shared preloaded model
syn-02c8d313527e3161,lexical_only,41.451499999311636,8.632099999886123,622.4860000002082,672.5695999994059,one shared preloaded model
syn-cabffc257f3da2bf,lexical_only,43.0279000011069,4.985299998224946,383.58189999962633,431.5950999989582,one shared preloaded model
syn-2a89eeb201b73241,lexical_only,41.15799999999581,8.223200000429642,393.90850000017963,443.2897000006051,one shared preloaded model
syn-6e0c9395808f2f72,lexical_only,44.34409999885247,8.260700000391807,374.7722000007343,427.3769999999786,one shared preloaded model
syn-7d6cd7303d9c5c73,lexical_only,38.77699999975448,4.750100000819657,344.0591999988101,387.5862999993842,one shared preloaded model
syn-ad62bc336dc2873b,lexical_only,43.63519999969867,8.2457999997132,347.584299999653,399.4652999990649,one shared preloaded model
syn-a25b2627243654b7,lexical_only,38.59750000083295,8.184700000128942,1343.6727999996947,1390.4550000006566,one shared preloaded model
syn-d0a3a47df140b8a4,lexical_only,43.67809999894234,5.592400000750786,407.86620000108087,457.136700000774,one shared preloaded model
syn-8977fcffd15f59b3,lexical_only,40.77270000016142,5.429600001662038,164.5373000010295,210.73960000285297,one shared preloaded model
syn-fb41569998d3d671,lexical_only,41.045300000405405,8.2550999995874,402.1534999992582,451.453899999251,one shared preloaded model
syn-6a878ad466af8f6d,lexical_only,37.900299999819254,8.33500000044296,613.8119000006554,660.0472000009177,one shared preloaded model
syn-c9c8056e1902861d,lexical_only,45.55640000035055,8.331900000484893,364.27040000126,418.15870000209543,one shared preloaded model
syn-5f89593002bacab6,lexical_only,45.49429999860877,8.659699999043369,412.9504000011366,467.1043999987887,one shared preloaded model
syn-8e19cd286138a4ee,lexical_only,42.066199999680975,8.191099999748985,391.86960000006366,442.1268999994936,one shared preloaded model
syn-c51e38600716cf16,lexical_only,40.19250000055763,4.939099999319296,418.86929999964195,464.0008999995189,one shared preloaded model
syn-ad094520f9ff036e,lexical_only,40.57880000073055,8.15599999987171,434.2285000002448,482.9633000008471,one shared preloaded model
syn-03afcfca4d2d555e,lexical_only,44.524300001285155,8.233099999415572,376.0781999990286,428.8355999997293,one shared preloaded model
syn-21b0e56fe711b690,lexical_only,35.29259999959322,4.2167000010522315,463.56639999976323,503.0757000004087,one shared preloaded model
syn-9b255caac996299d,lexical_only,41.55169999830832,7.972699999299948,202.6553999985481,252.17979999615636,one shared preloaded model
syn-1572aef0aa770f60,lexical_only,44.25240000091435,8.722900000066147,338.33039999990433,391.3057000008848,one shared preloaded model
syn-6dc205a3cb670182,lexical_only,41.34460000022955,8.231900001192116,608.9198000008764,658.4963000022981,one shared preloaded model
syn-585ffc749c390071,lexical_only,38.98579999986396,5.340100000466919,404.28960000099323,448.6155000013241,one shared preloaded model
syn-2a73d24205ef0ed5,lexical_only,40.824800000336836,8.027199999560253,405.8089000009204,454.6609000008175,one shared preloaded model
syn-51543bbd5dccf82c,lexical_only,38.33099999974365,4.827999999179156,380.4230000005191,423.5819999994419,one shared preloaded model
syn-f77d9a42b9125db4,lexical_only,40.48249999868858,8.696700000655255,382.55630000094243,431.73550000028627,one shared preloaded model
syn-78e1c7f41f02970e,lexical_only,38.39270000025863,7.961100000102306,377.86360000063723,424.21740000099817,one shared preloaded model
syn-49fdfbb2478143c9,lexical_only,42.75270000107412,7.940299999972922,301.9406000003073,352.63360000135435,one shared preloaded model
syn-9fc24ceee3905017,lexical_only,42.062900000019,7.480899999791291,348.42180000123335,397.96560000104364,one shared preloaded model
syn-7d2031da5024db38,lexical_only,42.6233999987744,8.457400001134374,294.14340000039374,345.2242000003025,one shared preloaded model
syn-8efe23f6b68ec84c,lexical_only,40.82209999978659,5.792899999505607,712.9921000014292,759.6071000007214,one shared preloaded model
syn-8877425eb9158281,lexical_only,42.86769999998796,8.133000001180335,640.8914000003278,691.8921000014961,one shared preloaded model
syn-9a81fe2cb0f08364,lexical_only,38.9725000004546,6.884700000227895,376.7394999995304,422.5967000002129,one shared preloaded model
syn-3440a264ae436e2e,lalm,125.27050000062445,10.344099999201717,412.7088000004733,548.3234000002994,one shared preloaded model
syn-ee85a2eb73c947cd,lalm,132.52730000021984,8.563100000174018,381.01319999987027,522.1036000002641,one shared preloaded model
syn-b6e8394405665f30,lalm,95.94050000123389,10.204800000792602,380.15599999926053,486.301300001287,one shared preloaded model
syn-0cb85fc1aed79509,lalm,94.84829999928479,7.682799998292467,375.8495000001858,478.38059999776306,one shared preloaded model
syn-aac1706bd01384f5,lalm,122.58139999903506,10.744100000010803,282.55580000040936,415.8812999994552,one shared preloaded model
syn-4d401e31677101a0,lalm,112.98719999831519,10.820400000739028,372.3730000001524,496.1805999992066,one shared preloaded model
syn-ab333df2fafd0073,lalm,103.77660000085598,6.354099999953178,150.36209999925632,260.4928000000655,one shared preloaded model
syn-f1f654b2bfd381e1,lalm,95.8850999995775,10.96999999936088,495.20879999909084,602.0638999980292,one shared preloaded model
syn-778176880403e6d9,lalm,120.62780000087514,11.281199998848024,730.5498999994597,862.4588999991829,one shared preloaded model
syn-3c4077e56334e964,lalm,112.08020000049146,10.553300000538002,472.0654000011564,594.6989000021858,one shared preloaded model
syn-14e763ddf9ace4e6,lalm,133.59740000123566,10.680800000045565,395.80369999930554,540.0819000005868,one shared preloaded model
syn-f45b33739fa0bb9f,lalm,93.94690000044648,10.231600001134211,419.3113000001176,523.4898000016983,one shared preloaded model
syn-884dd5f55b8212d1,lalm,125.79350000123668,10.265599999911501,441.01210000007995,577.0712000012281,one shared preloaded model
syn-796678a6e0af208b,lalm,117.2446000000491,10.289699999702862,449.7393999990891,577.273699998841,one shared preloaded model
syn-eda8868f1c2fece2,lalm,87.55560000099649,6.990399999267538,129.15780000002997,223.703800000294,one shared preloaded model
syn-7f9cd78bd0658737,lalm,127.85290000101668,8.153300001140451,450.2072999985103,586.2135000006674,one shared preloaded model
syn-61b2832d5fdf51ee,lalm,128.9801000002626,8.836299999529729,214.80869999868446,352.6250999984768,one shared preloaded model
syn-5598ae5c57ad5073,lalm,122.09199999961129,7.525600000008126,375.4367000001366,505.05429999975604,one shared preloaded model
syn-4e2b16b30bf94099,lalm,131.56729999900563,10.703399999329122,649.1248999991512,791.395599997486,one shared preloaded model
syn-797af88ee2bb879b,lalm,129.2265000010957,10.552300000199466,435.7044999997015,575.4833000009967,one shared preloaded model
syn-0cf696b7cf2485d5,lalm,125.79590000132157,6.811700000980636,361.9921000008617,494.5997000031639,one shared preloaded model
syn-d02759cdbf3baaeb,lalm,116.98930000056862,7.479100000637118,440.6655000002502,565.1339000014559,one shared preloaded model
syn-ca975f12399ac72d,lalm,112.91399999936402,10.847199999261647,426.2266000005184,549.987799999144,one shared preloaded model
syn-1c68388573fae08d,lalm,109.5645000004879,9.955199999239994,470.6895999988774,590.2092999986053,one shared preloaded model
syn-5a9a91a52114c69a,lalm,133.88099999974656,11.01589999962016,137.10940000055416,282.0062999999209,one shared preloaded model
syn-c9224d63212d8aca,lalm,107.05090000010387,8.481300001221825,361.0671000005823,476.599300001908,one shared preloaded model
syn-5410682004961128,lalm,134.0978999996878,10.927599998467485,201.48279999921215,346.50829999736743,one shared preloaded model
syn-97fe2cbcf345fb93,lalm,104.00779999872611,11.215500000616885,426.38110000007146,541.6043999994145,one shared preloaded model
syn-cd4c364251527834,lalm,143.36259999981849,11.647199999060831,790.5424999989918,945.5522999978712,one shared preloaded model
syn-230af210e8a75a06,lalm,131.0377999998309,10.763200001747464,403.3070999994379,545.1081000010163,one shared preloaded model
syn-da092fddabc88e8c,lalm,115.55609999959415,6.887899999128422,363.3926000002248,485.83659999894735,one shared preloaded model
syn-dcf469e1a8c630ec,lalm,100.51210000165156,10.806000000229687,437.5140000011015,548.8321000029828,one shared preloaded model
syn-f2e76744bfacc55c,lalm,127.63619999896036,7.353599999987637,467.72129999953904,602.711099998487,one shared preloaded model
syn-46181fb73f0a75b4,lalm,134.0781999988394,10.73779999933322,423.42769999959273,568.2436999977654,one shared preloaded model
syn-9db825e05aa666ea,lalm,110.97090000112075,11.226099999475991,371.96960000073886,494.1666000013356,one shared preloaded model
syn-efb2477a19e8bc70,lalm,117.94299999928626,10.750600000392296,459.0126999992208,587.7062999988993,one shared preloaded model
syn-be647db76ec3916d,lalm,113.21700000007695,10.670499999832828,165.33390000040527,289.22140000031504,one shared preloaded model
syn-bf12fa1fdf72a8cb,lalm,115.51439999857394,7.158700000218232,397.777700000006,520.4507999987982,one shared preloaded model
syn-961229cb08e4798f,lalm,104.6265000004496,7.354999999733991,626.7623999992793,738.7438999994629,one shared preloaded model
syn-bc112f89b1a244bd,lalm,108.86790000040492,6.739799999195384,420.46059999847785,536.0682999980781,one shared preloaded model
syn-8da0fe103182e921,lalm,89.85659999962081,10.91209999867715,425.5217999998422,526.2904999981401,one shared preloaded model
syn-4556e2eda4c5ec38,lalm,115.44920000051206,10.80760000149894,364.49520000132907,490.7520000033401,one shared preloaded model
syn-4639c52acd42e3e2,lalm,97.39640000043437,10.744100000010803,413.5454999996,521.6860000000452,one shared preloaded model
syn-db4aee288b034901,lalm,134.81929999943532,10.538500000620843,400.53810000063095,545.8959000006871,one shared preloaded model
syn-016d0251df2a38df,lalm,126.84429999899294,11.259000000791275,612.8860999997414,750.9893999995256,one shared preloaded model
syn-a305f1b556cd7ef7,lalm,123.53360000088287,10.561500001131208,509.36840000031225,643.4635000023263,one shared preloaded model
syn-a6d8f9c10f83e622,lalm,133.0833000010898,10.70620000064082,170.65609999917797,314.4456000009086,one shared preloaded model
syn-a415614358a9bbf2,lalm,115.89249999997264,7.87299999865354,440.65499999851454,564.4204999971407,one shared preloaded model
syn-7688417776654935,lalm,122.5479999993695,7.776399999784189,664.7565000002942,795.0808999994479,one shared preloaded model
syn-0b35d12bed80b76a,lalm,114.70439999902737,10.436200000185636,426.2228999996296,551.3634999988426,one shared preloaded model
syn-e57b3404c0c0ca57,lalm,137.4962999998388,11.592999999265885,498.6845999992511,647.7738999983558,one shared preloaded model
syn-427feb671ddd5e80,lalm,116.06050000045798,7.809900000211201,431.82940000042436,555.6998000010935,one shared preloaded model
syn-9f621fea2c222e41,lalm,135.91450000058103,10.949800000162213,478.16169999896374,625.025999999707,one shared preloaded model
syn-36ba0c1d4e51203a,lalm,144.22089999970922,10.50510000095528,451.3212999991083,606.0472999997728,one shared preloaded model
syn-5b1d27e003bba18e,lalm,113.61509999915143,11.481000001367647,330.2802999987762,455.37639999929524,one shared preloaded model
syn-5862c2a2034137e9,lalm,135.02369999878283,11.484900000141351,350.9787000002689,497.48729999919306,one shared preloaded model
syn-af032bbca8d177d1,lalm,112.49360000147135,7.961999999679392,208.52560000093945,328.9812000020902,one shared preloaded model
syn-1815636146461cc4,lalm,119.71929999890563,10.79550000031304,475.02279999935126,605.5375999985699,one shared preloaded model
syn-73a0fd0e3df3ffd8,lalm,109.47620000115421,10.781500001030508,764.898200000971,885.1559000031557,one shared preloaded model
syn-9b9c9ca36462f75d,lalm,139.08420000007027,11.273000000073807,450.76220000009926,601.1194000002433,one shared preloaded model
syn-05465f2bbe23b3ce,lalm,122.31830000018817,7.935000001452863,448.3194000004005,578.5727000020415,one shared preloaded model
syn-fc727999cddc2a0e,lalm,133.65629999861994,10.59250000071188,395.06579999942915,539.314599998761,one shared preloaded model
syn-0271d64965c686bd,lalm,133.80200000028708,11.136600000099861,442.8191999995761,587.757799999963,one shared preloaded model
syn-d7061c0212ea339c,lalm,112.60049999873445,10.900599998421967,453.88439999987895,577.3854999970354,one shared preloaded model
syn-79b4993828ec61be,lalm,123.02720000116096,11.66680000096676,308.0895999992208,442.78360000134853,one shared preloaded model
syn-e6b6a2dfb9f4009f,lalm,129.26470000093104,7.08170000143582,476.2700000010227,612.6164000033896,one shared preloaded model
syn-04bd977735866e90,lalm,111.47630000050412,11.591299999054172,205.94090000122378,329.0085000007821,one shared preloaded model
syn-4fb5d4427bc1dc44,lalm,141.39190000059898,11.648499999864725,483.46549999951094,636.5058999999746,one shared preloaded model
syn-02c8d313527e3161,lalm,113.2608000007167,10.841100000106962,752.180600000429,876.2825000012526,one shared preloaded model
syn-cabffc257f3da2bf,lalm,112.38219999904686,11.30850000117789,473.1111000000965,596.8018000003212,one shared preloaded model
syn-2a89eeb201b73241,lalm,106.73700000006647,10.29000000016822,488.34919999899284,605.3761999992275,one shared preloaded model
syn-6e0c9395808f2f72,lalm,132.1963999998843,10.826200001247344,421.44829999961075,564.4709000007424,one shared preloaded model
syn-7d6cd7303d9c5c73,lalm,138.90770000034536,11.354899999787449,468.73540000160574,618.9980000017385,one shared preloaded model
syn-ad62bc336dc2873b,lalm,142.51169999988633,11.017000000720145,444.6893000003911,598.2180000009976,one shared preloaded model
syn-a25b2627243654b7,lalm,125.27210000007472,10.668699998859665,137.4554000012722,273.3962000002066,one shared preloaded model
syn-d0a3a47df140b8a4,lalm,143.92409999891242,11.168799999722978,391.81509999980335,546.9079999984388,one shared preloaded model
syn-8977fcffd15f59b3,lalm,108.08799999904295,9.642400000302587,204.08789999964938,321.8182999989949,one shared preloaded model
syn-fb41569998d3d671,lalm,114.66999999902328,12.114900000597117,459.6935999998095,586.4784999994299,one shared preloaded model
syn-6a878ad466af8f6d,lalm,123.36039999900095,7.033100000626291,773.2594999997673,903.6529999993945,one shared preloaded model
syn-c9c8056e1902861d,lalm,135.2076000002853,7.279600000401842,393.6352999990049,536.1224999996921,one shared preloaded model
syn-5f89593002bacab6,lalm,133.68249999984982,10.610600000291015,387.964200001079,532.2573000012198,one shared preloaded model
syn-8e19cd286138a4ee,lalm,117.17230000067502,7.002799999099807,368.8388999999006,493.01399999967543,one shared preloaded model
syn-c51e38600716cf16,lalm,106.8745000011404,10.815499999807798,487.2949999989942,604.9849999999424,one shared preloaded model
syn-ad094520f9ff036e,lalm,115.705700000035,7.1000999996613245,430.5070999998861,553.3128999995824,one shared preloaded model
syn-03afcfca4d2d555e,lalm,113.69130000093719,10.558899999523419,338.94099999997707,463.1912000004377,one shared preloaded model
syn-21b0e56fe711b690,lalm,128.38340000052995,7.313800000702031,444.0273000000161,579.7245000012481,one shared preloaded model
syn-9b255caac996299d,lalm,138.56619999933173,10.777499999676365,195.56809999994584,344.91179999895394,one shared preloaded model
syn-1572aef0aa770f60,lalm,108.32210000080522,10.951199999908567,389.3545000009908,508.6278000017046,one shared preloaded model
syn-6dc205a3cb670182,lalm,117.43990000104532,10.36019999992277,578.7258000000293,706.5259000009974,one shared preloaded model
syn-585ffc749c390071,lalm,92.32479999991483,10.58259999990696,400.05399999972724,502.96139999954903,one shared preloaded model
syn-2a73d24205ef0ed5,lalm,128.1235000005836,10.621100000207662,443.21190000118804,581.9565000019793,one shared preloaded model
syn-51543bbd5dccf82c,lalm,92.83739999955287,6.350899999233661,436.77759999991395,535.9658999987005,one shared preloaded model
syn-f77d9a42b9125db4,lalm,94.0059000004112,6.987200000367011,392.5746999993862,493.5678000001644,one shared preloaded model
syn-78e1c7f41f02970e,lalm,107.72680000081891,10.691199999200762,436.7562999996153,555.174299999635,one shared preloaded model
syn-49fdfbb2478143c9,lalm,112.43749999994179,10.95060000079684,130.13099999989208,253.51910000063071,one shared preloaded model
syn-9fc24ceee3905017,lalm,114.34249999911117,10.034900000391644,459.0016000001924,583.3789999996952,one shared preloaded model
syn-7d2031da5024db38,lalm,135.69549999920127,10.659499999746913,536.9833999993716,683.3383999983198,one shared preloaded model
syn-8efe23f6b68ec84c,lalm,119.64559999978519,11.329299999488285,441.4575999999215,572.432499999195,one shared preloaded model
syn-8877425eb9158281,lalm,132.86220000009052,11.194000000614324,790.8812999994552,934.9375000001601,one shared preloaded model
syn-9a81fe2cb0f08364,lalm,118.70119999912276,11.596000000281492,512.3480000002019,642.6451999996061,one shared preloaded model
syn-3b053d69a7c0cc47,vanilla,0.11610000001383014,0.0008000006346264854,323.83069999923464,323.9475999998831,one shared preloaded model
syn-48966a4dc31467fc,vanilla,0.21320000087143853,0.0007999988156370819,318.9284999989468,319.14249999863387,one shared preloaded model
syn-605206d9d21d0ca5,vanilla,0.23489999875891954,0.0011000010999850929,310.2340000004915,310.4700000003504,one shared preloaded model
syn-a9b8e5ce5befcc05,vanilla,0.12040000001434237,0.0008000006346264854,350.8125000007567,350.93370000140567,one shared preloaded model
syn-66aa42267909b029,vanilla,0.12229999992996454,0.0006999998731771484,347.6067999999941,347.72979999979725,one shared preloaded model
syn-8d4a5714dbf06948,vanilla,0.185500000952743,0.0006999998731771484,219.63199999845529,219.8181999992812,one shared preloaded model
syn-5471bf1f9938cddb,vanilla,0.12590000005729962,0.0006000009307172149,257.9377000001841,258.06420000117214,one shared preloaded model
syn-56bfe8d261f2e869,vanilla,0.22189999981492292,0.0013999997463542968,307.3215000003984,307.54479999995965,one shared preloaded model
syn-810b570ec48fc0e7,vanilla,0.10989999827870633,0.0005999991117278114,235.51649999899382,235.62699999638426,one shared preloaded model
syn-6692620f9cac53ed,vanilla,0.23090000104275532,0.0008999995770864189,270.29770000081044,270.5295000014303,one shared preloaded model
syn-53081d8a4aae99b3,vanilla,0.19629999951575883,0.0007999988156370819,258.7911999999051,258.98829999823647,one shared preloaded model
syn-572f3ca3bd93e2e8,vanilla,0.1269999993382953,0.0006999998731771484,393.178700000135,393.30639999934647,one shared preloaded model
syn-8b4e8767076426ec,vanilla,0.1156999987870222,0.0004000012268079445,296.31220000010217,296.428300000116,one shared preloaded model
syn-99ecbdb66be5c843,vanilla,0.1815999985410599,0.0006999998731771484,276.8811000005371,277.06339999895135,one shared preloaded model
syn-611db16cf71b8642,vanilla,0.14969999938330147,0.0008000006346264854,326.69999999961874,326.85049999963667,one shared preloaded model
syn-affcd577f74a12e2,vanilla,0.12249999963387381,0.0006000009307172149,275.6693000010273,275.7924000015919,one shared preloaded model
syn-1b57c2f7b72add67,vanilla,0.13209999997343402,0.0007999988156370819,282.28629999830446,282.41919999709353,one shared preloaded model
syn-807fb1231a5c0609,vanilla,0.1343000003544148,0.0008999995770864189,261.65149999906134,261.78669999899284,one shared preloaded model
syn-0e375862f8dca337,vanilla,0.12629999946511816,0.0010999992809956893,278.92439999959606,279.0517999983422,one shared preloaded model
syn-9f98b3cfce4c5f38,vanilla,0.13269999908516183,0.0008999995770864189,285.31609999845386,285.4496999971161,one shared preloaded model
syn-630c3272c3757d3d,vanilla,0.21099999867146835,0.0006999998731771484,292.95749999982945,293.1691999983741,one shared preloaded model
syn-4ee74e1c8c2741b7,vanilla,0.13419999959296547,0.0006999998731771484,226.8526000007114,226.98750000017753,one shared preloaded model
syn-16b64d1cb80c9111,vanilla,0.128400000903639,0.0008999995770864189,269.7673999991821,269.8966999996628,one shared preloaded model
syn-3782fc1ea995f33c,vanilla,0.11959999937971588,0.0011000010999850929,277.68620000097144,277.80690000145114,one shared preloaded model
syn-fb6f4abd33d3c276,vanilla,0.12109999988751952,0.0007999988156370819,244.98120000134804,245.1031000000512,one shared preloaded model
syn-c818491a6ee29b70,vanilla,0.12590000005729962,0.0006000009307172149,190.28500000058557,190.4115000015736,one shared preloaded model
syn-43b5d2c7af874cf3,vanilla,0.1329000006080605,0.0005999991117278114,206.31580000008398,206.44929999980377,one shared preloaded model
syn-d4701e8bebaf7664,vanilla,0.1818999990064185,0.0006999998731771484,199.93609999983164,200.11869999871124,one shared preloaded model
syn-670b25b58a5e966f,vanilla,0.11610000001383014,0.0006000009307172149,216.33810000093945,216.454800001884,one shared preloaded model
syn-127fe9674919e2c7,vanilla,0.1277999999729218,0.0007999988156370819,275.59739999924204,275.7259999980306,one shared preloaded model
syn-714dd67a228f388e,vanilla,0.13550000039685983,0.0008999995770864189,197.9380000011588,198.07440000113274,one shared preloaded model
syn-d70253ddc8a7440b,vanilla,0.12310000056459103,0.0006999998731771484,225.13419999995676,225.25800000039453,one shared preloaded model
syn-8f29cf9162983042,vanilla,0.12760000026901253,0.0005999991117278114,241.00149999867426,241.129699998055,one shared preloaded model
syn-0d54bf0dcdce2846,vanilla,0.12390000119921751,0.0007999988156370819,242.9405000002589,243.06520000027376,one shared preloaded model
syn-6260d100dbb73796,vanilla,0.23539999892818742,0.0008000006346264854,323.86120000046503,324.09740000002785,one shared preloaded model
syn-a26b40df684ebe9c,vanilla,0.18310000086785294,0.0006999998731771484,225.3302999997686,225.51410000050964,one shared preloaded model
syn-a0e3b745234cdc90,vanilla,0.16150000010384247,0.0005999991117278114,198.8696999997046,199.03179999892018,one shared preloaded model
syn-99d614d4cd814616,vanilla,0.12389999938022811,0.0009000013960758224,304.4153000009828,304.54010000175913,one shared preloaded model
syn-de52c66b3cca9564,vanilla,0.14629999895987567,0.0006999998731771484,291.3375999996788,291.48459999851184,one shared preloaded model
syn-f14ccd27fe5a8e08,vanilla,0.2530999990995042,0.0008999995770864189,218.7646999991557,219.0186999978323,one shared preloaded model
syn-c809cac2f4a93947,vanilla,0.20819999917875975,0.0008000006346264854,196.32310000088182,196.5321000006952,one shared preloaded model
syn-ce86bd3bf1ebb150,vanilla,0.12349999997240957,0.0006999998731771484,211.15690000078757,211.28110000063316,one shared preloaded model
syn-ae5ae5ce613fc7b4,vanilla,0.11579999954847153,0.0006000009307172149,330.40819999951054,330.52459999998973,one shared preloaded model
syn-41599c1c28305cea,vanilla,0.2727999999478925,0.0010000003385357559,234.9527999995189,235.22659999980533,one shared preloaded model
syn-54994517f80942b0,vanilla,0.13939999917056412,0.0008000006346264854,211.96280000003753,212.10299999984272,one shared preloaded model
syn-3976e2279cfeb88c,vanilla,0.13020000005781185,0.0008000006346264854,242.24489999869547,242.3758999993879,one shared preloaded model
syn-102f38aea15752b7,vanilla,0.12440000136848539,0.0006999998731771484,373.5802000010153,373.705300002257,one shared preloaded model
syn-344da2627d0e8ec3,vanilla,3.304300000309013,0.0012000000424450263,277.12919999976293,280.4347000001144,one shared preloaded model
syn-c815ea162f2b7b52,vanilla,0.13609999950858764,0.0006999998731771484,210.0855999997293,210.22239999911108,one shared preloaded model
syn-49d233ca33f2ee98,vanilla,0.12769999921147246,0.0008999995770864189,233.81640000116022,233.94499999994878,one shared preloaded model
syn-a8263889dc0fe04a,vanilla,0.19629999951575883,0.0007999988156370819,275.6819000005635,275.87899999889487,one shared preloaded model
syn-d634448e7b61d72d,vanilla,0.13109999963489827,0.0006000009307172149,274.22090000072785,274.35260000129347,one shared preloaded model
syn-d6a4bb1d8afd5b8b,vanilla,0.14080000073590782,0.0008000006346264854,210.11490000091726,210.2565000022878,one shared preloaded model
syn-3b58e11d2459b7b1,vanilla,0.12929999866173603,0.0006999998731771484,200.4467000006116,200.5766999991465,one shared preloaded model
syn-8b2cd2885de6e707,vanilla,0.15519999942625873,0.0004999983502784744,280.71039999849745,280.866099996274,one shared preloaded model
syn-289d676cf68dd654,vanilla,0.2961999998660758,0.0005999991117278114,341.9623000008869,342.2590999998647,one shared preloaded model
syn-d910582506cbb5c4,vanilla,0.13770000077784061,0.00030000046535860747,212.88410000124713,213.02210000249033,one shared preloaded model
syn-95c75635f64ceba5,vanilla,0.13299999955052044,0.0005000001692678779,219.40790000007837,219.54139999979816,one shared preloaded model
syn-0cd838af3fe85b7a,vanilla,0.2041000007011462,0.0006000009307172149,237.55130000063218,237.75600000226405,one shared preloaded model
syn-72688e7460c91f6b,vanilla,0.2530999990995042,0.0007999988156370819,235.53370000081486,235.78759999873,one shared preloaded model
syn-43a28863d77f4aa5,vanilla,0.1852000004873844,0.0002999986463692039,236.06960000142863,236.25510000056238,one shared preloaded model
syn-f1515bb802e57072,vanilla,0.13659999967785552,0.0005000001692678779,213.96350000031816,214.1006000001653,one shared preloaded model
syn-a09a9b8b6f9e560f,vanilla,0.13020000005781185,0.00039999940781854093,266.5715999992244,266.70219999869005,one shared preloaded model
syn-a88f7757ec12f5d9,vanilla,0.12040000001434237,0.0005000001692678779,328.4467000012228,328.5676000014064,one shared preloaded model
syn-eb30468b4c9db7f9,vanilla,0.12199999946460593,0.0005000001692678779,331.0973000006925,331.21980000032636,one shared preloaded model
syn-339835de102db66d,vanilla,0.3460000007180497,0.0008000006346264854,263.4765000002517,263.82330000160437,one shared preloaded model
syn-12cf08adf7074965,vanilla,0.3150999982608482,0.0006000009307172149,286.4011000001483,286.71679999933986,one shared preloaded model
syn-b786a9d22347adb5,vanilla,0.11730000005627517,0.0005000001692678779,307.0513000002393,307.1691000004648,one shared preloaded model
syn-c022408afa516669,vanilla,0.12539999988803174,0.0005000001692678779,282.59499999876425,282.72089999882155,one shared preloaded model
syn-da084b77569a168f,vanilla,0.17889999980980065,0.0005000001692678779,205.6789000016579,205.85830000163696,one shared preloaded model
syn-ee0cacdb0a188eee,vanilla,0.1295000001846347,0.00030000046535860747,226.70520000065153,226.83500000130152,one shared preloaded model
syn-4aa9ef95dd49d379,vanilla,0.12600000081874896,0.0005000001692678779,234.25130000032368,234.3778000013117,one shared preloaded model
syn-d28128a5e72073ad,vanilla,0.1247000000148546,0.0005000001692678779,239.74400000042806,239.86920000061218,one shared preloaded model
syn-91b267425b5f425d,vanilla,0.13890000082028564,0.0006999998731771484,234.2871999990166,234.42679999971006,one shared preloaded model
syn-0beed7aaaba3651d,vanilla,0.21869999909540638,0.0007999988156370819,229.94350000044506,230.1629999983561,one shared preloaded model
syn-3b053d69a7c0cc47,window,0.422800001615542,0.012499998774728738,516.1607999998523,516.5961000002426,one shared preloaded model
syn-48966a4dc31467fc,window,0.343700001394609,0.005399999281507917,502.8400999999576,503.1892000006337,one shared preloaded model
syn-605206d9d21d0ca5,window,0.2406999992672354,0.004800000169780105,479.74950000025274,479.99499999968975,one shared preloaded model
syn-a9b8e5ce5befcc05,window,0.19489999976940453,0.004300000000512227,471.3179999998829,471.5171999996528,one shared preloaded model
syn-66aa42267909b029,window,0.18570000065665226,0.00419999923906289,485.74120000012044,485.93110000001616,one shared preloaded model
syn-8d4a5714dbf06948,window,0.2122999994753627,0.004300000000512227,470.8470999994461,471.06369999892195,one shared preloaded model
syn-5471bf1f9938cddb,window,0.2002000001084525,0.004399998942972161,474.97930000099586,475.1839000000473,one shared preloaded model
syn-56bfe8d261f2e869,window,0.19859999883919954,0.007300001016119495,476.69759999917005,476.90349999902537,one shared preloaded model
syn-810b570ec48fc0e7,window,0.21219999871391337,0.004499999704421498,478.2407999991847,478.457499997603,one shared preloaded model
syn-6692620f9cac53ed,window,0.18960000124934595,0.004400000761961564,468.1793999989168,468.3734000009281,one shared preloaded model
syn-53081d8a4aae99b3,window,0.18900000031862874,0.004300000000512227,463.54000000064843,463.7333000009676,one shared preloaded model
syn-572f3ca3bd93e2e8,window,0.23429999964719173,0.004899999112240039,461.71789999971224,461.9570999984717,one shared preloaded model
syn-8b4e8767076426ec,window,0.19350000002305023,0.0035000011848751456,461.5477999996074,461.7448000008153,one shared preloaded model
syn-99ecbdb66be5c843,window,0.1899999988381751,0.004300000000512227,473.1785000003583,473.372799999197,one shared preloaded model
syn-611db16cf71b8642,window,0.20669999867095612,0.004399998942972161,467.087500001071,467.29859999868495,one shared preloaded model
syn-affcd577f74a12e2,window,0.19749999955820385,0.004300000000512227,478.85170000154176,479.0535000011005,one shared preloaded model
syn-1b57c2f7b72add67,window,0.2065999997284962,0.004100000296602957,443.45140000041283,443.66210000043793,one shared preloaded model
syn-807fb1231a5c0609,window,0.21879999985685572,0.004800000169780105,471.34579999874404,471.5693999987707,one shared preloaded model
syn-0e375862f8dca337,window,0.20870000116701704,0.004399998942972161,466.0662999995111,466.2793999996211,one shared preloaded model
syn-9f98b3cfce4c5f38,window,0.1922999999806052,0.004099998477613553,476.7372999995132,476.9336999979714,one shared preloaded model
syn-630c3272c3757d3d,window,0.20539999968605116,0.004699999408330768,463.26309999858495,463.47319999767933,one shared preloaded model
syn-4ee74e1c8c2741b7,window,0.2009999989240896,0.004700001227320172,462.30999999897904,462.51569999913045,one shared preloaded model
syn-16b64d1cb80c9111,window,0.19020000036107376,0.00399999953515362,456.9422999993549,457.1364999992511,one shared preloaded model
syn-3782fc1ea995f33c,window,0.1900000006571645,0.0040000013541430235,465.2891000005184,465.4831000025297,one shared preloaded model
syn-fb6f4abd33d3c276,window,0.2119999990100041,0.004399998942972161,459.6110000002227,459.8273999981757,one shared preloaded model
syn-c818491a6ee29b70,window,0.18810000074154232,0.004300000000512227,457.3438999996142,457.5363000003563,one shared preloaded model
syn-43b5d2c7af874cf3,window,0.21009999909438193,0.0039000005926936865,428.97139999877254,429.1853999984596,one shared preloaded model
syn-d4701e8bebaf7664,window,0.1934000010805903,0.004600000465870835,464.9577000000136,465.15570000156004,one shared preloaded model
syn-670b25b58a5e966f,window,0.3386000007594703,0.014299999747890979,460.2166999993642,460.56959999987157,one shared preloaded model
syn-127fe9674919e2c7,window,0.1886000009108102,0.0039000005926936865,458.56649999950605,458.75900000100955,one shared preloaded model
syn-714dd67a228f388e,window,0.19499999871186446,0.004300000000512227,462.1717999998509,462.3710999985633,one shared preloaded model
syn-d70253ddc8a7440b,window,0.19969999993918464,0.0034000004234258085,462.809800001196,463.0129000015586,one shared preloaded model
syn-8f29cf9162983042,window,0.17579999985173345,0.004499999704421498,466.935000000376,467.1152999999322,one shared preloaded model
syn-0d54bf0dcdce2846,window,0.19700000120792538,0.004699999408330768,458.881399999882,459.08310000049823,one shared preloaded model
syn-6260d100dbb73796,window,0.2297000010003103,0.004400000761961564,437.2519000007742,437.48600000253646,one shared preloaded model
syn-a26b40df684ebe9c,window,0.18169999930250924,0.004700001227320172,464.52839999983553,464.71480000036536,one shared preloaded model
syn-a0e3b745234cdc90,window,0.19810000048892107,0.0040000013541430235,461.654599999747,461.85670000159007,one shared preloaded model
syn-99d614d4cd814616,window,0.19210000027669594,0.005500000042957254,460.3652999994665,460.56289999978617,one shared preloaded model
syn-de52c66b3cca9564,window,0.20120000044698827,0.006900001608300954,478.57139999905485,478.77950000111014,one shared preloaded model
syn-f14ccd27fe5a8e08,window,0.18430000091029797,0.004999999873689376,463.38230000037584,463.5716000011598,one shared preloaded model
syn-c809cac2f4a93947,window,0.2386999985901639,0.004999999873689376,466.60850000080245,466.8521999992663,one shared preloaded model
syn-ce86bd3bf1ebb150,window,0.19810000048892107,0.004500001523410901,476.4835000005405,476.68610000255285,one shared preloaded model
syn-ae5ae5ce613fc7b4,window,0.1919999995152466,0.00419999923906289,466.8913000004977,467.08749999925203,one shared preloaded model
syn-41599c1c28305cea,window,0.1936999997269595,0.00960000033956021,463.02550000109477,463.2288000011613,one shared preloaded model
syn-54994517f80942b0,window,0.18570000065665226,0.0040000013541430235,462.1960000004037,462.3857000024145,one shared preloaded model
syn-3976e2279cfeb88c,window,0.19529999917722307,0.004699999408330768,460.7646000004024,460.964599998988,one shared preloaded model
syn-102f38aea15752b7,window,0.18759999875328504,0.004400000761961564,429.03560000013385,429.2275999996491,one shared preloaded model
syn-344da2627d0e8ec3,window,0.19430000065767672,0.004600000465870835,467.18759999930626,467.3865000004298,one shared preloaded model
syn-c815ea162f2b7b52,window,0.2051999999821419,0.004300000000512227,463.4564000007231,463.66590000070573,one shared preloaded model
syn-49d233ca33f2ee98,window,0.19210000027669594,0.006900001608300954,458.1947999995464,458.3938000014314,one shared preloaded model
syn-a8263889dc0fe04a,window,0.17529999968246557,0.004600000465870835,464.33600000091246,464.5159000010608,one shared preloaded model
syn-d634448e7b61d72d,window,0.2066000015474856,0.004400000761961564,460.8702000004996,461.08120000280906,one shared preloaded model
syn-d6a4bb1d8afd5b8b,window,0.18740000086836517,0.00399999953515362,466.9811000003392,467.17250000074273,one shared preloaded model
syn-3b58e11d2459b7b1,window,0.19080000129179098,0.003899998773704283,469.4139000002906,469.6086000003561,one shared preloaded model
syn-8b2cd2885de6e707,window,0.21700000070268288,0.004300000000512227,432.4192000003677,432.6405000010709,one shared preloaded model
syn-289d676cf68dd654,window,0.19189999875379726,0.003600000127335079,461.62220000042,461.8176999993011,one shared preloaded model
syn-d910582506cbb5c4,window,0.19040000006498303,0.003499999365885742,465.000099999088,465.19399999851885,one shared preloaded model
syn-95c75635f64ceba5,window,0.23300000066228677,0.0072999991971300915,463.81359999941196,464.0538999992714,one shared preloaded model
syn-0cd838af3fe85b7a,window,0.18819999968400225,0.00399999953515362,464.409500000329,464.60169999954815,one shared preloaded model
syn-72688e7460c91f6b,window,0.24359999952139333,0.004499999704421498,456.47900000039954,456.72709999962535,one shared preloaded model
syn-43a28863d77f4aa5,window,0.1976000003196532,0.00419999923906289,464.0730999999505,464.2748999995092,one shared preloaded model
syn-f1515bb802e57072,window,0.19609999981184956,0.0039000005926936865,462.6728999992338,462.8728999996383,one shared preloaded model
syn-a09a9b8b6f9e560f,window,0.17780000052880496,0.004200001058052294,463.9052999991691,464.08730000075593,one shared preloaded model
syn-a88f7757ec12f5d9,window,0.1971000001503853,0.003600000127335079,467.42450000056124,467.62520000083896,one shared preloaded model
syn-eb30468b4c9db7f9,window,0.18869999985327013,0.004099998477613553,426.7400999997335,426.9328999980644,one shared preloaded model
syn-339835de102db66d,window,0.19799999972747173,0.0040000013541430235,467.1557000001485,467.3577000012301,one shared preloaded model
syn-12cf08adf7074965,window,0.19159999828843866,0.0039000005926936865,463.6841000010463,463.87959999992745,one shared preloaded model
syn-b786a9d22347adb5,window,0.1978999989660224,0.0036999990697950125,460.0434999993013,460.2450999973371,one shared preloaded model
syn-c022408afa516669,window,0.19319999955769163,0.00419999923906289,478.46889999891573,478.6662999977125,one shared preloaded model
syn-da084b77569a168f,window,0.18630000158736948,0.0037999998312443495,466.5548000011768,466.7449000025954,one shared preloaded model
syn-ee0cacdb0a188eee,window,0.2069000001938548,0.004400000761961564,473.85620000022755,474.06750000118336,one shared preloaded model
syn-4aa9ef95dd49d379,window,0.18930000078398734,0.004499999704421498,475.57310000047437,475.7669000009628,one shared preloaded model
syn-d28128a5e72073ad,window,0.1857999995991122,0.00419999923906289,465.67420000064885,465.864199999487,one shared preloaded model
syn-91b267425b5f425d,window,0.1964999992196681,0.004100000296602957,461.5443000002415,461.74489999975776,one shared preloaded model
syn-0beed7aaaba3651d,window,0.18029999955615494,0.003899998773704283,465.1133999996091,465.29759999793896,one shared preloaded model
syn-3b053d69a7c0cc47,rag,79.28809999975783,6.151300000055926,351.7186999997648,437.15809999957855,one shared preloaded model
syn-48966a4dc31467fc,rag,85.01939999950991,5.325800000719028,322.07890000063344,412.4241000008624,one shared preloaded model
syn-605206d9d21d0ca5,rag,81.11050000115938,5.418799999461044,365.51329999929294,452.04259999991336,one shared preloaded model
syn-a9b8e5ce5befcc05,rag,83.16779999950086,5.39539999954286,367.7917000004527,456.3548999994964,one shared preloaded model
syn-66aa42267909b029,rag,79.78079999884358,5.038499999500345,259.9363000008452,344.75559999918914,one shared preloaded model
syn-8d4a5714dbf06948,rag,79.37800000036077,8.65189999967697,398.94160000039847,486.9715000004362,one shared preloaded model
syn-5471bf1f9938cddb,rag,80.59529999991355,4.832399999941117,163.72080000110145,249.14850000095612,one shared preloaded model
syn-56bfe8d261f2e869,rag,89.04840000104741,5.4091000001790235,366.05239999880723,460.50990000003367,one shared preloaded model
syn-810b570ec48fc0e7,rag,80.39659999849391,4.990500001440523,1275.8489999996527,1361.2360999995872,one shared preloaded model
syn-6692620f9cac53ed,rag,82.64429999871936,6.529099999170285,369.4529999993392,458.6263999972289,one shared preloaded model
syn-53081d8a4aae99b3,rag,78.30149999972491,6.359900000461494,360.5494000003091,445.2108000004955,one shared preloaded model
syn-572f3ca3bd93e2e8,rag,79.52519999889773,8.6157000005187,380.2998999999545,468.44079999937094,one shared preloaded model
syn-8b4e8767076426ec,rag,80.36900000115565,8.512899999914225,375.9434000003239,464.82530000139377,one shared preloaded model
syn-99ecbdb66be5c843,rag,79.52420000037819,5.517700001291814,314.29539999953704,399.33730000120704,one shared preloaded model
syn-611db16cf71b8642,rag,79.15719999982684,5.071800000223448,262.9085999997187,347.137599999769,one shared preloaded model
syn-affcd577f74a12e2,rag,83.7615000000369,5.352399999537738,352.42640000069514,441.5403000002698,one shared preloaded model
syn-1b57c2f7b72add67,rag,79.63750000089931,8.311899999171146,171.97609999857377,259.9254999986442,one shared preloaded model
syn-807fb1231a5c0609,rag,88.32350000011502,5.573899999944842,620.2632000004087,714.1606000004685,one shared preloaded model
syn-0e375862f8dca337,rag,81.32740000110061,8.721600001081242,606.8401000011363,696.8891000033182,one shared preloaded model
syn-9f98b3cfce4c5f38,rag,83.10320000055071,5.144400000062888,329.2319000011048,417.4795000017184,one shared preloaded model
syn-630c3272c3757d3d,rag,81.54610000019602,5.684100000507897,338.73210000092513,425.96230000162905,one shared preloaded model
syn-4ee74e1c8c2741b7,rag,78.89129999966826,4.747999999381136,385.39050000144925,469.02980000049865,one shared preloaded model
syn-16b64d1cb80c9111,rag,79.7443999999814,6.609000000025844,340.2379999988625,426.59139999886975,one shared preloaded model
syn-3782fc1ea995f33c,rag,83.10970000093221,5.77530000009574,277.0665000007284,365.95150000175636,one shared preloaded model
syn-fb6f4abd33d3c276,rag,79.31699999971897,5.323899998984416,258.9138000003004,343.5546999990038,one shared preloaded model
syn-c818491a6ee29b70,rag,79.40749999943364,7.702599999902304,362.2278999991977,449.33799999853363,one shared preloaded model
syn-43b5d2c7af874cf3,rag,80.4480999995576,5.39050000043062,187.30169999980717,273.1402999997954,one shared preloaded model
syn-d4701e8bebaf7664,rag,82.35619999868504,5.450799999380251,348.4955000003538,436.3024999984191,one shared preloaded model
syn-670b25b58a5e966f,rag,78.38950000041223,5.123200000525685,567.1551000014006,650.6678000023385,one shared preloaded model
syn-127fe9674919e2c7,rag,80.24730000033742,5.272999998851446,351.40949999913573,436.9297999983246,one shared preloaded model
syn-714dd67a228f388e,rag,84.68949999951292,5.507199999556178,355.51379999924393,445.710499998313,one shared preloaded model
syn-d70253ddc8a7440b,rag,80.24329999898328,5.457100000057835,360.587499999383,446.2878999984241,one shared preloaded model
syn-8f29cf9162983042,rag,80.38780000060797,4.94549999893934,333.9679000000615,419.3011999996088,one shared preloaded model
syn-0d54bf0dcdce2846,rag,87.96449999863398,9.123400001044502,367.3793999987538,464.4672999984323,one shared preloaded model
syn-6260d100dbb73796,rag,80.7174000001396,7.922099999632337,261.86369999959425,350.5031999993662,one shared preloaded model
syn-a26b40df684ebe9c,rag,78.30810000086785,4.903299999568844,353.48139999950945,436.69279999994615,one shared preloaded model
syn-a0e3b745234cdc90,rag,83.09159999953408,6.889399999636225,143.23540000077628,233.2163999999466,one shared preloaded model
syn-99d614d4cd814616,rag,103.69589999936579,5.799100001240731,325.36400000026333,434.85900000086986,one shared preloaded model
syn-de52c66b3cca9564,rag,82.52179999908549,5.311799999617506,594.5072999984404,682.3408999971434,one shared preloaded model
syn-f14ccd27fe5a8e08,rag,82.33660000041709,4.884500000116532,252.13970000004338,339.360800000577,one shared preloaded model
syn-c809cac2f4a93947,rag,84.9897999996756,4.603700001098332,327.2592000012082,416.85270000198216,one shared preloaded model
syn-ce86bd3bf1ebb150,rag,77.66519999859156,4.933800000799238,345.96500000043306,428.56399999982386,one shared preloaded model
syn-ae5ae5ce613fc7b4,rag,80.8366000001115,5.392799999754061,288.30199999902106,374.5313999988866,one shared preloaded model
syn-41599c1c28305cea,rag,76.4498000007734,5.391299999246257,364.4804000014119,446.32150000143156,one shared preloaded model
syn-54994517f80942b0,rag,83.0937000009726,5.864699998710421,281.9364000006317,370.8948000003147,one shared preloaded model
syn-3976e2279cfeb88c,rag,78.73140000083367,5.892600000152015,349.9143000008189,434.5383000018046,one shared preloaded model
syn-102f38aea15752b7,rag,80.47129999977187,5.358200000046054,153.89030000005732,239.71979999987525,one shared preloaded model
syn-344da2627d0e8ec3,rag,96.63670000009006,5.446900000606547,588.2299999993847,690.3136000000814,one shared preloaded model
syn-c815ea162f2b7b52,rag,78.8501000006363,10.067700000945479,571.9763000015519,660.8941000031336,one shared preloaded model
syn-49d233ca33f2ee98,rag,78.70849999926577,4.264000001057866,283.6676000006264,366.64010000095004,one shared preloaded model
syn-a8263889dc0fe04a,rag,83.1462999994983,5.610300000626012,368.7116999990394,457.4682999991637,one shared preloaded model
syn-d634448e7b61d72d,rag,78.80149999982677,9.051600000020699,318.7093999986246,406.56249999847205,one shared preloaded model
syn-d6a4bb1d8afd5b8b,rag,79.51750000029278,8.456499999738298,280.28939999967406,368.26339999970514,one shared preloaded model
syn-3b58e11d2459b7b1,rag,81.0090000013588,9.006500000396045,347.2136000000319,437.2291000017867,one shared preloaded model
syn-8b2cd2885de6e707,rag,82.95849999922211,5.261399999653804,280.6789000005665,368.8987999994424,one shared preloaded model
syn-289d676cf68dd654,rag,180.83740000110993,4.961900000125752,358.3234999987326,544.1227999999683,one shared preloaded model
syn-d910582506cbb5c4,rag,80.33620000060182,5.062800000814605,153.8077000004705,239.20670000188693,one shared preloaded model
syn-95c75635f64ceba5,rag,98.19710000010673,5.587499999819556,356.73510000015085,460.51970000007714,one shared preloaded model
syn-0cd838af3fe85b7a,rag,80.62880000034056,5.654599999616039,590.8266000005824,677.110000000539,one shared preloaded model
syn-72688e7460c91f6b,rag,80.63050000055227,5.32770000063465,328.31350000014936,414.2717000013363,one shared preloaded model
syn-43a28863d77f4aa5,rag,80.51909999994677,8.72430000163149,328.49739999983285,417.7408000014111,one shared preloaded model
syn-f1515bb802e57072,rag,79.49460000054387,4.907699998511816,318.1715000009717,402.5738000000274,one shared preloaded model
syn-a09a9b8b6f9e560f,rag,80.2440999996179,4.9527999999554595,354.68570000011823,439.8825999996916,one shared preloaded model
syn-a88f7757ec12f5d9,rag,82.09400000123424,9.454899998672772,338.8022999988607,430.3511999987677,one shared preloaded model
syn-eb30468b4c9db7f9,rag,83.57799999976123,5.2864999997837,256.552400000146,345.41689999969094,one shared preloaded model
syn-339835de102db66d,rag,78.93409999996948,4.528200001004734,349.2902000016329,432.7525000026071,one shared preloaded model
syn-12cf08adf7074965,rag,80.09839999976975,5.4388999997172505,188.64179999945918,274.1790999989462,one shared preloaded model
syn-b786a9d22347adb5,rag,79.47590000003402,5.70999999945343,383.8370000012219,469.02290000070934,one shared preloaded model
syn-c022408afa516669,rag,81.38870000038878,9.535900000628317,613.6394999994081,704.5641000004252,one shared preloaded model
syn-da084b77569a168f,rag,86.48619999985385,5.351300000256742,345.02880000036384,436.86630000047444,one shared preloaded model
syn-ee0cacdb0a188eee,rag,78.95509999980277,5.8417000000190455,357.4549000004481,442.2517000002699,one shared preloaded model
syn-4aa9ef95dd49d379,rag,80.13029999892751,5.619199999273405,319.6048999998311,405.354399998032,one shared preloaded model
syn-d28128a5e72073ad,rag,79.19150000088848,5.197399999815389,349.24920000048587,433.63810000118974,one shared preloaded model
syn-91b267425b5f425d,rag,78.24820000132604,5.040599999119877,349.3275000000722,432.6163000005181,one shared preloaded model
syn-0beed7aaaba3651d,rag,79.45930000096268,5.738299998483853,255.787699999928,340.98529999937455,one shared preloaded model
syn-3b053d69a7c0cc47,pure_liquid,350.89870000047085,6.715499999700114,265.0759999996808,622.6901999998518,one shared preloaded model
syn-48966a4dc31467fc,pure_liquid,413.35869999966235,10.056299999632756,257.1091999998316,680.5241999991267,one shared preloaded model
syn-605206d9d21d0ca5,pure_liquid,376.297999999224,6.685799999104347,255.62940000054368,638.613199998872,one shared preloaded model
syn-a9b8e5ce5befcc05,pure_liquid,431.93369999971765,9.0490000002319,116.72069999985979,557.7033999998093,one shared preloaded model
syn-66aa42267909b029,pure_liquid,423.6089999994874,6.846199999927194,122.2925000001851,552.7476999995997,one shared preloaded model
syn-8d4a5714dbf06948,pure_liquid,411.06519999993907,6.674399999610614,196.2623999988864,614.0019999984361,one shared preloaded model
syn-5471bf1f9938cddb,pure_liquid,429.35680000118737,10.44010000077833,165.24639999988722,605.0433000018529,one shared preloaded model
syn-56bfe8d261f2e869,pure_liquid,377.3101000006136,11.517200000525918,328.85890000034124,717.6862000014808,one shared preloaded model
syn-810b570ec48fc0e7,pure_liquid,485.39619999974093,11.9472999995196,427.83109999982116,925.1745999990817,one shared preloaded model
syn-6692620f9cac53ed,pure_liquid,530.4608999995253,10.850499998923624,281.0580999994272,822.3694999978761,one shared preloaded model
syn-53081d8a4aae99b3,pure_liquid,604.7601999998733,11.658999999781372,283.9527000014641,900.3719000011188,one shared preloaded model
syn-572f3ca3bd93e2e8,pure_liquid,483.98139999881096,10.972000000037951,282.57380000104604,777.527199999895,one shared preloaded model
syn-8b4e8767076426ec,pure_liquid,488.4100000017497,7.4279999989812495,293.24500000075204,789.083000001483,one shared preloaded model
syn-99ecbdb66be5c843,pure_liquid,388.1399000001693,8.285900001283153,277.22109999922395,673.6469000006764,one shared preloaded model
syn-611db16cf71b8642,pure_liquid,424.77019999932963,8.65669999984675,104.54910000044038,537.9759999996168,one shared preloaded model
syn-affcd577f74a12e2,pure_liquid,456.37929999975313,10.491900000488386,237.64590000064345,704.517100000885,one shared preloaded model
syn-1b57c2f7b72add67,pure_liquid,399.84890000050655,6.8036000011488795,162.72859999844513,569.3811000001006,one shared preloaded model
syn-807fb1231a5c0609,pure_liquid,405.4151999989699,8.333399999173707,284.2588000003161,698.0073999984597,one shared preloaded model
syn-0e375862f8dca337,pure_liquid,360.77879999902507,6.679000000076485,234.82110000077228,602.2788999998738,one shared preloaded model
syn-9f98b3cfce4c5f38,pure_liquid,447.9734999986249,9.55459999931918,294.5634000006976,752.0914999986417,one shared preloaded model
syn-630c3272c3757d3d,pure_liquid,377.09689999974216,10.108000000400352,262.509999998656,649.7148999987985,one shared preloaded model
syn-4ee74e1c8c2741b7,pure_liquid,433.6786000003485,10.317399999621557,140.19250000092143,584.1885000008915,one shared preloaded model
syn-16b64d1cb80c9111,pure_liquid,435.3006000001187,6.894699999975273,271.5483000010863,713.7436000011803,one shared preloaded model
syn-3782fc1ea995f33c,pure_liquid,341.3411999990785,6.856199999674573,276.8864999998186,625.0838999985717,one shared preloaded model
syn-fb6f4abd33d3c276,pure_liquid,436.2056999998458,10.209300000497024,258.871399999407,705.2863999997498,one shared preloaded model
syn-c818491a6ee29b70,pure_liquid,361.1734999994951,10.258000000249012,239.29010000028939,610.7216000000335,one shared preloaded model
syn-43b5d2c7af874cf3,pure_liquid,424.1697999987082,10.468200000104844,186.81640000068,621.454399999493,one shared preloaded model
syn-d4701e8bebaf7664,pure_liquid,421.3898000016343,7.356400001299335,257.6677000015479,686.4139000044815,one shared preloaded model
syn-670b25b58a5e966f,pure_liquid,359.9544999997306,10.60209999923245,286.67590000077325,657.2324999997363,one shared preloaded model
syn-127fe9674919e2c7,pure_liquid,437.4638999997842,6.2563999999838416,273.28570000099717,717.0060000007652,one shared preloaded model
syn-714dd67a228f388e,pure_liquid,451.5196000011201,7.1225000010599615,276.8720999993093,735.5142000014894,one shared preloaded model
syn-d70253ddc8a7440b,pure_liquid,419.2824000001565,9.246300000086194,264.7432000012486,693.2719000014913,one shared preloaded model
syn-8f29cf9162983042,pure_liquid,349.0291999987676,6.9451000017579645,269.4081000008737,625.3824000013992,one shared preloaded model
syn-0d54bf0dcdce2846,pure_liquid,382.3910999999498,7.196099999418948,131.7057999985991,521.2929999979679,one shared preloaded model
syn-6260d100dbb73796,pure_liquid,427.4838000001182,7.439299999532523,276.26710000004095,711.1901999996917,one shared preloaded model
syn-a26b40df684ebe9c,pure_liquid,436.59719999959634,10.936799999399227,240.16499999925145,687.698999998247,one shared preloaded model
syn-a0e3b745234cdc90,pure_liquid,429.17660000057367,10.283799998433096,187.79640000138897,627.2568000003957,one shared preloaded model
syn-99d614d4cd814616,pure_liquid,428.0051999994612,7.567299999209354,266.26649999889196,701.8389999975625,one shared preloaded model
syn-de52c66b3cca9564,pure_liquid,405.17429999999877,10.96990000041842,264.946899998904,681.0910999993212,one shared preloaded model
syn-f14ccd27fe5a8e08,pure_liquid,429.91500000061933,10.112899999512592,277.37600000000384,717.4039000001358,one shared preloaded model
syn-c809cac2f4a93947,pure_liquid,375.5217999987508,6.8048000011913246,256.6100000003644,638.9366000003065,one shared preloaded model
syn-ce86bd3bf1ebb150,pure_liquid,411.16929999952845,10.4933999991772,123.18400000003749,544.8466999987431,one shared preloaded model
syn-ae5ae5ce613fc7b4,pure_liquid,400.03470000010566,10.77380000060657,267.97110000006796,678.7796000007802,one shared preloaded model
syn-41599c1c28305cea,pure_liquid,400.69410000069183,10.034599999926286,243.41959999946994,654.148300000088,one shared preloaded model
syn-54994517f80942b0,pure_liquid,413.6592000013479,6.978100000196719,246.6471999996429,667.2845000011876,one shared preloaded model
syn-3976e2279cfeb88c,pure_liquid,369.17429999994056,6.771800000933581,240.66949999905773,616.6155999999319,one shared preloaded model
syn-102f38aea15752b7,pure_liquid,385.9412000001612,10.300600000846316,277.8557000001456,674.0975000011531,one shared preloaded model
syn-344da2627d0e8ec3,pure_liquid,461.98249999906693,10.862799999813433,283.5974999998143,756.4427999986947,one shared preloaded model
syn-c815ea162f2b7b52,pure_liquid,412.1703000000707,10.392700000011246,280.71060000002035,703.2736000001023,one shared preloaded model
syn-49d233ca33f2ee98,pure_liquid,421.9279999997525,6.692599999951199,135.94670000020415,564.5672999999078,one shared preloaded model
syn-a8263889dc0fe04a,pure_liquid,423.77029999988736,10.526399999434943,268.7939000006736,703.0905999999959,one shared preloaded model
syn-d634448e7b61d72d,pure_liquid,440.3333999998722,9.937200000422308,255.7742999997572,706.0449000000517,one shared preloaded model
syn-d6a4bb1d8afd5b8b,pure_liquid,358.82719999972323,10.120300001290161,265.96470000004047,634.9122000010539,one shared preloaded model
syn-3b58e11d2459b7b1,pure_liquid,440.93749999956344,10.238700000627432,153.99929999875894,605.1754999989498,one shared preloaded model
syn-8b2cd2885de6e707,pure_liquid,446.94909999998345,6.470799999078736,266.40060000136145,719.8205000004236,one shared preloaded model
syn-289d676cf68dd654,pure_liquid,423.3065999997052,6.266800000958028,166.5635999997903,596.1370000004536,one shared preloaded model
syn-d910582506cbb5c4,pure_liquid,449.9897999994573,9.671599998910096,150.46220000112953,610.123599999497,one shared preloaded model
syn-95c75635f64ceba5,pure_liquid,394.8815999992803,7.121800001186784,272.72630000152276,674.7297000019898,one shared preloaded model
syn-0cd838af3fe85b7a,pure_liquid,419.0307999997458,10.419999998703133,284.09280000050785,713.5435999989568,one shared preloaded model
syn-72688e7460c91f6b,pure_liquid,451.8678999993426,10.768599999209982,281.1480999989726,743.7845999975252,one shared preloaded model
syn-43a28863d77f4aa5,pure_liquid,433.7171999995917,8.622800000011921,273.38609999969776,715.7260999993014,one shared preloaded model
syn-f1515bb802e57072,pure_liquid,414.9895999998989,10.325000001103035,283.12240000013844,708.4370000011404,one shared preloaded model
syn-a09a9b8b6f9e560f,pure_liquid,407.1034000007785,7.080899998982204,282.864900000277,697.0492000000377,one shared preloaded model
syn-a88f7757ec12f5d9,pure_liquid,335.57590000054915,6.49399999929301,258.14510000054725,600.2150000003894,one shared preloaded model
syn-eb30468b4c9db7f9,pure_liquid,392.82169999933103,6.702699998641037,112.36800000006042,511.8923999980325,one shared preloaded model
syn-339835de102db66d,pure_liquid,444.8681000012584,6.7971999997098465,250.20070000027772,701.866000001246,one shared preloaded model
syn-12cf08adf7074965,pure_liquid,382.42650000029244,6.741600000168546,171.95799999899464,561.1260999994556,one shared preloaded model
syn-b786a9d22347adb5,pure_liquid,417.24430000067514,7.283400000233087,272.8089000011096,697.3366000020178,one shared preloaded model
syn-c022408afa516669,pure_liquid,372.644199998831,10.749499999292311,257.66810000095575,641.0617999990791,one shared preloaded model
syn-da084b77569a168f,pure_liquid,326.4206000003469,11.389299999791547,261.5810999996029,599.3909999997413,one shared preloaded model
syn-ee0cacdb0a188eee,pure_liquid,440.35950000034063,10.237200000119628,260.7993000001443,711.3960000006045,one shared preloaded model
syn-4aa9ef95dd49d379,pure_liquid,355.1369999986491,9.989299998778733,115.9907999990537,481.11709999648156,one shared preloaded model
syn-d28128a5e72073ad,pure_liquid,427.1429000000353,10.461100000611623,278.7303000004613,716.3343000011082,one shared preloaded model
syn-91b267425b5f425d,pure_liquid,348.7521999995806,6.846799999038922,122.40740000015649,478.00639999877603,one shared preloaded model
syn-0beed7aaaba3651d,pure_liquid,379.62599999991653,6.875399998534704,273.36279999872204,659.8641999971733,one shared preloaded model
syn-3b053d69a7c0cc47,lexical_only,141.1521999998513,5.5293999994319165,344.82459999890125,491.50619999818446,one shared preloaded model
syn-48966a4dc31467fc,lexical_only,161.84729999986303,8.993400000690599,397.86330000060843,568.7040000011621,one shared preloaded model
syn-605206d9d21d0ca5,lexical_only,150.29920000051789,5.0878000001830515,374.1167000007408,529.5037000014418,one shared preloaded model
syn-a9b8e5ce5befcc05,lexical_only,148.52960000098392,5.058699998699012,322.0388000008825,475.6271000005654,one shared preloaded model
syn-66aa42267909b029,lexical_only,163.3254999997007,8.667899999636575,264.1466000004584,436.1399999997957,one shared preloaded model
syn-8d4a5714dbf06948,lexical_only,139.86779999868304,4.926999999952386,406.5037999989727,551.2985999976081,one shared preloaded model
syn-5471bf1f9938cddb,lexical_only,153.8818999997602,8.675799999764422,164.98390000015206,327.5415999996767,one shared preloaded model
syn-56bfe8d261f2e869,lexical_only,150.3818000001047,9.136399999988498,614.1689999985829,773.6871999986761,one shared preloaded model
syn-810b570ec48fc0e7,lexical_only,167.22309999931895,8.788499999354826,578.4997999999177,754.5113999985915,one shared preloaded model
syn-6692620f9cac53ed,lexical_only,142.1128999991197,4.856800000197836,373.98319999920204,520.9528999985196,one shared preloaded model
syn-53081d8a4aae99b3,lexical_only,158.20499999972526,8.597599999120575,394.5409000007203,561.3434999995661,one shared preloaded model
syn-572f3ca3bd93e2e8,lexical_only,136.47539999874425,8.111400000416324,373.4482999989268,518.0350999980874,one shared preloaded model
syn-8b4e8767076426ec,lexical_only,143.93500000005588,5.165700000361539,373.4991999990598,522.5998999994772,one shared preloaded model
syn-99ecbdb66be5c843,lexical_only,162.58120000020426,8.395099999688682,320.27370000105293,491.2500000009459,one shared preloaded model
syn-611db16cf71b8642,lexical_only,161.18240000105288,8.750900000450201,291.9588999993721,461.89220000087516,one shared preloaded model
syn-affcd577f74a12e2,lexical_only,147.5998999994772,5.218099999183323,359.03939999843715,511.8573999970977,one shared preloaded model
syn-1b57c2f7b72add67,lexical_only,154.07109999978275,8.869400000548922,165.30060000150115,328.2411000018328,one shared preloaded model
syn-807fb1231a5c0609,lexical_only,155.46010000070964,5.589599999439088,384.2097999986436,545.2594999987923,one shared preloaded model
syn-0e375862f8dca337,lexical_only,164.1326000008121,8.717000000615371,612.1499000000767,784.9995000015042,one shared preloaded model
syn-9f98b3cfce4c5f38,lexical_only,158.3876999993663,8.517800000845455,350.0293999986752,516.934899998887,one shared preloaded model
syn-630c3272c3757d3d,lexical_only,158.03589999995893,8.597800000643474,356.4872999995714,523.1210000001738,one shared preloaded model
syn-4ee74e1c8c2741b7,lexical_only,164.13769999962824,8.798299999398296,357.0479999998497,529.9839999988762,one shared preloaded model
syn-16b64d1cb80c9111,lexical_only,147.49090000077558,4.909900000711787,340.31879999929515,492.7196000007825,one shared preloaded model
syn-3782fc1ea995f33c,lexical_only,160.08069999952568,8.546300001398777,284.9105999994208,453.53760000034526,one shared preloaded model
syn-fb6f4abd33d3c276,lexical_only,147.21749999989697,4.956200000378885,281.0107999994216,433.18449999969744,one shared preloaded model
syn-c818491a6ee29b70,lexical_only,145.5524000011792,5.290900000545662,341.1491000006208,491.9924000023457,one shared preloaded model
syn-43b5d2c7af874cf3,lexical_only,167.8355999993073,8.694100000866456,170.46259999915492,346.9922999993287,one shared preloaded model
syn-d4701e8bebaf7664,lexical_only,166.59009999966656,5.627399999866611,364.5985000002838,536.815999999817,one shared preloaded model
syn-670b25b58a5e966f,lexical_only,153.509200001281,8.752300000196556,574.6758999994199,736.9374000008975,one shared preloaded model
syn-127fe9674919e2c7,lexical_only,152.8435999989597,5.000700000891811,357.6554999999644,515.4997999998159,one shared preloaded model
syn-714dd67a228f388e,lexical_only,150.73530000154278,4.94539999999688,356.2185999999201,511.8993000014598,one shared preloaded model
syn-d70253ddc8a7440b,lexical_only,155.51889999915147,8.626400000139256,323.9753000016208,488.1206000009115,one shared preloaded model
syn-8f29cf9162983042,lexical_only,164.0966999984812,8.537499999874854,332.25039999888395,504.88459999724,one shared preloaded model
syn-0d54bf0dcdce2846,lexical_only,166.79149999981746,8.607699999629403,356.362700000318,531.7618999997649,one shared preloaded model
syn-6260d100dbb73796,lexical_only,161.18869999991148,9.004400000776513,277.98450000045705,448.17760000114504,one shared preloaded model
syn-a26b40df684ebe9c,lexical_only,154.4874000010168,6.626099999266444,357.43189999993774,518.545400000221,one shared preloaded model
syn-a0e3b745234cdc90,lexical_only,154.2503000000579,5.137599999216036,182.22570000034466,341.6135999996186,one shared preloaded model
syn-99d614d4cd814616,lexical_only,139.6445999998832,5.3857999992033,386.2203999997291,531.2507999988156,one shared preloaded model
syn-de52c66b3cca9564,lexical_only,146.25449999948614,4.083200001332443,613.3116000000882,763.6493000009068,one shared preloaded model
syn-f14ccd27fe5a8e08,lexical_only,163.9670999993541,8.943599999838625,374.809599999935,547.7202999991277,one shared preloaded model
syn-c809cac2f4a93947,lexical_only,153.2922000005783,5.219700000452576,328.2054000010248,486.7173000020557,one shared preloaded model
syn-ce86bd3bf1ebb150,lexical_only,157.36899999865273,8.56980000025942,331.14150000074005,497.0802999996522,one shared preloaded model
syn-ae5ae5ce613fc7b4,lexical_only,164.14929999882588,5.962899998849025,325.854700000491,495.9668999981659,one shared preloaded model
syn-41599c1c28305cea,lexical_only,164.23890000078245,8.689800000865944,361.78560000007565,534.714300001724,one shared preloaded model
syn-54994517f80942b0,lexical_only,163.0408000000898,8.443200000328943,487.08629999964614,658.5703000000649,one shared preloaded model
syn-3976e2279cfeb88c,lexical_only,156.4220000000205,8.587499998611747,344.7366000000329,509.74609999866516,one shared preloaded model
syn-102f38aea15752b7,lexical_only,153.2828999988851,5.0873999989562435,152.33740000076068,310.70769999860204,one shared preloaded model
syn-344da2627d0e8ec3,lexical_only,173.56970000037109,5.7911999992938945,952.5694000003568,1131.9303000000218,one shared preloaded model
syn-c815ea162f2b7b52,lexical_only,150.8482000008371,5.127300000822288,612.5619000013103,768.5374000029697,one shared preloaded model
syn-49d233ca33f2ee98,lexical_only,154.80350000143517,8.925199999794131,330.8247000004485,494.5534000016778,one shared preloaded model
syn-a8263889dc0fe04a,lexical_only,149.89740000055463,8.22119999975257,379.82299999930547,537.9415999996127,one shared preloaded model
syn-d634448e7b61d72d,lexical_only,152.85930000027292,5.074599999716156,385.5891999992309,543.52309999922,one shared preloaded model
syn-d6a4bb1d8afd5b8b,lexical_only,145.23860000008426,5.569400000240421,324.97979999970994,475.7878000000346,one shared preloaded model
syn-3b58e11d2459b7b1,lexical_only,146.23789999859582,8.094000000710366,373.18559999948775,527.5174999987939,one shared preloaded model
syn-8b2cd2885de6e707,lexical_only,155.22969999983616,5.2264000005379785,248.1232000009186,408.5793000012927,one shared preloaded model
syn-289d676cf68dd654,lexical_only,158.82819999933417,8.63029999891296,334.4314999994822,501.8899999977293,one shared preloaded model
syn-d910582506cbb5c4,lexical_only,163.7602999999217,8.781700000326964,485.72469999999157,658.2667000002402,one shared preloaded model
syn-95c75635f64ceba5,lexical_only,133.907100000215,5.232600000454113,371.1803999995027,510.3201000001718,one shared preloaded model
syn-0cd838af3fe85b7a,lexical_only,149.71499999955995,8.552500001314911,587.6229999994393,745.8905000003142,one shared preloaded model
syn-72688e7460c91f6b,lexical_only,155.14360000088345,8.597599999120575,331.80280000124185,495.5440000012459,one shared preloaded model
syn-43a28863d77f4aa5,lexical_only,155.1166999997804,8.093799999187468,332.4460000003455,495.6564999993134,one shared preloaded model
syn-f1515bb802e57072,lexical_only,153.01459999864164,5.298199999742792,309.04970000119647,467.3624999995809,one shared preloaded model
syn-a09a9b8b6f9e560f,lexical_only,161.8003999992652,7.635400001163362,369.3801999997959,538.8160000002244,one shared preloaded model
syn-a88f7757ec12f5d9,lexical_only,157.0445999986987,8.735299999898416,342.00160000000324,507.78149999860034,one shared preloaded model
syn-eb30468b4c9db7f9,lexical_only,159.6319999989646,8.958599999459693,270.78009999968344,439.37069999810774,one shared preloaded model
syn-339835de102db66d,lexical_only,161.15800000079616,7.877699999880861,372.0896000013454,541.1253000020224,one shared preloaded model
syn-12cf08adf7074965,lexical_only,141.90849999977218,6.802500000048894,131.38480000088748,280.09580000070855,one shared preloaded model
syn-b786a9d22347adb5,lexical_only,151.02900000056252,5.346500000086962,576.7852000008133,733.1607000014628,one shared preloaded model
syn-c022408afa516669,lexical_only,160.22220000013476,8.72470000103931,573.5846999996284,742.5316000008024,one shared preloaded model
syn-da084b77569a168f,lexical_only,155.00470000006317,8.589499999288819,274.33149999887974,437.9256999982317,one shared preloaded model
syn-ee0cacdb0a188eee,lexical_only,146.75020000140648,7.432300000800751,362.4125999995158,516.595100001723,one shared preloaded model
syn-4aa9ef95dd49d379,lexical_only,154.99550000095041,6.214300001374795,323.796399999992,485.0062000023172,one shared preloaded model
syn-d28128a5e72073ad,lexical_only,157.00139999898965,8.197700000891928,366.90509999971255,532.1041999995941,one shared preloaded model
syn-91b267425b5f425d,lexical_only,156.5305999993143,8.59620000119321,350.9013999992021,516.0281999997096,one shared preloaded model
syn-0beed7aaaba3651d,lexical_only,147.06029999979364,5.348599999706494,267.17869999993127,419.5875999994314,one shared preloaded model
syn-3b053d69a7c0cc47,lalm,448.32860000133223,7.583200000226498,345.81230000003416,801.7241000015929,one shared preloaded model
syn-48966a4dc31467fc,lalm,481.349699999555,7.269100000485196,351.4015000000654,840.0203000001056,one shared preloaded model
syn-605206d9d21d0ca5,lalm,434.7042000008514,10.940000000118744,374.53480000112904,820.1790000020992,one shared preloaded model
syn-a9b8e5ce5befcc05,lalm,475.88289999839617,10.613700000249082,333.6137999995117,820.1103999981569,one shared preloaded model
syn-66aa42267909b029,lalm,495.95550000049116,10.609000000840751,267.0885999996244,773.6531000009563,one shared preloaded model
syn-8d4a5714dbf06948,lalm,516.7855999989115,11.213900001166621,376.5213999995467,904.5208999996248,one shared preloaded model
syn-5471bf1f9938cddb,lalm,504.8566000004939,10.378299999501905,197.49609999962559,712.7309999996214,one shared preloaded model
syn-56bfe8d261f2e869,lalm,435.5842000004486,8.115399999951478,608.3331999998336,1052.0328000002337,one shared preloaded model
syn-810b570ec48fc0e7,lalm,431.88370000098075,6.147300000520772,583.4792999994534,1021.5103000009549,one shared preloaded model
syn-6692620f9cac53ed,lalm,541.440999999395,10.467199999766308,360.9862000012072,912.8944000003685,one shared preloaded model
syn-53081d8a4aae99b3,lalm,489.57379999956174,7.891499999459484,411.1261999987619,908.5914999977831,one shared preloaded model
syn-572f3ca3bd93e2e8,lalm,506.57549999959883,10.56359999893175,361.7262000007031,878.8652999992337,one shared preloaded model
syn-8b4e8767076426ec,lalm,483.34260000046925,6.22520000069926,373.51500000113447,863.082800002303,one shared preloaded model
syn-99ecbdb66be5c843,lalm,451.0272999996232,7.000900001003174,304.92249999952037,762.9507000001468,one shared preloaded model
syn-611db16cf71b8642,lalm,417.1521999996912,6.732799998644623,121.57389999993029,545.4588999982661,one shared preloaded model
syn-affcd577f74a12e2,lalm,438.2384999989881,10.751600000730832,402.9989000009664,851.9890000006853,one shared preloaded model
syn-1b57c2f7b72add67,lalm,578.8894000015716,12.364899999738554,188.59940000038478,779.853700001695,one shared preloaded model
syn-807fb1231a5c0609,lalm,461.7433000003075,11.77310000093712,370.6246000001556,844.1410000014002,one shared preloaded model
syn-0e375862f8dca337,lalm,586.9003000007069,7.604200000059791,636.7835000000923,1231.288000000859,one shared preloaded model
syn-9f98b3cfce4c5f38,lalm,504.1716000014276,8.950200000981567,339.94820000043546,853.0700000028446,one shared preloaded model
syn-630c3272c3757d3d,lalm,466.03529999993043,10.828700000274694,362.8521999999066,839.7162000001117,one shared preloaded model
syn-4ee74e1c8c2741b7,lalm,491.62559999967925,7.604899999932968,378.83680000049935,878.0673000001116,one shared preloaded model
syn-16b64d1cb80c9111,lalm,530.6105999989086,10.521200001676334,328.13720000012836,869.2690000007133,one shared preloaded model
syn-3782fc1ea995f33c,lalm,492.92609999974957,6.9838000017625745,370.23279999993974,870.1427000014519,one shared preloaded model
syn-fb6f4abd33d3c276,lalm,507.2947999997268,6.981399999858695,127.58000000030734,641.8561999998929,one shared preloaded model
syn-c818491a6ee29b70,lalm,482.3799000005238,8.797899999990477,332.1847000006528,823.3625000011671,one shared preloaded model
syn-43b5d2c7af874cf3,lalm,454.4631999997364,9.632499999497668,183.7234000013268,647.8191000005609,one shared preloaded model
syn-d4701e8bebaf7664,lalm,511.01890000063577,11.368400000719703,356.4968000009685,878.884100002324,one shared preloaded model
syn-670b25b58a5e966f,lalm,483.71190000034403,7.059400000798632,604.045899999619,1094.8172000007617,one shared preloaded model
syn-127fe9674919e2c7,lalm,534.4424000013532,10.549799999353127,383.741600000576,928.7338000012824,one shared preloaded model
syn-714dd67a228f388e,lalm,467.17440000065835,9.662399999797344,377.1639000005962,854.0007000010519,one shared preloaded model
syn-d70253ddc8a7440b,lalm,469.07160000046133,6.725499999447493,335.4120999993029,811.2091999992117,one shared preloaded model
syn-8f29cf9162983042,lalm,498.27489999915997,6.865999999718042,342.64899999834597,847.789899997224,one shared preloaded model
syn-0d54bf0dcdce2846,lalm,448.5121999987314,10.574799998721574,373.4875000009197,832.5744999983726,one shared preloaded model
syn-6260d100dbb73796,lalm,599.4917999996687,10.764000000563101,293.325200000254,903.5810000004858,one shared preloaded model
syn-a26b40df684ebe9c,lalm,475.292700000864,10.822700000062468,352.9756999996607,839.0911000005872,one shared preloaded model
syn-a0e3b745234cdc90,lalm,534.0852999997878,10.727200000474113,191.50429999899643,736.3167999992584,one shared preloaded model
syn-99d614d4cd814616,lalm,515.9881999989011,11.234100000365288,360.3815999995277,887.6038999987941,one shared preloaded model
syn-de52c66b3cca9564,lalm,503.12550000126066,11.041800000384683,663.285900000119,1177.4532000017643,one shared preloaded model
syn-f14ccd27fe5a8e08,lalm,477.3961999999301,6.827500001236331,368.05829999866546,852.2819999998319,one shared preloaded model
syn-c809cac2f4a93947,lalm,451.02699999915785,10.786499999085208,316.76100000004226,778.5744999982853,one shared preloaded model
syn-ce86bd3bf1ebb150,lalm,480.83669999869016,10.509099998671445,378.28020000051765,869.6259999978793,one shared preloaded model
syn-ae5ae5ce613fc7b4,lalm,477.58969999995315,6.819599999289494,339.07800000088173,823.4873000001244,one shared preloaded model
syn-41599c1c28305cea,lalm,501.60590000086813,6.992599999648519,369.98900000071444,878.5875000012311,one shared preloaded model
syn-54994517f80942b0,lalm,395.82729999892763,11.140099999465747,502.7514000012161,909.7187999996095,one shared preloaded model
syn-3976e2279cfeb88c,lalm,587.978600000497,6.124600000475766,345.42340000007243,939.5266000010452,one shared preloaded model
syn-102f38aea15752b7,lalm,506.98150000062014,6.152300000394462,147.88190000035684,661.0157000013714,one shared preloaded model
syn-344da2627d0e8ec3,lalm,541.9498999999632,11.78760000038892,413.746700000047,967.4842000003991,one shared preloaded model
syn-c815ea162f2b7b52,lalm,549.794299999121,11.040999999750056,589.1111000000819,1149.946399998953,one shared preloaded model
syn-49d233ca33f2ee98,lalm,445.2330999993137,7.172199999331497,310.69340000067314,763.0986999993183,one shared preloaded model
syn-a8263889dc0fe04a,lalm,503.92469999860623,9.444899998925393,352.0809999990888,865.4505999966204,one shared preloaded model
syn-d634448e7b61d72d,lalm,529.242599999634,7.313599999179132,353.8322000003973,890.3883999992104,one shared preloaded model
syn-d6a4bb1d8afd5b8b,lalm,475.79729999961273,7.0144999990588985,346.17530000105035,828.987099999722,one shared preloaded model
syn-3b58e11d2459b7b1,lalm,492.0831999988877,10.3237999992416,368.93010000130744,871.3370999994368,one shared preloaded model
syn-8b2cd2885de6e707,lalm,475.91120000106457,6.079599999793572,283.5274999997637,765.5183000006218,one shared preloaded model
syn-289d676cf68dd654,lalm,500.0088000015239,10.680100000172388,331.74119999966933,842.4301000013656,one shared preloaded model
syn-d910582506cbb5c4,lalm,441.9705000000249,6.389399999534362,476.9531999991159,925.3130999986752,one shared preloaded model
syn-95c75635f64ceba5,lalm,505.6657000004634,10.694700000385637,368.44790000031935,884.8083000011684,one shared preloaded model
syn-0cd838af3fe85b7a,lalm,470.9093999990728,10.425899999972899,543.3905000008963,1024.725799999942,one shared preloaded model
syn-72688e7460c91f6b,lalm,458.2384999994247,10.14009999926202,287.1588000016345,755.5374000003212,one shared preloaded model
syn-43a28863d77f4aa5,lalm,510.5574000008346,10.528000000704196,354.90849999951024,875.993900001049,one shared preloaded model
syn-f1515bb802e57072,lalm,464.441900001475,10.917899999185465,317.7770000002056,793.1368000008661,one shared preloaded model
syn-a09a9b8b6f9e560f,lalm,458.7268999985099,10.292899998603389,360.91789999954926,829.9376999966626,one shared preloaded model
syn-a88f7757ec12f5d9,lalm,472.1845999993093,10.23929999973916,366.75280000054045,849.1766999995889,one shared preloaded model
syn-eb30468b4c9db7f9,lalm,431.52050000026065,10.141400000065914,282.51799999998184,724.1799000003084,one shared preloaded model
syn-339835de102db66d,lalm,508.35580000057234,6.875099999888334,374.5116999998572,889.7426000003179,one shared preloaded model
syn-12cf08adf7074965,lalm,435.16230000022915,6.9035000014991965,198.58149999890884,640.6473000006372,one shared preloaded model
syn-b786a9d22347adb5,lalm,421.2970000007772,7.295700001122896,578.6802000002353,1007.2729000021354,one shared preloaded model
syn-c022408afa516669,lalm,497.8307000001223,6.214600000021164,587.2469000005367,1091.2922000006802,one shared preloaded model
syn-da084b77569a168f,lalm,474.48959999928775,10.602799999105628,335.55840000008175,820.6507999984751,one shared preloaded model
syn-ee0cacdb0a188eee,lalm,486.34039999888046,11.046300000089104,369.5396000002802,866.9262999992497,one shared preloaded model
syn-4aa9ef95dd49d379,lalm,547.2026000006736,7.4451000000408385,349.9381000001449,904.5858000008593,one shared preloaded model
syn-d28128a5e72073ad,lalm,484.4792999992933,10.50790000044799,374.2784000005486,869.2656000002899,one shared preloaded model
syn-91b267425b5f425d,lalm,529.3223000007856,6.991300000663614,352.2288000003755,888.5424000018247,one shared preloaded model
syn-0beed7aaaba3651d,lalm,516.2288999999873,10.700400000132504,553.7194999997155,1080.6487999998353,one shared preloaded model
syn-556fa5f0ce7320db,vanilla,2.3003999995125923,0.0006999998731771484,201.18779999938852,203.4888999987743,one shared preloaded model
syn-413bfef9b22f460a,vanilla,0.24400000074820127,0.0006000009307172149,231.88850000042294,232.13310000210186,one shared preloaded model
syn-617311107b2f67e3,vanilla,0.49899999976332765,0.0011999982234556228,236.9656999999279,237.46589999791468,one shared preloaded model
syn-017669a213bd9874,vanilla,0.4850999994232552,0.0012000000424450263,214.87749999869266,215.36379999815836,one shared preloaded model
syn-23d43615f575f899,vanilla,0.2449000003252877,0.000700001692166552,194.09420000010869,194.33980000212614,one shared preloaded model
syn-6c359f6d6ae86c1a,vanilla,0.23739999960525893,0.0007999988156370819,214.21969999937573,214.45789999779663,one shared preloaded model
syn-8f0fa6eda0b7a424,vanilla,1.0086000002047513,0.0012999989849049598,289.64839999935066,290.6582999985403,one shared preloaded model
syn-3f88ec5d07bc3a51,vanilla,0.4429000000527594,0.0008999995770864189,209.20760000080918,209.65140000043903,one shared preloaded model
syn-fd5307ede09e5d11,vanilla,0.44940000043425243,0.0009000013960758224,229.34539999914705,229.79570000097738,one shared preloaded model
syn-d5ae1a3b6d6ed579,vanilla,0.23380000129691325,0.0005999991117278114,223.1895999993867,223.42399999979534,one shared preloaded model
syn-75e602e14efed5cb,vanilla,0.2316999998583924,0.0006000009307172149,196.3785000007192,196.61080000150832,one shared preloaded model
syn-9f52afd8e021b141,vanilla,0.21910000032221433,0.0006000009307172149,190.03150000025926,190.2512000015122,one shared preloaded model
syn-a980db3037bf311c,vanilla,0.2534000013838522,0.0006999998731771484,191.2841000012122,191.53820000246924,one shared preloaded model
syn-9806577cabcc7f2e,vanilla,0.23440000040864106,0.0006999998731771484,203.50019999932556,203.73529999960738,one shared preloaded model
syn-3f62b5425b0e882e,vanilla,0.22510000053443946,0.0005999991117278114,192.2216999992088,192.44739999885496,one shared preloaded model
syn-3505057efb2b61e5,vanilla,0.22819999867351726,0.0006000009307172149,191.14960000115389,191.37840000075812,one shared preloaded model
syn-d24f9fb590e3a787,vanilla,0.24499999926774763,0.0007999988156370819,195.12590000158525,195.37169999966864,one shared preloaded model
syn-7a883dcdc8bfb566,vanilla,0.21530000049096998,0.0005000001692678779,200.69479999983741,200.91060000049765,one shared preloaded model
syn-aaf6f5f3f1ef7b1f,vanilla,0.24529999973310623,0.0005000001692678779,192.39130000096338,192.63710000086576,one shared preloaded model
syn-32f7b8ee5ae534ab,vanilla,0.22340000032272656,0.0005999991117278114,196.4640000005602,196.68799999999464,one shared preloaded model
syn-cf560fa20ee9d4f6,vanilla,0.22249999892665073,0.0005999991117278114,198.59719999840308,198.82029999644146,one shared preloaded model
syn-18ed845be43a1113,vanilla,0.22030000036465935,0.0006999998731771484,190.76110000059998,190.98210000083782,one shared preloaded model
syn-051d1eec41dac8d0,vanilla,0.22340000032272656,0.0006000009307172149,194.97229999979027,195.1963000010437,one shared preloaded model
syn-8d59c8ca8529c6d2,vanilla,0.21319999905244913,0.0005000001692678779,199.64640000034706,199.86009999956877,one shared preloaded model
syn-c2c3f6447b57cd6c,vanilla,0.2440999996906612,0.0005999991117278114,207.07120000042778,207.31589999923017,one shared preloaded model
syn-119989e38ad0f945,vanilla,0.22189999981492292,0.0005999991117278114,192.67220000074303,192.89469999966968,one shared preloaded model
syn-d8ea9482cf8fc83a,vanilla,0.23580000015499536,0.0006999998731771484,195.70390000080806,195.94040000083623,one shared preloaded model
syn-5413284ffbcd80f9,vanilla,0.2131000001099892,0.0005000001692678779,199.86769999923126,200.08129999951052,one shared preloaded model
syn-861c1484a8ea104b,vanilla,0.22650000028079376,0.0006999998731771484,189.53639999926963,189.7635999994236,one shared preloaded model
syn-df9eae9287dfd8cd,vanilla,0.21090000154799782,0.0005000001692678779,201.7415999998775,201.95300000159477,one shared preloaded model
syn-a7a49d11123f18b7,vanilla,0.2612000007502502,0.0006000009307172149,191.43049999911455,191.6923000007955,one shared preloaded model
syn-4819d59a2242c08a,vanilla,0.26079999952344224,0.0007999988156370819,199.24729999911506,199.50889999745414,one shared preloaded model
syn-fb6711bd86163f1e,vanilla,0.28779999956896063,0.0008000006346264854,195.52219999968656,195.81079999989015,one shared preloaded model
syn-2fcf335a0045359d,vanilla,0.22060000083001796,0.0005999991117278114,195.25830000020505,195.4795000001468,one shared preloaded model
syn-768048c1c2ffc70f,vanilla,0.2158999996026978,0.0005999991117278114,189.20559999969555,189.42209999840998,one shared preloaded model
syn-dc5195185c644ee9,vanilla,0.21079999896755908,0.0005999991117278114,231.32040000018605,231.53179999826534,one shared preloaded model
syn-e8e506ecada067e6,vanilla,0.2511000002414221,0.0007999988156370819,197.008499999356,197.26039999841305,one shared preloaded model
syn-ec8966bd1f85141e,vanilla,0.22420000095735304,0.0006000009307172149,204.14419999906386,204.36900000095193,one shared preloaded model
syn-1bf83807bef00cdc,vanilla,0.2556999988883035,0.0006999998731771484,196.26419999985956,196.52059999862104,one shared preloaded model
syn-38d19937a809c03c,vanilla,0.21519999972952064,0.0006999998731771484,193.49550000151794,193.71140000112064,one shared preloaded model
syn-03883299ea4eefd0,vanilla,0.2184999993914971,0.0005000001692678779,199.63040000038745,199.84939999994822,one shared preloaded model
syn-13045132ceac1242,vanilla,0.21179999930609483,0.0005000001692678779,188.08110000099987,188.29340000047523,one shared preloaded model
syn-f0b3360c389b840e,vanilla,0.2497000004950678,0.000700001692166552,197.09449999936623,197.34490000155347,one shared preloaded model
syn-e8e58c2f23ab318d,vanilla,0.21980000019539148,0.0006999998731771484,197.32590000057826,197.54640000064683,one shared preloaded model
syn-eb47c5acfa803840,vanilla,0.2173000011680415,0.0006999998731771484,194.37089999883028,194.5888999998715,one shared preloaded model
syn-f1ed12435faf4272,vanilla,0.23159999909694307,0.0006000009307172149,201.26650000020163,201.4987000002293,one shared preloaded model
syn-39ef00c8e89b9fd5,vanilla,0.2144999998563435,0.0005000001692678779,193.88890000118408,194.1039000012097,one shared preloaded model
syn-9118253f7aebee81,vanilla,0.20820000099774916,0.0006999998731771484,196.9680000001972,197.17690000106813,one shared preloaded model
syn-0d63dfffb23d83ff,vanilla,0.23160000091593247,0.0005999991117278114,189.3791999991663,189.61139999919396,one shared preloaded model
syn-d2e93c1ec520c50a,vanilla,0.4459000010683667,0.0008000006346264854,192.18840000030468,192.63510000200768,one shared preloaded model
syn-556fa5f0ce7320db,window,0.3701999994518701,0.005300000339047983,467.1601999998529,467.53569999964384,one shared preloaded model
syn-413bfef9b22f460a,window,0.42490000123507343,0.011899999663000926,472.97770000113815,473.4145000020362,one shared preloaded model
syn-617311107b2f67e3,window,0.3797999997914303,0.004999999873689376,476.70880000077887,477.093600000444,one shared preloaded model
syn-017669a213bd9874,window,0.347400000464404,0.0072999991971300915,468.6541000010038,469.00880000066536,one shared preloaded model
syn-23d43615f575f899,window,0.3603999994084006,0.0039000005926936865,474.3374000008771,474.7017000008782,one shared preloaded model
syn-6c359f6d6ae86c1a,window,0.3661999999167165,0.006400001439033076,468.81849999954284,469.1911000008986,one shared preloaded model
syn-8f0fa6eda0b7a424,window,0.34950000008393545,0.006600001142942347,464.3594999997731,464.715600001,one shared preloaded model
syn-3f88ec5d07bc3a51,window,0.4351999996288214,0.01049999991664663,469.8198999994929,470.2655999990384,one shared preloaded model
syn-fd5307ede09e5d11,window,0.4375000007712515,0.003600000127335079,485.9966000003624,486.43770000126096,one shared preloaded model
syn-d5ae1a3b6d6ed579,window,0.3525000010995427,0.0037999998312443495,474.0476999995735,474.4040000005043,one shared preloaded model
syn-75e602e14efed5cb,window,0.333100000716513,0.004100000296602957,465.4867999997805,465.8240000007936,one shared preloaded model
syn-9f52afd8e021b141,window,0.36220000038156286,0.00399999953515362,485.225200000059,485.5913999999757,one shared preloaded model
syn-a980db3037bf311c,window,0.353900000845897,0.004100000296602957,459.0391000001546,459.3971000012971,one shared preloaded model
syn-9806577cabcc7f2e,window,0.33489999987068586,0.003600000127335079,469.47479999835195,469.81329999835,one shared preloaded model
syn-3f62b5425b0e882e,window,0.37340000017138664,0.0039000005926936865,465.6959000003553,466.0732000011194,one shared preloaded model
syn-3505057efb2b61e5,window,0.3391999998711981,0.011699999959091656,460.92270000008284,461.27359999991313,one shared preloaded model
syn-d24f9fb590e3a787,window,0.38380000114557333,0.003899998773704283,468.8356000006024,469.2233000005217,one shared preloaded model
syn-7a883dcdc8bfb566,window,0.3727000002982095,0.006300000677583739,464.41930000037246,464.79830000134825,one shared preloaded model
syn-aaf6f5f3f1ef7b1f,window,0.33939999957510736,0.0040000013541430235,461.7421999992075,462.08560000013676,one shared preloaded model
syn-32f7b8ee5ae534ab,window,0.3811999995377846,0.006300000677583739,461.548600000242,461.9361000004574,one shared preloaded model
syn-cf560fa20ee9d4f6,window,0.35789999856206123,0.00650000038149301,463.9480999994703,464.31249999841384,one shared preloaded model
syn-18ed845be43a1113,window,0.3495999990263954,0.0034000004234258085,463.9026000004378,464.25559999988764,one shared preloaded model
syn-051d1eec41dac8d0,window,0.4146000010223361,0.00650000038149301,475.00769999896875,475.4288000003726,one shared preloaded model
syn-8d59c8ca8529c6d2,window,0.3721999983099522,0.0040000013541430235,461.40639999975974,461.78259999942384,one shared preloaded model
syn-c2c3f6447b57cd6c,window,0.3313999986858107,0.011100000847363845,460.63300000059826,460.97550000013143,one shared preloaded model
syn-119989e38ad0f945,window,0.3753000000870088,0.003800001650233753,461.1870999997336,461.56620000147086,one shared preloaded model
syn-d8ea9482cf8fc83a,window,0.35600000046542846,0.0039000005926936865,432.9864000010275,433.3463000020856,one shared preloaded model
syn-5413284ffbcd80f9,window,0.3496999997878447,0.005899999450775795,459.7182999987126,460.07389999795123,one shared preloaded model
syn-861c1484a8ea104b,window,1.097700000173063,0.021500000002561137,473.243000000366,474.36220000054163,one shared preloaded model
syn-df9eae9287dfd8cd,window,0.35879999995813705,0.00419999923906289,478.35140000097454,478.71440000017174,one shared preloaded model
syn-a7a49d11123f18b7,window,0.35150000076100696,0.004499999704421498,458.33090000087395,458.6869000013394,one shared preloaded model
syn-4819d59a2242c08a,window,0.43120000009366777,0.004800000169780105,462.3222000009264,462.75820000118983,one shared preloaded model
syn-fb6711bd86163f1e,window,0.3590000014810357,0.004400000761961564,461.08620000086376,461.44960000310675,one shared preloaded model
syn-2fcf335a0045359d,window,0.34779999987222254,0.0037999998312443495,466.7038000006869,467.05540000039036,one shared preloaded model
syn-768048c1c2ffc70f,window,0.5869999986316543,0.011399999493733048,434.16609999985667,434.76449999798206,one shared preloaded model
syn-dc5195185c644ee9,window,0.35790000038105063,0.00399999953515362,460.2699000006396,460.6318000005558,one shared preloaded model
syn-e8e506ecada067e6,window,0.38639999911538325,0.0037999998312443495,440.97810000130266,441.3683000002493,one shared preloaded model
syn-ec8966bd1f85141e,window,0.3513999999995576,0.004399998942972161,460.81319999939296,461.1689999983355,one shared preloaded model
syn-1bf83807bef00cdc,window,0.3393000006326474,0.008900000466383062,466.4572000001499,466.8054000012489,one shared preloaded model
syn-38d19937a809c03c,window,0.3727999992406694,0.004200001058052294,461.8482000005315,462.2252000008302,one shared preloaded model
syn-03883299ea4eefd0,window,0.3515999997034669,0.004100000296602957,473.16030000001774,473.5160000000178,one shared preloaded model
syn-13045132ceac1242,window,0.33379999877070077,0.004499999704421498,476.66749999916647,477.0057999976416,one shared preloaded model
syn-f0b3360c389b840e,window,0.5823999999847729,0.004699999408330768,460.72670000103244,461.31380000042554,one shared preloaded model
syn-e8e58c2f23ab318d,window,0.35600000046542846,0.004400000761961564,470.13479999986885,470.49520000109624,one shared preloaded model
syn-eb47c5acfa803840,window,0.34860000050684903,0.004200001058052294,463.58409999993455,463.93690000149945,one shared preloaded model
syn-f1ed12435faf4272,window,0.3775000004679896,0.0037999998312443495,463.09280000059516,463.4741000008944,one shared preloaded model
syn-39ef00c8e89b9fd5,window,0.6468000010499964,0.006399999620043673,467.73450000000594,468.387700000676,one shared preloaded model
syn-9118253f7aebee81,window,0.3552999987732619,0.00419999923906289,478.49589999896125,478.8553999969736,one shared preloaded model
syn-0d63dfffb23d83ff,window,0.38219999987632036,0.004499999704421498,462.0162999999593,462.40299999954004,one shared preloaded model
syn-d2e93c1ec520c50a,window,0.3615000005083857,0.004400000761961564,472.73499999937485,473.1009000006452,one shared preloaded model
syn-556fa5f0ce7320db,rag,162.15959999863117,5.5978999989747535,350.58439999920665,518.3418999968126,one shared preloaded model
syn-413bfef9b22f460a,rag,168.8642000008258,5.39550000030431,358.98510000151873,533.2448000026488,one shared preloaded model
syn-617311107b2f67e3,rag,154.4525999997859,5.152900001121452,340.57329999996,500.17880000086734,one shared preloaded model
syn-017669a213bd9874,rag,163.59840000041004,5.941299999904004,344.39839999868127,513.9380999989953,one shared preloaded model
syn-23d43615f575f899,rag,167.9746999998315,6.16730000001553,283.68349999982456,457.8254999996716,one shared preloaded model
syn-6c359f6d6ae86c1a,rag,162.9296000010072,9.745200000907062,395.3771999986202,568.0520000005345,one shared preloaded model
syn-8f0fa6eda0b7a424,rag,159.92000000005646,5.340599998817197,119.2496999992727,284.51029999814637,one shared preloaded model
syn-3f88ec5d07bc3a51,rag,190.00690000029863,5.82609999946726,331.2034999999014,527.0364999996673,one shared preloaded model
syn-fd5307ede09e5d11,rag,159.49890000047162,5.27689999944414,563.8221000008343,728.5979000007501,one shared preloaded model
syn-d5ae1a3b6d6ed579,rag,155.93900000021677,5.348400000002584,269.2912000002252,430.57860000044457,one shared preloaded model
syn-75e602e14efed5cb,rag,160.04440000142495,5.999700000757002,331.3218000002962,497.36590000247816,one shared preloaded model
syn-9f52afd8e021b141,rag,155.35129999989294,5.080400000224472,330.23449999927834,490.66619999939576,one shared preloaded model
syn-a980db3037bf311c,rag,166.58359999928507,5.290099999911035,367.01759999959904,538.8912999987951,one shared preloaded model
syn-9806577cabcc7f2e,rag,166.55060000084632,6.221999999979744,338.08010000029753,510.8527000011236,one shared preloaded model
syn-3f62b5425b0e882e,rag,152.0237000004272,5.453899999338319,265.37290000123903,422.85050000100455,one shared preloaded model
syn-3505057efb2b61e5,rag,159.25609999976587,5.826599999636528,337.26670000032755,502.34939999972994,one shared preloaded model
syn-d24f9fb590e3a787,rag,157.85329999926034,5.238800000370247,163.94929999842134,327.04139999805193,one shared preloaded model
syn-7a883dcdc8bfb566,rag,174.6208000004117,5.744100000811159,348.6847000003763,529.0496000015992,one shared preloaded model
syn-aaf6f5f3f1ef7b1f,rag,162.32229999877745,9.591500000169617,566.8668999987858,738.7806999977329,one shared preloaded model
syn-32f7b8ee5ae534ab,rag,158.2010000001901,9.108700000069803,268.8496999999188,436.1594000001787,one shared preloaded model
syn-cf560fa20ee9d4f6,rag,153.80459999869345,5.651400000715512,371.3931999991473,530.8491999985563,one shared preloaded model
syn-18ed845be43a1113,rag,168.26810000020487,8.598500000516651,373.2355000011012,550.1021000018227,one shared preloaded model
syn-051d1eec41dac8d0,rag,155.45640000163985,6.248599998798454,294.04969999995956,455.75470000039786,one shared preloaded model
syn-8d59c8ca8529c6d2,rag,157.5766999994812,5.444799999168026,317.2703000000183,480.29179999866756,one shared preloaded model
syn-c2c3f6447b57cd6c,rag,153.273399999307,5.2419000003283145,278.5910000002332,437.1062999998685,one shared preloaded model
syn-119989e38ad0f945,rag,157.58459999960905,8.201000000553904,323.9541000002646,489.73970000042755,one shared preloaded model
syn-d8ea9482cf8fc83a,rag,157.26159999940137,6.200799998623552,155.48539999872446,318.9477999967494,one shared preloaded model
syn-5413284ffbcd80f9,rag,169.4444000004296,5.802399999083718,361.3491000014619,536.5959000009752,one shared preloaded model
syn-861c1484a8ea104b,rag,158.39219999907073,10.263199999826611,583.5682000015368,752.2236000004341,one shared preloaded model
syn-df9eae9287dfd8cd,rag,157.72809999907622,5.226600000241888,317.66520000019227,480.6198999995104,one shared preloaded model
syn-a7a49d11123f18b7,rag,157.06260000115435,5.39550000030431,299.1695000000618,461.6276000015205,one shared preloaded model
syn-4819d59a2242c08a,rag,160.83460000118066,6.655400000454392,361.40230000091833,528.8923000025534,one shared preloaded model
syn-fb6711bd86163f1e,rag,160.68919999997888,5.931999998210813,350.8165999992343,517.437799997424,one shared preloaded model
syn-2fcf335a0045359d,rag,161.44030000032217,5.460200000015902,313.2612999997946,480.16180000013264,one shared preloaded model
syn-768048c1c2ffc70f,rag,156.06810000099358,8.797899999990477,268.1448999992426,433.0109000002267,one shared preloaded model
syn-dc5195185c644ee9,rag,152.40389999962645,5.758600000262959,374.9582999989798,533.1207999988692,one shared preloaded model
syn-e8e506ecada067e6,rag,154.81259999978647,8.437500000582077,195.806800000355,359.05690000072354,one shared preloaded model
syn-ec8966bd1f85141e,rag,150.07469999909517,5.429799999546958,604.4571000002179,759.96159999886,one shared preloaded model
syn-1bf83807bef00cdc,rag,158.03869999945164,6.6841999996540835,581.6068000003725,746.3296999994782,one shared preloaded model
syn-38d19937a809c03c,rag,164.4549000011466,5.50199999997858,310.7481999995798,480.705100000705,one shared preloaded model
syn-03883299ea4eefd0,rag,158.42759999941336,5.536599999686587,343.7112999999954,507.67549999909534,one shared preloaded model
syn-13045132ceac1242,rag,161.1333000000741,7.201399999757996,262.22430000052555,430.5590000003576,one shared preloaded model
syn-f0b3360c389b840e,rag,160.7414999998582,6.5806000002339715,341.0444000001007,508.3665000001929,one shared preloaded model
syn-e8e58c2f23ab318d,rag,158.45460000127787,5.302399998981855,347.6258999999118,511.3829000001715,one shared preloaded model
syn-eb47c5acfa803840,rag,155.54730000076233,7.015099999989616,277.28190000016184,439.8443000009138,one shared preloaded model
syn-f1ed12435faf4272,rag,160.508299999492,5.609599998933845,347.3892000001797,513.5070999986056,one shared preloaded model
syn-39ef00c8e89b9fd5,rag,154.48380000088946,5.400400001235539,160.5173999996623,320.4016000017873,one shared preloaded model
syn-9118253f7aebee81,rag,170.87700000047334,7.05519999974058,325.86930000070424,503.80150000091817,one shared preloaded model
syn-0d63dfffb23d83ff,rag,155.450700000074,5.995199999233591,577.7725999996619,739.2184999989695,one shared preloaded model
syn-d2e93c1ec520c50a,rag,162.06190000048082,5.59380000049714,272.11410000018077,439.7698000011587,one shared preloaded model
syn-556fa5f0ce7320db,pure_liquid,801.6947000014625,10.756199999377714,282.73340000123426,1095.1843000020745,one shared preloaded model
syn-413bfef9b22f460a,pure_liquid,749.7267999988253,10.807099999510683,139.81520000015735,900.3490999984933,one shared preloaded model
syn-617311107b2f67e3,pure_liquid,833.1608000007691,10.339799999201205,251.80290000025707,1095.3035000002274,one shared preloaded model
syn-017669a213bd9874,pure_liquid,804.6100999999908,6.905899999765097,270.5396000001201,1082.055599999876,one shared preloaded model
syn-23d43615f575f899,pure_liquid,797.2821000003023,10.196600000199396,259.8161000005348,1067.2948000010365,one shared preloaded model
syn-6c359f6d6ae86c1a,pure_liquid,826.1194000006071,10.742599999503,251.30949999947916,1088.1714999995893,one shared preloaded model
syn-8f0fa6eda0b7a424,pure_liquid,908.1836000004841,7.309799999347888,279.3222999989666,1194.8156999987987,one shared preloaded model
syn-3f88ec5d07bc3a51,pure_liquid,807.114699999147,7.330000000365544,272.6946000002499,1087.1392999997624,one shared preloaded model
syn-fd5307ede09e5d11,pure_liquid,816.4087000004656,10.09909999993397,289.69660000075237,1116.204400001152,one shared preloaded model
syn-d5ae1a3b6d6ed579,pure_liquid,733.6572000003798,6.985399999393849,265.744000000268,1006.3866000000417,one shared preloaded model
syn-75e602e14efed5cb,pure_liquid,756.3616999996157,8.060600001044804,259.3099000005168,1023.7322000011773,one shared preloaded model
syn-9f52afd8e021b141,pure_liquid,823.8398999983474,8.15359999978682,283.402400000341,1115.3958999984752,one shared preloaded model
syn-a980db3037bf311c,pure_liquid,811.5466999988712,10.247599999274826,259.4494000004488,1081.2436999985948,one shared preloaded model
syn-9806577cabcc7f2e,pure_liquid,672.6760999990802,10.34830000025977,262.51720000072964,945.5416000000696,one shared preloaded model
syn-3f62b5425b0e882e,pure_liquid,813.5228999999526,9.580500000083703,272.4708000005194,1095.5742000005557,one shared preloaded model
syn-3505057efb2b61e5,pure_liquid,809.6048999996128,10.304900000846828,277.25680000003194,1097.1666000004916,one shared preloaded model
syn-d24f9fb590e3a787,pure_liquid,769.9833000006038,6.878300000607851,160.14689999974507,937.0085000009567,one shared preloaded model
syn-7a883dcdc8bfb566,pure_liquid,821.278399998846,10.621299999911571,247.28780000077677,1079.1874999995343,one shared preloaded model
syn-aaf6f5f3f1ef7b1f,pure_liquid,820.6081000007543,9.51349999922968,284.2035000012402,1114.3251000012242,one shared preloaded model
syn-32f7b8ee5ae534ab,pure_liquid,794.2481000009138,10.548300000664312,288.07510000115144,1092.8715000027296,one shared preloaded model
syn-cf560fa20ee9d4f6,pure_liquid,826.8511999995098,10.567499999524443,286.8904000006296,1124.3090999996639,one shared preloaded model
syn-18ed845be43a1113,pure_liquid,908.8437000009435,10.288999999829684,270.3590000000986,1189.4917000008718,one shared preloaded model
syn-051d1eec41dac8d0,pure_liquid,874.2793000001257,7.384500000625849,277.00780000122904,1158.6716000019806,one shared preloaded model
syn-8d59c8ca8529c6d2,pure_liquid,803.2419000010123,10.346699998990516,264.27499999954307,1077.8635999995458,one shared preloaded model
syn-c2c3f6447b57cd6c,pure_liquid,819.3880999988323,7.330200000069453,262.83320000038657,1089.5514999992884,one shared preloaded model
syn-119989e38ad0f945,pure_liquid,886.672800001179,6.394199999704142,170.1745000009396,1063.2415000018227,one shared preloaded model
syn-d8ea9482cf8fc83a,pure_liquid,818.3984999996028,11.03020000118704,183.10029999884136,1012.5289999996312,one shared preloaded model
syn-5413284ffbcd80f9,pure_liquid,727.2739000000001,10.980700000800425,257.1126999991975,995.3672999999981,one shared preloaded model
syn-861c1484a8ea104b,pure_liquid,857.2471999996196,7.150999999794294,255.0862000007328,1119.4844000001467,one shared preloaded model
syn-df9eae9287dfd8cd,pure_liquid,799.813699999504,6.973599998673308,97.53339999952004,904.3206999976974,one shared preloaded model
syn-a7a49d11123f18b7,pure_liquid,844.4786000000022,10.281900000336464,277.76409999933094,1132.5245999996696,one shared preloaded model
syn-4819d59a2242c08a,pure_liquid,789.4589999996242,10.504300000320654,282.41370000068855,1082.3770000006334,one shared preloaded model
syn-fb6711bd86163f1e,pure_liquid,751.4663000001747,6.900899999891408,293.0627000005188,1051.429900000585,one shared preloaded model
syn-2fcf335a0045359d,pure_liquid,732.7272000002267,10.436499998832005,234.03099999995902,977.1946999990178,one shared preloaded model
syn-768048c1c2ffc70f,pure_liquid,743.04519999896,10.504900001251372,274.8776000007638,1028.4277000009752,one shared preloaded model
syn-dc5195185c644ee9,pure_liquid,761.5559000005305,6.672299999991083,249.0328000003501,1017.2610000008717,one shared preloaded model
syn-e8e506ecada067e6,pure_liquid,850.1105999985157,10.690099999919767,202.03699999910896,1062.8376999975444,one shared preloaded model
syn-ec8966bd1f85141e,pure_liquid,820.9186999993108,11.175100000400562,264.4746000005398,1096.5684000002511,one shared preloaded model
syn-1bf83807bef00cdc,pure_liquid,845.0942999988911,10.730600000897539,785.49749999911,1641.3223999988986,one shared preloaded model
syn-38d19937a809c03c,pure_liquid,842.778600001111,10.498800000277697,290.7842000004166,1144.0616000018053,one shared preloaded model
syn-03883299ea4eefd0,pure_liquid,866.4644000000408,6.684500000119442,237.7474999993865,1110.8963999995467,one shared preloaded model
syn-13045132ceac1242,pure_liquid,804.4222000007721,10.36000000021886,285.630599999422,1100.412800000413,one shared preloaded model
syn-f0b3360c389b840e,pure_liquid,822.7631999998266,6.920599998920807,245.29590000020107,1074.9796999989485,one shared preloaded model
syn-e8e58c2f23ab318d,pure_liquid,757.3474000000715,7.39880000037374,266.30890000160434,1031.0551000020496,one shared preloaded model
syn-eb47c5acfa803840,pure_liquid,817.6824999991368,11.780900000303518,257.0450000002893,1086.5083999997296,one shared preloaded model
syn-f1ed12435faf4272,pure_liquid,764.6533999995881,10.528099999646656,237.8326999987621,1013.0141999979969,one shared preloaded model
syn-39ef00c8e89b9fd5,pure_liquid,806.7437999998219,6.95839999934833,201.18279999951483,1014.8849999986851,one shared preloaded model
syn-9118253f7aebee81,pure_liquid,871.3637000000745,10.76900000043679,280.51809999851685,1162.650799999028,one shared preloaded model
syn-0d63dfffb23d83ff,pure_liquid,766.044599999077,10.535299999901326,279.60259999963455,1056.182499998613,one shared preloaded model
syn-d2e93c1ec520c50a,pure_liquid,785.2660000007745,10.238500000923523,122.91539999932866,918.4199000010267,one shared preloaded model
syn-556fa5f0ce7320db,lexical_only,284.20590000132506,8.894900000086636,380.9361000003264,674.0369000017381,one shared preloaded model
syn-413bfef9b22f460a,lexical_only,277.9523999997764,5.520599999726983,374.884300001213,658.3573000007164,one shared preloaded model
syn-617311107b2f67e3,lexical_only,285.82730000016454,8.45139999910316,361.81610000130604,656.0948000005737,one shared preloaded model
syn-017669a213bd9874,lexical_only,250.74809999932768,5.326900000000023,365.78799999915645,621.8629999984842,one shared preloaded model
syn-23d43615f575f899,lexical_only,272.6970000003348,5.386500000895467,267.9675999988831,546.0511000001134,one shared preloaded model
syn-6c359f6d6ae86c1a,lexical_only,284.80019999915385,9.185599999909755,404.3738000000303,698.3595999990939,one shared preloaded model
syn-8f0fa6eda0b7a424,lexical_only,271.3151999996626,8.590399998865905,140.79820000006293,420.7037999985914,one shared preloaded model
syn-3f88ec5d07bc3a51,lexical_only,287.8197000009095,8.981999999377877,373.42659999922034,670.2282999995077,one shared preloaded model
syn-fd5307ede09e5d11,lexical_only,273.9631999993435,8.646100000987644,588.380799999868,870.9901000001992,one shared preloaded model
syn-d5ae1a3b6d6ed579,lexical_only,284.07809999953315,8.539700000255834,305.87089999971795,598.4886999995069,one shared preloaded model
syn-75e602e14efed5cb,lexical_only,298.03369999899587,5.719999999200809,358.9313000011316,662.6849999993283,one shared preloaded model
syn-9f52afd8e021b141,lexical_only,292.47830000167596,8.692499999597203,337.75170000080834,638.9225000020815,one shared preloaded model
syn-a980db3037bf311c,lexical_only,278.52680000069086,5.570499999521417,374.5589000009204,658.6562000011327,one shared preloaded model
syn-9806577cabcc7f2e,lexical_only,269.2253000004712,9.584299999914947,394.62900000035006,673.4386000007362,one shared preloaded model
syn-3f62b5425b0e882e,lexical_only,276.06610000111687,5.259600000499631,286.04509999968286,567.3708000012994,one shared preloaded model
syn-3505057efb2b61e5,lexical_only,286.6314000002603,7.6938999991398305,362.43499999909545,656.7602999984956,one shared preloaded model
syn-d24f9fb590e3a787,lexical_only,401.56890000071144,6.081999999878462,198.06900000003225,605.7199000006221,one shared preloaded model
syn-7a883dcdc8bfb566,lexical_only,281.1188999985461,9.504300000116928,356.50540000096953,647.1285999996326,one shared preloaded model
syn-aaf6f5f3f1ef7b1f,lexical_only,266.5426000003208,5.147500000020955,617.7422000000661,889.4323000004078,one shared preloaded model
syn-32f7b8ee5ae534ab,lexical_only,272.55369999875256,5.277899999782676,366.096199999447,643.9277999979822,one shared preloaded model
syn-cf560fa20ee9d4f6,lexical_only,287.37870000077237,9.315299999798299,409.5521999988705,706.2461999994412,one shared preloaded model
syn-18ed845be43a1113,lexical_only,308.8097999989259,4.6999999995023245,279.4267999997828,592.936599998211,one shared preloaded model
syn-051d1eec41dac8d0,lexical_only,277.50640000158455,5.277399999613408,332.1092000005592,614.8930000017572,one shared preloaded model
syn-8d59c8ca8529c6d2,lexical_only,269.39990000028047,7.542599998487276,367.8997999995772,644.842299998345,one shared preloaded model
syn-c2c3f6447b57cd6c,lexical_only,278.5106999999698,8.621100001619197,277.806199999759,564.938000001348,one shared preloaded model
syn-119989e38ad0f945,lexical_only,290.3413999993063,5.995799998345319,320.2387999990606,616.5759999967122,one shared preloaded model
syn-d8ea9482cf8fc83a,lexical_only,288.63669999918784,8.545099999537342,194.7309999995923,491.9127999983175,one shared preloaded model
syn-5413284ffbcd80f9,lexical_only,286.9391000003816,9.292900000218651,350.054700000328,646.2867000009282,one shared preloaded model
syn-861c1484a8ea104b,lexical_only,303.1608999990567,9.458099999392289,393.9023000002635,706.5212999987125,one shared preloaded model
syn-df9eae9287dfd8cd,lexical_only,285.6854999990901,8.624600000985083,348.8532000010309,643.1633000011061,one shared preloaded model
syn-a7a49d11123f18b7,lexical_only,275.79530000002705,8.701699998709955,355.7701999998244,640.2671999985614,one shared preloaded model
syn-4819d59a2242c08a,lexical_only,288.43400000005204,9.255000000848668,371.93440000010014,669.6234000010008,one shared preloaded model
syn-fb6711bd86163f1e,lexical_only,269.1443000003346,5.428399999800604,370.2947000001586,644.8674000002939,one shared preloaded model
syn-2fcf335a0045359d,lexical_only,283.3424999989802,9.170200000880868,352.1688000000722,644.6814999999333,one shared preloaded model
syn-768048c1c2ffc70f,lexical_only,275.25749999949767,9.205199999996694,284.977199999048,569.4398999985424,one shared preloaded model
syn-dc5195185c644ee9,lexical_only,284.97450000031677,5.119800000102259,389.2872999986139,679.3815999990329,one shared preloaded model
syn-e8e506ecada067e6,lexical_only,288.07469999992463,9.079700001166202,188.81640000108746,485.9708000021783,one shared preloaded model
syn-ec8966bd1f85141e,lexical_only,277.43700000064564,5.525799999304581,638.5401000006823,921.5029000006325,one shared preloaded model
syn-1bf83807bef00cdc,lexical_only,330.6327999998757,9.422899998753564,648.1545000006008,988.2101999992301,one shared preloaded model
syn-38d19937a809c03c,lexical_only,284.35890000037034,5.815500000608154,331.97569999902043,622.1500999999989,one shared preloaded model
syn-03883299ea4eefd0,lexical_only,257.5515999997151,5.363000000215834,339.2705999995087,602.1851999994396,one shared preloaded model
syn-13045132ceac1242,lexical_only,270.1541000005818,8.5916999996698,367.78030000095896,646.5261000012106,one shared preloaded model
syn-f0b3360c389b840e,lexical_only,283.46809999857214,6.032100000084029,368.9038000011351,658.4039999997913,one shared preloaded model
syn-e8e58c2f23ab318d,lexical_only,265.43969999875117,5.334699999366421,367.6442000014504,638.418599999568,one shared preloaded model
syn-eb47c5acfa803840,lexical_only,279.3220999992627,5.04469999941648,268.12560000144003,552.4924000001192,one shared preloaded model
syn-f1ed12435faf4272,lexical_only,285.55489999962447,5.3144000012252945,383.2161999998789,674.0855000007286,one shared preloaded model
syn-39ef00c8e89b9fd5,lexical_only,288.0101000009745,5.933799999183975,508.9274999991176,802.871399999276,one shared preloaded model
syn-9118253f7aebee81,lexical_only,290.3368999996019,9.354599998914637,584.0106000014202,883.7020999999368,one shared preloaded model
syn-0d63dfffb23d83ff,lexical_only,286.7317999989609,9.19889999931911,620.4739000004338,916.4045999987138,one shared preloaded model
syn-d2e93c1ec520c50a,lexical_only,287.3251999990316,9.071899999980815,306.63949999870965,603.0365999977221,one shared preloaded model
syn-556fa5f0ce7320db,lalm,1088.210899999467,10.652000000845874,390.10249999955704,1488.96539999987,one shared preloaded model
syn-413bfef9b22f460a,lalm,1038.8874000000214,11.077099999965867,359.95460000049206,1409.9191000004794,one shared preloaded model
syn-617311107b2f67e3,lalm,939.5330000006652,7.165099999838276,367.66549999993003,1314.3636000004335,one shared preloaded model
syn-017669a213bd9874,lalm,1015.2868000004673,10.313100001440034,383.17169999936596,1408.7716000012733,one shared preloaded model
syn-23d43615f575f899,lalm,963.480399999753,10.82719999976689,302.88389999986975,1277.1914999993896,one shared preloaded model
syn-6c359f6d6ae86c1a,lalm,969.6903000003658,11.117299998659291,593.005799999446,1573.8133999984711,one shared preloaded model
syn-8f0fa6eda0b7a424,lalm,1238.7952000008227,11.188799999217736,220.22570000081032,1470.2097000008507,one shared preloaded model
syn-3f88ec5d07bc3a51,lalm,1204.006500000105,11.551999999937834,521.0139000009804,1736.5724000010232,one shared preloaded model
syn-fd5307ede09e5d11,lalm,1134.297599999627,10.649900001226342,957.7188000002934,2102.6663000011467,one shared preloaded model
syn-d5ae1a3b6d6ed579,lalm,1178.8598000002821,12.187700000140467,544.4038999994518,1735.4513999998744,one shared preloaded model
syn-75e602e14efed5cb,lalm,1125.3883999997925,10.51980000011099,503.81240000024263,1639.720600000146,one shared preloaded model
syn-9f52afd8e021b141,lalm,1090.041299999939,10.539799999605748,480.84930000004533,1581.43039999959,one shared preloaded model
syn-a980db3037bf311c,lalm,1181.2473999998474,8.668799999213661,570.6325999999535,1760.5487999990146,one shared preloaded model
syn-9806577cabcc7f2e,lalm,1120.557899999767,8.713499999430496,553.6028999995324,1682.8742999987298,one shared preloaded model
syn-3f62b5425b0e882e,lalm,1113.1679000009171,8.535399998436333,148.2661999998527,1269.9694999992062,one shared preloaded model
syn-3505057efb2b61e5,lalm,1180.732500000886,14.70080000035523,513.2792999993399,1708.712600000581,one shared preloaded model
syn-d24f9fb590e3a787,lalm,1206.2529000013456,7.280499999978929,211.3654000004317,1424.8988000017562,one shared preloaded model
syn-7a883dcdc8bfb566,lalm,1189.2982999997912,11.034999999537831,614.539700000023,1814.872999999352,one shared preloaded model
syn-aaf6f5f3f1ef7b1f,lalm,1254.9529999996594,13.243900000816211,1008.1350999989809,2276.3319999994565,one shared preloaded model
syn-32f7b8ee5ae534ab,lalm,1148.6075000011624,10.764799999378738,603.9158000003226,1763.2881000008638,one shared preloaded model
syn-cf560fa20ee9d4f6,lalm,1106.2978000009025,7.397599998512305,498.75880000035977,1612.4541999997746,one shared preloaded model
syn-18ed845be43a1113,lalm,1191.2968999986333,10.744200000772253,618.999199999962,1821.0402999993676,one shared preloaded model
syn-051d1eec41dac8d0,lalm,1257.8031000011833,11.14670000060869,506.0145999996166,1774.9644000014086,one shared preloaded model
syn-8d59c8ca8529c6d2,lalm,1277.5376000008691,10.761499999716762,544.6941999998671,1832.993300000453,one shared preloaded model
syn-c2c3f6447b57cd6c,lalm,1242.2260000003007,10.834099999556202,836.0909000002721,2089.151000000129,one shared preloaded model
syn-119989e38ad0f945,lalm,1202.3243000003276,11.505899999974645,511.51449999997567,1725.344700000278,one shared preloaded model
syn-d8ea9482cf8fc83a,lalm,1166.0403000005317,7.77130000096804,197.48950000030163,1371.3011000018014,one shared preloaded model
syn-5413284ffbcd80f9,lalm,1179.0612999993755,8.006699999896227,553.8163000001077,1740.8842999993794,one shared preloaded model
syn-861c1484a8ea104b,lalm,1247.7323999992223,11.399800001527183,505.6893000000855,1764.821500000835,one shared preloaded model
syn-df9eae9287dfd8cd,lalm,1228.2506999999896,10.31659999898693,514.0561000007438,1752.6233999997203,one shared preloaded model
syn-a7a49d11123f18b7,lalm,1171.3603000007424,10.626899998896988,491.5521999992052,1673.5393999988446,one shared preloaded model
syn-4819d59a2242c08a,lalm,1208.9943000009953,10.591700000077253,574.9869000010221,1794.5729000020947,one shared preloaded model
syn-fb6711bd86163f1e,lalm,1193.64029999997,10.753799999292823,619.46750000061,1823.8615999998729,one shared preloaded model
syn-2fcf335a0045359d,lalm,1237.4337000001105,11.293000001387554,532.0496999993338,1780.776400000832,one shared preloaded model
syn-768048c1c2ffc70f,lalm,1203.8721000008081,10.836399998879642,343.5966000015469,1558.3051000012347,one shared preloaded model
syn-dc5195185c644ee9,lalm,1221.0979999999836,10.377500000686268,585.0060000011581,1816.481500001828,one shared preloaded model
syn-e8e506ecada067e6,lalm,1214.9262000002636,10.757800000646967,209.73810000032245,1435.422100001233,one shared preloaded model
syn-ec8966bd1f85141e,lalm,1239.5197999994707,11.648100000456907,507.9359999999724,1759.1038999999,one shared preloaded model
syn-1bf83807bef00cdc,lalm,1214.4831999994494,11.056499999540392,996.7250999998214,2222.264799998811,one shared preloaded model
syn-38d19937a809c03c,lalm,1219.6560000011232,10.731200000009267,468.0356999997457,1698.4229000008781,one shared preloaded model
syn-03883299ea4eefd0,lalm,1204.4721000002028,6.98019999981625,496.90449999980046,1708.3567999998195,one shared preloaded model
syn-13045132ceac1242,lalm,1217.272599998978,10.49590000002354,573.2444000004762,1801.0128999994777,one shared preloaded model
syn-f0b3360c389b840e,lalm,1233.6185000003752,10.689700000511948,558.5473999999522,1802.8556000008393,one shared preloaded model
syn-e8e58c2f23ab318d,lalm,1235.4722999989463,10.968599999614526,579.1020999986358,1825.5429999971966,one shared preloaded model
syn-eb47c5acfa803840,lalm,1148.7811999995756,10.656999998900574,759.5692999984749,1919.007499996951,one shared preloaded model
syn-f1ed12435faf4272,lalm,1173.8093999992998,10.813999999299995,564.0438999998878,1748.6672999984876,one shared preloaded model
syn-39ef00c8e89b9fd5,lalm,1209.0126000002783,10.03830000081507,791.3648000012472,2010.4157000023406,one shared preloaded model
syn-9118253f7aebee81,lalm,1289.8469000010664,11.539699999048025,513.2212999997137,1814.607899999828,one shared preloaded model
syn-0d63dfffb23d83ff,lalm,1265.6328000011854,6.981999998970423,1000.6548999990628,2273.2696999992186,one shared preloaded model
syn-d2e93c1ec520c50a,lalm,1211.2574000002496,11.45150000047579,590.8570999999938,1813.5660000007192,one shared preloaded model
syn-fb40ae9253b00cfa,vanilla,23.216100000354345,0.0018000009731622413,320.8546000005299,344.0725000018574,one shared preloaded model
syn-82a3fececee0458f,vanilla,0.9124000007432187,0.0008999995770864189,320.5711999999039,321.4845000002242,one shared preloaded model
syn-f51e6ea4b479b354,vanilla,1.8938000011985423,0.0012999989849049598,375.3701000005094,377.26520000069286,one shared preloaded model
syn-824506418626e57e,vanilla,1.5500000008614734,0.0006000009307172149,389.34400000107416,390.89460000286635,one shared preloaded model
syn-d4acb59606d086df,vanilla,0.9724999999889405,0.0006999998731771484,356.2887000007322,357.2619000005943,one shared preloaded model
syn-95393e98122c01a9,vanilla,1.64289999884204,0.0005000001692678779,394.8121000012179,396.4555000002292,one shared preloaded model
syn-3ad985563547117e,vanilla,0.8854999996401602,0.0006000009307172149,330.9994999999617,331.8856000005326,one shared preloaded model
syn-d380345bc6491347,vanilla,0.7774000005156267,0.0005000001692678779,357.6275000013993,358.4054000020842,one shared preloaded model
syn-8ca2b99b2ad13d97,vanilla,1.4121999993221834,0.0005000001692678779,364.4545000006474,365.86720000013884,one shared preloaded model
syn-5c95e0491f9ade69,vanilla,0.9141999998973915,0.0006000009307172149,309.78420000064943,310.69900000147754,one shared preloaded model
syn-9f034c3bdb1c01f3,vanilla,0.8789000003162073,0.0009999985195463523,305.1960999982839,306.07599999711965,one shared preloaded model
syn-6a46b6025f657a17,vanilla,1.523099999758415,0.0008999995770864189,381.55709999955434,383.08109999888984,one shared preloaded model
syn-bed3d60dddfe0552,vanilla,1.4264999990700744,0.0005999991117278114,349.2509000006976,350.6779999988794,one shared preloaded model
syn-7c543d9860a5ba31,vanilla,1.0812999989866512,0.0006000009307172149,392.97329999862995,394.0551999985473,one shared preloaded model
syn-154dd3e018ca9655,vanilla,1.4907000004313886,0.0006000009307172149,351.96219999852474,353.45349999988684,one shared preloaded model
syn-4b0bf71af877f47c,vanilla,158.05100000034145,0.0008000006346264854,339.7138000000268,497.7656000010029,one shared preloaded model
syn-5aa8c12b1991f6ae,vanilla,0.8505999994667945,0.0004000012268079445,338.18280000014056,339.03380000083416,one shared preloaded model
syn-e4ff77141b18c498,vanilla,1.378699998895172,0.0005000001692678779,358.15890000048967,359.5380999995541,one shared preloaded model
syn-5bbff8045ecd2a68,vanilla,0.8089000002655666,0.0005000001692678779,250.2507000008336,251.06010000126844,one shared preloaded model
syn-ae986a73a8057181,vanilla,0.8742999998503365,0.0008000006346264854,392.09350000055565,392.9686000010406,one shared preloaded model
syn-e9d8078ca99eff9c,vanilla,0.9336999992228812,0.0005999991117278114,350.959999999759,351.89429999809363,one shared preloaded model
syn-26cc815454feab66,vanilla,0.9988000001612818,0.0008000006346264854,371.2470000009489,372.2466000017448,one shared preloaded model
syn-9736904ee42d8bbb,vanilla,1.0223000008409144,0.0005999991117278114,351.9775999993726,353.00049999932526,one shared preloaded model
syn-81a29295c61ef9cb,vanilla,1.615999999557971,0.0012000000424450263,362.38570000023174,364.00289999983215,one shared preloaded model
syn-e78694058f402286,vanilla,0.8888000011211261,0.00039999940781854093,331.2608000014734,332.15000000200234,one shared preloaded model
syn-53394b2546d1d5ef,vanilla,0.9016000003612135,0.0005000001692678779,360.5997999984538,361.5018999989843,one shared preloaded model
syn-10dcaca88382d018,vanilla,1.0367000013502548,0.0004000012268079445,255.33080000059272,256.3679000031698,one shared preloaded model
syn-e0cc43b665020618,vanilla,1.5122999993764097,0.0005999991117278114,350.8366999994905,352.34959999797866,one shared preloaded model
syn-7f7afadf5a00ac2a,vanilla,1.5614999992976664,0.0006000009307172149,336.35990000038873,337.9220000006171,one shared preloaded model
syn-c406a5267129453f,vanilla,0.9411999999429099,0.0006999998731771484,359.3125000006694,360.2544000004855,one shared preloaded model
syn-787ab94252a26e1c,vanilla,1.098900000215508,0.0006999998731771484,383.3092000004399,384.4088000005286,one shared preloaded model
syn-d06e3f08f189406c,vanilla,0.8407999994233251,0.0005000001692678779,344.06719999969937,344.90849999929196,one shared preloaded model
syn-1fd2ed67249cf4e9,vanilla,1.4742999992449768,0.0006000009307172149,384.13760000003094,385.61250000020664,one shared preloaded model
syn-aeb7cb2c37a5051b,vanilla,1.0641000008035917,0.0005999991117278114,342.4343000006047,343.49900000052,one shared preloaded model
syn-d9183b45ca03125a,vanilla,1.0951000003842637,0.0005999991117278114,426.22750000009546,427.32319999959145,one shared preloaded model
syn-3f96675f65c1b9e7,vanilla,1.6149000002769753,0.0006999998731771484,384.5123999999487,386.12800000009884,one shared preloaded model
syn-dc063aeff0a357a1,vanilla,1.0189999993599486,0.0008000006346264854,397.9127000002336,398.9325000002282,one shared preloaded model
syn-517b679a08484bf4,vanilla,0.882399999682093,0.0004000012268079445,331.0381999999663,331.9210000008752,one shared preloaded model
syn-5931c9376766cfc7,vanilla,0.9925000013026875,0.0006999998731771484,346.79250000044703,347.7857000016229,one shared preloaded model
syn-3a6642d74c42659f,vanilla,1.717000001008273,0.0005999991117278114,344.1232000004675,345.8408000005875,one shared preloaded model
syn-be39dc153907b102,vanilla,0.8870999990904238,0.0006000009307172149,350.23589999946125,351.1235999994824,one shared preloaded model
syn-b74310e139eb597e,vanilla,0.8505000005243346,0.0005999991117278114,366.4224000003742,367.27350000001024,one shared preloaded model
syn-fa366cec483eb81e,vanilla,1.6481000002386281,0.0006999998731771484,359.05190000084986,360.70070000096166,one shared preloaded model
syn-b573ca35e5128efa,vanilla,0.8726999985810835,0.0005000001692678779,357.51820000041334,358.3913999991637,one shared preloaded model
syn-82a18111a4b04693,vanilla,0.98479999905976,0.0005000001692678779,396.881000000576,397.86629999980505,one shared preloaded model
syn-7b0e600042111c5b,vanilla,0.9567000015522353,0.0006000009307172149,371.19110000094224,372.1484000034252,one shared preloaded model
syn-67463b827ed584f9,vanilla,1.48790000093868,0.0006000009307172149,406.46920000108366,407.95770000295306,one shared preloaded model
syn-5198c5cae262976f,vanilla,1.3526999991881894,0.000700001692166552,379.557999998724,380.9113999996043,one shared preloaded model
syn-f107b7d3263daf98,vanilla,1.009600000543287,0.0006999998731771484,330.0010000002658,331.01130000068224,one shared preloaded model
syn-080ca6585cadad4d,vanilla,0.9210999996867031,0.0006999998731771484,402.39849999852595,403.32029999808583,one shared preloaded model
syn-fb40ae9253b00cfa,window,1.624200000151177,0.006199999916134402,653.205300000991,654.8357000010583,one shared preloaded model
syn-82a3fececee0458f,window,2.8778999985661358,0.01230000088980887,638.9509999989968,641.8411999984528,one shared preloaded model
syn-f51e6ea4b479b354,window,1.552300000184914,0.010300000212737359,631.998000000749,633.5606000011467,one shared preloaded model
syn-824506418626e57e,window,1.6107000010379124,0.005800000508315861,640.0961999988795,641.7127000004257,one shared preloaded model
syn-d4acb59606d086df,window,2.5979999991250224,0.006599999323952943,618.5318000007101,621.136399999159,one shared preloaded model
syn-95393e98122c01a9,window,1.6513000009581447,0.005300000339047983,632.255399999849,633.9120000011462,one shared preloaded model
syn-3ad985563547117e,window,2.9150999998819316,0.007799999366397969,649.4161000009626,652.339000000211,one shared preloaded model
syn-d380345bc6491347,window,1.6169999998965068,0.005500000042957254,657.5904000001174,659.2129000000568,one shared preloaded model
syn-8ca2b99b2ad13d97,window,2.57679999958782,0.006199999916134402,584.0545000010025,586.6375000005064,one shared preloaded model
syn-5c95e0491f9ade69,window,1.6672999990987591,0.004800000169780105,621.5431000000535,623.2151999993221,one shared preloaded model
syn-9f034c3bdb1c01f3,window,1.5650000004825415,0.005300000339047983,629.351300000053,630.9216000008746,one shared preloaded model
syn-6a46b6025f657a17,window,157.71139999924344,0.009999999747378752,624.6523999998317,782.3737999988225,one shared preloaded model
syn-bed3d60dddfe0552,window,2.180499999667518,0.006100000973674469,652.4007999996684,654.5874000003096,one shared preloaded model
syn-7c543d9860a5ba31,window,2.7466000010463176,0.0073999999585794285,640.8129999999801,643.567000000985,one shared preloaded model
syn-154dd3e018ca9655,window,1.520600000731065,0.00650000038149301,600.4134000013437,601.9405000024562,one shared preloaded model
syn-4b0bf71af877f47c,window,3.281000001152279,0.00650000038149301,631.0509000013553,634.3384000028891,one shared preloaded model
syn-5aa8c12b1991f6ae,window,1.6840999996929895,0.004400000761961564,626.71760000012,628.406100000575,one shared preloaded model
syn-e4ff77141b18c498,window,2.6123999996343628,0.007100001312210225,640.1067999995576,642.7263000005041,one shared preloaded model
syn-5bbff8045ecd2a68,window,2.8698000005533686,0.006599999323952943,645.9696999991138,648.8460999989911,one shared preloaded model
syn-ae986a73a8057181,window,1.4907999993738486,0.004800000169780105,556.9448999995075,558.4404999990511,one shared preloaded model
syn-e9d8078ca99eff9c,window,3.45269999888842,0.01320000046689529,669.0835999997944,672.5494999991497,one shared preloaded model
syn-26cc815454feab66,window,2.0852999987255316,0.00670000008540228,627.396800000497,629.488799999308,one shared preloaded model
syn-9736904ee42d8bbb,window,2.6799999996001134,0.017099999240599573,618.1218000001536,620.8188999989943,one shared preloaded model
syn-81a29295c61ef9cb,window,2.8514000005088747,0.008099999831756577,625.5100000016682,628.3695000020089,one shared preloaded model
syn-e78694058f402286,window,1.9933000003220513,0.014100000043981709,642.6621999999043,644.6696000002703,one shared preloaded model
syn-53394b2546d1d5ef,window,2.849499998774263,0.02119999953720253,633.2081000000471,636.0787999983586,one shared preloaded model
syn-10dcaca88382d018,window,2.7201999982935376,0.012099999366910197,616.3967000011326,619.128999998793,one shared preloaded model
syn-e0cc43b665020618,window,1.4464000014413614,0.009500001397100277,596.614000000045,598.0699000028835,one shared preloaded model
syn-7f7afadf5a00ac2a,window,1.7416999999113614,0.009399998816661537,627.5444000002608,629.2954999989888,one shared preloaded model
syn-c406a5267129453f,window,1.5175999997154577,0.005800000508315861,646.8772000007448,648.4006000009686,one shared preloaded model
syn-787ab94252a26e1c,window,1.5622999999322928,0.004300000000512227,623.4101999998529,624.9767999997857,one shared preloaded model
syn-d06e3f08f189406c,window,2.9216000002634246,0.006599999323952943,619.7957000003953,622.7238999999827,one shared preloaded model
syn-1fd2ed67249cf4e9,window,1.6715000001568114,0.012799999240087345,635.5225000006612,637.2068000000581,one shared preloaded model
syn-aeb7cb2c37a5051b,window,3.0303999992611352,0.007699998604948632,633.759000000282,636.797099998148,one shared preloaded model
syn-d9183b45ca03125a,window,1.5122999993764097,0.00529999852005858,671.14489999949,672.6624999973865,one shared preloaded model
syn-3f96675f65c1b9e7,window,3.0079000007390277,0.014999999621068127,633.7179000001925,636.7408000005526,one shared preloaded model
syn-dc063aeff0a357a1,window,2.023499999268097,0.009100000170292333,621.1301999992429,623.1627999986813,one shared preloaded model
syn-517b679a08484bf4,window,1.4436000001296634,0.004600000465870835,628.1665999995312,629.6148000001267,one shared preloaded model
syn-5931c9376766cfc7,window,1.52909999997064,0.004600000465870835,656.0067999998864,657.5405000003229,one shared preloaded model
syn-3a6642d74c42659f,window,2.7472000001580454,0.01300000076298602,629.796899998837,632.5570999997581,one shared preloaded model
syn-be39dc153907b102,window,2.0141999993938953,0.007799999366397969,642.6769999998214,644.6989999985817,one shared preloaded model
syn-b74310e139eb597e,window,1.7426000013074372,0.02209999911428895,637.8999000007752,639.664600001197,one shared preloaded model
syn-fa366cec483eb81e,window,1.498199999332428,0.004400000761961564,604.015700000673,605.5183000007673,one shared preloaded model
syn-b573ca35e5128efa,window,3.182099999321508,0.015899999198154546,601.6472000010253,604.845199999545,one shared preloaded model
syn-82a18111a4b04693,window,3.1583999989379663,0.01950000114447903,560.8588000013697,564.0367000014521,one shared preloaded model
syn-7b0e600042111c5b,window,1.6047999997681472,0.005599998985417187,625.721500000509,627.3318999992625,one shared preloaded model
syn-67463b827ed584f9,window,1.6174000011233147,0.004499999704421498,608.1283999992593,609.750300000087,one shared preloaded model
syn-5198c5cae262976f,window,1.6293999997287756,0.005099998816149309,626.4867999998387,628.1212999983836,one shared preloaded model
syn-f107b7d3263daf98,window,4.928800000925548,0.021400001060101204,593.8146999997116,598.7649000016972,one shared preloaded model
syn-080ca6585cadad4d,window,1.554099999339087,0.004800000169780105,631.4122999992833,632.9711999987921,one shared preloaded model
syn-fb40ae9253b00cfa,rag,1602.2713000002113,12.699300001258962,533.8627000000997,2148.83330000157,one shared preloaded model
syn-82a3fececee0458f,rag,1762.737000000925,11.530100000527455,557.2811999991245,2331.548300000577,one shared preloaded model
syn-f51e6ea4b479b354,rag,1629.537500000879,13.55390000026091,528.2177999997657,2171.3092000009055,one shared preloaded model
syn-824506418626e57e,rag,1602.3354999997537,13.40659999914351,525.9688000005553,2141.7108999994525,one shared preloaded model
syn-d4acb59606d086df,rag,1620.9268999991764,12.962200000401936,379.6634999998787,2013.552599999457,one shared preloaded model
syn-95393e98122c01a9,rag,1595.243900001151,12.824299999920186,595.0199999988399,2203.088199999911,one shared preloaded model
syn-3ad985563547117e,rag,1594.095099999322,13.956300001154887,192.49270000000251,1800.5441000004794,one shared preloaded model
syn-d380345bc6491347,rag,1621.8767999998818,13.298899999426794,557.7997000000323,2192.975399999341,one shared preloaded model
syn-8ca2b99b2ad13d97,rag,1752.155899999707,12.526299999080948,900.0895000008313,2664.771699999619,one shared preloaded model
syn-5c95e0491f9ade69,rag,1608.64710000169,13.065400000414229,485.7572999990225,2107.4698000011267,one shared preloaded model
syn-9f034c3bdb1c01f3,rag,1596.4934000003268,12.930099999721278,470.33750000082364,2079.7610000008717,one shared preloaded model
syn-6a46b6025f657a17,rag,1598.8340999992943,13.36769999943499,401.83409999917785,2014.035899997907,one shared preloaded model
syn-bed3d60dddfe0552,rag,1604.3515000001207,13.677799999641138,568.258600000263,2186.287900000025,one shared preloaded model
syn-7c543d9860a5ba31,rag,1620.7575000007637,13.865299999451963,444.21949999923527,2078.842299999451,one shared preloaded model
syn-154dd3e018ca9655,rag,949.398899998414,12.99269999981334,320.98360000054527,1283.3751999987726,one shared preloaded model
syn-4b0bf71af877f47c,rag,958.5810000007768,11.301000000457861,432.626199999504,1402.5082000007387,one shared preloaded model
syn-5aa8c12b1991f6ae,rag,1097.9232999998203,13.85640000080457,283.3816000002116,1395.1613000008365,one shared preloaded model
syn-e4ff77141b18c498,rag,1030.2058999986912,13.979299999846262,450.8499000003212,1495.0350999988586,one shared preloaded model
syn-5bbff8045ecd2a68,rag,933.2323999988148,8.732600001167157,578.2580000013695,1520.2230000013515,one shared preloaded model
syn-ae986a73a8057181,rag,761.5646999984165,7.88269999975455,346.6700999997556,1116.1174999979266,one shared preloaded model
syn-e9d8078ca99eff9c,rag,763.8654999991559,6.912900000315858,364.43250000047556,1135.2108999999473,one shared preloaded model
syn-26cc815454feab66,rag,765.3436999989935,7.963900001414004,340.1263999985531,1113.4339999989606,one shared preloaded model
syn-9736904ee42d8bbb,rag,771.1515000009967,8.157300000675605,354.1417000014917,1133.450500003164,one shared preloaded model
syn-81a29295c61ef9cb,rag,774.0034999987984,8.397600000535022,360.4603000003408,1142.8613999996742,one shared preloaded model
syn-e78694058f402286,rag,885.487400000784,8.285500000056345,277.7886000003491,1171.5615000011894,one shared preloaded model
syn-53394b2546d1d5ef,rag,780.4011000007449,11.457500000688015,385.3276999998343,1177.1863000012672,one shared preloaded model
syn-10dcaca88382d018,rag,829.0883000008762,10.426900000311434,173.68469999928493,1013.1999000004726,one shared preloaded model
syn-e0cc43b665020618,rag,762.7914000004239,10.329500000807457,370.3445000010106,1143.465400002242,one shared preloaded model
syn-7f7afadf5a00ac2a,rag,762.9326000005676,8.859800000209361,591.9450000001234,1363.7374000009004,one shared preloaded model
syn-c406a5267129453f,rag,754.2289000011806,8.265500000561588,234.7461999997904,997.2406000015326,one shared preloaded model
syn-787ab94252a26e1c,rag,752.0707000003313,8.93970000106492,357.8547000015533,1118.8651000029495,one shared preloaded model
syn-d06e3f08f189406c,rag,908.4597999990365,12.411300000167103,387.30739999846264,1308.1784999976662,one shared preloaded model
syn-1fd2ed67249cf4e9,rag,798.6405000010564,9.345000000394066,354.7158000001218,1162.7013000015722,one shared preloaded model
syn-aeb7cb2c37a5051b,rag,764.8406000007526,14.597200000935118,284.88540000034845,1064.3232000020362,one shared preloaded model
syn-d9183b45ca03125a,rag,771.6749000010168,8.779699999649893,257.6988999990135,1038.1534999996802,one shared preloaded model
syn-3f96675f65c1b9e7,rag,767.1085000001767,13.125000001309672,397.19960000002175,1177.4331000015081,one shared preloaded model
syn-dc063aeff0a357a1,rag,765.892099998382,7.881100000304286,276.4501999990898,1050.2233999977761,one shared preloaded model
syn-517b679a08484bf4,rag,752.7140000001964,8.598099999289843,643.0858000003354,1404.3978999998217,one shared preloaded model
syn-5931c9376766cfc7,rag,771.0778000000573,13.770100000328966,619.9803999988944,1404.8282999992807,one shared preloaded model
syn-3a6642d74c42659f,rag,876.5421000007336,7.912999999462045,375.26529999922786,1259.7203999994235,one shared preloaded model
syn-be39dc153907b102,rag,759.3722000001435,7.747399999061599,351.52600000037637,1118.6455999995815,one shared preloaded model
syn-b74310e139eb597e,rag,753.7888000006205,12.94899999993504,349.1365999998379,1115.8744000003935,one shared preloaded model
syn-fa366cec483eb81e,rag,777.1339999999327,12.943100000484264,342.2021999995195,1132.2792999999365,one shared preloaded model
syn-b573ca35e5128efa,rag,763.7735999996949,10.902899999564397,349.6651000004931,1124.3415999997524,one shared preloaded model
syn-82a18111a4b04693,rag,756.8597999998019,8.753500000239,259.5941000017774,1025.2074000018183,one shared preloaded model
syn-7b0e600042111c5b,rag,804.9604999996518,8.345700000063516,391.35349999924074,1204.659699998956,one shared preloaded model
syn-67463b827ed584f9,rag,909.1129999997065,10.648999999830266,186.3783999997395,1106.1403999992763,one shared preloaded model
syn-5198c5cae262976f,rag,1520.2919999992446,13.84160000088741,567.5396999995428,2101.673299999675,one shared preloaded model
syn-f107b7d3263daf98,rag,1632.7166999999463,10.021799998867209,1099.0600999994058,2741.7985999982193,one shared preloaded model
syn-080ca6585cadad4d,rag,1654.9790000008215,12.992200001463061,391.66579999982787,2059.6370000021125,one shared preloaded model
syn-fb40ae9253b00cfa,pure_liquid,5716.630900000382,10.363100000176928,496.6024999994261,6223.596499999985,one shared preloaded model
syn-82a3fececee0458f,pure_liquid,5790.839199999027,10.741500000222004,513.2417000004352,6314.822399999684,one shared preloaded model
syn-f51e6ea4b479b354,pure_liquid,5864.793700000519,10.68690000101924,409.7586999996565,6285.239300001194,one shared preloaded model
syn-824506418626e57e,pure_liquid,5830.505000001722,10.780399999930523,584.8731999994925,6426.158600001145,one shared preloaded model
syn-d4acb59606d086df,pure_liquid,5822.7871999988565,11.448500001279172,409.44889999991574,6243.684600000051,one shared preloaded model
syn-95393e98122c01a9,pure_liquid,6041.310999999041,10.74969999899622,483.0722999995487,6535.132999997586,one shared preloaded model
syn-3ad985563547117e,pure_liquid,5970.677199999045,10.323500000595232,431.30639999981213,6412.3070999994525,one shared preloaded model
syn-d380345bc6491347,pure_liquid,5941.065600000002,11.286300001302152,418.12670000035723,6370.478600001661,one shared preloaded model
syn-8ca2b99b2ad13d97,pure_liquid,6088.664399998379,11.067499999626307,523.3596000016405,6623.091499999646,one shared preloaded model
syn-5c95e0491f9ade69,pure_liquid,6138.316999999006,10.549200000241399,478.63649999999325,6627.502699999241,one shared preloaded model
syn-9f034c3bdb1c01f3,pure_liquid,6078.5662999987835,8.573799999794574,479.3993000002956,6566.539399998874,one shared preloaded model
syn-6a46b6025f657a17,pure_liquid,5870.355900000504,10.85129999955825,496.56489999870246,6377.772099998765,one shared preloaded model
syn-bed3d60dddfe0552,pure_liquid,5977.0178999988275,10.450099998706719,442.4464999992779,6429.914499996812,one shared preloaded model
syn-7c543d9860a5ba31,pure_liquid,5867.898999998943,10.376500000347733,494.67830000139656,6372.953800000687,one shared preloaded model
syn-154dd3e018ca9655,pure_liquid,5844.724900000074,10.345200000301702,542.2446000011405,6397.314700001516,one shared preloaded model
syn-4b0bf71af877f47c,pure_liquid,5909.9566000004415,10.369000001446693,525.3306999984488,6445.656300000337,one shared preloaded model
syn-5aa8c12b1991f6ae,pure_liquid,6040.736200000538,10.678399999960675,508.2499000000098,6559.664500000508,one shared preloaded model
syn-e4ff77141b18c498,pure_liquid,5913.170899999386,11.143300000185263,412.60549999969953,6336.919699999271,one shared preloaded model
syn-5bbff8045ecd2a68,pure_liquid,5766.316299999744,10.777299999972456,470.234000000346,6247.327600000062,one shared preloaded model
syn-ae986a73a8057181,pure_liquid,6169.935099998838,11.111800000435323,459.32299999913084,6640.369899998404,one shared preloaded model
syn-e9d8078ca99eff9c,pure_liquid,6420.461299998351,8.29390000035346,594.1431999999622,7022.898399998667,one shared preloaded model
syn-26cc815454feab66,pure_liquid,6115.413800000169,10.760500001197215,415.95219999908295,6542.12650000045,one shared preloaded model
syn-9736904ee42d8bbb,pure_liquid,5958.834899998692,9.821600000577746,474.24820000014734,6442.904699999417,one shared preloaded model
syn-81a29295c61ef9cb,pure_liquid,6028.084699999454,11.398800001188647,526.7523000002257,6566.235800000868,one shared preloaded model
syn-e78694058f402286,pure_liquid,5987.898200000927,10.395299999800045,560.8499000009033,6559.143400001631,one shared preloaded model
syn-53394b2546d1d5ef,pure_liquid,5868.854600001214,6.963699999687378,554.6181999998225,6430.436500000724,one shared preloaded model
syn-10dcaca88382d018,pure_liquid,5883.5361000001285,11.27000000087719,371.50479999945674,6266.310900000462,one shared preloaded model
syn-e0cc43b665020618,pure_liquid,6260.188300000664,12.132100000599166,523.6722999998165,6795.992700001079,one shared preloaded model
syn-7f7afadf5a00ac2a,pure_liquid,6195.699399999285,10.776099999930011,529.9020000002201,6736.377499999435,one shared preloaded model
syn-c406a5267129453f,pure_liquid,5966.0945999985415,11.174000001119566,417.2095000012632,6394.478100000924,one shared preloaded model
syn-787ab94252a26e1c,pure_liquid,6277.2641999999905,7.258999999976368,550.9409999995114,6835.464199999478,one shared preloaded model
syn-d06e3f08f189406c,pure_liquid,6085.352099999,11.62060000024212,427.5964999997086,6524.56919999895,one shared preloaded model
syn-1fd2ed67249cf4e9,pure_liquid,6010.0189999993745,10.131300001376076,457.16840000022785,6477.318700000978,one shared preloaded model
syn-aeb7cb2c37a5051b,pure_liquid,5954.236499999752,11.171099999046419,467.9849000003742,6433.392499999172,one shared preloaded model
syn-d9183b45ca03125a,pure_liquid,6038.511000000653,6.797699999879114,507.4316000009276,6552.74030000146,one shared preloaded model
syn-3f96675f65c1b9e7,pure_liquid,6017.675400000371,7.206199999927776,528.4344000010606,6553.3160000013595,one shared preloaded model
syn-dc063aeff0a357a1,pure_liquid,6137.734199999613,10.57770000079472,511.0253000002558,6659.337200000664,one shared preloaded model
syn-517b679a08484bf4,pure_liquid,6180.0108999996155,11.2821000002441,562.3974000009184,6753.690400000778,one shared preloaded model
syn-5931c9376766cfc7,pure_liquid,6056.45960000038,10.658600000169827,528.6532000009174,6595.771400001468,one shared preloaded model
syn-3a6642d74c42659f,pure_liquid,6279.39730000071,10.902500000156579,523.3587999991869,6813.658600000053,one shared preloaded model
syn-be39dc153907b102,pure_liquid,6186.654600000111,11.323400000037509,433.2457999989856,6631.223799999134,one shared preloaded model
syn-b74310e139eb597e,pure_liquid,5974.217999999382,11.236899999857997,539.0368000007584,6524.491699999999,one shared preloaded model
syn-fa366cec483eb81e,pure_liquid,5846.203600000081,9.820999999647029,396.5428999999858,6252.567499999714,one shared preloaded model
syn-b573ca35e5128efa,pure_liquid,6079.220100000384,11.585500000364846,534.3070999988413,6625.11269999959,one shared preloaded model
syn-82a18111a4b04693,pure_liquid,6029.307299999346,10.385499999756576,521.5592000004108,6561.251999999513,one shared preloaded model
syn-7b0e600042111c5b,pure_liquid,6030.228400000851,10.888100001466228,559.1676999993069,6600.284200001624,one shared preloaded model
syn-67463b827ed584f9,pure_liquid,6007.711199999903,11.09809999979916,574.7283999990032,6593.537699998706,one shared preloaded model
syn-5198c5cae262976f,pure_liquid,6327.125400001023,11.518299999806914,437.52300000051036,6776.16670000134,one shared preloaded model
syn-f107b7d3263daf98,pure_liquid,6218.100300000515,11.746000000130152,530.2817000010691,6760.128000001714,one shared preloaded model
syn-080ca6585cadad4d,pure_liquid,6086.541099999522,11.147799999889685,381.9619000005332,6479.650799999945,one shared preloaded model
syn-fb40ae9253b00cfa,lexical_only,1957.8999999994267,8.73189999947499,600.418099998933,2567.0499999978347,one shared preloaded model
syn-82a3fececee0458f,lexical_only,1938.0954000007478,8.828300000459421,520.5190999986371,2467.4427999998443,one shared preloaded model
syn-f51e6ea4b479b354,lexical_only,1912.8106999996817,5.414200000814162,582.9432999998971,2501.168200000393,one shared preloaded model
syn-824506418626e57e,lexical_only,1947.1763000001374,8.708699999260716,529.7114000004512,2485.5963999998494,one shared preloaded model
syn-d4acb59606d086df,lexical_only,1982.8601999997773,5.088799998702598,403.53829999912705,2391.487299997607,one shared preloaded model
syn-95393e98122c01a9,lexical_only,1933.6720000010246,9.048400001120172,435.96050000087416,2378.680900003019,one shared preloaded model
syn-3ad985563547117e,lexical_only,1347.6489000004221,6.654699998762226,198.0794999999489,1552.3830999991333,one shared preloaded model
syn-d380345bc6491347,lexical_only,1318.5818000001746,5.4775999997218605,703.039500000159,2027.0989000000554,one shared preloaded model
syn-8ca2b99b2ad13d97,lexical_only,1437.9009999993286,8.73919999867212,371.3261999982933,1817.966399996294,one shared preloaded model
syn-5c95e0491f9ade69,lexical_only,1249.059899999338,8.87930000135384,302.4710000008781,1560.41020000157,one shared preloaded model
syn-9f034c3bdb1c01f3,lexical_only,1359.3041000003723,8.74380000095698,392.675799999779,1760.7237000011082,one shared preloaded model
syn-6a46b6025f657a17,lexical_only,1289.5570999990014,5.054600000221399,319.50900000083493,1614.1207000000577,one shared preloaded model
syn-bed3d60dddfe0552,lexical_only,1330.6231999995362,8.97860000077344,412.7136999995855,1752.315499999895,one shared preloaded model
syn-7c543d9860a5ba31,lexical_only,1403.7138000003324,9.361100001115119,418.83320000124513,1831.9081000026927,one shared preloaded model
syn-154dd3e018ca9655,lexical_only,1293.475300000864,9.688799998912145,304.0682000009838,1607.23230000076,one shared preloaded model
syn-4b0bf71af877f47c,lexical_only,1281.0353999993822,9.238799999366165,391.14320000044245,1681.4173999991908,one shared preloaded model
syn-5aa8c12b1991f6ae,lexical_only,1267.7899999998772,9.031500001583481,307.14760000046226,1583.969100001923,one shared preloaded model
syn-e4ff77141b18c498,lexical_only,1347.0622999993793,6.120700001702062,410.309300001245,1763.4923000023264,one shared preloaded model
syn-5bbff8045ecd2a68,lexical_only,1205.4596999987552,8.754799999223906,289.8337000005995,1504.0481999985786,one shared preloaded model
syn-ae986a73a8057181,lexical_only,1325.978099999702,8.796600001005572,400.81020000070566,1735.5849000014132,one shared preloaded model
syn-e9d8078ca99eff9c,lexical_only,1257.2873999997682,5.737600000429666,411.5944999994099,1674.6194999996078,one shared preloaded model
syn-26cc815454feab66,lexical_only,1450.077199999214,9.404799999174429,438.9768000000913,1898.4587999984797,one shared preloaded model
syn-9736904ee42d8bbb,lexical_only,1294.5708999995986,9.676100000433507,379.9094000005425,1684.1564000005746,one shared preloaded model
syn-81a29295c61ef9cb,lexical_only,1342.9243999999017,9.389299999384093,433.82719999863184,1786.1408999979176,one shared preloaded model
syn-e78694058f402286,lexical_only,1327.7438999994047,9.085900001082337,312.87390000034065,1649.7037000008277,one shared preloaded model
syn-53394b2546d1d5ef,lexical_only,1314.310400000977,5.6786000004649395,428.5490000002028,1748.5380000016448,one shared preloaded model
syn-10dcaca88382d018,lexical_only,1264.7323000001052,5.357799998819246,190.21900000007008,1460.3090999989945,one shared preloaded model
syn-e0cc43b665020618,lexical_only,1326.1113999997178,6.294499999057734,307.0071000001917,1639.4129999989673,one shared preloaded model
syn-7f7afadf5a00ac2a,lexical_only,1321.3641000002099,8.947899999839137,682.0703000012145,2012.3823000012635,one shared preloaded model
syn-c406a5267129453f,lexical_only,1280.1361999991059,6.212199999936274,435.36480000148003,1721.7132000005222,one shared preloaded model
syn-787ab94252a26e1c,lexical_only,1437.432099999569,8.61330000043381,425.7406999986415,1871.7860999986442,one shared preloaded model
syn-d06e3f08f189406c,lexical_only,1284.3740999996953,8.840500000587781,416.6901999997208,1709.904800000004,one shared preloaded model
syn-1fd2ed67249cf4e9,lexical_only,1305.67610000071,5.537499999263673,415.90999999971245,1727.1235999996861,one shared preloaded model
syn-aeb7cb2c37a5051b,lexical_only,1330.7086999993771,9.366199999931268,392.2378999995999,1732.3127999989083,one shared preloaded model
syn-d9183b45ca03125a,lexical_only,1265.256300001056,5.470000000059372,302.3376000001008,1573.063900001216,one shared preloaded model
syn-3f96675f65c1b9e7,lexical_only,1418.6357999988104,5.865299999641138,471.2001000007149,1895.7011999991664,one shared preloaded model
syn-dc063aeff0a357a1,lexical_only,1260.204900001554,8.319500000652624,311.66160000066156,1580.1860000028682,one shared preloaded model
syn-517b679a08484bf4,lexical_only,1304.6204000002035,7.138299999496667,394.298200000776,1706.0569000004762,one shared preloaded model
syn-5931c9376766cfc7,lexical_only,1350.5851999998413,9.351999999125837,767.5199000004795,2127.4570999994467,one shared preloaded model
syn-3a6642d74c42659f,lexical_only,1865.3164000006655,8.679800001118565,679.0050999989035,2553.0013000006875,one shared preloaded model
syn-be39dc153907b102,lexical_only,2177.8271999992285,9.596699999747216,621.1426000008942,2808.56649999987,one shared preloaded model
syn-b74310e139eb597e,lexical_only,1950.9760000000824,8.74889999977313,554.8619000001054,2514.586799999961,one shared preloaded model
syn-fa366cec483eb81e,lexical_only,1976.3810000004014,9.454400000322494,554.502599999978,2540.338000000702,one shared preloaded model
syn-b573ca35e5128efa,lexical_only,1941.878599998745,6.076399999074056,524.9098999993294,2472.8648999971483,one shared preloaded model
syn-82a18111a4b04693,lexical_only,1976.3676000002306,6.490800000392483,416.9529999999213,2399.8114000005444,one shared preloaded model
syn-7b0e600042111c5b,lexical_only,1927.9472999987775,6.857400001536007,581.8206999992981,2516.6253999996115,one shared preloaded model
syn-67463b827ed584f9,lexical_only,1919.9974999992264,8.965399998487555,217.6450000006298,2146.607899998344,one shared preloaded model
syn-5198c5cae262976f,lexical_only,1903.4761999992043,9.016699999847333,627.1199000002525,2539.612799999304,one shared preloaded model
syn-f107b7d3263daf98,lexical_only,1823.012099999687,9.749200000442215,601.835100000244,2434.5964000003733,one shared preloaded model
syn-080ca6585cadad4d,lexical_only,1886.7652999997517,5.160100001376122,602.2990999990725,2494.2245000002004,one shared preloaded model
syn-fb40ae9253b00cfa,lalm,6534.384100001262,11.54809999934514,633.180299999367,7179.112499999974,one shared preloaded model
syn-82a3fececee0458f,lalm,6536.6018999993685,11.327000000164844,635.695000000851,7183.623900000384,one shared preloaded model
syn-f51e6ea4b479b354,lalm,5715.0032999998075,11.111799998616334,454.9329999990732,6181.048099997497,one shared preloaded model
syn-824506418626e57e,lalm,5146.910100000241,7.592199999635341,404.75989999868034,5559.262199998557,one shared preloaded model
syn-d4acb59606d086df,lalm,5011.332199999742,11.29170000058366,288.8906999996834,5311.5146000000095,one shared preloaded model
syn-95393e98122c01a9,lalm,4965.196600000127,10.807599999679951,341.7941999996401,5317.798399999447,one shared preloaded model
syn-3ad985563547117e,lalm,4970.8461000009265,9.802099999433267,243.1453999997757,5223.7936000001355,one shared preloaded model
syn-d380345bc6491347,lalm,4982.779899999514,11.512600000060047,432.79830000028596,5427.09079999986,one shared preloaded model
syn-8ca2b99b2ad13d97,lalm,4989.238199999818,7.2844000005716225,361.9347999992897,5358.457399999679,one shared preloaded model
syn-5c95e0491f9ade69,lalm,4938.681800000268,8.425599999100086,365.0891999986925,5312.19659999806,one shared preloaded model
syn-9f034c3bdb1c01f3,lalm,5154.783400001179,11.101800000687945,337.7569999993284,5503.642200001195,one shared preloaded model
syn-6a46b6025f657a17,lalm,4990.851300000941,10.913399999481044,407.21059999850695,5408.975299998929,one shared preloaded model
syn-bed3d60dddfe0552,lalm,4926.942799998869,8.433099999820115,371.7564999988099,5307.132399997499,one shared preloaded model
syn-7c543d9860a5ba31,lalm,5128.437600000325,11.130400000183727,401.3875000000553,5540.955500000564,one shared preloaded model
syn-154dd3e018ca9655,lalm,6041.031899998416,11.055900000428664,1001.8448999999237,7053.932699998768,one shared preloaded model
syn-4b0bf71af877f47c,lalm,6205.226699999912,11.06929999878048,711.3299999982701,6927.6259999969625,one shared preloaded model
syn-5aa8c12b1991f6ae,lalm,6103.312100000039,10.755200000858167,506.197599999723,6620.26490000062,one shared preloaded model
syn-e4ff77141b18c498,lalm,6355.58569999921,12.074999998731073,783.5816000006162,7151.242299998557,one shared preloaded model
syn-5bbff8045ecd2a68,lalm,6488.659099999495,14.571300000170595,736.0669000008784,7239.297300000544,one shared preloaded model
syn-ae986a73a8057181,lalm,6363.957100000334,10.767400000986527,790.1130000009289,7164.83750000225,one shared preloaded model
syn-e9d8078ca99eff9c,lalm,6303.065199999764,11.110799998277798,628.0345999985002,6942.210599996542,one shared preloaded model
syn-26cc815454feab66,lalm,6428.486799999519,10.759099999631871,675.0315000008413,7114.277399999992,one shared preloaded model
syn-9736904ee42d8bbb,lalm,6318.2930999992095,9.224100000210456,597.7279999988241,6925.245199998244,one shared preloaded model
syn-81a29295c61ef9cb,lalm,6392.628499999773,10.68219999979192,687.4397999999928,7090.750499999558,one shared preloaded model
syn-e78694058f402286,lalm,6130.360900000596,10.564800000793184,1064.2186000004585,7205.144300001848,one shared preloaded model
syn-53394b2546d1d5ef,lalm,6249.388199999885,15.032400000563939,646.1729999991803,6910.593599999629,one shared preloaded model
syn-10dcaca88382d018,lalm,6357.959100001608,11.287000001175329,341.04459999980463,6710.290700002588,one shared preloaded model
syn-e0cc43b665020618,lalm,6267.837499999587,11.501499999212683,715.7447000008688,6995.083699999668,one shared preloaded model
syn-7f7afadf5a00ac2a,lalm,6534.14039999916,10.772800000268035,1351.599100000385,7896.512299999813,one shared preloaded model
syn-c406a5267129453f,lalm,6355.733700000201,10.756300000139163,683.4941000015533,7049.984100001893,one shared preloaded model
syn-787ab94252a26e1c,lalm,6425.176400000055,12.34889999977895,723.0794999995851,7160.604799999419,one shared preloaded model
syn-d06e3f08f189406c,lalm,6334.326500000316,11.63280000037048,625.647900000331,6971.607200001017,one shared preloaded model
syn-1fd2ed67249cf4e9,lalm,6378.888899998856,11.155399999552174,658.026000000973,7048.070299999381,one shared preloaded model
syn-aeb7cb2c37a5051b,lalm,6356.491900000037,11.257000000114203,776.0972999985825,7143.846199998734,one shared preloaded model
syn-d9183b45ca03125a,lalm,6487.07049999939,10.650299998815171,550.8191999997507,7048.539999997956,one shared preloaded model
syn-3f96675f65c1b9e7,lalm,6366.345399999773,11.224400001083268,822.4659000006795,7200.035700001536,one shared preloaded model
syn-dc063aeff0a357a1,lalm,6400.083399999858,10.748499998953776,552.8548000002047,6963.686699999016,one shared preloaded model
syn-517b679a08484bf4,lalm,6350.914300001023,12.270299999727285,640.8446000004915,7004.029200001241,one shared preloaded model
syn-5931c9376766cfc7,lalm,6319.275500000003,8.5309000005509,1180.5266000010306,7508.333000001585,one shared preloaded model
syn-3a6642d74c42659f,lalm,6468.11660000094,11.437600000135717,720.6208999996306,7200.175100000706,one shared preloaded model
syn-be39dc153907b102,lalm,6317.729500000496,10.239699999146978,788.89479999998,7116.863999999623,one shared preloaded model
syn-b74310e139eb597e,lalm,6410.4151999999885,10.64100000075996,725.1166999994894,7146.172900000238,one shared preloaded model
syn-fa366cec483eb81e,lalm,6399.64560000044,10.918799998762552,614.0703999990365,7024.634799998239,one shared preloaded model
syn-b573ca35e5128efa,lalm,6323.78400000016,12.91280000077677,635.1607000015065,6971.857500002443,one shared preloaded model
syn-82a18111a4b04693,lalm,6323.698700000023,11.454499999672407,1101.587400000426,7436.740600000121,one shared preloaded model
syn-7b0e600042111c5b,lalm,6583.4151999988535,7.71089999943797,717.7978999989136,7308.923999997205,one shared preloaded model
syn-67463b827ed584f9,lalm,6527.657000000545,11.366400000042631,366.18280000038794,6905.2062000009755,one shared preloaded model
syn-5198c5cae262976f,lalm,6328.110099999321,11.548500000571948,700.0547999996343,7039.713399999528,one shared preloaded model
syn-f107b7d3263daf98,lalm,6304.15019999964,8.02550000116753,406.7377999999735,6718.913500000781,one shared preloaded model
syn-080ca6585cadad4d,lalm,5426.009099999646,7.159700000556768,507.6993999991828,5940.868199999386,one shared preloaded model
