example_id,agent,update_ms,read_ms,generation_ms,end_to_end_ms,model_loading_policy
syn-8a24c490f66e0d03,vanilla,0.5389000000377564,0.0006999999868639861,2026.0800000000927,2026.6196000001173,one shared preloaded model
syn-60bdba84d7150097,vanilla,0.031899999953566294,0.0006999999868639861,194.60059999994428,194.6331999998847,one shared preloaded model
syn-53ed452583131d31,vanilla,0.030100000003585592,0.0005000000555810402,197.92440000003353,197.9550000000927,one shared preloaded model
syn-5b0f4bc9237445b7,vanilla,0.030300000048555376,0.0004999999418942025,195.75589999999465,195.7866999999851,one shared preloaded model
syn-13edf32e39fe3765,vanilla,0.030300000048555376,0.0005000000555810402,207.56510000001072,207.59590000011485,one shared preloaded model
syn-b4390d007b5ef7f8,vanilla,0.03649999996468978,0.0005000000555810402,194.81529999995928,194.85229999997955,one shared preloaded model
syn-861d036fb5eba4c2,vanilla,0.028499999984887836,0.00039999997625272954,198.55869999992137,198.5875999998825,one shared preloaded model
syn-2540f1cab553a52e,vanilla,0.03630000003340683,0.0007000001005508238,201.83569999994688,201.87270000008084,one shared preloaded model
syn-579e6c88ef0966fc,vanilla,0.0346000000490676,0.0004999999418942025,194.5707999999513,194.60589999994227,one shared preloaded model
syn-969dbbd9bede135e,vanilla,0.02819999997427658,0.0006000000212225132,194.82540000001336,194.85420000000886,one shared preloaded model
syn-c10dd64649776fe7,vanilla,0.029400000016721606,0.0004999999418942025,202.10169999995742,202.13159999991603,one shared preloaded model
syn-bb14aa81d58f596a,vanilla,0.03049999997983832,0.0006000000212225132,193.8927999999578,193.92389999995885,one shared preloaded model
syn-1539909d7d3f1fa2,vanilla,0.030199999969227065,0.0004999999418942025,200.59649999996054,200.62719999987166,one shared preloaded model
syn-71eba46801356739,vanilla,0.034700000014709076,0.0007000001005508238,202.0301999999674,202.06560000008267,one shared preloaded model
syn-9de2464dd831978c,vanilla,0.03529999992224475,0.0005000000555810402,207.29579999999714,207.33159999997497,one shared preloaded model
syn-2007ee011a28494d,vanilla,0.030100000003585592,0.0004999999418942025,196.25380000002224,196.28439999996772,one shared preloaded model
syn-34a2be23fb5d07eb,vanilla,0.05069999997431296,0.0005000000555810402,198.52529999991475,198.57649999994464,one shared preloaded model
syn-a90bf50c398f1e86,vanilla,0.027899999963665323,0.0004999999418942025,197.50890000000254,197.5372999999081,one shared preloaded model
syn-d7d7cc6bb0d62c01,vanilla,0.0346000000490676,0.0007000001005508238,198.81039999995664,198.84570000010626,one shared preloaded model
syn-5393cd085e43abb8,vanilla,0.027600000066740904,0.0006000000212225132,200.93740000004345,200.96560000013142,one shared preloaded model
syn-0ad7a8e818b1a5d2,vanilla,0.034300000038456346,0.0004999999418942025,198.4555999999884,198.49039999996876,one shared preloaded model
syn-9114b4cc4d33be2b,vanilla,0.026700000034907134,0.00040000008993956726,195.3708999999435,195.39800000006835,one shared preloaded model
syn-db423ff4850b6f09,vanilla,0.03179999998792482,0.0005999999075356754,202.07000000004882,202.10239999994428,one shared preloaded model
syn-6fc8aac5c7ba2689,vanilla,0.03370000001723383,0.0005999999075356754,208.76909999992677,208.80339999985154,one shared preloaded model
syn-d67359e040231402,vanilla,0.02740000002177112,0.0004999999418942025,194.21030000000883,194.2381999999725,one shared preloaded model
syn-9012ae10bb547433,vanilla,0.026199999979326094,0.0004999999418942025,193.87300000005325,193.89969999997447,one shared preloaded model
syn-5a6d47d41b8cefc7,vanilla,0.03140000001167209,0.0007999999525054591,200.42000000000826,200.45219999997244,one shared preloaded model
syn-0846284ec2ada743,vanilla,0.026900000079876918,0.0006000000212225132,196.14200000000892,196.16950000011002,one shared preloaded model
syn-d79ac77e89a7458d,vanilla,0.033699999903546995,0.0006000000212225132,193.26250000005984,193.29679999998461,one shared preloaded model
syn-5daf5292727314bf,vanilla,0.03320000007533963,0.0006000000212225132,202.25969999989957,202.29349999999613,one shared preloaded model
syn-f1bd6c303029c406,vanilla,0.02570000003743189,0.00039999997625272954,191.3316999999779,191.35779999999158,one shared preloaded model
syn-acbc03459113dbbd,vanilla,0.02729999994244281,0.0006000000212225132,201.37069999998403,201.3985999999477,one shared preloaded model
syn-2cc0a66e4b65871a,vanilla,0.025800000003073364,0.0008000000661922968,199.36840000002576,199.39500000009502,one shared preloaded model
syn-0d8c5c79d87b5f30,vanilla,0.0328000000990869,0.00039999997625272954,202.24210000003495,202.2753000001103,one shared preloaded model
syn-2b302d8d4702b75b,vanilla,0.03649999996468978,0.0006000000212225132,194.8998999999958,194.9369999999817,one shared preloaded model
syn-dd53354de8cd00c6,vanilla,0.032399999895460496,0.0004999999418942025,198.26710000006642,198.29999999990378,one shared preloaded model
syn-ae1f20ebf18ddedb,vanilla,0.026400000024295878,0.0004999999418942025,197.65959999995175,197.68649999991794,one shared preloaded model
syn-e3a9d1182ee5641f,vanilla,0.024800000005598122,0.0006999999868639861,200.23920000005546,200.26470000004792,one shared preloaded model
syn-4bda76b13e8cf818,vanilla,0.030199999969227065,0.0006000000212225132,198.5353000000032,198.56609999999364,one shared preloaded model
syn-12eab36269130ea5,vanilla,0.03519999995660328,0.0006000000212225132,202.97299999992902,203.00879999990684,one shared preloaded model
syn-637dd8e15770335c,vanilla,0.027499999987412593,0.0006000000212225132,198.73519999998734,198.76329999999598,one shared preloaded model
syn-f0946f3561824cd3,vanilla,0.025300000061179162,0.0006000000212225132,195.59959999992316,195.62550000000556,one shared preloaded model
syn-27cc42527061d886,vanilla,0.024800000005598122,0.00039999997625272954,198.68289999999433,198.70809999997618,one shared preloaded model
syn-fa256f5f1886a0f3,vanilla,0.023700000042481406,0.00040000008993956726,191.43189999999777,191.4560000001302,one shared preloaded model
syn-28cf404c86f22feb,vanilla,0.03229999992981902,0.0006000000212225132,199.2429000000584,199.27580000000944,one shared preloaded model
syn-295f75a8c73a907c,vanilla,0.03340000000662258,0.0006999999868639861,198.1894000000466,198.22350000004008,one shared preloaded model
syn-a3a312c0d7466c28,vanilla,0.026199999979326094,0.0006000000212225132,202.63450000004468,202.66130000004523,one shared preloaded model
syn-3cd6990d63fbe383,vanilla,0.03090000006977789,0.0006000000212225132,201.11820000010994,201.14970000020094,one shared preloaded model
syn-e2473ee10df25b44,vanilla,0.024499999994986865,0.0006999999868639861,202.5128999999879,202.53809999996975,one shared preloaded model
syn-4e91ab66bf320793,vanilla,0.03359999993790552,0.0005000000555810402,198.10919999997623,198.1432999999697,one shared preloaded model
syn-3b1804153fd274a9,vanilla,0.03309999999601132,0.0006999999868639861,200.2128999999968,200.24669999997968,one shared preloaded model
syn-d26871934d18eeb9,vanilla,0.03249999997478881,0.0006999999868639861,198.00820000000385,198.0413999999655,one shared preloaded model
syn-abbc7af43ab942e8,vanilla,0.02689999996619008,0.0006999999868639861,203.15740000000915,203.1849999999622,one shared preloaded model
syn-df0d8ca32875e6f9,vanilla,0.02790000007735216,0.0004999999418942025,210.21889999997256,210.2472999999918,one shared preloaded model
syn-bff5383add606724,vanilla,0.03309999999601132,0.0004999999418942025,195.10520000005727,195.13879999999517,one shared preloaded model
syn-6b96d49b7c661246,vanilla,0.03449999996973929,0.0006000000212225132,199.58619999999883,199.6212999999898,one shared preloaded model
syn-6accd9b1b0371265,vanilla,0.02790000007735216,0.0005999999075356754,200.71020000000317,200.73869999998806,one shared preloaded model
syn-3c985bc64502f79d,vanilla,0.026599999955578824,0.00039999997625272954,193.63290000001143,193.65989999994326,one shared preloaded model
syn-8ae8d50a4f81bf00,vanilla,0.03300000003036985,0.0004999999418942025,199.48349999992843,199.5169999999007,one shared preloaded model
syn-2a7936bb8606e396,vanilla,0.03260000005411712,0.0006000000212225132,198.41250000001764,198.44570000009298,one shared preloaded model
syn-72d01d8b036611a2,vanilla,0.035099999990961805,0.0004999999418942025,203.7727999999106,203.80839999984346,one shared preloaded model
syn-2ef0237652347e1e,vanilla,0.034199999959128036,0.0006999999868639861,197.8646000000026,197.8994999999486,one shared preloaded model
syn-2a55ac2eedf7a009,vanilla,0.029000000040468876,0.0006000000212225132,203.94520000002103,203.97480000008272,one shared preloaded model
syn-c9efc4d9b448370c,vanilla,0.029199999971751822,0.0005999999075356754,197.75010000000748,197.77989999988677,one shared preloaded model
syn-6574558be08f4b1d,vanilla,0.03359999993790552,0.0004999999418942025,206.63790000003246,206.67199999991226,one shared preloaded model
syn-ad27201e8da092ee,vanilla,0.03469999990102224,0.0004999999418942025,195.42620000004263,195.46139999988554,one shared preloaded model
syn-2f4562fb5b6e1003,vanilla,0.03130000004603062,0.0006000000212225132,204.7827999999754,204.81470000004265,one shared preloaded model
syn-ae7a017ce8696d3c,vanilla,0.027700000032382377,0.0005000000555810402,190.3980000000729,190.42620000016086,one shared preloaded model
syn-f827e6fad53674ab,vanilla,0.027300000056129647,0.0006000000212225132,201.06829999997444,201.0962000000518,one shared preloaded model
syn-c8d62d295a3ca10f,vanilla,0.03489999994599202,0.0004999999418942025,197.22279999996317,197.25819999985106,one shared preloaded model
syn-40b7cac8143111e8,vanilla,0.033299999927294266,0.0006000000212225132,199.9934000000394,200.02729999998792,one shared preloaded model
syn-6cf32fbe90cd007a,vanilla,0.028799999995499093,0.0006000000212225132,190.8050000000685,190.83440000008522,one shared preloaded model
syn-3377d3274c60a1f5,vanilla,0.028900000074827403,0.0009000000318337698,207.06190000009883,207.0917000002055,one shared preloaded model
syn-5fd46702d09ae565,vanilla,0.035600000046542846,0.0005000000555810402,191.50200000001405,191.53810000011617,one shared preloaded model
syn-66f8ff1775ac6a98,vanilla,0.02700000004551839,0.0006999999868639861,198.87610000000677,198.90380000003915,one shared preloaded model
syn-3ba580d4e1863727,vanilla,0.034300000038456346,0.0005000000555810402,195.90740000001006,195.9422000001041,one shared preloaded model
syn-1198213e7ed30c70,vanilla,0.029700000027332862,0.0006999999868639861,197.78390000010404,197.81430000011824,one shared preloaded model
syn-3e6c9728007e84fb,vanilla,0.02470000003995665,0.0009000000318337698,192.52619999997478,192.55180000004657,one shared preloaded model
syn-33c7c5daf85e9bfa,vanilla,0.02779999999802385,0.0006999999868639861,191.8423999999277,191.87089999991258,one shared preloaded model
syn-efc04838a1bc5623,vanilla,0.029199999971751822,0.0006000000212225132,203.01529999994727,203.04509999994025,one shared preloaded model
syn-4f3c833d627ef4d2,vanilla,0.032400000009147334,0.0004999999418942025,196.77420000004986,196.8071000000009,one shared preloaded model
syn-539136a050bf636c,vanilla,0.02790000007735216,0.0006999999868639861,195.55479999996805,195.58340000003227,one shared preloaded model
syn-b92c2c7bf6a9ff92,vanilla,0.028100000008635106,0.0005000000555810402,201.90980000006675,201.93840000013097,one shared preloaded model
syn-5dd2cffeb81cd021,vanilla,0.027700000032382377,0.0006000000212225132,197.20810000001165,197.23640000006526,one shared preloaded model
syn-af5d50df4306665c,vanilla,0.023999999939405825,0.0005000000555810402,196.0557999999537,196.0802999999487,one shared preloaded model
syn-6a82adbb938956c9,vanilla,0.02649999998993735,0.0006000000212225132,197.4612999999863,197.48839999999745,one shared preloaded model
syn-7567e9b026919223,vanilla,0.02859999995052931,0.0005000000555810402,197.20170000005055,197.23080000005666,one shared preloaded model
syn-986098b7390f2e8a,vanilla,0.027100000011159864,0.0005999999075356754,197.8301999999985,197.8578999999172,one shared preloaded model
syn-fa2a92d255b5c0b9,vanilla,0.03130000004603062,0.0006000000212225132,197.54229999989548,197.57419999996273,one shared preloaded model
syn-5949ddf795621210,vanilla,0.025300000061179162,0.0006000000212225132,193.80039999998644,193.82630000006884,one shared preloaded model
syn-9e1def135dc2fb17,vanilla,0.03190000006725313,0.0006000000212225132,197.5384000000986,197.57090000018707,one shared preloaded model
syn-b651ce04909b1633,vanilla,0.028699999916170782,0.0005000000555810402,200.08710000001884,200.1162999999906,one shared preloaded model
syn-548d563ebf2632ca,vanilla,0.023999999939405825,0.0005000000555810402,199.3181000000277,199.34260000002268,one shared preloaded model
syn-5d27f3eef785e3f0,vanilla,0.02740000002177112,0.0005000000555810402,197.62349999996331,197.65140000004067,one shared preloaded model
syn-c77ffd513821f0d9,vanilla,0.026300000058654405,0.0006000000212225132,197.51370000005863,197.5406000001385,one shared preloaded model
syn-e5e05b3b05a90b44,vanilla,0.0346000000490676,0.0006000000212225132,203.3237000000554,203.3589000001257,one shared preloaded model
syn-dd842f7938238363,vanilla,0.026199999979326094,0.0006000000212225132,200.721499999986,200.74829999998656,one shared preloaded model
syn-6a198de45ff9f216,vanilla,0.02329999995254184,0.0005999999075356754,201.1989000000085,201.22279999986858,one shared preloaded model
syn-9727a412bf884b91,vanilla,0.024899999971239595,0.0004999999418942025,212.51910000000862,212.54449999992175,one shared preloaded model
syn-026eb39de0a0e851,vanilla,0.032000000032894604,0.0005000000555810402,203.7316999999348,203.76420000002327,one shared preloaded model
syn-8a24c490f66e0d03,window,0.054900000009183714,0.0049999999873762135,467.3790999999028,467.43899999989935,one shared preloaded model
syn-60bdba84d7150097,window,0.0429000000394808,0.004600000011123484,552.9602999999952,553.0078000000458,one shared preloaded model
syn-53ed452583131d31,window,0.04979999994247919,0.003900000024259498,454.56690000003164,454.6205999999984,one shared preloaded model
syn-5b0f4bc9237445b7,window,0.04349999994701648,0.003800000058618025,525.3361000000041,525.3834000000097,one shared preloaded model
syn-13edf32e39fe3765,window,0.04969999997683772,0.0036000000136482413,444.6722000000136,444.7255000000041,one shared preloaded model
syn-b4390d007b5ef7f8,window,0.049600000011196244,0.003999999989900971,454.1736999999557,454.2272999999568,one shared preloaded model
syn-861d036fb5eba4c2,window,0.04720000003999303,0.0036999999792897142,451.8986999999015,451.9495999999208,one shared preloaded model
syn-2540f1cab553a52e,window,0.04999999998744897,0.0033999999686784577,453.88599999989765,453.9393999998538,one shared preloaded model
syn-579e6c88ef0966fc,window,0.05209999994804093,0.0042000000348707545,454.66510000005655,454.72140000003947,one shared preloaded model
syn-969dbbd9bede135e,window,0.04950000004555477,0.003900000024259498,461.6482999999789,461.70170000004873,one shared preloaded model
syn-c10dd64649776fe7,window,0.050899999905595905,0.003800000058618025,456.2824999999293,456.3371999998935,one shared preloaded model
syn-bb14aa81d58f596a,window,0.04899999998997373,0.003900000024259498,577.1169000000782,577.1698000000924,one shared preloaded model
syn-1539909d7d3f1fa2,window,0.043000000005122274,0.0034999999343199306,548.9573999999493,549.0038999998887,one shared preloaded model
syn-71eba46801356739,window,0.05260000000362197,0.003800000058618025,448.4277999999904,448.4842000000526,one shared preloaded model
syn-9de2464dd831978c,window,0.043399999981375004,0.0036000000136482413,425.23769999991146,425.2846999999065,one shared preloaded model
syn-2007ee011a28494d,window,0.048600000013721,0.003900000024259498,455.7435000000396,455.7960000000776,one shared preloaded model
syn-34a2be23fb5d07eb,window,0.05020000003241876,0.003900000024259498,419.84599999989314,419.9000999999498,one shared preloaded model
syn-a90bf50c398f1e86,window,0.04230000001825829,0.003799999944931187,454.37300000003233,454.4190999999955,one shared preloaded model
syn-d7d7cc6bb0d62c01,window,0.048699999979362474,0.0043999999661537,452.21749999996064,452.27059999990615,one shared preloaded model
syn-5393cd085e43abb8,window,0.04200000000764703,0.003900000024259498,456.92429999996875,456.97020000000066,one shared preloaded model
syn-0ad7a8e818b1a5d2,window,0.04820000003746827,0.0033000000030369847,458.3453999999847,458.3969000000252,one shared preloaded model
syn-9114b4cc4d33be2b,window,0.12770000000728032,0.01240000005964248,454.7565000000304,454.89660000009735,one shared preloaded model
syn-db423ff4850b6f09,window,0.04829999988942291,0.007099999947968172,548.6855999999989,548.7409999998363,one shared preloaded model
syn-6fc8aac5c7ba2689,window,0.0747999999930471,0.01059999999597494,470.39940000001934,470.48480000000836,one shared preloaded model
syn-d67359e040231402,window,0.04890000002433226,0.006699999971715442,421.4308999999048,421.48649999990084,one shared preloaded model
syn-9012ae10bb547433,window,0.04799999999249849,0.003999999989900971,459.3442000000323,459.3962000000147,one shared preloaded model
syn-5a6d47d41b8cefc7,window,0.04669999998441199,0.006499999926745659,331.7539999999326,331.80719999984376,one shared preloaded model
syn-0846284ec2ada743,window,0.07440000001679437,0.003999999989900971,449.2685000000165,449.3469000000232,one shared preloaded model
syn-d79ac77e89a7458d,window,0.04859999990003416,0.007000000096013537,454.7208999999839,454.77649999997993,one shared preloaded model
syn-5daf5292727314bf,window,0.04189999992831872,0.003900000024259498,445.5298999999968,445.5756999999494,one shared preloaded model
syn-f1bd6c303029c406,window,0.04679999995005346,0.006799999937356915,454.7819999999092,454.8355999997966,one shared preloaded model
syn-acbc03459113dbbd,window,0.043399999981375004,0.009900000009110954,519.7051000000101,519.7584000000006,one shared preloaded model
syn-2cc0a66e4b65871a,window,0.047900000026857015,0.004699999976764957,548.9142000000129,548.9668000000165,one shared preloaded model
syn-0d8c5c79d87b5f30,window,0.042099999973288504,0.003199999923708674,554.9848999999085,555.0301999998055,one shared preloaded model
syn-2b302d8d4702b75b,window,0.04709999996066472,0.006900000016685226,447.70279999988816,447.7567999998655,one shared preloaded model
syn-dd53354de8cd00c6,window,0.04049999995459075,0.011699999959091656,443.85699999997996,443.90919999989364,one shared preloaded model
syn-ae1f20ebf18ddedb,window,0.04899999998997373,0.007200000027296483,452.1067000000585,452.16290000007575,one shared preloaded model
syn-e3a9d1182ee5641f,window,0.04250000006322807,0.01059999999597494,450.7287000000133,450.7818000000725,one shared preloaded model
syn-4bda76b13e8cf818,window,0.04139999998642452,0.003799999944931187,456.771300000014,456.81649999994534,one shared preloaded model
syn-12eab36269130ea5,window,0.0455000000556538,0.0041000000692292815,455.9825000000046,456.0321000001295,one shared preloaded model
syn-637dd8e15770335c,window,0.04100000001017179,0.0035999998999614036,449.9962999999525,450.04089999986263,one shared preloaded model
syn-f0946f3561824cd3,window,0.04590000003190653,0.003900000024259498,445.47430000000077,445.52410000005693,one shared preloaded model
syn-27cc42527061d886,window,0.039499999957115506,0.003900000024259498,551.7771999999468,551.8205999999282,one shared preloaded model
syn-fa256f5f1886a0f3,window,0.048600000013721,0.003999999989900971,515.0288999999475,515.0814999999511,one shared preloaded model
syn-28cf404c86f22feb,window,0.03790000005210459,0.002999999992425728,420.19249999998465,420.2334000000292,one shared preloaded model
syn-295f75a8c73a907c,window,0.048800000058690784,0.026300000058654405,459.4424000000572,459.51750000017455,one shared preloaded model
syn-a3a312c0d7466c28,window,0.04109999997581326,0.0027999999474559445,357.30179999995926,357.3456999998825,one shared preloaded model
syn-3cd6990d63fbe383,window,0.039500000070802344,0.003900000024259498,459.46839999999156,459.5118000000866,one shared preloaded model
syn-e2473ee10df25b44,window,0.0778999999511143,0.003999999989900971,922.2898000000441,922.3716999999851,one shared preloaded model
syn-4e91ab66bf320793,window,0.045300000010684016,0.0042000000348707545,448.2092000000648,448.25870000011037,one shared preloaded model
syn-3b1804153fd274a9,window,0.04669999998441199,0.0036999999792897142,449.31320000000596,449.36359999996967,one shared preloaded model
syn-d26871934d18eeb9,window,0.04690000002938177,0.0036999999792897142,542.0846999999185,542.1352999999272,one shared preloaded model
syn-abbc7af43ab942e8,window,0.04049999995459075,0.003799999944931187,504.9854999999752,505.02979999987474,one shared preloaded model
syn-df0d8ca32875e6f9,window,0.045800000066265056,0.0036000000136482413,550.7264000000305,550.7758000001104,one shared preloaded model
syn-bff5383add606724,window,0.04879999994500395,0.0036999999792897142,452.20879999999397,452.26129999991826,one shared preloaded model
syn-6b96d49b7c661246,window,0.046499999939442205,0.011000000085914508,448.03349999995135,448.0909999999767,one shared preloaded model
syn-6accd9b1b0371265,window,0.04839999996875122,0.008099999945443415,458.3895999999186,458.44609999983277,one shared preloaded model
syn-3c985bc64502f79d,window,0.058899999999084685,0.009799999929782643,456.93979999998646,457.00849999991533,one shared preloaded model
syn-8ae8d50a4f81bf00,window,0.04890000002433226,0.006699999971715442,468.48910000005617,468.5447000000522,one shared preloaded model
syn-2a7936bb8606e396,window,0.040000000012696546,0.003099999958067201,455.96119999993334,456.0042999999041,one shared preloaded model
syn-72d01d8b036611a2,window,0.04380000007131457,0.003999999989900971,457.05869999994775,457.10650000000896,one shared preloaded model
syn-2ef0237652347e1e,window,0.06770000004507892,0.01150000002780871,544.5962000000009,544.6754000000738,one shared preloaded model
syn-2a55ac2eedf7a009,window,0.046999999995023245,0.006900000016685226,449.2847999999867,449.3386999999984,one shared preloaded model
syn-c9efc4d9b448370c,window,0.04849999993439269,0.0065000000404324965,549.7788999999784,549.8338999999532,one shared preloaded model
syn-6574558be08f4b1d,window,0.045999999997548,0.006699999971715442,456.89360000005763,456.9463000000269,one shared preloaded model
syn-ad27201e8da092ee,window,0.04719999992630619,0.0035000000480067683,456.5542999999934,456.60499999996773,one shared preloaded model
syn-2f4562fb5b6e1003,window,0.041300000020783045,0.012299999980314169,362.0014999999057,362.0550999999068,one shared preloaded model
syn-ae7a017ce8696d3c,window,0.04740000008496281,0.007099999947968172,454.8221000000012,454.87660000003416,one shared preloaded model
syn-f827e6fad53674ab,window,0.045999999997548,0.0036000000136482413,898.8758000000416,898.9254000000528,one shared preloaded model
syn-c8d62d295a3ca10f,window,0.04890000002433226,0.0036000000136482413,454.9355999999989,454.98810000003687,one shared preloaded model
syn-40b7cac8143111e8,window,0.047399999971275975,0.0036999999792897142,449.35210000005554,449.4032000000061,one shared preloaded model
syn-6cf32fbe90cd007a,window,0.045300000010684016,0.006600000006073969,552.732399999968,552.7842999999848,one shared preloaded model
syn-3377d3274c60a1f5,window,0.042899999925793963,0.003099999958067201,538.1949999999733,538.2409999998572,one shared preloaded model
syn-5fd46702d09ae565,window,0.03939999999147403,0.0035999998999614036,455.01469999999244,455.0576999998839,one shared preloaded model
syn-66f8ff1775ac6a98,window,0.04500000000007276,0.0033000000030369847,413.9570999999478,414.0053999999509,one shared preloaded model
syn-3ba580d4e1863727,window,0.046999999995023245,0.003799999944931187,456.9742999999562,457.02509999989616,one shared preloaded model
syn-1198213e7ed30c70,window,0.04579999995257822,0.0036999999792897142,452.6264999999512,452.67599999988306,one shared preloaded model
syn-3e6c9728007e84fb,window,0.03889999993589299,0.003799999944931187,453.1019999999444,453.1446999998252,one shared preloaded model
syn-33c7c5daf85e9bfa,window,0.04769999998188723,0.003800000058618025,460.56639999994786,460.61789999998837,one shared preloaded model
syn-efc04838a1bc5623,window,0.03800000001774606,0.006600000006073969,451.59140000009756,451.6360000001214,one shared preloaded model
syn-4f3c833d627ef4d2,window,0.04490000003443129,0.0036000000136482413,459.72570000003543,459.7742000000835,one shared preloaded model
syn-539136a050bf636c,window,0.04149999995206599,0.0032000000373955118,548.8725999999815,548.917299999971,one shared preloaded model
syn-b92c2c7bf6a9ff92,window,0.04430000001320877,0.0036000000136482413,450.466800000072,450.51470000009886,one shared preloaded model
syn-5dd2cffeb81cd021,window,0.03830000002835732,0.003900000024259498,455.7160000000522,455.7582000001048,one shared preloaded model
syn-af5d50df4306665c,window,0.045300000010684016,0.004099999955542444,449.7349000000668,449.784300000033,one shared preloaded model
syn-6a82adbb938956c9,window,0.046999999995023245,0.0036999999792897142,460.73619999992843,460.78689999990274,one shared preloaded model
syn-7567e9b026919223,window,0.04520000004504254,0.0042000000348707545,456.1878000000661,456.237200000146,one shared preloaded model
syn-986098b7390f2e8a,window,0.04590000003190653,0.004300000000512227,459.18649999998706,459.2367000000195,one shared preloaded model
syn-fa2a92d255b5c0b9,window,0.04650000005312904,0.0036000000136482413,450.70849999990514,450.7585999999719,one shared preloaded model
syn-5949ddf795621210,window,0.04349999994701648,0.010500000030333467,454.12690000000566,454.180899999983,one shared preloaded model
syn-9e1def135dc2fb17,window,0.04320000005009206,0.003900000024259498,456.408300000021,456.4554000000953,one shared preloaded model
syn-b651ce04909b1633,window,0.039600000036443816,0.004300000000512227,454.18449999999666,454.2284000000336,one shared preloaded model
syn-548d563ebf2632ca,window,0.04269999999451102,0.0074999999242209014,520.5343000000084,520.5844999999272,one shared preloaded model
syn-5d27f3eef785e3f0,window,0.04500000000007276,0.006900000016685226,532.0173999999724,532.0692999999892,one shared preloaded model
syn-c77ffd513821f0d9,window,0.04400000000259752,0.0035000000480067683,417.83750000001874,417.88500000006934,one shared preloaded model
syn-e5e05b3b05a90b44,window,0.039500000070802344,0.0041000000692292815,456.472700000063,456.51630000020305,one shared preloaded model
syn-dd842f7938238363,window,0.04520000004504254,0.005900000019209983,452.22689999991417,452.2779999999784,one shared preloaded model
syn-6a198de45ff9f216,window,0.043399999981375004,0.003799999944931187,453.42679999998836,453.47399999991467,one shared preloaded model
syn-9727a412bf884b91,window,0.03959999992275698,0.0036999999792897142,452.4463000000196,452.48959999992167,one shared preloaded model
syn-026eb39de0a0e851,window,0.04539999997632549,0.0034999999343199306,458.2243000000972,458.2732000000078,one shared preloaded model
syn-8a24c490f66e0d03,rag,286.2623999999414,24.603599999977632,381.5021999999999,692.3681999999189,one shared preloaded model
syn-60bdba84d7150097,rag,23.2447000000775,8.643399999982648,363.7015000000474,395.58960000010757,one shared preloaded model
syn-53ed452583131d31,rag,22.73769999999331,5.040900000039983,326.59179999996013,354.3703999999934,one shared preloaded model
syn-5b0f4bc9237445b7,rag,24.230499999930544,4.897899999946276,327.8186000000005,356.94699999987733,one shared preloaded model
syn-13edf32e39fe3765,rag,22.059299999909854,4.091700000003584,243.2291999999734,269.3801999998868,one shared preloaded model
syn-b4390d007b5ef7f8,rag,20.94920000001821,6.7879000000630185,311.4186000000245,339.15570000010575,one shared preloaded model
syn-861d036fb5eba4c2,rag,21.89260000000104,8.585400000015397,166.5662999999995,197.04430000001594,one shared preloaded model
syn-2540f1cab553a52e,rag,35.70669999999154,5.9908000000632455,599.181700000031,640.8792000000858,one shared preloaded model
syn-579e6c88ef0966fc,rag,23.048399999993308,4.793800000015835,615.3347000000622,643.1769000000713,one shared preloaded model
syn-969dbbd9bede135e,rag,20.917100000019673,5.288700000050994,341.15170000006856,367.3575000001392,one shared preloaded model
syn-c10dd64649776fe7,rag,22.727199999962977,4.898900000057438,338.63899999994374,366.26509999996415,one shared preloaded model
syn-bb14aa81d58f596a,rag,22.720800000001873,6.894099999954051,387.4073000000635,417.02220000001944,one shared preloaded model
syn-1539909d7d3f1fa2,rag,23.740000000088912,4.006800000070143,325.0988000000916,352.84560000025067,one shared preloaded model
syn-71eba46801356739,rag,22.758000000067113,4.871600000001308,345.84540000003017,373.4750000000986,one shared preloaded model
syn-9de2464dd831978c,rag,20.156000000042695,7.17429999997421,284.77269999996224,312.10299999997915,one shared preloaded model
syn-2007ee011a28494d,rag,20.590500000025713,8.33460000001196,399.9413999999888,428.86650000002646,one shared preloaded model
syn-34a2be23fb5d07eb,rag,22.570900000005167,8.495199999970282,170.8198999999695,201.88599999994494,one shared preloaded model
syn-a90bf50c398f1e86,rag,30.68580000001475,5.058400000052643,350.6439999999884,386.3882000000558,one shared preloaded model
syn-d7d7cc6bb0d62c01,rag,22.23140000000967,8.376399999974637,578.8485000000492,609.4563000000335,one shared preloaded model
syn-5393cd085e43abb8,rag,21.980500000040593,4.964800000038849,263.66570000004685,290.6110000001263,one shared preloaded model
syn-0ad7a8e818b1a5d2,rag,22.346700000070996,8.582400000022972,312.64809999993304,343.577200000027,one shared preloaded model
syn-9114b4cc4d33be2b,rag,24.876700000049823,5.206399999906353,357.4338999999327,387.51699999988887,one shared preloaded model
syn-db423ff4850b6f09,rag,21.79569999998421,5.0066000000015265,339.2792999999301,366.08159999991585,one shared preloaded model
syn-6fc8aac5c7ba2689,rag,21.777599999950326,5.22000000000844,328.4228999999641,355.42049999992287,one shared preloaded model
syn-d67359e040231402,rag,21.295900000041,8.407099999999446,281.8581000000222,311.56110000006265,one shared preloaded model
syn-9012ae10bb547433,rag,21.493500000019594,4.779299999995601,374.3991000000051,400.6719000000203,one shared preloaded model
syn-5a6d47d41b8cefc7,rag,22.065399999974034,5.218099999979131,161.55140000000756,188.83489999996073,one shared preloaded model
syn-0846284ec2ada743,rag,32.54159999994499,9.04430000002776,361.6917999999032,403.27769999987595,one shared preloaded model
syn-d79ac77e89a7458d,rag,21.907399999918198,8.348699999942255,617.1759000000065,647.431999999867,one shared preloaded model
syn-5daf5292727314bf,rag,23.351400000024114,8.291800000051808,277.08510000002207,308.728300000098,one shared preloaded model
syn-f1bd6c303029c406,rag,22.88140000007388,7.590000000050168,362.6784000000498,393.14980000017385,one shared preloaded model
syn-acbc03459113dbbd,rag,24.053700000081335,4.935499999987769,324.63749999999436,353.62670000006347,one shared preloaded model
syn-2cc0a66e4b65871a,rag,21.698000000014872,8.296200000017961,369.4509999999127,399.44519999994554,one shared preloaded model
syn-0d8c5c79d87b5f30,rag,22.083800000018527,5.956299999979819,347.78730000005,375.8274000000483,one shared preloaded model
syn-2b302d8d4702b75b,rag,22.98680000001241,8.165200000007644,268.45700000001216,299.6090000000322,one shared preloaded model
syn-dd53354de8cd00c6,rag,21.217099999944367,5.290200000104051,334.98469999994995,361.49199999999837,one shared preloaded model
syn-ae1f20ebf18ddedb,rag,20.42319999998199,8.353900000088288,149.75160000005872,178.528700000129,one shared preloaded model
syn-e3a9d1182ee5641f,rag,37.36509999998816,8.527200000003177,380.7125000000724,426.60480000006373,one shared preloaded model
syn-4bda76b13e8cf818,rag,21.72029999996994,8.223799999996118,574.5026999999254,604.4467999998915,one shared preloaded model
syn-12eab36269130ea5,rag,22.56390000002284,8.1351999999697,371.6759000000138,402.37500000000637,one shared preloaded model
syn-637dd8e15770335c,rag,22.75570000006155,4.664900000079797,326.5117000000828,353.93230000022413,one shared preloaded model
syn-f0946f3561824cd3,rag,22.3587000000407,8.452099999999518,402.2026000000096,433.01340000004984,one shared preloaded model
syn-27cc42527061d886,rag,22.310599999968872,8.103200000050492,354.0515999999343,384.46539999995366,one shared preloaded model
syn-fa256f5f1886a0f3,rag,27.912099999980455,5.442799999968884,323.43089999994845,356.7857999998978,one shared preloaded model
syn-28cf404c86f22feb,rag,22.879999999986467,8.149600000024293,282.1362999999337,313.1658999999445,one shared preloaded model
syn-295f75a8c73a907c,rag,21.5818000000354,4.947700000002442,332.47160000007625,359.0011000001141,one shared preloaded model
syn-a3a312c0d7466c28,rag,21.888600000011138,4.554600000005848,157.46839999997064,183.91159999998763,one shared preloaded model
syn-3cd6990d63fbe383,rag,37.42130000000543,8.531500000003689,360.2151000000049,406.167900000014,one shared preloaded model
syn-e2473ee10df25b44,rag,20.069100000000617,8.402499999988322,657.4029999999311,685.8745999999201,one shared preloaded model
syn-4e91ab66bf320793,rag,22.651499999938096,8.433799999920666,364.7134999999935,395.79879999985224,one shared preloaded model
syn-3b1804153fd274a9,rag,21.862599999963095,4.743299999972805,325.64479999996365,352.25069999989955,one shared preloaded model
syn-d26871934d18eeb9,rag,21.280700000033903,3.965399999970032,370.02350000000206,395.269600000006,one shared preloaded model
syn-abbc7af43ab942e8,rag,22.191399999996975,4.5295999999552805,339.58050000001094,366.3014999999632,one shared preloaded model
syn-df0d8ca32875e6f9,rag,25.847200000043813,9.217300000045725,377.215000000092,412.27950000018154,one shared preloaded model
syn-bff5383add606724,rag,21.90589999997883,4.837899999984074,256.44790000001194,283.19169999997484,one shared preloaded model
syn-6b96d49b7c661246,rag,20.625399999971705,4.425499999911153,347.3387999999886,372.3896999998715,one shared preloaded model
syn-6accd9b1b0371265,rag,20.536799999945288,5.503900000007889,172.0606000000089,198.10129999996207,one shared preloaded model
syn-3c985bc64502f79d,rag,29.70310000000609,4.45039999999608,365.6687000000147,399.8222000000169,one shared preloaded model
syn-8ae8d50a4f81bf00,rag,23.35460000006151,4.747800000018287,581.3265000000456,609.4289000001254,one shared preloaded model
syn-2a7936bb8606e396,rag,22.987800000009884,9.25259999996797,364.4727000000785,396.71310000005633,one shared preloaded model
syn-72d01d8b036611a2,rag,22.310800000013842,4.883199999994758,370.36330000000817,397.55730000001677,one shared preloaded model
syn-2ef0237652347e1e,rag,20.884700000010525,8.5510000000113,366.7404999999917,396.1762000000135,one shared preloaded model
syn-2a55ac2eedf7a009,rag,21.27229999996416,8.505800000079944,344.5394999999962,374.31760000004033,one shared preloaded model
syn-c9efc4d9b448370c,rag,23.584899999946174,4.999099999963619,317.991099999972,346.5750999998818,one shared preloaded model
syn-6574558be08f4b1d,rag,22.54619999996521,6.351599999902646,265.4414999999517,294.33929999981956,one shared preloaded model
syn-ad27201e8da092ee,rag,21.00170000005619,4.954900000029738,355.92669999994087,381.8833000000268,one shared preloaded model
syn-2f4562fb5b6e1003,rag,21.860899999978756,8.351700000048368,186.80769999991753,217.02029999994465,one shared preloaded model
syn-ae7a017ce8696d3c,rag,22.694600000022547,5.27769999996508,371.4056000000028,399.3778999999904,one shared preloaded model
syn-f827e6fad53674ab,rag,20.915700000045945,5.037399999991976,574.1566000000375,600.1097000000755,one shared preloaded model
syn-c8d62d295a3ca10f,rag,30.622800000060124,5.63929999998436,335.4018999999653,371.66400000000976,one shared preloaded model
syn-40b7cac8143111e8,rag,21.360400000048685,5.211400000007416,330.2411000000802,356.8129000001363,one shared preloaded model
syn-6cf32fbe90cd007a,rag,22.139599999945858,4.68609999995806,353.0123000000458,379.8379999999497,one shared preloaded model
syn-3377d3274c60a1f5,rag,26.400299999977506,7.928900000024441,379.9297000000479,414.25890000004983,one shared preloaded model
syn-5fd46702d09ae565,rag,21.557599999937338,4.254599999967468,359.097399999996,384.9095999999008,one shared preloaded model
syn-66f8ff1775ac6a98,rag,20.660600000041995,8.468499999935375,285.67039999995814,314.7994999999355,one shared preloaded model
syn-3ba580d4e1863727,rag,22.506700000008095,8.53570000003856,361.40480000005937,392.447200000106,one shared preloaded model
syn-1198213e7ed30c70,rag,22.371200000065983,8.456799999976283,168.81530000000566,199.64330000004793,one shared preloaded model
syn-3e6c9728007e84fb,rag,33.69899999995596,5.401000000006206,353.3409000000347,392.4408999999969,one shared preloaded model
syn-33c7c5daf85e9bfa,rag,23.200999999971827,5.34770000001572,577.1962999999687,605.7449999999562,one shared preloaded model
syn-efc04838a1bc5623,rag,20.904500000028747,5.010099999935846,360.77610000006644,386.69070000003103,one shared preloaded model
syn-4f3c833d627ef4d2,rag,22.208700000078352,8.33680000005188,293.9532999999983,324.49880000012854,one shared preloaded model
syn-539136a050bf636c,rag,22.56569999997282,4.712100000006103,367.9918999999927,395.26969999997164,one shared preloaded model
syn-b92c2c7bf6a9ff92,rag,22.88579999992635,8.134100000006583,338.84249999994154,369.86239999987447,one shared preloaded model
syn-5dd2cffeb81cd021,rag,22.817700000018704,8.252800000036586,352.37000000006446,383.44050000011975,one shared preloaded model
syn-af5d50df4306665c,rag,20.36359999999604,4.591300000015508,262.6099000000295,287.56480000004103,one shared preloaded model
syn-6a82adbb938956c9,rag,21.666999999979453,4.935200000090845,379.34470000004694,405.94690000011724,one shared preloaded model
syn-7567e9b026919223,rag,20.83119999997507,5.063599999971302,121.19189999998525,147.08669999993162,one shared preloaded model
syn-986098b7390f2e8a,rag,33.296600000085164,7.343099999957303,320.51239999998415,361.1521000000266,one shared preloaded model
syn-fa2a92d255b5c0b9,rag,20.912199999997938,4.905000000007931,616.5982999999642,642.41549999997,one shared preloaded model
syn-5949ddf795621210,rag,21.446699999955854,4.739299999982904,344.6301000000176,370.81609999995635,one shared preloaded model
syn-9e1def135dc2fb17,rag,25.495800000044255,5.737800000019888,329.95740000001206,361.1910000000762,one shared preloaded model
syn-b651ce04909b1633,rag,21.425899999940157,4.599999999982174,371.3632999999845,397.38919999990685,one shared preloaded model
syn-548d563ebf2632ca,rag,24.821700000074998,4.97799999993731,324.03099999999085,353.83070000000316,one shared preloaded model
syn-5d27f3eef785e3f0,rag,20.95530000008239,7.587700000044606,338.8877999999522,367.4308000000792,one shared preloaded model
syn-c77ffd513821f0d9,rag,19.95529999999235,4.439800000000105,257.7885000000606,282.18360000005305,one shared preloaded model
syn-e5e05b3b05a90b44,rag,20.46660000007705,5.198000000063985,364.4742999999835,390.1389000001245,one shared preloaded model
syn-dd842f7938238363,rag,20.785700000033103,8.053300000028685,175.73830000003454,204.57730000009633,one shared preloaded model
syn-6a198de45ff9f216,rag,30.75950000004468,5.2319000000125016,340.4579000000467,376.4493000001039,one shared preloaded model
syn-9727a412bf884b91,rag,20.842000000016014,6.974200000058772,568.939099999966,596.7553000000407,one shared preloaded model
syn-026eb39de0a0e851,rag,21.78300000002764,5.257899999946858,253.14939999998387,280.19029999995837,one shared preloaded model
syn-8a24c490f66e0d03,pure_liquid,146.7132999999876,45.611900000039896,126.39489999992293,318.72009999995043,one shared preloaded model
syn-60bdba84d7150097,pure_liquid,113.5845999999674,8.52539999993951,176.52109999994536,298.63109999985227,one shared preloaded model
syn-53ed452583131d31,pure_liquid,82.03370000001087,6.852200000025732,150.41150000001835,239.29740000005495,one shared preloaded model
syn-5b0f4bc9237445b7,pure_liquid,121.40390000001844,8.721499999978732,154.49539999997342,284.6207999999706,one shared preloaded model
syn-13edf32e39fe3765,pure_liquid,111.70279999998911,5.998599999998078,116.26320000004853,233.96460000003572,one shared preloaded model
syn-b4390d007b5ef7f8,pure_liquid,92.28169999994407,6.835799999976189,91.44560000004276,190.56309999996301,one shared preloaded model
syn-861d036fb5eba4c2,pure_liquid,116.6109000000688,10.44190000004619,180.60370000000603,307.656500000121,one shared preloaded model
syn-2540f1cab553a52e,pure_liquid,82.19080000003487,11.21530000000348,385.13750000004165,478.54360000008,one shared preloaded model
syn-579e6c88ef0966fc,pure_liquid,107.58900000007543,10.552999999958956,119.45009999999456,237.59210000002895,one shared preloaded model
syn-969dbbd9bede135e,pure_liquid,89.42220000005818,10.116600000060316,241.38700000003155,340.92580000015005,one shared preloaded model
syn-c10dd64649776fe7,pure_liquid,80.36409999999705,10.511699999938173,110.83560000008674,201.71140000002197,one shared preloaded model
syn-bb14aa81d58f596a,pure_liquid,106.37980000001335,9.66229999994539,181.70439999994414,297.7464999999029,one shared preloaded model
syn-1539909d7d3f1fa2,pure_liquid,101.19620000000396,10.255099999994854,136.955999999941,248.40729999993982,one shared preloaded model
syn-71eba46801356739,pure_liquid,95.71849999997539,7.255899999904614,147.85029999995913,250.82469999983914,one shared preloaded model
syn-9de2464dd831978c,pure_liquid,119.89019999998618,12.079399999947782,105.43270000005123,237.4022999999852,one shared preloaded model
syn-2007ee011a28494d,pure_liquid,109.39750000000004,6.36999999994714,114.35599999992974,230.1234999998769,one shared preloaded model
syn-34a2be23fb5d07eb,pure_liquid,99.52399999997397,9.984400000007554,171.56599999998434,281.07439999996586,one shared preloaded model
syn-a90bf50c398f1e86,pure_liquid,94.90149999999176,10.668699999996534,567.3884999999927,672.958699999981,one shared preloaded model
syn-d7d7cc6bb0d62c01,pure_liquid,81.1985000000277,9.748399999921276,194.08359999999902,285.030499999948,one shared preloaded model
syn-5393cd085e43abb8,pure_liquid,101.22809999995752,10.033099999986916,120.13759999990725,231.3987999998517,one shared preloaded model
syn-0ad7a8e818b1a5d2,pure_liquid,127.76609999991706,9.479400000032001,182.1224999999913,319.36799999994037,one shared preloaded model
syn-9114b4cc4d33be2b,pure_liquid,97.06870000002255,10.046900000020287,126.23819999998886,233.3538000000317,one shared preloaded model
syn-db423ff4850b6f09,pure_liquid,97.99129999998968,6.681100000037077,108.81299999994098,213.48539999996774,one shared preloaded model
syn-6fc8aac5c7ba2689,pure_liquid,112.00129999997444,10.529300000030162,90.47520000001441,213.005800000019,one shared preloaded model
syn-d67359e040231402,pure_liquid,110.01920000001064,10.146999999960826,121.52949999995144,241.6956999999229,one shared preloaded model
syn-9012ae10bb547433,pure_liquid,99.10979999995106,10.005599999999504,101.37720000000172,210.4925999999523,one shared preloaded model
syn-5a6d47d41b8cefc7,pure_liquid,114.43559999997888,10.310900000035872,193.98569999998472,318.73219999999947,one shared preloaded model
syn-0846284ec2ada743,pure_liquid,78.78629999993336,11.284899999964182,623.150100000089,713.2212999999865,one shared preloaded model
syn-d79ac77e89a7458d,pure_liquid,105.61920000009195,5.698199999983444,233.61640000007355,344.93380000014895,one shared preloaded model
syn-5daf5292727314bf,pure_liquid,74.31020000001354,9.957100000065111,226.6332000000375,310.90050000011615,one shared preloaded model
syn-f1bd6c303029c406,pure_liquid,75.34839999993892,6.703300000026502,99.56879999992907,181.6204999998945,one shared preloaded model
syn-acbc03459113dbbd,pure_liquid,122.4322000000484,7.210299999997005,119.72220000006928,249.36470000011468,one shared preloaded model
syn-2cc0a66e4b65871a,pure_liquid,118.27869999990526,7.238999999913176,124.6757000000116,250.19339999983004,one shared preloaded model
syn-0d8c5c79d87b5f30,pure_liquid,116.24659999995401,6.907400000045527,144.20619999998507,267.3601999999846,one shared preloaded model
syn-2b302d8d4702b75b,pure_liquid,109.04700000003231,10.150400000043192,123.72759999993832,242.92500000001382,one shared preloaded model
syn-dd53354de8cd00c6,pure_liquid,112.41350000000239,6.754300000011426,120.31339999998636,239.48120000000017,one shared preloaded model
syn-ae1f20ebf18ddedb,pure_liquid,111.50829999996859,10.074699999904624,159.50310000005175,281.08609999992495,one shared preloaded model
syn-e3a9d1182ee5641f,pure_liquid,116.36240000007092,9.639900000024682,351.4364000000114,477.438700000107,one shared preloaded model
syn-4bda76b13e8cf818,pure_liquid,74.70109999997021,6.622499999934917,116.90090000001874,198.22449999992386,one shared preloaded model
syn-12eab36269130ea5,pure_liquid,107.69230000005336,6.036499999936495,118.19769999999608,231.92649999998594,one shared preloaded model
syn-637dd8e15770335c,pure_liquid,121.716900000024,10.554200000001401,132.64120000008006,264.91230000010546,one shared preloaded model
syn-f0946f3561824cd3,pure_liquid,99.08230000007734,11.292899999943984,178.06579999989935,288.4409999999207,one shared preloaded model
syn-27cc42527061d886,pure_liquid,82.29260000007343,6.734499999993204,118.73419999994894,207.76130000001558,one shared preloaded model
syn-fa256f5f1886a0f3,pure_liquid,99.34480000003987,6.783000000041284,120.82359999999426,226.9514000000754,one shared preloaded model
syn-28cf404c86f22feb,pure_liquid,100.47910000002958,10.158899999964888,142.56870000008348,253.20670000007794,one shared preloaded model
syn-295f75a8c73a907c,pure_liquid,117.2986999999921,6.761099999948783,121.13059999990128,245.19039999984216,one shared preloaded model
syn-a3a312c0d7466c28,pure_liquid,111.23659999998381,5.904699999973673,159.0036999999711,276.1449999999286,one shared preloaded model
syn-3cd6990d63fbe383,pure_liquid,103.84319999991476,10.921900000084861,507.1343000000752,621.8994000000748,one shared preloaded model
syn-e2473ee10df25b44,pure_liquid,106.5593999999237,10.14020000002347,274.76629999989655,391.4658999998437,one shared preloaded model
syn-4e91ab66bf320793,pure_liquid,95.10150000005524,6.780000000048858,116.78619999997863,218.66770000008273,one shared preloaded model
syn-3b1804153fd274a9,pure_liquid,123.0855999999676,5.787900000086665,106.86590000000251,235.73940000005678,one shared preloaded model
syn-d26871934d18eeb9,pure_liquid,113.02599999999074,10.431399999902169,133.41030000003684,256.86769999992975,one shared preloaded model
syn-abbc7af43ab942e8,pure_liquid,85.5017000000089,10.619799999972201,108.65950000004432,204.78100000002541,one shared preloaded model
syn-df0d8ca32875e6f9,pure_liquid,119.29480000003423,6.6466000000673375,141.7966000000206,267.73800000012216,one shared preloaded model
syn-bff5383add606724,pure_liquid,91.19720000001053,6.102499999997235,133.91220000005433,231.2119000000621,one shared preloaded model
syn-6b96d49b7c661246,pure_liquid,140.48840000009477,10.81520000002456,107.66850000004524,258.9721000001646,one shared preloaded model
syn-6accd9b1b0371265,pure_liquid,120.35119999995914,6.884200000058627,158.07170000005044,285.3071000000682,one shared preloaded model
syn-3c985bc64502f79d,pure_liquid,109.30670000004739,7.279100000005201,390.45900000007805,507.04480000013064,one shared preloaded model
syn-8ae8d50a4f81bf00,pure_liquid,79.28579999997964,7.041899999990164,118.27560000006088,204.60330000003069,one shared preloaded model
syn-2a7936bb8606e396,pure_liquid,119.390199999998,10.311499999943408,101.36710000006133,231.06880000000274,one shared preloaded model
syn-72d01d8b036611a2,pure_liquid,112.01379999999972,8.141199999954551,170.71199999998043,290.8669999999347,one shared preloaded model
syn-2ef0237652347e1e,pure_liquid,94.71629999995912,10.327100000040446,173.9348000000973,278.9782000000969,one shared preloaded model
syn-2a55ac2eedf7a009,pure_liquid,114.09100000003036,8.276499999965381,119.35689999995702,241.72439999995277,one shared preloaded model
syn-c9efc4d9b448370c,pure_liquid,108.67149999990033,10.450799999944138,173.7794999999096,292.9017999997541,one shared preloaded model
syn-6574558be08f4b1d,pure_liquid,94.79060000001027,6.966099999999642,96.29950000010012,198.05620000011004,one shared preloaded model
syn-ad27201e8da092ee,pure_liquid,122.29409999997642,6.827000000043881,124.91890000001149,254.0400000000318,one shared preloaded model
syn-2f4562fb5b6e1003,pure_liquid,112.18269999994845,10.37989999997535,173.07559999994737,295.6381999998712,one shared preloaded model
syn-ae7a017ce8696d3c,pure_liquid,114.6717000000308,11.09699999994973,417.8048999999646,543.5735999999451,one shared preloaded model
syn-f827e6fad53674ab,pure_liquid,119.7809000000234,10.581600000023172,271.04529999996885,401.4078000000154,one shared preloaded model
syn-c8d62d295a3ca10f,pure_liquid,109.73630000000867,6.628299999988485,85.1242999999613,201.48889999995845,one shared preloaded model
syn-40b7cac8143111e8,pure_liquid,107.98690000001443,6.980999999996129,157.78320000003987,272.7511000000504,one shared preloaded model
syn-6cf32fbe90cd007a,pure_liquid,116.64870000004157,10.796099999993203,155.45010000005277,282.89490000008755,one shared preloaded model
syn-3377d3274c60a1f5,pure_liquid,112.26800000008552,7.208999999988919,131.29099999991922,250.76799999999366,one shared preloaded model
syn-5fd46702d09ae565,pure_liquid,132.4839000000111,10.200499999996282,136.13499999996748,278.81939999997485,one shared preloaded model
syn-66f8ff1775ac6a98,pure_liquid,107.84459999990759,6.8241999999827385,120.11600000005274,234.78479999994306,one shared preloaded model
syn-3ba580d4e1863727,pure_liquid,126.36610000004111,10.876100000018596,157.23579999996673,294.47800000002644,one shared preloaded model
syn-1198213e7ed30c70,pure_liquid,148.33070000008775,11.12080000007154,214.52960000010535,373.98110000026463,one shared preloaded model
syn-3e6c9728007e84fb,pure_liquid,105.43230000007497,11.187999999947351,420.6428999999616,537.263199999984,one shared preloaded model
syn-33c7c5daf85e9bfa,pure_liquid,113.11130000001413,10.551800000030198,336.9731000000229,460.6362000000672,one shared preloaded model
syn-efc04838a1bc5623,pure_liquid,108.22540000003755,6.788400000004913,96.18479999994634,211.1985999999888,one shared preloaded model
syn-4f3c833d627ef4d2,pure_liquid,131.96879999998146,11.104499999987638,113.91749999995682,256.9907999999259,one shared preloaded model
syn-539136a050bf636c,pure_liquid,126.38930000002802,10.963500000002568,125.92250000000149,263.2753000000321,one shared preloaded model
syn-b92c2c7bf6a9ff92,pure_liquid,111.16789999994126,7.294599999909224,118.5666000000083,237.02909999985877,one shared preloaded model
syn-5dd2cffeb81cd021,pure_liquid,129.23320000004423,10.601400000041394,195.0722000000269,334.9068000001125,one shared preloaded model
syn-af5d50df4306665c,pure_liquid,113.86860000004617,10.526099999992766,124.92059999999583,249.31530000003477,one shared preloaded model
syn-6a82adbb938956c9,pure_liquid,109.57789999997658,10.521999999923537,141.40689999999267,261.5067999998928,one shared preloaded model
syn-7567e9b026919223,pure_liquid,124.29239999994479,10.66009999999551,200.5556000000297,335.50809999997,one shared preloaded model
syn-986098b7390f2e8a,pure_liquid,89.55780000007962,9.514999999964857,136.0899999999674,235.16280000001188,one shared preloaded model
syn-fa2a92d255b5c0b9,pure_liquid,93.93080000006648,10.340799999994488,427.3316999999679,531.6033000000289,one shared preloaded model
syn-5949ddf795621210,pure_liquid,105.74780000001738,9.199299999977484,99.63740000000598,214.58450000000084,one shared preloaded model
syn-9e1def135dc2fb17,pure_liquid,86.54290000004039,6.687600000077509,120.75259999994614,213.98310000006404,one shared preloaded model
syn-b651ce04909b1633,pure_liquid,112.54439999993338,7.055799999989176,157.94300000004569,277.54319999996824,one shared preloaded model
syn-548d563ebf2632ca,pure_liquid,132.908499999985,10.937699999999495,204.96140000000196,348.80759999998645,one shared preloaded model
syn-5d27f3eef785e3f0,pure_liquid,116.08130000001893,10.837400000013986,204.08660000009604,331.00530000012895,one shared preloaded model
syn-c77ffd513821f0d9,pure_liquid,105.24570000006861,7.285600000045633,109.32339999999385,221.8547000001081,one shared preloaded model
syn-e5e05b3b05a90b44,pure_liquid,104.05819999994037,7.588299999952142,102.30359999991379,213.9500999998063,one shared preloaded model
syn-dd842f7938238363,pure_liquid,117.12729999999283,10.521199999971032,197.93370000002142,325.5821999999853,one shared preloaded model
syn-6a198de45ff9f216,pure_liquid,135.13490000002548,10.946900000021742,206.30390000007992,352.38570000012714,one shared preloaded model
syn-9727a412bf884b91,pure_liquid,98.73970000001009,8.937199999991208,277.0730000000867,384.749900000088,one shared preloaded model
syn-026eb39de0a0e851,pure_liquid,79.96900000000551,6.679999999960273,137.95829999992293,224.6072999998887,one shared preloaded model
syn-8a24c490f66e0d03,lexical_only,39.589599999999336,8.788299999991978,390.8183999999437,439.19629999993504,one shared preloaded model
syn-60bdba84d7150097,lexical_only,44.291100000009465,6.018799999992552,430.9657999999672,481.2756999999692,one shared preloaded model
syn-53ed452583131d31,lexical_only,41.69080000008307,5.407399999967311,345.4175999999052,392.51579999995556,one shared preloaded model
syn-5b0f4bc9237445b7,lexical_only,42.56209999994098,9.30289999996603,351.30309999999554,403.16809999990255,one shared preloaded model
syn-13edf32e39fe3765,lexical_only,45.54089999999178,8.60130000000936,265.5514000000494,319.69360000005054,one shared preloaded model
syn-b4390d007b5ef7f8,lexical_only,40.58570000006512,5.321099999946455,430.4586000000654,476.365400000077,one shared preloaded model
syn-861d036fb5eba4c2,lexical_only,45.84230000000389,8.317799999986164,183.36539999995694,237.525499999947,one shared preloaded model
syn-2540f1cab553a52e,lexical_only,38.62099999992097,5.547200000023622,477.0551000000296,521.2232999999742,one shared preloaded model
syn-579e6c88ef0966fc,lexical_only,48.23390000001382,8.590799999979026,878.6608000000342,935.4855000000271,one shared preloaded model
syn-969dbbd9bede135e,lexical_only,39.01630000007117,5.1327999999557505,407.4889000000894,451.63800000011634,one shared preloaded model
syn-c10dd64649776fe7,lexical_only,45.83880000006957,8.537300000057257,372.7986000000101,427.1747000001369,one shared preloaded model
syn-bb14aa81d58f596a,lexical_only,40.34769999998389,8.921399999962887,395.38629999992736,444.65539999987413,one shared preloaded model
syn-1539909d7d3f1fa2,lexical_only,45.188900000084686,6.305200000042532,422.1082999999908,473.602400000118,one shared preloaded model
syn-71eba46801356739,lexical_only,43.29140000004372,6.200400000011541,390.7583999999815,440.2502000000368,one shared preloaded model
syn-9de2464dd831978c,lexical_only,41.24659999990854,8.579599999961829,295.12879999992947,344.95499999979984,one shared preloaded model
syn-2007ee011a28494d,lexical_only,41.596300000037445,4.057399999965128,466.9684000000416,512.6221000000442,one shared preloaded model
syn-34a2be23fb5d07eb,lexical_only,38.56389999998555,6.0336999999890395,167.18140000000403,211.77899999997862,one shared preloaded model
syn-a90bf50c398f1e86,lexical_only,45.28860000004897,8.665500000006432,443.96050000000287,497.9146000000583,one shared preloaded model
syn-d7d7cc6bb0d62c01,lexical_only,43.99449999993976,5.860600000005434,627.1600000000035,677.0150999999487,one shared preloaded model
syn-5393cd085e43abb8,lexical_only,44.355200000040895,8.306899999979578,436.81630000003224,489.4784000000527,one shared preloaded model
syn-0ad7a8e818b1a5d2,lexical_only,46.22910000000502,8.837900000003174,377.7299999999286,432.7969999999368,one shared preloaded model
syn-9114b4cc4d33be2b,lexical_only,41.39229999998406,8.776699999998527,409.8105000000487,459.9795000000313,one shared preloaded model
syn-db423ff4850b6f09,lexical_only,44.6170999999822,8.218599999963772,408.61689999997,461.45259999991595,one shared preloaded model
syn-6fc8aac5c7ba2689,lexical_only,44.36550000002626,9.336999999959517,403.5176000001002,457.22010000008595,one shared preloaded model
syn-d67359e040231402,lexical_only,46.59989999993286,9.374200000024757,343.1272999999919,399.10139999994954,one shared preloaded model
syn-9012ae10bb547433,lexical_only,44.207899999946676,8.960200000046825,433.5403000000042,486.7083999999977,one shared preloaded model
syn-5a6d47d41b8cefc7,lexical_only,40.40780000002542,5.36099999999351,183.27579999993304,229.04459999995197,one shared preloaded model
syn-0846284ec2ada743,lexical_only,43.13860000002023,9.63169999999991,444.16420000004564,496.9345000000658,one shared preloaded model
syn-d79ac77e89a7458d,lexical_only,45.87740000010854,5.64719999999852,769.5390000000089,821.0636000001159,one shared preloaded model
syn-5daf5292727314bf,lexical_only,43.04549999994833,8.342999999968015,339.11399999999503,390.5024999999114,one shared preloaded model
syn-f1bd6c303029c406,lexical_only,45.35050000004048,8.161599999993996,389.88289999997505,443.39500000000953,one shared preloaded model
syn-acbc03459113dbbd,lexical_only,41.11620000003313,8.047600000054445,365.4450999999881,414.60890000007566,one shared preloaded model
syn-2cc0a66e4b65871a,lexical_only,43.28270000007706,8.429100000057588,438.5709000000588,490.2827000001935,one shared preloaded model
syn-0d8c5c79d87b5f30,lexical_only,45.74860000002445,9.794099999908212,458.3246000000827,513.8673000000153,one shared preloaded model
syn-2b302d8d4702b75b,lexical_only,42.80450000010205,8.71349999999893,325.25989999999183,376.7779000000928,one shared preloaded model
syn-dd53354de8cd00c6,lexical_only,41.14530000003924,5.919000000062624,408.3272999999963,455.39160000009815,one shared preloaded model
syn-ae1f20ebf18ddedb,lexical_only,45.70849999993243,8.405400000015106,192.24850000000515,246.3623999999527,one shared preloaded model
syn-e3a9d1182ee5641f,lexical_only,45.61200000000554,9.201499999903717,395.25320000007014,450.0666999999794,one shared preloaded model
syn-4bda76b13e8cf818,lexical_only,46.80410000003121,9.049600000025748,695.2035000000478,751.0572000001048,one shared preloaded model
syn-12eab36269130ea5,lexical_only,44.567199999960394,5.83849999998165,438.0912999999964,488.49699999993845,one shared preloaded model
syn-637dd8e15770335c,lexical_only,42.88510000003498,8.372800000074676,358.78040000000055,410.0383000001102,one shared preloaded model
syn-f0946f3561824cd3,lexical_only,39.82050000001891,5.89469999999892,476.54690000001665,522.2621000000345,one shared preloaded model
syn-27cc42527061d886,lexical_only,45.93620000002829,8.932700000059413,535.2212999999892,590.090200000077,one shared preloaded model
syn-fa256f5f1886a0f3,lexical_only,47.49949999995806,10.003299999993942,428.7847000000511,486.2875000000031,one shared preloaded model
syn-28cf404c86f22feb,lexical_only,44.001200000025165,8.430500000031316,309.40590000000157,361.83760000005805,one shared preloaded model
syn-295f75a8c73a907c,lexical_only,41.55460000004041,5.758499999956257,483.1484999999702,530.4615999999669,one shared preloaded model
syn-a3a312c0d7466c28,lexical_only,44.61109999999735,8.566200000018398,186.09600000002047,239.27330000003622,one shared preloaded model
syn-3cd6990d63fbe383,lexical_only,43.37780000003022,9.118600000078914,430.48669999996036,482.9831000000695,one shared preloaded model
syn-e2473ee10df25b44,lexical_only,40.92949999994744,7.857400000034431,690.0696000000153,738.8564999999971,one shared preloaded model
syn-4e91ab66bf320793,lexical_only,42.41380000007666,5.720999999994092,397.43170000008377,445.5665000001545,one shared preloaded model
syn-3b1804153fd274a9,lexical_only,44.242800000006355,8.708699999942837,421.105300000022,474.0567999999712,one shared preloaded model
syn-d26871934d18eeb9,lexical_only,41.5775000000167,8.066600000006474,386.7985999999064,436.4426999999296,one shared preloaded model
syn-abbc7af43ab942e8,lexical_only,45.350900000016736,8.13349999998536,331.22740000010253,384.71180000010463,one shared preloaded model
syn-df0d8ca32875e6f9,lexical_only,38.91559999999572,4.707800000005591,357.88079999997535,401.50419999997666,one shared preloaded model
syn-bff5383add606724,lexical_only,38.07619999997769,6.239699999923687,289.8302999999487,334.14619999985007,one shared preloaded model
syn-6b96d49b7c661246,lexical_only,45.55459999994582,8.362099999999373,430.6705999999849,484.5872999999301,one shared preloaded model
syn-6accd9b1b0371265,lexical_only,40.561499999967054,8.325499999955355,185.9190000000126,234.805999999935,one shared preloaded model
syn-3c985bc64502f79d,lexical_only,46.48610000003828,8.914400000094247,366.9110999999248,422.3116000000573,one shared preloaded model
syn-8ae8d50a4f81bf00,lexical_only,39.681699999960074,8.196999999995569,629.6992000000046,677.5778999999602,one shared preloaded model
syn-2a7936bb8606e396,lexical_only,42.4431999999797,8.07109999993827,360.8555000000706,411.3697999999886,one shared preloaded model
syn-72d01d8b036611a2,lexical_only,41.184400000020105,4.733199999918725,364.0746000000945,409.99220000003334,one shared preloaded model
syn-2ef0237652347e1e,lexical_only,43.14790000000812,8.011600000031649,391.8864999999414,443.0459999999812,one shared preloaded model
syn-2a55ac2eedf7a009,lexical_only,38.33190000000286,4.110500000024331,358.9616000000433,401.4040000000705,one shared preloaded model
syn-c9efc4d9b448370c,lexical_only,42.808400000012625,8.724500000084845,354.00490000006357,405.53780000016104,one shared preloaded model
syn-6574558be08f4b1d,lexical_only,43.2332000000315,8.435499999905005,309.4102000000021,361.0788999999386,one shared preloaded model
syn-ad27201e8da092ee,lexical_only,37.86959999990813,4.71909999998843,384.814600000027,427.40329999992355,one shared preloaded model
syn-2f4562fb5b6e1003,lexical_only,39.72989999999754,4.889100000013968,175.90510000002268,220.5241000000342,one shared preloaded model
syn-ae7a017ce8696d3c,lexical_only,41.978599999993094,5.087300000013784,431.0590999999704,478.12499999997726,one shared preloaded model
syn-f827e6fad53674ab,lexical_only,42.74309999993875,4.69660000010208,613.6252000000013,661.0649000000421,one shared preloaded model
syn-c8d62d295a3ca10f,lexical_only,45.20130000003064,8.405200000083823,395.46180000002096,449.0683000001354,one shared preloaded model
syn-40b7cac8143111e8,lexical_only,37.37679999994725,3.8745000000517393,422.6523999999472,463.9036999999462,one shared preloaded model
syn-6cf32fbe90cd007a,lexical_only,43.31600000000435,8.0176000000165,417.21209999991515,468.545699999936,one shared preloaded model
syn-3377d3274c60a1f5,lexical_only,42.612699999949655,8.308000000056381,421.14070000002357,472.0614000000296,one shared preloaded model
syn-5fd46702d09ae565,lexical_only,43.63100000000486,8.132500000101572,424.41550000000916,476.1790000001156,one shared preloaded model
syn-66f8ff1775ac6a98,lexical_only,39.664199999947414,5.530600000042796,281.9257999999536,327.1205999999438,one shared preloaded model
syn-3ba580d4e1863727,lexical_only,44.935500000065076,5.634600000007595,350.7327999999461,401.3029000000188,one shared preloaded model
syn-1198213e7ed30c70,lexical_only,36.493899999982204,5.051600000001599,142.51760000001923,184.06310000000303,one shared preloaded model
syn-3e6c9728007e84fb,lexical_only,36.86549999997624,9.267799999975068,662.6701999999796,708.8034999999309,one shared preloaded model
syn-33c7c5daf85e9bfa,lexical_only,37.64690000002702,4.3086000000585045,686.0991999999442,728.0547000000297,one shared preloaded model
syn-efc04838a1bc5623,lexical_only,38.833400000044094,7.924600000023929,404.1424999999208,450.9004999999888,one shared preloaded model
syn-4f3c833d627ef4d2,lexical_only,44.869199999993725,8.180400000014743,306.3333000000057,359.38290000001416,one shared preloaded model
syn-539136a050bf636c,lexical_only,36.536700000056044,8.135100000004059,401.49059999998826,446.16240000004836,one shared preloaded model
syn-b92c2c7bf6a9ff92,lexical_only,41.40749999999116,7.950300000061361,368.35340000004635,417.71120000009887,one shared preloaded model
syn-5dd2cffeb81cd021,lexical_only,43.151000000079875,8.156499999927291,415.1653000000124,466.47280000001956,one shared preloaded model
syn-af5d50df4306665c,lexical_only,38.255499999991116,8.12780000001112,330.00379999998586,376.3870999999881,one shared preloaded model
syn-6a82adbb938956c9,lexical_only,35.31299999997373,4.380400000059126,383.23060000004716,422.92400000008,one shared preloaded model
syn-7567e9b026919223,lexical_only,40.45559999997295,5.2555000000893415,131.48789999991095,177.19899999997324,one shared preloaded model
syn-986098b7390f2e8a,lexical_only,38.83650000000216,4.873599999996259,361.4647999999079,405.1748999999063,one shared preloaded model
syn-fa2a92d255b5c0b9,lexical_only,39.21200000002045,8.263699999929486,663.0615999999918,710.5372999999418,one shared preloaded model
syn-5949ddf795621210,lexical_only,35.40840000005119,4.8219000000244705,359.7297000000026,399.96000000007825,one shared preloaded model
syn-9e1def135dc2fb17,lexical_only,43.10689999999795,6.68129999996836,345.97740000003796,395.76560000000427,one shared preloaded model
syn-b651ce04909b1633,lexical_only,35.77389999998104,4.836199999999735,290.65750000006574,331.2676000000465,one shared preloaded model
syn-548d563ebf2632ca,lexical_only,37.84619999998995,4.407499999956599,351.4731000000211,393.7267999999676,one shared preloaded model
syn-5d27f3eef785e3f0,lexical_only,44.8877999999695,7.9111999999668114,347.76850000002923,400.56749999996555,one shared preloaded model
syn-c77ffd513821f0d9,lexical_only,37.2707999999875,7.114299999898321,306.4441999999872,350.829299999873,one shared preloaded model
syn-e5e05b3b05a90b44,lexical_only,40.19019999998363,5.190299999981107,368.80120000000716,414.1816999999719,one shared preloaded model
syn-dd842f7938238363,lexical_only,39.90790000000288,4.356599999937316,152.39500000006956,196.65950000000976,one shared preloaded model
syn-6a198de45ff9f216,lexical_only,40.11149999996633,8.195900000032452,333.1845999999814,381.4919999999802,one shared preloaded model
syn-9727a412bf884b91,lexical_only,38.44209999999748,5.1038000000289685,564.4116999999369,607.9575999999633,one shared preloaded model
syn-026eb39de0a0e851,lexical_only,40.26350000003731,6.388900000047215,330.1755999999614,376.8280000000459,one shared preloaded model
syn-8a24c490f66e0d03,lalm,116.86840000004395,10.408099999949627,366.365299999984,493.6417999999776,one shared preloaded model
syn-60bdba84d7150097,lalm,104.82579999995778,10.267399999975169,395.29770000001463,510.3908999999476,one shared preloaded model
syn-53ed452583131d31,lalm,85.70269999995617,6.863800000019182,343.15409999999247,435.7205999999678,one shared preloaded model
syn-5b0f4bc9237445b7,lalm,113.23759999993399,7.60149999996429,331.2459999999646,452.0850999998629,one shared preloaded model
syn-13edf32e39fe3765,lalm,129.3051000000105,9.925899999984722,306.0827000000472,445.31370000004245,one shared preloaded model
syn-b4390d007b5ef7f8,lalm,124.0291999999954,9.981500000094456,368.40120000010756,502.4119000001974,one shared preloaded model
syn-861d036fb5eba4c2,lalm,101.3937000000169,6.712799999945673,180.48410000005788,288.59060000002046,one shared preloaded model
syn-2540f1cab553a52e,lalm,127.65269999999873,10.819800000035684,651.3525999999956,789.82510000003,one shared preloaded model
syn-579e6c88ef0966fc,lalm,117.96300000003157,7.072399999970003,713.4985999999799,838.5339999999815,one shared preloaded model
syn-969dbbd9bede135e,lalm,104.86700000001292,7.037900000000263,385.5659000000742,497.47080000008737,one shared preloaded model
syn-c10dd64649776fe7,lalm,99.28859999990891,10.102500000016335,357.7880999999934,467.17919999991864,one shared preloaded model
syn-bb14aa81d58f596a,lalm,109.43129999998291,10.126300000024457,448.6530000000357,568.2106000000431,one shared preloaded model
syn-1539909d7d3f1fa2,lalm,106.50980000002619,10.242899999980182,424.34049999997114,541.0931999999775,one shared preloaded model
syn-71eba46801356739,lalm,132.11179999996148,7.977600000003804,382.9882999999654,523.0776999999307,one shared preloaded model
syn-9de2464dd831978c,lalm,107.23990000008143,7.869099999993523,499.345299999959,614.454300000034,one shared preloaded model
syn-2007ee011a28494d,lalm,102.37960000006296,10.380599999962214,391.66340000008404,504.4236000001092,one shared preloaded model
syn-34a2be23fb5d07eb,lalm,107.10119999998824,10.266900000033274,147.82279999997172,265.19089999999323,one shared preloaded model
syn-a90bf50c398f1e86,lalm,107.32840000002852,11.080600000013874,446.2555000000066,564.664500000049,one shared preloaded model
syn-d7d7cc6bb0d62c01,lalm,115.31249999995907,10.328699999945457,636.22979999991,761.8709999998146,one shared preloaded model
syn-5393cd085e43abb8,lalm,130.3970000000163,10.231900000007954,401.83989999991354,542.4687999999378,one shared preloaded model
syn-0ad7a8e818b1a5d2,lalm,118.16499999997632,10.268300000007002,313.4222999999565,441.85559999993984,one shared preloaded model
syn-9114b4cc4d33be2b,lalm,128.42619999992166,7.3425000000497676,386.11200000002555,521.880699999997,one shared preloaded model
syn-db423ff4850b6f09,lalm,112.36070000006748,10.834700000032171,377.88879999993696,501.0842000000366,one shared preloaded model
syn-6fc8aac5c7ba2689,lalm,103.979900000013,6.832300000041869,370.3506000000516,481.1628000001065,one shared preloaded model
syn-d67359e040231402,lalm,98.54470000004767,6.7854999999781285,297.62559999994664,402.95579999997244,one shared preloaded model
syn-9012ae10bb547433,lalm,114.35389999996914,7.840200000032382,380.3999000000431,502.5940000000446,one shared preloaded model
syn-5a6d47d41b8cefc7,lalm,91.91290000001118,6.716699999969933,174.56749999996646,273.19709999994757,one shared preloaded model
syn-0846284ec2ada743,lalm,89.0314999999191,7.093899999972564,376.0456999999633,472.17109999985496,one shared preloaded model
syn-d79ac77e89a7458d,lalm,102.9939000000013,6.667300000003706,595.5635999999913,705.2247999999963,one shared preloaded model
syn-5daf5292727314bf,lalm,119.87190000002101,10.281800000029762,383.3052999999609,513.4590000000117,one shared preloaded model
syn-f1bd6c303029c406,lalm,114.1699999999446,6.506400000034773,400.37440000003244,521.0508000000118,one shared preloaded model
syn-acbc03459113dbbd,lalm,116.58090000003085,10.514800000009927,386.5233999999873,513.6191000000281,one shared preloaded model
syn-2cc0a66e4b65871a,lalm,105.08720000007088,6.532999999990352,460.45860000003813,572.0788000000994,one shared preloaded model
syn-0d8c5c79d87b5f30,lalm,109.25859999997556,6.547599999976228,397.55239999999503,513.3585999999468,one shared preloaded model
syn-2b302d8d4702b75b,lalm,124.87699999996948,8.37920000003578,284.5687999999882,417.82499999999345,one shared preloaded model
syn-dd53354de8cd00c6,lalm,123.67010000002665,10.24819999997817,366.38300000004165,500.30130000004647,one shared preloaded model
syn-ae1f20ebf18ddedb,lalm,122.78830000002472,10.142700000074,181.81239999989884,314.74339999999756,one shared preloaded model
syn-e3a9d1182ee5641f,lalm,91.56770000004144,11.03309999996327,331.18709999996554,433.78789999997025,one shared preloaded model
syn-4bda76b13e8cf818,lalm,106.53769999998985,6.612499999960164,641.0734999999477,754.2236999998977,one shared preloaded model
syn-12eab36269130ea5,lalm,107.54770000005465,10.398000000009233,402.3548000000119,520.3005000000758,one shared preloaded model
syn-637dd8e15770335c,lalm,114.88819999999578,6.833600000049955,347.0049000000017,468.72670000004746,one shared preloaded model
syn-f0946f3561824cd3,lalm,116.88370000001669,10.622800000078314,445.2664000000368,572.7729000001318,one shared preloaded model
syn-27cc42527061d886,lalm,91.60199999996621,6.7801000000144995,417.98229999994874,516.3643999999294,one shared preloaded model
syn-fa256f5f1886a0f3,lalm,100.33650000002581,9.49270000000979,417.0566999999892,526.8859000000248,one shared preloaded model
syn-28cf404c86f22feb,lalm,116.38059999995676,10.80139999999119,340.8552000000782,468.03720000002613,one shared preloaded model
syn-295f75a8c73a907c,lalm,86.8815999999697,6.905299999971248,366.0456999999724,459.8325999999133,one shared preloaded model
syn-a3a312c0d7466c28,lalm,102.70420000006197,10.352200000056655,235.130799999979,348.1872000000976,one shared preloaded model
syn-3cd6990d63fbe383,lalm,107.85010000006423,8.765599999946971,416.2699999999404,532.8856999999516,one shared preloaded model
syn-e2473ee10df25b44,lalm,119.6721000000025,6.74909999997908,619.0210999999408,745.4422999999224,one shared preloaded model
syn-4e91ab66bf320793,lalm,104.94130000006407,7.650699999999233,415.30550000004496,527.8975000001083,one shared preloaded model
syn-3b1804153fd274a9,lalm,113.83380000006582,6.554499999992913,393.1307000000288,513.5190000000875,one shared preloaded model
syn-d26871934d18eeb9,lalm,93.11250000007476,6.919299999935902,465.69289999990815,565.7246999999188,one shared preloaded model
syn-abbc7af43ab942e8,lalm,122.19649999997273,6.552499999997963,333.467799999994,462.2167999999647,one shared preloaded model
syn-df0d8ca32875e6f9,lalm,118.44790000009198,6.954299999961222,422.14719999992667,547.5493999999799,one shared preloaded model
syn-bff5383add606724,lalm,91.63699999999153,9.771900000032474,302.39499999993313,403.80389999995714,one shared preloaded model
syn-6b96d49b7c661246,lalm,109.20710000004874,6.99900000006437,406.35969999993904,522.5658000000521,one shared preloaded model
syn-6accd9b1b0371265,lalm,134.54879999994773,9.745099999918239,187.39619999996648,331.69009999983246,one shared preloaded model
syn-3c985bc64502f79d,lalm,101.88100000004852,11.455999999952837,400.3216999999495,513.6586999999508,one shared preloaded model
syn-8ae8d50a4f81bf00,lalm,133.35280000001148,7.417199999963486,598.1716999999662,738.9416999999412,one shared preloaded model
syn-2a7936bb8606e396,lalm,131.63569999994706,10.497000000100343,361.54800000008436,503.68070000013176,one shared preloaded model
syn-72d01d8b036611a2,lalm,98.68259999996098,10.411099999942053,426.98680000000877,536.0804999999118,one shared preloaded model
syn-2ef0237652347e1e,lalm,106.5300999999863,10.492799999951785,408.8176000000203,525.8404999999584,one shared preloaded model
syn-2a55ac2eedf7a009,lalm,145.71300000000065,11.697099999992133,390.53550000005544,547.9456000000482,one shared preloaded model
syn-c9efc4d9b448370c,lalm,99.68020000007982,6.744199999957345,423.5284999999749,529.952900000012,one shared preloaded model
syn-6574558be08f4b1d,lalm,121.64940000002389,10.572499999966567,285.79500000000735,418.0168999999978,one shared preloaded model
syn-ad27201e8da092ee,lalm,118.15239999998539,10.424300000067888,416.5504999999712,545.1272000000245,one shared preloaded model
syn-2f4562fb5b6e1003,lalm,133.52009999994152,6.96970000001329,133.71319999998832,274.20299999994313,one shared preloaded model
syn-ae7a017ce8696d3c,lalm,130.34049999998842,7.89950000000772,405.65219999996316,543.8921999999593,one shared preloaded model
syn-f827e6fad53674ab,lalm,118.4453000000758,8.574899999985064,626.4426000000185,753.4628000000794,one shared preloaded model
syn-c8d62d295a3ca10f,lalm,124.00969999998779,10.926799999992909,415.9369000000197,550.8734000000004,one shared preloaded model
syn-40b7cac8143111e8,lalm,121.52559999992718,10.631200000034369,474.3983000000753,606.5551000000369,one shared preloaded model
syn-6cf32fbe90cd007a,lalm,136.0640999999987,10.672699999986435,401.0798000000477,547.8166000000328,one shared preloaded model
syn-3377d3274c60a1f5,lalm,129.3375999999853,10.763099999962833,369.52480000002197,509.6254999999701,one shared preloaded model
syn-5fd46702d09ae565,lalm,119.55490000002555,10.709799999972347,428.39730000002874,558.6620000000266,one shared preloaded model
syn-66f8ff1775ac6a98,lalm,104.91339999998672,6.768399999941721,305.9662999999091,417.64809999983754,one shared preloaded model
syn-3ba580d4e1863727,lalm,102.92010000000573,9.574299999940195,411.0917000000427,523.5860999999886,one shared preloaded model
syn-1198213e7ed30c70,lalm,115.45460000002095,8.871200000044155,208.724400000051,333.0502000001161,one shared preloaded model
syn-3e6c9728007e84fb,lalm,129.9788000000035,11.279700000045523,418.97770000002765,560.2362000000767,one shared preloaded model
syn-33c7c5daf85e9bfa,lalm,121.59539999993285,10.374899999987974,637.8370999999561,769.8073999998769,one shared preloaded model
syn-efc04838a1bc5623,lalm,115.05069999998341,10.7841000000235,378.46669999998994,504.30149999999685,one shared preloaded model
syn-4f3c833d627ef4d2,lalm,108.64250000008724,6.901099999936378,360.56810000002315,476.11170000004677,one shared preloaded model
syn-539136a050bf636c,lalm,127.06049999997049,7.0706999999856635,430.20879999994577,564.3399999999019,one shared preloaded model
syn-b92c2c7bf6a9ff92,lalm,119.55960000000232,7.795400000077279,432.6229000000694,559.977900000149,one shared preloaded model
syn-5dd2cffeb81cd021,lalm,116.33640000002288,7.104499999968539,421.06599999999617,544.5068999999876,one shared preloaded model
syn-af5d50df4306665c,lalm,121.26179999995657,7.309399999940069,423.07389999996303,551.6450999998597,one shared preloaded model
syn-6a82adbb938956c9,lalm,111.5785000000642,10.490799999956835,449.42300000002433,571.4923000000454,one shared preloaded model
syn-7567e9b026919223,lalm,108.5852999999588,7.224899999982881,194.8994000000539,310.7095999999956,one shared preloaded model
syn-986098b7390f2e8a,lalm,97.37560000007761,7.182000000057087,698.0162999999493,802.573900000084,one shared preloaded model
syn-fa2a92d255b5c0b9,lalm,95.69490000001224,6.570299999907547,704.0481000000227,806.3132999999425,one shared preloaded model
syn-5949ddf795621210,lalm,125.09420000003502,9.431600000084472,412.08719999997356,546.613000000093,one shared preloaded model
syn-9e1def135dc2fb17,lalm,84.6248000000287,6.770000000074106,340.6208000000106,432.0156000001134,one shared preloaded model
syn-b651ce04909b1633,lalm,98.2454999999618,8.45090000007076,360.18400000000383,466.8804000000364,one shared preloaded model
syn-548d563ebf2632ca,lalm,129.66270000003988,7.180899999980284,373.27940000000126,510.1230000000214,one shared preloaded model
syn-5d27f3eef785e3f0,lalm,129.97840000002725,10.219699999993281,388.10349999994287,528.3015999999634,one shared preloaded model
syn-c77ffd513821f0d9,lalm,125.39019999996981,10.515700000041761,317.1298999999408,453.03579999995236,one shared preloaded model
syn-e5e05b3b05a90b44,lalm,132.42239999999583,10.484000000019478,395.07560000004105,537.9820000000564,one shared preloaded model
syn-dd842f7938238363,lalm,122.02019999995173,7.117300000004434,198.38670000001457,327.52419999997073,one shared preloaded model
syn-6a198de45ff9f216,lalm,112.38779999996495,11.11670000000231,674.294199999963,797.7986999999302,one shared preloaded model
syn-9727a412bf884b91,lalm,127.57290000001831,10.386600000060753,611.272500000041,749.23200000012,one shared preloaded model
syn-026eb39de0a0e851,lalm,95.45180000009168,6.888399999979811,398.5113999999612,500.8516000000327,one shared preloaded model
syn-336643bb0465d76d,vanilla,0.12750000007599738,0.0006999999868639861,235.41369999998096,235.54190000004382,one shared preloaded model
syn-4d5d147b8dca8f90,vanilla,0.11080000001584267,0.0007999999525054591,226.99390000002495,227.1054999999933,one shared preloaded model
syn-716af7f211748a77,vanilla,0.12299999991682853,0.0007999999525054591,208.63649999989775,208.76029999976708,one shared preloaded model
syn-0351cae957bcb7be,vanilla,0.1365999999052292,0.0006999999868639861,193.20280000010825,193.34010000000035,one shared preloaded model
syn-a03a7858b116e564,vanilla,0.11740000002191664,0.0007999999525054591,193.74840000000404,193.86659999997846,one shared preloaded model
syn-2e9fd4cd6e642b4d,vanilla,0.12549999996736005,0.0007999999525054591,196.99409999998352,197.12039999990338,one shared preloaded model
syn-fcc5b3e16c715c19,vanilla,0.16449999998258136,0.0006000000212225132,228.48899999996775,228.65409999997155,one shared preloaded model
syn-81bb6482ee725b0c,vanilla,0.183999999990192,0.0006999999868639861,193.0186000000731,193.20330000005015,one shared preloaded model
syn-9fcf7a6936057461,vanilla,0.12929999991229124,0.0007999999525054591,233.9915000000019,234.1215999998667,one shared preloaded model
syn-a57f20ab453bcc50,vanilla,0.1447000000780463,0.0006000000212225132,299.070800000095,299.2161000001943,one shared preloaded model
syn-b537f820589525b6,vanilla,0.6976999999324107,0.004300000000512227,233.11530000000857,233.8172999999415,one shared preloaded model
syn-affaeb4880b07259,vanilla,0.11870000003000314,0.0006000000212225132,249.2578000000094,249.37710000006064,one shared preloaded model
syn-43db141b9ef5f25b,vanilla,0.2698000000691536,0.000899999918146932,237.72599999995236,237.99669999993966,one shared preloaded model
syn-f9c4510f0353abea,vanilla,0.12949999995726102,0.0007000001005508238,210.07110000005014,210.20130000010795,one shared preloaded model
syn-f406b352092ac7b5,vanilla,0.2665000000661166,0.0007000001005508238,197.300499999983,197.56770000014967,one shared preloaded model
syn-88ac3ede93fe2e67,vanilla,0.12130000004617614,0.0006000000212225132,228.41459999995095,228.53650000001835,one shared preloaded model
syn-51318c5bfa14c67f,vanilla,0.19190000000435248,0.0006999999868639861,210.502799999972,210.69539999996323,one shared preloaded model
syn-ad5e0bc64879f80a,vanilla,0.12739999999666907,0.0009999999974752427,232.29609999998502,232.42449999997916,one shared preloaded model
syn-c43411c38527d72e,vanilla,0.12819999994917453,0.0006999999868639861,214.28629999991244,214.41519999984848,one shared preloaded model
syn-431c00e831022a2a,vanilla,0.18490000002202578,0.0010999999631167157,209.8859000000175,210.07190000000264,one shared preloaded model
syn-6687e551b8a5dd1d,vanilla,0.1257999999779713,0.0007999999525054591,211.70809999989615,211.83469999982663,one shared preloaded model
syn-1d6120d9a67b60d7,vanilla,0.13740000008510833,0.0009000000318337698,206.378500000028,206.51680000014494,one shared preloaded model
syn-e61c5d7164592e23,vanilla,0.13000000001284207,0.0007999999525054591,194.4100000000617,194.54080000002705,one shared preloaded model
syn-e4ff93eae9707fbd,vanilla,0.13740000008510833,0.0006000000212225132,193.7111999999388,193.84920000004513,one shared preloaded model
syn-ba808a11522be770,vanilla,0.12739999999666907,0.0007999999525054591,212.2206000000233,212.34879999997247,one shared preloaded model
syn-e75d894604fbad56,vanilla,0.1290999999810083,0.0007999999525054591,206.45070000000487,206.58059999993839,one shared preloaded model
syn-81aa58224069e767,vanilla,0.1452000000199405,0.0009999999974752427,221.41720000001897,221.56340000003638,one shared preloaded model
syn-2902d35b1a2f7be5,vanilla,0.13010000009217038,0.0008000000661922968,262.1077000000014,262.23860000015975,one shared preloaded model
syn-a1760638182488fb,vanilla,0.12460000004921312,0.000899999918146932,202.87279999990915,202.9982999998765,one shared preloaded model
syn-9c715ed6199bf520,vanilla,0.13030000002345332,0.0008000000661922968,202.16310000000703,202.29420000009668,one shared preloaded model
syn-f0c2108aa2330340,vanilla,0.12149999997745908,0.0006000000212225132,212.26419999993595,212.38629999993464,one shared preloaded model
syn-4b5de9f94f2ba5b1,vanilla,0.14199999998254498,0.0006999999868639861,215.21960000006857,215.36230000003798,one shared preloaded model
syn-679d3b5fa84badd3,vanilla,0.2481000000216227,0.0009000000318337698,241.06559999995625,241.3146000000097,one shared preloaded model
syn-85b3a7f9d6f7e382,vanilla,0.1541000000315762,0.0006999999868639861,202.23729999997886,202.3920999999973,one shared preloaded model
syn-01896bfd1d3cfd0a,vanilla,0.12739999999666907,0.0007999999525054591,204.82680000009168,204.95500000004085,one shared preloaded model
syn-16e53ff3f73099ab,vanilla,0.11940000001686712,0.0007999999525054591,194.33700000001863,194.457199999988,one shared preloaded model
syn-92f8fd17ac5e02e2,vanilla,0.14719999990120414,0.0006999999868639861,197.53690000004553,197.6847999999336,one shared preloaded model
syn-6e4abb442c9a39da,vanilla,0.1321999999390755,0.0007999999525054591,197.0817999999781,197.21479999986968,one shared preloaded model
syn-3e2201052e4f2255,vanilla,0.13390000003710156,0.0006999999868639861,214.86730000003718,215.00190000006114,one shared preloaded model
syn-5aeb66468233396d,vanilla,0.11749999998755811,0.0009999999974752427,209.84740000005786,209.9659000000429,one shared preloaded model
syn-fe6c9ad31083137a,vanilla,0.12349999997240957,0.0006000000212225132,204.51570000000174,204.63979999999538,one shared preloaded model
syn-30815d67f0428cc6,vanilla,0.14590000000680448,0.0006999999868639861,194.4996000000856,194.64620000007926,one shared preloaded model
syn-3d3c2ed79da33a22,vanilla,0.12639999999919382,0.0006999999868639861,198.14169999995102,198.26879999993707,one shared preloaded model
syn-4562f4ef285e1a60,vanilla,0.1343000000133543,0.0006999999868639861,220.88689999998223,221.02189999998245,one shared preloaded model
syn-542842aa508c8bd3,vanilla,0.12300000003051537,0.0006000000212225132,204.36589999997068,204.48950000002242,one shared preloaded model
syn-ff5fdb1c924ff011,vanilla,0.12309999999615684,0.0006999999868639861,198.27840000004926,198.40220000003228,one shared preloaded model
syn-f948084fe9047372,vanilla,0.2879999999549909,0.0014999999393694452,196.03730000005726,196.32679999995162,one shared preloaded model
syn-eca6c8909ab4b690,vanilla,2.1419999999352513,0.0006000000212225132,195.0534999999718,197.19609999992826,one shared preloaded model
syn-3b01ee6ed97f202e,vanilla,0.12760000004163885,0.0006999999868639861,194.5617000000084,194.6900000000369,one shared preloaded model
syn-85dd8b1d1314ead4,vanilla,0.12749999996231054,0.0007999999525054591,199.3556999999555,199.48399999987032,one shared preloaded model
syn-c1eef09c28fa823f,vanilla,0.11839999990570504,0.0006999999868639861,194.19039999991128,194.30949999980385,one shared preloaded model
syn-69b79262e663edbd,vanilla,0.13470000010329386,0.0006999999868639861,199.40220000000863,199.5376000000988,one shared preloaded model
syn-b8b3a77cfa8c16f2,vanilla,0.15440000004218746,0.0006999999868639861,195.12880000002042,195.28390000004947,one shared preloaded model
syn-ca97c0416d50fb84,vanilla,0.13630000000830478,0.0005000000555810402,217.70309999999427,217.83990000005815,one shared preloaded model
syn-4604b4fa5c6898fe,vanilla,0.12739999999666907,0.0006999999868639861,270.685100000037,270.8132000000205,one shared preloaded model
syn-863153ad3cbab327,vanilla,0.1269999999067295,0.0006000000212225132,193.97139999989577,194.09899999982372,one shared preloaded model
syn-032d8f2aeefb00f3,vanilla,0.141299999995681,0.0006000000212225132,196.43599999994876,196.57789999996567,one shared preloaded model
syn-3196524b41afd7ed,vanilla,0.3427000000328917,0.0005999999075356754,204.29239999998572,204.63569999992615,one shared preloaded model
syn-5bc0918118aed5fe,vanilla,0.12749999996231054,0.0004999999418942025,202.24190000010367,202.36990000000787,one shared preloaded model
syn-a43a2f2f6e37db4a,vanilla,0.127599999927952,0.0007000001005508238,205.10650000005626,205.23480000008476,one shared preloaded model
syn-024b572698b52439,vanilla,0.12300000003051537,0.0004999999418942025,197.40939999996954,197.53289999994195,one shared preloaded model
syn-bb7fda45131ba97d,vanilla,0.12939999999161955,0.0006000000212225132,200.7287000000133,200.85870000002615,one shared preloaded model
syn-ecb387c40a2db688,vanilla,0.1474999999118154,0.0005000000555810402,297.14420000004793,297.2922000000153,one shared preloaded model
syn-69c4690b996cc6cb,vanilla,0.222899999926085,0.0006000000212225132,332.78250000000753,333.00599999995484,one shared preloaded model
syn-3b1df5bbc6824136,vanilla,0.14599999997244595,0.0004999999418942025,228.58050000002095,228.7269999999353,one shared preloaded model
syn-c60f5e15a8b0cb03,vanilla,0.1565999999684209,0.0004999999418942025,189.7146999999677,189.87179999987802,one shared preloaded model
syn-6f54aa0bb1a1429b,vanilla,0.13330000001587905,0.00039999997625272954,200.36340000001474,200.49710000000687,one shared preloaded model
syn-86aea91d8e1a7f33,vanilla,0.12729999991734076,0.0006000000212225132,190.0317999999288,190.15969999986737,one shared preloaded model
syn-8d3fedb982f07b00,vanilla,0.13119999994160025,0.0006000000212225132,211.36439999997947,211.4961999999423,one shared preloaded model
syn-91b7b2e6ba4e6ddb,vanilla,0.15580000001591543,0.0005999999075356754,279.11230000006526,279.2686999999887,one shared preloaded model
syn-b546dc51d12bd116,vanilla,0.15159999998104468,0.0004999999418942025,208.70400000001155,208.8560999999345,one shared preloaded model
syn-1f728fa470d36e6b,vanilla,0.13000000001284207,0.0006000000212225132,204.68819999996413,204.8187999999982,one shared preloaded model
syn-a5f2d31431c45923,vanilla,0.11549999999260763,0.00039999997625272954,217.60979999999108,217.72569999995994,one shared preloaded model
syn-55a0e73329354d20,vanilla,0.13239999998404528,0.0006000000212225132,236.9307999999819,237.06379999998717,one shared preloaded model
syn-0e5043c93671b74b,vanilla,0.32629999998334824,0.0006999999868639861,322.93110000000524,323.25809999997546,one shared preloaded model
syn-336643bb0465d76d,window,0.21340000000691361,0.00710000006165501,621.0145000000011,621.2350000000697,one shared preloaded model
syn-4d5d147b8dca8f90,window,0.1962000000048647,0.006699999971715442,492.4164000000246,492.6193000000012,one shared preloaded model
syn-716af7f211748a77,window,0.28110000005199254,0.00479999994240643,477.1522000000914,477.4381000000858,one shared preloaded model
syn-0351cae957bcb7be,window,0.19190000000435248,0.0036999999792897142,475.45470000000023,475.6502999999839,one shared preloaded model
syn-a03a7858b116e564,window,0.18750000003819878,0.008299999990413198,447.11419999998725,447.31000000001586,one shared preloaded model
syn-2e9fd4cd6e642b4d,window,0.21369999990383803,0.008500000035382982,496.20070000003125,496.42289999997047,one shared preloaded model
syn-fcc5b3e16c715c19,window,0.19080000004123576,0.0041000000692292815,486.1452999999756,486.34020000008604,one shared preloaded model
syn-81bb6482ee725b0c,window,0.3143999999792868,0.004900000021734741,478.08950000001005,478.40880000001107,one shared preloaded model
syn-9fcf7a6936057461,window,0.9479999999939537,0.006099999950492929,486.0720000000356,487.02609999998003,one shared preloaded model
syn-a57f20ab453bcc50,window,0.19660000009480427,0.004300000000512227,493.5633999999709,493.7643000000662,one shared preloaded model
syn-b537f820589525b6,window,0.24719999998978892,0.004500000045482011,491.0084000000552,491.26010000009046,one shared preloaded model
syn-affaeb4880b07259,window,0.1983000000791435,0.004300000000512227,474.80129999996734,475.003900000047,one shared preloaded model
syn-43db141b9ef5f25b,window,0.19129999998312996,0.004400000079840538,471.81639999996605,472.012100000029,one shared preloaded model
syn-f9c4510f0353abea,window,0.2071000000114509,0.003999999989900971,472.3581999999169,472.56929999991826,one shared preloaded model
syn-f406b352092ac7b5,window,0.191800000038711,0.003800000058618025,480.9109999999919,481.1066000000892,one shared preloaded model
syn-88ac3ede93fe2e67,window,0.31420000004800386,0.0064000000747910235,485.2396999999655,485.5603000000883,one shared preloaded model
syn-51318c5bfa14c67f,window,0.20490000008521747,0.00479999994240643,478.03959999998824,478.24930000001586,one shared preloaded model
syn-ad5e0bc64879f80a,window,0.18430000000080327,0.004300000000512227,477.4173000000701,477.6059000000714,one shared preloaded model
syn-c43411c38527d72e,window,0.2422000000024127,0.0049999999873762135,487.8300999999965,488.0772999999863,one shared preloaded model
syn-431c00e831022a2a,window,0.20680000000083965,0.004300000000512227,473.32639999990533,473.5374999999067,one shared preloaded model
syn-6687e551b8a5dd1d,window,0.22220000005290785,0.0043999999661537,481.2355999999909,481.46220000000994,one shared preloaded model
syn-1d6120d9a67b60d7,window,0.18980000004376052,0.004199999921183917,482.8873999999814,483.08139999994637,one shared preloaded model
syn-e61c5d7164592e23,window,0.31479999995553953,0.005600000008598727,482.8605999999809,483.180999999945,one shared preloaded model
syn-e4ff93eae9707fbd,window,0.20029999996040715,0.010900000006586197,472.1015999999736,472.3127999999406,one shared preloaded model
syn-ba808a11522be770,window,0.1829000000270753,0.0036999999792897142,475.9345999999596,476.12119999996594,one shared preloaded model
syn-e75d894604fbad56,window,0.1939000001129898,0.040100000205711694,468.0025999998634,468.2366000001821,one shared preloaded model
syn-81aa58224069e767,window,0.23940000005495676,0.003999999989900971,460.1520999999593,460.3955000000042,one shared preloaded model
syn-2902d35b1a2f7be5,window,0.2113999998982763,0.003800000058618025,498.66640000004736,498.88160000000425,one shared preloaded model
syn-a1760638182488fb,window,0.2085000000988657,0.007099999947968172,496.8951000000743,497.11070000012114,one shared preloaded model
syn-9c715ed6199bf520,window,0.24520000010852527,0.008600000001024455,492.0763000000079,492.33010000011745,one shared preloaded model
syn-f0c2108aa2330340,window,0.18569999997453124,0.0087999999323074,478.00550000010844,478.2000000000153,one shared preloaded model
syn-4b5de9f94f2ba5b1,window,0.20900000004075991,0.006499999926745659,494.65540000005603,494.87090000002354,one shared preloaded model
syn-679d3b5fa84badd3,window,0.18900000009125506,0.003600000127335079,479.34269999996104,479.53530000017963,one shared preloaded model
syn-85b3a7f9d6f7e382,window,0.21500000002561137,0.004499999931795173,508.0625999999029,508.2820999998603,one shared preloaded model
syn-01896bfd1d3cfd0a,window,0.19430000020292937,0.004900000021734741,463.3208000000195,463.5200000002442,one shared preloaded model
syn-16e53ff3f73099ab,window,0.33610000014050456,0.013800000033370452,497.0115999999507,497.3615000001246,one shared preloaded model
syn-92f8fd17ac5e02e2,window,0.3817999997863808,0.013899999885325087,437.31750000006286,437.71319999973457,one shared preloaded model
syn-6e4abb442c9a39da,window,0.19410000004427275,0.004300000000512227,493.8896000001023,494.0880000001471,one shared preloaded model
syn-3e2201052e4f2255,window,0.18539999996391998,0.007899999900473631,481.24250000000757,481.43579999987196,one shared preloaded model
syn-5aeb66468233396d,window,0.2059000000826927,0.004300000000512227,478.85550000000876,479.06570000009197,one shared preloaded model
syn-fe6c9ad31083137a,window,0.20560000007208146,0.006299999995462713,475.0042000000576,475.21610000012515,one shared preloaded model
syn-30815d67f0428cc6,window,0.21390000006249466,0.006699999858028605,469.0524000000096,469.2729999999301,one shared preloaded model
syn-3d3c2ed79da33a22,window,0.19509999992806115,0.0036999999792897142,479.2267999998785,479.42559999978585,one shared preloaded model
syn-4562f4ef285e1a60,window,0.25290000007771596,0.004399999852466863,502.6364000000285,502.8936999999587,one shared preloaded model
syn-542842aa508c8bd3,window,0.18840000007003255,0.003800000058618025,446.5285999999651,446.72080000009373,one shared preloaded model
syn-ff5fdb1c924ff011,window,0.19550000001800072,0.006900000016685226,467.48279999997067,467.68520000000535,one shared preloaded model
syn-f948084fe9047372,window,0.21379999998316634,0.006799999937356915,443.968299999824,444.18889999974454,one shared preloaded model
syn-eca6c8909ab4b690,window,0.191800000038711,0.006799999937356915,473.4848000000511,473.6834000000272,one shared preloaded model
syn-3b01ee6ed97f202e,window,0.21229999993011006,0.006499999926745659,481.8463999999949,482.06519999985176,one shared preloaded model
syn-85dd8b1d1314ead4,window,0.28079999992769444,0.012199999900985858,475.89049999987765,476.1834999997063,one shared preloaded model
syn-c1eef09c28fa823f,window,0.2581999999620166,0.004500000159168849,480.89550000008785,481.15820000020904,one shared preloaded model
syn-69b79262e663edbd,window,0.22480000006908085,0.004199999921183917,472.80160000013893,473.0306000001292,one shared preloaded model
syn-b8b3a77cfa8c16f2,window,0.19540000016604608,0.004199999921183917,518.0735000001278,518.273100000215,one shared preloaded model
syn-ca97c0416d50fb84,window,0.19240000005993352,0.0035000000480067683,503.78440000008595,503.9803000001939,one shared preloaded model
syn-4604b4fa5c6898fe,window,0.3082000000631524,0.004600000011123484,496.3369000001876,496.6497000002619,one shared preloaded model
syn-863153ad3cbab327,window,0.1999999999497959,0.004300000000512227,477.3344999998699,477.5387999998202,one shared preloaded model
syn-032d8f2aeefb00f3,window,0.21949999995740654,0.003800000058618025,464.25619999990886,464.4794999999249,one shared preloaded model
syn-3196524b41afd7ed,window,0.19079999992754892,0.003999999989900971,475.3168999998252,475.51169999974263,one shared preloaded model
syn-5bc0918118aed5fe,window,0.21339999989322678,0.0035000000480067683,483.91689999994014,484.1337999998814,one shared preloaded model
syn-a43a2f2f6e37db4a,window,0.20680000011452648,0.004499999931795173,477.7368000000024,477.9481000000487,one shared preloaded model
syn-024b572698b52439,window,0.1921999999012769,0.003499999820633093,480.1883000000089,480.3839999997308,one shared preloaded model
syn-bb7fda45131ba97d,window,0.21200000014687248,0.0036999999792897142,471.3029000001825,471.51860000030865,one shared preloaded model
syn-ecb387c40a2db688,window,0.2655000000686414,0.004199999921183917,480.0484999998389,480.3181999998287,one shared preloaded model
syn-69c4690b996cc6cb,window,0.2113999998982763,0.006900000016685226,490.77059999990524,490.9888999998202,one shared preloaded model
syn-3b1df5bbc6824136,window,0.20749999998770363,0.004199999921183917,441.9010999999955,442.1127999999044,one shared preloaded model
syn-c60f5e15a8b0cb03,window,0.21340000012060045,0.003099999958067201,482.11270000001605,482.3292000000947,one shared preloaded model
syn-6f54aa0bb1a1429b,window,0.19290000000182772,0.0039000001379463356,471.8869999999242,472.083800000064,one shared preloaded model
syn-86aea91d8e1a7f33,window,0.4321999999774562,0.004500000159168849,479.22680000010587,479.6635000002425,one shared preloaded model
syn-8d3fedb982f07b00,window,0.20440000002963643,0.003800000058618025,495.21759999993265,495.4258000000209,one shared preloaded model
syn-91b7b2e6ba4e6ddb,window,0.2483999999185471,0.009500000032858225,490.13700000000426,490.39489999995567,one shared preloaded model
syn-b546dc51d12bd116,window,0.20600000016202102,0.006299999995462713,481.1713999999938,481.3837000001513,one shared preloaded model
syn-1f728fa470d36e6b,window,0.18750000003819878,0.006900000016685226,476.7159000000447,476.9103000000996,one shared preloaded model
syn-a5f2d31431c45923,window,0.21250000008876668,0.0039000001379463356,477.279899999985,477.4963000002117,one shared preloaded model
syn-55a0e73329354d20,window,0.2002000001084525,0.004099999841855606,473.9885999999842,474.1928999999345,one shared preloaded model
syn-0e5043c93671b74b,window,0.1990000000660075,0.00850000014906982,470.33329999999296,470.54080000020804,one shared preloaded model
syn-336643bb0465d76d,rag,89.07530000010411,5.003400000077818,411.1457999999857,505.2245000001676,one shared preloaded model
syn-4d5d147b8dca8f90,rag,92.19000000007327,4.180799999858209,351.52850000008584,447.8993000000173,one shared preloaded model
syn-716af7f211748a77,rag,92.63970000006339,9.008600000015576,448.7848000001122,550.4331000001912,one shared preloaded model
syn-0351cae957bcb7be,rag,98.06209999987914,4.929299999957948,376.13059999989673,479.1219999997338,one shared preloaded model
syn-a03a7858b116e564,rag,95.39029999996274,5.018600000084916,291.9627999999648,392.3717000000124,one shared preloaded model
syn-2e9fd4cd6e642b4d,rag,86.64890000000014,8.037999999942258,354.6671999999944,449.3540999999368,one shared preloaded model
syn-fcc5b3e16c715c19,rag,91.43829999993613,5.03130000015517,177.71129999982804,274.18089999991935,one shared preloaded model
syn-81bb6482ee725b0c,rag,111.01730000018506,9.025300000075731,408.0026999999973,528.0453000002581,one shared preloaded model
syn-9fcf7a6936057461,rag,88.70070000011765,4.194800000050236,670.0329999998758,762.9285000000436,one shared preloaded model
syn-a57f20ab453bcc50,rag,84.52919999990627,4.254699999819422,412.24729999999,501.0311999997157,one shared preloaded model
syn-b537f820589525b6,rag,86.10380000004625,5.061200000000099,367.48709999983475,458.6520999998811,one shared preloaded model
syn-affaeb4880b07259,rag,92.11609999988468,8.422699999982797,396.20130000002973,496.7400999998972,one shared preloaded model
syn-43db141b9ef5f25b,rag,91.0767999998825,4.877200000009907,367.69570000001295,463.64969999990535,one shared preloaded model
syn-f9c4510f0353abea,rag,84.8707000000104,5.162100000006831,358.4800000000996,448.51280000011684,one shared preloaded model
syn-f406b352092ac7b5,rag,84.10460000004605,4.84720000008565,286.1299000001054,375.0817000002371,one shared preloaded model
syn-88ac3ede93fe2e67,rag,105.83539999993263,4.224300000032599,413.9160999998239,523.9757999997892,one shared preloaded model
syn-51318c5bfa14c67f,rag,99.11680000004708,5.038700000113749,165.45819999987543,269.61370000003626,one shared preloaded model
syn-ad5e0bc64879f80a,rag,107.96920000007049,8.98330000018177,376.4611999999943,493.41370000024654,one shared preloaded model
syn-c43411c38527d72e,rag,102.55810000012389,4.981600000064645,590.1065999998991,697.6463000000876,one shared preloaded model
syn-431c00e831022a2a,rag,88.50440000014714,4.498399999874891,301.4084000001276,394.4112000001496,one shared preloaded model
syn-6687e551b8a5dd1d,rag,84.48530000009669,4.517099999929997,386.0451999998986,475.0475999999253,one shared preloaded model
syn-1d6120d9a67b60d7,rag,94.04560000007223,5.390999999917767,407.0171000000755,506.4537000000655,one shared preloaded model
syn-e61c5d7164592e23,rag,99.90719999996145,5.109299999958239,360.5569999999716,465.5734999998913,one shared preloaded model
syn-e4ff93eae9707fbd,rag,94.21180000003915,4.174599999942075,362.579500000038,460.96590000001925,one shared preloaded model
syn-ba808a11522be770,rag,106.97149999987232,5.569799999875613,304.2826999999306,416.82399999967856,one shared preloaded model
syn-e75d894604fbad56,rag,96.02289999997993,8.59349999996084,392.7182999998422,497.33469999978297,one shared preloaded model
syn-81aa58224069e767,rag,100.6872000000385,7.241300000032425,151.82720000007066,259.7557000001416,one shared preloaded model
syn-2902d35b1a2f7be5,rag,115.87170000007063,7.262599999876329,394.3736000001081,517.5079000000551,one shared preloaded model
syn-a1760638182488fb,rag,93.41900000003989,5.280000000084328,642.0413999999255,740.7404000000497,one shared preloaded model
syn-9c715ed6199bf520,rag,99.54289999996035,5.732200000011289,315.5014999999821,420.77659999995376,one shared preloaded model
syn-f0c2108aa2330340,rag,84.4093000000612,4.071199999998498,350.4712000001291,438.9517000001888,one shared preloaded model
syn-4b5de9f94f2ba5b1,rag,92.7679999999782,7.6369000000795495,402.39309999992656,502.7979999999843,one shared preloaded model
syn-679d3b5fa84badd3,rag,88.96419999996397,4.895400000123118,398.86239999987083,492.7219999999579,one shared preloaded model
syn-85b3a7f9d6f7e382,rag,85.96499999998741,5.0177000000530825,369.9615000000449,460.9442000000854,one shared preloaded model
syn-01896bfd1d3cfd0a,rag,95.2250999998796,4.967799999803901,307.7501000000211,407.9429999997046,one shared preloaded model
syn-16e53ff3f73099ab,rag,100.24629999998069,7.700899999917965,389.99779999994644,497.9449999998451,one shared preloaded model
syn-92f8fd17ac5e02e2,rag,91.13699999988967,5.120199999964825,199.23119999998562,295.4883999998401,one shared preloaded model
syn-6e4abb442c9a39da,rag,95.96360000000459,5.773099999942133,365.8301999998912,467.5668999998379,one shared preloaded model
syn-3e2201052e4f2255,rag,89.9431000000277,4.170199999862234,584.9837000000662,679.0969999999561,one shared preloaded model
syn-5aeb66468233396d,rag,82.57079999998496,5.0952999999935855,340.82499999999527,428.4910999999738,one shared preloaded model
syn-fe6c9ad31083137a,rag,89.75179999993088,4.237500000044747,396.8204999998761,490.80979999985175,one shared preloaded model
syn-30815d67f0428cc6,rag,82.41850000013073,4.773000000113825,429.7462000001815,516.937700000426,one shared preloaded model
syn-3d3c2ed79da33a22,rag,91.41920000001846,5.37979999990057,404.309000000012,501.10799999993105,one shared preloaded model
syn-4562f4ef285e1a60,rag,101.56820000020161,4.886200000100871,443.68329999997513,550.1377000002776,one shared preloaded model
syn-542842aa508c8bd3,rag,112.61560000002646,9.150000000090586,358.9600000000246,480.72560000014164,one shared preloaded model
syn-ff5fdb1c924ff011,rag,91.81279999984326,4.63820000004489,360.6483000000935,457.09929999998167,one shared preloaded model
syn-f948084fe9047372,rag,120.55359999999382,5.37280000003193,141.555199999857,267.48159999988275,one shared preloaded model
syn-eca6c8909ab4b690,rag,140.70319999996173,9.66019999987111,367.1256000000085,517.4889999998413,one shared preloaded model
syn-3b01ee6ed97f202e,rag,113.13440000003538,6.203200000072684,674.3882999999187,793.7259000000267,one shared preloaded model
syn-85dd8b1d1314ead4,rag,111.56419999997524,5.080500000076427,293.4608999999,410.10559999995166,one shared preloaded model
syn-c1eef09c28fa823f,rag,93.61049999984061,7.553199999847493,371.04279999994105,472.20649999962916,one shared preloaded model
syn-69b79262e663edbd,rag,91.83670000015809,4.92179999992004,392.6977999999508,489.45630000002893,one shared preloaded model
syn-b8b3a77cfa8c16f2,rag,89.44969999993191,4.277099999853817,346.28090000001066,440.0076999997964,one shared preloaded model
syn-ca97c0416d50fb84,rag,85.2981999998974,4.7246999999970285,348.83560000002944,438.8584999999239,one shared preloaded model
syn-4604b4fa5c6898fe,rag,84.37600000002021,5.055299999867202,239.68719999993482,329.11849999982223,one shared preloaded model
syn-863153ad3cbab327,rag,198.82090000010066,8.806000000049607,413.35400000002664,620.9809000001769,one shared preloaded model
syn-032d8f2aeefb00f3,rag,83.92140000000836,5.257699999901888,146.96109999999862,236.14019999990887,one shared preloaded model
syn-3196524b41afd7ed,rag,113.28520000006392,5.3390000000490545,393.99359999993067,512.6178000000436,one shared preloaded model
syn-5bc0918118aed5fe,rag,85.00960000014857,9.363400000211186,657.6734000000215,752.0464000003813,one shared preloaded model
syn-a43a2f2f6e37db4a,rag,86.79460000007566,5.071999999927357,290.38600000012593,382.25260000012895,one shared preloaded model
syn-024b572698b52439,rag,87.66109999987748,5.35970000009911,358.6502999999084,451.671099999885,one shared preloaded model
syn-bb7fda45131ba97d,rag,87.40160000002106,5.759199999829434,337.6164000001154,430.7771999999659,one shared preloaded model
syn-ecb387c40a2db688,rag,91.39860000004774,4.355899999836765,379.6626999999262,475.4171999998107,one shared preloaded model
syn-69c4690b996cc6cb,rag,84.36009999991256,5.1806999999826076,345.92159999988326,435.4623999997784,one shared preloaded model
syn-3b1df5bbc6824136,rag,114.40000000015971,4.25430000018423,308.72180000005756,427.3761000004015,one shared preloaded model
syn-c60f5e15a8b0cb03,rag,91.48019999997814,8.373199999823555,388.2995999999821,488.1529999997838,one shared preloaded model
syn-6f54aa0bb1a1429b,rag,95.12279999989914,4.3501000000105705,128.59309999998914,228.06599999989885,one shared preloaded model
syn-86aea91d8e1a7f33,rag,119.932899999867,7.4813999999605585,403.03880000010395,530.4530999999315,one shared preloaded model
syn-8d3fedb982f07b00,rag,97.08230000001095,5.2768999998988875,655.0024000000576,757.3615999999674,one shared preloaded model
syn-91b7b2e6ba4e6ddb,rag,90.56829999985894,5.412499999920328,389.06520000000455,485.0459999997838,one shared preloaded model
syn-b546dc51d12bd116,rag,95.76240000001235,5.150799999910305,360.88199999994686,461.7951999998695,one shared preloaded model
syn-1f728fa470d36e6b,rag,109.8472999999558,8.08910000000651,387.762500000008,505.6988999999703,one shared preloaded model
syn-a5f2d31431c45923,rag,97.34750000006898,7.4709999998958665,418.8403999999082,523.658899999873,one shared preloaded model
syn-55a0e73329354d20,rag,102.28729999994357,4.834200000004785,382.35310000004574,489.4745999999941,one shared preloaded model
syn-0e5043c93671b74b,rag,98.50449999999,8.010499999954845,299.15550000009716,405.670500000042,one shared preloaded model
syn-336643bb0465d76d,pure_liquid,441.83509999993476,9.283200000027136,203.70279999997365,654.8210999999355,one shared preloaded model
syn-4d5d147b8dca8f90,pure_liquid,501.75430000012966,10.461300000088158,220.93000000018037,733.1456000003982,one shared preloaded model
syn-716af7f211748a77,pure_liquid,473.1876999999258,7.029999999986103,179.63239999994585,659.8500999998578,one shared preloaded model
syn-0351cae957bcb7be,pure_liquid,511.5041999999903,11.606899999833331,138.93349999989368,662.0445999997173,one shared preloaded model
syn-a03a7858b116e564,pure_liquid,460.1271000001361,6.820600000082777,129.04739999999038,595.9951000002093,one shared preloaded model
syn-2e9fd4cd6e642b4d,pure_liquid,482.80829999998787,10.80709999996543,292.43510000014794,786.0505000001012,one shared preloaded model
syn-fcc5b3e16c715c19,pure_liquid,409.8549999998795,6.947100000161299,163.0580999999438,579.8601999999846,one shared preloaded model
syn-81bb6482ee725b0c,pure_liquid,490.9604000001764,10.802899999816873,462.0732000000771,963.8365000000704,one shared preloaded model
syn-9fcf7a6936057461,pure_liquid,450.0492000001941,10.30470000000605,592.8043999999772,1053.1583000001774,one shared preloaded model
syn-a57f20ab453bcc50,pure_liquid,504.43670000004204,10.348900000053618,122.51220000007379,637.2978000001694,one shared preloaded model
syn-b537f820589525b6,pure_liquid,486.4568999998937,8.464199999934863,243.0311000000529,737.9521999998815,one shared preloaded model
syn-affaeb4880b07259,pure_liquid,504.0054000000964,7.1390999999039195,185.64379999997982,696.7882999999802,one shared preloaded model
syn-43db141b9ef5f25b,pure_liquid,487.69319999996696,10.410600000113845,205.39130000020123,703.495100000282,one shared preloaded model
syn-f9c4510f0353abea,pure_liquid,457.3409999998148,10.209200000190322,277.20069999986663,744.7508999998718,one shared preloaded model
syn-f406b352092ac7b5,pure_liquid,435.8672000000752,10.624000000007072,124.71290000007684,571.2041000001591,one shared preloaded model
syn-88ac3ede93fe2e67,pure_liquid,465.06990000011683,6.899400000065725,271.10319999997046,743.072500000153,one shared preloaded model
syn-51318c5bfa14c67f,pure_liquid,475.38520000011886,10.749700000133089,196.74250000002758,682.8774000002795,one shared preloaded model
syn-ad5e0bc64879f80a,pure_liquid,529.7925000002124,7.40999999993619,284.66439999988324,821.8669000000318,one shared preloaded model
syn-c43411c38527d72e,pure_liquid,454.2944999998326,10.632700000087425,485.3546000001643,950.2818000000843,one shared preloaded model
syn-431c00e831022a2a,pure_liquid,432.53020000020115,10.227100000065548,188.73119999989285,631.4885000001595,one shared preloaded model
syn-6687e551b8a5dd1d,pure_liquid,469.3488000000343,7.074099999954342,175.7193000000825,652.1422000000712,one shared preloaded model
syn-1d6120d9a67b60d7,pure_liquid,538.2821000000604,7.417199999963486,163.13209999998435,708.8314000000082,one shared preloaded model
syn-e61c5d7164592e23,pure_liquid,574.8309999999037,10.967999999820677,198.36179999992964,784.160799999654,one shared preloaded model
syn-e4ff93eae9707fbd,pure_liquid,526.9941999999901,6.821499999887237,76.48359999984677,610.2992999997241,one shared preloaded model
syn-ba808a11522be770,pure_liquid,484.2751999999564,7.372299999815368,134.6056000002136,626.2530999999854,one shared preloaded model
syn-e75d894604fbad56,pure_liquid,510.4278000001159,6.7037000001164415,207.20129999995152,724.3328000001839,one shared preloaded model
syn-81aa58224069e767,pure_liquid,448.9743000001454,10.579000000007,197.90850000003957,657.4618000001919,one shared preloaded model
syn-2902d35b1a2f7be5,pure_liquid,473.35130000010395,11.551899999858506,301.1733999999251,786.0765999998875,one shared preloaded model
syn-a1760638182488fb,pure_liquid,460.34899999995105,6.9396000001233915,379.32470000009744,846.6133000001719,one shared preloaded model
syn-9c715ed6199bf520,pure_liquid,432.0658999999978,10.396099999979924,135.3303999999298,577.7923999999075,one shared preloaded model
syn-f0c2108aa2330340,pure_liquid,533.6671000000024,7.385800000065501,210.7556000000841,751.808500000152,one shared preloaded model
syn-4b5de9f94f2ba5b1,pure_liquid,444.1962999999305,10.203100000126142,121.08869999997296,575.4881000000296,one shared preloaded model
syn-679d3b5fa84badd3,pure_liquid,432.6086999999461,6.72589999999218,155.10979999999108,594.4443999999294,one shared preloaded model
syn-85b3a7f9d6f7e382,pure_liquid,460.59919999993326,6.8877000001066335,225.71459999994659,693.2014999999865,one shared preloaded model
syn-01896bfd1d3cfd0a,pure_liquid,447.0539999999801,6.5546000000722415,105.86460000013176,559.4732000001841,one shared preloaded model
syn-16e53ff3f73099ab,pure_liquid,444.4286000000375,6.876000000147542,304.26009999996495,755.56470000015,one shared preloaded model
syn-92f8fd17ac5e02e2,pure_liquid,419.5867000000817,10.642400000051566,175.57690000012371,605.806000000257,one shared preloaded model
syn-6e4abb442c9a39da,pure_liquid,481.6467000000557,10.98109999998087,400.64170000005106,893.2695000000876,one shared preloaded model
syn-3e2201052e4f2255,pure_liquid,378.1496999999945,10.53049999995892,573.6039999999321,962.2841999998855,one shared preloaded model
syn-5aeb66468233396d,pure_liquid,437.2943999999279,6.752199999937147,124.9763000000712,569.0228999999363,one shared preloaded model
syn-fe6c9ad31083137a,pure_liquid,466.07879999987745,9.83130000008714,286.2754000000223,762.1854999999869,one shared preloaded model
syn-30815d67f0428cc6,pure_liquid,477.17619999980343,10.450600000012855,193.3639999999741,680.9907999997904,one shared preloaded model
syn-3d3c2ed79da33a22,pure_liquid,458.9693000000352,10.168000000021493,128.26730000006137,597.4046000001181,one shared preloaded model
syn-4562f4ef285e1a60,pure_liquid,447.9837999999745,10.370599999987462,111.58460000001469,569.9389999999767,one shared preloaded model
syn-542842aa508c8bd3,pure_liquid,503.10990000002676,10.737900000094669,115.71470000012596,629.5625000002474,one shared preloaded model
syn-ff5fdb1c924ff011,pure_liquid,516.0048999998708,6.855199999790784,239.3078999998579,762.1679999995195,one shared preloaded model
syn-f948084fe9047372,pure_liquid,450.9648000000652,10.764599999902202,198.6280999999508,660.3574999999182,one shared preloaded model
syn-eca6c8909ab4b690,pure_liquid,472.1523000000616,10.710899999821777,390.82650000000285,873.6896999998862,one shared preloaded model
syn-3b01ee6ed97f202e,pure_liquid,404.8311999999896,10.522600000058446,708.5870999999315,1123.9408999999796,one shared preloaded model
syn-85dd8b1d1314ead4,pure_liquid,398.0305000000044,6.931900000154201,172.81609999986358,577.7785000000222,one shared preloaded model
syn-c1eef09c28fa823f,pure_liquid,413.3455999999569,7.736999999906402,242.64119999998002,663.7237999998433,one shared preloaded model
syn-69b79262e663edbd,pure_liquid,470.7882999998674,6.736300000056872,244.73610000018198,722.2607000001062,one shared preloaded model
syn-b8b3a77cfa8c16f2,pure_liquid,419.0476999999646,6.753499999831547,130.83899999992354,556.6401999997197,one shared preloaded model
syn-ca97c0416d50fb84,pure_liquid,512.652399999979,10.741800000005242,208.6036000000604,731.9978000000447,one shared preloaded model
syn-4604b4fa5c6898fe,pure_liquid,465.7364000001962,6.815800000140371,107.02839999999014,579.5806000003267,one shared preloaded model
syn-863153ad3cbab327,pure_liquid,471.47339999992255,10.450800000171512,527.2706999999173,1009.1949000000113,one shared preloaded model
syn-032d8f2aeefb00f3,pure_liquid,442.26670000011836,7.053099999893675,133.29010000006747,582.6099000000795,one shared preloaded model
syn-3196524b41afd7ed,pure_liquid,475.8299000000079,10.894999999891297,400.75769999998556,887.4825999998848,one shared preloaded model
syn-5bc0918118aed5fe,pure_liquid,457.3778000001312,10.938200000055076,373.26919999986785,841.5852000000541,one shared preloaded model
syn-a43a2f2f6e37db4a,pure_liquid,472.60869999990973,6.75039999987348,173.37669999983518,652.7357999996184,one shared preloaded model
syn-024b572698b52439,pure_liquid,520.3498999999283,10.848800000076153,245.18899999998212,776.3876999999866,one shared preloaded model
syn-bb7fda45131ba97d,pure_liquid,486.8655000000217,10.08389999992687,128.81019999986165,625.7595999998102,one shared preloaded model
syn-ecb387c40a2db688,pure_liquid,494.40640000011626,6.804899999906411,197.05929999986438,698.270599999887,one shared preloaded model
syn-69c4690b996cc6cb,pure_liquid,502.34019999993507,6.868700000040917,79.03640000017731,588.2453000001533,one shared preloaded model
syn-3b1df5bbc6824136,pure_liquid,496.65089999984957,10.895600000139893,144.90969999997105,652.4561999999605,one shared preloaded model
syn-c60f5e15a8b0cb03,pure_liquid,503.7247000000207,10.775099999818849,264.9418999999398,779.4416999997793,one shared preloaded model
syn-6f54aa0bb1a1429b,pure_liquid,510.72900000008303,10.407600000007733,159.3511999999464,680.4878000000372,one shared preloaded model
syn-86aea91d8e1a7f33,pure_liquid,486.6727000000992,7.071699999869452,376.81339999994634,870.557799999915,one shared preloaded model
syn-8d3fedb982f07b00,pure_liquid,493.4539000000768,10.263900000154536,525.4960999998275,1029.2139000000589,one shared preloaded model
syn-91b7b2e6ba4e6ddb,pure_liquid,429.63350000013634,6.951600000093094,229.31560000006357,665.900700000293,one shared preloaded model
syn-b546dc51d12bd116,pure_liquid,433.7057999998706,6.826500000215674,139.9155999999948,580.4479000000811,one shared preloaded model
syn-1f728fa470d36e6b,pure_liquid,504.110399999945,6.796399999984715,150.80970000008165,661.7165000000114,one shared preloaded model
syn-a5f2d31431c45923,pure_liquid,464.2003999999815,6.942999999864696,162.79270000018187,633.9361000000281,one shared preloaded model
syn-55a0e73329354d20,pure_liquid,451.64279999994505,6.74909999997908,111.83370000003379,570.2255999999579,one shared preloaded model
syn-0e5043c93671b74b,pure_liquid,483.90100000005987,10.826499999893713,135.94940000007227,630.6769000000259,one shared preloaded model
syn-336643bb0465d76d,lexical_only,153.39380000000347,4.974599999968632,384.71149999986665,543.0798999998387,one shared preloaded model
syn-4d5d147b8dca8f90,lexical_only,150.90860000009343,5.01839999992626,395.0611000000208,550.9881000000405,one shared preloaded model
syn-716af7f211748a77,lexical_only,143.97549999989678,4.894500000091284,398.00510000009126,546.8751000000793,one shared preloaded model
syn-0351cae957bcb7be,lexical_only,171.24379999995654,8.762300000171308,416.33649999994304,596.3426000000709,one shared preloaded model
syn-a03a7858b116e564,lexical_only,163.32469999997556,8.452400000123816,309.3178000001444,481.0949000002438,one shared preloaded model
syn-2e9fd4cd6e642b4d,lexical_only,165.1892999998381,5.650000000059663,407.71029999996244,578.5495999998602,one shared preloaded model
syn-fcc5b3e16c715c19,lexical_only,149.16749999997592,5.341299999827243,297.48399999994035,451.9927999997435,one shared preloaded model
syn-81bb6482ee725b0c,lexical_only,157.41909999997006,9.184400000094683,432.79210000014245,599.3956000002072,one shared preloaded model
syn-9fcf7a6936057461,lexical_only,153.08249999998225,9.200799999916853,677.5896999999986,839.8729999998977,one shared preloaded model
syn-a57f20ab453bcc50,lexical_only,155.82319999998617,8.832700000084515,378.10160000003634,542.757500000107,one shared preloaded model
syn-b537f820589525b6,lexical_only,152.45580000009795,5.1548000001275796,397.62500000006185,555.2356000002874,one shared preloaded model
syn-affaeb4880b07259,lexical_only,141.45280000002458,5.141600000115432,398.2791000000816,544.8735000002216,one shared preloaded model
syn-43db141b9ef5f25b,lexical_only,150.1506999998128,8.546600000045146,451.7234999998436,610.4207999997016,one shared preloaded model
syn-f9c4510f0353abea,lexical_only,141.80839999994532,5.37369999983639,361.384100000123,508.5661999999047,one shared preloaded model
syn-f406b352092ac7b5,lexical_only,150.78429999994114,8.835599999883925,309.8726999999144,469.49259999973947,one shared preloaded model
syn-88ac3ede93fe2e67,lexical_only,145.76069999998253,8.403199999975186,398.25980000000527,552.423699999963,one shared preloaded model
syn-51318c5bfa14c67f,lexical_only,166.0692000000381,8.10179999984939,270.97520000006625,445.14619999995375,one shared preloaded model
syn-ad5e0bc64879f80a,lexical_only,145.73010000003705,5.496199999925011,428.56800000004114,579.7943000000032,one shared preloaded model
syn-c43411c38527d72e,lexical_only,150.87070000004132,8.763600000065708,620.1711000001069,779.8054000002139,one shared preloaded model
syn-431c00e831022a2a,lexical_only,161.63590000019212,9.083499999860578,320.0292999999874,490.7487000000401,one shared preloaded model
syn-6687e551b8a5dd1d,lexical_only,155.93069999999898,7.850299999972776,407.61799999995674,571.3989999999285,one shared preloaded model
syn-1d6120d9a67b60d7,lexical_only,145.6637999999657,4.964299999983268,425.76450000001387,576.3925999999628,one shared preloaded model
syn-e61c5d7164592e23,lexical_only,156.58539999981258,5.4284000000279775,404.45950000002995,566.4732999998705,one shared preloaded model
syn-e4ff93eae9707fbd,lexical_only,142.26929999995264,5.297199999859004,385.1746999998795,532.7411999996912,one shared preloaded model
syn-ba808a11522be770,lexical_only,145.44290000003457,5.101599999989048,279.2799000001196,429.8244000001432,one shared preloaded model
syn-e75d894604fbad56,lexical_only,156.5722000000278,5.317999999988388,917.0250999998188,1078.915299999835,one shared preloaded model
syn-81aa58224069e767,lexical_only,148.59389999992345,5.2155999999286,182.7751000000717,336.58459999992374,one shared preloaded model
syn-2902d35b1a2f7be5,lexical_only,168.2911000000331,9.01760000010654,384.9689999999555,562.2777000000951,one shared preloaded model
syn-a1760638182488fb,lexical_only,156.9136000000526,9.569699999929071,1220.2202999999372,1386.7035999999189,one shared preloaded model
syn-9c715ed6199bf520,lexical_only,145.1345999998921,4.902000000129192,309.4406000000163,459.47720000003756,one shared preloaded model
syn-f0c2108aa2330340,lexical_only,160.30389999991712,8.614899999884074,396.75260000012713,565.6713999999283,one shared preloaded model
syn-4b5de9f94f2ba5b1,lexical_only,154.15310000003046,5.015499999899475,387.81859999994595,546.9871999998759,one shared preloaded model
syn-679d3b5fa84badd3,lexical_only,145.98449999994045,8.446300000059637,362.1554000001197,516.5862000001198,one shared preloaded model
syn-85b3a7f9d6f7e382,lexical_only,149.26259999992908,5.406799999946088,452.2892999998476,606.9586999997227,one shared preloaded model
syn-01896bfd1d3cfd0a,lexical_only,160.924199999954,8.653200000026118,288.3756999999605,457.9530999999406,one shared preloaded model
syn-16e53ff3f73099ab,lexical_only,160.3339999999207,8.839899999884437,399.3422000000919,568.516099999897,one shared preloaded model
syn-92f8fd17ac5e02e2,lexical_only,166.0891999999876,6.927200000063749,318.33159999996496,491.3480000000163,one shared preloaded model
syn-6e4abb442c9a39da,lexical_only,158.1931999999142,9.112600000207749,598.7686000000849,766.0744000002069,one shared preloaded model
syn-3e2201052e4f2255,lexical_only,150.50310000015088,5.484600000045248,583.5225999999238,739.51030000012,one shared preloaded model
syn-5aeb66468233396d,lexical_only,149.81669999997393,7.437399999844274,368.74630000011166,526.0003999999299,one shared preloaded model
syn-fe6c9ad31083137a,lexical_only,159.36970000007022,5.629799999951501,402.0216999999775,567.0211999999992,one shared preloaded model
syn-30815d67f0428cc6,lexical_only,156.8714,8.692999999993845,449.0974999998798,614.6618999998736,one shared preloaded model
syn-3d3c2ed79da33a22,lexical_only,174.0110000000641,8.75499999983731,434.76540000006025,617.5313999999616,one shared preloaded model
syn-4562f4ef285e1a60,lexical_only,165.97939999996925,8.743200000026263,368.99029999995037,543.7128999999459,one shared preloaded model
syn-542842aa508c8bd3,lexical_only,166.11140000009073,8.43299999996816,314.3124999999145,488.8568999999734,one shared preloaded model
syn-ff5fdb1c924ff011,lexical_only,158.7953999999172,5.270399999972142,848.6557000001085,1012.7214999999978,one shared preloaded model
syn-f948084fe9047372,lexical_only,146.08900000007452,8.50599999989754,276.08299999997143,430.6779999999435,one shared preloaded model
syn-eca6c8909ab4b690,lexical_only,171.42330000001493,9.260400000130176,393.30870000003415,573.9924000001793,one shared preloaded model
syn-3b01ee6ed97f202e,lexical_only,150.0633000000562,4.723500000181957,698.3990000001086,853.1858000003467,one shared preloaded model
syn-85dd8b1d1314ead4,lexical_only,150.18369999984316,5.3376000000753265,420.0714999999491,575.5927999998676,one shared preloaded model
syn-c1eef09c28fa823f,lexical_only,140.47770000001947,5.080200000065815,428.18800000009105,573.7459000001763,one shared preloaded model
syn-69b79262e663edbd,lexical_only,149.43109999990156,8.665099999916492,432.0897000000059,590.185899999824,one shared preloaded model
syn-b8b3a77cfa8c16f2,lexical_only,155.089400000179,4.979399999911038,327.2921000000224,487.36090000011245,one shared preloaded model
syn-ca97c0416d50fb84,lexical_only,156.2095000001591,8.708900000101494,391.13029999998616,556.0487000002468,one shared preloaded model
syn-4604b4fa5c6898fe,lexical_only,158.05300000010902,8.796000000074855,307.90479999996023,474.7538000001441,one shared preloaded model
syn-863153ad3cbab327,lexical_only,165.66000000011627,5.878599999959988,376.3296999998147,547.868299999891,one shared preloaded model
syn-032d8f2aeefb00f3,lexical_only,157.6806000000488,9.098600000015722,144.4115999997848,311.19079999984933,one shared preloaded model
syn-3196524b41afd7ed,lexical_only,157.27620000006937,5.33980000000156,328.669600000012,491.2856000000829,one shared preloaded model
syn-5bc0918118aed5fe,lexical_only,162.78180000017528,9.302700000034747,719.0514999999778,891.1360000001878,one shared preloaded model
syn-a43a2f2f6e37db4a,lexical_only,137.17739999992773,4.762900000059744,478.250399999979,620.1906999999665,one shared preloaded model
syn-024b572698b52439,lexical_only,137.24010000009912,5.180300000120042,358.1205000000409,500.5409000002601,one shared preloaded model
syn-bb7fda45131ba97d,lexical_only,152.43209999994178,8.50229999991825,409.4755000000987,570.4098999999587,one shared preloaded model
syn-ecb387c40a2db688,lexical_only,147.8033000000778,8.420699999987846,385.928100000001,542.1521000000666,one shared preloaded model
syn-69c4690b996cc6cb,lexical_only,144.19709999992847,5.0111000000470085,376.9347999998445,526.14299999982,one shared preloaded model
syn-3b1df5bbc6824136,lexical_only,159.23609999981636,5.036600000039471,296.3651000000027,460.63779999985854,one shared preloaded model
syn-c60f5e15a8b0cb03,lexical_only,164.11410000000615,8.673399999906906,423.8674999999148,596.6549999998279,one shared preloaded model
syn-6f54aa0bb1a1429b,lexical_only,140.8464000001004,5.247699999927136,141.42519999995784,287.5192999999854,one shared preloaded model
syn-86aea91d8e1a7f33,lexical_only,146.34320000004664,9.04179999997723,670.9917000000587,826.3767000000826,one shared preloaded model
syn-8d3fedb982f07b00,lexical_only,147.56340000008095,5.170099999986633,588.9526000000842,741.6861000001518,one shared preloaded model
syn-91b7b2e6ba4e6ddb,lexical_only,169.90390000000843,8.570400000053269,375.8748000000196,554.3491000000813,one shared preloaded model
syn-b546dc51d12bd116,lexical_only,155.2265999998781,8.505899999818212,351.555499999904,515.2879999996003,one shared preloaded model
syn-1f728fa470d36e6b,lexical_only,152.3056999999426,8.792500000026848,333.74140000000807,494.8395999999775,one shared preloaded model
syn-a5f2d31431c45923,lexical_only,155.8053999999629,8.60770000008415,383.9731999999003,548.3862999999474,one shared preloaded model
syn-55a0e73329354d20,lexical_only,164.9920000002112,8.360700000139332,345.3547999999955,518.707500000346,one shared preloaded model
syn-0e5043c93671b74b,lexical_only,157.39140000005136,4.174200000079509,280.8350000000246,442.40060000015546,one shared preloaded model
syn-336643bb0465d76d,lalm,530.3237000000536,9.526499999992666,360.16250000011496,900.0127000001612,one shared preloaded model
syn-4d5d147b8dca8f90,lalm,448.19060000008903,6.053500000007261,373.5538999999335,827.7980000000298,one shared preloaded model
syn-716af7f211748a77,lalm,470.0795000001108,10.412999999971362,391.1849999999504,871.6775000000325,one shared preloaded model
syn-0351cae957bcb7be,lalm,480.6326000000354,10.238900000103968,385.9025000001566,876.7740000002959,one shared preloaded model
syn-a03a7858b116e564,lalm,501.86299999995754,10.339199999862103,234.99839999999494,747.2005999998146,one shared preloaded model
syn-2e9fd4cd6e642b4d,lalm,487.02860000003056,10.599800000136383,367.0415999999932,864.6700000001601,one shared preloaded model
syn-fcc5b3e16c715c19,lalm,532.0309000001089,11.59789999996974,581.4423000001625,1125.0711000002411,one shared preloaded model
syn-81bb6482ee725b0c,lalm,470.1436000000285,11.064899999837507,361.20789999995395,842.41639999982,one shared preloaded model
syn-9fcf7a6936057461,lalm,453.325699999823,7.033599999886064,936.6683000000648,1397.0275999997739,one shared preloaded model
syn-a57f20ab453bcc50,lalm,627.0382999998674,10.933099999874685,533.6151999999856,1171.5865999997277,one shared preloaded model
syn-b537f820589525b6,lalm,610.2141000001211,10.685100000046077,586.4326000000801,1207.3318000002473,one shared preloaded model
syn-affaeb4880b07259,lalm,620.5798999999388,10.600699999940844,554.0435999998863,1185.224199999766,one shared preloaded model
syn-43db141b9ef5f25b,lalm,617.0443999999407,10.470700000041688,526.4796000001297,1153.994700000112,one shared preloaded model
syn-f9c4510f0353abea,lalm,625.5571999997755,10.925000000042928,523.9231999998992,1160.4053999997177,one shared preloaded model
syn-f406b352092ac7b5,lalm,614.4500000000335,10.667300000022806,321.95839999985765,947.0756999999139,one shared preloaded model
syn-88ac3ede93fe2e67,lalm,615.6145999998444,11.431000000129643,530.593700000054,1157.639300000028,one shared preloaded model
syn-51318c5bfa14c67f,lalm,599.5540000001256,10.574500000075204,217.3801999999796,827.5087000001804,one shared preloaded model
syn-ad5e0bc64879f80a,lalm,583.8097999999263,11.183200000004945,569.4581999998718,1164.451199999803,one shared preloaded model
syn-c43411c38527d72e,lalm,602.3965000001681,10.540100000071106,887.3340999998618,1500.270700000101,one shared preloaded model
syn-431c00e831022a2a,lalm,602.4568000000272,10.60419999998885,498.6873000000287,1111.7483000000448,one shared preloaded model
syn-6687e551b8a5dd1d,lalm,595.2454000000671,10.38010000002032,573.622000000114,1179.2475000002014,one shared preloaded model
syn-1d6120d9a67b60d7,lalm,610.4230000000825,10.72270000008757,556.5096000000267,1177.6553000001968,one shared preloaded model
syn-e61c5d7164592e23,lalm,586.8386999998165,10.353399999985413,457.675300000119,1054.867399999921,one shared preloaded model
syn-e4ff93eae9707fbd,lalm,609.4797999999173,10.442700000112382,476.99569999986124,1096.918199999891,one shared preloaded model
syn-ba808a11522be770,lalm,550.2461999999468,10.698999999931402,666.0538999999517,1226.99909999983,one shared preloaded model
syn-e75d894604fbad56,lalm,586.0447000000022,10.246999999935724,486.26869999998235,1082.5603999999203,one shared preloaded model
syn-81aa58224069e767,lalm,572.6999000000887,10.53700000011304,187.5416000000314,770.7785000002332,one shared preloaded model
syn-2902d35b1a2f7be5,lalm,574.6663999998418,7.529400000066744,481.8457999999737,1064.0415999998822,one shared preloaded model
syn-a1760638182488fb,lalm,597.1365999998852,11.126600000125109,785.4979999999614,1393.7611999999717,one shared preloaded model
syn-9c715ed6199bf520,lalm,577.8622000000269,11.06900000013411,418.5495000001538,1007.4807000003148,one shared preloaded model
syn-f0c2108aa2330340,lalm,558.4678000000167,7.085300000198913,432.12319999997817,997.6763000001938,one shared preloaded model
syn-4b5de9f94f2ba5b1,lalm,557.2544000001471,7.121800000049916,484.17460000018764,1048.5508000003847,one shared preloaded model
syn-679d3b5fa84badd3,lalm,597.2756000001027,10.207999999920503,510.38420000008955,1117.8678000001128,one shared preloaded model
syn-85b3a7f9d6f7e382,lalm,599.1933000000245,10.710399999879883,461.5863999999874,1071.4900999998918,one shared preloaded model
syn-01896bfd1d3cfd0a,lalm,548.5309999999117,10.655600000063714,329.7165999999834,888.9031999999588,one shared preloaded model
syn-16e53ff3f73099ab,lalm,573.8516999999774,10.562599999957456,515.3715999999804,1099.7858999999153,one shared preloaded model
syn-92f8fd17ac5e02e2,lalm,574.7311000000082,11.129000000209999,731.9038000000546,1317.7639000002728,one shared preloaded model
syn-6e4abb442c9a39da,lalm,636.3139000000047,11.111300000038682,449.1559000000507,1096.581100000094,one shared preloaded model
syn-3e2201052e4f2255,lalm,621.3053999999829,10.354699999879813,789.8334999999861,1421.4935999998488,one shared preloaded model
syn-5aeb66468233396d,lalm,553.5191999999824,10.346099999878788,429.604000000154,993.4693000000152,one shared preloaded model
syn-fe6c9ad31083137a,lalm,455.93029999986356,10.547800000040297,471.3937999999871,937.871899999891,one shared preloaded model
syn-30815d67f0428cc6,lalm,572.4912999999106,9.580000000141808,508.73139999998784,1090.8027000000402,one shared preloaded model
syn-3d3c2ed79da33a22,lalm,586.3294999999198,10.238600000093356,529.5920000000933,1126.1601000001065,one shared preloaded model
syn-4562f4ef285e1a60,lalm,595.3614000000016,7.225599999856058,485.63899999999194,1088.2259999998496,one shared preloaded model
syn-542842aa508c8bd3,lalm,518.7941000001501,10.533099999975093,844.6823000001586,1374.0095000002839,one shared preloaded model
syn-ff5fdb1c924ff011,lalm,603.8195000000997,10.25260000005801,461.01520000001983,1075.0873000001775,one shared preloaded model
syn-f948084fe9047372,lalm,604.2182999999568,10.25060000006306,635.1559999998244,1249.6248999998443,one shared preloaded model
syn-eca6c8909ab4b690,lalm,593.840900000032,11.069600000155333,476.1444000000665,1081.0549000002538,one shared preloaded model
syn-3b01ee6ed97f202e,lalm,573.8875999998072,11.04710000004161,924.2980999999872,1509.232799999836,one shared preloaded model
syn-85dd8b1d1314ead4,lalm,583.2304999998996,10.498599999891667,509.140699999989,1102.8697999997803,one shared preloaded model
syn-c1eef09c28fa823f,lalm,605.9563000001162,10.36019999992277,487.8127999998014,1104.1292999998404,one shared preloaded model
syn-69b79262e663edbd,lalm,587.4326000000565,10.465399999930014,586.2943999998151,1184.1923999998016,one shared preloaded model
syn-b8b3a77cfa8c16f2,lalm,592.9853000000094,10.634699999855002,533.6853999999676,1137.305399999832,one shared preloaded model
syn-ca97c0416d50fb84,lalm,608.4380999998302,10.525400000005902,419.2061000001104,1038.1695999999465,one shared preloaded model
syn-4604b4fa5c6898fe,lalm,616.8526000001293,10.652699999809556,304.0164999999888,931.5217999999277,one shared preloaded model
syn-863153ad3cbab327,lalm,529.260000000022,10.472700000036639,603.80350000014,1143.5362000001987,one shared preloaded model
syn-032d8f2aeefb00f3,lalm,621.7211999999108,11.098599999968428,212.53909999995813,845.3588999998374,one shared preloaded model
syn-3196524b41afd7ed,lalm,607.7700000000732,11.010299999952622,430.9107999999924,1049.6911000000182,one shared preloaded model
syn-5bc0918118aed5fe,lalm,565.5974999999671,10.586500000044907,821.6049000000112,1397.7889000000232,one shared preloaded model
syn-a43a2f2f6e37db4a,lalm,586.2541000001329,10.58580000017173,572.0772999998189,1168.9172000001236,one shared preloaded model
syn-024b572698b52439,lalm,587.9414999999426,11.056399999915811,410.28380000011566,1009.2816999999741,one shared preloaded model
syn-bb7fda45131ba97d,lalm,578.8680999999087,10.392099999990023,454.49329999996735,1043.753499999866,one shared preloaded model
syn-ecb387c40a2db688,lalm,582.4873999999909,10.555199999998877,508.1689999999526,1101.2115999999423,one shared preloaded model
syn-69c4690b996cc6cb,lalm,610.329899999897,10.450300000002244,469.9365999999827,1090.716799999882,one shared preloaded model
syn-3b1df5bbc6824136,lalm,607.397600000013,10.359699999980876,326.2778000000708,944.0351000000646,one shared preloaded model
syn-c60f5e15a8b0cb03,lalm,617.3262999998315,10.936899999933303,438.0842999999004,1066.3474999996652,one shared preloaded model
syn-6f54aa0bb1a1429b,lalm,568.8162000001284,11.309299999993527,218.07220000005145,798.1977000001734,one shared preloaded model
syn-86aea91d8e1a7f33,lalm,571.9390000001567,10.958000000073298,587.6142000001892,1170.5112000004192,one shared preloaded model
syn-8d3fedb982f07b00,lalm,600.4250000000866,10.747999999921376,666.2074000000757,1277.3804000000837,one shared preloaded model
syn-91b7b2e6ba4e6ddb,lalm,603.1533000000309,10.804199999938646,418.8948999999411,1032.8523999999106,one shared preloaded model
syn-b546dc51d12bd116,lalm,623.682300000155,10.963800000126867,437.561100000039,1072.2072000003209,one shared preloaded model
syn-1f728fa470d36e6b,lalm,546.3494999999057,10.31979999993382,526.4382000000296,1083.107499999869,one shared preloaded model
syn-a5f2d31431c45923,lalm,593.3035000000473,10.604900000089401,493.79980000003343,1097.70820000017,one shared preloaded model
syn-55a0e73329354d20,lalm,567.8557999999612,11.053800000127012,486.19379999990997,1065.1033999999981,one shared preloaded model
syn-0e5043c93671b74b,lalm,607.1570999999949,10.74319999997897,468.49889999998595,1086.3991999999598,one shared preloaded model
syn-64d7e0174f62e547,vanilla,2.8236000000561035,0.001300000121773337,350.83050000002913,353.655400000207,one shared preloaded model
syn-3893f5619d90e0bb,vanilla,0.23260000011759985,0.0006000000212225132,264.23899999986133,264.47220000000016,one shared preloaded model
syn-f3716c206a95faac,vanilla,0.21109999988766504,0.0006000000212225132,298.9143999998305,299.1260999997394,one shared preloaded model
syn-333a0eb60e11d2c7,vanilla,0.24639999992359662,0.0006999998731771484,304.9134000000322,305.16049999982897,one shared preloaded model
syn-ad39c1e6a90dc34a,vanilla,0.32489999989593343,0.0009000000318337698,279.90630000022065,280.2321000001484,one shared preloaded model
syn-1ca7c3ca32921822,vanilla,0.29640000002473244,0.0006999998731771484,287.67020000009325,287.96729999999116,one shared preloaded model
syn-17eb2388779556ee,vanilla,0.25610000011511147,0.0007000001005508238,278.67940000010094,278.9362000003166,one shared preloaded model
syn-c9c2612042f12207,vanilla,0.2703000000110478,0.0007000001005508238,264.57269999991695,264.84370000002855,one shared preloaded model
syn-3d0ac357ac736d24,vanilla,0.2302000000327098,0.0007000001005508238,274.8011999999562,275.0321000000895,one shared preloaded model
syn-3742489ab8f15470,vanilla,0.2343999999538937,0.0007000001005508238,308.6222000001726,308.85730000022704,one shared preloaded model
syn-10523c271c441f97,vanilla,0.4982999998901505,0.0006000000212225132,333.6254999999255,334.1243999998369,one shared preloaded model
syn-a32722b4cd47a410,vanilla,0.2509000000827655,0.0006000000212225132,344.0567000000101,344.3082000001141,one shared preloaded model
syn-1c4e873629998a82,vanilla,0.4120000000966684,0.0007999999525054591,297.66909999989366,298.08189999994283,one shared preloaded model
syn-c6e856fef964e025,vanilla,0.23220000002766028,0.0007000001005508238,265.33169999993333,265.56460000006155,one shared preloaded model
syn-ef0ea80df7ab7610,vanilla,0.22930000000087603,0.0007000001005508238,272.61829999997644,272.84830000007787,one shared preloaded model
syn-6690b5aeb7d47475,vanilla,0.2551000000039494,0.0006000000212225132,302.18680000007225,302.4425000000974,one shared preloaded model
syn-18b175a182f0df18,vanilla,0.25120000009337673,0.0007000001005508238,224.96990000013284,225.22180000032677,one shared preloaded model
syn-e0d51901d0f5b5b8,vanilla,0.2311999999164982,0.0006000000212225132,312.21720000007736,312.4490000000151,one shared preloaded model
syn-9b3792e76618737c,vanilla,0.2297000000908156,0.0006000000212225132,285.5804000000717,285.8107000001837,one shared preloaded model
syn-3748fc148bf2622f,vanilla,0.25959999993574456,0.0006999998731771484,268.17269999992277,268.4329999997317,one shared preloaded model
syn-e3d8db93f0637e3e,vanilla,0.24020000000746222,0.0006000000212225132,271.9214999999622,272.16229999999086,one shared preloaded model
syn-e572568df2ca85b2,vanilla,0.32820000001265726,0.0009000000318337698,205.99189999984446,206.32099999988895,one shared preloaded model
syn-7d14722ba7ae7c57,vanilla,0.22290000015345868,0.0005999997938488377,241.41740000004575,241.64089999999305,one shared preloaded model
syn-59e997a9e8f08cd5,vanilla,0.22199999989425123,0.0006000000212225132,274.7767999999269,274.99939999984235,one shared preloaded model
syn-f6825c0a97c0cc66,vanilla,0.2482999998392188,0.0006999998731771484,248.03039999983412,248.2793999995465,one shared preloaded model
syn-f665c1b45c973f9a,vanilla,0.25430000005144393,0.0006000000212225132,280.9902999999849,281.2452000000576,one shared preloaded model
syn-2b9522be5ae9d37c,vanilla,0.9615999999823543,0.003999999989900971,344.7911999999178,345.75679999989006,one shared preloaded model
syn-62ba612ec1f74341,vanilla,0.378400000045076,0.0007999999525054591,341.59060000001773,341.9698000000153,one shared preloaded model
syn-757384914f863b7a,vanilla,0.2748999997947976,0.0006000000212225132,329.08930000007786,329.3647999998939,one shared preloaded model
syn-1ccc5b3e2f033f9d,vanilla,0.24970000004032045,0.0006000000212225132,307.69310000005134,307.9434000001129,one shared preloaded model
syn-1c58689a699e4311,vanilla,0.24770000004536996,0.0006999998731771484,292.79189999988375,293.0402999998023,one shared preloaded model
syn-8f667a8e66f3dcb5,vanilla,0.24090000010801305,0.0006000000212225132,233.79860000000008,234.0401000001293,one shared preloaded model
syn-7ea4650ad829b7cd,vanilla,0.23690000011811208,0.0007999999525054591,218.39989999989484,218.63759999996546,one shared preloaded model
syn-5ebd58e83a08818d,vanilla,0.23820000001251174,0.0007000001005508238,244.1647999999077,244.40370000002076,one shared preloaded model
syn-417c2a5538455deb,vanilla,0.24389999998675194,0.0007000001005508238,292.5341000000117,292.778700000099,one shared preloaded model
syn-63ac5c001e3d1b00,vanilla,0.23269999996955448,0.0004999999418942025,347.50830000007227,347.7414999999837,one shared preloaded model
syn-db075c6f66e7f9fa,vanilla,0.2504999999928259,0.0006000000212225132,259.1793999999936,259.43050000000767,one shared preloaded model
syn-a4fb46626c3609cc,vanilla,0.2312999999958265,0.0007999999525054591,267.8728000000774,268.10490000002574,one shared preloaded model
syn-c6ddfab25d63327d,vanilla,0.2302000000327098,0.0006999998731771484,253.54940000011084,253.78030000001672,one shared preloaded model
syn-ad99554ab0c1f129,vanilla,0.2362999998695159,0.0006000000212225132,233.96690000004128,234.20379999993202,one shared preloaded model
syn-f38282dbb7950711,vanilla,0.32919999989644566,0.0007999999525054591,262.13430000007065,262.4642999999196,one shared preloaded model
syn-21293ba09b4f5ebb,vanilla,0.24819999998726416,0.0006999998731771484,238.43829999987065,238.6871999997311,one shared preloaded model
syn-a8a4226f41b26323,vanilla,0.24399999983870657,0.0007999999525054591,301.43969999994624,301.68449999973745,one shared preloaded model
syn-2192eae82c387036,vanilla,0.22310000008474162,0.0005999997938488377,355.43009999992137,355.65379999979996,one shared preloaded model
syn-fa65a3e9be183392,vanilla,0.43929999992542434,0.0007999999525054591,335.5191000000559,335.95919999993384,one shared preloaded model
syn-d0f5075dc2165ee1,vanilla,0.24860000007720373,0.0006999998731771484,365.69489999988036,365.94419999983074,one shared preloaded model
syn-f3f3c52fddbc055d,vanilla,0.2577000000201224,0.0007000001005508238,282.2566999998344,282.51509999995505,one shared preloaded model
syn-aa34237525453142,vanilla,0.228099999958431,0.0006000000212225132,323.270999999977,323.49969999995665,one shared preloaded model
syn-02dfcf7592547872,vanilla,0.4010999998627085,0.0009000000318337698,397.79010000006565,398.1920999999602,one shared preloaded model
syn-761be3e3023ef503,vanilla,0.25860000005195616,0.0009000000318337698,278.65459999998166,278.91410000006545,one shared preloaded model
syn-64d7e0174f62e547,window,0.36959999988539494,0.011099999937869143,526.2628999998924,526.6435999997157,one shared preloaded model
syn-3893f5619d90e0bb,window,0.3753000000870088,0.0033999999686784577,584.3469000001278,584.7256000001835,one shared preloaded model
syn-f3716c206a95faac,window,0.3649000000223168,0.010199999906035373,652.0237999998244,652.3988999997528,one shared preloaded model
syn-333a0eb60e11d2c7,window,0.3854999999930442,0.006600000006073969,637.3742999999195,637.7663999999186,one shared preloaded model
syn-ad39c1e6a90dc34a,window,0.3762999999707972,0.005799999826194835,587.2120999999879,587.5941999997849,one shared preloaded model
syn-1ca7c3ca32921822,window,0.4464999999527208,0.003800000058618025,558.5869999999886,559.0373,one shared preloaded model
syn-17eb2388779556ee,window,0.3858999998556101,0.0037999998312443495,522.1291000000292,522.5187999997161,one shared preloaded model
syn-c9c2612042f12207,window,0.6593999999040534,0.009800000043469481,565.3586000000814,566.027800000029,one shared preloaded model
syn-3d0ac357ac736d24,window,0.3639000001385284,0.004300000000512227,651.7900000001191,652.1582000002581,one shared preloaded model
syn-3742489ab8f15470,window,0.38070000005063775,0.0050999999530176865,536.0685999999077,536.4543999999114,one shared preloaded model
syn-10523c271c441f97,window,0.4218999999920925,0.0068999997893115506,490.57730000004085,491.00609999982225,one shared preloaded model
syn-a32722b4cd47a410,window,0.48560000004727044,0.005000000101063051,541.1463000000367,541.636900000185,one shared preloaded model
syn-1c4e873629998a82,window,0.3538999999364023,0.005999999984851456,595.5939999998918,595.9538999998131,one shared preloaded model
syn-c6e856fef964e025,window,0.37440000005517504,0.006200000143508078,524.873800000023,525.2544000002217,one shared preloaded model
syn-ef0ea80df7ab7610,window,0.3678000000491011,0.003800000058618025,526.9550000000436,527.3266000001513,one shared preloaded model
syn-6690b5aeb7d47475,window,0.396499999851585,0.00389999991057266,507.3519000000033,507.75229999976546,one shared preloaded model
syn-18b175a182f0df18,window,0.35869999987880874,0.003999999989900971,511.6422999999486,512.0049999998173,one shared preloaded model
syn-e0d51901d0f5b5b8,window,0.3684000000703236,0.0041000000692292815,518.6166999999386,518.9892000000782,one shared preloaded model
syn-9b3792e76618737c,window,0.3715000000283908,0.003800000058618025,555.7677000001604,556.1430000002474,one shared preloaded model
syn-3748fc148bf2622f,window,0.37319999978535634,0.0036999999792897142,514.7273000000041,515.1041999997688,one shared preloaded model
syn-e3d8db93f0637e3e,window,0.47670000003563473,0.004600000011123484,552.7247999998508,553.2060999998976,one shared preloaded model
syn-e572568df2ca85b2,window,0.4164000001765089,0.0036999999792897142,623.4685000001718,623.8886000003276,one shared preloaded model
syn-7d14722ba7ae7c57,window,0.3737000001819979,0.003600000127335079,547.0718000001398,547.4491000004491,one shared preloaded model
syn-59e997a9e8f08cd5,window,0.38180000001375447,0.003999999989900971,512.774600000057,513.1604000000607,one shared preloaded model
syn-f6825c0a97c0cc66,window,0.36660000000665605,0.0039000001379463356,554.5524999999998,554.9230000001444,one shared preloaded model
syn-f665c1b45c973f9a,window,0.38729999982933805,0.004099999841855606,512.7403000001323,513.1316999998035,one shared preloaded model
syn-2b9522be5ae9d37c,window,0.4021999998258252,0.004399999852466863,539.0219999999317,539.42859999961,one shared preloaded model
syn-62ba612ec1f74341,window,0.4063999999743828,0.004400000079840538,580.9393000001819,581.3501000002361,one shared preloaded model
syn-757384914f863b7a,window,0.6318000000646862,0.005399999963628943,511.4544000000478,512.0916000000761,one shared preloaded model
syn-1ccc5b3e2f033f9d,window,0.4037999999582098,0.0039000001379463356,563.1341999999222,563.5419000000184,one shared preloaded model
syn-1c58689a699e4311,window,0.37909999991825316,0.0033000001167238224,533.0634999997983,533.4458999998333,one shared preloaded model
syn-8f667a8e66f3dcb5,window,0.39199999991978984,0.0036999999792897142,527.3701999999503,527.7658999998494,one shared preloaded model
syn-7ea4650ad829b7cd,window,0.3763000001981709,0.0036999999792897142,492.3334000000068,492.71340000018427,one shared preloaded model
syn-5ebd58e83a08818d,window,0.4010999998627085,0.006299999995462713,530.4343000000245,530.8416999998826,one shared preloaded model
syn-417c2a5538455deb,window,0.37190000011833035,0.003800000058618025,454.87630000002355,455.2520000002005,one shared preloaded model
syn-63ac5c001e3d1b00,window,0.36470000009103387,0.0036999999792897142,549.2523000000347,549.620700000105,one shared preloaded model
syn-db075c6f66e7f9fa,window,0.5791000000954227,0.047200000153679866,479.4712000000345,480.0975000002836,one shared preloaded model
syn-a4fb46626c3609cc,window,0.41190000001734006,0.004700000090451795,534.8595999998906,535.2761999999984,one shared preloaded model
syn-c6ddfab25d63327d,window,0.3895999998348998,0.0033999999686784577,556.5369999999348,556.9299999997384,one shared preloaded model
syn-ad99554ab0c1f129,window,0.655800000004092,0.010900000006586197,568.949499999917,569.6161999999276,one shared preloaded model
syn-f38282dbb7950711,window,0.44300000013208773,0.006900000016685226,479.5066000001498,479.95650000029855,one shared preloaded model
syn-21293ba09b4f5ebb,window,0.3558999999313528,0.0035000000480067683,503.785599999901,504.1449999998804,one shared preloaded model
syn-a8a4226f41b26323,window,0.34849999997277337,0.0036999999792897142,557.4081000002025,557.7603000001545,one shared preloaded model
syn-2192eae82c387036,window,0.8017000000108965,0.014700000065204222,494.98739999989994,495.80379999997604,one shared preloaded model
syn-fa65a3e9be183392,window,0.3626000000167551,0.004000000217274646,524.5548000000326,524.9214000002667,one shared preloaded model
syn-d0f5075dc2165ee1,window,0.3965999999309133,0.00760000011723605,522.7477000000817,523.1519000001299,one shared preloaded model
syn-f3f3c52fddbc055d,window,0.3677999998217274,0.00670000008540228,506.45970000005036,506.8341999999575,one shared preloaded model
syn-aa34237525453142,window,0.36199999999553256,0.003499999820633093,528.5303000000567,528.8957999998729,one shared preloaded model
syn-02dfcf7592547872,window,0.36470000009103387,0.0039000001379463356,565.717100000029,566.0857000002579,one shared preloaded model
syn-761be3e3023ef503,window,0.6270000001222797,0.0087999999323074,502.07290000003013,502.7087000000847,one shared preloaded model
syn-64d7e0174f62e547,rag,312.9559999999856,9.727599999905578,461.71079999999165,784.3943999998828,one shared preloaded model
syn-3893f5619d90e0bb,rag,306.9226999998591,8.798399999932371,411.06730000001335,726.7883999998048,one shared preloaded model
syn-f3716c206a95faac,rag,315.9580999999889,10.295799999994415,548.7192999999024,874.9731999998858,one shared preloaded model
syn-333a0eb60e11d2c7,rag,306.78360000001703,11.17759999988266,514.5668000000114,832.5279999999111,one shared preloaded model
syn-ad39c1e6a90dc34a,rag,310.1598999999169,9.646699999848352,399.9870000000101,719.7935999997753,one shared preloaded model
syn-1ca7c3ca32921822,rag,319.8433000000023,9.336599999869577,521.6891000000032,850.8689999998751,one shared preloaded model
syn-17eb2388779556ee,rag,316.19320000004336,10.185400000182199,203.26969999996436,529.6483000001899,one shared preloaded model
syn-c9c2612042f12207,rag,321.19109999985085,8.912699999882534,550.2357999998821,880.3395999996155,one shared preloaded model
syn-3d0ac357ac736d24,rag,324.6681000000535,9.196099999826401,902.418900000157,1236.283100000037,one shared preloaded model
syn-3742489ab8f15470,rag,313.7461000001167,9.017000000085318,373.1055999999171,695.8687000001191,one shared preloaded model
syn-10523c271c441f97,rag,338.15210000011575,5.119100000001708,447.0573000000968,790.3285000002143,one shared preloaded model
syn-a32722b4cd47a410,rag,332.6003999998193,9.708400000135953,368.87000000001535,711.1787999999706,one shared preloaded model
syn-1c4e873629998a82,rag,337.2532000000774,8.390799999915544,463.1916999999248,808.8356999999178,one shared preloaded model
syn-c6e856fef964e025,rag,332.06889999996747,9.207000000060361,434.3721000000187,775.6480000000465,one shared preloaded model
syn-ef0ea80df7ab7610,rag,326.4040000001387,10.971300000164774,357.54190000011477,694.9172000004182,one shared preloaded model
syn-6690b5aeb7d47475,rag,320.80329999985224,9.712100000115242,451.0451999999532,781.5605999999207,one shared preloaded model
syn-18b175a182f0df18,rag,331.72639999997955,10.571799999979703,207.4588999998923,549.7570999998516,one shared preloaded model
syn-e0d51901d0f5b5b8,rag,317.4154999999246,9.663600000067163,443.5179999998127,770.5970999998044,one shared preloaded model
syn-9b3792e76618737c,rag,324.7453999999834,14.30249999998523,967.594599999984,1306.6424999999526,one shared preloaded model
syn-3748fc148bf2622f,rag,319.0329000001384,9.318599999915023,350.8065000000897,679.1580000001431,one shared preloaded model
syn-e3d8db93f0637e3e,rag,342.2551000001022,9.672200000068187,434.59359999997105,786.5209000001414,one shared preloaded model
syn-e572568df2ca85b2,rag,350.7049000002098,9.255100000018501,322.0111000000543,681.9711000002826,one shared preloaded model
syn-7d14722ba7ae7c57,rag,326.63240000010774,10.04319999992731,569.7139000001243,906.3895000001594,one shared preloaded model
syn-59e997a9e8f08cd5,rag,344.96409999997013,9.055400000079317,473.7294000001384,827.7489000001879,one shared preloaded model
syn-f6825c0a97c0cc66,rag,357.5383999998394,10.520999999926062,346.84569999990345,714.9050999996689,one shared preloaded model
syn-f665c1b45c973f9a,rag,308.324999999968,9.326699999974153,380.6276999998772,698.2793999998194,one shared preloaded model
syn-2b9522be5ae9d37c,rag,332.4486000001343,10.190500000135216,204.18339999991986,546.8225000001894,one shared preloaded model
syn-62ba612ec1f74341,rag,309.414199999992,10.133100000075501,417.9245999998784,737.4718999999459,one shared preloaded model
syn-757384914f863b7a,rag,325.7527000000664,9.884400000146343,699.5569999999134,1035.1941000001261,one shared preloaded model
syn-1ccc5b3e2f033f9d,rag,333.7463000000298,7.992500000000291,471.6310999999678,813.3698999999979,one shared preloaded model
syn-1c58689a699e4311,rag,317.85889999991923,10.282899999992878,341.58819999993284,669.729999999845,one shared preloaded model
syn-8f667a8e66f3dcb5,rag,326.9318000000112,11.305300000003626,426.3061000001471,764.543200000162,one shared preloaded model
syn-7ea4650ad829b7cd,rag,338.3296999998038,8.909499999845139,503.3814999999322,850.6206999995811,one shared preloaded model
syn-5ebd58e83a08818d,rag,342.74920000007114,8.158500000035929,430.13939999991635,781.0471000000234,one shared preloaded model
syn-417c2a5538455deb,rag,348.80199999997785,11.422600000059902,360.89990000004946,721.1245000000872,one shared preloaded model
syn-63ac5c001e3d1b00,rag,339.55250000008164,6.765600000107952,483.8113999999223,830.1295000001119,one shared preloaded model
syn-db075c6f66e7f9fa,rag,336.0892999999123,8.056800000076692,197.8059000000485,541.9520000000375,one shared preloaded model
syn-a4fb46626c3609cc,rag,318.61269999990327,10.308799999847906,525.0978999999916,854.0193999997427,one shared preloaded model
syn-c6ddfab25d63327d,rag,333.9229999999134,9.032500000103028,893.4469999999237,1236.4024999999401,one shared preloaded model
syn-ad99554ab0c1f129,rag,310.7433000000128,9.289600000101927,481.9774000000052,802.01030000012,one shared preloaded model
syn-f38282dbb7950711,rag,330.77499999990323,10.770300000103816,409.9443000000065,751.4896000000135,one shared preloaded model
syn-21293ba09b4f5ebb,rag,339.65839999996206,8.10130000013487,511.60959999992883,859.3693000000258,one shared preloaded model
syn-a8a4226f41b26323,rag,318.7622000000374,13.079600000082792,440.6361999999717,772.4780000000919,one shared preloaded model
syn-2192eae82c387036,rag,326.09099999990576,9.625099999993836,474.279499999966,809.9955999998656,one shared preloaded model
syn-fa65a3e9be183392,rag,301.6677999999047,9.388299999955052,362.2622999998839,673.3183999997436,one shared preloaded model
syn-d0f5075dc2165ee1,rag,308.92740000012964,10.266600000022663,446.3832999999795,765.5773000001318,one shared preloaded model
syn-f3f3c52fddbc055d,rag,315.67900000004556,9.239400000069509,165.2176000000054,490.1360000001205,one shared preloaded model
syn-aa34237525453142,rag,330.4598000001988,10.581900000033784,375.2741999999216,716.3159000001542,one shared preloaded model
syn-02dfcf7592547872,rag,339.31699999993725,10.558499999888227,780.8717999998862,1130.7472999997117,one shared preloaded model
syn-761be3e3023ef503,rag,340.97280000014507,9.646900000007008,379.2363000000023,729.8560000001544,one shared preloaded model
syn-64d7e0174f62e547,pure_liquid,1170.6101000002036,10.332399999924746,207.92560000018057,1388.868100000309,one shared preloaded model
syn-3893f5619d90e0bb,pure_liquid,1139.1883999999664,10.292500000105065,208.70990000003076,1358.1908000001022,one shared preloaded model
syn-f3716c206a95faac,pure_liquid,1163.472899999988,7.016300000032061,159.2511999999715,1329.7403999999915,one shared preloaded model
syn-333a0eb60e11d2c7,pure_liquid,1108.090600000196,7.508899999947971,130.14650000013717,1245.7460000002811,one shared preloaded model
syn-ad39c1e6a90dc34a,pure_liquid,1137.0879999999488,10.64000000019405,142.04129999984616,1289.769299999989,one shared preloaded model
syn-1ca7c3ca32921822,pure_liquid,1088.4939000000031,7.275800000115851,332.6269000001503,1428.3966000002692,one shared preloaded model
syn-17eb2388779556ee,pure_liquid,1151.5423000000737,10.84309999987454,206.92989999997735,1369.3152999999256,one shared preloaded model
syn-c9c2612042f12207,pure_liquid,1143.2592000001023,11.193600000069637,296.19690000004084,1450.6497000002128,one shared preloaded model
syn-3d0ac357ac736d24,pure_liquid,1123.25409999994,10.800399999880028,860.1559000001089,1994.210399999929,one shared preloaded model
syn-3742489ab8f15470,pure_liquid,1061.6827000001194,8.686300000135816,195.96299999989242,1266.3320000001477,one shared preloaded model
syn-10523c271c441f97,pure_liquid,1135.862999999972,10.457999999971435,267.0424999998886,1413.3634999998321,one shared preloaded model
syn-a32722b4cd47a410,pure_liquid,1040.1075999998284,7.0576999999047985,79.67090000011012,1126.8361999998433,one shared preloaded model
syn-1c4e873629998a82,pure_liquid,1150.1370000000861,10.226500000044325,204.46570000012798,1364.8292000002584,one shared preloaded model
syn-c6e856fef964e025,pure_liquid,1129.2556999999306,10.285300000077768,176.53459999996812,1316.0755999999765,one shared preloaded model
syn-ef0ea80df7ab7610,pure_liquid,1160.8931000000666,10.211400000116555,141.64200000004712,1312.7465000002303,one shared preloaded model
syn-6690b5aeb7d47475,pure_liquid,1138.7876999999662,10.17479999995885,269.9724999999944,1418.9349999999195,one shared preloaded model
syn-18b175a182f0df18,pure_liquid,1102.424800000108,10.384899999962727,207.43240000001606,1320.2421000000868,one shared preloaded model
syn-e0d51901d0f5b5b8,pure_liquid,1162.7674999999726,11.131999999861364,496.20600000002923,1670.1054999998632,one shared preloaded model
syn-9b3792e76618737c,pure_liquid,1191.986500000212,8.184699999901568,658.7977000001501,1858.9689000002636,one shared preloaded model
syn-3748fc148bf2622f,pure_liquid,1033.5711999998693,10.260799999969095,209.66559999988021,1253.4975999997187,one shared preloaded model
syn-e3d8db93f0637e3e,pure_liquid,1111.1789999999928,9.99469999987923,324.2590999998356,1445.4327999997076,one shared preloaded model
syn-e572568df2ca85b2,pure_liquid,1169.2246000000068,10.127900000043155,208.21410000007745,1387.5666000001274,one shared preloaded model
syn-7d14722ba7ae7c57,pure_liquid,1181.159500000149,6.972900000164373,206.5628000000288,1394.695200000342,one shared preloaded model
syn-59e997a9e8f08cd5,pure_liquid,1104.033500000014,10.115100000120947,208.7824999998702,1322.9311000000052,one shared preloaded model
syn-f6825c0a97c0cc66,pure_liquid,1154.7370000000683,10.478799999873445,144.7198999999273,1309.935699999869,one shared preloaded model
syn-f665c1b45c973f9a,pure_liquid,1092.0026000001144,10.485300000027564,400.85720000001857,1503.3451000001605,one shared preloaded model
syn-2b9522be5ae9d37c,pure_liquid,1151.497099999915,10.289900000088892,210.2751000002172,1372.062100000221,one shared preloaded model
syn-62ba612ec1f74341,pure_liquid,1032.5772999999572,10.753699999895616,461.2273999998706,1504.5583999997234,one shared preloaded model
syn-757384914f863b7a,pure_liquid,1158.8268999998945,7.525600000008126,707.2554999999738,1873.6079999998765,one shared preloaded model
syn-1ccc5b3e2f033f9d,pure_liquid,1114.6459999999934,10.513899999978094,178.4626000001026,1303.622500000074,one shared preloaded model
syn-1c58689a699e4311,pure_liquid,850.6686999999147,11.036800000056246,182.69829999985632,1044.4037999998272,one shared preloaded model
syn-8f667a8e66f3dcb5,pure_liquid,922.4483999998938,7.486699999844859,177.6012999998784,1107.536399999617,one shared preloaded model
syn-7ea4650ad829b7cd,pure_liquid,1178.4650000001875,10.670599999912156,209.21049999992647,1398.3461000000261,one shared preloaded model
syn-5ebd58e83a08818d,pure_liquid,1038.222399999995,6.825699999808421,196.2929000001168,1241.3409999999203,one shared preloaded model
syn-417c2a5538455deb,pure_liquid,1138.9438000001064,10.47999999991589,147.00509999988753,1296.4288999999098,one shared preloaded model
syn-63ac5c001e3d1b00,pure_liquid,1127.230499999996,10.231699999849297,505.4480000001149,1642.9101999999602,one shared preloaded model
syn-db075c6f66e7f9fa,pure_liquid,1119.58269999991,10.374300000194125,206.2974000000395,1336.2544000001435,one shared preloaded model
syn-a4fb46626c3609cc,pure_liquid,1089.6817000000283,10.797899999943184,512.4312000000373,1612.9108000000087,one shared preloaded model
syn-c6ddfab25d63327d,pure_liquid,1185.6798999999683,10.129300000016883,588.1577999998626,1783.9669999998478,one shared preloaded model
syn-ad99554ab0c1f129,pure_liquid,1140.2052000000822,10.891399999991336,219.28920000004837,1370.385800000122,one shared preloaded model
syn-f38282dbb7950711,pure_liquid,1185.7159000001047,10.66709999986415,264.8424999999861,1461.225499999955,one shared preloaded model
syn-21293ba09b4f5ebb,pure_liquid,1130.450699999983,10.360699999864664,207.0461000000705,1347.8574999999182,one shared preloaded model
syn-a8a4226f41b26323,pure_liquid,1148.2049999999617,10.190399999828514,205.03310000003694,1363.4284999998272,one shared preloaded model
syn-2192eae82c387036,pure_liquid,1139.9756000000707,10.073299999930896,207.7679999999873,1357.816899999989,one shared preloaded model
syn-fa65a3e9be183392,pure_liquid,1057.611000000179,10.719200000039564,126.66239999998652,1194.9926000002051,one shared preloaded model
syn-d0f5075dc2165ee1,pure_liquid,856.0244000000239,10.993800000051124,494.66430000006767,1361.6825000001427,one shared preloaded model
syn-f3f3c52fddbc055d,pure_liquid,924.9666000000616,10.376799999903596,124.65950000000703,1060.0028999999722,one shared preloaded model
syn-aa34237525453142,pure_liquid,973.0772999998862,9.714000000030865,332.1089999999458,1314.900299999863,one shared preloaded model
syn-02dfcf7592547872,pure_liquid,780.7385999999497,6.842300000016621,392.97369999985676,1180.554599999823,one shared preloaded model
syn-761be3e3023ef503,pure_liquid,886.7396000000554,10.011599999870668,129.93970000002264,1026.6908999999487,one shared preloaded model
syn-64d7e0174f62e547,lexical_only,287.8106000000571,8.670499999880121,375.42919999987134,671.9102999998086,one shared preloaded model
syn-3893f5619d90e0bb,lexical_only,278.7908000000243,8.464600000024802,394.55290000000787,681.808300000057,one shared preloaded model
syn-f3716c206a95faac,lexical_only,282.9790000000685,6.494399999837697,357.468899999958,646.9422999998642,one shared preloaded model
syn-333a0eb60e11d2c7,lexical_only,287.64939999996386,8.571800000026997,386.1311000000569,682.3523000000478,one shared preloaded model
syn-ad39c1e6a90dc34a,lexical_only,266.15270000002056,5.440899999939575,270.6272999998873,542.2208999998475,one shared preloaded model
syn-1ca7c3ca32921822,lexical_only,276.17850000001454,5.039399999986927,368.1022999999186,649.3201999999201,one shared preloaded model
syn-17eb2388779556ee,lexical_only,286.2431999999444,9.202899999991132,500.31910000006974,795.7652000000053,one shared preloaded model
syn-c9c2612042f12207,lexical_only,263.34209999981795,6.247699999903489,374.6396999999888,644.2294999997102,one shared preloaded model
syn-3d0ac357ac736d24,lexical_only,293.57359999994515,9.107800000037969,609.6797000000151,912.3610999999983,one shared preloaded model
syn-3742489ab8f15470,lexical_only,286.0328000001573,5.350399999997535,266.08779999992294,557.4710000000778,one shared preloaded model
syn-10523c271c441f97,lexical_only,265.83750000008877,5.469500000117478,313.68750000001455,584.9945000002208,one shared preloaded model
syn-a32722b4cd47a410,lexical_only,269.9029000000337,5.138600000009319,385.2716999999757,660.3132000000187,one shared preloaded model
syn-1c4e873629998a82,lexical_only,276.6758000000209,5.326599999989412,396.98599999996986,678.9883999999802,one shared preloaded model
syn-c6e856fef964e025,lexical_only,276.9029999999475,8.668999999827065,331.65280000002895,617.2247999998035,one shared preloaded model
syn-ef0ea80df7ab7610,lexical_only,270.191000000068,4.598100000066552,256.40009999983704,531.1891999999716,one shared preloaded model
syn-6690b5aeb7d47475,lexical_only,285.28239999991456,8.481200000005629,367.96860000004017,661.7321999999604,one shared preloaded model
syn-18b175a182f0df18,lexical_only,395.84820000004584,8.924900000010894,281.2337000000298,686.0068000000865,one shared preloaded model
syn-e0d51901d0f5b5b8,lexical_only,279.85340000009273,9.177899999940564,353.4548000000086,642.4861000000419,one shared preloaded model
syn-9b3792e76618737c,lexical_only,270.9994000001643,5.025000000159707,603.3036000001175,879.3280000004415,one shared preloaded model
syn-3748fc148bf2622f,lexical_only,260.9903000000031,4.646800000045914,345.15140000007705,610.7885000001261,one shared preloaded model
syn-e3d8db93f0637e3e,lexical_only,273.2069999999567,8.700099999941813,348.4249999999065,630.332099999805,one shared preloaded model
syn-e572568df2ca85b2,lexical_only,272.805599999856,5.236100000047372,337.6999999998134,615.7416999997167,one shared preloaded model
syn-7d14722ba7ae7c57,lexical_only,268.20729999985815,5.277199999909499,366.459599999871,639.9440999996386,one shared preloaded model
syn-59e997a9e8f08cd5,lexical_only,266.6093999998793,8.668700000043827,342.8570999999465,618.1351999998697,one shared preloaded model
syn-f6825c0a97c0cc66,lexical_only,275.8926999999858,5.822899999884612,267.83129999989796,549.5468999997684,one shared preloaded model
syn-f665c1b45c973f9a,lexical_only,281.8753999999899,8.948500000087733,333.08099999999286,623.9049000000705,one shared preloaded model
syn-2b9522be5ae9d37c,lexical_only,286.14779999998063,4.676000000017666,146.45840000002863,437.28220000002693,one shared preloaded model
syn-62ba612ec1f74341,lexical_only,289.9801999999454,9.287100000165083,371.5230000000247,670.7903000001352,one shared preloaded model
syn-757384914f863b7a,lexical_only,271.9744000000901,7.239300000037474,607.250600000043,886.4643000001706,one shared preloaded model
syn-1ccc5b3e2f033f9d,lexical_only,276.6260999999304,8.224599999948623,370.3715999999986,655.2222999998776,one shared preloaded model
syn-1c58689a699e4311,lexical_only,283.5086999998566,8.642699999882097,347.15110000001914,639.3024999997579,one shared preloaded model
syn-8f667a8e66f3dcb5,lexical_only,269.9638000001414,7.67519999999422,354.4985999999426,632.1376000000782,one shared preloaded model
syn-7ea4650ad829b7cd,lexical_only,272.4069999999301,5.245199999990291,348.39050000005045,626.0426999999709,one shared preloaded model
syn-5ebd58e83a08818d,lexical_only,273.8438999999744,8.383000000094398,351.16119999997863,633.3881000000474,one shared preloaded model
syn-417c2a5538455deb,lexical_only,273.00809999997,5.255200000192417,291.57919999988735,569.8425000000498,one shared preloaded model
syn-63ac5c001e3d1b00,lexical_only,289.2687000000933,8.714499999996406,350.0500000000102,648.0332000000999,one shared preloaded model
syn-db075c6f66e7f9fa,lexical_only,283.18390000004,8.320800000092277,180.5231000000731,472.0278000002054,one shared preloaded model
syn-a4fb46626c3609cc,lexical_only,280.25640000009844,4.818200000045181,657.0398999999725,942.1145000001161,one shared preloaded model
syn-c6ddfab25d63327d,lexical_only,293.9578000000438,8.784300000115763,271.1467999999968,573.8889000001564,one shared preloaded model
syn-ad99554ab0c1f129,lexical_only,266.886999999997,4.829499999914333,333.9619999999286,605.6784999998399,one shared preloaded model
syn-f38282dbb7950711,lexical_only,271.0343000001103,5.188800000041738,359.65489999989586,635.8780000000479,one shared preloaded model
syn-21293ba09b4f5ebb,lexical_only,276.0636999998951,8.789499999920736,372.202100000095,657.0552999999109,one shared preloaded model
syn-a8a4226f41b26323,lexical_only,270.5156000001807,5.088200000045617,319.0508999998656,594.6547000000919,one shared preloaded model
syn-2192eae82c387036,lexical_only,267.4587999999858,5.46289999988403,318.99350000003324,591.915199999903,one shared preloaded model
syn-fa65a3e9be183392,lexical_only,262.11050000006253,5.336299999953553,267.5561999999445,535.0029999999606,one shared preloaded model
syn-d0f5075dc2165ee1,lexical_only,274.96289999999135,5.626899999924717,376.3390999999956,656.9288999999117,one shared preloaded model
syn-f3f3c52fddbc055d,lexical_only,279.9136000000999,8.548700000119425,167.15509999994538,455.6174000001647,one shared preloaded model
syn-aa34237525453142,lexical_only,262.9930000000513,5.754000000024462,375.19220000012865,643.9392000002044,one shared preloaded model
syn-02dfcf7592547872,lexical_only,279.24269999994067,8.56759999987844,571.1756000000605,858.9858999998796,one shared preloaded model
syn-761be3e3023ef503,lexical_only,277.36909999998716,8.183599999938451,335.740400000077,621.2931000000026,one shared preloaded model
syn-64d7e0174f62e547,lalm,864.5733999999266,7.069099999853279,384.35930000014196,1256.0017999999218,one shared preloaded model
syn-3893f5619d90e0bb,lalm,954.7472000001562,10.72929999986627,370.5256000000645,1336.002100000087,one shared preloaded model
syn-f3716c206a95faac,lalm,940.6460000000152,6.766199999901801,372.83099999990554,1320.2431999998225,one shared preloaded model
syn-333a0eb60e11d2c7,lalm,992.4508999999944,10.603100000025734,366.66779999995924,1369.7217999999793,one shared preloaded model
syn-ad39c1e6a90dc34a,lalm,1009.5083999999588,10.451200000034078,253.42079999995804,1273.380399999951,one shared preloaded model
syn-1ca7c3ca32921822,lalm,1014.2012999999679,10.719200000039564,367.53010000006725,1392.4506000000747,one shared preloaded model
syn-17eb2388779556ee,lalm,952.472299999954,7.331499999963853,512.7729999999247,1472.5767999998425,one shared preloaded model
syn-c9c2612042f12207,lalm,995.4460000001291,7.400499999903332,404.2231000000811,1407.0696000001135,one shared preloaded model
syn-3d0ac357ac736d24,lalm,940.6360999998924,6.540300000096977,595.4229000001305,1542.59930000012,one shared preloaded model
syn-3742489ab8f15470,lalm,940.5695999998898,10.617400000000998,379.03370000003633,1330.220699999927,one shared preloaded model
syn-10523c271c441f97,lalm,1084.9448000001303,10.58910000006108,431.05500000001484,1526.5889000002062,one shared preloaded model
syn-a32722b4cd47a410,lalm,1084.4253000000208,10.793899999953283,397.10790000003726,1492.3271000000113,one shared preloaded model
syn-1c4e873629998a82,lalm,1065.81970000002,9.817100000191203,447.83890000007887,1523.47570000029,one shared preloaded model
syn-c6e856fef964e025,lalm,985.6371000000763,6.929799999852548,381.402099999832,1373.9689999997609,one shared preloaded model
syn-ef0ea80df7ab7610,lalm,1002.3975999999948,10.550300000204516,389.1952000001311,1402.1431000003304,one shared preloaded model
syn-6690b5aeb7d47475,lalm,959.5033999999032,10.81890000000385,432.326699999976,1402.648999999883,one shared preloaded model
syn-18b175a182f0df18,lalm,961.4196999998512,6.926700000121855,242.68900000015492,1211.035400000128,one shared preloaded model
syn-e0d51901d0f5b5b8,lalm,1055.5566000000454,7.608399999980975,385.3939000000537,1448.55890000008,one shared preloaded model
syn-9b3792e76618737c,lalm,1041.2676999999348,8.259500000121989,662.4387000001661,1711.965900000223,one shared preloaded model
syn-3748fc148bf2622f,lalm,1115.0084999999308,10.93500000001768,373.18530000015926,1499.1288000001077,one shared preloaded model
syn-e3d8db93f0637e3e,lalm,1075.3265000000738,7.160200000043915,361.72850000002654,1444.2152000001443,one shared preloaded model
syn-e572568df2ca85b2,lalm,1066.6647000000467,11.191300000064075,419.03530000013234,1496.891300000243,one shared preloaded model
syn-7d14722ba7ae7c57,lalm,1080.7965999999851,10.867500000131258,441.22710000010557,1532.891200000222,one shared preloaded model
syn-59e997a9e8f08cd5,lalm,1082.32860000021,9.620999999924607,373.3918000000358,1465.3414000001703,one shared preloaded model
syn-f6825c0a97c0cc66,lalm,1058.4312999999383,10.882399999900372,553.1869999999799,1622.5006999998186,one shared preloaded model
syn-f665c1b45c973f9a,lalm,1028.5610999999335,7.5124999998479325,395.5791999999292,1431.6527999997106,one shared preloaded model
syn-2b9522be5ae9d37c,lalm,1043.141599999899,11.045899999999165,207.27020000003904,1261.4576999999372,one shared preloaded model
syn-62ba612ec1f74341,lalm,1029.926999999816,7.508799999868643,409.71719999993184,1447.1529999996164,one shared preloaded model
syn-757384914f863b7a,lalm,1154.3603999998595,10.739399999920352,684.1269999999895,1849.2267999997694,one shared preloaded model
syn-1ccc5b3e2f033f9d,lalm,1086.1307000000124,10.726299999987532,381.4342000000579,1478.2912000000579,one shared preloaded model
syn-1c58689a699e4311,lalm,1034.973399999899,7.38509999996495,396.4382999999998,1438.7967999998637,one shared preloaded model
syn-8f667a8e66f3dcb5,lalm,1016.5111999999681,6.963399999904141,378.18170000014106,1401.6563000000133,one shared preloaded model
syn-7ea4650ad829b7cd,lalm,1011.8670000001657,10.44000000001688,427.73779999993167,1450.0448000001143,one shared preloaded model
syn-5ebd58e83a08818d,lalm,983.460199999854,7.056300000158444,442.02900000004774,1432.5455000000602,one shared preloaded model
syn-417c2a5538455deb,lalm,991.8860999998742,10.528000000022075,290.66790000001674,1293.081999999913,one shared preloaded model
syn-63ac5c001e3d1b00,lalm,1010.8533999998599,7.434800000055475,451.6857999999502,1469.9739999998656,one shared preloaded model
syn-db075c6f66e7f9fa,lalm,1059.235899999976,7.040299999971467,193.39990000003127,1259.6760999999788,one shared preloaded model
syn-a4fb46626c3609cc,lalm,1053.3144000000902,8.358999999927619,407.24539999996523,1468.918799999983,one shared preloaded model
syn-c6ddfab25d63327d,lalm,965.0833999999122,7.129900000109046,375.6757999999536,1347.8890999999749,one shared preloaded model
syn-ad99554ab0c1f129,lalm,939.4750999999815,10.237300000198957,348.75259999989794,1298.4650000000784,one shared preloaded model
syn-f38282dbb7950711,lalm,920.7942999998977,6.972399999995105,329.3739999999161,1257.140699999809,one shared preloaded model
syn-21293ba09b4f5ebb,lalm,1011.9454000000587,10.56960000005347,360.1610000000619,1382.676000000174,one shared preloaded model
syn-a8a4226f41b26323,lalm,943.3987999998408,7.043800000019473,334.59880000009434,1285.0413999999546,one shared preloaded model
syn-2192eae82c387036,lalm,976.4076999999816,6.876300000158153,324.29389999992964,1307.5779000000693,one shared preloaded model
syn-fa65a3e9be183392,lalm,926.3495000000148,9.036700000024211,344.9605999999221,1280.3467999999611,one shared preloaded model
syn-d0f5075dc2165ee1,lalm,908.15960000009,9.763000000020838,371.3705000000118,1289.2931000001226,one shared preloaded model
syn-f3f3c52fddbc055d,lalm,927.5349000001825,7.293400000207839,223.2874000001175,1158.1157000005078,one shared preloaded model
syn-aa34237525453142,lalm,968.027099999972,10.83399999993162,953.5965000000033,1932.457599999907,one shared preloaded model
syn-02dfcf7592547872,lalm,946.965099999943,10.838200000080178,597.1973000000617,1555.000600000085,one shared preloaded model
syn-761be3e3023ef503,lalm,941.0060000000158,6.94999999996071,345.65649999990455,1293.612499999881,one shared preloaded model
syn-7cfc52e2fefff869,vanilla,12.85339999981261,0.0016000001323845936,192.4928999999338,205.3478999998788,one shared preloaded model
syn-4296f812e74314b3,vanilla,0.8189999998649,0.0009000000318337698,197.93669999990016,198.7565999997969,one shared preloaded model
syn-f7aa6070fe05b69e,vanilla,1.0167999998884625,0.0009000000318337698,193.36520000001656,194.38289999993685,one shared preloaded model
syn-607ea103d2b11cf6,vanilla,0.9552999999868916,0.0004999999418942025,197.29750000010426,198.25330000003305,one shared preloaded model
syn-45ef60d7b20398a1,vanilla,0.9248000001207402,0.00040000008993956726,197.40309999997407,198.32830000018475,one shared preloaded model
syn-e95ca15b27885cf3,vanilla,1.0388000000602915,0.0005000001692678779,196.38319999990017,197.42250000012973,one shared preloaded model
syn-bef31d57b3f3a636,vanilla,0.824199999897246,0.0008000001798791345,199.5812999998634,200.40629999994053,one shared preloaded model
syn-5b6437f25fa7b377,vanilla,0.7765000000290456,0.0007999999525054591,194.4227999999839,195.20009999996546,one shared preloaded model
syn-d9343cc50784b112,vanilla,1.0867999999391031,0.0006999998731771484,193.89139999998406,194.97889999979634,one shared preloaded model
syn-f76dc8f62777c380,vanilla,0.8428999999523512,0.0004999999418942025,192.21420000008038,193.05759999997463,one shared preloaded model
syn-3e69c986de52e554,vanilla,0.8407000000261178,0.0004999999418942025,195.88690000000497,196.72809999997298,one shared preloaded model
syn-840e933e797cd154,vanilla,0.9159999999610591,0.0004999999418942025,198.25140000011743,199.16790000002038,one shared preloaded model
syn-dc03b9c9604c3466,vanilla,0.8583000001181063,0.0006000000212225132,195.45080000011694,196.30970000025627,one shared preloaded model
syn-3f767d83df352f4e,vanilla,1.0164000000258966,0.0005000001692678779,204.7671000000264,205.78400000022157,one shared preloaded model
syn-7ac00f53df7b09ec,vanilla,1.0070000000723667,0.0006000000212225132,202.5728999999501,203.58050000004368,one shared preloaded model
syn-491941db367ba49a,vanilla,99.9296999998478,0.0006999998731771484,195.41690000005474,295.3472999997757,one shared preloaded model
syn-9dfd120230fb4447,vanilla,0.7805000000189466,0.0004999999418942025,200.87130000001707,201.6522999999779,one shared preloaded model
syn-ee762dd38613f0eb,vanilla,0.7755999999972119,0.0004999999418942025,196.54570000011518,197.32180000005428,one shared preloaded model
syn-184066c677c61650,vanilla,0.9210999999140768,0.0005000001692678779,197.05750000002809,197.97910000011143,one shared preloaded model
syn-97ac18ebf1429fcc,vanilla,0.9110999999393243,0.0006999998731771484,198.55119999988347,199.46299999969597,one shared preloaded model
syn-085e6fbcde58b207,vanilla,0.912199999902441,0.0006000000212225132,197.05420000013874,197.9670000000624,one shared preloaded model
syn-3a6587efa0450f1b,vanilla,0.8479999999053689,0.0005999997938488377,194.52030000002196,195.36889999972118,one shared preloaded model
syn-dd066d08a68d9e75,vanilla,0.9643000000778557,0.0007000001005508238,196.8082000000777,197.7732000002561,one shared preloaded model
syn-3d36627a41eb35df,vanilla,0.9210999999140768,0.0007000001005508238,192.67800000011448,193.5998000001291,one shared preloaded model
syn-e9fb7fcede095653,vanilla,0.9574000000611704,0.0004999999418942025,198.87489999996433,199.8327999999674,one shared preloaded model
syn-572b1c93ac215052,vanilla,0.9595999999874039,0.00040000008993956726,192.84429999993336,193.8043000000107,one shared preloaded model
syn-0b5bbdf52c092b80,vanilla,0.9477000000970293,0.0007000001005508238,195.1053000000229,196.0537000002205,one shared preloaded model
syn-e3a03e4fc1e3679e,vanilla,0.8712999999715976,0.0006000000212225132,198.54419999978745,199.41609999978027,one shared preloaded model
syn-3caf73f6be3623fe,vanilla,0.8029000000533415,0.0006000000212225132,194.71739999994497,195.52090000001954,one shared preloaded model
syn-ed0c0be9ddfe4d38,vanilla,0.8256000000983477,0.00040000008993956726,193.696300000056,194.5223000002443,one shared preloaded model
syn-c2e84effcaf6e13c,vanilla,0.8307000000513654,0.0004999999418942025,196.4466999997967,197.27789999978995,one shared preloaded model
syn-ffaf82c44ff79b5a,vanilla,1.0328999999273947,0.0004999999418942025,196.80240000002414,197.83579999989342,one shared preloaded model
syn-5471fab742e7c658,vanilla,0.8723999999347143,0.0006000000212225132,194.6826000000783,195.55560000003425,one shared preloaded model
syn-b3240f286650ecae,vanilla,0.8978000000752218,0.0004999999418942025,197.50060000001213,198.39890000002924,one shared preloaded model
syn-73e8dad0456ff636,vanilla,0.898100000085833,0.0006999998731771484,203.87639999989915,204.77519999985816,one shared preloaded model
syn-c44f57cdb0635698,vanilla,0.8817999998882442,0.0003999998625658918,199.02139999999235,199.90359999974316,one shared preloaded model
syn-97121d3284eb327b,vanilla,0.883899999962523,0.0003999998625658918,194.06800000001567,194.95229999984076,one shared preloaded model
syn-72c231f5c36b0a82,vanilla,1.0198999998465297,0.0006000000212225132,197.94499999989057,198.96549999975832,one shared preloaded model
syn-15208a3cb0e88f74,vanilla,1.0024000000612432,0.0003999998625658918,199.47030000002997,200.47309999995377,one shared preloaded model
syn-6fd68b973acd9fa6,vanilla,0.9000000000014552,0.0006000000212225132,193.83339999990312,194.7339999999258,one shared preloaded model
syn-910ecad3da43179f,vanilla,0.8109000000331434,0.00040000008993956726,198.2338999998774,199.04520000000048,one shared preloaded model
syn-3b43be463424b9d1,vanilla,0.8170000000973232,0.0004999999418942025,197.8071999999429,198.6246999999821,one shared preloaded model
syn-feb3bd30432e1619,vanilla,0.9037999998326995,0.0004999999418942025,197.8578999999172,198.7621999996918,one shared preloaded model
syn-97b3c3abe76861f6,vanilla,0.942399999985355,0.0004999999418942025,197.710700000016,198.65359999994325,one shared preloaded model
syn-367f74c39dec31a4,vanilla,0.913700000182871,0.0006000000212225132,196.45650000006754,197.37080000027163,one shared preloaded model
syn-601ac24ca303d9c4,vanilla,0.8873000001585751,0.0004999999418942025,197.16089999997166,198.04870000007213,one shared preloaded model
syn-4d0b34ee3d1c08f2,vanilla,0.938399999995454,0.0004999999418942025,198.72880000002624,199.6676999999636,one shared preloaded model
syn-039fd7c5756e356c,vanilla,0.859099999843238,0.0004999999418942025,197.0022999998946,197.86189999967974,one shared preloaded model
syn-af2b9b20ebd727ab,vanilla,0.9009999998852436,0.00040000008993956726,198.14040000005662,199.0418000000318,one shared preloaded model
syn-e4f21b03cc5cefd6,vanilla,0.9969000000182859,0.0007999999525054591,194.28839999977754,195.28609999974833,one shared preloaded model
syn-7cfc52e2fefff869,window,1.7385999999532942,0.007300000106624793,478.854500000125,480.6004000001849,one shared preloaded model
syn-4296f812e74314b3,window,1.5588000001116598,0.004999999873689376,485.08799999990515,486.6517999998905,one shared preloaded model
syn-f7aa6070fe05b69e,window,1.6942999998263986,0.0060999998368060915,481.26509999997324,482.96549999963645,one shared preloaded model
syn-607ea103d2b11cf6,window,1.5696000000389176,0.0050999999530176865,476.1814000000868,477.75610000007873,one shared preloaded model
syn-45ef60d7b20398a1,window,1.5015999999832275,0.004900000021734741,473.1108000000859,474.61730000009084,one shared preloaded model
syn-e95ca15b27885cf3,window,1.563100000112172,0.004999999873689376,493.0689000000257,494.63700000001154,one shared preloaded model
syn-bef31d57b3f3a636,window,1.5038999999887892,0.005200000032345997,486.90739999983634,488.4164999998575,one shared preloaded model
syn-5b6437f25fa7b377,window,1.456700000062483,0.006200000143508078,485.61960000006366,487.08250000026965,one shared preloaded model
syn-d9343cc50784b112,window,1.590399999940928,0.004999999873689376,480.8585000000676,482.4538999998822,one shared preloaded model
syn-f76dc8f62777c380,window,1.5823000001091714,0.016899999991437653,478.7663000001885,480.3655000002891,one shared preloaded model
syn-3e69c986de52e554,window,2.040500000020984,0.005000000101063051,476.31310000019766,478.3586000003197,one shared preloaded model
syn-840e933e797cd154,window,96.59940000005918,0.0087999999323074,495.52700000003824,592.1352000000297,one shared preloaded model
syn-dc03b9c9604c3466,window,1.7427000000225235,0.006100000064179767,482.912400000032,484.6612000001187,one shared preloaded model
syn-3f767d83df352f4e,window,1.5275999999175838,0.005300000111674308,490.3697000002012,491.90260000023045,one shared preloaded model
syn-7ac00f53df7b09ec,window,1.592600000094535,0.005999999984851456,480.28309999995145,481.88170000003083,one shared preloaded model
syn-491941db367ba49a,window,1.5264000001025124,0.004900000021734741,484.6503000001121,486.18160000023636,one shared preloaded model
syn-9dfd120230fb4447,window,1.5889999999672,0.004699999863078119,477.2623000001204,478.85599999995065,one shared preloaded model
syn-ee762dd38613f0eb,window,1.6235999999025807,0.008600000001024455,487.9214999998567,489.5536999997603,one shared preloaded model
syn-184066c677c61650,window,1.4813000000231114,0.004600000011123484,477.03020000017204,478.5161000002063,one shared preloaded model
syn-97ac18ebf1429fcc,window,1.47530000003826,0.004900000021734741,475.202900000113,476.683100000173,one shared preloaded model
syn-085e6fbcde58b207,window,1.7055999999229243,0.010200000133409048,479.24220000004425,480.9580000001006,one shared preloaded model
syn-3a6587efa0450f1b,window,1.5084999999999127,0.005300000111674308,494.0945000000738,495.6083000001854,one shared preloaded model
syn-dd066d08a68d9e75,window,1.6092000000753615,0.005300000111674308,473.6301000000367,475.2446000002237,one shared preloaded model
syn-3d36627a41eb35df,window,1.5898999999990338,0.004600000011123484,484.7247000000152,486.3192000000254,one shared preloaded model
syn-e9fb7fcede095653,window,1.5569999998206185,0.004700000090451795,478.30279999993763,479.8644999998487,one shared preloaded model
syn-572b1c93ac215052,window,1.5315999999074847,0.0087999999323074,484.05830000001515,485.59869999985494,one shared preloaded model
syn-0b5bbdf52c092b80,window,1.5170000001489825,0.009500000032858225,478.7890000000061,480.31550000018797,one shared preloaded model
syn-e3a03e4fc1e3679e,window,1.5487999999095337,0.009800000043469481,478.99600000005194,480.55460000000494,one shared preloaded model
syn-3caf73f6be3623fe,window,1.4627000000473345,0.005300000111674308,481.3480000000254,482.81600000018443,one shared preloaded model
syn-ed0c0be9ddfe4d38,window,1.4843999999811786,0.004900000021734741,485.3122000001804,486.8015000001833,one shared preloaded model
syn-c2e84effcaf6e13c,window,1.5718999998171057,0.005500000042957254,484.163499999795,485.7408999996551,one shared preloaded model
syn-ffaf82c44ff79b5a,window,1.5131000000110362,0.004500000159168849,487.03980000004776,488.55740000021797,one shared preloaded model
syn-5471fab742e7c658,window,1.535699999976714,0.004900000021734741,480.3999000000658,481.9405000000643,one shared preloaded model
syn-b3240f286650ecae,window,1.6557000001284905,0.009399999953529914,484.0896000000612,485.7547000001432,one shared preloaded model
syn-73e8dad0456ff636,window,1.5720999999757623,0.010700000075303251,481.87959999995655,483.4624000000076,one shared preloaded model
syn-c44f57cdb0635698,window,1.5280000000075233,0.01049999991664663,477.42970000012974,478.9682000000539,one shared preloaded model
syn-97121d3284eb327b,window,1.6387000000577245,0.009900000122797792,484.9641000000702,486.6127000002507,one shared preloaded model
syn-72c231f5c36b0a82,window,1.4149999999517604,0.00959999988481286,482.792100000097,484.21669999993355,one shared preloaded model
syn-15208a3cb0e88f74,window,1.567300000033356,0.005500000042957254,478.97480000006,480.5476000001363,one shared preloaded model
syn-6fd68b973acd9fa6,window,1.690399999915826,0.009200000022246968,489.09409999987474,490.7936999998128,one shared preloaded model
syn-910ecad3da43179f,window,1.4974000000620435,0.005200000032345997,589.6212000000105,591.1238000001049,one shared preloaded model
syn-3b43be463424b9d1,window,1.639300000078947,0.010400000064691994,552.4426000001768,554.0923000003204,one shared preloaded model
syn-feb3bd30432e1619,window,1.6157999998540618,0.013000000080864993,522.2393999999895,523.8681999999244,one shared preloaded model
syn-97b3c3abe76861f6,window,1.5701999998327665,0.005299999884300632,558.0388000000767,559.6142999997937,one shared preloaded model
syn-367f74c39dec31a4,window,1.61260000004404,0.005500000042957254,523.8635999999133,525.4817000000003,one shared preloaded model
syn-601ac24ca303d9c4,window,1.6206000000238419,0.005200000032345997,594.2514999999275,595.8772999999837,one shared preloaded model
syn-4d0b34ee3d1c08f2,window,1.6266000000086933,0.005600000122285564,612.9038000001401,614.5360000002711,one shared preloaded model
syn-039fd7c5756e356c,window,2.6797000000442495,0.007900000127847306,567.3414000000321,570.0290000002042,one shared preloaded model
syn-af2b9b20ebd727ab,window,1.623899999913192,0.005299999884300632,673.6465999999837,675.2757999997812,one shared preloaded model
syn-e4f21b03cc5cefd6,window,2.7946000000156346,0.008200000138458563,579.1807999999037,581.9836000000578,one shared preloaded model
syn-7cfc52e2fefff869,rag,1581.5860999998677,17.57539999994151,496.7667999999321,2095.9282999997413,one shared preloaded model
syn-4296f812e74314b3,rag,1717.512799999895,12.028800000052797,495.97990000006575,2225.5215000000135,one shared preloaded model
syn-f7aa6070fe05b69e,rag,1621.4195000000018,13.017100000070059,434.0769000000364,2068.5135000001083,one shared preloaded model
syn-607ea103d2b11cf6,rag,1495.6630000001496,8.648199999925055,370.9865000000718,1875.2977000001465,one shared preloaded model
syn-45ef60d7b20398a1,rag,757.8656000000592,7.671699999946213,276.71699999996235,1042.2542999999678,one shared preloaded model
syn-e95ca15b27885cf3,rag,810.6448999999429,8.405599999832702,397.06279999995786,1216.1132999997335,one shared preloaded model
syn-bef31d57b3f3a636,rag,780.6800000000749,8.1775999999536,161.05900000002293,949.9166000000514,one shared preloaded model
syn-5b6437f25fa7b377,rag,767.7694999999858,8.428899999898931,322.13849999993727,1098.336899999822,one shared preloaded model
syn-d9343cc50784b112,rag,1183.5799999998926,13.252299999976458,602.831500000093,1799.663799999962,one shared preloaded model
syn-f76dc8f62777c380,rag,898.0206999999609,8.048200000075667,344.87910000007105,1250.9480000001076,one shared preloaded model
syn-3e69c986de52e554,rag,874.5754999999917,12.997699999914403,357.177399999955,1244.7505999998612,one shared preloaded model
syn-840e933e797cd154,rag,912.5563000000056,13.275100000100792,502.38130000002457,1428.212700000131,one shared preloaded model
syn-dc03b9c9604c3466,rag,904.2151000001013,8.111699999972188,402.78760000001057,1315.114400000084,one shared preloaded model
syn-3f767d83df352f4e,rag,885.5029999999715,8.120599999983824,342.9822000000513,1236.6058000000066,one shared preloaded model
syn-7ac00f53df7b09ec,rag,759.1104999999061,7.948599999963335,248.33319999993364,1015.3922999998031,one shared preloaded model
syn-491941db367ba49a,rag,745.4692999999679,7.959400000117967,389.22660000002907,1142.655300000115,one shared preloaded model
syn-9dfd120230fb4447,rag,843.9261000000897,8.002499999975043,164.6961999999803,1016.6248000000451,one shared preloaded model
syn-ee762dd38613f0eb,rag,756.3491999999314,8.29129999988254,332.6293000000078,1097.2697999998218,one shared preloaded model
syn-184066c677c61650,rag,751.5987000001587,7.978999999977532,524.8063999999886,1284.3841000001248,one shared preloaded model
syn-97ac18ebf1429fcc,rag,765.4312999998183,12.511299999914627,404.50060000011945,1182.4431999998524,one shared preloaded model
syn-085e6fbcde58b207,rag,760.8218999998826,7.868099999996048,343.30739999995785,1111.9973999998365,one shared preloaded model
syn-3a6587efa0450f1b,rag,755.4568000000472,8.275800000092204,321.73869999996896,1085.4713000001084,one shared preloaded model
syn-dd066d08a68d9e75,rag,747.9699000000437,7.9467999998996675,324.71269999996366,1080.629399999907,one shared preloaded model
syn-3d36627a41eb35df,rag,748.252599999887,8.605799999941155,334.9467000000459,1091.805099999874,one shared preloaded model
syn-e9fb7fcede095653,rag,837.9069000000072,7.894800000030955,273.07089999999334,1118.8726000000315,one shared preloaded model
syn-572b1c93ac215052,rag,749.1612999999688,8.203800000046613,361.7827999999008,1119.1478999999163,one shared preloaded model
syn-0b5bbdf52c092b80,rag,748.3221999998477,8.510500000056709,178.45820000002277,935.2908999999272,one shared preloaded model
syn-e3a03e4fc1e3679e,rag,757.3270000000321,8.202100000062273,279.36909999993986,1044.8982000000342,one shared preloaded model
syn-3caf73f6be3623fe,rag,757.115899999917,11.342400000103225,619.3913999998131,1387.8496999998333,one shared preloaded model
syn-ed0c0be9ddfe4d38,rag,753.6845000001904,7.93559999988247,313.9095000001362,1075.529600000209,one shared preloaded model
syn-c2e84effcaf6e13c,rag,749.2056999999477,10.973600000170336,346.9465000000582,1107.1258000001762,one shared preloaded model
syn-ffaf82c44ff79b5a,rag,854.5839000000797,7.905700000037541,315.28030000004037,1177.7699000001576,one shared preloaded model
syn-5471fab742e7c658,rag,749.1492999999991,8.144700000002558,378.5917000000154,1135.885700000017,one shared preloaded model
syn-b3240f286650ecae,rag,751.8963999998505,7.783100000096965,316.41460000014376,1076.0941000000912,one shared preloaded model
syn-73e8dad0456ff636,rag,763.9157999999497,7.607900000039081,271.2935000001835,1042.8172000001723,one shared preloaded model
syn-c44f57cdb0635698,rag,747.0636000000468,7.35579999991387,339.57230000009986,1093.9917000000605,one shared preloaded model
syn-97121d3284eb327b,rag,751.0281999998369,9.162399999922854,162.95349999995778,923.1440999997176,one shared preloaded model
syn-72c231f5c36b0a82,rag,759.7975000001043,8.445500000107131,329.2879000000539,1097.5309000002653,one shared preloaded model
syn-15208a3cb0e88f74,rag,750.3642000001491,8.090199999969627,562.768799999958,1321.2232000000768,one shared preloaded model
syn-6fd68b973acd9fa6,rag,849.1685999999845,8.041099999900325,269.61320000009437,1126.8228999999792,one shared preloaded model
syn-910ecad3da43179f,rag,746.7876000000615,8.11810000004698,342.80149999995047,1097.707200000059,one shared preloaded model
syn-3b43be463424b9d1,rag,743.5396999999284,8.323600000039733,360.0640000001931,1111.9273000001613,one shared preloaded model
syn-feb3bd30432e1619,rag,746.2487000000237,7.89270000018405,295.12389999990774,1049.2653000001155,one shared preloaded model
syn-97b3c3abe76861f6,rag,754.7722000001613,8.161299999983385,380.2375000000211,1143.1710000001658,one shared preloaded model
syn-367f74c39dec31a4,rag,748.5467999999855,7.712999999966996,239.23650000006091,995.4963000000134,one shared preloaded model
syn-601ac24ca303d9c4,rag,748.3366000001297,10.842199999842705,365.52350000010847,1124.7023000000809,one shared preloaded model
syn-4d0b34ee3d1c08f2,rag,764.0215000001263,8.094700000128796,152.1723999999267,924.2886000001818,one shared preloaded model
syn-039fd7c5756e356c,rag,854.5583999998598,8.530100000143648,312.6694000000043,1175.7579000000078,one shared preloaded model
syn-af2b9b20ebd727ab,rag,759.398899999951,8.35970000002817,616.464599999972,1384.2231999999512,one shared preloaded model
syn-e4f21b03cc5cefd6,rag,742.2461999999541,7.1300999998129555,333.8137999999162,1083.1900999996833,one shared preloaded model
syn-7cfc52e2fefff869,pure_liquid,4063.5460999999395,10.394599999926868,170.06900000001224,4244.009699999879,one shared preloaded model
syn-4296f812e74314b3,pure_liquid,3999.2252000001827,6.85950000001867,83.41810000001715,4089.5028000002185,one shared preloaded model
syn-f7aa6070fe05b69e,pure_liquid,4228.267100000039,9.31839999998374,321.68380000007346,4559.269300000096,one shared preloaded model
syn-607ea103d2b11cf6,pure_liquid,4028.9015999999265,6.735799999887604,154.38940000012735,4190.026799999941,one shared preloaded model
syn-45ef60d7b20398a1,pure_liquid,4126.997299999857,10.395299999800045,122.26949999990211,4259.662099999559,one shared preloaded model
syn-e95ca15b27885cf3,pure_liquid,4242.035499999929,10.68940000004659,396.48399999987305,4649.208899999849,one shared preloaded model
syn-bef31d57b3f3a636,pure_liquid,3975.0163000001066,9.033600000066144,139.46230000010473,4123.5122000002775,one shared preloaded model
syn-5b6437f25fa7b377,pure_liquid,4006.060900000193,7.380499999953827,169.30630000001656,4182.747700000164,one shared preloaded model
syn-d9343cc50784b112,pure_liquid,4223.041899999998,10.503900000003341,527.8054000000338,4761.3512000000355,one shared preloaded model
syn-f76dc8f62777c380,pure_liquid,4593.236599999955,10.320100000171806,206.37170000009064,4809.928400000217,one shared preloaded model
syn-3e69c986de52e554,pure_liquid,5434.341200000063,10.311400000091453,355.10599999997794,5799.758600000132,one shared preloaded model
syn-840e933e797cd154,pure_liquid,5601.727700000083,10.370699999839417,213.014499999872,5825.1128999997945,one shared preloaded model
syn-dc03b9c9604c3466,pure_liquid,5507.527499999924,6.94629999998142,178.90080000006492,5693.37459999997,one shared preloaded model
syn-3f767d83df352f4e,pure_liquid,5728.10729999992,10.637899999892397,181.37589999992088,5920.121099999733,one shared preloaded model
syn-7ac00f53df7b09ec,pure_liquid,5485.319200000049,10.503299999982119,277.3718999999346,5773.194399999966,one shared preloaded model
syn-491941db367ba49a,pure_liquid,5564.789599999813,10.990799999945011,295.0129000000743,5870.793299999832,one shared preloaded model
syn-9dfd120230fb4447,pure_liquid,5564.448900000116,10.460800000146264,269.82239999983904,5844.732100000101,one shared preloaded model
syn-ee762dd38613f0eb,pure_liquid,5712.552199999891,13.042199999972581,370.75559999993857,6096.349999999802,one shared preloaded model
syn-184066c677c61650,pure_liquid,5570.044099999905,10.81890000000385,829.79679999994,6410.6597999998485,one shared preloaded model
syn-97ac18ebf1429fcc,pure_liquid,5529.252099999894,10.784299999841096,319.6714000000611,5859.707799999796,one shared preloaded model
syn-085e6fbcde58b207,pure_liquid,5644.564600000194,10.962199999994482,216.34709999989354,5871.873900000082,one shared preloaded model
syn-3a6587efa0450f1b,pure_liquid,5582.208799999989,10.274900000013076,313.4125000001404,5905.896200000143,one shared preloaded model
syn-dd066d08a68d9e75,pure_liquid,5824.1815000001225,10.727800000040588,369.90320000018073,6204.812500000344,one shared preloaded model
syn-3d36627a41eb35df,pure_liquid,5685.370899999953,10.925799999995434,208.8002000000415,5905.09689999999,one shared preloaded model
syn-e9fb7fcede095653,pure_liquid,5811.226199999965,7.408299999951851,239.2424999998184,6057.876999999735,one shared preloaded model
syn-572b1c93ac215052,pure_liquid,5836.338700000169,10.547300000098403,317.7112999999281,6164.597300000196,one shared preloaded model
syn-0b5bbdf52c092b80,pure_liquid,5672.353700000031,10.412999999971362,246.19159999997464,5928.958299999977,one shared preloaded model
syn-e3a03e4fc1e3679e,pure_liquid,5679.886599999918,10.822800000141797,554.0977999999086,6244.807199999968,one shared preloaded model
syn-3caf73f6be3623fe,pure_liquid,5599.725000000035,6.750799999963419,589.1940999999861,6195.669899999984,one shared preloaded model
syn-ed0c0be9ddfe4d38,pure_liquid,5698.833100000002,10.289099999909013,256.3595000001442,5965.481700000055,one shared preloaded model
syn-c2e84effcaf6e13c,pure_liquid,5406.825799999979,6.690000000162399,277.059300000019,5690.57510000016,one shared preloaded model
syn-ffaf82c44ff79b5a,pure_liquid,4168.13419999994,7.237000000031912,169.17100000000573,4344.542199999978,one shared preloaded model
syn-5471fab742e7c658,pure_liquid,4191.097599999921,10.120099999994636,250.83059999997204,4452.048299999888,one shared preloaded model
syn-b3240f286650ecae,pure_liquid,4121.816799999806,6.775800000013987,163.17660000004253,4291.769199999862,one shared preloaded model
syn-73e8dad0456ff636,pure_liquid,4036.6372000000865,6.969999999910215,96.61599999981263,4140.223199999809,one shared preloaded model
syn-c44f57cdb0635698,pure_liquid,4098.5593000000335,11.01280000011684,314.3620999999257,4423.934200000076,one shared preloaded model
syn-97121d3284eb327b,pure_liquid,4248.828199999934,9.01150000004236,202.0434999999452,4459.883199999922,one shared preloaded model
syn-72c231f5c36b0a82,pure_liquid,4248.396099999809,11.415799999895171,422.3352999999861,4682.14719999969,one shared preloaded model
syn-15208a3cb0e88f74,pure_liquid,4008.833000000095,10.437299999921379,607.9379000000245,4627.208200000041,one shared preloaded model
syn-6fd68b973acd9fa6,pure_liquid,4350.126799999998,6.890699999985372,193.00769999995282,4550.025199999936,one shared preloaded model
syn-910ecad3da43179f,pure_liquid,4137.1924000000035,10.2847999999085,267.58200000017496,4415.059200000087,one shared preloaded model
syn-3b43be463424b9d1,pure_liquid,4203.62369999998,10.761199999933524,110.9223999999358,4325.307299999849,one shared preloaded model
syn-feb3bd30432e1619,pure_liquid,4380.8116000000155,9.333199999900899,282.0683999998437,4672.21319999976,one shared preloaded model
syn-97b3c3abe76861f6,pure_liquid,4168.775399999959,6.899599999997008,162.35150000011345,4338.026500000069,one shared preloaded model
syn-367f74c39dec31a4,pure_liquid,4207.172100000207,6.5882999999757885,228.42030000015257,4442.1807000003355,one shared preloaded model
syn-601ac24ca303d9c4,pure_liquid,4194.814400000041,6.789000000026135,255.62230000014097,4457.225700000208,one shared preloaded model
syn-4d0b34ee3d1c08f2,pure_liquid,4066.9032999999217,6.4758000000892935,167.63440000022456,4241.013500000236,one shared preloaded model
syn-039fd7c5756e356c,pure_liquid,4204.930600000125,7.505199999968681,491.6877000000568,4704.123500000151,one shared preloaded model
syn-af2b9b20ebd727ab,pure_liquid,4500.382899999977,9.922299999971074,565.1702999998633,5075.475499999811,one shared preloaded model
syn-e4f21b03cc5cefd6,pure_liquid,4150.042100000064,6.34289999993598,155.530699999872,4311.915699999872,one shared preloaded model
syn-7cfc52e2fefff869,lexical_only,1123.27520000008,5.866800000148942,374.2440999999417,1503.3861000001707,one shared preloaded model
syn-4296f812e74314b3,lexical_only,1130.354699999998,5.729500000143162,361.2927000001491,1497.3769000002903,one shared preloaded model
syn-f7aa6070fe05b69e,lexical_only,1194.7912999999062,9.041999999908512,389.89619999983915,1593.7294999996539,one shared preloaded model
syn-607ea103d2b11cf6,lexical_only,1178.1005999998797,5.560700000160068,367.5470000000587,1551.2083000000985,one shared preloaded model
syn-45ef60d7b20398a1,lexical_only,1164.0623999999207,5.963299999848459,281.1759000001075,1451.2015999998766,one shared preloaded model
syn-e95ca15b27885cf3,lexical_only,1151.1714000000666,9.450400000105219,426.5686999999616,1587.1905000001334,one shared preloaded model
syn-bef31d57b3f3a636,lexical_only,1119.4066999998995,5.526299999928597,168.1416999999783,1293.0746999998064,one shared preloaded model
syn-5b6437f25fa7b377,lexical_only,1163.287099999934,6.201299999929688,387.5914999998713,1557.079899999735,one shared preloaded model
syn-d9343cc50784b112,lexical_only,1464.2235000001165,9.82890000000225,616.2428000000091,2090.295200000128,one shared preloaded model
syn-f76dc8f62777c380,lexical_only,1243.1825000001027,8.947000000034677,348.0011999999988,1600.1307000001361,one shared preloaded model
syn-3e69c986de52e554,lexical_only,1161.4626000000499,8.912800000189236,342.29099999993196,1512.666400000171,one shared preloaded model
syn-840e933e797cd154,lexical_only,1175.788700000112,4.50789999990775,339.843700000074,1520.1403000000937,one shared preloaded model
syn-dc03b9c9604c3466,lexical_only,1149.1786000001412,8.771099999876242,349.01749999994536,1506.9671999999628,one shared preloaded model
syn-3f767d83df352f4e,lexical_only,1848.2781999998679,8.973900000000867,477.0594000001438,2334.3115000000125,one shared preloaded model
syn-7ac00f53df7b09ec,lexical_only,1904.491200000166,8.783900000025824,417.39810000012767,2330.6732000003194,one shared preloaded model
syn-491941db367ba49a,lexical_only,1902.6667999999063,9.070999999948981,525.8612000000085,2437.5989999998637,one shared preloaded model
syn-9dfd120230fb4447,lexical_only,1899.0415000000667,8.69379999994635,182.5483999998596,2090.2836999998726,one shared preloaded model
syn-ee762dd38613f0eb,lexical_only,1908.5246999998162,9.72740000020167,493.3882000000267,2411.6403000000446,one shared preloaded model
syn-184066c677c61650,lexical_only,1895.683100000042,8.785900000020774,822.6850000000923,2727.154000000155,one shared preloaded model
syn-97ac18ebf1429fcc,lexical_only,1958.0752000001667,8.597800000188727,333.89360000001034,2300.5666000003657,one shared preloaded model
syn-085e6fbcde58b207,lexical_only,1952.3149999999987,8.994799999982206,398.0487000001176,2359.3585000000985,one shared preloaded model
syn-3a6587efa0450f1b,lexical_only,1973.216099999945,9.05649999981506,463.4597000001577,2445.732299999918,one shared preloaded model
syn-dd066d08a68d9e75,lexical_only,1893.890299999839,9.464999999863721,450.54639999989377,2353.9016999995965,one shared preloaded model
syn-3d36627a41eb35df,lexical_only,1980.1352999998016,8.780300000125862,441.38440000006085,2430.2999999999884,one shared preloaded model
syn-e9fb7fcede095653,lexical_only,1877.5181000000885,8.769000000029337,336.54950000004646,2222.8366000001643,one shared preloaded model
syn-572b1c93ac215052,lexical_only,1974.3539999999484,9.137600000030943,456.7457000000559,2440.2373000000352,one shared preloaded model
syn-0b5bbdf52c092b80,lexical_only,1982.4106999999458,8.731399999987843,210.5891999999585,2201.731299999892,one shared preloaded model
syn-e3a03e4fc1e3679e,lexical_only,1884.3041000000085,9.345400000029258,1173.4621999999035,3067.1116999999413,one shared preloaded model
syn-3caf73f6be3623fe,lexical_only,1857.1371000000454,8.842700000059267,516.1201999999321,2382.1000000000367,one shared preloaded model
syn-ed0c0be9ddfe4d38,lexical_only,1902.6581000000533,8.621599999969476,438.8872999998057,2350.1669999998285,one shared preloaded model
syn-c2e84effcaf6e13c,lexical_only,2009.371599999895,5.343600000060178,513.9414000000215,2528.6565999999766,one shared preloaded model
syn-ffaf82c44ff79b5a,lexical_only,1851.6525000000001,8.641200000056415,403.92590000010387,2264.2196000001604,one shared preloaded model
syn-5471fab742e7c658,lexical_only,1914.6862000000056,5.387599999949089,479.55309999997553,2399.62689999993,one shared preloaded model
syn-b3240f286650ecae,lexical_only,1892.431600000009,8.695299999999406,427.2826999999779,2328.4095999999863,one shared preloaded model
syn-73e8dad0456ff636,lexical_only,1853.8457999998172,8.668100000022605,385.46679999990374,2247.9806999997436,one shared preloaded model
syn-c44f57cdb0635698,lexical_only,1875.8641999997963,8.764599999949496,480.75440000002345,2365.383199999769,one shared preloaded model
syn-97121d3284eb327b,lexical_only,1885.8221999998932,8.82869999986724,206.66959999994106,2101.3204999997015,one shared preloaded model
syn-72c231f5c36b0a82,lexical_only,1847.8487000002133,10.560400000031223,430.3646999999273,2288.773800000172,one shared preloaded model
syn-15208a3cb0e88f74,lexical_only,1845.563200000015,8.91789999991488,369.2676999999094,2223.7487999998393,one shared preloaded model
syn-6fd68b973acd9fa6,lexical_only,1969.0424000000348,9.043700000120225,519.0313000000515,2497.1174000002065,one shared preloaded model
syn-910ecad3da43179f,lexical_only,2059.870900000078,9.412300000121832,454.6691999998984,2523.9524000000984,one shared preloaded model
syn-3b43be463424b9d1,lexical_only,1833.6158999998133,8.66519999999582,446.8253000000004,2289.1063999998096,one shared preloaded model
syn-feb3bd30432e1619,lexical_only,1932.5614999997924,9.249000000181695,395.475499999975,2337.285999999949,one shared preloaded model
syn-97b3c3abe76861f6,lexical_only,1871.6314000000693,8.906700000125056,396.1385000000064,2276.676600000201,one shared preloaded model
syn-367f74c39dec31a4,lexical_only,1841.4880999998786,5.376999999953114,282.5719999998455,2129.4370999996772,one shared preloaded model
syn-601ac24ca303d9c4,lexical_only,1873.2921999999235,5.552200000010998,459.4406000001072,2338.2850000000417,one shared preloaded model
syn-4d0b34ee3d1c08f2,lexical_only,1852.8823000001466,5.3598000001784385,194.9920000001839,2053.234100000509,one shared preloaded model
syn-039fd7c5756e356c,lexical_only,1879.2100000000573,9.560100000044258,429.71250000005057,2318.482600000152,one shared preloaded model
syn-af2b9b20ebd727ab,lexical_only,1852.156500000092,8.900300000050265,364.244699999972,2225.301500000114,one shared preloaded model
syn-e4f21b03cc5cefd6,lexical_only,1881.6071999999622,5.438299999923402,446.27459999992425,2333.32009999981,one shared preloaded model
syn-7cfc52e2fefff869,lalm,5842.285299999958,10.81859999999324,541.5528999999424,6394.656799999893,one shared preloaded model
syn-4296f812e74314b3,lalm,6058.488800000077,10.126200000058816,608.2388999998329,6676.853899999969,one shared preloaded model
syn-f7aa6070fe05b69e,lalm,5830.2063000001,6.859899999881236,445.98420000011174,6283.050400000093,one shared preloaded model
syn-607ea103d2b11cf6,lalm,5945.70520000002,11.186899999984234,510.2297999999337,6467.121899999938,one shared preloaded model
syn-45ef60d7b20398a1,lalm,6037.359499999866,10.88079999999536,421.93810000003396,6470.178399999895,one shared preloaded model
syn-e95ca15b27885cf3,lalm,5997.006399999918,10.830899999973553,612.5473000001875,6620.384600000079,one shared preloaded model
syn-bef31d57b3f3a636,lalm,5792.176299999937,10.671600000023318,211.6020999999364,6014.449999999897,one shared preloaded model
syn-5b6437f25fa7b377,lalm,6037.824200000159,11.53399999998328,584.1559000000416,6633.514100000184,one shared preloaded model
syn-d9343cc50784b112,lalm,5996.809400000075,10.518799999999828,545.0146000000586,6552.342800000133,one shared preloaded model
syn-f76dc8f62777c380,lalm,5938.500399999839,7.056799999872965,446.2716000000455,6391.828799999757,one shared preloaded model
syn-3e69c986de52e554,lalm,5908.0573999999615,10.316099999954531,459.310799999912,6377.684299999828,one shared preloaded model
syn-840e933e797cd154,lalm,6055.730600000061,10.775700000067445,628.1530000001112,6694.659300000239,one shared preloaded model
syn-dc03b9c9604c3466,lalm,4897.7701000003435,10.510600000088743,351.20150000011563,5259.482200000548,one shared preloaded model
syn-3f767d83df352f4e,lalm,5416.583100000025,10.399100000086037,500.0700999999026,5927.052300000014,one shared preloaded model
syn-7ac00f53df7b09ec,lalm,4357.207799999742,6.909100000029866,489.2048000001523,4853.321699999924,one shared preloaded model
syn-491941db367ba49a,lalm,4335.40210000001,6.900500000028842,369.0985000002911,4711.40110000033,one shared preloaded model
syn-9dfd120230fb4447,lalm,4380.12660000004,10.707600000387174,187.02659999962634,4577.860800000053,one shared preloaded model
syn-ee762dd38613f0eb,lalm,4863.487099999929,7.9848000000311,462.5717999997505,5334.043699999711,one shared preloaded model
syn-184066c677c61650,lalm,4756.255500000407,7.019099999979517,574.8989000003348,5338.173500000721,one shared preloaded model
syn-97ac18ebf1429fcc,lalm,4746.400900000026,7.102600000052917,423.94359999980225,5177.447099999881,one shared preloaded model
syn-085e6fbcde58b207,lalm,4818.1000999998105,10.541300000113552,339.27399999993213,5167.915399999856,one shared preloaded model
syn-3a6587efa0450f1b,lalm,4698.984399999972,10.67060000013953,407.13170000026366,5116.786700000375,one shared preloaded model
syn-dd066d08a68d9e75,lalm,4882.408100000248,6.814399999711895,497.8436999999758,5387.066199999936,one shared preloaded model
syn-3d36627a41eb35df,lalm,4973.9488000000165,7.1923999998944055,328.20399999991423,5309.345199999825,one shared preloaded model
syn-e9fb7fcede095653,lalm,4665.607099999761,9.361700000226847,409.65830000004644,5084.627100000034,one shared preloaded model
syn-572b1c93ac215052,lalm,4954.225100000258,8.357599999726517,425.5743999997321,5388.157099999717,one shared preloaded model
syn-0b5bbdf52c092b80,lalm,4556.5943999999945,7.095000000390428,209.60009999998874,4773.289500000374,one shared preloaded model
syn-e3a03e4fc1e3679e,lalm,4721.506599999884,7.530400000177906,375.0205000001188,5104.057500000181,one shared preloaded model
syn-3caf73f6be3623fe,lalm,4762.878600000022,7.163999999647785,398.1253000001743,5168.167899999844,one shared preloaded model
syn-ed0c0be9ddfe4d38,lalm,4892.83899999964,7.833500000288041,448.77309999992576,5349.445599999854,one shared preloaded model
syn-c2e84effcaf6e13c,lalm,4789.161400000012,6.817399999818008,418.3730999998261,5214.351899999656,one shared preloaded model
syn-ffaf82c44ff79b5a,lalm,4830.300999999963,10.872900000322261,489.6526000002268,5330.826500000512,one shared preloaded model
syn-5471fab742e7c658,lalm,4673.536099999637,10.749699999905715,376.3247000001684,5060.6104999997115,one shared preloaded model
syn-b3240f286650ecae,lalm,4294.344399999773,11.131199999908858,452.9363999999987,4758.41199999968,one shared preloaded model
syn-73e8dad0456ff636,lalm,6084.147100000337,10.681799999929353,439.4831999998132,6534.312100000079,one shared preloaded model
syn-c44f57cdb0635698,lalm,5924.546799999916,10.871399999814457,613.2244999998875,6548.642699999618,one shared preloaded model
syn-97121d3284eb327b,lalm,5860.798000000159,6.823100000019622,313.38819999973566,6181.009299999914,one shared preloaded model
syn-72c231f5c36b0a82,lalm,5739.678800000092,11.040399999728834,453.29850000007355,6204.017699999895,one shared preloaded model
syn-15208a3cb0e88f74,lalm,5454.215700000077,10.728800000379124,485.1082000000133,5950.0527000004695,one shared preloaded model
syn-6fd68b973acd9fa6,lalm,5956.464899999901,10.877799999889248,367.4040999999306,6334.746799999721,one shared preloaded model
syn-910ecad3da43179f,lalm,4554.465400000026,6.928599999810103,380.2146999996694,4941.608699999506,one shared preloaded model
syn-3b43be463424b9d1,lalm,4513.535900000079,10.630499999933818,366.1653999997725,4890.331799999785,one shared preloaded model
syn-feb3bd30432e1619,lalm,4905.004799999915,10.435899999720277,399.4121000000632,5314.852799999699,one shared preloaded model
syn-97b3c3abe76861f6,lalm,5862.568600000031,10.59899999972913,484.5205999999962,6357.688199999757,one shared preloaded model
syn-367f74c39dec31a4,lalm,5464.165699999739,6.81929999973363,369.090099999994,5840.075099999467,one shared preloaded model
syn-601ac24ca303d9c4,lalm,4798.0392999998,10.58950000015102,494.4399000000885,5303.06870000004,one shared preloaded model
syn-4d0b34ee3d1c08f2,lalm,4549.8625000000175,7.05820000030144,195.26889999997366,4752.189600000293,one shared preloaded model
syn-039fd7c5756e356c,lalm,4593.407999999727,7.884000000103697,356.34250000020984,4957.63450000004,one shared preloaded model
syn-af2b9b20ebd727ab,lalm,4714.397900000222,11.10179999977845,401.7705000001115,5127.270200000112,one shared preloaded model
syn-e4f21b03cc5cefd6,lalm,4396.6426000001775,10.577999999895837,385.5671000001166,4792.78770000019,one shared preloaded model
