example_id,agent,update_ms,read_ms,generation_ms,end_to_end_ms,model_loading_policy
conv-26-qa-0,lalm,2.884811055279061,15.564299999823561,129.9855249999382,148.43463605504084,one shared preloaded model
conv-26-qa-1,lalm,2.884811055279061,10.150000000066939,129.9855249999382,143.02033605528422,one shared preloaded model
conv-26-qa-2,lalm,2.884811055279061,9.579400000802707,129.9855249999382,142.44973605602,one shared preloaded model
conv-26-qa-3,lalm,2.884811055279061,9.865899999567773,129.9855249999382,142.73623605478505,one shared preloaded model
conv-26-qa-4,lalm,2.884811055279061,7.672500001717708,145.72992500006876,156.28723605706554,one shared preloaded model
conv-26-qa-5,lalm,2.884811055279061,9.866999998848769,145.72992500006876,158.4817360541966,one shared preloaded model
conv-26-qa-6,lalm,2.884811055279061,7.082799998897826,145.72992500006876,155.69753605424566,one shared preloaded model
conv-26-qa-7,lalm,2.884811055279061,9.683000000222819,145.72992500006876,158.29773605557065,one shared preloaded model
conv-26-qa-8,lalm,2.884811055279061,7.763499999782653,164.9675999997271,175.61591105478882,one shared preloaded model
conv-26-qa-9,lalm,2.884811055279061,10.871399999814457,164.9675999997271,178.72381105482063,one shared preloaded model
conv-26-qa-10,lalm,2.884811055279061,9.65610000093875,164.9675999997271,177.50851105594492,one shared preloaded model
conv-26-qa-11,lalm,2.884811055279061,9.414500000275439,164.9675999997271,177.2669110552816,one shared preloaded model
conv-26-qa-12,lalm,2.884811055279061,6.661499999609077,154.2703000000074,163.81661105489556,one shared preloaded model
conv-26-qa-13,lalm,2.884811055279061,5.318600000464357,154.2703000000074,162.47371105575084,one shared preloaded model
conv-26-qa-14,lalm,2.884811055279061,6.483400000433903,154.2703000000074,163.6385110557204,one shared preloaded model
conv-26-qa-15,lalm,2.884811055279061,5.729500000597909,154.2703000000074,162.8846110558844,one shared preloaded model
conv-26-qa-16,lalm,2.884811055279061,6.225099999937811,92.66769999976532,101.77761105498219,one shared preloaded model
conv-26-qa-17,lalm,2.884811055279061,7.373599999482394,92.66769999976532,102.92611105452677,one shared preloaded model
conv-26-qa-18,lalm,2.884811055279061,6.241099999897415,92.66769999976532,101.79361105494179,one shared preloaded model
conv-26-qa-19,lalm,2.884811055279061,6.734599999617785,92.66769999976532,102.28711105466216,one shared preloaded model
conv-26-qa-20,lalm,2.884811055279061,6.285199999183533,107.84027499994409,117.01028605440668,one shared preloaded model
conv-26-qa-21,lalm,2.884811055279061,8.111799999824143,107.84027499994409,118.83688605504729,one shared preloaded model
conv-26-qa-22,lalm,2.884811055279061,6.439800001317053,107.84027499994409,117.1648860565402,one shared preloaded model
conv-26-qa-23,lalm,2.884811055279061,6.458900001234724,107.84027499994409,117.18398605645787,one shared preloaded model
conv-26-qa-24,lalm,2.884811055279061,6.690899999739486,122.05815000015718,131.63386105517574,one shared preloaded model
conv-26-qa-25,lalm,2.884811055279061,9.89560000016354,122.05815000015718,134.8385610555998,one shared preloaded model
conv-26-qa-26,lalm,2.884811055279061,9.73830000111775,122.05815000015718,134.681261056554,one shared preloaded model
conv-26-qa-27,lalm,2.884811055279061,9.270700000342913,122.05815000015718,134.21366105577917,one shared preloaded model
conv-26-qa-28,lalm,2.884811055279061,6.2605000002804445,171.53079999980037,180.67611105535988,one shared preloaded model
conv-26-qa-29,lalm,2.884811055279061,10.265500000969041,171.53079999980037,184.68111105604848,one shared preloaded model
conv-26-qa-30,lalm,2.884811055279061,9.579999999914435,171.53079999980037,183.99561105499387,one shared preloaded model
conv-26-qa-31,lalm,2.884811055279061,9.10950000070443,171.53079999980037,183.52511105578387,one shared preloaded model
conv-26-qa-32,lalm,2.884811055279061,6.17920000149752,116.40652500000215,125.47053605677873,one shared preloaded model
conv-26-qa-33,lalm,2.884811055279061,5.413900000348804,116.40652500000215,124.70523605563001,one shared preloaded model
conv-26-qa-34,lalm,2.884811055279061,6.841999998869142,116.40652500000215,126.13333605415035,one shared preloaded model
conv-26-qa-35,lalm,2.884811055279061,6.526499999381485,116.40652500000215,125.81783605466269,one shared preloaded model
conv-26-qa-36,lalm,2.884811055279061,6.302599998889491,223.06924999975308,232.25666105392165,one shared preloaded model
conv-26-qa-37,lalm,2.884811055279061,5.836299998918548,223.06924999975308,231.7903610539507,one shared preloaded model
conv-26-qa-38,lalm,2.884811055279061,6.112700000812765,223.06924999975308,232.06676105584492,one shared preloaded model
conv-26-qa-39,lalm,2.884811055279061,6.210999999893829,223.06924999975308,232.16506105492599,one shared preloaded model
conv-26-qa-40,lalm,2.884811055279061,6.557599999723607,116.09747500006051,125.53988605506318,one shared preloaded model
conv-26-qa-41,lalm,2.884811055279061,9.58110000101442,116.09747500006051,128.563386056354,one shared preloaded model
conv-26-qa-42,lalm,2.884811055279061,10.412499999802094,116.09747500006051,129.39478605514168,one shared preloaded model
conv-26-qa-43,lalm,2.884811055279061,9.318399999756366,116.09747500006051,128.30068605509595,one shared preloaded model
conv-26-qa-44,lalm,2.884811055279061,6.151999999929103,170.25852500000838,179.29533605521655,one shared preloaded model
conv-26-qa-45,lalm,2.884811055279061,6.07769999987795,170.25852500000838,179.2210360551654,one shared preloaded model
conv-26-qa-46,lalm,2.884811055279061,5.833799999891198,170.25852500000838,178.97713605517865,one shared preloaded model
conv-26-qa-47,lalm,2.884811055279061,6.040700000085053,170.25852500000838,179.1840360553725,one shared preloaded model
conv-26-qa-48,lalm,2.884811055279061,6.879400001707836,130.60719999975845,140.37141105674536,one shared preloaded model
conv-26-qa-49,lalm,2.884811055279061,9.984099999201135,130.60719999975845,143.47611105423866,one shared preloaded model
conv-26-qa-50,lalm,2.884811055279061,9.99720000072557,130.60719999975845,143.4892110557631,one shared preloaded model
conv-26-qa-51,lalm,2.884811055279061,9.473500000240165,130.60719999975845,142.9655110552777,one shared preloaded model
conv-26-qa-52,lalm,2.884811055279061,6.311499999355874,170.66974999988815,179.8660610545231,one shared preloaded model
conv-26-qa-53,lalm,2.884811055279061,10.97000000117987,170.66974999988815,184.5245610563471,one shared preloaded model
conv-26-qa-54,lalm,2.884811055279061,9.524199998850236,170.66974999988815,183.07876105401746,one shared preloaded model
conv-26-qa-55,lalm,2.884811055279061,9.057899998879293,170.66974999988815,182.61246105404652,one shared preloaded model
conv-26-qa-56,lalm,2.884811055279061,6.059999999706633,183.69285000017044,192.63766105515614,one shared preloaded model
conv-26-qa-57,lalm,2.884811055279061,9.630300000935677,183.69285000017044,196.2079610563852,one shared preloaded model
conv-26-qa-58,lalm,2.884811055279061,9.79399999960151,183.69285000017044,196.37166105505102,one shared preloaded model
conv-26-qa-59,lalm,2.884811055279061,9.037800000442076,183.69285000017044,195.6154610558916,one shared preloaded model
conv-26-qa-60,lalm,2.884811055279061,5.870300001333817,90.20502499970462,98.9601360563175,one shared preloaded model
conv-26-qa-61,lalm,2.884811055279061,6.203899998581619,90.20502499970462,99.2937360535653,one shared preloaded model
conv-26-qa-62,lalm,2.884811055279061,10.177299998758826,90.20502499970462,103.2671360537425,one shared preloaded model
conv-26-qa-63,lalm,2.884811055279061,9.458200000153738,90.20502499970462,102.54803605513742,one shared preloaded model
conv-26-qa-64,lalm,2.884811055279061,6.539299998621573,312.58170000000973,322.00581105391035,one shared preloaded model
conv-26-qa-65,lalm,2.884811055279061,5.675299998983974,312.58170000000973,321.14181105427275,one shared preloaded model
conv-26-qa-66,lalm,2.884811055279061,5.581400000664871,312.58170000000973,321.04791105595365,one shared preloaded model
conv-26-qa-67,lalm,2.884811055279061,6.163999998534564,312.58170000000973,321.63051105382334,one shared preloaded model
conv-26-qa-68,lalm,2.884811055279061,8.278000001155306,155.21532499997193,166.3781360564063,one shared preloaded model
conv-26-qa-69,lalm,2.884811055279061,9.805500001675682,155.21532499997193,167.90563605692668,one shared preloaded model
conv-26-qa-70,lalm,2.884811055279061,9.412800000063726,155.21532499997193,167.51293605531473,one shared preloaded model
conv-26-qa-71,lalm,2.884811055279061,9.38280000082159,155.21532499997193,167.4829360560726,one shared preloaded model
conv-26-qa-72,lalm,2.884811055279061,6.240200000320328,81.21472499988158,90.33973605548097,one shared preloaded model
conv-26-qa-73,lalm,2.884811055279061,6.286200001341058,81.21472499988158,90.3857360565017,one shared preloaded model
conv-26-qa-74,lalm,2.884811055279061,6.1842000013712095,81.21472499988158,90.28373605653185,one shared preloaded model
conv-26-qa-75,lalm,2.884811055279061,6.340100000670645,81.21472499988158,90.43963605583129,one shared preloaded model
conv-26-qa-76,lalm,2.884811055279061,6.671799999821815,75.83082499968441,85.38743605478528,one shared preloaded model
conv-26-qa-77,lalm,2.884811055279061,9.362699998746393,75.83082499968441,88.07833605370986,one shared preloaded model
conv-26-qa-78,lalm,2.884811055279061,9.605900000678957,75.83082499968441,88.32153605564243,one shared preloaded model
conv-26-qa-79,lalm,2.884811055279061,9.47240000095917,75.83082499968441,88.18803605592264,one shared preloaded model
conv-26-qa-80,lalm,2.884811055279061,6.103199999415665,113.9447000000473,122.93271105474203,one shared preloaded model
conv-26-qa-81,lalm,2.884811055279061,5.395700000008219,113.9447000000473,122.22521105533458,one shared preloaded model
conv-26-qa-82,lalm,2.884811055279061,6.525599999804399,113.9447000000473,123.35511105513076,one shared preloaded model
conv-26-qa-83,lalm,2.884811055279061,6.046699998478289,113.9447000000473,122.87621105380465,one shared preloaded model
conv-26-qa-84,lalm,2.884811055279061,6.122999999206513,175.96294999975726,184.97076105424284,one shared preloaded model
conv-26-qa-85,lalm,2.884811055279061,8.671900000990718,175.96294999975726,187.51966105602705,one shared preloaded model
conv-26-qa-86,lalm,2.884811055279061,5.461799999466166,175.96294999975726,184.3095610545025,one shared preloaded model
conv-26-qa-87,lalm,2.884811055279061,5.2615000004152535,175.96294999975726,184.10926105545158,one shared preloaded model
conv-26-qa-88,lalm,2.884811055279061,6.532800000059069,132.1211750000657,141.53878605540385,one shared preloaded model
conv-26-qa-89,lalm,2.884811055279061,6.076800000300864,132.1211750000657,141.08278605564564,one shared preloaded model
conv-26-qa-90,lalm,2.884811055279061,5.735499998991145,132.1211750000657,140.74148605433592,one shared preloaded model
conv-26-qa-91,lalm,2.884811055279061,6.121999998867977,132.1211750000657,141.12798605421276,one shared preloaded model
conv-26-qa-92,lalm,2.884811055279061,6.27629999871715,289.23359999998866,298.39471105398485,one shared preloaded model
conv-26-qa-93,lalm,2.884811055279061,5.392700000811601,289.23359999998866,297.5111110560793,one shared preloaded model
conv-26-qa-94,lalm,2.884811055279061,6.000600000334089,289.23359999998866,298.1190110556018,one shared preloaded model
conv-26-qa-95,lalm,2.884811055279061,6.137100001069484,289.23359999998866,298.2555110563372,one shared preloaded model
conv-26-qa-96,lalm,2.884811055279061,7.993299999725423,267.9428750002444,278.82098605524885,one shared preloaded model
conv-26-qa-97,lalm,2.884811055279061,9.681700001237914,267.9428750002444,280.50938605676134,one shared preloaded model
conv-26-qa-98,lalm,2.884811055279061,9.988499999963096,267.9428750002444,280.8161860554865,one shared preloaded model
conv-26-qa-99,lalm,2.884811055279061,9.332899999208166,267.9428750002444,280.1605860547316,one shared preloaded model
conv-26-qa-100,lalm,2.884811055279061,11.176199999681558,82.69862499992087,96.75963605488148,one shared preloaded model
conv-26-qa-101,lalm,2.884811055279061,9.866399999737041,82.69862499992087,95.44983605493697,one shared preloaded model
conv-26-qa-102,lalm,2.884811055279061,9.471100000155275,82.69862499992087,95.0545360553552,one shared preloaded model
conv-26-qa-103,lalm,2.884811055279061,9.335400000054506,82.69862499992087,94.91883605525443,one shared preloaded model
conv-26-qa-104,lalm,2.884811055279061,7.550800000899471,143.09675000004063,153.53236105621917,one shared preloaded model
conv-26-qa-105,lalm,2.884811055279061,5.222699999649194,143.09675000004063,151.2042610549689,one shared preloaded model
conv-26-qa-106,lalm,2.884811055279061,6.405300000551506,143.09675000004063,152.3868610558712,one shared preloaded model
conv-26-qa-107,lalm,2.884811055279061,9.560999998939224,143.09675000004063,155.54256105425893,one shared preloaded model
conv-26-qa-108,lalm,2.884811055279061,5.8352999985800125,143.54037500015693,152.260486054016,one shared preloaded model
conv-26-qa-109,lalm,2.884811055279061,8.275700000012876,143.54037500015693,154.70088605544888,one shared preloaded model
conv-26-qa-110,lalm,2.884811055279061,10.254100001475308,143.54037500015693,156.6792860569113,one shared preloaded model
conv-26-qa-111,lalm,2.884811055279061,8.090499999525491,143.54037500015693,154.5156860549615,one shared preloaded model
conv-26-qa-112,lalm,2.884811055279061,6.331099999442813,272.5268499998492,281.7427610545711,one shared preloaded model
conv-26-qa-113,lalm,2.884811055279061,7.333200001085061,272.5268499998492,282.7448610562133,one shared preloaded model
conv-26-qa-114,lalm,2.884811055279061,9.628699999666424,272.5268499998492,285.0403610547947,one shared preloaded model
conv-26-qa-115,lalm,2.884811055279061,9.263299998565344,272.5268499998492,284.6749610536936,one shared preloaded model
conv-26-qa-116,lalm,2.884811055279061,8.792800001174328,179.47910000020784,191.15671105666124,one shared preloaded model
conv-26-qa-117,lalm,2.884811055279061,6.250099999306258,179.47910000020784,188.61401105479317,one shared preloaded model
conv-26-qa-118,lalm,2.884811055279061,5.806400000437861,179.47910000020784,188.17031105592477,one shared preloaded model
conv-26-qa-119,lalm,2.884811055279061,5.4620999999315245,179.47910000020784,187.82601105541843,one shared preloaded model
conv-26-qa-120,lalm,2.884811055279061,6.729699998686556,147.50147499989907,157.1159860538647,one shared preloaded model
conv-26-qa-121,lalm,2.884811055279061,9.890100000120583,147.50147499989907,160.27638605529873,one shared preloaded model
conv-26-qa-122,lalm,2.884811055279061,9.546400000544963,147.50147499989907,159.9326860557231,one shared preloaded model
conv-26-qa-123,lalm,2.884811055279061,9.419399999387679,147.50147499989907,159.80568605456583,one shared preloaded model
conv-26-qa-124,lalm,2.884811055279061,6.556699998327531,91.60892499994588,101.05043605355247,one shared preloaded model
conv-26-qa-125,lalm,2.884811055279061,5.443300000479212,91.60892499994588,99.93703605570416,one shared preloaded model
conv-26-qa-126,lalm,2.884811055279061,5.214999999225256,91.60892499994588,99.7087360544502,one shared preloaded model
conv-26-qa-127,lalm,2.884811055279061,6.437800000639982,91.60892499994588,100.93153605586492,one shared preloaded model
conv-26-qa-128,lalm,2.884811055279061,6.768499999452615,153.92832499992437,163.58163605465606,one shared preloaded model
conv-26-qa-129,lalm,2.884811055279061,10.382899999967776,153.92832499992437,167.19603605517122,one shared preloaded model
conv-26-qa-130,lalm,2.884811055279061,6.227599998965161,153.92832499992437,163.0407360541686,one shared preloaded model
conv-26-qa-131,lalm,2.884811055279061,6.109800000558607,153.92832499992437,162.92293605576205,one shared preloaded model
conv-26-qa-132,lalm,2.884811055279061,6.531699998959084,490.1491499999793,499.5656610542174,one shared preloaded model
conv-26-qa-133,lalm,2.884811055279061,10.066099999676226,490.1491499999793,503.10006105493454,one shared preloaded model
conv-26-qa-134,lalm,2.884811055279061,9.478500000113854,490.1491499999793,502.51246105537217,one shared preloaded model
conv-26-qa-135,lalm,2.884811055279061,9.45279999905324,490.1491499999793,502.48676105431156,one shared preloaded model
conv-26-qa-136,lalm,2.884811055279061,6.379899999956251,150.19219999976485,159.45691105500018,one shared preloaded model
conv-26-qa-137,lalm,2.884811055279061,9.702600000309758,150.19219999976485,162.77961105535368,one shared preloaded model
conv-26-qa-138,lalm,2.884811055279061,10.066900000310852,150.19219999976485,163.14391105535478,one shared preloaded model
conv-26-qa-139,lalm,2.884811055279061,9.263100000680424,150.19219999976485,162.34011105572435,one shared preloaded model
conv-26-qa-140,lalm,2.884811055279061,6.591099998331629,373.5645250003472,383.0404360539579,one shared preloaded model
conv-26-qa-141,lalm,2.884811055279061,9.616299999834155,373.5645250003472,386.0656360554604,one shared preloaded model
conv-26-qa-142,lalm,2.884811055279061,8.84550000046147,373.5645250003472,385.2948360560877,one shared preloaded model
conv-26-qa-143,lalm,2.884811055279061,5.8392999999341555,373.5645250003472,382.2886360555604,one shared preloaded model
conv-26-qa-144,lalm,2.884811055279061,5.947399999058689,176.65465000027325,185.486861054611,one shared preloaded model
conv-26-qa-145,lalm,2.884811055279061,8.307699999932083,176.65465000027325,187.8471610554844,one shared preloaded model
conv-26-qa-146,lalm,2.884811055279061,10.852800000066054,176.65465000027325,190.39226105561838,one shared preloaded model
conv-26-qa-147,lalm,2.884811055279061,10.700200000428595,176.65465000027325,190.23966105598092,one shared preloaded model
conv-26-qa-148,lalm,2.884811055279061,6.089200000133133,169.24947500001508,178.2234860554273,one shared preloaded model
conv-26-qa-149,lalm,2.884811055279061,9.863299999778974,169.24947500001508,181.99758605507313,one shared preloaded model
conv-26-qa-150,lalm,2.884811055279061,9.43849999930535,169.24947500001508,181.5727860545995,one shared preloaded model
conv-26-qa-151,lalm,2.884811055279061,9.369699999297154,169.24947500001508,181.5039860545913,one shared preloaded model
conv-26-qa-152,lalm,2.884811055279061,5.9510000010050135,152.3548000000119,161.19061105629598,one shared preloaded model
conv-26-qa-153,lalm,2.884811055279061,9.621100000003935,152.3548000000119,164.8607110552949,one shared preloaded model
conv-26-qa-154,lalm,2.884811055279061,9.501800001089578,152.3548000000119,164.74141105638054,one shared preloaded model
conv-26-qa-155,lalm,2.884811055279061,10.130199998457101,152.3548000000119,165.36981105374807,one shared preloaded model
conv-26-qa-156,lalm,2.884811055279061,7.307899999432266,126.64587500012203,136.83858605483337,one shared preloaded model
conv-26-qa-157,lalm,2.884811055279061,9.540799999740557,126.64587500012203,139.07148605514166,one shared preloaded model
conv-26-qa-158,lalm,2.884811055279061,10.064100000818144,126.64587500012203,139.59478605621925,one shared preloaded model
conv-26-qa-159,lalm,2.884811055279061,9.458099999392289,126.64587500012203,138.9887860547934,one shared preloaded model
conv-26-qa-160,lalm,2.884811055279061,6.557899998369976,187.24889999975858,196.69161105340763,one shared preloaded model
conv-26-qa-161,lalm,2.884811055279061,6.04389999898558,187.24889999975858,196.17761105402323,one shared preloaded model
conv-26-qa-162,lalm,2.884811055279061,6.734300000971416,187.24889999975858,196.86801105600907,one shared preloaded model
conv-26-qa-163,lalm,2.884811055279061,6.290999999691849,187.24889999975858,196.4247110547295,one shared preloaded model
conv-26-qa-164,lalm,2.884811055279061,6.259499999941909,111.08305000016117,120.22736105538213,one shared preloaded model
conv-26-qa-165,lalm,2.884811055279061,9.833500000240747,111.08305000016117,123.80136105568097,one shared preloaded model
conv-26-qa-166,lalm,2.884811055279061,7.530400000177906,111.08305000016117,121.49826105561813,one shared preloaded model
conv-26-qa-167,lalm,2.884811055279061,6.059100000129547,111.08305000016117,120.02696105556977,one shared preloaded model
conv-26-qa-168,lalm,2.884811055279061,7.267799999681301,183.32552500032762,193.478136055288,one shared preloaded model
conv-26-qa-169,lalm,2.884811055279061,5.3936000003886875,183.32552500032762,191.60393605599538,one shared preloaded model
conv-26-qa-170,lalm,2.884811055279061,5.299700000250596,183.32552500032762,191.51003605585728,one shared preloaded model
conv-26-qa-171,lalm,2.884811055279061,10.652299999492243,183.32552500032762,196.86263605509893,one shared preloaded model
conv-26-qa-172,lalm,2.884811055279061,6.768400000510155,191.0652750002555,200.71848605604472,one shared preloaded model
conv-26-qa-173,lalm,2.884811055279061,9.420799999134033,191.0652750002555,203.3708860546686,one shared preloaded model
conv-26-qa-174,lalm,2.884811055279061,9.645599999203114,191.0652750002555,203.59568605473768,one shared preloaded model
conv-26-qa-175,lalm,2.884811055279061,9.645699999964563,191.0652750002555,203.59578605549913,one shared preloaded model
conv-26-qa-176,lalm,2.884811055279061,8.421900000030291,240.4089000001477,251.71561105545706,one shared preloaded model
conv-26-qa-177,lalm,2.884811055279061,10.092299999087118,240.4089000001477,253.3860110545139,one shared preloaded model
conv-26-qa-178,lalm,2.884811055279061,9.517399999822374,240.4089000001477,252.81111105524914,one shared preloaded model
conv-26-qa-179,lalm,2.884811055279061,6.578900000022259,240.4089000001477,249.87261105544903,one shared preloaded model
conv-26-qa-180,lalm,2.884811055279061,6.339499999739928,97.70797500004846,106.93228605506745,one shared preloaded model
conv-26-qa-181,lalm,2.884811055279061,10.312999998859596,97.70797500004846,110.90578605418712,one shared preloaded model
conv-26-qa-182,lalm,2.884811055279061,9.529799999654642,97.70797500004846,110.12258605498216,one shared preloaded model
conv-26-qa-183,lalm,2.884811055279061,9.524099999907776,97.70797500004846,110.1168860552353,one shared preloaded model
conv-26-qa-184,lalm,2.884811055279061,6.475100000898237,150.40047499996945,159.76038605614676,one shared preloaded model
conv-26-qa-185,lalm,2.884811055279061,5.385399999795482,150.40047499996945,158.670686055044,one shared preloaded model
conv-26-qa-186,lalm,2.884811055279061,5.502199999682489,150.40047499996945,158.787486054931,one shared preloaded model
conv-26-qa-187,lalm,2.884811055279061,10.131799999726354,150.40047499996945,163.41708605497487,one shared preloaded model
conv-26-qa-188,lalm,2.884811055279061,6.448200001614168,98.14307499982533,107.47608605671856,one shared preloaded model
conv-26-qa-189,lalm,2.884811055279061,9.453900000153226,98.14307499982533,110.48178605525761,one shared preloaded model
conv-26-qa-190,lalm,2.884811055279061,9.682300000349642,98.14307499982533,110.71018605545403,one shared preloaded model
conv-26-qa-191,lalm,2.884811055279061,9.402499999850988,98.14307499982533,110.43038605495538,one shared preloaded model
conv-26-qa-192,lalm,2.884811055279061,5.846600000950275,190.59932500022114,199.3307360564505,one shared preloaded model
conv-26-qa-193,lalm,2.884811055279061,5.6655999997019535,190.59932500022114,199.14973605520217,one shared preloaded model
conv-26-qa-194,lalm,2.884811055279061,9.692699999504839,190.59932500022114,203.17683605500505,one shared preloaded model
conv-26-qa-195,lalm,2.884811055279061,8.984699999928125,190.59932500022114,202.46883605542834,one shared preloaded model
conv-26-qa-196,lalm,2.884811055279061,5.910500000027241,229.91413333329547,238.70944438860178,one shared preloaded model
conv-26-qa-197,lalm,2.884811055279061,6.882100000439095,229.91413333329547,239.68104438901364,one shared preloaded model
conv-26-qa-198,lalm,2.884811055279061,7.073700000546523,229.91413333329547,239.87264438912106,one shared preloaded model
conv-30-qa-0,lalm,4.032676190469092,9.971299999961047,110.9107249999397,124.91470119036984,one shared preloaded model
conv-30-qa-1,lalm,4.032676190469092,9.591100000761799,110.9107249999397,124.53450119117059,one shared preloaded model
conv-30-qa-2,lalm,4.032676190469092,9.381400001075235,110.9107249999397,124.32480119148403,one shared preloaded model
conv-30-qa-3,lalm,4.032676190469092,9.037800000442076,110.9107249999397,123.98120119085087,one shared preloaded model
conv-30-qa-4,lalm,4.032676190469092,6.19619999997667,290.38777499999924,300.616651190445,one shared preloaded model
conv-30-qa-5,lalm,4.032676190469092,10.112100000696955,290.38777499999924,304.5325511911653,one shared preloaded model
conv-30-qa-6,lalm,4.032676190469092,9.632400000555208,290.38777499999924,304.05285119102354,one shared preloaded model
conv-30-qa-7,lalm,4.032676190469092,9.187400000882917,290.38777499999924,303.60785119135124,one shared preloaded model
conv-30-qa-8,lalm,4.032676190469092,8.343399998921086,120.46959999997853,132.8456761893687,one shared preloaded model
conv-30-qa-9,lalm,4.032676190469092,5.9791000003315276,120.46959999997853,130.48137619077914,one shared preloaded model
conv-30-qa-10,lalm,4.032676190469092,6.451900000683963,120.46959999997853,130.95417619113158,one shared preloaded model
conv-30-qa-11,lalm,4.032676190469092,9.726899999805028,120.46959999997853,134.22917619025264,one shared preloaded model
conv-30-qa-12,lalm,4.032676190469092,9.023100001286366,155.44267499990383,168.49845119165929,one shared preloaded model
conv-30-qa-13,lalm,4.032676190469092,9.913600000800216,155.44267499990383,169.38895119117313,one shared preloaded model
conv-30-qa-14,lalm,4.032676190469092,9.807299999010866,155.44267499990383,169.28265118938378,one shared preloaded model
conv-30-qa-15,lalm,4.032676190469092,9.052600000359234,155.44267499990383,168.52795119073215,one shared preloaded model
conv-30-qa-16,lalm,4.032676190469092,7.046300001093186,219.0413250000347,230.12030119159698,one shared preloaded model
conv-30-qa-17,lalm,4.032676190469092,9.565899999870453,219.0413250000347,232.63990119037425,one shared preloaded model
conv-30-qa-18,lalm,4.032676190469092,9.85430000037013,219.0413250000347,232.92830119087392,one shared preloaded model
conv-30-qa-19,lalm,4.032676190469092,9.405300001162686,219.0413250000347,232.47930119166648,one shared preloaded model
conv-30-qa-20,lalm,4.032676190469092,8.39790000100038,126.66072499996517,139.09130119143464,one shared preloaded model
conv-30-qa-21,lalm,4.032676190469092,5.989199999021366,126.66072499996517,136.68260118945562,one shared preloaded model
conv-30-qa-22,lalm,4.032676190469092,8.430699999735225,126.66072499996517,139.12410119016948,one shared preloaded model
conv-30-qa-23,lalm,4.032676190469092,9.423199999218923,126.66072499996517,140.11660118965318,one shared preloaded model
conv-30-qa-24,lalm,4.032676190469092,7.0845999998709885,153.16027500011842,164.2775511904585,one shared preloaded model
conv-30-qa-25,lalm,4.032676190469092,9.81839999985823,153.16027500011842,167.01135119044574,one shared preloaded model
conv-30-qa-26,lalm,4.032676190469092,9.596800000508665,153.16027500011842,166.78975119109617,one shared preloaded model
conv-30-qa-27,lalm,4.032676190469092,9.455800000068848,153.16027500011842,166.64875119065636,one shared preloaded model
conv-30-qa-28,lalm,4.032676190469092,6.05109999924025,70.06987500017203,80.15365118988137,one shared preloaded model
conv-30-qa-29,lalm,4.032676190469092,5.937800000538118,70.06987500017203,80.04035119117924,one shared preloaded model
conv-30-qa-30,lalm,4.032676190469092,6.607700001040939,70.06987500017203,80.71025119168206,one shared preloaded model
conv-30-qa-31,lalm,4.032676190469092,6.049799998436356,70.06987500017203,80.15235118907748,one shared preloaded model
conv-30-qa-32,lalm,4.032676190469092,6.325800000922754,152.85387499989156,163.2123511912834,one shared preloaded model
conv-30-qa-33,lalm,4.032676190469092,9.938599998349673,152.85387499989156,166.82515118871032,one shared preloaded model
conv-30-qa-34,lalm,4.032676190469092,9.37579999845184,152.85387499989156,166.2623511888125,one shared preloaded model
conv-30-qa-35,lalm,4.032676190469092,8.967899999333895,152.85387499989156,165.85445118969454,one shared preloaded model
conv-30-qa-36,lalm,4.032676190469092,6.652999998550513,157.82077500034575,168.50645118936535,one shared preloaded model
conv-30-qa-37,lalm,4.032676190469092,10.274900001604692,157.82077500034575,172.12835119241953,one shared preloaded model
conv-30-qa-38,lalm,4.032676190469092,9.34410000081698,157.82077500034575,171.19755119163182,one shared preloaded model
conv-30-qa-39,lalm,4.032676190469092,10.968700000375975,157.82077500034575,172.8221511911908,one shared preloaded model
conv-30-qa-40,lalm,4.032676190469092,6.670799999483279,146.23514999993859,156.93862618989095,one shared preloaded model
conv-30-qa-41,lalm,4.032676190469092,9.650500000134343,146.23514999993859,159.91832619054202,one shared preloaded model
conv-30-qa-42,lalm,4.032676190469092,10.660599999027909,146.23514999993859,160.92842618943558,one shared preloaded model
conv-30-qa-43,lalm,4.032676190469092,9.673499998825719,146.23514999993859,159.9413261892334,one shared preloaded model
conv-30-qa-44,lalm,4.032676190469092,6.367599999066442,191.79712499999368,202.19740118952922,one shared preloaded model
conv-30-qa-45,lalm,4.032676190469092,9.649400000853348,191.79712499999368,205.47920119131612,one shared preloaded model
conv-30-qa-46,lalm,4.032676190469092,9.990599999582628,191.79712499999368,205.8204011900454,one shared preloaded model
conv-30-qa-47,lalm,4.032676190469092,9.981499999412335,191.79712499999368,205.8113011898751,one shared preloaded model
conv-30-qa-48,lalm,4.032676190469092,6.380300001183059,174.28324999991673,184.69622619156888,one shared preloaded model
conv-30-qa-49,lalm,4.032676190469092,10.233100001642015,174.28324999991673,188.54902619202784,one shared preloaded model
conv-30-qa-50,lalm,4.032676190469092,9.34659999984433,174.28324999991673,187.66252619023015,one shared preloaded model
conv-30-qa-51,lalm,4.032676190469092,9.383700000398676,174.28324999991673,187.6996261907845,one shared preloaded model
conv-30-qa-52,lalm,4.032676190469092,6.715200001053745,339.7506500000418,350.4985261915646,one shared preloaded model
conv-30-qa-53,lalm,4.032676190469092,6.9435000004887115,339.7506500000418,350.7268261909996,one shared preloaded model
conv-30-qa-54,lalm,4.032676190469092,6.054499999663676,339.7506500000418,349.83782619017455,one shared preloaded model
conv-30-qa-55,lalm,4.032676190469092,6.19619999997667,339.7506500000418,349.97952619048755,one shared preloaded model
conv-30-qa-56,lalm,4.032676190469092,6.27139999960491,286.19912500016653,296.50320119024053,one shared preloaded model
conv-30-qa-57,lalm,4.032676190469092,9.769500000402331,286.19912500016653,300.00130119103795,one shared preloaded model
conv-30-qa-58,lalm,4.032676190469092,9.565199999997276,286.19912500016653,299.7970011906329,one shared preloaded model
conv-30-qa-59,lalm,4.032676190469092,9.192999999868334,286.19912500016653,299.42480119050396,one shared preloaded model
conv-30-qa-60,lalm,4.032676190469092,6.7061999998259125,404.39757500007545,415.13645119037045,one shared preloaded model
conv-30-qa-61,lalm,4.032676190469092,10.0070999997115,404.39757500007545,418.43735119025604,one shared preloaded model
conv-30-qa-62,lalm,4.032676190469092,9.952500000508735,404.39757500007545,418.3827511910533,one shared preloaded model
conv-30-qa-63,lalm,4.032676190469092,10.315200001059566,404.39757500007545,418.7454511916041,one shared preloaded model
conv-30-qa-64,lalm,4.032676190469092,6.676299999526236,250.26294999997845,260.9719261899738,one shared preloaded model
conv-30-qa-65,lalm,4.032676190469092,9.53289999961271,250.26294999997845,263.82852619006024,one shared preloaded model
conv-30-qa-66,lalm,4.032676190469092,9.821600000577746,250.26294999997845,264.1172261910253,one shared preloaded model
conv-30-qa-67,lalm,4.032676190469092,6.598300000405288,250.26294999997845,260.8939261908528,one shared preloaded model
conv-30-qa-68,lalm,4.032676190469092,6.362600001011742,230.33492500007924,240.73020119156007,one shared preloaded model
conv-30-qa-69,lalm,4.032676190469092,9.616000001187786,230.33492500007924,243.9836011917361,one shared preloaded model
conv-30-qa-70,lalm,4.032676190469092,9.875499999907333,230.33492500007924,244.24310119045566,one shared preloaded model
conv-30-qa-71,lalm,4.032676190469092,9.345400001620874,230.33492500007924,243.7130011921692,one shared preloaded model
conv-30-qa-72,lalm,4.032676190469092,6.987099999605562,160.2109499999642,171.23072619003887,one shared preloaded model
conv-30-qa-73,lalm,4.032676190469092,10.413199999675271,160.2109499999642,174.65682619010857,one shared preloaded model
conv-30-qa-74,lalm,4.032676190469092,10.16189999972994,160.2109499999642,174.40552619016324,one shared preloaded model
conv-30-qa-75,lalm,4.032676190469092,9.200200000123004,160.2109499999642,173.4438261905563,one shared preloaded model
conv-30-qa-76,lalm,4.032676190469092,6.185899999763933,96.93867500027409,107.15725119050711,one shared preloaded model
conv-30-qa-77,lalm,4.032676190469092,5.889699999897857,96.93867500027409,106.86105119064104,one shared preloaded model
conv-30-qa-78,lalm,4.032676190469092,10.050100001535611,96.93867500027409,111.02145119227879,one shared preloaded model
conv-30-qa-79,lalm,4.032676190469092,9.822400001212372,96.93867500027409,110.79375119195555,one shared preloaded model
conv-30-qa-80,lalm,4.032676190469092,6.332499999189167,148.75395000035496,159.11912619001322,one shared preloaded model
conv-30-qa-81,lalm,4.032676190469092,5.552000000534463,148.75395000035496,158.33862619135851,one shared preloaded model
conv-30-qa-82,lalm,4.032676190469092,5.317000001014094,148.75395000035496,158.10362619183815,one shared preloaded model
conv-30-qa-83,lalm,4.032676190469092,5.793700000140234,148.75395000035496,158.58032619096429,one shared preloaded model
conv-30-qa-84,lalm,4.032676190469092,6.550099999003578,88.2197749997431,98.80255118921576,one shared preloaded model
conv-30-qa-85,lalm,4.032676190469092,5.929900000410271,88.2197749997431,98.18235119062246,one shared preloaded model
conv-30-qa-86,lalm,4.032676190469092,5.35909999962314,88.2197749997431,97.61155118983532,one shared preloaded model
conv-30-qa-87,lalm,4.032676190469092,5.812399998831097,88.2197749997431,98.06485118904328,one shared preloaded model
conv-30-qa-88,lalm,4.032676190469092,6.240199998501339,98.02072499996939,108.29360118893982,one shared preloaded model
conv-30-qa-89,lalm,4.032676190469092,9.53280000067025,98.02072499996939,111.58620119110873,one shared preloaded model
conv-30-qa-90,lalm,4.032676190469092,9.427800001503783,98.02072499996939,111.48120119194226,one shared preloaded model
conv-30-qa-91,lalm,4.032676190469092,6.504699998913566,98.02072499996939,108.55810118935204,one shared preloaded model
conv-30-qa-92,lalm,4.032676190469092,6.783000000723405,140.66660000025877,151.48227619145126,one shared preloaded model
conv-30-qa-93,lalm,4.032676190469092,9.463200000027427,140.66660000025877,154.16247619075529,one shared preloaded model
conv-30-qa-94,lalm,4.032676190469092,9.91480000084266,140.66660000025877,154.61407619157052,one shared preloaded model
conv-30-qa-95,lalm,4.032676190469092,9.675100000094972,140.66660000025877,154.37437619082283,one shared preloaded model
conv-30-qa-96,lalm,4.032676190469092,6.91969999934372,170.59582499996395,181.54820118977676,one shared preloaded model
conv-30-qa-97,lalm,4.032676190469092,9.622899999158108,170.59582499996395,184.25140118959115,one shared preloaded model
conv-30-qa-98,lalm,4.032676190469092,9.77210000019113,170.59582499996395,184.40060119062417,one shared preloaded model
conv-30-qa-99,lalm,4.032676190469092,9.420299998964765,170.59582499996395,184.0488011893978,one shared preloaded model
conv-30-qa-100,lalm,4.032676190469092,6.510000001071603,132.27594999989378,142.81862619143448,one shared preloaded model
conv-30-qa-101,lalm,4.032676190469092,5.6863000008888775,132.27594999989378,141.99492619125175,one shared preloaded model
conv-30-qa-102,lalm,4.032676190469092,5.769400000644964,132.27594999989378,142.07802619100784,one shared preloaded model
conv-30-qa-103,lalm,4.032676190469092,9.095999999772175,132.27594999989378,145.40462619013505,one shared preloaded model
conv-30-qa-104,lalm,4.032676190469092,7.580600000437698,561.9614999995974,573.5747761905043,one shared preloaded model
conv-41-qa-0,lalm,4.039339378243237,9.683899999799905,153.29734999977518,167.0205893778183,one shared preloaded model
conv-41-qa-1,lalm,4.039339378243237,9.821499999816297,153.29734999977518,167.1581893778347,one shared preloaded model
conv-41-qa-2,lalm,4.039339378243237,9.443700000701938,153.29734999977518,166.78038937872034,one shared preloaded model
conv-41-qa-3,lalm,4.039339378243237,9.237299998858362,153.29734999977518,166.57398937687677,one shared preloaded model
conv-41-qa-4,lalm,4.039339378243237,6.618600000365404,148.2674499998211,158.92538937842974,one shared preloaded model
conv-41-qa-5,lalm,4.039339378243237,9.704199999760021,148.2674499998211,162.01098937782436,one shared preloaded model
conv-41-qa-6,lalm,4.039339378243237,9.876000000076601,148.2674499998211,162.18278937814094,one shared preloaded model
conv-41-qa-7,lalm,4.039339378243237,9.394200000315323,148.2674499998211,161.70098937837966,one shared preloaded model
conv-41-qa-8,lalm,4.039339378243237,6.291300000157207,153.30217500013532,163.63281437853576,one shared preloaded model
conv-41-qa-9,lalm,4.039339378243237,10.211999999228283,153.30217500013532,167.55351437760683,one shared preloaded model
conv-41-qa-10,lalm,4.039339378243237,9.724199999254779,153.30217500013532,167.06571437763333,one shared preloaded model
conv-41-qa-11,lalm,4.039339378243237,9.534100001474144,153.30217500013532,166.8756143798527,one shared preloaded model
conv-41-qa-12,lalm,4.039339378243237,5.952499999693828,87.18610000005356,97.17793937799063,one shared preloaded model
conv-41-qa-13,lalm,4.039339378243237,5.919700000958983,87.18610000005356,97.14513937925578,one shared preloaded model
conv-41-qa-14,lalm,4.039339378243237,6.442499998229323,87.18610000005356,97.66793937652612,one shared preloaded model
conv-41-qa-15,lalm,4.039339378243237,6.063000000722241,87.18610000005356,97.28843937901904,one shared preloaded model
conv-41-qa-16,lalm,4.039339378243237,6.095599999753176,148.0600999998387,158.19503937783512,one shared preloaded model
conv-41-qa-17,lalm,4.039339378243237,9.963700000298559,148.0600999998387,162.0631393783805,one shared preloaded model
conv-41-qa-18,lalm,4.039339378243237,9.385900000779657,148.0600999998387,161.4853393788616,one shared preloaded model
conv-41-qa-19,lalm,4.039339378243237,9.315799999967567,148.0600999998387,161.4152393780495,one shared preloaded model
conv-41-qa-20,lalm,4.039339378243237,6.5777999989222735,160.5354250000346,171.1525643772001,one shared preloaded model
conv-41-qa-21,lalm,4.039339378243237,10.395799999969313,160.5354250000346,174.97056437824713,one shared preloaded model
conv-41-qa-22,lalm,4.039339378243237,9.717599999930826,160.5354250000346,174.29236437820865,one shared preloaded model
conv-41-qa-23,lalm,4.039339378243237,9.153699998933007,160.5354250000346,173.72846437721083,one shared preloaded model
conv-41-qa-24,lalm,4.039339378243237,7.153700000344543,149.39817499998753,160.5912143785753,one shared preloaded model
conv-41-qa-25,lalm,4.039339378243237,9.923199999320786,149.39817499998753,163.36071437755155,one shared preloaded model
conv-41-qa-26,lalm,4.039339378243237,9.604900000340422,149.39817499998753,163.04241437857118,one shared preloaded model
conv-41-qa-27,lalm,4.039339378243237,9.546699999191333,149.39817499998753,162.9842143774221,one shared preloaded model
conv-41-qa-28,lalm,4.039339378243237,6.371100000251317,126.68687499990483,137.09731437839937,one shared preloaded model
conv-41-qa-29,lalm,4.039339378243237,9.52549999965413,126.68687499990483,140.2517143778022,one shared preloaded model
conv-41-qa-30,lalm,4.039339378243237,9.998999999879743,126.68687499990483,140.7252143780278,one shared preloaded model
conv-41-qa-31,lalm,4.039339378243237,9.284599998863996,126.68687499990483,140.01081437701205,one shared preloaded model
conv-41-qa-32,lalm,4.039339378243237,10.284199999659904,94.66939999992974,108.99293937783288,one shared preloaded model
conv-41-qa-33,lalm,4.039339378243237,9.704000000056112,94.66939999992974,108.41273937822909,one shared preloaded model
conv-41-qa-34,lalm,4.039339378243237,9.572699998898315,94.66939999992974,108.2814393770713,one shared preloaded model
conv-41-qa-35,lalm,4.039339378243237,9.351099999548751,94.66939999992974,108.05983937772173,one shared preloaded model
conv-41-qa-36,lalm,4.039339378243237,6.275399999140063,148.10797500012995,158.42271437751324,one shared preloaded model
conv-41-qa-37,lalm,4.039339378243237,9.3659000012849,148.10797500012995,161.51321437965808,one shared preloaded model
conv-41-qa-38,lalm,4.039339378243237,9.458000000449829,148.10797500012995,161.605314378823,one shared preloaded model
conv-41-qa-39,lalm,4.039339378243237,9.388700000272365,148.10797500012995,161.53601437864555,one shared preloaded model
conv-41-qa-40,lalm,4.039339378243237,6.303899999693385,120.50874999977168,130.8519893777083,one shared preloaded model
conv-41-qa-41,lalm,4.039339378243237,9.555900000123074,120.50874999977168,134.10398937813798,one shared preloaded model
conv-41-qa-42,lalm,4.039339378243237,9.64890000068408,120.50874999977168,134.196989378699,one shared preloaded model
conv-41-qa-43,lalm,4.039339378243237,9.390699999130447,120.50874999977168,133.93878937714535,one shared preloaded model
conv-41-qa-44,lalm,4.039339378243237,6.621100001211744,154.63202499995532,165.2924643794103,one shared preloaded model
conv-41-qa-45,lalm,4.039339378243237,5.656900000758469,154.63202499995532,164.32826437895702,one shared preloaded model
conv-41-qa-46,lalm,4.039339378243237,5.958400000963593,154.63202499995532,164.62976437916214,one shared preloaded model
conv-41-qa-47,lalm,4.039339378243237,6.118099998275284,154.63202499995532,164.78946437647383,one shared preloaded model
conv-41-qa-48,lalm,4.039339378243237,6.260399999518995,165.27532499958397,175.5750643773462,one shared preloaded model
conv-41-qa-49,lalm,4.039339378243237,9.909799999149982,165.27532499958397,179.22446437697718,one shared preloaded model
conv-41-qa-50,lalm,4.039339378243237,9.475500000917236,165.27532499958397,178.79016437874444,one shared preloaded model
conv-41-qa-51,lalm,4.039339378243237,9.407300000020768,165.27532499958397,178.72196437784797,one shared preloaded model
conv-41-qa-52,lalm,4.039339378243237,8.805999999822234,154.678949999834,167.52428937789946,one shared preloaded model
conv-41-qa-53,lalm,4.039339378243237,9.942799999407725,154.678949999834,168.66108937748496,one shared preloaded model
conv-41-qa-54,lalm,4.039339378243237,9.5352999996976,154.678949999834,168.25358937777483,one shared preloaded model
conv-41-qa-55,lalm,4.039339378243237,9.355500000310712,154.678949999834,168.07378937838794,one shared preloaded model
conv-41-qa-56,lalm,4.039339378243237,6.908399998792447,175.6341750001411,186.5819143771768,one shared preloaded model
conv-41-qa-57,lalm,4.039339378243237,10.672500000509899,175.6341750001411,190.34601437889424,one shared preloaded model
conv-41-qa-58,lalm,4.039339378243237,9.722900000269874,175.6341750001411,189.3964143786542,one shared preloaded model
conv-41-qa-59,lalm,4.039339378243237,9.591199999704259,175.6341750001411,189.2647143780886,one shared preloaded model
conv-41-qa-60,lalm,4.039339378243237,6.190500000229804,61.12972500022806,71.35956437870111,one shared preloaded model
conv-41-qa-61,lalm,4.039339378243237,9.872600001472165,61.12972500022806,75.04166437994347,one shared preloaded model
conv-41-qa-62,lalm,4.039339378243237,9.211100001266459,61.12972500022806,74.38016437973776,one shared preloaded model
conv-41-qa-63,lalm,4.039339378243237,9.388300000864547,61.12972500022806,74.55736437933585,one shared preloaded model
conv-41-qa-64,lalm,4.039339378243237,5.868600001122104,169.0314750003381,178.93941437970344,one shared preloaded model
conv-41-qa-65,lalm,4.039339378243237,5.885200000193436,169.0314750003381,178.95601437877477,one shared preloaded model
conv-41-qa-66,lalm,4.039339378243237,10.509100000490434,169.0314750003381,183.57991437907177,one shared preloaded model
conv-41-qa-67,lalm,4.039339378243237,10.060799999337178,169.0314750003381,183.1316143779185,one shared preloaded model
conv-41-qa-68,lalm,4.039339378243237,6.38509999953385,82.37219999955414,92.79663937733123,one shared preloaded model
conv-41-qa-69,lalm,4.039339378243237,9.59790000160865,82.37219999955414,96.00943937940603,one shared preloaded model
conv-41-qa-70,lalm,4.039339378243237,10.662000000593252,82.37219999955414,97.07353937839063,one shared preloaded model
conv-41-qa-71,lalm,4.039339378243237,9.255100001610117,82.37219999955414,95.6666393794075,one shared preloaded model
conv-41-qa-72,lalm,4.039339378243237,7.080200000928016,272.634900000412,283.7544393795833,one shared preloaded model
conv-41-qa-73,lalm,4.039339378243237,5.153899999640998,272.634900000412,281.82813937829627,one shared preloaded model
conv-41-qa-74,lalm,4.039339378243237,5.5583000012120465,272.634900000412,282.2325393798673,one shared preloaded model
conv-41-qa-75,lalm,4.039339378243237,9.02219999989029,272.634900000412,285.69643937854556,one shared preloaded model
conv-41-qa-76,lalm,4.039339378243237,5.97840000045835,202.71202499998253,212.7297643786841,one shared preloaded model
conv-41-qa-77,lalm,4.039339378243237,9.473300000536256,202.71202499998253,216.22466437876201,one shared preloaded model
conv-41-qa-78,lalm,4.039339378243237,10.030299999925774,202.71202499998253,216.78166437815153,one shared preloaded model
conv-41-qa-79,lalm,4.039339378243237,9.19170000088343,202.71202499998253,215.9430643791092,one shared preloaded model
conv-41-qa-80,lalm,4.039339378243237,6.721400000969879,105.56045000021186,116.32118937942498,one shared preloaded model
conv-41-qa-81,lalm,4.039339378243237,7.041599999865866,105.56045000021186,116.64138937832097,one shared preloaded model
conv-41-qa-82,lalm,4.039339378243237,5.857099999047932,105.56045000021186,115.45688937750303,one shared preloaded model
conv-41-qa-83,lalm,4.039339378243237,6.48899999941932,105.56045000021186,116.08878937787442,one shared preloaded model
conv-41-qa-84,lalm,4.039339378243237,6.674899999779882,113.5092499998791,124.22348937790223,one shared preloaded model
conv-41-qa-85,lalm,4.039339378243237,6.174100000862381,113.5092499998791,123.72268937898473,one shared preloaded model
conv-41-qa-86,lalm,4.039339378243237,6.686099999569706,113.5092499998791,124.23468937769205,one shared preloaded model
conv-41-qa-87,lalm,4.039339378243237,9.754099999554455,113.5092499998791,127.3026893776768,one shared preloaded model
conv-41-qa-88,lalm,4.039339378243237,6.012699999700999,221.6321500000049,231.68418937794914,one shared preloaded model
conv-41-qa-89,lalm,4.039339378243237,7.2314000008191215,221.6321500000049,232.90288937906726,one shared preloaded model
conv-41-qa-90,lalm,4.039339378243237,10.172099999181228,221.6321500000049,235.84358937742937,one shared preloaded model
conv-41-qa-91,lalm,4.039339378243237,8.984299998701317,221.6321500000049,234.65578937694946,one shared preloaded model
conv-41-qa-92,lalm,4.039339378243237,6.297500000073342,151.22659999997268,161.56343937828925,one shared preloaded model
conv-41-qa-93,lalm,4.039339378243237,8.83119999889459,151.22659999997268,164.0971393771105,one shared preloaded model
conv-41-qa-94,lalm,4.039339378243237,7.772299999487586,151.22659999997268,163.0382393777035,one shared preloaded model
conv-41-qa-95,lalm,4.039339378243237,6.9203000002744375,151.22659999997268,162.18623937849034,one shared preloaded model
conv-41-qa-96,lalm,4.039339378243237,5.9600000004138565,151.71479999980875,161.71413937846583,one shared preloaded model
conv-41-qa-97,lalm,4.039339378243237,9.069400000953465,151.71479999980875,164.82353937900544,one shared preloaded model
conv-41-qa-98,lalm,4.039339378243237,10.238900000331341,151.71479999980875,165.99303937838332,one shared preloaded model
conv-41-qa-99,lalm,4.039339378243237,9.29809999979625,151.71479999980875,165.05223937784822,one shared preloaded model
conv-41-qa-100,lalm,4.039339378243237,6.04869999915536,152.7689750000718,162.8570143774704,one shared preloaded model
conv-41-qa-101,lalm,4.039339378243237,6.182200000694138,152.7689750000718,162.99051437900917,one shared preloaded model
conv-41-qa-102,lalm,4.039339378243237,7.041599999865866,152.7689750000718,163.8499143781809,one shared preloaded model
conv-41-qa-103,lalm,4.039339378243237,6.861199999548262,152.7689750000718,163.6695143778633,one shared preloaded model
conv-41-qa-104,lalm,4.039339378243237,6.092400000852649,144.71522499979983,154.8469643788957,one shared preloaded model
conv-41-qa-105,lalm,4.039339378243237,9.923300000082236,144.71522499979983,158.6778643781253,one shared preloaded model
conv-41-qa-106,lalm,4.039339378243237,10.246900001220638,144.71522499979983,159.0014643792637,one shared preloaded model
conv-41-qa-107,lalm,4.039339378243237,10.359199999584234,144.71522499979983,159.1137643776273,one shared preloaded model
conv-41-qa-108,lalm,4.039339378243237,6.380300001183059,307.06110000028275,317.48073937970906,one shared preloaded model
conv-41-qa-109,lalm,4.039339378243237,9.614599999622442,307.06110000028275,320.71503937814845,one shared preloaded model
conv-41-qa-110,lalm,4.039339378243237,9.775099999387749,307.06110000028275,320.87553937791375,one shared preloaded model
conv-41-qa-111,lalm,4.039339378243237,9.50130000092031,307.06110000028275,320.6017393794463,one shared preloaded model
conv-41-qa-112,lalm,4.039339378243237,5.930299999818089,178.8856250000208,188.85526437808213,one shared preloaded model
conv-41-qa-113,lalm,4.039339378243237,5.498300000908785,178.8856250000208,188.42326437917282,one shared preloaded model
conv-41-qa-114,lalm,4.039339378243237,5.629499999486143,178.8856250000208,188.55446437775018,one shared preloaded model
conv-41-qa-115,lalm,4.039339378243237,8.350299998710398,178.8856250000208,191.27526437697443,one shared preloaded model
conv-41-qa-116,lalm,4.039339378243237,6.378699999913806,161.6841499999282,172.10218937808523,one shared preloaded model
conv-41-qa-117,lalm,4.039339378243237,6.309000000328524,161.6841499999282,172.03248937849995,one shared preloaded model
conv-41-qa-118,lalm,4.039339378243237,5.920200001128251,161.6841499999282,171.64368937929967,one shared preloaded model
conv-41-qa-119,lalm,4.039339378243237,5.834999999933643,161.6841499999282,171.55848937810507,one shared preloaded model
conv-41-qa-120,lalm,4.039339378243237,6.582199999684235,164.31250000005093,174.9340393779784,one shared preloaded model
conv-41-qa-121,lalm,4.039339378243237,6.338700000924291,164.31250000005093,174.69053937921845,one shared preloaded model
conv-41-qa-122,lalm,4.039339378243237,6.789900000512716,164.31250000005093,175.14173937880688,one shared preloaded model
conv-41-qa-123,lalm,4.039339378243237,7.55840000056196,164.31250000005093,175.91023937885612,one shared preloaded model
conv-41-qa-124,lalm,4.039339378243237,6.578900000022259,155.85632500005886,166.47456437832435,one shared preloaded model
conv-41-qa-125,lalm,4.039339378243237,9.66359999983979,155.85632500005886,169.55926437814188,one shared preloaded model
conv-41-qa-126,lalm,4.039339378243237,9.865500000159955,155.85632500005886,169.76116437846204,one shared preloaded model
conv-41-qa-127,lalm,4.039339378243237,9.898800000883057,155.85632500005886,169.79446437918514,one shared preloaded model
conv-41-qa-128,lalm,4.039339378243237,6.7180000005464535,113.3255250001639,124.0828643789536,one shared preloaded model
conv-41-qa-129,lalm,4.039339378243237,9.613199999876088,113.3255250001639,126.97806437828324,one shared preloaded model
conv-41-qa-130,lalm,4.039339378243237,9.376800000609364,113.3255250001639,126.74166437901651,one shared preloaded model
conv-41-qa-131,lalm,4.039339378243237,9.785199999896577,113.3255250001639,127.15006437830372,one shared preloaded model
conv-41-qa-132,lalm,4.039339378243237,5.990199999359902,232.66935000037847,242.6988893779816,one shared preloaded model
conv-41-qa-133,lalm,4.039339378243237,6.120399999417714,232.66935000037847,242.8290893780394,one shared preloaded model
conv-41-qa-134,lalm,4.039339378243237,6.494000001111999,232.66935000037847,243.2026893797337,one shared preloaded model
conv-41-qa-135,lalm,4.039339378243237,6.291899999268935,232.66935000037847,243.00058937789063,one shared preloaded model
conv-41-qa-136,lalm,4.039339378243237,6.612699999095639,162.8926749999664,173.54471437730527,one shared preloaded model
conv-41-qa-137,lalm,4.039339378243237,10.128699999768287,162.8926749999664,177.06071437797792,one shared preloaded model
conv-41-qa-138,lalm,4.039339378243237,10.274999998728163,162.8926749999664,177.2070143769378,one shared preloaded model
conv-41-qa-139,lalm,4.039339378243237,9.814900000492344,162.8926749999664,176.74691437870197,one shared preloaded model
conv-41-qa-140,lalm,4.039339378243237,6.5300999995088205,140.8435250000366,151.41296437778865,one shared preloaded model
conv-41-qa-141,lalm,4.039339378243237,10.833000000275206,140.8435250000366,155.71586437855504,one shared preloaded model
conv-41-qa-142,lalm,4.039339378243237,7.543699999587261,140.8435250000366,152.4265643778671,one shared preloaded model
conv-41-qa-143,lalm,4.039339378243237,6.213500000740169,140.8435250000366,151.09636437902,one shared preloaded model
conv-41-qa-144,lalm,4.039339378243237,6.427000000257976,206.67037500015795,217.13671437865915,one shared preloaded model
conv-41-qa-145,lalm,4.039339378243237,10.465500001373584,206.67037500015795,221.17521437977476,one shared preloaded model
conv-41-qa-146,lalm,4.039339378243237,9.550700000545476,206.67037500015795,220.26041437894665,one shared preloaded model
conv-41-qa-147,lalm,4.039339378243237,9.189800000967807,206.67037500015795,219.89951437936898,one shared preloaded model
conv-41-qa-148,lalm,4.039339378243237,6.0582000005524606,143.88415000030363,153.98168937909932,one shared preloaded model
conv-41-qa-149,lalm,4.039339378243237,5.071599998700549,143.88415000030363,152.9950893772474,one shared preloaded model
conv-41-qa-150,lalm,4.039339378243237,8.583599999838043,143.88415000030363,156.5070893783849,one shared preloaded model
conv-41-qa-151,lalm,4.039339378243237,10.284299998602364,143.88415000030363,158.20778937714923,one shared preloaded model
conv-41-qa-152,lalm,4.039339378243237,6.2866000007488765,114.60777499996766,124.93371437895978,one shared preloaded model
conv-41-qa-153,lalm,4.039339378243237,6.539599999086931,114.60777499996766,125.18671437729783,one shared preloaded model
conv-41-qa-154,lalm,4.039339378243237,6.130600000687991,114.60777499996766,124.77771437889889,one shared preloaded model
conv-41-qa-155,lalm,4.039339378243237,9.185999999317573,114.60777499996766,127.83311437752847,one shared preloaded model
conv-41-qa-156,lalm,4.039339378243237,6.909200001246063,146.75545000000056,157.70398937948985,one shared preloaded model
conv-41-qa-157,lalm,4.039339378243237,10.119900000063353,146.75545000000056,160.91468937830714,one shared preloaded model
conv-41-qa-158,lalm,4.039339378243237,10.044399999969755,146.75545000000056,160.83918937821355,one shared preloaded model
conv-41-qa-159,lalm,4.039339378243237,9.882500000458094,146.75545000000056,160.6772893787019,one shared preloaded model
conv-41-qa-160,lalm,4.039339378243237,6.274199999097618,435.796449999998,446.1099893773389,one shared preloaded model
conv-41-qa-161,lalm,4.039339378243237,6.7745999986073,435.796449999998,446.61038937684856,one shared preloaded model
conv-41-qa-162,lalm,4.039339378243237,7.790499999828171,435.796449999998,447.62628937806943,one shared preloaded model
conv-41-qa-163,lalm,4.039339378243237,9.860800000751624,435.796449999998,449.6965893789929,one shared preloaded model
conv-41-qa-164,lalm,4.039339378243237,6.806400000641588,189.84072500006732,200.68646437895214,one shared preloaded model
conv-41-qa-165,lalm,4.039339378243237,10.363299999880837,189.84072500006732,204.2433643781914,one shared preloaded model
conv-41-qa-166,lalm,4.039339378243237,10.112300000400865,189.84072500006732,203.99236437871141,one shared preloaded model
conv-41-qa-167,lalm,4.039339378243237,10.044099999504397,189.84072500006732,203.92416437781495,one shared preloaded model
conv-41-qa-168,lalm,4.039339378243237,5.904000001464738,140.3688499999589,150.31218937966688,one shared preloaded model
conv-41-qa-169,lalm,4.039339378243237,7.1291000003839144,140.3688499999589,151.53728937858605,one shared preloaded model
conv-41-qa-170,lalm,4.039339378243237,9.947700000338955,140.3688499999589,154.3558893785411,one shared preloaded model
conv-41-qa-171,lalm,4.039339378243237,9.258100000806735,140.3688499999589,153.66628937900887,one shared preloaded model
conv-41-qa-172,lalm,4.039339378243237,6.624800000281539,199.09959999995408,209.76373937847885,one shared preloaded model
conv-41-qa-173,lalm,4.039339378243237,5.193900000449503,199.09959999995408,208.3328393786468,one shared preloaded model
conv-41-qa-174,lalm,4.039339378243237,5.178199999136268,199.09959999995408,208.31713937733358,one shared preloaded model
conv-41-qa-175,lalm,4.039339378243237,6.4391999985673465,199.09959999995408,209.57813937676465,one shared preloaded model
conv-41-qa-176,lalm,4.039339378243237,6.991000000198255,171.85819999986052,182.888539378302,one shared preloaded model
conv-41-qa-177,lalm,4.039339378243237,6.4073000012285775,171.85819999986052,182.30483937933232,one shared preloaded model
conv-41-qa-178,lalm,4.039339378243237,6.400000000212458,171.85819999986052,182.2975393783162,one shared preloaded model
conv-41-qa-179,lalm,4.039339378243237,5.47280000137107,171.85819999986052,181.3703393794748,one shared preloaded model
conv-41-qa-180,lalm,4.039339378243237,6.02939999953378,232.57284999999683,242.64158937777384,one shared preloaded model
conv-41-qa-181,lalm,4.039339378243237,6.447099998695194,232.57284999999683,243.05928937693525,one shared preloaded model
conv-41-qa-182,lalm,4.039339378243237,6.9101000008231495,232.57284999999683,243.5222893790632,one shared preloaded model
conv-41-qa-183,lalm,4.039339378243237,6.833999999798834,232.57284999999683,243.4461893780389,one shared preloaded model
conv-41-qa-184,lalm,4.039339378243237,6.771599999410682,441.140925000127,451.95186437778096,one shared preloaded model
conv-41-qa-185,lalm,4.039339378243237,5.318499999702908,441.140925000127,450.4987643780732,one shared preloaded model
conv-41-qa-186,lalm,4.039339378243237,5.5954999988898635,441.140925000127,450.77576437726015,one shared preloaded model
conv-41-qa-187,lalm,4.039339378243237,9.475300001213327,441.140925000127,454.6555643795836,one shared preloaded model
conv-41-qa-188,lalm,4.039339378243237,6.218700000317767,120.40654999964318,130.66458937820417,one shared preloaded model
conv-41-qa-189,lalm,4.039339378243237,10.35799999954179,120.40654999964318,134.8038893774282,one shared preloaded model
conv-41-qa-190,lalm,4.039339378243237,9.487299999818788,120.40654999964318,133.9331893777052,one shared preloaded model
conv-41-qa-191,lalm,4.039339378243237,9.14809999994759,120.40654999964318,133.593989377834,one shared preloaded model
conv-41-qa-192,lalm,4.039339378243237,6.671600000117905,674.5955000005779,685.306439378939,one shared preloaded model
conv-42-qa-0,lalm,2.630865000005892,6.879200000184937,166.6048500001125,176.1149150003033,one shared preloaded model
conv-42-qa-1,lalm,2.630865000005892,7.098299998688162,166.6048500001125,176.33401499880654,one shared preloaded model
conv-42-qa-2,lalm,2.630865000005892,6.1129000005166745,166.6048500001125,175.34861500063505,one shared preloaded model
conv-42-qa-3,lalm,2.630865000005892,6.402199998774449,166.6048500001125,175.63791499889282,one shared preloaded model
conv-42-qa-4,lalm,2.630865000005892,6.338699999105302,189.58995000002687,198.55951499913806,one shared preloaded model
conv-42-qa-5,lalm,2.630865000005892,9.466000001339125,189.58995000002687,201.68681500137188,one shared preloaded model
conv-42-qa-6,lalm,2.630865000005892,9.582700000464683,189.58995000002687,201.80351500049744,one shared preloaded model
conv-42-qa-7,lalm,2.630865000005892,9.450899999137619,189.58995000002687,201.67171499917038,one shared preloaded model
conv-42-qa-8,lalm,2.630865000005892,8.173599999281578,157.38050000027215,168.1849649995596,one shared preloaded model
conv-42-qa-9,lalm,2.630865000005892,10.20550000066578,157.38050000027215,170.2168650009438,one shared preloaded model
conv-42-qa-10,lalm,2.630865000005892,9.740300001794822,157.38050000027215,169.75166500207285,one shared preloaded model
conv-42-qa-11,lalm,2.630865000005892,7.414800000333344,157.38050000027215,167.42616500061138,one shared preloaded model
conv-42-qa-12,lalm,2.630865000005892,6.177400000524358,73.46072500013179,82.26899000066204,one shared preloaded model
conv-42-qa-13,lalm,2.630865000005892,5.458600000565639,73.46072500013179,81.55019000070332,one shared preloaded model
conv-42-qa-14,lalm,2.630865000005892,8.302300000650575,73.46072500013179,84.39389000078826,one shared preloaded model
conv-42-qa-15,lalm,2.630865000005892,9.364300000015646,73.46072500013179,85.45589000015333,one shared preloaded model
conv-42-qa-16,lalm,2.630865000005892,6.437300000470714,158.28599999986182,167.3541650003384,one shared preloaded model
conv-42-qa-17,lalm,2.630865000005892,10.047599998870282,158.28599999986182,170.96446499873798,one shared preloaded model
conv-42-qa-18,lalm,2.630865000005892,9.528399999908288,158.28599999986182,170.445264999776,one shared preloaded model
conv-42-qa-19,lalm,2.630865000005892,9.33919999988575,158.28599999986182,170.25606499975345,one shared preloaded model
conv-42-qa-20,lalm,2.630865000005892,8.051400000113063,187.5973750002231,198.27964000034206,one shared preloaded model
conv-42-qa-21,lalm,2.630865000005892,10.41090000035183,187.5973750002231,200.63914000058082,one shared preloaded model
conv-42-qa-22,lalm,2.630865000005892,9.423699999388191,187.5973750002231,199.65193999961718,one shared preloaded model
conv-42-qa-23,lalm,2.630865000005892,9.343699999590172,187.5973750002231,199.57193999981916,one shared preloaded model
conv-42-qa-24,lalm,2.630865000005892,7.043800000246847,191.96452500000305,201.63919000025578,one shared preloaded model
conv-42-qa-25,lalm,2.630865000005892,9.811899999476736,191.96452500000305,204.40728999948567,one shared preloaded model
conv-42-qa-26,lalm,2.630865000005892,9.842700001172489,191.96452500000305,204.43809000118142,one shared preloaded model
conv-42-qa-27,lalm,2.630865000005892,9.89099999969767,191.96452500000305,204.4863899997066,one shared preloaded model
conv-42-qa-28,lalm,2.630865000005892,11.738999999579391,146.69855000011012,161.0684149996954,one shared preloaded model
conv-42-qa-29,lalm,2.630865000005892,10.639300000548246,146.69855000011012,159.96871500066425,one shared preloaded model
conv-42-qa-30,lalm,2.630865000005892,9.70690000031027,146.69855000011012,159.03631500042627,one shared preloaded model
conv-42-qa-31,lalm,2.630865000005892,9.308599999712897,146.69855000011012,158.6380149998289,one shared preloaded model
conv-42-qa-32,lalm,2.630865000005892,5.973400000584661,162.65017500018075,171.2544400007713,one shared preloaded model
conv-42-qa-33,lalm,2.630865000005892,5.702300000848481,162.65017500018075,170.98334000103512,one shared preloaded model
conv-42-qa-34,lalm,2.630865000005892,6.420699999580393,162.65017500018075,171.70173999976703,one shared preloaded model
conv-42-qa-35,lalm,2.630865000005892,6.590299999515992,162.65017500018075,171.87133999970263,one shared preloaded model
conv-42-qa-36,lalm,2.630865000005892,6.014500000674161,150.5707500000426,159.21611500072265,one shared preloaded model
conv-42-qa-37,lalm,2.630865000005892,6.572600001163664,150.5707500000426,159.77421500121216,one shared preloaded model
conv-42-qa-38,lalm,2.630865000005892,5.415499999799067,150.5707500000426,158.61711499984756,one shared preloaded model
conv-42-qa-39,lalm,2.630865000005892,6.095299999287818,150.5707500000426,159.2969149993363,one shared preloaded model
conv-42-qa-40,lalm,2.630865000005892,6.932199999937438,119.54342499984705,129.10648999979037,one shared preloaded model
conv-42-qa-41,lalm,2.630865000005892,10.115299999597482,119.54342499984705,132.2895899994504,one shared preloaded model
conv-42-qa-42,lalm,2.630865000005892,9.74809999934223,119.54342499984705,131.92238999919516,one shared preloaded model
conv-42-qa-43,lalm,2.630865000005892,9.664299999712966,119.54342499984705,131.8385899995659,one shared preloaded model
conv-42-qa-44,lalm,2.630865000005892,6.422900001780363,155.5452000002333,164.59896500201955,one shared preloaded model
conv-42-qa-45,lalm,2.630865000005892,9.674099999756436,155.5452000002333,167.85016499999563,one shared preloaded model
conv-42-qa-46,lalm,2.630865000005892,9.46279999880062,155.5452000002333,167.6388649990398,one shared preloaded model
conv-42-qa-47,lalm,2.630865000005892,9.362600001622923,155.5452000002333,167.5386650018621,one shared preloaded model
conv-42-qa-48,lalm,2.630865000005892,6.9072000005689915,153.94247500034908,163.48054000092395,one shared preloaded model
conv-42-qa-49,lalm,2.630865000005892,9.480700000494835,153.94247500034908,166.0540400008498,one shared preloaded model
conv-42-qa-50,lalm,2.630865000005892,10.071800001242082,153.94247500034908,166.64514000159704,one shared preloaded model
conv-42-qa-51,lalm,2.630865000005892,9.43590000133554,153.94247500034908,166.0092400016905,one shared preloaded model
conv-42-qa-52,lalm,2.630865000005892,6.570699999429053,109.54592500002036,118.74748999945531,one shared preloaded model
conv-42-qa-53,lalm,2.630865000005892,8.362200000192388,109.54592500002036,120.53899000021865,one shared preloaded model
conv-42-qa-54,lalm,2.630865000005892,6.151999999929103,109.54592500002036,118.32878999995536,one shared preloaded model
conv-42-qa-55,lalm,2.630865000005892,9.333399999377434,109.54592500002036,121.51018999940369,one shared preloaded model
conv-42-qa-56,lalm,2.630865000005892,5.859099999725004,152.75952499996492,161.2494899996958,one shared preloaded model
conv-42-qa-57,lalm,2.630865000005892,6.62700000066252,152.75952499996492,162.01739000063333,one shared preloaded model
conv-42-qa-58,lalm,2.630865000005892,9.753700000146637,152.75952499996492,165.14409000011744,one shared preloaded model
conv-42-qa-59,lalm,2.630865000005892,9.25939999979164,152.75952499996492,164.64978999976245,one shared preloaded model
conv-42-qa-60,lalm,2.630865000005892,7.533699999839882,70.65257500016742,80.8171400000132,one shared preloaded model
conv-42-qa-61,lalm,2.630865000005892,9.425499998542364,70.65257500016742,82.70893999871568,one shared preloaded model
conv-42-qa-62,lalm,2.630865000005892,9.981799999877694,70.65257500016742,83.26524000005101,one shared preloaded model
conv-42-qa-63,lalm,2.630865000005892,9.72879999972065,70.65257500016742,83.01223999989396,one shared preloaded model
conv-42-qa-64,lalm,2.630865000005892,6.532399998832261,92.5952249999682,101.75848999880635,one shared preloaded model
conv-42-qa-65,lalm,2.630865000005892,10.342699999455363,92.5952249999682,105.56878999942946,one shared preloaded model
conv-42-qa-66,lalm,2.630865000005892,9.357200000522425,92.5952249999682,104.58329000049652,one shared preloaded model
conv-42-qa-67,lalm,2.630865000005892,9.288799999922048,92.5952249999682,104.51488999989614,one shared preloaded model
conv-42-qa-68,lalm,2.630865000005892,6.838900000730064,153.30435000032594,162.7741150010619,one shared preloaded model
conv-42-qa-69,lalm,2.630865000005892,9.035900000526453,153.30435000032594,164.97111500085828,one shared preloaded model
conv-42-qa-70,lalm,2.630865000005892,9.727000000566477,153.30435000032594,165.6622150008983,one shared preloaded model
conv-42-qa-71,lalm,2.630865000005892,9.260900000299443,153.30435000032594,165.19611500063127,one shared preloaded model
conv-42-qa-72,lalm,2.630865000005892,6.7543000004661735,178.35534999994707,187.74051500041912,one shared preloaded model
conv-42-qa-73,lalm,2.630865000005892,5.052300000897958,178.35534999994707,186.0385150008509,one shared preloaded model
conv-42-qa-74,lalm,2.630865000005892,5.340300000170828,178.35534999994707,186.32651500012378,one shared preloaded model
conv-42-qa-75,lalm,2.630865000005892,6.673800000498886,178.35534999994707,187.66001500045184,one shared preloaded model
conv-42-qa-76,lalm,2.630865000005892,6.279799999902025,137.83869999997478,146.7493649998827,one shared preloaded model
conv-42-qa-77,lalm,2.630865000005892,5.171400000108406,137.83869999997478,145.64096500008907,one shared preloaded model
conv-42-qa-78,lalm,2.630865000005892,5.655099999785307,137.83869999997478,146.12466499976597,one shared preloaded model
conv-42-qa-79,lalm,2.630865000005892,8.351799999218201,137.83869999997478,148.82136499919886,one shared preloaded model
conv-42-qa-80,lalm,2.630865000005892,6.393399999069516,196.5783000000556,205.602564999131,one shared preloaded model
conv-42-qa-81,lalm,2.630865000005892,10.19310000083351,196.5783000000556,209.402265000895,one shared preloaded model
conv-42-qa-82,lalm,2.630865000005892,7.712799999353592,196.5783000000556,206.92196499941508,one shared preloaded model
conv-42-qa-83,lalm,2.630865000005892,9.969700000510784,196.5783000000556,209.17886500057227,one shared preloaded model
conv-42-qa-84,lalm,2.630865000005892,6.79860000127519,112.69710000033228,122.12656500161337,one shared preloaded model
conv-42-qa-85,lalm,2.630865000005892,5.580499999268795,112.69710000033228,120.90846499960698,one shared preloaded model
conv-42-qa-86,lalm,2.630865000005892,5.475600000863778,112.69710000033228,120.80356500120196,one shared preloaded model
conv-42-qa-87,lalm,2.630865000005892,6.460800001150346,112.69710000033228,121.78876500148853,one shared preloaded model
conv-42-qa-88,lalm,2.630865000005892,5.894399999306188,176.8256499999552,185.35091499926727,one shared preloaded model
conv-42-qa-89,lalm,2.630865000005892,5.261000000245986,176.8256499999552,184.71751500020707,one shared preloaded model
conv-42-qa-90,lalm,2.630865000005892,5.259699999442091,176.8256499999552,184.71621499940318,one shared preloaded model
conv-42-qa-91,lalm,2.630865000005892,5.693799999789917,176.8256499999552,185.150314999751,one shared preloaded model
conv-42-qa-92,lalm,2.630865000005892,5.922799999098061,166.5115999999216,175.06526499902554,one shared preloaded model
conv-42-qa-93,lalm,2.630865000005892,6.510299999717972,166.5115999999216,175.65276499964546,one shared preloaded model
conv-42-qa-94,lalm,2.630865000005892,6.174300000566291,166.5115999999216,175.31676500049377,one shared preloaded model
conv-42-qa-95,lalm,2.630865000005892,6.026700000802521,166.5115999999216,175.16916500073,one shared preloaded model
conv-42-qa-96,lalm,2.630865000005892,6.782299999031238,152.25822499996866,161.67138999900578,one shared preloaded model
conv-42-qa-97,lalm,2.630865000005892,10.324699998818687,152.25822499996866,165.21378999879323,one shared preloaded model
conv-42-qa-98,lalm,2.630865000005892,9.542100000544451,152.25822499996866,164.431190000519,one shared preloaded model
conv-42-qa-99,lalm,2.630865000005892,10.20289999905799,152.25822499996866,165.09198999903253,one shared preloaded model
conv-42-qa-100,lalm,2.630865000005892,6.466900000305031,167.51852499965025,176.61628999996117,one shared preloaded model
conv-42-qa-101,lalm,2.630865000005892,5.68090000160737,167.51852499965025,175.8302900012635,one shared preloaded model
conv-42-qa-102,lalm,2.630865000005892,5.310900000040419,167.51852499965025,175.46028999969656,one shared preloaded model
conv-42-qa-103,lalm,2.630865000005892,6.621200000154204,167.51852499965025,176.77058999981034,one shared preloaded model
conv-42-qa-104,lalm,2.630865000005892,6.9757999990542885,206.31597500005228,215.92263999911245,one shared preloaded model
conv-42-qa-105,lalm,2.630865000005892,10.054700000182493,206.31597500005228,219.00154000024065,one shared preloaded model
conv-42-qa-106,lalm,2.630865000005892,10.525300000153948,206.31597500005228,219.4721400002121,one shared preloaded model
conv-42-qa-107,lalm,2.630865000005892,9.354400001029717,206.31597500005228,218.30124000108788,one shared preloaded model
conv-42-qa-108,lalm,2.630865000005892,6.147300000520772,145.62104999959047,154.39921500011712,one shared preloaded model
conv-42-qa-109,lalm,2.630865000005892,10.139300000446383,145.62104999959047,158.39121500004273,one shared preloaded model
conv-42-qa-110,lalm,2.630865000005892,9.881599999062018,145.62104999959047,158.13351499865837,one shared preloaded model
conv-42-qa-111,lalm,2.630865000005892,9.803199998714263,145.62104999959047,158.05511499831061,one shared preloaded model
conv-42-qa-112,lalm,2.630865000005892,6.231500001376844,126.72887500002616,135.5912400014089,one shared preloaded model
conv-42-qa-113,lalm,2.630865000005892,9.92719999885594,126.72887500002616,139.286939998888,one shared preloaded model
conv-42-qa-114,lalm,2.630865000005892,9.749600001669023,126.72887500002616,139.10934000170107,one shared preloaded model
conv-42-qa-115,lalm,2.630865000005892,9.279300000343937,126.72887500002616,138.63904000037599,one shared preloaded model
conv-42-qa-116,lalm,2.630865000005892,6.705899999360554,182.9734749999261,192.31023999929255,one shared preloaded model
conv-42-qa-117,lalm,2.630865000005892,11.12240000111342,182.9734749999261,196.7267400010454,one shared preloaded model
conv-42-qa-118,lalm,2.630865000005892,9.869400000752648,182.9734749999261,195.47374000068464,one shared preloaded model
conv-42-qa-119,lalm,2.630865000005892,9.985900000174297,182.9734749999261,195.5902400001063,one shared preloaded model
conv-42-qa-120,lalm,2.630865000005892,6.5782000001490815,173.33447500004695,182.54354000020192,one shared preloaded model
conv-42-qa-121,lalm,2.630865000005892,10.191299999860348,173.33447500004695,186.15663999991318,one shared preloaded model
conv-42-qa-122,lalm,2.630865000005892,10.10370000039984,173.33447500004695,186.06904000045267,one shared preloaded model
conv-42-qa-123,lalm,2.630865000005892,9.543799998937175,173.33447500004695,185.50913999899,one shared preloaded model
conv-42-qa-124,lalm,2.630865000005892,6.112500001108856,203.7124000003132,212.45576500142795,one shared preloaded model
conv-42-qa-125,lalm,2.630865000005892,10.56840000092052,203.7124000003132,216.9116650012396,one shared preloaded model
conv-42-qa-126,lalm,2.630865000005892,9.442099999432685,203.7124000003132,215.78536499975178,one shared preloaded model
conv-42-qa-127,lalm,2.630865000005892,7.936699999845587,203.7124000003132,214.27996500016468,one shared preloaded model
conv-42-qa-128,lalm,2.630865000005892,6.836200000179815,97.79112499973053,107.25818999991624,one shared preloaded model
conv-42-qa-129,lalm,2.630865000005892,9.945800000423333,97.79112499973053,110.36779000015976,one shared preloaded model
conv-42-qa-130,lalm,2.630865000005892,9.138800000073388,97.79112499973053,109.56078999980981,one shared preloaded model
conv-42-qa-131,lalm,2.630865000005892,9.299999999711872,97.79112499973053,109.7219899994483,one shared preloaded model
conv-42-qa-132,lalm,2.630865000005892,6.262500000957516,86.54117500009306,95.43454000105648,one shared preloaded model
conv-42-qa-133,lalm,2.630865000005892,6.980600001043058,86.54117500009306,96.15264000114202,one shared preloaded model
conv-42-qa-134,lalm,2.630865000005892,9.807599999476224,86.54117500009306,98.97963999957518,one shared preloaded model
conv-42-qa-135,lalm,2.630865000005892,9.207199998854776,86.54117500009306,98.37923999895374,one shared preloaded model
conv-42-qa-136,lalm,2.630865000005892,6.790000001274166,346.1647249996531,355.58559000093317,one shared preloaded model
conv-42-qa-137,lalm,2.630865000005892,10.363700001107645,346.1647249996531,359.15929000076665,one shared preloaded model
conv-42-qa-138,lalm,2.630865000005892,9.841099999903236,346.1647249996531,358.63668999956224,one shared preloaded model
conv-42-qa-139,lalm,2.630865000005892,9.27869999941322,346.1647249996531,358.0742899990722,one shared preloaded model
conv-42-qa-140,lalm,2.630865000005892,6.475600001067505,171.40277499993317,180.50924000100656,one shared preloaded model
conv-42-qa-141,lalm,2.630865000005892,5.279500001051929,171.40277499993317,179.31314000099098,one shared preloaded model
conv-42-qa-142,lalm,2.630865000005892,5.897799999729614,171.40277499993317,179.93143999966867,one shared preloaded model
conv-42-qa-143,lalm,2.630865000005892,9.98780000008992,171.40277499993317,184.02144000002897,one shared preloaded model
conv-42-qa-144,lalm,2.630865000005892,6.712099999276688,141.52517499996975,150.86813999925232,one shared preloaded model
conv-42-qa-145,lalm,2.630865000005892,6.068599999707658,141.52517499996975,150.2246399996833,one shared preloaded model
conv-42-qa-146,lalm,2.630865000005892,5.077099998743506,141.52517499996975,149.23313999871914,one shared preloaded model
conv-42-qa-147,lalm,2.630865000005892,6.494200000815908,141.52517499996975,150.65024000079154,one shared preloaded model
conv-42-qa-148,lalm,2.630865000005892,6.336399999781861,267.21984999994675,276.1871149997345,one shared preloaded model
conv-42-qa-149,lalm,2.630865000005892,6.55929999993532,267.21984999994675,276.41001499988795,one shared preloaded model
conv-42-qa-150,lalm,2.630865000005892,10.708300000260351,267.21984999994675,280.559015000213,one shared preloaded model
conv-42-qa-151,lalm,2.630865000005892,10.01189999988128,267.21984999994675,279.8626149998339,one shared preloaded model
conv-42-qa-152,lalm,2.630865000005892,6.390700000338256,213.6764500000936,222.69801500043775,one shared preloaded model
conv-42-qa-153,lalm,2.630865000005892,9.671700001490535,213.6764500000936,225.97901500159003,one shared preloaded model
conv-42-qa-154,lalm,2.630865000005892,10.426299999380717,213.6764500000936,226.7336149994802,one shared preloaded model
conv-42-qa-155,lalm,2.630865000005892,9.486099999776343,213.6764500000936,225.79341499987584,one shared preloaded model
conv-42-qa-156,lalm,2.630865000005892,6.674500000372063,126.61632499975894,135.9216900001369,one shared preloaded model
conv-42-qa-157,lalm,2.630865000005892,9.493199999269564,126.61632499975894,138.7403899990344,one shared preloaded model
conv-42-qa-158,lalm,2.630865000005892,10.521000000153435,126.61632499975894,139.76818999991826,one shared preloaded model
conv-42-qa-159,lalm,2.630865000005892,10.3966999995464,126.61632499975894,139.64388999931123,one shared preloaded model
conv-42-qa-160,lalm,2.630865000005892,6.741499999407097,104.61130000021512,113.98366499962812,one shared preloaded model
conv-42-qa-161,lalm,2.630865000005892,9.886399999231799,104.61130000021512,117.12856499945282,one shared preloaded model
conv-42-qa-162,lalm,2.630865000005892,10.046100000181468,104.61130000021512,117.28826500040249,one shared preloaded model
conv-42-qa-163,lalm,2.630865000005892,5.790200000774348,104.61130000021512,113.03236500099537,one shared preloaded model
conv-42-qa-164,lalm,2.630865000005892,8.659500001158449,201.97147499993662,213.26184000110095,one shared preloaded model
conv-42-qa-165,lalm,2.630865000005892,5.658400001266273,201.97147499993662,210.26074000120877,one shared preloaded model
conv-42-qa-166,lalm,2.630865000005892,5.902699998841854,201.97147499993662,210.50503999878435,one shared preloaded model
conv-42-qa-167,lalm,2.630865000005892,7.943300000988529,201.97147499993662,212.54564000093103,one shared preloaded model
conv-42-qa-168,lalm,2.630865000005892,8.798900000329013,207.62362499999654,219.05339000033143,one shared preloaded model
conv-42-qa-169,lalm,2.630865000005892,9.942399999999907,207.62362499999654,220.19689000000233,one shared preloaded model
conv-42-qa-170,lalm,2.630865000005892,9.551199998895754,207.62362499999654,219.80568999889817,one shared preloaded model
conv-42-qa-171,lalm,2.630865000005892,9.484000000156811,207.62362499999654,219.73849000015923,one shared preloaded model
conv-42-qa-172,lalm,2.630865000005892,6.812499999796273,167.33615000021018,176.77951500001234,one shared preloaded model
conv-42-qa-173,lalm,2.630865000005892,6.488299999546143,167.33615000021018,176.4553149997622,one shared preloaded model
conv-42-qa-174,lalm,2.630865000005892,6.300600000031409,167.33615000021018,176.26761500024747,one shared preloaded model
conv-42-qa-175,lalm,2.630865000005892,6.090999999287305,167.33615000021018,176.05801499950337,one shared preloaded model
conv-42-qa-176,lalm,2.630865000005892,6.649700000707526,181.40872499998295,190.68929000069636,one shared preloaded model
conv-42-qa-177,lalm,2.630865000005892,9.673999998994987,181.40872499998295,193.71358999898382,one shared preloaded model
conv-42-qa-178,lalm,2.630865000005892,5.911300000661868,181.40872499998295,189.9508900006507,one shared preloaded model
conv-42-qa-179,lalm,2.630865000005892,5.565099998420919,181.40872499998295,189.60468999840975,one shared preloaded model
conv-42-qa-180,lalm,2.630865000005892,8.780599999226979,145.24230000006355,156.6537649992964,one shared preloaded model
conv-42-qa-181,lalm,2.630865000005892,6.316899998637382,145.24230000006355,154.19006499870682,one shared preloaded model
conv-42-qa-182,lalm,2.630865000005892,8.957300000474788,145.24230000006355,156.83046500054422,one shared preloaded model
conv-42-qa-183,lalm,2.630865000005892,10.30920000084734,145.24230000006355,158.18236500091677,one shared preloaded model
conv-42-qa-184,lalm,2.630865000005892,8.109399999739253,145.84249999961685,156.58276499936198,one shared preloaded model
conv-42-qa-185,lalm,2.630865000005892,7.209800000055111,145.84249999961685,155.68316499967784,one shared preloaded model
conv-42-qa-186,lalm,2.630865000005892,6.289200000537676,145.84249999961685,154.7625650001604,one shared preloaded model
conv-42-qa-187,lalm,2.630865000005892,6.532200000947341,145.84249999961685,155.00556500057007,one shared preloaded model
conv-42-qa-188,lalm,2.630865000005892,6.69959999868297,177.69275000000562,187.02321499869447,one shared preloaded model
conv-42-qa-189,lalm,2.630865000005892,5.169899999600602,177.69275000000562,185.4935149996121,one shared preloaded model
conv-42-qa-190,lalm,2.630865000005892,6.8412000000535045,177.69275000000562,187.164815000065,one shared preloaded model
conv-42-qa-191,lalm,2.630865000005892,8.60620000094059,177.69275000000562,188.9298150009521,one shared preloaded model
conv-42-qa-192,lalm,2.630865000005892,6.3826000005065,162.9413000000568,171.95476500056918,one shared preloaded model
conv-42-qa-193,lalm,2.630865000005892,9.470599999986007,162.9413000000568,175.0427650000487,one shared preloaded model
conv-42-qa-194,lalm,2.630865000005892,7.911999999123509,162.9413000000568,173.4841649991862,one shared preloaded model
conv-42-qa-195,lalm,2.630865000005892,6.393800000296324,162.9413000000568,171.965965000359,one shared preloaded model
conv-42-qa-196,lalm,2.630865000005892,7.240499999170424,156.92362499976298,166.7949899989393,one shared preloaded model
conv-42-qa-197,lalm,2.630865000005892,6.136500000138767,156.92362499976298,165.69098999990763,one shared preloaded model
conv-42-qa-198,lalm,2.630865000005892,6.673400001091068,156.92362499976298,166.22789000085993,one shared preloaded model
conv-42-qa-199,lalm,2.630865000005892,6.77940000059607,156.92362499976298,166.33389000036493,one shared preloaded model
conv-42-qa-200,lalm,2.630865000005892,6.510300001536962,153.5105000002659,162.65166500180874,one shared preloaded model
conv-42-qa-201,lalm,2.630865000005892,5.946200000835233,153.5105000002659,162.087565001107,one shared preloaded model
conv-42-qa-202,lalm,2.630865000005892,6.178699999509263,153.5105000002659,162.32006499978104,one shared preloaded model
conv-42-qa-203,lalm,2.630865000005892,6.642399999691406,153.5105000002659,162.78376499996318,one shared preloaded model
conv-42-qa-204,lalm,2.630865000005892,6.773000000976026,266.29014999980427,275.6940150007862,one shared preloaded model
conv-42-qa-205,lalm,2.630865000005892,8.756400000493159,266.29014999980427,277.6774150003033,one shared preloaded model
conv-42-qa-206,lalm,2.630865000005892,5.98329999957059,266.29014999980427,274.90431499938074,one shared preloaded model
conv-42-qa-207,lalm,2.630865000005892,6.570499999725143,266.29014999980427,275.4915149995353,one shared preloaded model
conv-42-qa-208,lalm,2.630865000005892,5.806299999676412,133.7265499996647,142.163714999347,one shared preloaded model
conv-42-qa-209,lalm,2.630865000005892,5.9142999998584855,133.7265499996647,142.27171499952908,one shared preloaded model
conv-42-qa-210,lalm,2.630865000005892,6.529500000397093,133.7265499996647,142.8869150000677,one shared preloaded model
conv-42-qa-211,lalm,2.630865000005892,9.310400000686059,133.7265499996647,145.66781500035665,one shared preloaded model
conv-42-qa-212,lalm,2.630865000005892,5.93730000036885,142.45492499958345,151.0230899999582,one shared preloaded model
conv-42-qa-213,lalm,2.630865000005892,5.558000000746688,142.45492499958345,150.64379000033603,one shared preloaded model
conv-42-qa-214,lalm,2.630865000005892,5.453600000691949,142.45492499958345,150.5393900002813,one shared preloaded model
conv-42-qa-215,lalm,2.630865000005892,6.453699999838136,142.45492499958345,151.53948999942747,one shared preloaded model
conv-42-qa-216,lalm,2.630865000005892,6.207800000993302,124.031400000149,132.8700650011482,one shared preloaded model
conv-42-qa-217,lalm,2.630865000005892,5.564600000070641,124.031400000149,132.22686500022553,one shared preloaded model
conv-42-qa-218,lalm,2.630865000005892,5.987000000459375,124.031400000149,132.64926500061426,one shared preloaded model
conv-42-qa-219,lalm,2.630865000005892,9.930899999744724,124.031400000149,136.5931649998996,one shared preloaded model
conv-42-qa-220,lalm,2.630865000005892,6.132199998319265,123.00937500003783,131.77243999836298,one shared preloaded model
conv-42-qa-221,lalm,2.630865000005892,5.369499998778338,123.00937500003783,131.00973999882206,one shared preloaded model
conv-42-qa-222,lalm,2.630865000005892,7.054599998809863,123.00937500003783,132.69483999885358,one shared preloaded model
conv-42-qa-223,lalm,2.630865000005892,9.386600000652834,123.00937500003783,135.02684000069655,one shared preloaded model
conv-42-qa-224,lalm,2.630865000005892,5.914500001381384,167.93672499989043,176.4820900012777,one shared preloaded model
conv-42-qa-225,lalm,2.630865000005892,9.712900000522495,167.93672499989043,180.2804900004188,one shared preloaded model
conv-42-qa-226,lalm,2.630865000005892,10.424899999634363,167.93672499989043,180.99248999953068,one shared preloaded model
conv-42-qa-227,lalm,2.630865000005892,8.715800000572926,167.93672499989043,179.28339000046924,one shared preloaded model
conv-42-qa-228,lalm,2.630865000005892,6.149400000140304,140.08617500030596,148.86644000045214,one shared preloaded model
conv-42-qa-229,lalm,2.630865000005892,8.94220000009227,140.08617500030596,151.6592400004041,one shared preloaded model
conv-42-qa-230,lalm,2.630865000005892,8.129699999699369,140.08617500030596,150.8467400000112,one shared preloaded model
conv-42-qa-231,lalm,2.630865000005892,6.135699999504141,140.08617500030596,148.85273999981598,one shared preloaded model
conv-42-qa-232,lalm,2.630865000005892,6.795399998736684,229.75755000015852,239.18381499890108,one shared preloaded model
conv-42-qa-233,lalm,2.630865000005892,9.425300000657444,229.75755000015852,241.81371500082184,one shared preloaded model
conv-42-qa-234,lalm,2.630865000005892,10.295500000211177,229.75755000015852,242.68391500037558,one shared preloaded model
conv-42-qa-235,lalm,2.630865000005892,10.12069999887899,229.75755000015852,242.5091149990434,one shared preloaded model
conv-42-qa-236,lalm,2.630865000005892,8.79970000096364,167.83924999981537,179.2698150007849,one shared preloaded model
conv-42-qa-237,lalm,2.630865000005892,9.68040000043402,167.83924999981537,180.15051500025527,one shared preloaded model
conv-42-qa-238,lalm,2.630865000005892,9.908199999699718,167.83924999981537,180.37831499952097,one shared preloaded model
conv-42-qa-239,lalm,2.630865000005892,9.619599999496131,167.83924999981537,180.08971499931738,one shared preloaded model
conv-42-qa-240,lalm,2.630865000005892,6.271000000197091,170.91982500005543,179.8216900002584,one shared preloaded model
conv-42-qa-241,lalm,2.630865000005892,9.75060000018857,170.91982500005543,183.30129000024988,one shared preloaded model
conv-42-qa-242,lalm,2.630865000005892,9.85439999931259,170.91982500005543,183.4050899993739,one shared preloaded model
conv-42-qa-243,lalm,2.630865000005892,9.577799999533454,170.91982500005543,183.12848999959476,one shared preloaded model
conv-42-qa-244,lalm,2.630865000005892,9.473500000240165,106.70457500009434,118.8089400003404,one shared preloaded model
conv-42-qa-245,lalm,2.630865000005892,10.473099999217084,106.70457500009434,119.80853999931732,one shared preloaded model
conv-42-qa-246,lalm,2.630865000005892,8.387900001253001,106.70457500009434,117.72334000135324,one shared preloaded model
conv-42-qa-247,lalm,2.630865000005892,7.630000000062864,106.70457500009434,116.9654400001631,one shared preloaded model
conv-42-qa-248,lalm,2.630865000005892,8.904399999664747,210.82807500033596,222.3633400000066,one shared preloaded model
conv-42-qa-249,lalm,2.630865000005892,7.4528000004647765,210.82807500033596,220.91174000080662,one shared preloaded model
conv-42-qa-250,lalm,2.630865000005892,9.381400001075235,210.82807500033596,222.84034000141708,one shared preloaded model
conv-42-qa-251,lalm,2.630865000005892,9.848300000157906,210.82807500033596,223.30724000049975,one shared preloaded model
conv-42-qa-252,lalm,2.630865000005892,6.679000000076485,150.37467499996637,159.68454000004874,one shared preloaded model
conv-42-qa-253,lalm,2.630865000005892,9.754200000315905,150.37467499996637,162.75974000028816,one shared preloaded model
conv-42-qa-254,lalm,2.630865000005892,9.99009999941336,150.37467499996637,162.99563999938562,one shared preloaded model
conv-42-qa-255,lalm,2.630865000005892,9.366399999635178,150.37467499996637,162.37193999960743,one shared preloaded model
conv-42-qa-256,lalm,2.630865000005892,6.269700001212186,166.57907499984503,175.4796400010631,one shared preloaded model
conv-42-qa-257,lalm,2.630865000005892,10.061499999210355,166.57907499984503,179.27143999906127,one shared preloaded model
conv-42-qa-258,lalm,2.630865000005892,9.635300000809366,166.57907499984503,178.84524000066028,one shared preloaded model
conv-42-qa-259,lalm,2.630865000005892,9.277300001485855,166.57907499984503,178.48724000133677,one shared preloaded model
conv-43-qa-0,lalm,3.3258359504122557,8.939600000303471,332.33697499963455,344.6024109503503,one shared preloaded model
conv-43-qa-1,lalm,3.3258359504122557,6.937199999811128,332.33697499963455,342.60001094985796,one shared preloaded model
conv-43-qa-2,lalm,3.3258359504122557,6.036799999492359,332.33697499963455,341.6996109495392,one shared preloaded model
conv-43-qa-3,lalm,3.3258359504122557,7.035699998596101,332.33697499963455,342.69851094864293,one shared preloaded model
conv-43-qa-4,lalm,3.3258359504122557,6.112700000812765,105.02545000008467,114.4639859513097,one shared preloaded model
conv-43-qa-5,lalm,3.3258359504122557,10.034699998868746,105.02545000008467,118.38598594936568,one shared preloaded model
conv-43-qa-6,lalm,3.3258359504122557,10.084100000312901,105.02545000008467,118.43538595080983,one shared preloaded model
conv-43-qa-7,lalm,3.3258359504122557,9.62720000097761,105.02545000008467,117.97848595147454,one shared preloaded model
conv-43-qa-8,lalm,3.3258359504122557,7.126399999833666,130.42784999970536,140.88008594995128,one shared preloaded model
conv-43-qa-9,lalm,3.3258359504122557,9.342699999251636,130.42784999970536,143.09638594936925,one shared preloaded model
conv-43-qa-10,lalm,3.3258359504122557,9.933499999533524,130.42784999970536,143.68718594965114,one shared preloaded model
conv-43-qa-11,lalm,3.3258359504122557,5.000700000891811,130.42784999970536,138.75438595100943,one shared preloaded model
conv-43-qa-12,lalm,3.3258359504122557,6.078099999285769,134.83164999979635,144.23558594949438,one shared preloaded model
conv-43-qa-13,lalm,3.3258359504122557,6.031000000803033,134.83164999979635,144.18848595101164,one shared preloaded model
conv-43-qa-14,lalm,3.3258359504122557,6.087899999329238,134.83164999979635,144.24538594953785,one shared preloaded model
conv-43-qa-15,lalm,3.3258359504122557,6.091499999456573,134.83164999979635,144.24898594966518,one shared preloaded model
conv-43-qa-16,lalm,3.3258359504122557,6.797899999583024,456.02980000012394,466.15353595011925,one shared preloaded model
conv-43-qa-17,lalm,3.3258359504122557,6.454399999711313,456.02980000012394,465.81003595024754,one shared preloaded model
conv-43-qa-18,lalm,3.3258359504122557,5.216900000959868,456.02980000012394,464.5725359514961,one shared preloaded model
conv-43-qa-19,lalm,3.3258359504122557,6.734000000506057,456.02980000012394,466.0896359510423,one shared preloaded model
conv-43-qa-20,lalm,3.3258359504122557,6.445999999414198,144.86824999994496,154.64008594977142,one shared preloaded model
conv-43-qa-21,lalm,3.3258359504122557,5.439300000944058,144.86824999994496,153.63338595130128,one shared preloaded model
conv-43-qa-22,lalm,3.3258359504122557,5.167899998923531,144.86824999994496,153.36198594928075,one shared preloaded model
conv-43-qa-23,lalm,3.3258359504122557,6.3559999998688,144.86824999994496,154.55008595022602,one shared preloaded model
conv-43-qa-24,lalm,3.3258359504122557,6.490699999631033,154.36410000029355,164.18063595033684,one shared preloaded model
conv-43-qa-25,lalm,3.3258359504122557,10.348700001486577,154.36410000029355,168.03863595219238,one shared preloaded model
conv-43-qa-26,lalm,3.3258359504122557,9.313399999882677,154.36410000029355,167.00333595058848,one shared preloaded model
conv-43-qa-27,lalm,3.3258359504122557,8.800399999017827,154.36410000029355,166.49033594972363,one shared preloaded model
conv-43-qa-28,lalm,3.3258359504122557,6.498500000816421,123.65442500004065,133.47876095126932,one shared preloaded model
conv-43-qa-29,lalm,3.3258359504122557,10.1619999986724,123.65442500004065,137.1422609491253,one shared preloaded model
conv-43-qa-30,lalm,3.3258359504122557,9.258899999622372,123.65442500004065,136.23916095007527,one shared preloaded model
conv-43-qa-31,lalm,3.3258359504122557,9.394199998496333,123.65442500004065,136.37446094894923,one shared preloaded model
conv-43-qa-32,lalm,3.3258359504122557,6.8958000010752585,278.6941750000551,288.91581095154265,one shared preloaded model
conv-43-qa-33,lalm,3.3258359504122557,6.697599999824888,278.6941750000551,288.7176109502923,one shared preloaded model
conv-43-qa-34,lalm,3.3258359504122557,6.704500001433189,278.6941750000551,288.7245109519006,one shared preloaded model
conv-43-qa-35,lalm,3.3258359504122557,9.54000000092492,278.6941750000551,291.5600109513923,one shared preloaded model
conv-43-qa-36,lalm,3.3258359504122557,6.702200000290759,153.5219750003307,163.55001095103373,one shared preloaded model
conv-43-qa-37,lalm,3.3258359504122557,9.90280000041821,153.5219750003307,166.75061095116118,one shared preloaded model
conv-43-qa-38,lalm,3.3258359504122557,9.524200000669225,153.5219750003307,166.3720109514122,one shared preloaded model
conv-43-qa-39,lalm,3.3258359504122557,9.262800000215066,153.5219750003307,166.11061095095803,one shared preloaded model
conv-43-qa-40,lalm,3.3258359504122557,6.098900001234142,111.85137500024211,121.27611095188851,one shared preloaded model
conv-43-qa-41,lalm,3.3258359504122557,5.604699999821605,111.85137500024211,120.78191095047598,one shared preloaded model
conv-43-qa-42,lalm,3.3258359504122557,6.964299998799106,111.85137500024211,122.14151094945348,one shared preloaded model
conv-43-qa-43,lalm,3.3258359504122557,5.550799998673028,111.85137500024211,120.7280109493274,one shared preloaded model
conv-43-qa-44,lalm,3.3258359504122557,8.444799999779207,108.98325000016484,120.7538859503563,one shared preloaded model
conv-43-qa-45,lalm,3.3258359504122557,5.5187999987538205,108.98325000016484,117.82788594933092,one shared preloaded model
conv-43-qa-46,lalm,3.3258359504122557,6.289500001003034,108.98325000016484,118.59858595158013,one shared preloaded model
conv-43-qa-47,lalm,3.3258359504122557,5.9595999991870485,108.98325000016484,118.26868594976415,one shared preloaded model
conv-43-qa-48,lalm,3.3258359504122557,6.093100000725826,140.02015000005485,149.43908595119294,one shared preloaded model
conv-43-qa-49,lalm,3.3258359504122557,5.819800000608666,140.02015000005485,149.16578595107578,one shared preloaded model
conv-43-qa-50,lalm,3.3258359504122557,6.526999999550753,140.02015000005485,149.87298595001786,one shared preloaded model
conv-43-qa-51,lalm,3.3258359504122557,6.003200000122888,140.02015000005485,149.34918595059,one shared preloaded model
conv-43-qa-52,lalm,3.3258359504122557,6.735499999194872,172.12465000011434,182.18598594972147,one shared preloaded model
conv-43-qa-53,lalm,3.3258359504122557,9.468600001127925,172.12465000011434,184.91908595165452,one shared preloaded model
conv-43-qa-54,lalm,3.3258359504122557,8.682199999384466,172.12465000011434,184.13268594991106,one shared preloaded model
conv-43-qa-55,lalm,3.3258359504122557,9.62219999928493,172.12465000011434,185.07268594981153,one shared preloaded model
conv-43-qa-56,lalm,3.3258359504122557,11.985099999947124,129.68942499992409,145.00036095028346,one shared preloaded model
conv-43-qa-57,lalm,3.3258359504122557,9.866000000329223,129.68942499992409,142.88126095066556,one shared preloaded model
conv-43-qa-58,lalm,3.3258359504122557,9.231500000169035,129.68942499992409,142.24676095050538,one shared preloaded model
conv-43-qa-59,lalm,3.3258359504122557,9.821499999816297,129.68942499992409,142.83676095015264,one shared preloaded model
conv-43-qa-60,lalm,3.3258359504122557,5.991199999698438,157.9768999999942,167.2939359501049,one shared preloaded model
conv-43-qa-61,lalm,3.3258359504122557,5.4233999999269145,157.9768999999942,166.72613595033337,one shared preloaded model
conv-43-qa-62,lalm,3.3258359504122557,8.855999998559128,157.9768999999942,170.15873594896559,one shared preloaded model
conv-43-qa-63,lalm,3.3258359504122557,7.104000000254018,157.9768999999942,168.40673595066048,one shared preloaded model
conv-43-qa-64,lalm,3.3258359504122557,6.494700000985176,70.91832500009332,80.73886095149075,one shared preloaded model
conv-43-qa-65,lalm,3.3258359504122557,5.466399999932037,70.91832500009332,79.71056095043761,one shared preloaded model
conv-43-qa-66,lalm,3.3258359504122557,8.204900001146598,70.91832500009332,82.44906095165217,one shared preloaded model
conv-43-qa-67,lalm,3.3258359504122557,5.362800000511925,70.91832500009332,79.6069609510175,one shared preloaded model
conv-43-qa-68,lalm,3.3258359504122557,7.038400000965339,177.08042499998555,187.44466095136315,one shared preloaded model
conv-43-qa-69,lalm,3.3258359504122557,10.678399999960675,177.08042499998555,191.08466095035848,one shared preloaded model
conv-43-qa-70,lalm,3.3258359504122557,9.095100000195089,177.08042499998555,189.5013609505929,one shared preloaded model
conv-43-qa-71,lalm,3.3258359504122557,6.258200000957004,177.08042499998555,186.6644609513548,one shared preloaded model
conv-43-qa-72,lalm,3.3258359504122557,5.966700000499259,140.2652249998937,149.5577609508052,one shared preloaded model
conv-43-qa-73,lalm,3.3258359504122557,6.379299999025534,140.2652249998937,149.97036094933148,one shared preloaded model
conv-43-qa-74,lalm,3.3258359504122557,6.4008000008470844,140.2652249998937,149.99186095115303,one shared preloaded model
conv-43-qa-75,lalm,3.3258359504122557,5.899600000702776,140.2652249998937,149.49066095100872,one shared preloaded model
conv-43-qa-76,lalm,3.3258359504122557,6.602200000997982,180.93850000013845,190.86653595154868,one shared preloaded model
conv-43-qa-77,lalm,3.3258359504122557,9.869800000160467,180.93850000013845,194.13413595071117,one shared preloaded model
conv-43-qa-78,lalm,3.3258359504122557,9.578099999998813,180.93850000013845,193.84243595054951,one shared preloaded model
conv-43-qa-79,lalm,3.3258359504122557,9.200999998938642,180.93850000013845,193.46533594948934,one shared preloaded model
conv-43-qa-80,lalm,3.3258359504122557,6.30509999973583,98.05577500037543,107.68671095052352,one shared preloaded model
conv-43-qa-81,lalm,3.3258359504122557,10.17859999956272,98.05577500037543,111.56021095035041,one shared preloaded model
conv-43-qa-82,lalm,3.3258359504122557,9.17969999863999,98.05577500037543,110.56131094942768,one shared preloaded model
conv-43-qa-83,lalm,3.3258359504122557,9.702999999717576,98.05577500037543,111.08461095050527,one shared preloaded model
conv-43-qa-84,lalm,3.3258359504122557,6.387999999788008,142.6448749998599,152.35871095006016,one shared preloaded model
conv-43-qa-85,lalm,3.3258359504122557,5.868600001122104,142.6448749998599,151.83931095139425,one shared preloaded model
conv-43-qa-86,lalm,3.3258359504122557,6.47680000110995,142.6448749998599,152.4475109513821,one shared preloaded model
conv-43-qa-87,lalm,3.3258359504122557,6.746900000507594,142.6448749998599,152.71761095077974,one shared preloaded model
conv-43-qa-88,lalm,3.3258359504122557,6.25910000053409,207.38824999989447,216.97318595084081,one shared preloaded model
conv-43-qa-89,lalm,3.3258359504122557,5.820300000777934,207.38824999989447,216.53438595108466,one shared preloaded model
conv-43-qa-90,lalm,3.3258359504122557,5.498000000443426,207.38824999989447,216.21208595075015,one shared preloaded model
conv-43-qa-91,lalm,3.3258359504122557,7.065100000545499,207.38824999989447,217.77918595085222,one shared preloaded model
conv-43-qa-92,lalm,3.3258359504122557,6.395000000338769,203.90107499997612,213.62191095072714,one shared preloaded model
conv-43-qa-93,lalm,3.3258359504122557,9.365300000354182,203.90107499997612,216.59221095074255,one shared preloaded model
conv-43-qa-94,lalm,3.3258359504122557,9.444899998925393,203.90107499997612,216.67181094931377,one shared preloaded model
conv-43-qa-95,lalm,3.3258359504122557,9.437700000489713,203.90107499997612,216.66461095087809,one shared preloaded model
conv-43-qa-96,lalm,3.3258359504122557,6.92700000035984,190.19532500033165,200.44816095110374,one shared preloaded model
conv-43-qa-97,lalm,3.3258359504122557,10.768800000732881,190.19532500033165,204.2899609514768,one shared preloaded model
conv-43-qa-98,lalm,3.3258359504122557,9.345200000097975,190.19532500033165,202.86636095084188,one shared preloaded model
conv-43-qa-99,lalm,3.3258359504122557,9.68020000073011,190.19532500033165,203.20136095147402,one shared preloaded model
conv-43-qa-100,lalm,3.3258359504122557,8.038899999519344,215.46030000035898,226.82503595029058,one shared preloaded model
conv-43-qa-101,lalm,3.3258359504122557,10.21989999935613,215.46030000035898,229.00603595012737,one shared preloaded model
conv-43-qa-102,lalm,3.3258359504122557,9.536699999443954,215.46030000035898,228.3228359502152,one shared preloaded model
conv-43-qa-103,lalm,3.3258359504122557,9.90280000041821,215.46030000035898,228.68893595118945,one shared preloaded model
conv-43-qa-104,lalm,3.3258359504122557,6.223599999430007,192.2153000000435,201.76473594988576,one shared preloaded model
conv-43-qa-105,lalm,3.3258359504122557,5.6394999992335215,192.2153000000435,201.18063594968928,one shared preloaded model
conv-43-qa-106,lalm,3.3258359504122557,8.820300001389114,192.2153000000435,204.36143595184487,one shared preloaded model
conv-43-qa-107,lalm,3.3258359504122557,9.553400001095724,192.2153000000435,205.09453595155148,one shared preloaded model
conv-43-qa-108,lalm,3.3258359504122557,9.200700000292272,217.8676749999795,230.39421095068403,one shared preloaded model
conv-43-qa-109,lalm,3.3258359504122557,7.215300000098068,217.8676749999795,228.40881095048982,one shared preloaded model
conv-43-qa-110,lalm,3.3258359504122557,9.454800001549302,217.8676749999795,230.64831095194106,one shared preloaded model
conv-43-qa-111,lalm,3.3258359504122557,6.534699999974691,217.8676749999795,227.72821095036645,one shared preloaded model
conv-43-qa-112,lalm,3.3258359504122557,7.155100000090897,188.80834999981744,199.2892859503206,one shared preloaded model
conv-43-qa-113,lalm,3.3258359504122557,9.70469999992929,188.80834999981744,201.83888595015898,one shared preloaded model
conv-43-qa-114,lalm,3.3258359504122557,10.068499999761116,188.80834999981744,202.2026859499908,one shared preloaded model
conv-43-qa-115,lalm,3.3258359504122557,9.175199998935568,188.80834999981744,201.30938594916526,one shared preloaded model
conv-43-qa-116,lalm,3.3258359504122557,9.318100001109997,321.07665000012275,333.72058595164503,one shared preloaded model
conv-43-qa-117,lalm,3.3258359504122557,10.590999998385087,321.07665000012275,334.9934859489201,one shared preloaded model
conv-43-qa-118,lalm,3.3258359504122557,9.456900001168833,321.07665000012275,333.85938595170387,one shared preloaded model
conv-43-qa-119,lalm,3.3258359504122557,9.450700001252699,321.07665000012275,333.85318595178774,one shared preloaded model
conv-43-qa-120,lalm,3.3258359504122557,6.165599999803817,322.9398499997842,332.4312859500003,one shared preloaded model
conv-43-qa-121,lalm,3.3258359504122557,5.185700001675286,322.9398499997842,331.45138595187177,one shared preloaded model
conv-43-qa-122,lalm,3.3258359504122557,5.779400000392343,322.9398499997842,332.0450859505888,one shared preloaded model
conv-43-qa-123,lalm,3.3258359504122557,6.504999999378924,322.9398499997842,332.7706859495754,one shared preloaded model
conv-43-qa-124,lalm,3.3258359504122557,5.811799999719369,157.5704499996391,166.70808594977072,one shared preloaded model
conv-43-qa-125,lalm,3.3258359504122557,5.28659999872616,157.5704499996391,166.1828859487775,one shared preloaded model
conv-43-qa-126,lalm,3.3258359504122557,5.918599999858998,157.5704499996391,166.81488594991035,one shared preloaded model
conv-43-qa-127,lalm,3.3258359504122557,6.724300001224037,157.5704499996391,167.6205859512754,one shared preloaded model
conv-43-qa-128,lalm,3.3258359504122557,6.824000000051456,152.07572500003153,162.22556095049524,one shared preloaded model
conv-43-qa-129,lalm,3.3258359504122557,10.118999998667277,152.07572500003153,165.52056094911106,one shared preloaded model
conv-43-qa-130,lalm,3.3258359504122557,10.147700000743498,152.07572500003153,165.54926095118728,one shared preloaded model
conv-43-qa-131,lalm,3.3258359504122557,10.331500001484528,152.07572500003153,165.7330609519283,one shared preloaded model
conv-43-qa-132,lalm,3.3258359504122557,7.782500000757864,290.34025000009933,301.4485859512695,one shared preloaded model
conv-43-qa-133,lalm,3.3258359504122557,5.392299999584793,290.34025000009933,299.0583859500964,one shared preloaded model
conv-43-qa-134,lalm,3.3258359504122557,5.807999999888125,290.34025000009933,299.47408595039974,one shared preloaded model
conv-43-qa-135,lalm,3.3258359504122557,6.784499999412219,290.34025000009933,300.45058594992383,one shared preloaded model
conv-43-qa-136,lalm,3.3258359504122557,6.056499998521758,133.93249999990076,143.31483594883477,one shared preloaded model
conv-43-qa-137,lalm,3.3258359504122557,6.0599000007641735,133.93249999990076,143.31823595107718,one shared preloaded model
conv-43-qa-138,lalm,3.3258359504122557,7.344300000113435,133.93249999990076,144.60263595042645,one shared preloaded model
conv-43-qa-139,lalm,3.3258359504122557,5.588199999692733,133.93249999990076,142.84653595000574,one shared preloaded model
conv-43-qa-140,lalm,3.3258359504122557,6.367600000885432,173.66397499972663,183.35741095102432,one shared preloaded model
conv-43-qa-141,lalm,3.3258359504122557,7.355600000664708,173.66397499972663,184.3454109508036,one shared preloaded model
conv-43-qa-142,lalm,3.3258359504122557,5.588199999692733,173.66397499972663,182.57801094983162,one shared preloaded model
conv-43-qa-143,lalm,3.3258359504122557,10.446800000863732,173.66397499972663,187.43661095100262,one shared preloaded model
conv-43-qa-144,lalm,3.3258359504122557,5.918800001381896,114.11889999999403,123.36353595178818,one shared preloaded model
conv-43-qa-145,lalm,3.3258359504122557,5.608600000414299,114.11889999999403,123.05333595082058,one shared preloaded model
conv-43-qa-146,lalm,3.3258359504122557,6.472400000347989,114.11889999999403,123.91713595075427,one shared preloaded model
conv-43-qa-147,lalm,3.3258359504122557,5.4906000004848465,114.11889999999403,122.93533595089113,one shared preloaded model
conv-43-qa-148,lalm,3.3258359504122557,6.421799998861388,90.70427500000733,100.45191094928097,one shared preloaded model
conv-43-qa-149,lalm,3.3258359504122557,6.257300001379917,90.70427500000733,100.2874109517995,one shared preloaded model
conv-43-qa-150,lalm,3.3258359504122557,6.831099999544676,90.70427500000733,100.86121094996426,one shared preloaded model
conv-43-qa-151,lalm,3.3258359504122557,6.747100000211503,90.70427500000733,100.77721095063109,one shared preloaded model
conv-43-qa-152,lalm,3.3258359504122557,6.2397000001510605,185.8114999999998,195.3770359505631,one shared preloaded model
conv-43-qa-153,lalm,3.3258359504122557,6.447400000979542,185.8114999999998,195.5847359513916,one shared preloaded model
conv-43-qa-154,lalm,3.3258359504122557,6.879200000184937,185.8114999999998,196.016535950597,one shared preloaded model
conv-43-qa-155,lalm,3.3258359504122557,7.258100000399281,185.8114999999998,196.39543595081133,one shared preloaded model
conv-43-qa-156,lalm,3.3258359504122557,6.762199998775031,119.04932499965071,129.137360948838,one shared preloaded model
conv-43-qa-157,lalm,3.3258359504122557,10.206299999481416,119.04932499965071,132.58146094954438,one shared preloaded model
conv-43-qa-158,lalm,3.3258359504122557,10.061099999802536,119.04932499965071,132.4362609498655,one shared preloaded model
conv-43-qa-159,lalm,3.3258359504122557,9.144200001173886,119.04932499965071,131.51936095123685,one shared preloaded model
conv-43-qa-160,lalm,3.3258359504122557,6.254799998714589,94.76142499988782,104.34206094901467,one shared preloaded model
conv-43-qa-161,lalm,3.3258359504122557,9.595399998943321,94.76142499988782,107.6826609492434,one shared preloaded model
conv-43-qa-162,lalm,3.3258359504122557,9.580399999322253,94.76142499988782,107.66766094962233,one shared preloaded model
conv-43-qa-163,lalm,3.3258359504122557,9.435099998881924,94.76142499988782,107.522360949182,one shared preloaded model
conv-43-qa-164,lalm,3.3258359504122557,6.5961000000243075,143.1874750001043,153.10941095054088,one shared preloaded model
conv-43-qa-165,lalm,3.3258359504122557,9.0438000006543,143.1874750001043,155.55711095117087,one shared preloaded model
conv-43-qa-166,lalm,3.3258359504122557,9.708700001283432,143.1874750001043,156.2220109518,one shared preloaded model
conv-43-qa-167,lalm,3.3258359504122557,9.962299998733215,143.1874750001043,156.47561094924978,one shared preloaded model
conv-43-qa-168,lalm,3.3258359504122557,6.375099999786471,213.47255000000587,223.1734859502046,one shared preloaded model
conv-43-qa-169,lalm,3.3258359504122557,9.916800001519732,213.47255000000587,226.71518595193785,one shared preloaded model
conv-43-qa-170,lalm,3.3258359504122557,9.890299999824492,213.47255000000587,226.68868595024261,one shared preloaded model
conv-43-qa-171,lalm,3.3258359504122557,9.605899998859968,213.47255000000587,226.4042859492781,one shared preloaded model
conv-43-qa-172,lalm,3.3258359504122557,6.277599999521044,108.29897499979779,117.90241094973109,one shared preloaded model
conv-43-qa-173,lalm,3.3258359504122557,9.717099999761558,108.29897499979779,121.3419109499716,one shared preloaded model
conv-43-qa-174,lalm,3.3258359504122557,9.615499999199528,108.29897499979779,121.24031094940958,one shared preloaded model
conv-43-qa-175,lalm,3.3258359504122557,9.31739999941783,108.29897499979779,120.94221094962788,one shared preloaded model
conv-43-qa-176,lalm,3.3258359504122557,6.840899999588146,205.32102500010296,215.48776095010336,one shared preloaded model
conv-43-qa-177,lalm,3.3258359504122557,9.61759999881906,205.32102500010296,218.26446094933428,one shared preloaded model
conv-43-qa-178,lalm,3.3258359504122557,7.488600000215229,205.32102500010296,216.13546095073045,one shared preloaded model
conv-43-qa-179,lalm,3.3258359504122557,5.224400001679896,205.32102500010296,213.87126095219512,one shared preloaded model
conv-43-qa-180,lalm,3.3258359504122557,7.061899999825982,132.13489999998274,142.52263595022097,one shared preloaded model
conv-43-qa-181,lalm,3.3258359504122557,9.448900000279536,132.13489999998274,144.90963595067453,one shared preloaded model
conv-43-qa-182,lalm,3.3258359504122557,10.245700001178193,132.13489999998274,145.70643595157318,one shared preloaded model
conv-43-qa-183,lalm,3.3258359504122557,9.355899999718531,132.13489999998274,144.81663595011352,one shared preloaded model
conv-43-qa-184,lalm,3.3258359504122557,6.560499999977765,111.66662499999802,121.55296095038804,one shared preloaded model
conv-43-qa-185,lalm,3.3258359504122557,6.225900000572437,111.66662499999802,121.21836095098271,one shared preloaded model
conv-43-qa-186,lalm,3.3258359504122557,6.817499999669963,111.66662499999802,121.80996095008024,one shared preloaded model
conv-43-qa-187,lalm,3.3258359504122557,6.396099999619764,111.66662499999802,121.38856095003004,one shared preloaded model
conv-43-qa-188,lalm,3.3258359504122557,6.864999999379506,181.0134500001368,191.20428594992856,one shared preloaded model
conv-43-qa-189,lalm,3.3258359504122557,9.561299999404582,181.0134500001368,193.90058594995364,one shared preloaded model
conv-43-qa-190,lalm,3.3258359504122557,9.763699999894015,181.0134500001368,194.10298595044307,one shared preloaded model
conv-43-qa-191,lalm,3.3258359504122557,9.419500000149128,181.0134500001368,193.75878595069818,one shared preloaded model
conv-43-qa-192,lalm,3.3258359504122557,6.266099999265862,193.91317500003424,203.50511094971236,one shared preloaded model
conv-43-qa-193,lalm,3.3258359504122557,5.324499999915133,193.91317500003424,202.56351095036163,one shared preloaded model
conv-43-qa-194,lalm,3.3258359504122557,5.931899999268353,193.91317500003424,203.17091094971485,one shared preloaded model
conv-43-qa-195,lalm,3.3258359504122557,6.223500000487547,193.91317500003424,203.46251095093405,one shared preloaded model
conv-43-qa-196,lalm,3.3258359504122557,5.9808999994857,261.580800000047,270.887535949945,one shared preloaded model
conv-43-qa-197,lalm,3.3258359504122557,7.660299999770359,261.580800000047,272.56693595022966,one shared preloaded model
conv-43-qa-198,lalm,3.3258359504122557,10.019999999713036,261.580800000047,274.92663595017234,one shared preloaded model
conv-43-qa-199,lalm,3.3258359504122557,9.493200001088553,261.580800000047,274.39983595154786,one shared preloaded model
conv-43-qa-200,lalm,3.3258359504122557,6.378199999744538,160.74345000015455,170.44748595031135,one shared preloaded model
conv-43-qa-201,lalm,3.3258359504122557,9.803199998714263,160.74345000015455,173.87248594928107,one shared preloaded model
conv-43-qa-202,lalm,3.3258359504122557,9.667000000263215,160.74345000015455,173.73628595083002,one shared preloaded model
conv-43-qa-203,lalm,3.3258359504122557,9.318800000983174,160.74345000015455,173.38808595154998,one shared preloaded model
conv-43-qa-204,lalm,3.3258359504122557,9.051600000020699,130.62057500019364,142.9980109506266,one shared preloaded model
conv-43-qa-205,lalm,3.3258359504122557,9.766499999386724,130.62057500019364,143.71291094999262,one shared preloaded model
conv-43-qa-206,lalm,3.3258359504122557,10.376999998698011,130.62057500019364,144.3234109493039,one shared preloaded model
conv-43-qa-207,lalm,3.3258359504122557,9.249900000213529,130.62057500019364,143.19631095081942,one shared preloaded model
conv-43-qa-208,lalm,3.3258359504122557,6.121799999164068,120.8976499997334,130.34528594930973,one shared preloaded model
conv-43-qa-209,lalm,3.3258359504122557,9.42140000006475,120.8976499997334,133.6448859502104,one shared preloaded model
conv-43-qa-210,lalm,3.3258359504122557,9.697600000436069,120.8976499997334,133.92108595058173,one shared preloaded model
conv-43-qa-211,lalm,3.3258359504122557,6.657399999312474,120.8976499997334,130.88088594945813,one shared preloaded model
conv-43-qa-212,lalm,3.3258359504122557,5.996400001095026,374.0997499999139,383.4219859514212,one shared preloaded model
conv-43-qa-213,lalm,3.3258359504122557,5.671999999321997,374.0997499999139,383.0975859496482,one shared preloaded model
conv-43-qa-214,lalm,3.3258359504122557,6.31249999969441,374.0997499999139,383.7380859500206,one shared preloaded model
conv-43-qa-215,lalm,3.3258359504122557,9.872399999949266,374.0997499999139,387.29798595027546,one shared preloaded model
conv-43-qa-216,lalm,3.3258359504122557,6.007800000588759,200.87697500002832,210.21061095102934,one shared preloaded model
conv-43-qa-217,lalm,3.3258359504122557,5.89620000027935,200.87697500002832,210.09901095071993,one shared preloaded model
conv-43-qa-218,lalm,3.3258359504122557,6.796599998779129,200.87697500002832,210.9994109492197,one shared preloaded model
conv-43-qa-219,lalm,3.3258359504122557,6.270399999266374,200.87697500002832,210.47321094970695,one shared preloaded model
conv-43-qa-220,lalm,3.3258359504122557,6.700799998725415,164.9026749996665,174.92931094880416,one shared preloaded model
conv-43-qa-221,lalm,3.3258359504122557,10.865500000363681,164.9026749996665,179.09401095044242,one shared preloaded model
conv-43-qa-222,lalm,3.3258359504122557,6.574499999260297,164.9026749996665,174.80301094933904,one shared preloaded model
conv-43-qa-223,lalm,3.3258359504122557,7.708999999522348,164.9026749996665,175.9375109496011,one shared preloaded model
conv-43-qa-224,lalm,3.3258359504122557,7.270000000062282,137.06490000004123,147.66073595051577,one shared preloaded model
conv-43-qa-225,lalm,3.3258359504122557,10.129700000106823,137.06490000004123,150.5204359505603,one shared preloaded model
conv-43-qa-226,lalm,3.3258359504122557,9.608799999114126,137.06490000004123,149.99953594956762,one shared preloaded model
conv-43-qa-227,lalm,3.3258359504122557,9.686400000646245,137.06490000004123,150.07713595109973,one shared preloaded model
conv-43-qa-228,lalm,3.3258359504122557,7.23909999942407,134.01062499997352,144.57556094980984,one shared preloaded model
conv-43-qa-229,lalm,3.3258359504122557,5.171900000277674,134.01062499997352,142.50836095066344,one shared preloaded model
conv-43-qa-230,lalm,3.3258359504122557,6.662399999186164,134.01062499997352,143.99886094957193,one shared preloaded model
conv-43-qa-231,lalm,3.3258359504122557,6.2164999999367865,134.01062499997352,143.55296095032256,one shared preloaded model
conv-43-qa-232,lalm,3.3258359504122557,6.2009000012039905,149.37339999960386,158.9001359512201,one shared preloaded model
conv-43-qa-233,lalm,3.3258359504122557,10.080500000185566,149.37339999960386,162.77973595020168,one shared preloaded model
conv-43-qa-234,lalm,3.3258359504122557,9.575500000210013,149.37339999960386,162.27473595022613,one shared preloaded model
conv-43-qa-235,lalm,3.3258359504122557,9.822699999858742,149.37339999960386,162.52193594987486,one shared preloaded model
conv-43-qa-236,lalm,3.3258359504122557,6.20600000002014,166.71309999992445,176.24493595035685,one shared preloaded model
conv-43-qa-237,lalm,3.3258359504122557,9.631400000216672,166.71309999992445,179.67033595055338,one shared preloaded model
conv-43-qa-238,lalm,3.3258359504122557,10.19330000053742,166.71309999992445,180.23223595087413,one shared preloaded model
conv-43-qa-239,lalm,3.3258359504122557,9.473500000240165,166.71309999992445,179.51243595057687,one shared preloaded model
conv-43-qa-240,lalm,3.3258359504122557,6.226800000149524,234.7997500000929,244.35238595065468,one shared preloaded model
conv-43-qa-241,lalm,3.3258359504122557,9.984199999962584,234.7997500000929,248.10978595046774,one shared preloaded model
conv-44-qa-0,lalm,3.7949924050586055,6.8828000003122725,115.25039999969522,125.9281924050661,one shared preloaded model
conv-44-qa-1,lalm,3.7949924050586055,5.347500000425498,115.25039999969522,124.39289240517932,one shared preloaded model
conv-44-qa-2,lalm,3.7949924050586055,5.32050000037998,115.25039999969522,124.3658924051338,one shared preloaded model
conv-44-qa-3,lalm,3.7949924050586055,6.771899999876041,115.25039999969522,125.81729240462987,one shared preloaded model
conv-44-qa-4,lalm,3.7949924050586055,6.34409999838681,190.89492499961125,201.03401740305665,one shared preloaded model
conv-44-qa-5,lalm,3.7949924050586055,9.295099998780643,190.89492499961125,203.98501740345048,one shared preloaded model
conv-44-qa-6,lalm,3.7949924050586055,9.584699999322766,190.89492499961125,204.2746174039926,one shared preloaded model
conv-44-qa-7,lalm,3.7949924050586055,9.792900000320515,190.89492499961125,204.48281740499036,one shared preloaded model
conv-44-qa-8,lalm,3.7949924050586055,6.783999999242951,156.2941749998572,166.87316740415875,one shared preloaded model
conv-44-qa-9,lalm,3.7949924050586055,10.409500000605476,156.2941749998572,170.49866740552127,one shared preloaded model
conv-44-qa-10,lalm,3.7949924050586055,10.160400001041126,156.2941749998572,170.24956740595692,one shared preloaded model
conv-44-qa-11,lalm,3.7949924050586055,9.387399999468471,156.2941749998572,169.47656740438427,one shared preloaded model
conv-44-qa-12,lalm,3.7949924050586055,6.050899999536341,128.31297499997163,138.15886740456656,one shared preloaded model
conv-44-qa-13,lalm,3.7949924050586055,6.412599999748636,128.31297499997163,138.52056740477886,one shared preloaded model
conv-44-qa-14,lalm,3.7949924050586055,9.832100000494393,128.31297499997163,141.94006740552462,one shared preloaded model
conv-44-qa-15,lalm,3.7949924050586055,9.5978000008472,128.31297499997163,141.70576740587742,one shared preloaded model
conv-44-qa-16,lalm,3.7949924050586055,5.653400001392583,122.41180000000895,131.86019240646013,one shared preloaded model
conv-44-qa-17,lalm,3.7949924050586055,6.316900000456371,122.41180000000895,132.52369240552392,one shared preloaded model
conv-44-qa-18,lalm,3.7949924050586055,6.144699998912984,122.41180000000895,132.35149240398053,one shared preloaded model
conv-44-qa-19,lalm,3.7949924050586055,6.524599999465863,122.41180000000895,132.7313924045334,one shared preloaded model
conv-44-qa-20,lalm,3.7949924050586055,5.99549999969895,85.50952500036146,95.30001740511902,one shared preloaded model
conv-44-qa-21,lalm,3.7949924050586055,9.62240000080783,85.50952500036146,98.9269174062279,one shared preloaded model
conv-44-qa-22,lalm,3.7949924050586055,9.78439999926195,85.50952500036146,99.08891740468202,one shared preloaded model
conv-44-qa-23,lalm,3.7949924050586055,6.281999998464016,85.50952500036146,95.58651740388409,one shared preloaded model
conv-44-qa-24,lalm,3.7949924050586055,6.337500000881846,113.15630000035526,123.28879240629571,one shared preloaded model
conv-44-qa-25,lalm,3.7949924050586055,5.4955999985395465,113.15630000035526,122.44689240395341,one shared preloaded model
conv-44-qa-26,lalm,3.7949924050586055,5.829599998833146,113.15630000035526,122.78089240424701,one shared preloaded model
conv-44-qa-27,lalm,3.7949924050586055,6.3110000010055955,113.15630000035526,123.26229240641946,one shared preloaded model
conv-44-qa-28,lalm,3.7949924050586055,6.331500000669621,140.40522499999497,150.53171740572319,one shared preloaded model
conv-44-qa-29,lalm,3.7949924050586055,9.405599999809056,140.40522499999497,153.60581740486262,one shared preloaded model
conv-44-qa-30,lalm,3.7949924050586055,10.257300000375835,140.40522499999497,154.4575174054294,one shared preloaded model
conv-44-qa-31,lalm,3.7949924050586055,9.25930000084918,140.40522499999497,153.45951740590274,one shared preloaded model
conv-44-qa-32,lalm,3.7949924050586055,6.187500001033186,452.56607500004975,462.54856740614156,one shared preloaded model
conv-44-qa-33,lalm,3.7949924050586055,10.43269999900076,452.56607500004975,466.79376740410913,one shared preloaded model
conv-44-qa-34,lalm,3.7949924050586055,9.602499998436542,452.56607500004975,465.9635674035449,one shared preloaded model
conv-44-qa-35,lalm,3.7949924050586055,9.531200001219986,452.56607500004975,465.89226740632836,one shared preloaded model
conv-44-qa-36,lalm,3.7949924050586055,6.89799999963725,181.16139999983716,191.854392404533,one shared preloaded model
conv-44-qa-37,lalm,3.7949924050586055,9.386799998537754,181.16139999983716,194.3431924034335,one shared preloaded model
conv-44-qa-38,lalm,3.7949924050586055,9.732900000017253,181.16139999983716,194.689292404913,one shared preloaded model
conv-44-qa-39,lalm,3.7949924050586055,9.701299999505864,181.16139999983716,194.65769240440162,one shared preloaded model
conv-44-qa-40,lalm,3.7949924050586055,7.519299999330542,98.42332500011253,109.73761740450168,one shared preloaded model
conv-44-qa-41,lalm,3.7949924050586055,5.739199999879929,98.42332500011253,107.95751740505106,one shared preloaded model
conv-44-qa-42,lalm,3.7949924050586055,6.271199999901,98.42332500011253,108.48951740507214,one shared preloaded model
conv-44-qa-43,lalm,3.7949924050586055,6.455700000515208,98.42332500011253,108.67401740568634,one shared preloaded model
conv-44-qa-44,lalm,3.7949924050586055,6.347499998810235,86.95079999961308,97.09329240348193,one shared preloaded model
conv-44-qa-45,lalm,3.7949924050586055,9.846799999650102,86.95079999961308,100.59259240432179,one shared preloaded model
conv-44-qa-46,lalm,3.7949924050586055,6.814000000304077,86.95079999961308,97.55979240497577,one shared preloaded model
conv-44-qa-47,lalm,3.7949924050586055,6.3991000006353715,86.95079999961308,97.14489240530706,one shared preloaded model
conv-44-qa-48,lalm,3.7949924050586055,6.590299999515992,97.68502500037357,108.07031740494817,one shared preloaded model
conv-44-qa-49,lalm,3.7949924050586055,9.606699999494595,97.68502500037357,111.08671740492677,one shared preloaded model
conv-44-qa-50,lalm,3.7949924050586055,9.62699999945471,97.68502500037357,111.10701740488689,one shared preloaded model
conv-44-qa-51,lalm,3.7949924050586055,9.887500000331784,97.68502500037357,111.36751740576396,one shared preloaded model
conv-44-qa-52,lalm,3.7949924050586055,8.255700000518118,129.1754500002753,141.22614240585202,one shared preloaded model
conv-44-qa-53,lalm,3.7949924050586055,10.12290000107896,129.1754500002753,143.09334240641286,one shared preloaded model
conv-44-qa-54,lalm,3.7949924050586055,7.573200000479119,129.1754500002753,140.54364240581302,one shared preloaded model
conv-44-qa-55,lalm,3.7949924050586055,5.996800000502844,129.1754500002753,138.96724240583674,one shared preloaded model
conv-44-qa-56,lalm,3.7949924050586055,6.5508999996382045,173.63902500028416,183.98491740498096,one shared preloaded model
conv-44-qa-57,lalm,3.7949924050586055,9.449400000448804,173.63902500028416,186.88341740579156,one shared preloaded model
conv-44-qa-58,lalm,3.7949924050586055,10.088600000017323,173.63902500028416,187.52261740536008,one shared preloaded model
conv-44-qa-59,lalm,3.7949924050586055,10.192400000960333,173.63902500028416,187.6264174063031,one shared preloaded model
conv-44-qa-60,lalm,3.7949924050586055,5.7977999986178475,121.67254999985744,131.26534240353388,one shared preloaded model
conv-44-qa-61,lalm,3.7949924050586055,9.878499999103951,121.67254999985744,135.34604240401998,one shared preloaded model
conv-44-qa-62,lalm,3.7949924050586055,9.96320000012929,121.67254999985744,135.43074240504532,one shared preloaded model
conv-44-qa-63,lalm,3.7949924050586055,9.883200000331271,121.67254999985744,135.3507424052473,one shared preloaded model
conv-44-qa-64,lalm,3.7949924050586055,6.232000001546112,439.234850000048,449.26184240665276,one shared preloaded model
conv-44-qa-65,lalm,3.7949924050586055,9.908100000757258,439.234850000048,452.9379424058639,one shared preloaded model
conv-44-qa-66,lalm,3.7949924050586055,10.048300000562449,439.234850000048,453.0781424056691,one shared preloaded model
conv-44-qa-67,lalm,3.7949924050586055,9.85920000130136,439.234850000048,452.889042406408,one shared preloaded model
conv-44-qa-68,lalm,3.7949924050586055,6.843099999969127,323.99362499972995,334.6317174047577,one shared preloaded model
conv-44-qa-69,lalm,3.7949924050586055,9.730599998874823,323.99362499972995,337.5192174036634,one shared preloaded model
conv-44-qa-70,lalm,3.7949924050586055,10.36249999924621,323.99362499972995,338.1511174040348,one shared preloaded model
conv-44-qa-71,lalm,3.7949924050586055,5.3133000001253095,323.99362499972995,333.1019174049139,one shared preloaded model
conv-44-qa-72,lalm,3.7949924050586055,6.128700000772369,341.95725000017774,351.8809424060087,one shared preloaded model
conv-44-qa-73,lalm,3.7949924050586055,6.406000000424683,341.95725000017774,352.15824240566104,one shared preloaded model
conv-44-qa-74,lalm,3.7949924050586055,6.215899999006069,341.95725000017774,351.9681424042424,one shared preloaded model
conv-44-qa-75,lalm,3.7949924050586055,6.111400000008871,341.95725000017774,351.86364240524523,one shared preloaded model
conv-44-qa-76,lalm,3.7949924050586055,6.744499998603715,455.09979999997086,465.6392924036332,one shared preloaded model
conv-44-qa-77,lalm,3.7949924050586055,10.388299999249284,455.09979999997086,469.28309240427876,one shared preloaded model
conv-44-qa-78,lalm,3.7949924050586055,9.90030000139086,455.09979999997086,468.79509240642034,one shared preloaded model
conv-44-qa-79,lalm,3.7949924050586055,10.286300001098425,455.09979999997086,469.1810924061279,one shared preloaded model
conv-44-qa-80,lalm,3.7949924050586055,7.399300000543008,123.4124000002339,134.6066924058355,one shared preloaded model
conv-44-qa-81,lalm,3.7949924050586055,6.960099999560043,123.4124000002339,134.16749240485254,one shared preloaded model
conv-44-qa-82,lalm,3.7949924050586055,5.969200001345598,123.4124000002339,133.1765924066381,one shared preloaded model
conv-44-qa-83,lalm,3.7949924050586055,6.841700000222772,123.4124000002339,134.04909240551527,one shared preloaded model
conv-44-qa-84,lalm,3.7949924050586055,6.240300001081778,237.2331250003299,247.26841740647026,one shared preloaded model
conv-44-qa-85,lalm,3.7949924050586055,10.509699999602162,237.2331250003299,251.53781740499065,one shared preloaded model
conv-44-qa-86,lalm,3.7949924050586055,9.703799998533214,237.2331250003299,250.7319174039217,one shared preloaded model
conv-44-qa-87,lalm,3.7949924050586055,9.904800001095282,237.2331250003299,250.93291740648377,one shared preloaded model
conv-44-qa-88,lalm,3.7949924050586055,5.936499999734224,184.30087500019,194.0323674049828,one shared preloaded model
conv-44-qa-89,lalm,3.7949924050586055,5.769499999587424,184.30087500019,193.865367404836,one shared preloaded model
conv-44-qa-90,lalm,3.7949924050586055,5.8066999990842305,184.30087500019,193.9025674043328,one shared preloaded model
conv-44-qa-91,lalm,3.7949924050586055,5.724700000428129,184.30087500019,193.8205674056767,one shared preloaded model
conv-44-qa-92,lalm,3.7949924050586055,5.682799999704002,199.41400000016074,208.89179240492334,one shared preloaded model
conv-44-qa-93,lalm,3.7949924050586055,5.3674999999202555,199.41400000016074,208.5764924051396,one shared preloaded model
conv-44-qa-94,lalm,3.7949924050586055,7.2558000010758406,199.41400000016074,210.46479240629517,one shared preloaded model
conv-44-qa-95,lalm,3.7949924050586055,9.937000000718399,199.41400000016074,213.14599240593773,one shared preloaded model
conv-44-qa-96,lalm,3.7949924050586055,6.164099999296013,199.3968249998943,209.3559174042489,one shared preloaded model
conv-44-qa-97,lalm,3.7949924050586055,9.838900001341244,199.3968249998943,213.03071740629414,one shared preloaded model
conv-44-qa-98,lalm,3.7949924050586055,9.142800001427531,199.3968249998943,212.33461740638043,one shared preloaded model
conv-44-qa-99,lalm,3.7949924050586055,6.7163999992772005,199.3968249998943,209.9082174042301,one shared preloaded model
conv-44-qa-100,lalm,3.7949924050586055,6.801600000471808,340.44265000011364,351.0392424056441,one shared preloaded model
conv-44-qa-101,lalm,3.7949924050586055,5.39550000030431,340.44265000011364,349.6331424054766,one shared preloaded model
conv-44-qa-102,lalm,3.7949924050586055,9.71169999866106,340.44265000011364,353.9493424038333,one shared preloaded model
conv-44-qa-103,lalm,3.7949924050586055,9.75300000027346,340.44265000011364,353.9906424054457,one shared preloaded model
conv-44-qa-104,lalm,3.7949924050586055,6.637799999225535,129.8360999999204,140.26889240420454,one shared preloaded model
conv-44-qa-105,lalm,3.7949924050586055,8.990400001493981,129.8360999999204,142.62149240647298,one shared preloaded model
conv-44-qa-106,lalm,3.7949924050586055,10.028400000010151,129.8360999999204,143.65949240498915,one shared preloaded model
conv-44-qa-107,lalm,3.7949924050586055,9.556299999530893,129.8360999999204,143.1873924045099,one shared preloaded model
conv-44-qa-108,lalm,3.7949924050586055,6.174099999043392,203.5894499999813,213.55854240408328,one shared preloaded model
conv-44-qa-109,lalm,3.7949924050586055,5.994799999825773,203.5894499999813,213.37924240486566,one shared preloaded model
conv-44-qa-110,lalm,3.7949924050586055,6.6490999997768085,203.5894499999813,214.0335424048167,one shared preloaded model
conv-44-qa-111,lalm,3.7949924050586055,6.937599999218946,203.5894499999813,214.32204240425884,one shared preloaded model
conv-44-qa-112,lalm,3.7949924050586055,6.11649999882502,139.60202500038577,149.51351740426938,one shared preloaded model
conv-44-qa-113,lalm,3.7949924050586055,7.190300000729621,139.60202500038577,150.58731740617398,one shared preloaded model
conv-44-qa-114,lalm,3.7949924050586055,8.680000000822474,139.60202500038577,152.07701740626683,one shared preloaded model
conv-44-qa-115,lalm,3.7949924050586055,9.964599999875645,139.60202500038577,153.36161740532,one shared preloaded model
conv-44-qa-116,lalm,3.7949924050586055,6.707799999276176,218.37075000030381,228.87354240463858,one shared preloaded model
conv-44-qa-117,lalm,3.7949924050586055,11.062699999456527,218.37075000030381,233.22844240481894,one shared preloaded model
conv-44-qa-118,lalm,3.7949924050586055,9.778600000572624,218.37075000030381,231.94434240593503,one shared preloaded model
conv-44-qa-119,lalm,3.7949924050586055,9.901700001137215,218.37075000030381,232.06744240649962,one shared preloaded model
conv-44-qa-120,lalm,3.7949924050586055,6.034099998942111,141.86007499984044,151.68916740384114,one shared preloaded model
conv-44-qa-121,lalm,3.7949924050586055,5.930600000283448,141.86007499984044,151.58566740518248,one shared preloaded model
conv-44-qa-122,lalm,3.7949924050586055,6.932799999049166,141.86007499984044,152.5878674039482,one shared preloaded model
conv-44-qa-123,lalm,3.7949924050586055,5.706300000383635,141.86007499984044,151.36136740528266,one shared preloaded model
conv-44-qa-124,lalm,3.7949924050586055,5.747799999880954,208.8227750000442,218.36556740498375,one shared preloaded model
conv-44-qa-125,lalm,3.7949924050586055,6.717099999150378,208.8227750000442,219.33486740425317,one shared preloaded model
conv-44-qa-126,lalm,3.7949924050586055,5.470899999636458,208.8227750000442,218.08866740473925,one shared preloaded model
conv-44-qa-127,lalm,3.7949924050586055,8.694799998920644,208.8227750000442,221.31256740402344,one shared preloaded model
conv-44-qa-128,lalm,3.7949924050586055,6.2646000005770475,209.46150000008856,219.5210924057242,one shared preloaded model
conv-44-qa-129,lalm,3.7949924050586055,7.037299999865354,209.46150000008856,220.2937924050125,one shared preloaded model
conv-44-qa-130,lalm,3.7949924050586055,7.0320000013452955,209.46150000008856,220.28849240649245,one shared preloaded model
conv-44-qa-131,lalm,3.7949924050586055,7.00689999939641,209.46150000008856,220.26339240454357,one shared preloaded model
conv-44-qa-132,lalm,3.7949924050586055,6.619800000407849,133.386850000079,143.80164240554544,one shared preloaded model
conv-44-qa-133,lalm,3.7949924050586055,10.652599999957602,133.386850000079,147.8344424050952,one shared preloaded model
conv-44-qa-134,lalm,3.7949924050586055,9.238299999196897,133.386850000079,146.42014240433448,one shared preloaded model
conv-44-qa-135,lalm,3.7949924050586055,9.33919999988575,133.386850000079,146.52104240502334,one shared preloaded model
conv-44-qa-136,lalm,3.7949924050586055,9.325699998953496,159.00312499979918,172.12381740381127,one shared preloaded model
conv-44-qa-137,lalm,3.7949924050586055,10.922500001470326,159.00312499979918,173.7206174063281,one shared preloaded model
conv-44-qa-138,lalm,3.7949924050586055,9.504700001343735,159.00312499979918,172.3028174062015,one shared preloaded model
conv-44-qa-139,lalm,3.7949924050586055,9.822100000747014,159.00312499979918,172.6202174056048,one shared preloaded model
conv-44-qa-140,lalm,3.7949924050586055,6.852799999251147,186.85882499994477,197.5066174042545,one shared preloaded model
conv-44-qa-141,lalm,3.7949924050586055,9.705100001156097,186.85882499994477,200.35891740615946,one shared preloaded model
conv-44-qa-142,lalm,3.7949924050586055,9.44089999939024,186.85882499994477,200.0947174043936,one shared preloaded model
conv-44-qa-143,lalm,3.7949924050586055,9.585199999492033,186.85882499994477,200.2390174044954,one shared preloaded model
conv-44-qa-144,lalm,3.7949924050586055,6.2527000009140465,136.06289999961518,146.11059240558782,one shared preloaded model
conv-44-qa-145,lalm,3.7949924050586055,9.604900000340422,136.06289999961518,149.4627924050142,one shared preloaded model
conv-44-qa-146,lalm,3.7949924050586055,6.36800000029325,136.06289999961518,146.22589240496703,one shared preloaded model
conv-44-qa-147,lalm,3.7949924050586055,5.536799999390496,136.06289999961518,145.39469240406427,one shared preloaded model
conv-44-qa-148,lalm,3.7949924050586055,6.127600001491373,115.70889999984502,125.631492406395,one shared preloaded model
conv-44-qa-149,lalm,3.7949924050586055,10.432499999296851,115.70889999984502,129.93639240420046,one shared preloaded model
conv-44-qa-150,lalm,3.7949924050586055,9.40710000031686,115.70889999984502,128.91099240522047,one shared preloaded model
conv-44-qa-151,lalm,3.7949924050586055,9.289199999329867,115.70889999984502,128.79309240423348,one shared preloaded model
conv-44-qa-152,lalm,3.7949924050586055,6.312699999398319,146.3664749999225,156.47416740437941,one shared preloaded model
conv-44-qa-153,lalm,3.7949924050586055,9.296100000938168,146.3664749999225,159.45756740591926,one shared preloaded model
conv-44-qa-154,lalm,3.7949924050586055,9.582099999533966,146.3664749999225,159.74356740451506,one shared preloaded model
conv-44-qa-155,lalm,3.7949924050586055,10.328399999707472,146.3664749999225,160.48986740468857,one shared preloaded model
conv-44-qa-156,lalm,3.7949924050586055,6.587300000319374,299.3768500000442,309.7591424054222,one shared preloaded model
conv-44-qa-157,lalm,3.7949924050586055,8.825999999316991,299.3768500000442,311.9978424044198,one shared preloaded model
conv-47-qa-0,lalm,3.6019415789460734,9.611399998902925,119.9396249999154,133.1529665777644,one shared preloaded model
conv-47-qa-1,lalm,3.6019415789460734,9.32939999984228,119.9396249999154,132.87096657870376,one shared preloaded model
conv-47-qa-2,lalm,3.6019415789460734,9.940200001437915,119.9396249999154,133.4817665802994,one shared preloaded model
conv-47-qa-3,lalm,3.6019415789460734,9.454799999730312,119.9396249999154,132.9963665785918,one shared preloaded model
conv-47-qa-4,lalm,3.6019415789460734,6.170999999085325,81.20765000012398,90.98059157815537,one shared preloaded model
conv-47-qa-5,lalm,3.6019415789460734,9.971600000426406,81.20765000012398,94.78119157949645,one shared preloaded model
conv-47-qa-6,lalm,3.6019415789460734,9.615499999199528,81.20765000012398,94.42509157826957,one shared preloaded model
conv-47-qa-7,lalm,3.6019415789460734,9.247699999832548,81.20765000012398,94.05729157890259,one shared preloaded model
conv-47-qa-8,lalm,3.6019415789460734,6.311400000413414,184.7798750000038,194.6932165793633,one shared preloaded model
conv-47-qa-9,lalm,3.6019415789460734,9.732499998790445,184.7798750000038,198.11431657774034,one shared preloaded model
conv-47-qa-10,lalm,3.6019415789460734,9.69500000064727,184.7798750000038,198.07681657959716,one shared preloaded model
conv-47-qa-11,lalm,3.6019415789460734,9.495700000115903,184.7798750000038,197.8775165790658,one shared preloaded model
conv-47-qa-12,lalm,3.6019415789460734,6.640400000833324,110.57119999986753,120.81354157964692,one shared preloaded model
conv-47-qa-13,lalm,3.6019415789460734,6.664700000328594,110.57119999986753,120.8378415791422,one shared preloaded model
conv-47-qa-14,lalm,3.6019415789460734,6.406500000593951,110.57119999986753,120.57964157940755,one shared preloaded model
conv-47-qa-15,lalm,3.6019415789460734,6.134400000519236,110.57119999986753,120.30754157933283,one shared preloaded model
conv-47-qa-16,lalm,3.6019415789460734,7.4654999989434145,111.82834999999614,122.89579157788562,one shared preloaded model
conv-47-qa-17,lalm,3.6019415789460734,10.218599998552236,111.82834999999614,125.64889157749444,one shared preloaded model
conv-47-qa-18,lalm,3.6019415789460734,9.303400000135298,111.82834999999614,124.7336915790775,one shared preloaded model
conv-47-qa-19,lalm,3.6019415789460734,9.361300000819028,111.82834999999614,124.79159157976123,one shared preloaded model
conv-47-qa-20,lalm,3.6019415789460734,6.395200000042678,253.32470000012108,263.32184157910984,one shared preloaded model
conv-47-qa-21,lalm,3.6019415789460734,5.406399999628775,253.32470000012108,262.33304157869594,one shared preloaded model
conv-47-qa-22,lalm,3.6019415789460734,5.768299999544979,253.32470000012108,262.69494157861214,one shared preloaded model
conv-47-qa-23,lalm,3.6019415789460734,6.907900000442169,253.32470000012108,263.83454157950933,one shared preloaded model
conv-47-qa-24,lalm,3.6019415789460734,6.324199999653501,96.33042499990552,106.25656657850509,one shared preloaded model
conv-47-qa-25,lalm,3.6019415789460734,5.167899998923531,96.33042499990552,105.10026657777512,one shared preloaded model
conv-47-qa-26,lalm,3.6019415789460734,6.231299999853945,96.33042499990552,106.16366657870553,one shared preloaded model
conv-47-qa-27,lalm,3.6019415789460734,6.240699998670607,96.33042499990552,106.17306657752219,one shared preloaded model
conv-47-qa-28,lalm,3.6019415789460734,6.35839999995369,144.1531750001559,154.11351657905567,one shared preloaded model
conv-47-qa-29,lalm,3.6019415789460734,9.458999998969375,144.1531750001559,157.21411657807135,one shared preloaded model
conv-47-qa-30,lalm,3.6019415789460734,9.572300001309486,144.1531750001559,157.32741658041147,one shared preloaded model
conv-47-qa-31,lalm,3.6019415789460734,9.626700000808341,144.1531750001559,157.38181657991032,one shared preloaded model
conv-47-qa-32,lalm,3.6019415789460734,6.391200000507524,71.10525000007328,81.09839157952688,one shared preloaded model
conv-47-qa-33,lalm,3.6019415789460734,9.693900001366274,71.10525000007328,84.40109158038562,one shared preloaded model
conv-47-qa-34,lalm,3.6019415789460734,9.835500000917818,71.10525000007328,84.54269157993717,one shared preloaded model
conv-47-qa-35,lalm,3.6019415789460734,9.481299999606563,71.10525000007328,84.18849157862591,one shared preloaded model
conv-47-qa-36,lalm,3.6019415789460734,6.574900000487105,165.1742250001007,175.3510665795339,one shared preloaded model
conv-47-qa-37,lalm,3.6019415789460734,9.676499999841326,165.1742250001007,178.4526665788881,one shared preloaded model
conv-47-qa-38,lalm,3.6019415789460734,9.801800000786898,165.1742250001007,178.57796657983369,one shared preloaded model
conv-47-qa-39,lalm,3.6019415789460734,9.570000000167056,165.1742250001007,178.34616657921384,one shared preloaded model
conv-47-qa-40,lalm,3.6019415789460734,8.735499999602325,150.23872499978097,162.57616657832938,one shared preloaded model
conv-47-qa-41,lalm,3.6019415789460734,9.255799999664305,150.23872499978097,163.09646657839136,one shared preloaded model
conv-47-qa-42,lalm,3.6019415789460734,9.27629999932833,150.23872499978097,163.11696657805538,one shared preloaded model
conv-47-qa-43,lalm,3.6019415789460734,9.74560000031488,150.23872499978097,163.58626657904193,one shared preloaded model
conv-47-qa-44,lalm,3.6019415789460734,6.680799999230658,151.01159999994707,161.2943415781238,one shared preloaded model
conv-47-qa-45,lalm,3.6019415789460734,9.992799999963609,151.01159999994707,164.60634157885676,one shared preloaded model
conv-47-qa-46,lalm,3.6019415789460734,9.95379999949364,151.01159999994707,164.5673415783868,one shared preloaded model
conv-47-qa-47,lalm,3.6019415789460734,9.172699999908218,151.01159999994707,163.78624157880137,one shared preloaded model
conv-47-qa-48,lalm,3.6019415789460734,6.728000000293832,102.56797499960157,112.89791657884147,one shared preloaded model
conv-47-qa-49,lalm,3.6019415789460734,9.509999999863794,102.56797499960157,115.67991657841144,one shared preloaded model
conv-47-qa-50,lalm,3.6019415789460734,10.070299998915289,102.56797499960157,116.24021657746293,one shared preloaded model
conv-47-qa-51,lalm,3.6019415789460734,10.143600000446895,102.56797499960157,116.31351657899454,one shared preloaded model
conv-47-qa-52,lalm,3.6019415789460734,6.131999998615356,152.33717499995691,162.07111657751835,one shared preloaded model
conv-47-qa-53,lalm,3.6019415789460734,10.258000000249012,152.33717499995691,166.197116579152,one shared preloaded model
conv-47-qa-54,lalm,3.6019415789460734,9.769300000698422,152.33717499995691,165.70841657960142,one shared preloaded model
conv-47-qa-55,lalm,3.6019415789460734,9.439399998882436,152.33717499995691,165.37851657778543,one shared preloaded model
conv-47-qa-56,lalm,3.6019415789460734,6.3872999999148306,156.48032499984765,166.46956657870857,one shared preloaded model
conv-47-qa-57,lalm,3.6019415789460734,5.222900001172093,156.48032499984765,165.30516657996583,one shared preloaded model
conv-47-qa-58,lalm,3.6019415789460734,5.252400000244961,156.48032499984765,165.3346665790387,one shared preloaded model
conv-47-qa-59,lalm,3.6019415789460734,6.177100000058999,156.48032499984765,166.25936657885273,one shared preloaded model
conv-47-qa-60,lalm,3.6019415789460734,6.6544000001158565,151.96592500024053,162.22226657930247,one shared preloaded model
conv-47-qa-61,lalm,3.6019415789460734,9.396699999342673,151.96592500024053,164.9645665785293,one shared preloaded model
conv-47-qa-62,lalm,3.6019415789460734,10.225099998933729,151.96592500024053,165.79296657812034,one shared preloaded model
conv-47-qa-63,lalm,3.6019415789460734,10.230199999568867,151.96592500024053,165.79806657875548,one shared preloaded model
conv-47-qa-64,lalm,3.6019415789460734,6.300099999862141,149.42474999998012,159.32679157878835,one shared preloaded model
conv-47-qa-65,lalm,3.6019415789460734,6.255899999814574,149.42474999998012,159.28259157874078,one shared preloaded model
conv-47-qa-66,lalm,3.6019415789460734,6.1879000004410045,149.42474999998012,159.2145915793672,one shared preloaded model
conv-47-qa-67,lalm,3.6019415789460734,6.589200000234996,149.42474999998012,159.6158915791612,one shared preloaded model
conv-47-qa-68,lalm,3.6019415789460734,7.522699999753968,238.15654999998515,249.2811915786852,one shared preloaded model
conv-47-qa-69,lalm,3.6019415789460734,9.659199999077828,238.15654999998515,251.41769157800906,one shared preloaded model
conv-47-qa-70,lalm,3.6019415789460734,9.719400000903988,238.15654999998515,251.47789157983522,one shared preloaded model
conv-47-qa-71,lalm,3.6019415789460734,9.569799998644157,238.15654999998515,251.32829157757538,one shared preloaded model
conv-47-qa-72,lalm,3.6019415789460734,6.5365999998903135,121.44619999980932,131.58474157864572,one shared preloaded model
conv-47-qa-73,lalm,3.6019415789460734,10.242300000754767,121.44619999980932,135.29044157951017,one shared preloaded model
conv-47-qa-74,lalm,3.6019415789460734,10.714800000641844,121.44619999980932,135.76294157939725,one shared preloaded model
conv-47-qa-75,lalm,3.6019415789460734,6.069200000638375,121.44619999980932,131.11734157939378,one shared preloaded model
conv-47-qa-76,lalm,3.6019415789460734,6.484900000941707,154.74592500004292,164.8327665799307,one shared preloaded model
conv-47-qa-77,lalm,3.6019415789460734,10.45940000039991,154.74592500004292,168.8072665793889,one shared preloaded model
conv-47-qa-78,lalm,3.6019415789460734,10.584800000287942,154.74592500004292,168.93266657927694,one shared preloaded model
conv-47-qa-79,lalm,3.6019415789460734,9.381699999721604,154.74592500004292,167.7295665787106,one shared preloaded model
conv-47-qa-80,lalm,3.6019415789460734,6.833699999333476,241.98604999992313,252.42169157820268,one shared preloaded model
conv-47-qa-81,lalm,3.6019415789460734,9.659599998485646,241.98604999992313,255.24759157735485,one shared preloaded model
conv-47-qa-82,lalm,3.6019415789460734,7.416799999191426,241.98604999992313,253.00479157806063,one shared preloaded model
conv-47-qa-83,lalm,3.6019415789460734,5.079200000182027,241.98604999992313,250.66719157905123,one shared preloaded model
conv-47-qa-84,lalm,3.6019415789460734,7.643999999345397,92.32777499983058,103.57371657812205,one shared preloaded model
conv-47-qa-85,lalm,3.6019415789460734,5.883599998924183,92.32777499983058,101.81331657770083,one shared preloaded model
conv-47-qa-86,lalm,3.6019415789460734,6.871699999464909,92.32777499983058,102.80141657824156,one shared preloaded model
conv-47-qa-87,lalm,3.6019415789460734,6.288599999606959,92.32777499983058,102.21831657838361,one shared preloaded model
conv-47-qa-88,lalm,3.6019415789460734,7.381999999779509,219.27699999969263,230.26094157841823,one shared preloaded model
conv-47-qa-89,lalm,3.6019415789460734,5.437499999970896,219.27699999969263,228.3164415786096,one shared preloaded model
conv-47-qa-90,lalm,3.6019415789460734,6.073200000173529,219.27699999969263,228.95214157881225,one shared preloaded model
conv-47-qa-91,lalm,3.6019415789460734,6.272999999055173,219.27699999969263,229.1519415776939,one shared preloaded model
conv-47-qa-92,lalm,3.6019415789460734,6.663699999990058,164.05502499992508,174.32066657886122,one shared preloaded model
conv-47-qa-93,lalm,3.6019415789460734,8.134899999276968,164.05502499992508,175.79186657814813,one shared preloaded model
conv-47-qa-94,lalm,3.6019415789460734,6.417399999918416,164.05502499992508,174.07436657878958,one shared preloaded model
conv-47-qa-95,lalm,3.6019415789460734,6.013900001562433,164.05502499992508,173.6708665804336,one shared preloaded model
conv-47-qa-96,lalm,3.6019415789460734,6.529999998747371,414.2842749997726,424.41621657746606,one shared preloaded model
conv-47-qa-97,lalm,3.6019415789460734,8.991000000605709,414.2842749997726,426.8772165793244,one shared preloaded model
conv-47-qa-98,lalm,3.6019415789460734,6.034699999872828,414.2842749997726,423.9209165785915,one shared preloaded model
conv-47-qa-99,lalm,3.6019415789460734,5.1898000001529,414.2842749997726,423.0760165788716,one shared preloaded model
conv-47-qa-100,lalm,3.6019415789460734,6.145999999716878,93.57547500030705,103.32341657897,one shared preloaded model
conv-47-qa-101,lalm,3.6019415789460734,5.758899998909328,93.57547500030705,102.93631657816245,one shared preloaded model
conv-47-qa-102,lalm,3.6019415789460734,6.1814999990019714,93.57547500030705,103.35891657825509,one shared preloaded model
conv-47-qa-103,lalm,3.6019415789460734,5.512300000191317,93.57547500030705,102.68971657944444,one shared preloaded model
conv-47-qa-104,lalm,3.6019415789460734,8.661199999551172,193.51417500001844,205.7773165785157,one shared preloaded model
conv-47-qa-105,lalm,3.6019415789460734,10.154899999179179,193.51417500001844,207.2710165781437,one shared preloaded model
conv-47-qa-106,lalm,3.6019415789460734,9.19870000143419,193.51417500001844,206.3148165803987,one shared preloaded model
conv-47-qa-107,lalm,3.6019415789460734,9.654200001023128,193.51417500001844,206.77031657998765,one shared preloaded model
conv-47-qa-108,lalm,3.6019415789460734,8.645199999591568,291.1133749998953,303.36051657843296,one shared preloaded model
conv-47-qa-109,lalm,3.6019415789460734,10.53920000049402,291.1133749998953,305.2545165793354,one shared preloaded model
conv-47-qa-110,lalm,3.6019415789460734,9.387900001456728,291.1133749998953,304.1032165802981,one shared preloaded model
conv-47-qa-111,lalm,3.6019415789460734,9.911099999953876,291.1133749998953,304.6264165787953,one shared preloaded model
conv-47-qa-112,lalm,3.6019415789460734,6.506500001705717,129.0715000000091,139.1799415806609,one shared preloaded model
conv-47-qa-113,lalm,3.6019415789460734,9.98269999945478,129.0715000000091,142.65614157840997,one shared preloaded model
conv-47-qa-114,lalm,3.6019415789460734,9.470700000747456,129.0715000000091,142.14414157970265,one shared preloaded model
conv-47-qa-115,lalm,3.6019415789460734,9.53279999885126,129.0715000000091,142.20624157780645,one shared preloaded model
conv-47-qa-116,lalm,3.6019415789460734,6.4914000013232,119.264750000184,129.35809158045328,one shared preloaded model
conv-47-qa-117,lalm,3.6019415789460734,9.857500001089647,119.264750000184,132.72419158021972,one shared preloaded model
conv-47-qa-118,lalm,3.6019415789460734,9.164700000837911,119.264750000184,132.031391579968,one shared preloaded model
conv-47-qa-119,lalm,3.6019415789460734,9.621900000638561,119.264750000184,132.48859157976864,one shared preloaded model
conv-47-qa-120,lalm,3.6019415789460734,6.591499999558437,104.93277500017939,115.1262165786839,one shared preloaded model
conv-47-qa-121,lalm,3.6019415789460734,9.884900000542984,104.93277500017939,118.41961657966844,one shared preloaded model
conv-47-qa-122,lalm,3.6019415789460734,10.1740999998583,104.93277500017939,118.70881657898376,one shared preloaded model
conv-47-qa-123,lalm,3.6019415789460734,10.755299999800627,104.93277500017939,119.29001657892609,one shared preloaded model
conv-47-qa-124,lalm,3.6019415789460734,6.378000000040629,166.26127500012444,176.24121657911115,one shared preloaded model
conv-47-qa-125,lalm,3.6019415789460734,9.524299999611685,166.26127500012444,179.3875165786822,one shared preloaded model
conv-47-qa-126,lalm,3.6019415789460734,10.104299999511568,166.26127500012444,179.9675165785821,one shared preloaded model
conv-47-qa-127,lalm,3.6019415789460734,9.739500001160195,166.26127500012444,179.60271658023072,one shared preloaded model
conv-47-qa-128,lalm,3.6019415789460734,6.696600001305342,156.45749999976033,166.75604158001175,one shared preloaded model
conv-47-qa-129,lalm,3.6019415789460734,9.992999999667518,156.45749999976033,170.05244157837393,one shared preloaded model
conv-47-qa-130,lalm,3.6019415789460734,9.823899999901187,156.45749999976033,169.8833415786076,one shared preloaded model
conv-47-qa-131,lalm,3.6019415789460734,9.969599999749335,156.45749999976033,170.02904157845575,one shared preloaded model
conv-47-qa-132,lalm,3.6019415789460734,6.174199999804841,144.1979750002247,153.9741165789756,one shared preloaded model
conv-47-qa-133,lalm,3.6019415789460734,10.156500000448432,144.1979750002247,157.9564165796192,one shared preloaded model
conv-47-qa-134,lalm,3.6019415789460734,9.620299999369308,144.1979750002247,157.42021657854008,one shared preloaded model
conv-47-qa-135,lalm,3.6019415789460734,10.153400000490365,144.1979750002247,157.95331657966113,one shared preloaded model
conv-47-qa-136,lalm,3.6019415789460734,9.251700001186691,163.29222500007745,176.14586658021022,one shared preloaded model
conv-47-qa-137,lalm,3.6019415789460734,9.10920000023907,163.29222500007745,176.0033665792626,one shared preloaded model
conv-47-qa-138,lalm,3.6019415789460734,8.473500000036438,163.29222500007745,175.36766657905997,one shared preloaded model
conv-47-qa-139,lalm,3.6019415789460734,6.358200000249781,163.29222500007745,173.2523665792733,one shared preloaded model
conv-47-qa-140,lalm,3.6019415789460734,6.499600000097416,112.07645000013144,122.17799157917493,one shared preloaded model
conv-47-qa-141,lalm,3.6019415789460734,5.585400000200025,112.07645000013144,121.26379157927754,one shared preloaded model
conv-47-qa-142,lalm,3.6019415789460734,5.585900000369293,112.07645000013144,121.2642915794468,one shared preloaded model
conv-47-qa-143,lalm,3.6019415789460734,5.880100001377286,112.07645000013144,121.5584915804548,one shared preloaded model
conv-47-qa-144,lalm,3.6019415789460734,6.407999999282765,188.59567500021512,198.60561657844397,one shared preloaded model
conv-47-qa-145,lalm,3.6019415789460734,9.642099999837228,188.59567500021512,201.83971657899843,one shared preloaded model
conv-47-qa-146,lalm,3.6019415789460734,10.457799999130657,188.59567500021512,202.65541657829186,one shared preloaded model
conv-47-qa-147,lalm,3.6019415789460734,10.884100000112085,188.59567500021512,203.0817165792733,one shared preloaded model
conv-47-qa-148,lalm,3.6019415789460734,9.311100000559236,141.05824999978722,153.97129157929254,one shared preloaded model
conv-47-qa-149,lalm,3.6019415789460734,10.320000001229346,141.05824999978722,154.98019157996265,one shared preloaded model
conv-47-qa-150,lalm,3.6019415789460734,9.983299998566508,141.05824999978722,154.6434915772998,one shared preloaded model
conv-47-qa-151,lalm,3.6019415789460734,9.367299999212264,141.05824999978722,154.02749157794557,one shared preloaded model
conv-47-qa-152,lalm,3.6019415789460734,6.182999999509775,141.95412499975646,151.73906657821232,one shared preloaded model
conv-47-qa-153,lalm,3.6019415789460734,9.938899998815032,141.95412499975646,155.49496657751757,one shared preloaded model
conv-47-qa-154,lalm,3.6019415789460734,9.676499999841326,141.95412499975646,155.23256657854387,one shared preloaded model
conv-47-qa-155,lalm,3.6019415789460734,9.901600000375765,141.95412499975646,155.4576665790783,one shared preloaded model
conv-47-qa-156,lalm,3.6019415789460734,6.288500000664499,153.28707500020755,163.17751657981813,one shared preloaded model
conv-47-qa-157,lalm,3.6019415789460734,5.2782000002480345,153.28707500020755,162.16721657940167,one shared preloaded model
conv-47-qa-158,lalm,3.6019415789460734,6.073599999581347,153.28707500020755,162.96261657873498,one shared preloaded model
conv-47-qa-159,lalm,3.6019415789460734,9.372200000143494,153.28707500020755,166.26121657929713,one shared preloaded model
conv-47-qa-160,lalm,3.6019415789460734,6.950499999220483,88.43975000036153,98.99219157852808,one shared preloaded model
conv-47-qa-161,lalm,3.6019415789460734,6.452099998568883,88.43975000036153,98.49379157787648,one shared preloaded model
conv-47-qa-162,lalm,3.6019415789460734,6.67050000083691,88.43975000036153,98.7121915801445,one shared preloaded model
conv-47-qa-163,lalm,3.6019415789460734,6.827000001067063,88.43975000036153,98.86869158037466,one shared preloaded model
conv-47-qa-164,lalm,3.6019415789460734,6.435999999666819,149.10185000007914,159.13979157869204,one shared preloaded model
conv-47-qa-165,lalm,3.6019415789460734,9.634899999582558,149.10185000007914,162.33869157860778,one shared preloaded model
conv-47-qa-166,lalm,3.6019415789460734,9.732500000609434,149.10185000007914,162.43629157963466,one shared preloaded model
conv-47-qa-167,lalm,3.6019415789460734,9.961900001144386,149.10185000007914,162.6656915801696,one shared preloaded model
conv-47-qa-168,lalm,3.6019415789460734,6.219799999598763,149.21407499969064,159.03581657823548,one shared preloaded model
conv-47-qa-169,lalm,3.6019415789460734,9.821499999816297,149.21407499969064,162.63751657845302,one shared preloaded model
conv-47-qa-170,lalm,3.6019415789460734,9.376899999551824,149.21407499969064,162.19291657818854,one shared preloaded model
conv-47-qa-171,lalm,3.6019415789460734,9.282799999709823,149.21407499969064,162.09881657834654,one shared preloaded model
conv-47-qa-172,lalm,3.6019415789460734,6.20359999993525,218.74547500010522,228.55101657898655,one shared preloaded model
conv-47-qa-173,lalm,3.6019415789460734,9.213199999067001,218.74547500010522,231.5606165781183,one shared preloaded model
conv-47-qa-174,lalm,3.6019415789460734,9.8667000002024,218.74547500010522,232.2141165792537,one shared preloaded model
conv-47-qa-175,lalm,3.6019415789460734,10.086199999932433,218.74547500010522,232.43361657898373,one shared preloaded model
conv-47-qa-176,lalm,3.6019415789460734,6.844599998657941,111.27267500023663,121.71921657784064,one shared preloaded model
conv-47-qa-177,lalm,3.6019415789460734,5.420200001026387,111.27267500023663,120.29481658020909,one shared preloaded model
conv-47-qa-178,lalm,3.6019415789460734,6.213999999090447,111.27267500023663,121.08861657827315,one shared preloaded model
conv-47-qa-179,lalm,3.6019415789460734,10.409599999547936,111.27267500023663,125.28421657873064,one shared preloaded model
conv-47-qa-180,lalm,3.6019415789460734,6.403199999112985,230.47085000007428,240.47599157813335,one shared preloaded model
conv-47-qa-181,lalm,3.6019415789460734,5.79459999971732,230.47085000007428,239.86739157873768,one shared preloaded model
conv-47-qa-182,lalm,3.6019415789460734,7.235499999296735,230.47085000007428,241.3082915783171,one shared preloaded model
conv-47-qa-183,lalm,3.6019415789460734,10.244500001135748,230.47085000007428,244.3172915801561,one shared preloaded model
conv-47-qa-184,lalm,3.6019415789460734,5.749500000092667,181.30857500000275,190.6600165790415,one shared preloaded model
conv-47-qa-185,lalm,3.6019415789460734,5.707299998903181,181.30857500000275,190.617816577852,one shared preloaded model
conv-47-qa-186,lalm,3.6019415789460734,6.227399999261252,181.30857500000275,191.13791657821008,one shared preloaded model
conv-47-qa-187,lalm,3.6019415789460734,6.361499999911757,181.30857500000275,191.2720165788606,one shared preloaded model
conv-47-qa-188,lalm,3.6019415789460734,6.751000000804197,156.45489999951678,166.80784157926706,one shared preloaded model
conv-47-qa-189,lalm,3.6019415789460734,5.542500000956352,156.45489999951678,165.59934157941922,one shared preloaded model
conv-48-qa-0,lalm,2.702883682009449,10.07479999861971,163.4706750000987,176.24835868072788,one shared preloaded model
conv-48-qa-1,lalm,2.702883682009449,9.825900000578258,163.4706750000987,175.99945868268642,one shared preloaded model
conv-48-qa-2,lalm,2.702883682009449,9.463099999265978,163.4706750000987,175.63665868137414,one shared preloaded model
conv-48-qa-3,lalm,2.702883682009449,9.43090000146185,163.4706750000987,175.60445868357002,one shared preloaded model
conv-48-qa-4,lalm,2.702883682009449,7.753100000627455,91.43712500008405,101.89310868272096,one shared preloaded model
conv-48-qa-5,lalm,2.702883682009449,5.403099999966798,91.43712500008405,99.5431086820603,one shared preloaded model
conv-48-qa-6,lalm,2.702883682009449,6.244100000913022,91.43712500008405,100.38410868300653,one shared preloaded model
conv-48-qa-7,lalm,2.702883682009449,5.553900000450085,91.43712500008405,99.6939086825436,one shared preloaded model
conv-48-qa-8,lalm,2.702883682009449,5.931300000156625,86.44267499994385,95.07685868210993,one shared preloaded model
conv-48-qa-9,lalm,2.702883682009449,9.58619999983057,86.44267499994385,98.73175868178387,one shared preloaded model
conv-48-qa-10,lalm,2.702883682009449,9.214699999574805,86.44267499994385,98.36025868152811,one shared preloaded model
conv-48-qa-11,lalm,2.702883682009449,10.146399999939604,86.44267499994385,99.29195868189291,one shared preloaded model
conv-48-qa-12,lalm,2.702883682009449,6.500100000266684,105.76715000024706,114.9701336825232,one shared preloaded model
conv-48-qa-13,lalm,2.702883682009449,9.745199999088072,105.76715000024706,118.21523368134459,one shared preloaded model
conv-48-qa-14,lalm,2.702883682009449,9.331199998996453,105.76715000024706,117.80123368125297,one shared preloaded model
conv-48-qa-15,lalm,2.702883682009449,9.578000001056353,105.76715000024706,118.04803368331287,one shared preloaded model
conv-48-qa-16,lalm,2.702883682009449,6.149000000732485,155.59910000001764,164.45098368275958,one shared preloaded model
conv-48-qa-17,lalm,2.702883682009449,9.485900000072434,155.59910000001764,167.78788368209953,one shared preloaded model
conv-48-qa-18,lalm,2.702883682009449,9.274500000174157,155.59910000001764,167.57648368220126,one shared preloaded model
conv-48-qa-19,lalm,2.702883682009449,9.946700000000419,155.59910000001764,168.24868368202752,one shared preloaded model
conv-48-qa-20,lalm,2.702883682009449,6.369500000801054,149.7613999999885,158.833783682799,one shared preloaded model
conv-48-qa-21,lalm,2.702883682009449,10.296799999196082,149.7613999999885,162.76108368119404,one shared preloaded model
conv-48-qa-22,lalm,2.702883682009449,9.11880000057863,149.7613999999885,161.58308368257659,one shared preloaded model
conv-48-qa-23,lalm,2.702883682009449,9.495999998762272,149.7613999999885,161.96028368076023,one shared preloaded model
conv-48-qa-24,lalm,2.702883682009449,6.712300000799587,83.77377499982686,93.1889586826359,one shared preloaded model
conv-48-qa-25,lalm,2.702883682009449,9.710100001029787,83.77377499982686,96.1867586828661,one shared preloaded model
conv-48-qa-26,lalm,2.702883682009449,9.729999999763095,83.77377499982686,96.20665868159941,one shared preloaded model
conv-48-qa-27,lalm,2.702883682009449,9.36090000141121,83.77377499982686,95.83755868324752,one shared preloaded model
conv-48-qa-28,lalm,2.702883682009449,6.538600000567385,129.591999999775,138.83348368235184,one shared preloaded model
conv-48-qa-29,lalm,2.702883682009449,5.602299999736715,129.591999999775,137.89718368152117,one shared preloaded model
conv-48-qa-30,lalm,2.702883682009449,5.409299999882933,129.591999999775,137.7041836816674,one shared preloaded model
conv-48-qa-31,lalm,2.702883682009449,8.597300000474206,129.591999999775,140.89218368225866,one shared preloaded model
conv-48-qa-32,lalm,2.702883682009449,9.201000000757631,85.92295000016748,97.82683368293456,one shared preloaded model
conv-48-qa-33,lalm,2.702883682009449,10.080799998831935,85.92295000016748,98.70663368100887,one shared preloaded model
conv-48-qa-34,lalm,2.702883682009449,9.7289000004821,85.92295000016748,98.35473368265903,one shared preloaded model
conv-48-qa-35,lalm,2.702883682009449,9.820299999773852,85.92295000016748,98.44613368195078,one shared preloaded model
conv-48-qa-36,lalm,2.702883682009449,5.815299999085255,271.1555750001935,279.6737586812882,one shared preloaded model
conv-48-qa-37,lalm,2.702883682009449,6.127800001195283,271.1555750001935,279.9862586833982,one shared preloaded model
conv-48-qa-38,lalm,2.702883682009449,5.566700001509162,271.1555750001935,279.4251586837121,one shared preloaded model
conv-48-qa-39,lalm,2.702883682009449,5.525100001250394,271.1555750001935,279.3835586834533,one shared preloaded model
conv-48-qa-40,lalm,2.702883682009449,6.270300000323914,110.57535000009011,119.54853368242348,one shared preloaded model
conv-48-qa-41,lalm,2.702883682009449,10.144100000616163,110.57535000009011,123.42233368271573,one shared preloaded model
conv-48-qa-42,lalm,2.702883682009449,9.58859999991546,110.57535000009011,122.86683368201503,one shared preloaded model
conv-48-qa-43,lalm,2.702883682009449,9.373499999128398,110.57535000009011,122.65173368122797,one shared preloaded model
conv-48-qa-44,lalm,2.702883682009449,6.024099999194732,156.2224999997852,164.9494836809894,one shared preloaded model
conv-48-qa-45,lalm,2.702883682009449,5.3621999995812075,156.2224999997852,164.28758368137588,one shared preloaded model
conv-48-qa-46,lalm,2.702883682009449,11.590699999942444,156.2224999997852,170.51608368173711,one shared preloaded model
conv-48-qa-47,lalm,2.702883682009449,10.502099999939674,156.2224999997852,169.42748368173434,one shared preloaded model
conv-48-qa-48,lalm,2.702883682009449,6.186000000525382,105.75622499982273,114.64510868235757,one shared preloaded model
conv-48-qa-49,lalm,2.702883682009449,5.373199999667122,105.75622499982273,113.83230868149931,one shared preloaded model
conv-48-qa-50,lalm,2.702883682009449,5.200099998546648,105.75622499982273,113.65920868037882,one shared preloaded model
conv-48-qa-51,lalm,2.702883682009449,6.710100000418606,105.75622499982273,115.1692086822508,one shared preloaded model
conv-48-qa-52,lalm,2.702883682009449,6.966700000702986,152.5419750000765,162.21155868278893,one shared preloaded model
conv-48-qa-53,lalm,2.702883682009449,10.02630000039062,152.5419750000765,165.27115868247657,one shared preloaded model
conv-48-qa-54,lalm,2.702883682009449,9.487499999522697,152.5419750000765,164.73235868160864,one shared preloaded model
conv-48-qa-55,lalm,2.702883682009449,9.840299999268609,152.5419750000765,165.08515868135456,one shared preloaded model
conv-48-qa-56,lalm,2.702883682009449,6.259599998884369,105.27452500036816,114.23700868126198,one shared preloaded model
conv-48-qa-57,lalm,2.702883682009449,9.824299999309005,105.27452500036816,117.80170868168662,one shared preloaded model
conv-48-qa-58,lalm,2.702883682009449,9.165900000880356,105.27452500036816,117.14330868325797,one shared preloaded model
conv-48-qa-59,lalm,2.702883682009449,9.148300001470488,105.27452500036816,117.1257086838481,one shared preloaded model
conv-48-qa-60,lalm,2.702883682009449,9.163099999568658,145.33410000012736,157.20008368170548,one shared preloaded model
conv-48-qa-61,lalm,2.702883682009449,9.642999999414315,145.33410000012736,157.67998368155114,one shared preloaded model
conv-48-qa-62,lalm,2.702883682009449,9.533799999189796,145.33410000012736,157.57078368132662,one shared preloaded model
conv-48-qa-63,lalm,2.702883682009449,9.272500001316075,145.33410000012736,157.3094836834529,one shared preloaded model
conv-48-qa-64,lalm,2.702883682009449,7.0108999989315635,171.1149249999835,180.8287086809245,one shared preloaded model
conv-48-qa-65,lalm,2.702883682009449,10.455300000103307,171.1149249999835,184.27310868209625,one shared preloaded model
conv-48-qa-66,lalm,2.702883682009449,9.288600000218139,171.1149249999835,183.10640868221108,one shared preloaded model
conv-48-qa-67,lalm,2.702883682009449,9.610700000848738,171.1149249999835,183.42850868284168,one shared preloaded model
conv-48-qa-68,lalm,2.702883682009449,8.707999999387539,143.38844999974754,154.79933368114453,one shared preloaded model
conv-48-qa-69,lalm,2.702883682009449,6.492100001196377,143.38844999974754,152.58343368295337,one shared preloaded model
conv-48-qa-70,lalm,2.702883682009449,10.202399998888723,143.38844999974754,156.29373368064572,one shared preloaded model
conv-48-qa-71,lalm,2.702883682009449,9.12409999909869,143.38844999974754,155.21543368085568,one shared preloaded model
conv-48-qa-72,lalm,2.702883682009449,6.845800000519375,148.00642499994865,157.55510868247748,one shared preloaded model
conv-48-qa-73,lalm,2.702883682009449,10.052300000097603,148.00642499994865,160.7616086820557,one shared preloaded model
conv-48-qa-74,lalm,2.702883682009449,9.991299999455805,148.00642499994865,160.7006086814139,one shared preloaded model
conv-48-qa-75,lalm,2.702883682009449,9.064800000487594,148.00642499994865,159.7741086824457,one shared preloaded model
conv-48-qa-76,lalm,2.702883682009449,5.939000000580563,99.11430000011023,107.75618368270025,one shared preloaded model
conv-48-qa-77,lalm,2.702883682009449,5.255699999906938,99.11430000011023,107.07288368202661,one shared preloaded model
conv-48-qa-78,lalm,2.702883682009449,5.949099999270402,99.11430000011023,107.76628368139009,one shared preloaded model
conv-48-qa-79,lalm,2.702883682009449,6.697799999528797,99.11430000011023,108.51498368164849,one shared preloaded model
conv-48-qa-80,lalm,2.702883682009449,5.878599999050493,169.4231250003213,178.00460868138126,one shared preloaded model
conv-48-qa-81,lalm,2.702883682009449,5.85030000002007,169.4231250003213,177.97630868235083,one shared preloaded model
conv-48-qa-82,lalm,2.702883682009449,7.74959999944258,169.4231250003213,179.87560868177334,one shared preloaded model
conv-48-qa-83,lalm,2.702883682009449,10.365100000854,169.4231250003213,182.49110868318476,one shared preloaded model
conv-48-qa-84,lalm,2.702883682009449,6.757700000889599,85.56724999971266,95.02783368261171,one shared preloaded model
conv-48-qa-85,lalm,2.702883682009449,7.902400000602938,85.56724999971266,96.17253368232505,one shared preloaded model
conv-48-qa-86,lalm,2.702883682009449,5.844799999977113,85.56724999971266,94.11493368169923,one shared preloaded model
conv-48-qa-87,lalm,2.702883682009449,5.616899999949965,85.56724999971266,93.88703368167208,one shared preloaded model
conv-48-qa-88,lalm,2.702883682009449,6.048099998224643,105.53517499965892,114.28615867989302,one shared preloaded model
conv-48-qa-89,lalm,2.702883682009449,7.285799998498987,105.53517499965892,115.52385868016736,one shared preloaded model
conv-48-qa-90,lalm,2.702883682009449,9.345700000267243,105.53517499965892,117.58375868193562,one shared preloaded model
conv-48-qa-91,lalm,2.702883682009449,9.453799999391777,105.53517499965892,117.69185868106015,one shared preloaded model
conv-48-qa-92,lalm,2.702883682009449,6.390799999280716,129.43862500014802,138.5323086814382,one shared preloaded model
conv-48-qa-93,lalm,2.702883682009449,9.461899999223533,129.43862500014802,141.603408681381,one shared preloaded model
conv-48-qa-94,lalm,2.702883682009449,10.413799998786999,129.43862500014802,142.55530868094448,one shared preloaded model
conv-48-qa-95,lalm,2.702883682009449,9.281999999075197,129.43862500014802,141.42350868123268,one shared preloaded model
conv-48-qa-96,lalm,2.702883682009449,7.024200000159908,150.04864999991696,159.77573368208633,one shared preloaded model
conv-48-qa-97,lalm,2.702883682009449,10.126199998921948,150.04864999991696,162.87773368084837,one shared preloaded model
conv-48-qa-98,lalm,2.702883682009449,10.042600000815582,150.04864999991696,162.794133682742,one shared preloaded model
conv-48-qa-99,lalm,2.702883682009449,10.31900000089081,150.04864999991696,163.07053368281723,one shared preloaded model
conv-48-qa-100,lalm,2.702883682009449,6.379399999786983,147.28447499965114,156.36675868144758,one shared preloaded model
conv-48-qa-101,lalm,2.702883682009449,7.6510999988386175,147.28447499965114,157.6384586804992,one shared preloaded model
conv-48-qa-102,lalm,2.702883682009449,6.256699998630211,147.28447499965114,156.2440586802908,one shared preloaded model
conv-48-qa-103,lalm,2.702883682009449,6.570499999725143,147.28447499965114,156.55785868138574,one shared preloaded model
conv-48-qa-104,lalm,2.702883682009449,6.589500000700355,190.62745000019277,199.91983368290258,one shared preloaded model
conv-48-qa-105,lalm,2.702883682009449,9.904700000333833,190.62745000019277,203.23503368253606,one shared preloaded model
conv-48-qa-106,lalm,2.702883682009449,9.97050000114541,190.62745000019277,203.30083368334763,one shared preloaded model
conv-48-qa-107,lalm,2.702883682009449,9.76760000048671,190.62745000019277,203.09793368268893,one shared preloaded model
conv-48-qa-108,lalm,2.702883682009449,9.729100000186008,276.14025000002584,288.5722336822213,one shared preloaded model
conv-48-qa-109,lalm,2.702883682009449,10.451599999214523,276.14025000002584,289.2947336812498,one shared preloaded model
conv-48-qa-110,lalm,2.702883682009449,7.995399999344954,276.14025000002584,286.8385336813802,one shared preloaded model
conv-48-qa-111,lalm,2.702883682009449,6.446500001402455,276.14025000002584,285.2896336834377,one shared preloaded model
conv-48-qa-112,lalm,2.702883682009449,10.470500001247274,350.1262999998289,363.2996836830856,one shared preloaded model
conv-48-qa-113,lalm,2.702883682009449,10.263299998769071,350.1262999998289,363.0924836806074,one shared preloaded model
conv-48-qa-114,lalm,2.702883682009449,9.783200001038495,350.1262999998289,362.61238368287684,one shared preloaded model
conv-48-qa-115,lalm,2.702883682009449,10.559899999861955,350.1262999998289,363.3890836817003,one shared preloaded model
conv-48-qa-116,lalm,2.702883682009449,6.170200000269688,160.8459250001033,169.71900868238245,one shared preloaded model
conv-48-qa-117,lalm,2.702883682009449,6.275499999901513,160.8459250001033,169.82430868201428,one shared preloaded model
conv-48-qa-118,lalm,2.702883682009449,5.992700000206241,160.8459250001033,169.541508682319,one shared preloaded model
conv-48-qa-119,lalm,2.702883682009449,5.9517999998206506,160.8459250001033,169.50060868193341,one shared preloaded model
conv-48-qa-120,lalm,2.702883682009449,6.372699999701581,129.54145000003336,138.6170336817444,one shared preloaded model
conv-48-qa-121,lalm,2.702883682009449,10.468500000570202,129.54145000003336,142.71283368261302,one shared preloaded model
conv-48-qa-122,lalm,2.702883682009449,10.142999999516178,129.54145000003336,142.387333681559,one shared preloaded model
conv-48-qa-123,lalm,2.702883682009449,9.872699998595635,129.54145000003336,142.11703368063846,one shared preloaded model
conv-48-qa-124,lalm,2.702883682009449,6.821800001489464,202.88274999984424,212.40743368334316,one shared preloaded model
conv-48-qa-125,lalm,2.702883682009449,9.641300001021591,202.88274999984424,215.22693368287528,one shared preloaded model
conv-48-qa-126,lalm,2.702883682009449,9.689299999081413,202.88274999984424,215.2749336809351,one shared preloaded model
conv-48-qa-127,lalm,2.702883682009449,10.287299999617971,202.88274999984424,215.87293368147166,one shared preloaded model
conv-48-qa-128,lalm,2.702883682009449,6.400500000381726,296.6275499998119,305.73093368220304,one shared preloaded model
conv-48-qa-129,lalm,2.702883682009449,10.134300000572694,296.6275499998119,309.464733682394,one shared preloaded model
conv-48-qa-130,lalm,2.702883682009449,6.165299999338458,296.6275499998119,305.4957336811598,one shared preloaded model
conv-48-qa-131,lalm,2.702883682009449,9.280299998863484,296.6275499998119,308.6107336806848,one shared preloaded model
conv-48-qa-132,lalm,2.702883682009449,8.675299999595154,176.81692499991186,188.19510868151647,one shared preloaded model
conv-48-qa-133,lalm,2.702883682009449,9.789699999600998,176.81692499991186,189.30950868152232,one shared preloaded model
conv-48-qa-134,lalm,2.702883682009449,11.065299999245326,176.81692499991186,190.58510868116664,one shared preloaded model
conv-48-qa-135,lalm,2.702883682009449,10.228600000118604,176.81692499991186,189.74840868203992,one shared preloaded model
conv-48-qa-136,lalm,2.702883682009449,6.220700000994839,287.929824999992,296.85340868299625,one shared preloaded model
conv-48-qa-137,lalm,2.702883682009449,5.2472000006673625,287.929824999992,295.87990868266877,one shared preloaded model
conv-48-qa-138,lalm,2.702883682009449,6.67530000100669,287.929824999992,297.3080086830081,one shared preloaded model
conv-48-qa-139,lalm,2.702883682009449,6.027499999618158,287.929824999992,296.66020868161957,one shared preloaded model
conv-48-qa-140,lalm,2.702883682009449,6.564700001035817,276.2518250001449,285.51940868319014,one shared preloaded model
conv-48-qa-141,lalm,2.702883682009449,10.082400000101188,276.2518250001449,289.0371086822555,one shared preloaded model
conv-48-qa-142,lalm,2.702883682009449,10.029200000644778,276.2518250001449,288.9839086827991,one shared preloaded model
conv-48-qa-143,lalm,2.702883682009449,9.570500000336324,276.2518250001449,288.52520868249064,one shared preloaded model
conv-48-qa-144,lalm,2.702883682009449,7.926899999802117,142.86325000011857,153.49303368193014,one shared preloaded model
conv-48-qa-145,lalm,2.702883682009449,9.813700000449899,142.86325000011857,155.37983368257792,one shared preloaded model
conv-48-qa-146,lalm,2.702883682009449,9.451600000829785,142.86325000011857,155.0177336829578,one shared preloaded model
conv-48-qa-147,lalm,2.702883682009449,10.714400001234026,142.86325000011857,156.28053368336205,one shared preloaded model
conv-48-qa-148,lalm,2.702883682009449,7.077500000377768,81.40012500007288,91.1805086824601,one shared preloaded model
conv-48-qa-149,lalm,2.702883682009449,10.356599999795435,81.40012500007288,94.45960868187777,one shared preloaded model
conv-48-qa-150,lalm,2.702883682009449,10.070300000734278,81.40012500007288,94.17330868281661,one shared preloaded model
conv-48-qa-151,lalm,2.702883682009449,9.910999999192427,81.40012500007288,94.01400868127476,one shared preloaded model
conv-48-qa-152,lalm,2.702883682009449,6.790299999920535,148.6290249999911,158.12220868192108,one shared preloaded model
conv-48-qa-153,lalm,2.702883682009449,10.227800001302967,148.6290249999911,161.5597086833035,one shared preloaded model
conv-48-qa-154,lalm,2.702883682009449,10.503299999982119,148.6290249999911,161.83520868198266,one shared preloaded model
conv-48-qa-155,lalm,2.702883682009449,9.776200000487734,148.6290249999911,161.10810868248828,one shared preloaded model
conv-48-qa-156,lalm,2.702883682009449,6.151100000352017,145.27587500015215,154.12985868251363,one shared preloaded model
conv-48-qa-157,lalm,2.702883682009449,5.689999999958673,145.27587500015215,153.66875868212028,one shared preloaded model
conv-48-qa-158,lalm,2.702883682009449,11.03779999903054,145.27587500015215,159.01655868119215,one shared preloaded model
conv-48-qa-159,lalm,2.702883682009449,9.450800000195159,145.27587500015215,157.42955868235677,one shared preloaded model
conv-48-qa-160,lalm,2.702883682009449,6.395399999746587,128.49280000000363,137.59108368175967,one shared preloaded model
conv-48-qa-161,lalm,2.702883682009449,10.333000000173342,128.49280000000363,141.52868368218643,one shared preloaded model
conv-48-qa-162,lalm,2.702883682009449,10.191900000791065,128.49280000000363,141.38758368280415,one shared preloaded model
conv-48-qa-163,lalm,2.702883682009449,9.589699999196455,128.49280000000363,140.78538368120954,one shared preloaded model
conv-48-qa-164,lalm,2.702883682009449,5.737100000260398,114.78487500016854,123.2248586824384,one shared preloaded model
conv-48-qa-165,lalm,2.702883682009449,5.886899998586159,114.78487500016854,123.37465868076416,one shared preloaded model
conv-48-qa-166,lalm,2.702883682009449,5.761200000051758,114.78487500016854,123.24895868222976,one shared preloaded model
conv-48-qa-167,lalm,2.702883682009449,7.7664999989792705,114.78487500016854,125.25425868115727,one shared preloaded model
conv-48-qa-168,lalm,2.702883682009449,6.426799998735078,221.83365000000776,230.9633336807523,one shared preloaded model
conv-48-qa-169,lalm,2.702883682009449,6.195599999045953,221.83365000000776,230.73213368106317,one shared preloaded model
conv-48-qa-170,lalm,2.702883682009449,6.863700000394601,221.83365000000776,231.40023368241182,one shared preloaded model
conv-48-qa-171,lalm,2.702883682009449,9.72379999984696,221.83365000000776,234.26033368186418,one shared preloaded model
conv-48-qa-172,lalm,2.702883682009449,6.728099999236292,123.51797500014072,132.94895868138647,one shared preloaded model
conv-48-qa-173,lalm,2.702883682009449,10.351900000387104,123.51797500014072,136.57275868253728,one shared preloaded model
conv-48-qa-174,lalm,2.702883682009449,10.267800000292482,123.51797500014072,136.48865868244266,one shared preloaded model
conv-48-qa-175,lalm,2.702883682009449,9.959299999536597,123.51797500014072,136.18015868168678,one shared preloaded model
conv-48-qa-176,lalm,2.702883682009449,6.184600000779028,222.52900000012232,231.4164836829108,one shared preloaded model
conv-48-qa-177,lalm,2.702883682009449,7.310499999221065,222.52900000012232,232.54238368135285,one shared preloaded model
conv-48-qa-178,lalm,2.702883682009449,6.945900000573602,222.52900000012232,232.17778368270538,one shared preloaded model
conv-48-qa-179,lalm,2.702883682009449,6.3665999987279065,222.52900000012232,231.5984836808597,one shared preloaded model
conv-48-qa-180,lalm,2.702883682009449,8.091500001683016,266.3506750000124,277.14505868370486,one shared preloaded model
conv-48-qa-181,lalm,2.702883682009449,6.21329999921727,266.3506750000124,275.2668586812391,one shared preloaded model
conv-48-qa-182,lalm,2.702883682009449,9.866800000963849,266.3506750000124,278.9203586829857,one shared preloaded model
conv-48-qa-183,lalm,2.702883682009449,9.410900000148104,266.3506750000124,278.46445868216995,one shared preloaded model
conv-48-qa-184,lalm,2.702883682009449,6.4305000014428515,77.91377500007002,87.04715868352233,one shared preloaded model
conv-48-qa-185,lalm,2.702883682009449,5.092600000352832,77.91377500007002,85.70925868243229,one shared preloaded model
conv-48-qa-186,lalm,2.702883682009449,5.385000000387663,77.91377500007002,86.00165868246714,one shared preloaded model
conv-48-qa-187,lalm,2.702883682009449,7.008800001131021,77.91377500007002,87.6254586832105,one shared preloaded model
conv-48-qa-188,lalm,2.702883682009449,7.923600000140141,102.50045000020691,113.12693368235651,one shared preloaded model
conv-48-qa-189,lalm,2.702883682009449,5.619699999442673,102.50045000020691,110.82303368165904,one shared preloaded model
conv-48-qa-190,lalm,2.702883682009449,8.966900000814348,102.50045000020691,114.17023368303072,one shared preloaded model
conv-48-qa-191,lalm,2.702883682009449,9.535500001220498,102.50045000020691,114.73883368343687,one shared preloaded model
conv-48-qa-192,lalm,2.702883682009449,6.023300000379095,474.1777999997794,482.9039836821679,one shared preloaded model
conv-48-qa-193,lalm,2.702883682009449,5.549800000153482,474.1777999997794,482.4304836819423,one shared preloaded model
conv-48-qa-194,lalm,2.702883682009449,6.257000000914559,474.1777999997794,483.13768368270337,one shared preloaded model
conv-48-qa-195,lalm,2.702883682009449,9.681100000307197,474.1777999997794,486.561783682096,one shared preloaded model
conv-48-qa-196,lalm,2.702883682009449,8.90120000076422,181.0347250002451,192.63880868301877,one shared preloaded model
conv-48-qa-197,lalm,2.702883682009449,10.070799999084556,181.0347250002451,193.8084086813391,one shared preloaded model
conv-48-qa-198,lalm,2.702883682009449,10.027299998910166,181.0347250002451,193.7649086811647,one shared preloaded model
conv-48-qa-199,lalm,2.702883682009449,10.395899998911773,181.0347250002451,194.13350868116632,one shared preloaded model
conv-48-qa-200,lalm,2.702883682009449,9.407900000951486,184.83679999962987,196.94758368259082,one shared preloaded model
conv-48-qa-201,lalm,2.702883682009449,10.001500000726082,184.83679999962987,197.5411836823654,one shared preloaded model
conv-48-qa-202,lalm,2.702883682009449,9.671100000559818,184.83679999962987,197.21078368219915,one shared preloaded model
conv-48-qa-203,lalm,2.702883682009449,9.30049999988114,184.83679999962987,196.84018368152047,one shared preloaded model
conv-48-qa-204,lalm,2.702883682009449,6.9614999993063975,122.61692499987475,132.2813086811906,one shared preloaded model
conv-48-qa-205,lalm,2.702883682009449,10.567399998762994,122.61692499987475,135.8872086806472,one shared preloaded model
conv-48-qa-206,lalm,2.702883682009449,9.662800001024152,122.61692499987475,134.98260868290836,one shared preloaded model
conv-48-qa-207,lalm,2.702883682009449,10.056600000098115,122.61692499987475,135.37640868198233,one shared preloaded model
conv-48-qa-208,lalm,2.702883682009449,7.973499999934575,308.80547500009925,319.48185868204325,one shared preloaded model
conv-48-qa-209,lalm,2.702883682009449,6.487700000434415,308.80547500009925,317.9960586825431,one shared preloaded model
conv-48-qa-210,lalm,2.702883682009449,6.3616999996156665,308.80547500009925,317.87005868172434,one shared preloaded model
conv-48-qa-211,lalm,2.702883682009449,6.303199999820208,308.80547500009925,317.8115586819289,one shared preloaded model
conv-48-qa-212,lalm,2.702883682009449,8.17280000046594,263.74587500004054,274.6215586825159,one shared preloaded model
conv-48-qa-213,lalm,2.702883682009449,6.415600000764243,263.74587500004054,272.8643586828142,one shared preloaded model
conv-48-qa-214,lalm,2.702883682009449,8.516299998518662,263.74587500004054,274.96505868056863,one shared preloaded model
conv-48-qa-215,lalm,2.702883682009449,9.70439999946393,263.74587500004054,276.1531586815139,one shared preloaded model
conv-48-qa-216,lalm,2.702883682009449,6.16730000001553,89.10644999969008,97.97663368171507,one shared preloaded model
conv-48-qa-217,lalm,2.702883682009449,5.461400000058347,89.10644999969008,97.27073368175789,one shared preloaded model
conv-48-qa-218,lalm,2.702883682009449,5.489999999554129,89.10644999969008,97.29933368125367,one shared preloaded model
conv-48-qa-219,lalm,2.702883682009449,7.47140000021318,89.10644999969008,99.28073368191272,one shared preloaded model
conv-48-qa-220,lalm,2.702883682009449,6.575800000064191,219.3018499997379,228.58053368181154,one shared preloaded model
conv-48-qa-221,lalm,2.702883682009449,10.29969999945024,219.3018499997379,232.3044336811976,one shared preloaded model
conv-48-qa-222,lalm,2.702883682009449,9.770899998329696,219.3018499997379,231.77563368007705,one shared preloaded model
conv-48-qa-223,lalm,2.702883682009449,9.091600000829203,219.3018499997379,231.09633368257656,one shared preloaded model
conv-48-qa-224,lalm,2.702883682009449,6.736299999829498,128.79697499965914,138.2361586814981,one shared preloaded model
conv-48-qa-225,lalm,2.702883682009449,10.010300000431016,128.79697499965914,141.51015868209961,one shared preloaded model
conv-48-qa-226,lalm,2.702883682009449,9.647700000641635,128.79697499965914,141.14755868231023,one shared preloaded model
conv-48-qa-227,lalm,2.702883682009449,10.136999999303953,128.79697499965914,141.63685868097255,one shared preloaded model
conv-48-qa-228,lalm,2.702883682009449,6.168199999592616,209.70979999992778,218.58088368152985,one shared preloaded model
conv-48-qa-229,lalm,2.702883682009449,5.620999998427578,209.70979999992778,218.03368368036482,one shared preloaded model
conv-48-qa-230,lalm,2.702883682009449,5.886400000235881,209.70979999992778,218.29908368217312,one shared preloaded model
conv-48-qa-231,lalm,2.702883682009449,7.837100001779618,209.70979999992778,220.24978368371686,one shared preloaded model
conv-48-qa-232,lalm,2.702883682009449,6.59300000006624,183.5994500002016,192.8953336822773,one shared preloaded model
conv-48-qa-233,lalm,2.702883682009449,9.320099999968079,183.5994500002016,195.62243368217915,one shared preloaded model
conv-48-qa-234,lalm,2.702883682009449,9.577000000717817,183.5994500002016,195.8793336829289,one shared preloaded model
conv-48-qa-235,lalm,2.702883682009449,9.71170000048005,183.5994500002016,196.01403368269112,one shared preloaded model
conv-48-qa-236,lalm,2.702883682009449,6.092800000260468,115.9827999999834,124.77848368225332,one shared preloaded model
conv-48-qa-237,lalm,2.702883682009449,6.454800000938121,115.9827999999834,125.14048368293098,one shared preloaded model
conv-48-qa-238,lalm,2.702883682009449,7.555100000899984,115.9827999999834,126.24078368289284,one shared preloaded model
conv-49-qa-0,lalm,2.9616336734706032,8.149499999490217,82.64550000012605,93.75663367308687,one shared preloaded model
conv-49-qa-1,lalm,2.9616336734706032,9.597599999324302,82.64550000012605,95.20473367292095,one shared preloaded model
conv-49-qa-2,lalm,2.9616336734706032,10.561699999016128,82.64550000012605,96.16883367261278,one shared preloaded model
conv-49-qa-3,lalm,2.9616336734706032,5.164100000911276,82.64550000012605,90.77123367450793,one shared preloaded model
conv-49-qa-4,lalm,2.9616336734706032,8.298400000057882,69.2469999999048,80.50703367343328,one shared preloaded model
conv-49-qa-5,lalm,2.9616336734706032,5.405600000813138,69.2469999999048,77.61423367418854,one shared preloaded model
conv-49-qa-6,lalm,2.9616336734706032,9.922700000970508,69.2469999999048,82.13133367434591,one shared preloaded model
conv-49-qa-7,lalm,2.9616336734706032,9.605799999917508,69.2469999999048,81.81443367329291,one shared preloaded model
conv-49-qa-8,lalm,2.9616336734706032,5.875299999388517,74.88640000019586,83.72333367305498,one shared preloaded model
conv-49-qa-9,lalm,2.9616336734706032,7.107299999915995,74.88640000019586,84.95533367358246,one shared preloaded model
conv-49-qa-10,lalm,2.9616336734706032,6.854899998870678,74.88640000019586,84.70293367253714,one shared preloaded model
conv-49-qa-11,lalm,2.9616336734706032,8.018800001082127,74.88640000019586,85.86683367474859,one shared preloaded model
conv-49-qa-12,lalm,2.9616336734706032,7.016999999905238,156.7099250000865,166.68855867346235,one shared preloaded model
conv-49-qa-13,lalm,2.9616336734706032,12.401199999658274,156.7099250000865,172.0727586732154,one shared preloaded model
conv-49-qa-14,lalm,2.9616336734706032,9.465200000704499,156.7099250000865,169.1367586742616,one shared preloaded model
conv-49-qa-15,lalm,2.9616336734706032,10.126899998795125,156.7099250000865,169.79845867235224,one shared preloaded model
conv-49-qa-16,lalm,2.9616336734706032,6.275800000366871,437.773874999948,447.0113086737855,one shared preloaded model
conv-49-qa-17,lalm,2.9616336734706032,10.025199999290635,437.773874999948,450.76070867270926,one shared preloaded model
conv-49-qa-18,lalm,2.9616336734706032,9.117999999944004,437.773874999948,449.8535086733626,one shared preloaded model
conv-49-qa-19,lalm,2.9616336734706032,10.066299999380135,437.773874999948,450.80180867279876,one shared preloaded model
conv-49-qa-20,lalm,2.9616336734706032,7.5319999996281695,162.2956000001068,172.78923367320556,one shared preloaded model
conv-49-qa-21,lalm,2.9616336734706032,10.19819999964966,162.2956000001068,175.45543367322705,one shared preloaded model
conv-49-qa-22,lalm,2.9616336734706032,9.662100001150975,162.2956000001068,174.91933367472836,one shared preloaded model
conv-49-qa-23,lalm,2.9616336734706032,9.335400000054506,162.2956000001068,174.5926336736319,one shared preloaded model
conv-49-qa-24,lalm,2.9616336734706032,6.104199999754201,82.14157499969588,91.20740867292068,one shared preloaded model
conv-49-qa-25,lalm,2.9616336734706032,8.410600001298008,82.14157499969588,93.51380867446449,one shared preloaded model
conv-49-qa-26,lalm,2.9616336734706032,7.313300000532763,82.14157499969588,92.41650867369924,one shared preloaded model
conv-49-qa-27,lalm,2.9616336734706032,6.48170000022219,82.14157499969588,91.58490867338867,one shared preloaded model
conv-49-qa-28,lalm,2.9616336734706032,6.354199998895638,487.40654999983235,496.7223836721986,one shared preloaded model
conv-49-qa-29,lalm,2.9616336734706032,9.069499999895925,487.40654999983235,499.4376836731989,one shared preloaded model
conv-49-qa-30,lalm,2.9616336734706032,7.027300000117975,487.40654999983235,497.3954836734209,one shared preloaded model
conv-49-qa-31,lalm,2.9616336734706032,8.318700000017998,487.40654999983235,498.68688367332095,one shared preloaded model
conv-49-qa-32,lalm,2.9616336734706032,6.248100000448176,130.20145000018601,139.4111836741048,one shared preloaded model
conv-49-qa-33,lalm,2.9616336734706032,5.761500000517117,130.20145000018601,138.92458367417373,one shared preloaded model
conv-49-qa-34,lalm,2.9616336734706032,5.48970000090776,130.20145000018601,138.65278367456438,one shared preloaded model
conv-49-qa-35,lalm,2.9616336734706032,6.780899999284884,130.20145000018601,139.9439836729415,one shared preloaded model
conv-49-qa-36,lalm,2.9616336734706032,5.914800000027753,163.3755249999922,172.25195867349055,one shared preloaded model
conv-49-qa-37,lalm,2.9616336734706032,10.524999999688589,163.3755249999922,176.86215867315138,one shared preloaded model
conv-49-qa-38,lalm,2.9616336734706032,10.042199999588775,163.3755249999922,176.37935867305157,one shared preloaded model
conv-49-qa-39,lalm,2.9616336734706032,9.843400001045666,163.3755249999922,176.18055867450846,one shared preloaded model
conv-49-qa-40,lalm,2.9616336734706032,6.154000000606175,110.27932500019233,119.3949586742691,one shared preloaded model
conv-49-qa-41,lalm,2.9616336734706032,9.426900000107707,110.27932500019233,122.66785867377064,one shared preloaded model
conv-49-qa-42,lalm,2.9616336734706032,10.2511000004597,110.27932500019233,123.49205867412263,one shared preloaded model
conv-49-qa-43,lalm,2.9616336734706032,9.579300000041258,110.27932500019233,122.82025867370419,one shared preloaded model
conv-49-qa-44,lalm,2.9616336734706032,6.374800001140102,158.13202500021362,167.46845867482432,one shared preloaded model
conv-49-qa-45,lalm,2.9616336734706032,10.939100000541657,158.13202500021362,172.03275867422587,one shared preloaded model
conv-49-qa-46,lalm,2.9616336734706032,10.049599999547354,158.13202500021362,171.14325867323157,one shared preloaded model
conv-49-qa-47,lalm,2.9616336734706032,9.486299999480252,158.13202500021362,170.57995867316447,one shared preloaded model
conv-49-qa-48,lalm,2.9616336734706032,6.941200001165271,262.9959500000041,272.89878367463996,one shared preloaded model
conv-49-qa-49,lalm,2.9616336734706032,9.91509999948903,262.9959500000041,275.8726836729637,one shared preloaded model
conv-49-qa-50,lalm,2.9616336734706032,9.398599999258295,262.9959500000041,275.356183672733,one shared preloaded model
conv-49-qa-51,lalm,2.9616336734706032,6.804000000556698,262.9959500000041,272.7615836740314,one shared preloaded model
conv-49-qa-52,lalm,2.9616336734706032,9.72860000001674,97.0572500000344,109.74748367352174,one shared preloaded model
conv-49-qa-53,lalm,2.9616336734706032,10.104999999384745,97.0572500000344,110.12388367288975,one shared preloaded model
conv-49-qa-54,lalm,2.9616336734706032,11.539899998751935,97.0572500000344,111.55878367225694,one shared preloaded model
conv-49-qa-55,lalm,2.9616336734706032,10.731600001236075,97.0572500000344,110.75048367474108,one shared preloaded model
conv-49-qa-56,lalm,2.9616336734706032,7.039899999654153,159.4406250001157,169.44215867324044,one shared preloaded model
conv-49-qa-57,lalm,2.9616336734706032,9.4093999996403,159.4406250001157,171.8116586732266,one shared preloaded model
conv-49-qa-58,lalm,2.9616336734706032,9.869500001514098,159.4406250001157,172.2717586751004,one shared preloaded model
conv-49-qa-59,lalm,2.9616336734706032,9.425700000065262,159.4406250001157,171.82795867365155,one shared preloaded model
conv-49-qa-60,lalm,2.9616336734706032,6.801400000767899,178.87795000024198,188.64098367448048,one shared preloaded model
conv-49-qa-61,lalm,2.9616336734706032,9.955300000001444,178.87795000024198,191.79488367371403,one shared preloaded model
conv-49-qa-62,lalm,2.9616336734706032,9.829299999182695,178.87795000024198,191.66888367289528,one shared preloaded model
conv-49-qa-63,lalm,2.9616336734706032,9.74300000052608,178.87795000024198,191.58258367423866,one shared preloaded model
conv-49-qa-64,lalm,2.9616336734706032,6.246900000405731,70.57050000003073,79.77903367390707,one shared preloaded model
conv-49-qa-65,lalm,2.9616336734706032,5.2390999990166165,70.57050000003073,78.77123367251795,one shared preloaded model
conv-49-qa-66,lalm,2.9616336734706032,5.716700001357822,70.57050000003073,79.24883367485916,one shared preloaded model
conv-49-qa-67,lalm,2.9616336734706032,9.827600000789971,70.57050000003073,83.3597336742913,one shared preloaded model
conv-49-qa-68,lalm,2.9616336734706032,6.17210000018531,111.27994999969815,120.41368367335406,one shared preloaded model
conv-49-qa-69,lalm,2.9616336734706032,5.8279000004404224,111.27994999969815,120.06948367360917,one shared preloaded model
conv-49-qa-70,lalm,2.9616336734706032,5.41710000106832,111.27994999969815,119.65868367423707,one shared preloaded model
conv-49-qa-71,lalm,2.9616336734706032,6.678700001430116,111.27994999969815,120.92028367459886,one shared preloaded model
conv-49-qa-72,lalm,2.9616336734706032,6.125300000348943,112.18010000038703,121.26703367420657,one shared preloaded model
conv-49-qa-73,lalm,2.9616336734706032,9.778100000403356,112.18010000038703,124.91983367426099,one shared preloaded model
conv-49-qa-74,lalm,2.9616336734706032,9.696499999336083,112.18010000038703,124.83823367319371,one shared preloaded model
conv-49-qa-75,lalm,2.9616336734706032,9.664400000474416,112.18010000038703,124.80613367433205,one shared preloaded model
conv-49-qa-76,lalm,2.9616336734706032,8.45359999948414,155.91392499982248,167.32915867277723,one shared preloaded model
conv-49-qa-77,lalm,2.9616336734706032,6.815000000642613,155.91392499982248,165.6905586739357,one shared preloaded model
conv-49-qa-78,lalm,2.9616336734706032,6.332099999781349,155.91392499982248,165.20765867307443,one shared preloaded model
conv-49-qa-79,lalm,2.9616336734706032,6.193499999426422,155.91392499982248,165.0690586727195,one shared preloaded model
conv-49-qa-80,lalm,2.9616336734706032,7.104500000423286,199.94567499998084,210.01180867387473,one shared preloaded model
conv-49-qa-81,lalm,2.9616336734706032,9.56679999944754,199.94567499998084,212.47410867289898,one shared preloaded model
conv-49-qa-82,lalm,2.9616336734706032,9.5448000010947,199.94567499998084,212.45210867454614,one shared preloaded model
conv-49-qa-83,lalm,2.9616336734706032,10.360899999795947,199.94567499998084,213.2682086732474,one shared preloaded model
conv-49-qa-84,lalm,2.9616336734706032,5.904999999984284,120.38587500001086,129.25250867346574,one shared preloaded model
conv-49-qa-85,lalm,2.9616336734706032,6.19619999997667,120.38587500001086,129.54370867345813,one shared preloaded model
conv-49-qa-86,lalm,2.9616336734706032,5.675000000337604,120.38587500001086,129.02250867381906,one shared preloaded model
conv-49-qa-87,lalm,2.9616336734706032,6.046900000001187,120.38587500001086,129.39440867348264,one shared preloaded model
conv-49-qa-88,lalm,2.9616336734706032,6.89309999870602,202.44302499986588,212.2977586720425,one shared preloaded model
conv-49-qa-89,lalm,2.9616336734706032,9.476799999902141,202.44302499986588,214.88145867323863,one shared preloaded model
conv-49-qa-90,lalm,2.9616336734706032,10.13039999998,202.44302499986588,215.53505867331648,one shared preloaded model
conv-49-qa-91,lalm,2.9616336734706032,9.4189000010374,202.44302499986588,214.82355867437388,one shared preloaded model
conv-49-qa-92,lalm,2.9616336734706032,6.086000001232605,134.26095000022542,143.30858367492863,one shared preloaded model
conv-49-qa-93,lalm,2.9616336734706032,5.572699999902397,134.26095000022542,142.79528367359842,one shared preloaded model
conv-49-qa-94,lalm,2.9616336734706032,6.137099999250495,134.26095000022542,143.35968367294652,one shared preloaded model
conv-49-qa-95,lalm,2.9616336734706032,6.338899998809211,134.26095000022542,143.56148367250523,one shared preloaded model
conv-49-qa-96,lalm,2.9616336734706032,8.305499999551103,222.2156249999898,233.48275867301152,one shared preloaded model
conv-49-qa-97,lalm,2.9616336734706032,6.4069000000017695,222.2156249999898,231.58415867346218,one shared preloaded model
conv-49-qa-98,lalm,2.9616336734706032,6.027399998856708,222.2156249999898,231.20465867231712,one shared preloaded model
conv-49-qa-99,lalm,2.9616336734706032,6.413200000679353,222.2156249999898,231.59045867413977,one shared preloaded model
conv-49-qa-100,lalm,2.9616336734706032,6.543999999848893,121.14622500030237,130.65185867362186,one shared preloaded model
conv-49-qa-101,lalm,2.9616336734706032,9.531100000458537,121.14622500030237,133.6389586742315,one shared preloaded model
conv-49-qa-102,lalm,2.9616336734706032,10.190099999817903,121.14622500030237,134.29795867359087,one shared preloaded model
conv-49-qa-103,lalm,2.9616336734706032,9.839199999987613,121.14622500030237,133.94705867376058,one shared preloaded model
conv-49-qa-104,lalm,2.9616336734706032,6.336100001135492,158.01627500013637,167.31400867474247,one shared preloaded model
conv-49-qa-105,lalm,2.9616336734706032,9.456800000407384,158.01627500013637,170.43470867401436,one shared preloaded model
conv-49-qa-106,lalm,2.9616336734706032,10.389799999757088,158.01627500013637,171.36770867336406,one shared preloaded model
conv-49-qa-107,lalm,2.9616336734706032,9.473000000070897,158.01627500013637,170.45090867367787,one shared preloaded model
conv-49-qa-108,lalm,2.9616336734706032,8.823199999824283,148.27574999981152,160.0605836731064,one shared preloaded model
conv-49-qa-109,lalm,2.9616336734706032,5.502899999555666,148.27574999981152,156.7402836728378,one shared preloaded model
conv-49-qa-110,lalm,2.9616336734706032,7.631100001162849,148.27574999981152,158.86848367444497,one shared preloaded model
conv-49-qa-111,lalm,2.9616336734706032,10.284500000125263,148.27574999981152,161.5218836734074,one shared preloaded model
conv-49-qa-112,lalm,2.9616336734706032,6.1243000000104075,143.47934999977952,152.56528367326052,one shared preloaded model
conv-49-qa-113,lalm,2.9616336734706032,6.941300000107731,143.47934999977952,153.38228367335785,one shared preloaded model
conv-49-qa-114,lalm,2.9616336734706032,5.504700000528828,143.47934999977952,151.94568367377894,one shared preloaded model
conv-49-qa-115,lalm,2.9616336734706032,6.287799998972332,143.47934999977952,152.72878367222245,one shared preloaded model
conv-49-qa-116,lalm,2.9616336734706032,9.40709999849787,121.68827499999679,134.05700867196526,one shared preloaded model
conv-49-qa-117,lalm,2.9616336734706032,9.712199998830329,121.68827499999679,134.36210867229772,one shared preloaded model
conv-49-qa-118,lalm,2.9616336734706032,9.577299999364186,121.68827499999679,134.22720867283158,one shared preloaded model
conv-49-qa-119,lalm,2.9616336734706032,9.537800000543939,121.68827499999679,134.18770867401133,one shared preloaded model
conv-49-qa-120,lalm,2.9616336734706032,6.296199999269447,248.98244999985764,258.2402836725977,one shared preloaded model
conv-49-qa-121,lalm,2.9616336734706032,9.526900001219474,248.98244999985764,261.4709836745477,one shared preloaded model
conv-49-qa-122,lalm,2.9616336734706032,9.679400000095484,248.98244999985764,261.6234836734237,one shared preloaded model
conv-49-qa-123,lalm,2.9616336734706032,9.288600000218139,248.98244999985764,261.2326836735464,one shared preloaded model
conv-49-qa-124,lalm,2.9616336734706032,6.439200000386336,219.24965000016527,228.6504836740222,one shared preloaded model
conv-49-qa-125,lalm,2.9616336734706032,10.559300000750227,219.24965000016527,232.7705836743861,one shared preloaded model
conv-49-qa-126,lalm,2.9616336734706032,9.303400000135298,219.24965000016527,231.51468367377117,one shared preloaded model
conv-49-qa-127,lalm,2.9616336734706032,9.964400000171736,219.24965000016527,232.1756836738076,one shared preloaded model
conv-49-qa-128,lalm,2.9616336734706032,8.128099998430116,177.09530000001905,188.18503367191977,one shared preloaded model
conv-49-qa-129,lalm,2.9616336734706032,10.48369999989518,177.09530000001905,190.54063367338483,one shared preloaded model
conv-49-qa-130,lalm,2.9616336734706032,10.011099999246653,177.09530000001905,190.0680336727363,one shared preloaded model
conv-49-qa-131,lalm,2.9616336734706032,9.367800001200521,177.09530000001905,189.42473367469017,one shared preloaded model
conv-49-qa-132,lalm,2.9616336734706032,8.01090000095428,227.76847500017539,238.74100867460027,one shared preloaded model
conv-49-qa-133,lalm,2.9616336734706032,9.848800000327174,227.76847500017539,240.57890867397316,one shared preloaded model
conv-49-qa-134,lalm,2.9616336734706032,9.374699999170844,227.76847500017539,240.10480867281683,one shared preloaded model
conv-49-qa-135,lalm,2.9616336734706032,9.66110000081244,227.76847500017539,240.39120867445843,one shared preloaded model
conv-49-qa-136,lalm,2.9616336734706032,6.930299998202827,233.64340000034645,243.53533367201987,one shared preloaded model
conv-49-qa-137,lalm,2.9616336734706032,5.36889999966661,233.64340000034645,241.97393367348366,one shared preloaded model
conv-49-qa-138,lalm,2.9616336734706032,5.381200000556419,233.64340000034645,241.98623367437347,one shared preloaded model
conv-49-qa-139,lalm,2.9616336734706032,9.174999999231659,233.64340000034645,245.7800336730487,one shared preloaded model
conv-49-qa-140,lalm,2.9616336734706032,6.29069999922649,444.443174999833,453.6955086725301,one shared preloaded model
conv-49-qa-141,lalm,2.9616336734706032,10.42550000056508,444.443174999833,457.83030867386867,one shared preloaded model
conv-49-qa-142,lalm,2.9616336734706032,10.11570000082429,444.443174999833,457.5205086741279,one shared preloaded model
conv-49-qa-143,lalm,2.9616336734706032,9.249299999282812,444.443174999833,456.6541086725864,one shared preloaded model
conv-49-qa-144,lalm,2.9616336734706032,8.831499999359949,293.8651999998001,305.65833367263065,one shared preloaded model
conv-49-qa-145,lalm,2.9616336734706032,9.799299999940558,293.8651999998001,306.62613367321126,one shared preloaded model
conv-49-qa-146,lalm,2.9616336734706032,10.365699999965727,293.8651999998001,307.1925336732364,one shared preloaded model
conv-49-qa-147,lalm,2.9616336734706032,9.273399999074172,293.8651999998001,306.10023367234487,one shared preloaded model
conv-49-qa-148,lalm,2.9616336734706032,5.90340000053402,152.28909999996176,161.15413367396638,one shared preloaded model
conv-49-qa-149,lalm,2.9616336734706032,5.389100000684266,152.28909999996176,160.63983367411663,one shared preloaded model
conv-49-qa-150,lalm,2.9616336734706032,6.1398999987432035,152.28909999996176,161.39063367217557,one shared preloaded model
conv-49-qa-151,lalm,2.9616336734706032,5.510300001333235,152.28909999996176,160.7610336747656,one shared preloaded model
conv-49-qa-152,lalm,2.9616336734706032,6.340699999782373,214.75677499984158,224.05910867309456,one shared preloaded model
conv-49-qa-153,lalm,2.9616336734706032,10.250999999698251,214.75677499984158,227.96940867301043,one shared preloaded model
conv-49-qa-154,lalm,2.9616336734706032,9.628300000258605,214.75677499984158,227.3467086735708,one shared preloaded model
conv-49-qa-155,lalm,2.9616336734706032,9.90529999944556,214.75677499984158,227.62370867275774,one shared preloaded model
conv-49-qa-156,lalm,2.9616336734706032,9.5593000005465,209.15662500010512,221.67755867412222,one shared preloaded model
conv-49-qa-157,lalm,2.9616336734706032,9.996100001444574,209.15662500010512,222.1143586750203,one shared preloaded model
conv-49-qa-158,lalm,2.9616336734706032,9.834499998760293,209.15662500010512,221.95275867233602,one shared preloaded model
conv-49-qa-159,lalm,2.9616336734706032,9.96579999991809,209.15662500010512,222.08405867349381,one shared preloaded model
conv-49-qa-160,lalm,2.9616336734706032,7.085299999744166,141.68772499988336,151.73465867309812,one shared preloaded model
conv-49-qa-161,lalm,2.9616336734706032,9.583799999745679,141.68772499988336,154.23315867309964,one shared preloaded model
conv-49-qa-162,lalm,2.9616336734706032,9.577799999533454,141.68772499988336,154.2271586728874,one shared preloaded model
conv-49-qa-163,lalm,2.9616336734706032,8.982399998785695,141.68772499988336,153.63175867213965,one shared preloaded model
conv-49-qa-164,lalm,2.9616336734706032,8.796399999482674,269.4205000002512,281.17853367320447,one shared preloaded model
conv-49-qa-165,lalm,2.9616336734706032,5.362899999454385,269.4205000002512,277.7450336731762,one shared preloaded model
conv-49-qa-166,lalm,2.9616336734706032,9.557200000926969,269.4205000002512,281.93933367464876,one shared preloaded model
conv-49-qa-167,lalm,2.9616336734706032,9.429000001546228,269.4205000002512,281.811133675268,one shared preloaded model
conv-49-qa-168,lalm,2.9616336734706032,7.900399999925867,114.05645000013465,124.91848367353111,one shared preloaded model
conv-49-qa-169,lalm,2.9616336734706032,10.366900000008172,114.05645000013465,127.38498367361342,one shared preloaded model
conv-49-qa-170,lalm,2.9616336734706032,9.938699999111122,114.05645000013465,126.95678367271637,one shared preloaded model
conv-49-qa-171,lalm,2.9616336734706032,8.252499999798601,114.05645000013465,125.27058367340385,one shared preloaded model
conv-49-qa-172,lalm,2.9616336734706032,8.460200000627083,69.88147499987463,81.30330867397231,one shared preloaded model
conv-49-qa-173,lalm,2.9616336734706032,9.929200001352001,69.88147499987463,82.77230867469723,one shared preloaded model
conv-49-qa-174,lalm,2.9616336734706032,9.460600000238628,69.88147499987463,82.30370867358386,one shared preloaded model
conv-49-qa-175,lalm,2.9616336734706032,9.10699999985809,69.88147499987463,81.95010867320332,one shared preloaded model
conv-49-qa-176,lalm,2.9616336734706032,6.15269999980228,100.75787499999933,109.87220867327221,one shared preloaded model
conv-49-qa-177,lalm,2.9616336734706032,6.510100000014063,100.75787499999933,110.229608673484,one shared preloaded model
conv-49-qa-178,lalm,2.9616336734706032,5.9958999991067685,100.75787499999933,109.7154086725767,one shared preloaded model
conv-49-qa-179,lalm,2.9616336734706032,6.108200001108344,100.75787499999933,109.82770867457828,one shared preloaded model
conv-49-qa-180,lalm,2.9616336734706032,6.467700000939658,124.8955749997549,134.32490867416516,one shared preloaded model
conv-49-qa-181,lalm,2.9616336734706032,9.94650000029651,124.8955749997549,137.803708673522,one shared preloaded model
conv-49-qa-182,lalm,2.9616336734706032,9.199899999657646,124.8955749997549,137.05710867288315,one shared preloaded model
conv-49-qa-183,lalm,2.9616336734706032,10.23189999978058,124.8955749997549,138.08910867300608,one shared preloaded model
conv-49-qa-184,lalm,2.9616336734706032,6.054800000129035,146.10640000000785,155.1228336736075,one shared preloaded model
conv-49-qa-185,lalm,2.9616336734706032,9.433900000658468,146.10640000000785,158.50193367413692,one shared preloaded model
conv-49-qa-186,lalm,2.9616336734706032,9.872200000245357,146.10640000000785,158.9402336737238,one shared preloaded model
conv-49-qa-187,lalm,2.9616336734706032,10.006000000430504,146.10640000000785,159.07403367390896,one shared preloaded model
conv-49-qa-188,lalm,2.9616336734706032,7.576900001367903,207.71879999983867,218.25733367467717,one shared preloaded model
conv-49-qa-189,lalm,2.9616336734706032,10.209400001258473,207.71879999983867,220.88983367456774,one shared preloaded model
conv-49-qa-190,lalm,2.9616336734706032,9.697600000436069,207.71879999983867,220.37803367374534,one shared preloaded model
conv-49-qa-191,lalm,2.9616336734706032,9.3682999995508,207.71879999983867,220.04873367286007,one shared preloaded model
conv-49-qa-192,lalm,2.9616336734706032,6.263799999942421,148.529999999937,157.75543367335,one shared preloaded model
conv-49-qa-193,lalm,2.9616336734706032,5.978299999696901,148.529999999937,157.4699336731045,one shared preloaded model
conv-49-qa-194,lalm,2.9616336734706032,5.214499999055988,148.529999999937,156.70613367246358,one shared preloaded model
conv-49-qa-195,lalm,2.9616336734706032,6.69229999948584,148.529999999937,158.18393367289343,one shared preloaded model
conv-50-qa-0,lalm,2.92631568627079,9.757300000273972,158.05937499999345,170.7429906865382,one shared preloaded model
conv-50-qa-1,lalm,2.92631568627079,9.706299999379553,158.05937499999345,170.6919906856438,one shared preloaded model
conv-50-qa-2,lalm,2.92631568627079,9.145899999566609,158.05937499999345,170.13159068583084,one shared preloaded model
conv-50-qa-3,lalm,2.92631568627079,8.1465000002936,158.05937499999345,169.13219068655783,one shared preloaded model
conv-50-qa-4,lalm,2.92631568627079,6.574900000487105,275.2934249997452,284.7946406865031,one shared preloaded model
conv-50-qa-5,lalm,2.92631568627079,7.4874999991152436,275.2934249997452,285.70724068513124,one shared preloaded model
conv-50-qa-6,lalm,2.92631568627079,6.274599998505437,275.2934249997452,284.49434068452143,one shared preloaded model
conv-50-qa-7,lalm,2.92631568627079,5.795600000055856,275.2934249997452,284.01534068607185,one shared preloaded model
conv-50-qa-8,lalm,2.92631568627079,5.675000000337604,162.8386249999494,171.43994068655778,one shared preloaded model
conv-50-qa-9,lalm,2.92631568627079,6.016999999701511,162.8386249999494,171.78194068592168,one shared preloaded model
conv-50-qa-10,lalm,2.92631568627079,5.288500000460772,162.8386249999494,171.05344068668094,one shared preloaded model
conv-50-qa-11,lalm,2.92631568627079,9.589700001015444,162.8386249999494,175.35464068723562,one shared preloaded model
conv-50-qa-12,lalm,2.92631568627079,8.733700000448152,118.98629999996047,130.6463156866794,one shared preloaded model
conv-50-qa-13,lalm,2.92631568627079,9.93670000025304,118.98629999996047,131.8493156864843,one shared preloaded model
conv-50-qa-14,lalm,2.92631568627079,9.4093999996403,118.98629999996047,131.32201568587155,one shared preloaded model
conv-50-qa-15,lalm,2.92631568627079,9.391300000061165,118.98629999996047,131.3039156862924,one shared preloaded model
conv-50-qa-16,lalm,2.92631568627079,6.55189999997674,89.29357500028345,98.77179068653098,one shared preloaded model
conv-50-qa-17,lalm,2.92631568627079,11.085699999966891,89.29357500028345,103.30559068652113,one shared preloaded model
conv-50-qa-18,lalm,2.92631568627079,9.826400000747526,89.29357500028345,102.04629068730176,one shared preloaded model
conv-50-qa-19,lalm,2.92631568627079,9.410700000444194,89.29357500028345,101.63059068699843,one shared preloaded model
conv-50-qa-20,lalm,2.92631568627079,8.357599999726517,193.53934999980993,204.82326568580723,one shared preloaded model
conv-50-qa-21,lalm,2.92631568627079,9.135099999184604,193.53934999980993,205.60076568526532,one shared preloaded model
conv-50-qa-22,lalm,2.92631568627079,9.383500000694767,193.53934999980993,205.84916568677548,one shared preloaded model
conv-50-qa-23,lalm,2.92631568627079,9.45769999998447,193.53934999980993,205.92336568606518,one shared preloaded model
conv-50-qa-24,lalm,2.92631568627079,7.504999999582651,197.95622499987076,208.3875406857242,one shared preloaded model
conv-50-qa-25,lalm,2.92631568627079,9.717899998577195,197.95622499987076,210.60044068471873,one shared preloaded model
conv-50-qa-26,lalm,2.92631568627079,9.297299999161623,197.95622499987076,210.17984068530316,one shared preloaded model
conv-50-qa-27,lalm,2.92631568627079,9.387700001752819,197.95622499987076,210.27024068789436,one shared preloaded model
conv-50-qa-28,lalm,2.92631568627079,6.966100001591258,138.01887499994336,147.9112906878054,one shared preloaded model
conv-50-qa-29,lalm,2.92631568627079,5.280599998513935,138.01887499994336,146.22579068472808,one shared preloaded model
conv-50-qa-30,lalm,2.92631568627079,5.245099999228842,138.01887499994336,146.190290685443,one shared preloaded model
conv-50-qa-31,lalm,2.92631568627079,8.996399999887217,138.01887499994336,149.94159068610136,one shared preloaded model
conv-50-qa-32,lalm,2.92631568627079,6.267700000535115,134.82629999998608,144.02031568679197,one shared preloaded model
conv-50-qa-33,lalm,2.92631568627079,5.46310000027006,134.82629999998608,143.21571568652692,one shared preloaded model
conv-50-qa-34,lalm,2.92631568627079,6.330799998977454,134.82629999998608,144.0834156852343,one shared preloaded model
conv-50-qa-35,lalm,2.92631568627079,5.991599999106256,134.82629999998608,143.74421568536312,one shared preloaded model
conv-50-qa-36,lalm,2.92631568627079,9.188600000925362,122.14757499987172,134.26249068706787,one shared preloaded model
conv-50-qa-37,lalm,2.92631568627079,9.390900000653346,122.14757499987172,134.46479068679585,one shared preloaded model
conv-50-qa-38,lalm,2.92631568627079,6.801999999879627,122.14757499987172,131.87589068602213,one shared preloaded model
conv-50-qa-39,lalm,2.92631568627079,6.615399999645888,122.14757499987172,131.6892906857884,one shared preloaded model
conv-50-qa-40,lalm,2.92631568627079,6.252000001040869,158.79397499975312,167.97229068706477,one shared preloaded model
conv-50-qa-41,lalm,2.92631568627079,5.8286000003136,158.79397499975312,167.5488906863375,one shared preloaded model
conv-50-qa-42,lalm,2.92631568627079,10.811699999976554,158.79397499975312,172.53199068600046,one shared preloaded model
conv-50-qa-43,lalm,2.92631568627079,9.877399999822956,158.79397499975312,171.59769068584686,one shared preloaded model
conv-50-qa-44,lalm,2.92631568627079,7.475899999917601,73.31667500011463,83.71889068630301,one shared preloaded model
conv-50-qa-45,lalm,2.92631568627079,9.94159999936528,73.31667500011463,86.18459068575069,one shared preloaded model
conv-50-qa-46,lalm,2.92631568627079,9.446900001421454,73.31667500011463,85.68989068780687,one shared preloaded model
conv-50-qa-47,lalm,2.92631568627079,9.621100000003935,73.31667500011463,85.86409068638935,one shared preloaded model
conv-50-qa-48,lalm,2.92631568627079,6.767000000763801,129.27585000034014,138.96916568737473,one shared preloaded model
conv-50-qa-49,lalm,2.92631568627079,10.415099999590893,129.27585000034014,142.61726568620182,one shared preloaded model
conv-50-qa-50,lalm,2.92631568627079,9.771600000021863,129.27585000034014,141.9737656866328,one shared preloaded model
conv-50-qa-51,lalm,2.92631568627079,9.342999999716994,129.27585000034014,141.54516568632792,one shared preloaded model
conv-50-qa-52,lalm,2.92631568627079,6.592100000489154,200.0716749998901,209.59009068665003,one shared preloaded model
conv-50-qa-53,lalm,2.92631568627079,10.030300001744763,200.0716749998901,213.02829068790564,one shared preloaded model
conv-50-qa-54,lalm,2.92631568627079,9.869900000921916,200.0716749998901,212.8678906870828,one shared preloaded model
conv-50-qa-55,lalm,2.92631568627079,10.099300001456868,200.0716749998901,213.09729068761774,one shared preloaded model
conv-50-qa-56,lalm,2.92631568627079,6.689300000289222,144.0853750000315,153.7009906865915,one shared preloaded model
conv-50-qa-57,lalm,2.92631568627079,10.263699999995879,144.0853750000315,157.27539068629815,one shared preloaded model
conv-50-qa-58,lalm,2.92631568627079,10.109900000315974,144.0853750000315,157.12159068661825,one shared preloaded model
conv-50-qa-59,lalm,2.92631568627079,9.770599999683327,144.0853750000315,156.7822906859856,one shared preloaded model
conv-50-qa-60,lalm,2.92631568627079,6.4550000006420305,263.7617999998838,273.14311568679665,one shared preloaded model
conv-50-qa-61,lalm,2.92631568627079,6.663500000286149,263.7617999998838,273.35161568644077,one shared preloaded model
conv-50-qa-62,lalm,2.92631568627079,6.829699999798322,263.7617999998838,273.51781568595294,one shared preloaded model
conv-50-qa-63,lalm,2.92631568627079,6.583799999134499,263.7617999998838,273.2719156852891,one shared preloaded model
conv-50-qa-64,lalm,2.92631568627079,6.2563999999838416,157.44415000017398,166.6268656864286,one shared preloaded model
conv-50-qa-65,lalm,2.92631568627079,10.0070999997115,157.44415000017398,170.37756568615626,one shared preloaded model
conv-50-qa-66,lalm,2.92631568627079,9.534400000120513,157.44415000017398,169.90486568656527,one shared preloaded model
conv-50-qa-67,lalm,2.92631568627079,9.400099999766098,157.44415000017398,169.77056568621086,one shared preloaded model
conv-50-qa-68,lalm,2.92631568627079,6.467600000178209,191.98392500038608,201.37784068683507,one shared preloaded model
conv-50-qa-69,lalm,2.92631568627079,8.343299999978626,191.98392500038608,203.2535406866355,one shared preloaded model
conv-50-qa-70,lalm,2.92631568627079,9.71169999866106,191.98392500038608,204.62194068531792,one shared preloaded model
conv-50-qa-71,lalm,2.92631568627079,9.339500000351109,191.98392500038608,204.24974068700797,one shared preloaded model
conv-50-qa-72,lalm,2.92631568627079,9.591399999408168,146.89517499982685,159.4128906855058,one shared preloaded model
conv-50-qa-73,lalm,2.92631568627079,9.708199999295175,146.89517499982685,159.5296906853928,one shared preloaded model
conv-50-qa-74,lalm,2.92631568627079,9.779800000615069,146.89517499982685,159.6012906867127,one shared preloaded model
conv-50-qa-75,lalm,2.92631568627079,10.010800000600284,146.89517499982685,159.83229068669792,one shared preloaded model
conv-50-qa-76,lalm,2.92631568627079,6.994999999733409,151.84847500040632,161.76979068641052,one shared preloaded model
conv-50-qa-77,lalm,2.92631568627079,9.652599999753875,151.84847500040632,164.42739068643098,one shared preloaded model
conv-50-qa-78,lalm,2.92631568627079,7.124899999325862,151.84847500040632,161.89969068600297,one shared preloaded model
conv-50-qa-79,lalm,2.92631568627079,6.5508000006957445,151.84847500040632,161.32559068737285,one shared preloaded model
conv-50-qa-80,lalm,2.92631568627079,6.616399999984424,202.81305000025895,212.35576568651416,one shared preloaded model
conv-50-qa-81,lalm,2.92631568627079,9.40699999955541,202.81305000025895,215.14636568608515,one shared preloaded model
conv-50-qa-82,lalm,2.92631568627079,9.96329999907175,202.81305000025895,215.7026656856015,one shared preloaded model
conv-50-qa-83,lalm,2.92631568627079,9.944499999619438,202.81305000025895,215.68386568614918,one shared preloaded model
conv-50-qa-84,lalm,2.92631568627079,5.9108000004926,305.82449999974415,314.66161568650756,one shared preloaded model
conv-50-qa-85,lalm,2.92631568627079,5.308499999955529,305.82449999974415,314.0593156859705,one shared preloaded model
conv-50-qa-86,lalm,2.92631568627079,6.969500000195694,305.82449999974415,315.72031568621065,one shared preloaded model
conv-50-qa-87,lalm,2.92631568627079,6.6621999994822545,305.82449999974415,315.4130156854972,one shared preloaded model
conv-50-qa-88,lalm,2.92631568627079,6.130199999461183,125.16210000012506,134.21861568585703,one shared preloaded model
conv-50-qa-89,lalm,2.92631568627079,5.247400000371272,125.16210000012506,133.33581568676712,one shared preloaded model
conv-50-qa-90,lalm,2.92631568627079,5.480900001202826,125.16210000012506,133.56931568759867,one shared preloaded model
conv-50-qa-91,lalm,2.92631568627079,9.56910000058997,125.16210000012506,137.65751568698582,one shared preloaded model
conv-50-qa-92,lalm,2.92631568627079,6.734500000675325,141.7255749997821,151.38639068672822,one shared preloaded model
conv-50-qa-93,lalm,2.92631568627079,9.94879999961995,141.7255749997821,154.60069068567284,one shared preloaded model
conv-50-qa-94,lalm,2.92631568627079,9.083999999347725,141.7255749997821,153.73589068540062,one shared preloaded model
conv-50-qa-95,lalm,2.92631568627079,10.359099998822785,141.7255749997821,155.01099068487568,one shared preloaded model
conv-50-qa-96,lalm,2.92631568627079,6.349600000248756,263.32017499998983,272.5960906865094,one shared preloaded model
conv-50-qa-97,lalm,2.92631568627079,9.708400000818074,263.32017499998983,275.9548906870787,one shared preloaded model
conv-50-qa-98,lalm,2.92631568627079,6.106500000896631,263.32017499998983,272.3529906871573,one shared preloaded model
conv-50-qa-99,lalm,2.92631568627079,5.583699999988312,263.32017499998983,271.83019068624895,one shared preloaded model
conv-50-qa-100,lalm,2.92631568627079,6.7347999993216945,143.99152499981938,153.65264068541185,one shared preloaded model
conv-50-qa-101,lalm,2.92631568627079,10.312099999282509,143.99152499981938,157.22994068537267,one shared preloaded model
conv-50-qa-102,lalm,2.92631568627079,9.541400000671274,143.99152499981938,156.45924068676143,one shared preloaded model
conv-50-qa-103,lalm,2.92631568627079,9.405599999809056,143.99152499981938,156.32344068589921,one shared preloaded model
conv-50-qa-104,lalm,2.92631568627079,6.390500000634347,103.61869999996998,112.9355156868751,one shared preloaded model
conv-50-qa-105,lalm,2.92631568627079,9.573400000590482,103.61869999996998,116.11841568683124,one shared preloaded model
conv-50-qa-106,lalm,2.92631568627079,6.620000000111759,103.61869999996998,113.16501568635252,one shared preloaded model
conv-50-qa-107,lalm,2.92631568627079,9.269399999539019,103.61869999996998,115.81441568577978,one shared preloaded model
conv-50-qa-108,lalm,2.92631568627079,6.166000001030625,81.48895000022094,90.58126568752235,one shared preloaded model
conv-50-qa-109,lalm,2.92631568627079,5.281100000502192,81.48895000022094,89.69636568699391,one shared preloaded model
conv-50-qa-110,lalm,2.92631568627079,5.481800000779913,81.48895000022094,89.89706568727163,one shared preloaded model
conv-50-qa-111,lalm,2.92631568627079,9.100999999645865,81.48895000022094,93.51626568613759,one shared preloaded model
conv-50-qa-112,lalm,2.92631568627079,6.238699999812525,168.2730749998882,177.4380906859715,one shared preloaded model
conv-50-qa-113,lalm,2.92631568627079,6.241400000362773,168.2730749998882,177.44079068652175,one shared preloaded model
conv-50-qa-114,lalm,2.92631568627079,7.353999999395455,168.2730749998882,178.55339068555443,one shared preloaded model
conv-50-qa-115,lalm,2.92631568627079,6.352599999445374,168.2730749998882,177.55199068560435,one shared preloaded model
conv-50-qa-116,lalm,2.92631568627079,6.463800000346964,153.30842499997743,162.69854068659518,one shared preloaded model
conv-50-qa-117,lalm,2.92631568627079,9.91529999919294,153.30842499997743,166.15004068544116,one shared preloaded model
conv-50-qa-118,lalm,2.92631568627079,6.418599999960861,153.30842499997743,162.65334068620908,one shared preloaded model
conv-50-qa-119,lalm,2.92631568627079,5.972499999188585,153.30842499997743,162.2072406854368,one shared preloaded model
conv-50-qa-120,lalm,2.92631568627079,6.192700000610785,165.10132500025065,174.22034068713222,one shared preloaded model
conv-50-qa-121,lalm,2.92631568627079,10.16899999922316,165.10132500025065,178.1966406857446,one shared preloaded model
conv-50-qa-122,lalm,2.92631568627079,10.264500000630505,165.10132500025065,178.29214068715194,one shared preloaded model
conv-50-qa-123,lalm,2.92631568627079,9.805599998799153,165.10132500025065,177.8332406853206,one shared preloaded model
conv-50-qa-124,lalm,2.92631568627079,6.95850000010978,85.80587500000547,95.69069068638603,one shared preloaded model
conv-50-qa-125,lalm,2.92631568627079,10.049500000604894,85.80587500000547,98.78169068688115,one shared preloaded model
conv-50-qa-126,lalm,2.92631568627079,10.547099998802878,85.80587500000547,99.27929068507913,one shared preloaded model
conv-50-qa-127,lalm,2.92631568627079,9.588799999619368,85.80587500000547,98.32099068589562,one shared preloaded model
conv-50-qa-128,lalm,2.92631568627079,6.316800001513911,144.6917250000297,153.9348406878144,one shared preloaded model
conv-50-qa-129,lalm,2.92631568627079,7.704300000114017,144.6917250000297,155.3223406864145,one shared preloaded model
conv-50-qa-130,lalm,2.92631568627079,9.410599999682745,144.6917250000297,157.02864068598322,one shared preloaded model
conv-50-qa-131,lalm,2.92631568627079,9.700099999463418,144.6917250000297,157.3181406857639,one shared preloaded model
conv-50-qa-132,lalm,2.92631568627079,6.190699999933713,270.08802499995,279.2050406861545,one shared preloaded model
conv-50-qa-133,lalm,2.92631568627079,10.227999999187887,270.08802499995,283.2423406854087,one shared preloaded model
conv-50-qa-134,lalm,2.92631568627079,9.431300000869669,270.08802499995,282.4456406870905,one shared preloaded model
conv-50-qa-135,lalm,2.92631568627079,9.37789999989036,270.08802499995,282.39224068611117,one shared preloaded model
conv-50-qa-136,lalm,2.92631568627079,7.043900001008296,152.44422499972643,162.4144406870055,one shared preloaded model
conv-50-qa-137,lalm,2.92631568627079,9.647400000176276,152.44422499972643,165.0179406861735,one shared preloaded model
conv-50-qa-138,lalm,2.92631568627079,9.533799999189796,152.44422499972643,164.904340685187,one shared preloaded model
conv-50-qa-139,lalm,2.92631568627079,9.457000000111293,152.44422499972643,164.8275406861085,one shared preloaded model
conv-50-qa-140,lalm,2.92631568627079,5.909999999857973,179.74804999994376,188.58436568607252,one shared preloaded model
conv-50-qa-141,lalm,2.92631568627079,5.193599999984144,179.74804999994376,187.8679656861987,one shared preloaded model
conv-50-qa-142,lalm,2.92631568627079,6.095500000810716,179.74804999994376,188.76986568702526,one shared preloaded model
conv-50-qa-143,lalm,2.92631568627079,6.142799998997361,179.74804999994376,188.8171656852119,one shared preloaded model
conv-50-qa-144,lalm,2.92631568627079,6.458200001361547,121.47100000038336,130.85551568801569,one shared preloaded model
conv-50-qa-145,lalm,2.92631568627079,9.381600000779144,121.47100000038336,133.77891568743328,one shared preloaded model
conv-50-qa-146,lalm,2.92631568627079,9.761099998286227,121.47100000038336,134.15841568494037,one shared preloaded model
conv-50-qa-147,lalm,2.92631568627079,9.7503000015422,121.47100000038336,134.14761568819634,one shared preloaded model
conv-50-qa-148,lalm,2.92631568627079,6.769199999325792,199.19285000014497,208.88836568574155,one shared preloaded model
conv-50-qa-149,lalm,2.92631568627079,7.0303000011335826,199.19285000014497,209.14946568754934,one shared preloaded model
conv-50-qa-150,lalm,2.92631568627079,10.284000001774984,199.19285000014497,212.40316568819074,one shared preloaded model
conv-50-qa-151,lalm,2.92631568627079,9.212299999489915,199.19285000014497,211.33146568590567,one shared preloaded model
conv-50-qa-152,lalm,2.92631568627079,6.144099999801256,121.18732500039187,130.2577406864639,one shared preloaded model
conv-50-qa-153,lalm,2.92631568627079,6.130399999165093,121.18732500039187,130.24404068582774,one shared preloaded model
conv-50-qa-154,lalm,2.92631568627079,5.536200000278768,121.18732500039187,129.64984068694142,one shared preloaded model
conv-50-qa-155,lalm,2.92631568627079,5.44140000056359,121.18732500039187,129.55504068722624,one shared preloaded model
conv-50-qa-156,lalm,2.92631568627079,6.2576999989687465,139.65932499968403,148.84334068492356,one shared preloaded model
conv-50-qa-157,lalm,2.92631568627079,9.54499999897962,139.65932499968403,152.13064068493443,one shared preloaded model
conv-50-qa-158,lalm,2.92631568627079,10.25879999906465,139.65932499968403,152.84444068501946,one shared preloaded model
conv-50-qa-159,lalm,2.92631568627079,5.943399999523535,139.65932499968403,148.52904068547835,one shared preloaded model
conv-50-qa-160,lalm,2.92631568627079,6.443699998271768,111.6956000000755,121.06561568461805,one shared preloaded model
conv-50-qa-161,lalm,2.92631568627079,9.828700000070967,111.6956000000755,124.45061568641725,one shared preloaded model
conv-50-qa-162,lalm,2.92631568627079,9.87850000092294,111.6956000000755,124.50041568726922,one shared preloaded model
conv-50-qa-163,lalm,2.92631568627079,9.496999999100808,111.6956000000755,124.11891568544709,one shared preloaded model
conv-50-qa-164,lalm,2.92631568627079,5.875200000446057,178.5141499999554,187.31566568667225,one shared preloaded model
conv-50-qa-165,lalm,2.92631568627079,5.753700001150719,178.5141499999554,187.1941656873769,one shared preloaded model
conv-50-qa-166,lalm,2.92631568627079,10.403500000393251,178.5141499999554,191.84396568661944,one shared preloaded model
conv-50-qa-167,lalm,2.92631568627079,9.480800001256284,178.5141499999554,190.92126568748247,one shared preloaded model
conv-50-qa-168,lalm,2.92631568627079,6.38009999966016,82.68342500014114,91.98984068607209,one shared preloaded model
conv-50-qa-169,lalm,2.92631568627079,10.229900000922498,82.68342500014114,95.83964068733442,one shared preloaded model
conv-50-qa-170,lalm,2.92631568627079,10.13250000141852,82.68342500014114,95.74224068783045,one shared preloaded model
conv-50-qa-171,lalm,2.92631568627079,9.182600000713137,82.68342500014114,94.79234068712506,one shared preloaded model
conv-50-qa-172,lalm,2.92631568627079,7.793500000843778,209.1864250000981,219.90624068721266,one shared preloaded model
conv-50-qa-173,lalm,2.92631568627079,5.234599999312195,209.1864250000981,217.34734068568108,one shared preloaded model
conv-50-qa-174,lalm,2.92631568627079,5.8172999997623265,209.1864250000981,217.9300406861312,one shared preloaded model
conv-50-qa-175,lalm,2.92631568627079,8.841899998515146,209.1864250000981,220.95464068488403,one shared preloaded model
conv-50-qa-176,lalm,2.92631568627079,7.422500000757282,74.17564999968818,84.52446568671624,one shared preloaded model
conv-50-qa-177,lalm,2.92631568627079,11.167300001034164,74.17564999968818,88.26926568699312,one shared preloaded model
conv-50-qa-178,lalm,2.92631568627079,10.375799998655566,74.17564999968818,87.47776568461452,one shared preloaded model
conv-50-qa-179,lalm,2.92631568627079,9.391699999468983,74.17564999968818,86.49366568542794,one shared preloaded model
conv-50-qa-180,lalm,2.92631568627079,6.175700000312645,176.12832499980868,185.2303406863921,one shared preloaded model
conv-50-qa-181,lalm,2.92631568627079,5.998800001179916,176.12832499980868,185.05344068725938,one shared preloaded model
conv-50-qa-182,lalm,2.92631568627079,5.357699999876786,176.12832499980868,184.41234068595625,one shared preloaded model
conv-50-qa-183,lalm,2.92631568627079,6.362200001603924,176.12832499980868,185.4168406876834,one shared preloaded model
conv-50-qa-184,lalm,2.92631568627079,6.868000000395114,166.41724999999497,176.21156568666086,one shared preloaded model
conv-50-qa-185,lalm,2.92631568627079,6.177899998874636,166.41724999999497,175.52146568514038,one shared preloaded model
conv-50-qa-186,lalm,2.92631568627079,9.633800000301562,166.41724999999497,178.9773656865673,one shared preloaded model
conv-50-qa-187,lalm,2.92631568627079,9.835599999860278,166.41724999999497,179.17916568612603,one shared preloaded model
conv-50-qa-188,lalm,2.92631568627079,6.708900000376161,158.57447500002309,168.20969068667003,one shared preloaded model
conv-50-qa-189,lalm,2.92631568627079,9.883099999569822,158.57447500002309,171.3838906858637,one shared preloaded model
conv-50-qa-190,lalm,2.92631568627079,9.6560000001773,158.57447500002309,171.15679068647117,one shared preloaded model
conv-50-qa-191,lalm,2.92631568627079,9.33439999971597,158.57447500002309,170.83519068600984,one shared preloaded model
conv-50-qa-192,lalm,2.92631568627079,6.742699999449542,134.1554499999802,143.82446568570052,one shared preloaded model
conv-50-qa-193,lalm,2.92631568627079,9.577199998602737,134.1554499999802,146.6589656848537,one shared preloaded model
conv-50-qa-194,lalm,2.92631568627079,10.111900000993046,134.1554499999802,147.19366568724402,one shared preloaded model
conv-50-qa-195,lalm,2.92631568627079,9.148999999524676,134.1554499999802,146.23076568577565,one shared preloaded model
conv-50-qa-196,lalm,2.92631568627079,6.871699999464909,119.01402500006952,128.81204068580521,one shared preloaded model
conv-50-qa-197,lalm,2.92631568627079,6.1259000012796605,119.01402500006952,128.06624068761997,one shared preloaded model
conv-50-qa-198,lalm,2.92631568627079,6.684500000119442,119.01402500006952,128.62484068645975,one shared preloaded model
conv-50-qa-199,lalm,2.92631568627079,7.125500000256579,119.01402500006952,129.06584068659689,one shared preloaded model
conv-50-qa-200,lalm,2.92631568627079,6.335600000966224,150.62990000024,159.89181568747702,one shared preloaded model
conv-50-qa-201,lalm,2.92631568627079,9.752300000400282,150.62990000024,163.30851568691108,one shared preloaded model
conv-50-qa-202,lalm,2.92631568627079,9.432499999093125,150.62990000024,162.98871568560392,one shared preloaded model
conv-50-qa-203,lalm,2.92631568627079,9.601199999451637,150.62990000024,163.15741568596243,one shared preloaded model
