example_id,agent,update_ms,read_ms,generation_ms,end_to_end_ms,model_loading_policy
conv-26-qa-0,lalm,2.6365834170823446,15.97100000071805,235.2864499998759,253.8940334176763,one shared preloaded model
conv-26-qa-1,lalm,2.6365834170823446,10.238499999104533,235.2864499998759,248.16153341606278,one shared preloaded model
conv-26-qa-2,lalm,2.6365834170823446,9.511700000075507,235.2864499998759,247.43473341703375,one shared preloaded model
conv-26-qa-3,lalm,2.6365834170823446,9.630599999582046,235.2864499998759,247.5536334165403,one shared preloaded model
conv-26-qa-4,lalm,2.6365834170823446,8.979099999123719,159.33764999999767,170.95333341620372,one shared preloaded model
conv-26-qa-5,lalm,2.6365834170823446,5.532699999093893,159.33764999999767,167.5069334161739,one shared preloaded model
conv-26-qa-6,lalm,2.6365834170823446,5.296600000292528,159.33764999999767,167.27083341737253,one shared preloaded model
conv-26-qa-7,lalm,2.6365834170823446,5.921800000578514,159.33764999999767,167.89603341765851,one shared preloaded model
conv-26-qa-8,lalm,2.6365834170823446,6.189699999595177,150.50317500026722,159.32945841694473,one shared preloaded model
conv-26-qa-9,lalm,2.6365834170823446,6.698700000924873,150.50317500026722,159.83845841827443,one shared preloaded model
conv-26-qa-10,lalm,2.6365834170823446,6.423700000596,150.50317500026722,159.56345841794555,one shared preloaded model
conv-26-qa-11,lalm,2.6365834170823446,8.034299999053474,150.50317500026722,161.17405841640303,one shared preloaded model
conv-26-qa-12,lalm,2.6365834170823446,5.9624999994412065,95.82982500023718,104.42890841676073,one shared preloaded model
conv-26-qa-13,lalm,2.6365834170823446,10.16170000002603,95.82982500023718,108.62810841734556,one shared preloaded model
conv-26-qa-14,lalm,2.6365834170823446,10.006299999076873,95.82982500023718,108.4727084163964,one shared preloaded model
conv-26-qa-15,lalm,2.6365834170823446,9.410599999682745,95.82982500023718,107.87700841700227,one shared preloaded model
conv-26-qa-16,lalm,2.6365834170823446,8.78019999981916,225.41094999996858,236.82773341687007,one shared preloaded model
conv-26-qa-17,lalm,2.6365834170823446,9.716200000184472,225.41094999996858,237.7637334172354,one shared preloaded model
conv-26-qa-18,lalm,2.6365834170823446,9.403600000950973,225.41094999996858,237.4511334180019,one shared preloaded model
conv-26-qa-19,lalm,2.6365834170823446,9.19909999902302,225.41094999996858,237.24663341607393,one shared preloaded model
conv-26-qa-20,lalm,2.6365834170823446,6.503499998871121,85.51197499991758,94.65205841587105,one shared preloaded model
conv-26-qa-21,lalm,2.6365834170823446,5.324900001141941,85.51197499991758,93.47345841814187,one shared preloaded model
conv-26-qa-22,lalm,2.6365834170823446,5.725499999243766,85.51197499991758,93.8740584162437,one shared preloaded model
conv-26-qa-23,lalm,2.6365834170823446,6.730000000970904,85.51197499991758,94.87855841797084,one shared preloaded model
conv-26-qa-24,lalm,2.6365834170823446,7.031400000414578,89.1110249999656,98.77900841746252,one shared preloaded model
conv-26-qa-25,lalm,2.6365834170823446,5.950200000370387,89.1110249999656,97.69780841741833,one shared preloaded model
conv-26-qa-26,lalm,2.6365834170823446,6.610500000533648,89.1110249999656,98.35810841758159,one shared preloaded model
conv-26-qa-27,lalm,2.6365834170823446,6.074399998396984,89.1110249999656,97.82200841544493,one shared preloaded model
conv-26-qa-28,lalm,2.6365834170823446,6.3147999990178505,173.02057500000956,181.97195841610974,one shared preloaded model
conv-26-qa-29,lalm,2.6365834170823446,5.207199999858858,173.02057500000956,180.86435841695075,one shared preloaded model
conv-26-qa-30,lalm,2.6365834170823446,5.400600000939448,173.02057500000956,181.05775841803134,one shared preloaded model
conv-26-qa-31,lalm,2.6365834170823446,6.538699999509845,173.02057500000956,182.19585841660174,one shared preloaded model
conv-26-qa-32,lalm,2.6365834170823446,6.437600000936072,116.18397500024003,125.25815841825845,one shared preloaded model
conv-26-qa-33,lalm,2.6365834170823446,9.697099998447811,116.18397500024003,128.51765841577017,one shared preloaded model
conv-26-qa-34,lalm,2.6365834170823446,9.347899998829234,116.18397500024003,128.1684584161516,one shared preloaded model
conv-26-qa-35,lalm,2.6365834170823446,9.243999998943764,116.18397500024003,128.06455841626612,one shared preloaded model
conv-26-qa-36,lalm,2.6365834170823446,6.152099998871563,159.34440000000905,168.13308341596294,one shared preloaded model
conv-26-qa-37,lalm,2.6365834170823446,5.918700000620447,159.34440000000905,167.89968341771183,one shared preloaded model
conv-26-qa-38,lalm,2.6365834170823446,7.283700000698445,159.34440000000905,169.26468341778983,one shared preloaded model
conv-26-qa-39,lalm,2.6365834170823446,6.850800000393065,159.34440000000905,168.83178341748444,one shared preloaded model
conv-26-qa-40,lalm,2.6365834170823446,6.361599998854217,80.45220000030895,89.45038341624551,one shared preloaded model
conv-26-qa-41,lalm,2.6365834170823446,9.863499999482883,80.45220000030895,92.95228341687418,one shared preloaded model
conv-26-qa-42,lalm,2.6365834170823446,10.340499999074382,80.45220000030895,93.42928341646568,one shared preloaded model
conv-26-qa-43,lalm,2.6365834170823446,9.288000001106411,80.45220000030895,92.37678341849771,one shared preloaded model
conv-26-qa-44,lalm,2.6365834170823446,8.40030000108527,119.05745000012757,130.09433341829518,one shared preloaded model
conv-26-qa-45,lalm,2.6365834170823446,6.185700000060024,119.05745000012757,127.87973341726995,one shared preloaded model
conv-26-qa-46,lalm,2.6365834170823446,6.357700000080513,119.05745000012757,128.05173341729042,one shared preloaded model
conv-26-qa-47,lalm,2.6365834170823446,6.5990000002784654,119.05745000012757,128.29303341748837,one shared preloaded model
conv-26-qa-48,lalm,2.6365834170823446,6.492800001069554,90.13677499979167,99.26615841794357,one shared preloaded model
conv-26-qa-49,lalm,2.6365834170823446,10.884400000577443,90.13677499979167,103.65775841745146,one shared preloaded model
conv-26-qa-50,lalm,2.6365834170823446,10.77869999971881,90.13677499979167,103.55205841659283,one shared preloaded model
conv-26-qa-51,lalm,2.6365834170823446,10.051799999928335,90.13677499979167,102.82515841680235,one shared preloaded model
conv-26-qa-52,lalm,2.6365834170823446,8.297099999253987,177.79625000002852,188.72993341636484,one shared preloaded model
conv-26-qa-53,lalm,2.6365834170823446,5.346100000679144,177.79625000002852,185.77893341779,one shared preloaded model
conv-26-qa-54,lalm,2.6365834170823446,5.360000001019216,177.79625000002852,185.79283341813007,one shared preloaded model
conv-26-qa-55,lalm,2.6365834170823446,6.122299999333336,177.79625000002852,186.5551334164442,one shared preloaded model
conv-26-qa-56,lalm,2.6365834170823446,6.4277000001311535,103.48492499997519,112.5492084171887,one shared preloaded model
conv-26-qa-57,lalm,2.6365834170823446,5.798399999548565,103.48492499997519,111.9199084166061,one shared preloaded model
conv-26-qa-58,lalm,2.6365834170823446,6.184800000482937,103.48492499997519,112.30630841754048,one shared preloaded model
conv-26-qa-59,lalm,2.6365834170823446,9.843399999226676,103.48492499997519,115.96490841628422,one shared preloaded model
conv-26-qa-60,lalm,2.6365834170823446,8.706900000106543,92.53152499968564,103.87500841687454,one shared preloaded model
conv-26-qa-61,lalm,2.6365834170823446,6.393300000127056,92.53152499968564,101.56140841689505,one shared preloaded model
conv-26-qa-62,lalm,2.6365834170823446,5.94959999943967,92.53152499968564,101.11770841620766,one shared preloaded model
conv-26-qa-63,lalm,2.6365834170823446,6.247200000871089,92.53152499968564,101.41530841763908,one shared preloaded model
conv-26-qa-64,lalm,2.6365834170823446,6.573300001036841,96.8964749999941,106.10635841811329,one shared preloaded model
conv-26-qa-65,lalm,2.6365834170823446,9.933900000760332,96.8964749999941,109.46695841783678,one shared preloaded model
conv-26-qa-66,lalm,2.6365834170823446,10.373000000981847,96.8964749999941,109.9060584180583,one shared preloaded model
conv-26-qa-67,lalm,2.6365834170823446,9.783299999980954,96.8964749999941,109.3163584170574,one shared preloaded model
conv-26-qa-68,lalm,2.6365834170823446,5.967200000668527,230.36009999987073,238.9638834176216,one shared preloaded model
conv-26-qa-69,lalm,2.6365834170823446,5.390199999965262,230.36009999987073,238.38688341691832,one shared preloaded model
conv-26-qa-70,lalm,2.6365834170823446,7.247999999890453,230.36009999987073,240.24468341684351,one shared preloaded model
conv-26-qa-71,lalm,2.6365834170823446,6.274200000916608,230.36009999987073,239.27088341786967,one shared preloaded model
conv-26-qa-72,lalm,2.6365834170823446,6.59310000082769,249.43832500002827,258.6680084179383,one shared preloaded model
conv-26-qa-73,lalm,2.6365834170823446,9.502699998847675,249.43832500002827,261.5776084159583,one shared preloaded model
conv-26-qa-74,lalm,2.6365834170823446,9.66359999983979,249.43832500002827,261.7385084169504,one shared preloaded model
conv-26-qa-75,lalm,2.6365834170823446,9.230800000295858,249.43832500002827,261.3057084174065,one shared preloaded model
conv-26-qa-76,lalm,2.6365834170823446,6.916900001670001,170.1057000000219,179.65918341877423,one shared preloaded model
conv-26-qa-77,lalm,2.6365834170823446,10.28519999999844,170.1057000000219,183.02748341710267,one shared preloaded model
conv-26-qa-78,lalm,2.6365834170823446,9.615300001314608,170.1057000000219,182.35758341841884,one shared preloaded model
conv-26-qa-79,lalm,2.6365834170823446,9.370300000227871,170.1057000000219,182.1125834173321,one shared preloaded model
conv-26-qa-80,lalm,2.6365834170823446,6.534399999509333,228.87932499997987,238.05030841657154,one shared preloaded model
conv-26-qa-81,lalm,2.6365834170823446,9.367300001031253,228.87932499997987,240.88320841809346,one shared preloaded model
conv-26-qa-82,lalm,2.6365834170823446,9.576500000548549,228.87932499997987,241.09240841761076,one shared preloaded model
conv-26-qa-83,lalm,2.6365834170823446,9.657199998400756,228.87932499997987,241.17310841546296,one shared preloaded model
conv-26-qa-84,lalm,2.6365834170823446,6.114399999205489,162.7517249999073,171.50270841619513,one shared preloaded model
conv-26-qa-85,lalm,2.6365834170823446,5.844399998750305,162.7517249999073,171.23270841573995,one shared preloaded model
conv-26-qa-86,lalm,2.6365834170823446,6.562200000189478,162.7517249999073,171.95050841717912,one shared preloaded model
conv-26-qa-87,lalm,2.6365834170823446,5.852400001458591,162.7517249999073,171.24070841844824,one shared preloaded model
conv-26-qa-88,lalm,2.6365834170823446,6.69719999859808,115.15475000032893,124.48853341600936,one shared preloaded model
conv-26-qa-89,lalm,2.6365834170823446,9.81090000095719,115.15475000032893,127.60223341836847,one shared preloaded model
conv-26-qa-90,lalm,2.6365834170823446,9.81099999989965,115.15475000032893,127.60233341731093,one shared preloaded model
conv-26-qa-91,lalm,2.6365834170823446,9.050399999978254,115.15475000032893,126.84173341738953,one shared preloaded model
conv-26-qa-92,lalm,2.6365834170823446,6.141699999716366,127.04215000030672,135.82043341710542,one shared preloaded model
conv-26-qa-93,lalm,2.6365834170823446,5.434400000012829,127.04215000030672,135.11313341740188,one shared preloaded model
conv-26-qa-94,lalm,2.6365834170823446,5.690399999366491,127.04215000030672,135.36913341675555,one shared preloaded model
conv-26-qa-95,lalm,2.6365834170823446,5.484700001034071,127.04215000030672,135.16343341842312,one shared preloaded model
conv-26-qa-96,lalm,2.6365834170823446,7.4112000002060086,214.1790249997939,224.22680841708225,one shared preloaded model
conv-26-qa-97,lalm,2.6365834170823446,5.466399999932037,214.1790249997939,222.28200841680828,one shared preloaded model
conv-26-qa-98,lalm,2.6365834170823446,5.2520999997796025,214.1790249997939,222.06770841665585,one shared preloaded model
conv-26-qa-99,lalm,2.6365834170823446,6.472799999755807,214.1790249997939,223.28840841663205,one shared preloaded model
conv-26-qa-100,lalm,2.6365834170823446,6.242999999813037,96.33902499990654,105.21860841680193,one shared preloaded model
conv-26-qa-101,lalm,2.6365834170823446,7.893899999544374,96.33902499990654,106.86950841653326,one shared preloaded model
conv-26-qa-102,lalm,2.6365834170823446,9.31980000132171,96.33902499990654,108.2954084183106,one shared preloaded model
conv-26-qa-103,lalm,2.6365834170823446,9.15770000028715,96.33902499990654,108.13330841727604,one shared preloaded model
conv-26-qa-104,lalm,2.6365834170823446,8.82129999990866,118.23729999969146,129.69518341668245,one shared preloaded model
conv-26-qa-105,lalm,2.6365834170823446,9.787999999389285,118.23729999969146,130.66188341616308,one shared preloaded model
conv-26-qa-106,lalm,2.6365834170823446,9.577099999660277,118.23729999969146,130.45098341643407,one shared preloaded model
conv-26-qa-107,lalm,2.6365834170823446,9.237899999789079,118.23729999969146,130.11178341656287,one shared preloaded model
conv-26-qa-108,lalm,2.6365834170823446,8.779599998888443,95.40352500016525,106.81970841613604,one shared preloaded model
conv-26-qa-109,lalm,2.6365834170823446,9.387899999637739,95.40352500016525,107.42800841688533,one shared preloaded model
conv-26-qa-110,lalm,2.6365834170823446,9.84710000011546,95.40352500016525,107.88720841736306,one shared preloaded model
conv-26-qa-111,lalm,2.6365834170823446,9.67560000026424,95.40352500016525,107.71570841751183,one shared preloaded model
conv-26-qa-112,lalm,2.6365834170823446,9.12859999880311,132.1176999999807,143.88288341586613,one shared preloaded model
conv-26-qa-113,lalm,2.6365834170823446,9.63919999958307,132.1176999999807,144.3934834166461,one shared preloaded model
conv-26-qa-114,lalm,2.6365834170823446,9.402400000908528,132.1176999999807,144.15668341797155,one shared preloaded model
conv-26-qa-115,lalm,2.6365834170823446,9.101199999349774,132.1176999999807,143.8554834164128,one shared preloaded model
conv-26-qa-116,lalm,2.6365834170823446,9.083099999770639,293.27092499988794,304.99060841674094,one shared preloaded model
conv-26-qa-117,lalm,2.6365834170823446,9.748899999976857,293.27092499988794,305.65640841694716,one shared preloaded model
conv-26-qa-118,lalm,2.6365834170823446,8.226899999499437,293.27092499988794,304.13440841646974,one shared preloaded model
conv-26-qa-119,lalm,2.6365834170823446,8.526999999958207,293.27092499988794,304.4345084169285,one shared preloaded model
conv-26-qa-120,lalm,2.6365834170823446,7.120000000213622,92.14255000006233,101.8991334173583,one shared preloaded model
conv-26-qa-121,lalm,2.6365834170823446,9.674700000687153,92.14255000006233,104.45383341783183,one shared preloaded model
conv-26-qa-122,lalm,2.6365834170823446,9.032500000103028,92.14255000006233,103.8116334172477,one shared preloaded model
conv-26-qa-123,lalm,2.6365834170823446,9.181199999147793,92.14255000006233,103.96033341629247,one shared preloaded model
conv-26-qa-124,lalm,2.6365834170823446,6.754000000000815,85.02977499983899,94.42035841692216,one shared preloaded model
conv-26-qa-125,lalm,2.6365834170823446,10.024600000178907,85.02977499983899,97.69095841710025,one shared preloaded model
conv-26-qa-126,lalm,2.6365834170823446,9.149999999863212,85.02977499983899,96.81635841678455,one shared preloaded model
conv-26-qa-127,lalm,2.6365834170823446,9.415399999852525,85.02977499983899,97.08175841677387,one shared preloaded model
conv-26-qa-128,lalm,2.6365834170823446,6.428499998946791,84.22135000000708,93.28643341603622,one shared preloaded model
conv-26-qa-129,lalm,2.6365834170823446,9.625199998481548,84.22135000000708,96.48313341557098,one shared preloaded model
conv-26-qa-130,lalm,2.6365834170823446,10.01429999996617,84.22135000000708,96.8722334170556,one shared preloaded model
conv-26-qa-131,lalm,2.6365834170823446,9.89320000007865,84.22135000000708,96.75113341716808,one shared preloaded model
conv-26-qa-132,lalm,2.6365834170823446,6.035099999280646,137.3943000003237,146.0659834166867,one shared preloaded model
conv-26-qa-133,lalm,2.6365834170823446,5.598099998678663,137.3943000003237,145.6289834160847,one shared preloaded model
conv-26-qa-134,lalm,2.6365834170823446,6.6196999996464,137.3943000003237,146.65058341705245,one shared preloaded model
conv-26-qa-135,lalm,2.6365834170823446,5.831700000271667,137.3943000003237,145.8625834176777,one shared preloaded model
conv-26-qa-136,lalm,2.6365834170823446,6.206100000781589,85.42080000006536,94.2634834179293,one shared preloaded model
conv-26-qa-137,lalm,2.6365834170823446,9.547600000587408,85.42080000006536,97.60498341773511,one shared preloaded model
conv-26-qa-138,lalm,2.6365834170823446,10.022700000263285,85.42080000006536,98.08008341741099,one shared preloaded model
conv-26-qa-139,lalm,2.6365834170823446,9.512099999483326,85.42080000006536,97.56948341663103,one shared preloaded model
conv-26-qa-140,lalm,2.6365834170823446,5.859299999428913,103.03375000012238,111.52963341663364,one shared preloaded model
conv-26-qa-141,lalm,2.6365834170823446,6.45029999941471,103.03375000012238,112.12063341661944,one shared preloaded model
conv-26-qa-142,lalm,2.6365834170823446,6.559699999343138,103.03375000012238,112.23003341654787,one shared preloaded model
conv-26-qa-143,lalm,2.6365834170823446,5.750899999839021,103.03375000012238,111.42123341704375,one shared preloaded model
conv-26-qa-144,lalm,2.6365834170823446,6.403999999747612,112.06739999988713,121.10798341671709,one shared preloaded model
conv-26-qa-145,lalm,2.6365834170823446,9.502799999609124,112.06739999988713,124.2067834165786,one shared preloaded model
conv-26-qa-146,lalm,2.6365834170823446,9.917900000800728,112.06739999988713,124.6218834177702,one shared preloaded model
conv-26-qa-147,lalm,2.6365834170823446,9.675299999798881,112.06739999988713,124.37928341676836,one shared preloaded model
conv-26-qa-148,lalm,2.6365834170823446,6.907899998623179,90.04225000035149,99.58673341605702,one shared preloaded model
conv-26-qa-149,lalm,2.6365834170823446,9.807200000068406,90.04225000035149,102.48603341750224,one shared preloaded model
conv-26-qa-150,lalm,2.6365834170823446,9.582900000168593,90.04225000035149,102.26173341760243,one shared preloaded model
conv-26-qa-151,lalm,2.6365834170823446,9.171100000457955,90.04225000035149,101.84993341789179,one shared preloaded model
conv-26-qa-152,lalm,2.6365834170823446,6.414399998902809,93.38827500005209,102.43925841603725,one shared preloaded model
conv-26-qa-153,lalm,2.6365834170823446,5.447999999887543,93.38827500005209,101.47285841702198,one shared preloaded model
conv-26-qa-154,lalm,2.6365834170823446,5.524300000615767,93.38827500005209,101.5491584177502,one shared preloaded model
conv-26-qa-155,lalm,2.6365834170823446,9.386899999299203,93.38827500005209,105.41175841643364,one shared preloaded model
conv-26-qa-156,lalm,2.6365834170823446,9.11929999892891,88.95942499975718,100.71530841576843,one shared preloaded model
conv-26-qa-157,lalm,2.6365834170823446,5.530499998712912,88.95942499975718,97.12650841555244,one shared preloaded model
conv-26-qa-158,lalm,2.6365834170823446,9.126800001467927,88.95942499975718,100.72280841830745,one shared preloaded model
conv-26-qa-159,lalm,2.6365834170823446,9.051799999724608,88.95942499975718,100.64780841656413,one shared preloaded model
conv-26-qa-160,lalm,2.6365834170823446,6.483299999672454,149.89195000043765,159.01183341719243,one shared preloaded model
conv-26-qa-161,lalm,2.6365834170823446,9.986299999582116,149.89195000043765,162.5148334171021,one shared preloaded model
conv-26-qa-162,lalm,2.6365834170823446,9.497999999439344,149.89195000043765,162.02653341695932,one shared preloaded model
conv-26-qa-163,lalm,2.6365834170823446,9.215500000209431,149.89195000043765,161.7440334177294,one shared preloaded model
conv-26-qa-164,lalm,2.6365834170823446,8.58189999962633,80.38082499979282,91.5993084165015,one shared preloaded model
conv-26-qa-165,lalm,2.6365834170823446,7.980000000316068,80.38082499979282,90.99740841719124,one shared preloaded model
conv-26-qa-166,lalm,2.6365834170823446,6.5104999994218815,80.38082499979282,89.52790841629705,one shared preloaded model
conv-26-qa-167,lalm,2.6365834170823446,6.4574000007269206,80.38082499979282,89.47480841760209,one shared preloaded model
conv-26-qa-168,lalm,2.6365834170823446,6.870199998957105,296.3936000001013,305.90038341614076,one shared preloaded model
conv-26-qa-169,lalm,2.6365834170823446,9.690299999419949,296.3936000001013,308.7204834166036,one shared preloaded model
conv-26-qa-170,lalm,2.6365834170823446,9.385899998960667,296.3936000001013,308.4160834161443,one shared preloaded model
conv-26-qa-171,lalm,2.6365834170823446,9.570700000040233,296.3936000001013,308.6008834172239,one shared preloaded model
conv-26-qa-172,lalm,2.6365834170823446,6.667699999525212,184.3597500001124,193.66403341671995,one shared preloaded model
conv-26-qa-173,lalm,2.6365834170823446,6.365799999912269,184.3597500001124,193.362133417107,one shared preloaded model
conv-26-qa-174,lalm,2.6365834170823446,10.081100001116283,184.3597500001124,197.07743341831102,one shared preloaded model
conv-26-qa-175,lalm,2.6365834170823446,9.396999999808031,184.3597500001124,196.39333341700276,one shared preloaded model
conv-26-qa-176,lalm,2.6365834170823446,8.261199998742086,196.90794999996797,207.8057334157924,one shared preloaded model
conv-26-qa-177,lalm,2.6365834170823446,9.694099999251193,196.90794999996797,209.2386334163015,one shared preloaded model
conv-26-qa-178,lalm,2.6365834170823446,10.27299999987008,196.90794999996797,209.81753341692038,one shared preloaded model
conv-26-qa-179,lalm,2.6365834170823446,9.912199999234872,196.90794999996797,209.45673341628518,one shared preloaded model
conv-26-qa-180,lalm,2.6365834170823446,6.326299999273033,95.11955000016314,104.08243341651853,one shared preloaded model
conv-26-qa-181,lalm,2.6365834170823446,9.720699999888893,95.11955000016314,107.47683341713439,one shared preloaded model
conv-26-qa-182,lalm,2.6365834170823446,10.100399998918874,95.11955000016314,107.85653341616437,one shared preloaded model
conv-26-qa-183,lalm,2.6365834170823446,9.234299999661744,95.11955000016314,106.99043341690724,one shared preloaded model
conv-26-qa-184,lalm,2.6365834170823446,6.420800000341842,87.50254999995377,96.55993341737796,one shared preloaded model
conv-26-qa-185,lalm,2.6365834170823446,9.409000000232481,87.50254999995377,99.5481334172686,one shared preloaded model
conv-26-qa-186,lalm,2.6365834170823446,9.786199998416123,87.50254999995377,99.92533341545224,one shared preloaded model
conv-26-qa-187,lalm,2.6365834170823446,9.229299999788054,87.50254999995377,99.36843341682417,one shared preloaded model
conv-26-qa-188,lalm,2.6365834170823446,6.42379999953846,91.17379999997866,100.23418341659946,one shared preloaded model
conv-26-qa-189,lalm,2.6365834170823446,9.796899999855668,91.17379999997866,103.60728341691667,one shared preloaded model
conv-26-qa-190,lalm,2.6365834170823446,9.903200001645018,91.17379999997866,103.71358341870602,one shared preloaded model
conv-26-qa-191,lalm,2.6365834170823446,9.528500000669737,91.17379999997866,103.33888341773074,one shared preloaded model
conv-26-qa-192,lalm,2.6365834170823446,6.5109000006486895,91.36842499992781,100.51590841765885,one shared preloaded model
conv-26-qa-193,lalm,2.6365834170823446,5.133999999088701,91.36842499992781,99.13900841609886,one shared preloaded model
conv-26-qa-194,lalm,2.6365834170823446,5.246599999736645,91.36842499992781,99.2516084167468,one shared preloaded model
conv-26-qa-195,lalm,2.6365834170823446,6.9553000012092525,91.36842499992781,100.96030841821941,one shared preloaded model
conv-26-qa-196,lalm,2.6365834170823446,6.657899999481742,167.91660000005018,177.21108341661426,one shared preloaded model
conv-26-qa-197,lalm,2.6365834170823446,10.010300000431016,167.91660000005018,180.56348341756353,one shared preloaded model
conv-26-qa-198,lalm,2.6365834170823446,9.580199999618344,167.91660000005018,180.13338341675086,one shared preloaded model
conv-30-qa-0,lalm,3.3580066666694446,9.698000001662876,107.70594999985406,120.76195666818637,one shared preloaded model
conv-30-qa-1,lalm,3.3580066666694446,9.57409999864467,107.70594999985406,120.63805666516816,one shared preloaded model
conv-30-qa-2,lalm,3.3580066666694446,9.490700000242214,107.70594999985406,120.55465666676571,one shared preloaded model
conv-30-qa-3,lalm,3.3580066666694446,9.040900000400143,107.70594999985406,120.10485666692364,one shared preloaded model
conv-30-qa-4,lalm,3.3580066666694446,6.92440000057104,169.33659999995143,179.6190066671919,one shared preloaded model
conv-30-qa-5,lalm,3.3580066666694446,9.160799998426228,169.33659999995143,181.8554066650471,one shared preloaded model
conv-30-qa-6,lalm,3.3580066666694446,9.904399999868474,169.33659999995143,182.59900666648934,one shared preloaded model
conv-30-qa-7,lalm,3.3580066666694446,9.404200000062701,169.33659999995143,182.09880666668357,one shared preloaded model
conv-30-qa-8,lalm,3.3580066666694446,6.60750000133703,117.03247500008729,126.99798166809376,one shared preloaded model
conv-30-qa-9,lalm,3.3580066666694446,9.735399999044603,117.03247500008729,130.12588166580133,one shared preloaded model
conv-30-qa-10,lalm,3.3580066666694446,9.465900000577676,117.03247500008729,129.8563816673344,one shared preloaded model
conv-30-qa-11,lalm,3.3580066666694446,9.585699999661301,117.03247500008729,129.97618166641803,one shared preloaded model
conv-30-qa-12,lalm,3.3580066666694446,6.415100000594975,148.26794999999038,158.0410566672548,one shared preloaded model
conv-30-qa-13,lalm,3.3580066666694446,10.153500001251814,148.26794999999038,161.77945666791163,one shared preloaded model
conv-30-qa-14,lalm,3.3580066666694446,9.857200000624289,148.26794999999038,161.4831566672841,one shared preloaded model
conv-30-qa-15,lalm,3.3580066666694446,9.446699999898556,148.26794999999038,161.07265666655837,one shared preloaded model
conv-30-qa-16,lalm,3.3580066666694446,6.477999999333406,162.07337499963614,171.909381665639,one shared preloaded model
conv-30-qa-17,lalm,3.3580066666694446,5.82849999955215,162.07337499963614,171.25988166585773,one shared preloaded model
conv-30-qa-18,lalm,3.3580066666694446,9.875699999611243,162.07337499963614,175.30708166591683,one shared preloaded model
conv-30-qa-19,lalm,3.3580066666694446,9.6174999998766,162.07337499963614,175.04888166618218,one shared preloaded model
conv-30-qa-20,lalm,3.3580066666694446,6.257600000026287,170.0363249997281,179.65193166642382,one shared preloaded model
conv-30-qa-21,lalm,3.3580066666694446,9.67059999857156,170.0363249997281,183.0649316649691,one shared preloaded model
conv-30-qa-22,lalm,3.3580066666694446,10.615600000164704,170.0363249997281,184.00993166656224,one shared preloaded model
conv-30-qa-23,lalm,3.3580066666694446,6.081600000470644,170.0363249997281,179.47593166686818,one shared preloaded model
conv-30-qa-24,lalm,3.3580066666694446,6.276799998886418,89.40729999994801,99.04210666550387,one shared preloaded model
conv-30-qa-25,lalm,3.3580066666694446,9.581800000887597,89.40729999994801,102.34710666750505,one shared preloaded model
conv-30-qa-26,lalm,3.3580066666694446,9.940500000084285,89.40729999994801,102.70580666670173,one shared preloaded model
conv-30-qa-27,lalm,3.3580066666694446,9.395699999004137,89.40729999994801,102.16100666562158,one shared preloaded model
conv-30-qa-28,lalm,3.3580066666694446,6.364900000335183,109.85352499983492,119.57643166683954,one shared preloaded model
conv-30-qa-29,lalm,3.3580066666694446,9.582700000464683,109.85352499983492,122.79423166696904,one shared preloaded model
conv-30-qa-30,lalm,3.3580066666694446,9.793400000489783,109.85352499983492,123.00493166699414,one shared preloaded model
conv-30-qa-31,lalm,3.3580066666694446,9.55229999999574,109.85352499983492,122.7638316665001,one shared preloaded model
conv-30-qa-32,lalm,3.3580066666694446,6.542400000398629,112.17379999970944,122.07420666677751,one shared preloaded model
conv-30-qa-33,lalm,3.3580066666694446,9.571000000505592,112.17379999970944,125.10280666688448,one shared preloaded model
conv-30-qa-34,lalm,3.3580066666694446,10.027299998910166,112.17379999970944,125.55910666528905,one shared preloaded model
conv-30-qa-35,lalm,3.3580066666694446,9.215500000209431,112.17379999970944,124.74730666658832,one shared preloaded model
conv-30-qa-36,lalm,3.3580066666694446,5.841800000780495,81.21005000020887,90.4098566676588,one shared preloaded model
conv-30-qa-37,lalm,3.3580066666694446,6.163100000776467,81.21005000020887,90.73115666765477,one shared preloaded model
conv-30-qa-38,lalm,3.3580066666694446,6.218599999556318,81.21005000020887,90.78665666643462,one shared preloaded model
conv-30-qa-39,lalm,3.3580066666694446,6.573499998921761,81.21005000020887,91.14155666580007,one shared preloaded model
conv-30-qa-40,lalm,3.3580066666694446,7.139699999243021,91.15762500005076,101.65533166596322,one shared preloaded model
conv-30-qa-41,lalm,3.3580066666694446,6.264400000873138,91.15762500005076,100.78003166759333,one shared preloaded model
conv-30-qa-42,lalm,3.3580066666694446,5.943299998762086,91.15762500005076,100.45893166548228,one shared preloaded model
conv-30-qa-43,lalm,3.3580066666694446,5.691200000001118,91.15762500005076,100.20683166672131,one shared preloaded model
conv-30-qa-44,lalm,3.3580066666694446,6.508600001325249,97.49805000001288,107.36465666800757,one shared preloaded model
conv-30-qa-45,lalm,3.3580066666694446,9.768300000359886,97.49805000001288,110.6243566670422,one shared preloaded model
conv-30-qa-46,lalm,3.3580066666694446,8.90840000101889,97.49805000001288,109.76445666770121,one shared preloaded model
conv-30-qa-47,lalm,3.3580066666694446,10.33610000013141,97.49805000001288,111.19215666681373,one shared preloaded model
conv-30-qa-48,lalm,3.3580066666694446,6.661200000962708,167.60225000007267,177.62145666770482,one shared preloaded model
conv-30-qa-49,lalm,3.3580066666694446,9.393899999849964,167.60225000007267,180.35415666659208,one shared preloaded model
conv-30-qa-50,lalm,3.3580066666694446,9.929100000590552,167.60225000007267,180.88935666733266,one shared preloaded model
conv-30-qa-51,lalm,3.3580066666694446,9.184700000332668,167.60225000007267,180.14495666707478,one shared preloaded model
conv-30-qa-52,lalm,3.3580066666694446,6.280699999479111,286.44405000022743,296.082756666376,one shared preloaded model
conv-30-qa-53,lalm,3.3580066666694446,6.288800001129857,286.44405000022743,296.09085666802673,one shared preloaded model
conv-30-qa-54,lalm,3.3580066666694446,5.830399999467772,286.44405000022743,295.63245666636465,one shared preloaded model
conv-30-qa-55,lalm,3.3580066666694446,5.3446999991138,286.44405000022743,295.1467566660107,one shared preloaded model
conv-30-qa-56,lalm,3.3580066666694446,6.016299999828334,130.1456250002957,139.51993166679347,one shared preloaded model
conv-30-qa-57,lalm,3.3580066666694446,5.294000000503729,130.1456250002957,138.79763166746886,one shared preloaded model
conv-30-qa-58,lalm,3.3580066666694446,6.2071999982435955,130.1456250002957,139.71083166520873,one shared preloaded model
conv-30-qa-59,lalm,3.3580066666694446,9.696400000393623,130.1456250002957,143.20003166735876,one shared preloaded model
conv-30-qa-60,lalm,3.3580066666694446,6.787700000131736,122.52085000000079,132.66655666680197,one shared preloaded model
conv-30-qa-61,lalm,3.3580066666694446,9.605799999917508,122.52085000000079,135.48465666658774,one shared preloaded model
conv-30-qa-62,lalm,3.3580066666694446,9.729200000947458,122.52085000000079,135.6080566676177,one shared preloaded model
conv-30-qa-63,lalm,3.3580066666694446,10.336499999539228,122.52085000000079,136.21535666620946,one shared preloaded model
conv-30-qa-64,lalm,3.3580066666694446,6.923099999767146,163.7076000001798,173.9887066666164,one shared preloaded model
conv-30-qa-65,lalm,3.3580066666694446,9.931399999913992,163.7076000001798,176.99700666676324,one shared preloaded model
conv-30-qa-66,lalm,3.3580066666694446,9.522099999230704,163.7076000001798,176.58770666607995,one shared preloaded model
conv-30-qa-67,lalm,3.3580066666694446,7.830599999579135,163.7076000001798,174.89620666642838,one shared preloaded model
conv-30-qa-68,lalm,3.3580066666694446,6.9680999986303505,121.55500000017128,131.88110666547107,one shared preloaded model
conv-30-qa-69,lalm,3.3580066666694446,9.771900000487221,121.55500000017128,134.68490666732794,one shared preloaded model
conv-30-qa-70,lalm,3.3580066666694446,9.772999999768217,121.55500000017128,134.68600666660893,one shared preloaded model
conv-30-qa-71,lalm,3.3580066666694446,6.3045000006241025,121.55500000017128,131.21750666746482,one shared preloaded model
conv-30-qa-72,lalm,3.3580066666694446,7.738100001006387,124.00447499976508,135.1005816674409,one shared preloaded model
conv-30-qa-73,lalm,3.3580066666694446,9.81560000036552,124.00447499976508,137.17808166680004,one shared preloaded model
conv-30-qa-74,lalm,3.3580066666694446,10.26579999961541,124.00447499976508,137.62828166604993,one shared preloaded model
conv-30-qa-75,lalm,3.3580066666694446,9.276099999624421,124.00447499976508,136.63858166605894,one shared preloaded model
conv-30-qa-76,lalm,3.3580066666694446,6.408999999621301,84.6138750002865,94.38088166657724,one shared preloaded model
conv-30-qa-77,lalm,3.3580066666694446,9.536300000036135,84.6138750002865,97.50818166699207,one shared preloaded model
conv-30-qa-78,lalm,3.3580066666694446,11.90620000124909,84.6138750002865,99.87808166820503,one shared preloaded model
conv-30-qa-79,lalm,3.3580066666694446,10.599100000035833,84.6138750002865,98.57098166699177,one shared preloaded model
conv-30-qa-80,lalm,3.3580066666694446,6.882699999550823,87.7855499998077,98.02625666602796,one shared preloaded model
conv-30-qa-81,lalm,3.3580066666694446,9.866000000329223,87.7855499998077,101.00955666680636,one shared preloaded model
conv-30-qa-82,lalm,3.3580066666694446,9.562499999447027,87.7855499998077,100.70605666592417,one shared preloaded model
conv-30-qa-83,lalm,3.3580066666694446,9.805899999264511,87.7855499998077,100.94945666574165,one shared preloaded model
conv-30-qa-84,lalm,3.3580066666694446,6.477299999460229,99.19669999999314,109.03200666612281,one shared preloaded model
conv-30-qa-85,lalm,3.3580066666694446,9.645100000852835,99.19669999999314,112.19980666751542,one shared preloaded model
conv-30-qa-86,lalm,3.3580066666694446,9.765799999513547,99.19669999999314,112.32050666617613,one shared preloaded model
conv-30-qa-87,lalm,3.3580066666694446,9.917100000166101,99.19669999999314,112.47180666682868,one shared preloaded model
conv-30-qa-88,lalm,3.3580066666694446,6.400599999324186,106.33054999971137,116.08915666570499,one shared preloaded model
conv-30-qa-89,lalm,3.3580066666694446,9.18200000160141,106.33054999971137,118.87055666798221,one shared preloaded model
conv-30-qa-90,lalm,3.3580066666694446,9.829099999478785,106.33054999971137,119.51765666585959,one shared preloaded model
conv-30-qa-91,lalm,3.3580066666694446,9.369400000650785,106.33054999971137,119.05795666703159,one shared preloaded model
conv-30-qa-92,lalm,3.3580066666694446,6.883600000946899,82.57367499982138,92.81528166743772,one shared preloaded model
conv-30-qa-93,lalm,3.3580066666694446,9.770700000444776,82.57367499982138,95.7023816669356,one shared preloaded model
conv-30-qa-94,lalm,3.3580066666694446,9.457500000280561,82.57367499982138,95.38918166677138,one shared preloaded model
conv-30-qa-95,lalm,3.3580066666694446,9.499499999947147,82.57367499982138,95.43118166643796,one shared preloaded model
conv-30-qa-96,lalm,3.3580066666694446,6.8620000001828885,84.8025499999494,95.02255666680173,one shared preloaded model
conv-30-qa-97,lalm,3.3580066666694446,10.527399999773479,84.8025499999494,98.68795666639232,one shared preloaded model
conv-30-qa-98,lalm,3.3580066666694446,9.965500001271721,84.8025499999494,98.12605666789057,one shared preloaded model
conv-30-qa-99,lalm,3.3580066666694446,9.164600000076462,84.8025499999494,97.3251566666953,one shared preloaded model
conv-30-qa-100,lalm,3.3580066666694446,6.943300000784802,72.33080000014525,82.63210666759949,one shared preloaded model
conv-30-qa-101,lalm,3.3580066666694446,9.437300001081894,72.33080000014525,85.12610666789658,one shared preloaded model
conv-30-qa-102,lalm,3.3580066666694446,9.56410000071628,72.33080000014525,85.25290666753097,one shared preloaded model
conv-30-qa-103,lalm,3.3580066666694446,9.502699998847675,72.33080000014525,85.19150666566236,one shared preloaded model
conv-30-qa-104,lalm,3.3580066666694446,6.264499999815598,233.63640000025043,243.25890666673547,one shared preloaded model
conv-41-qa-0,lalm,3.0111994818665018,6.41399999949499,95.52359999997861,104.9487994813401,one shared preloaded model
conv-41-qa-1,lalm,3.0111994818665018,6.25199999922188,95.52359999997861,104.78679948106699,one shared preloaded model
conv-41-qa-2,lalm,3.0111994818665018,6.174000000100932,95.52359999997861,104.70879948194604,one shared preloaded model
conv-41-qa-3,lalm,3.0111994818665018,5.987900000036461,95.52359999997861,104.52269948188157,one shared preloaded model
conv-41-qa-4,lalm,3.0111994818665018,6.066500000088126,151.36402500002077,160.4417244819754,one shared preloaded model
conv-41-qa-5,lalm,3.0111994818665018,6.362500000250293,151.36402500002077,160.73772448213757,one shared preloaded model
conv-41-qa-6,lalm,3.0111994818665018,5.907099999603815,151.36402500002077,160.2823244814911,one shared preloaded model
conv-41-qa-7,lalm,3.0111994818665018,5.934699998761062,151.36402500002077,160.30992448064833,one shared preloaded model
conv-41-qa-8,lalm,3.0111994818665018,6.437900001401431,153.3543999998983,162.80349948316623,one shared preloaded model
conv-41-qa-9,lalm,3.0111994818665018,10.10150000001886,153.3543999998983,166.46709948178366,one shared preloaded model
conv-41-qa-10,lalm,3.0111994818665018,9.618599999157595,153.3543999998983,165.9841994809224,one shared preloaded model
conv-41-qa-11,lalm,3.0111994818665018,9.552499999699648,153.3543999998983,165.91809948146445,one shared preloaded model
conv-41-qa-12,lalm,3.0111994818665018,6.796599998779129,79.4906500000252,89.29844948067083,one shared preloaded model
conv-41-qa-13,lalm,3.0111994818665018,9.988100000555278,79.4906500000252,92.48994948244697,one shared preloaded model
conv-41-qa-14,lalm,3.0111994818665018,9.252399999240879,79.4906500000252,91.75424948113258,one shared preloaded model
conv-41-qa-15,lalm,3.0111994818665018,9.430199999769684,79.4906500000252,91.93204948166138,one shared preloaded model
conv-41-qa-16,lalm,3.0111994818665018,6.09219999932975,75.97937499986074,85.08277448105699,one shared preloaded model
conv-41-qa-17,lalm,3.0111994818665018,6.0923000000912,75.97937499986074,85.08287448181844,one shared preloaded model
conv-41-qa-18,lalm,3.0111994818665018,6.493200000477373,75.97937499986074,85.48377448220461,one shared preloaded model
conv-41-qa-19,lalm,3.0111994818665018,6.854100000055041,75.97937499986074,85.84467448178228,one shared preloaded model
conv-41-qa-20,lalm,3.0111994818665018,5.8237000012013596,151.24980000018695,160.0846994832548,one shared preloaded model
conv-41-qa-21,lalm,3.0111994818665018,6.132500000603613,151.24980000018695,160.39349948265706,one shared preloaded model
conv-41-qa-22,lalm,3.0111994818665018,9.817199999815784,151.24980000018695,164.07819948186923,one shared preloaded model
conv-41-qa-23,lalm,3.0111994818665018,9.601199999451637,151.24980000018695,163.8621994815051,one shared preloaded model
conv-41-qa-24,lalm,3.0111994818665018,6.487900000138325,154.65180000001055,164.15089948201538,one shared preloaded model
conv-41-qa-25,lalm,3.0111994818665018,5.384099998991587,154.65180000001055,163.04709948086864,one shared preloaded model
conv-41-qa-26,lalm,3.0111994818665018,9.1431000000739,154.65180000001055,166.80609948195095,one shared preloaded model
conv-41-qa-27,lalm,3.0111994818665018,6.035399999746005,154.65180000001055,163.69839948162306,one shared preloaded model
conv-41-qa-28,lalm,3.0111994818665018,6.065300000045681,132.59405000007973,141.6705494819919,one shared preloaded model
conv-41-qa-29,lalm,3.0111994818665018,5.628499999147607,132.59405000007973,141.23374948109384,one shared preloaded model
conv-41-qa-30,lalm,3.0111994818665018,9.86439999905997,132.59405000007973,145.4696494810062,one shared preloaded model
conv-41-qa-31,lalm,3.0111994818665018,9.647299999414827,132.59405000007973,145.25254948136106,one shared preloaded model
conv-41-qa-32,lalm,3.0111994818665018,6.868399999802932,88.86852500017994,98.74812448184937,one shared preloaded model
conv-41-qa-33,lalm,3.0111994818665018,6.436200001189718,88.86852500017994,98.31592448323616,one shared preloaded model
conv-41-qa-34,lalm,3.0111994818665018,6.13580000026559,88.86852500017994,98.01552448231203,one shared preloaded model
conv-41-qa-35,lalm,3.0111994818665018,5.895700000110082,88.86852500017994,97.77542448215652,one shared preloaded model
conv-41-qa-36,lalm,3.0111994818665018,5.759400000897585,158.09420000005048,166.86479948281456,one shared preloaded model
conv-41-qa-37,lalm,3.0111994818665018,5.386099999668659,158.09420000005048,166.49149948158563,one shared preloaded model
conv-41-qa-38,lalm,3.0111994818665018,6.750599999577389,158.09420000005048,167.85599948149436,one shared preloaded model
conv-41-qa-39,lalm,3.0111994818665018,6.253199999264325,158.09420000005048,167.3585994811813,one shared preloaded model
conv-41-qa-40,lalm,3.0111994818665018,6.384099999195314,108.74479999984032,118.14009948090214,one shared preloaded model
conv-41-qa-41,lalm,3.0111994818665018,5.311400000209687,108.74479999984032,117.06739948191651,one shared preloaded model
conv-41-qa-42,lalm,3.0111994818665018,6.094299998949282,108.74479999984032,117.8502994806561,one shared preloaded model
conv-41-qa-43,lalm,3.0111994818665018,6.702700000460027,108.74479999984032,118.45869948216685,one shared preloaded model
conv-41-qa-44,lalm,3.0111994818665018,6.542099999933271,246.72869999994873,256.2819994817485,one shared preloaded model
conv-41-qa-45,lalm,3.0111994818665018,10.114699998666765,246.72869999994873,259.854599480482,one shared preloaded model
conv-41-qa-46,lalm,3.0111994818665018,9.526299998469767,246.72869999994873,259.266199480285,one shared preloaded model
conv-41-qa-47,lalm,3.0111994818665018,9.333199999673525,246.72869999994873,259.0730994814888,one shared preloaded model
conv-41-qa-48,lalm,3.0111994818665018,6.273999999393709,149.45417499984615,158.73937448110635,one shared preloaded model
conv-41-qa-49,lalm,3.0111994818665018,10.146300000997144,149.45417499984615,162.6116744827098,one shared preloaded model
conv-41-qa-50,lalm,3.0111994818665018,7.32370000150695,149.45417499984615,159.7890744832196,one shared preloaded model
conv-41-qa-51,lalm,3.0111994818665018,9.028099999341066,149.45417499984615,161.4934744810537,one shared preloaded model
conv-41-qa-52,lalm,3.0111994818665018,6.39239999873098,152.5057500002731,161.9093494808706,one shared preloaded model
conv-41-qa-53,lalm,3.0111994818665018,10.628500000166241,152.5057500002731,166.14544948230585,one shared preloaded model
conv-41-qa-54,lalm,3.0111994818665018,7.3064999996859115,152.5057500002731,162.82344948182552,one shared preloaded model
conv-41-qa-55,lalm,3.0111994818665018,5.602600000202074,152.5057500002731,161.11954948234168,one shared preloaded model
conv-41-qa-56,lalm,3.0111994818665018,6.222500000149012,161.2356250002449,170.46932448226042,one shared preloaded model
conv-41-qa-57,lalm,3.0111994818665018,9.368799999720068,161.2356250002449,173.61562448183147,one shared preloaded model
conv-41-qa-58,lalm,3.0111994818665018,9.621700000934652,161.2356250002449,173.86852448304606,one shared preloaded model
conv-41-qa-59,lalm,3.0111994818665018,9.022500000355649,161.2356250002449,173.26932448246706,one shared preloaded model
conv-41-qa-60,lalm,3.0111994818665018,5.764499999713735,79.56650000005538,88.34219948163562,one shared preloaded model
conv-41-qa-61,lalm,3.0111994818665018,6.490800000392483,79.56650000005538,89.06849948231437,one shared preloaded model
conv-41-qa-62,lalm,3.0111994818665018,7.851599999412429,79.56650000005538,90.42929948133431,one shared preloaded model
conv-41-qa-63,lalm,3.0111994818665018,6.9100000000617,79.56650000005538,89.48769948198358,one shared preloaded model
conv-41-qa-64,lalm,3.0111994818665018,7.130099998903461,115.71477500001492,125.85607448078488,one shared preloaded model
conv-41-qa-65,lalm,3.0111994818665018,10.02390000030573,115.71477500001492,128.74987448218715,one shared preloaded model
conv-41-qa-66,lalm,3.0111994818665018,10.028099999544793,115.71477500001492,128.75407448142622,one shared preloaded model
conv-41-qa-67,lalm,3.0111994818665018,10.159800000110408,115.71477500001492,128.88577448199183,one shared preloaded model
conv-41-qa-68,lalm,3.0111994818665018,6.601900000532623,87.28647499992803,96.89957448232715,one shared preloaded model
conv-41-qa-69,lalm,3.0111994818665018,10.076399999888963,87.28647499992803,100.3740744816835,one shared preloaded model
conv-41-qa-70,lalm,3.0111994818665018,11.172500000611763,87.28647499992803,101.47017448240629,one shared preloaded model
conv-41-qa-71,lalm,3.0111994818665018,9.689400001661852,87.28647499992803,99.98707448345638,one shared preloaded model
conv-41-qa-72,lalm,3.0111994818665018,6.696500000543892,180.46665000019857,190.17434948260896,one shared preloaded model
conv-41-qa-73,lalm,3.0111994818665018,9.676600000602775,180.46665000019857,193.15444948266784,one shared preloaded model
conv-41-qa-74,lalm,3.0111994818665018,7.715100000496022,180.46665000019857,191.1929494825611,one shared preloaded model
conv-41-qa-75,lalm,3.0111994818665018,6.047900000339723,180.46665000019857,189.5257494824048,one shared preloaded model
conv-41-qa-76,lalm,3.0111994818665018,10.662100001354702,111.33707499993761,125.01037448315881,one shared preloaded model
conv-41-qa-77,lalm,3.0111994818665018,9.874500001387787,111.33707499993761,124.2227744831919,one shared preloaded model
conv-41-qa-78,lalm,3.0111994818665018,10.291499998857034,111.33707499993761,124.63977448066115,one shared preloaded model
conv-41-qa-79,lalm,3.0111994818665018,9.1986999996152,111.33707499993761,123.54697448141931,one shared preloaded model
conv-41-qa-80,lalm,3.0111994818665018,6.460399999923538,82.26592499977414,91.73752448156418,one shared preloaded model
conv-41-qa-81,lalm,3.0111994818665018,10.126800001671654,82.26592499977414,95.4039244833123,one shared preloaded model
conv-41-qa-82,lalm,3.0111994818665018,9.782499999346328,82.26592499977414,95.05962448098697,one shared preloaded model
conv-41-qa-83,lalm,3.0111994818665018,9.345800001028692,82.26592499977414,94.62292448266933,one shared preloaded model
conv-41-qa-84,lalm,3.0111994818665018,6.146899999293964,157.6488249997965,166.80692448095695,one shared preloaded model
conv-41-qa-85,lalm,3.0111994818665018,10.448600000017905,157.6488249997965,171.1086244816809,one shared preloaded model
conv-41-qa-86,lalm,3.0111994818665018,9.43820000065898,157.6488249997965,170.09822448232197,one shared preloaded model
conv-41-qa-87,lalm,3.0111994818665018,9.819599999900674,157.6488249997965,170.47962448156366,one shared preloaded model
conv-41-qa-88,lalm,3.0111994818665018,6.347200000163866,111.46312500022759,120.82152448225796,one shared preloaded model
conv-41-qa-89,lalm,3.0111994818665018,6.381299999702605,111.46312500022759,120.8556244817967,one shared preloaded model
conv-41-qa-90,lalm,3.0111994818665018,6.421000000045751,111.46312500022759,120.89532448213984,one shared preloaded model
conv-41-qa-91,lalm,3.0111994818665018,6.082300000343821,111.46312500022759,120.55662448243791,one shared preloaded model
conv-41-qa-92,lalm,3.0111994818665018,7.806899999195593,96.97967500005689,107.79777448111898,one shared preloaded model
conv-41-qa-93,lalm,3.0111994818665018,6.402499999239808,96.97967500005689,106.39337448116319,one shared preloaded model
conv-41-qa-94,lalm,3.0111994818665018,6.945200000700424,96.97967500005689,106.93607448262381,one shared preloaded model
conv-41-qa-95,lalm,3.0111994818665018,5.964699999822187,96.97967500005689,105.95557448174557,one shared preloaded model
conv-41-qa-96,lalm,3.0111994818665018,6.203999999343068,206.03094999978566,215.24614948099523,one shared preloaded model
conv-41-qa-97,lalm,3.0111994818665018,9.307100001024082,206.03094999978566,218.34924948267624,one shared preloaded model
conv-41-qa-98,lalm,3.0111994818665018,10.119800001120893,206.03094999978566,219.16194948277305,one shared preloaded model
conv-41-qa-99,lalm,3.0111994818665018,9.343499999886262,206.03094999978566,218.38564948153842,one shared preloaded model
conv-41-qa-100,lalm,3.0111994818665018,6.852399999843328,87.81762499984325,97.68122448155307,one shared preloaded model
conv-41-qa-101,lalm,3.0111994818665018,10.608300000967574,87.81762499984325,101.43712448267732,one shared preloaded model
conv-41-qa-102,lalm,3.0111994818665018,9.94870000067749,87.81762499984325,100.77752448238724,one shared preloaded model
conv-41-qa-103,lalm,3.0111994818665018,9.691299999758485,87.81762499984325,100.52012448146823,one shared preloaded model
conv-41-qa-104,lalm,3.0111994818665018,5.8809000001929235,80.15955000018948,89.0516494822489,one shared preloaded model
conv-41-qa-105,lalm,3.0111994818665018,5.241700000624405,80.15955000018948,88.41244948268039,one shared preloaded model
conv-41-qa-106,lalm,3.0111994818665018,6.736999999702675,80.15955000018948,89.90774948175866,one shared preloaded model
conv-41-qa-107,lalm,3.0111994818665018,6.669200000033015,80.15955000018948,89.839949482089,one shared preloaded model
conv-41-qa-108,lalm,3.0111994818665018,6.20840000010503,88.1746000000021,97.39419948197363,one shared preloaded model
conv-41-qa-109,lalm,3.0111994818665018,9.698400001070695,88.1746000000021,100.8841994829393,one shared preloaded model
conv-41-qa-110,lalm,3.0111994818665018,9.407600000486127,88.1746000000021,100.59339948235473,one shared preloaded model
conv-41-qa-111,lalm,3.0111994818665018,9.153700000751996,88.1746000000021,100.3394994826206,one shared preloaded model
conv-41-qa-112,lalm,3.0111994818665018,7.137799999327399,104.48595000025307,114.63494948144697,one shared preloaded model
conv-41-qa-113,lalm,3.0111994818665018,10.291000000506756,104.48595000025307,117.78814948262632,one shared preloaded model
conv-41-qa-114,lalm,3.0111994818665018,10.131900000487803,104.48595000025307,117.62904948260737,one shared preloaded model
conv-41-qa-115,lalm,3.0111994818665018,6.0945999994146405,104.48595000025307,113.59174948153421,one shared preloaded model
conv-41-qa-116,lalm,3.0111994818665018,6.763999999748194,155.37617500012857,165.15137448174326,one shared preloaded model
conv-41-qa-117,lalm,3.0111994818665018,10.278900001139846,155.37617500012857,168.6662744831349,one shared preloaded model
conv-41-qa-118,lalm,3.0111994818665018,9.731699999974808,155.37617500012857,168.11907448196988,one shared preloaded model
conv-41-qa-119,lalm,3.0111994818665018,10.047600000689272,155.37617500012857,168.43497448268434,one shared preloaded model
conv-41-qa-120,lalm,3.0111994818665018,9.77729999976873,93.02840000009382,105.81689948172905,one shared preloaded model
conv-41-qa-121,lalm,3.0111994818665018,5.392600000050152,93.02840000009382,101.43219948201047,one shared preloaded model
conv-41-qa-122,lalm,3.0111994818665018,7.005800000115414,93.02840000009382,103.04539948207574,one shared preloaded model
conv-41-qa-123,lalm,3.0111994818665018,10.156500000448432,93.02840000009382,106.19609948240875,one shared preloaded model
conv-41-qa-124,lalm,3.0111994818665018,6.601900000532623,159.13339999997334,168.74649948237246,one shared preloaded model
conv-41-qa-125,lalm,3.0111994818665018,9.802299999137176,159.13339999997334,171.946899480977,one shared preloaded model
conv-41-qa-126,lalm,3.0111994818665018,9.591699999873526,159.13339999997334,171.73629948171336,one shared preloaded model
conv-41-qa-127,lalm,3.0111994818665018,9.980900000300608,159.13339999997334,172.12549948214044,one shared preloaded model
conv-41-qa-128,lalm,3.0111994818665018,7.0500000001629815,83.16074999993361,93.2219494819631,one shared preloaded model
conv-41-qa-129,lalm,3.0111994818665018,9.862799999609706,83.16074999993361,96.03474948140982,one shared preloaded model
conv-41-qa-130,lalm,3.0111994818665018,9.471299999859184,83.16074999993361,95.6432494816593,one shared preloaded model
conv-41-qa-131,lalm,3.0111994818665018,10.199799999099923,83.16074999993361,96.37174948090004,one shared preloaded model
conv-41-qa-132,lalm,3.0111994818665018,9.951699999874108,147.8202000002966,160.78309948203722,one shared preloaded model
conv-41-qa-133,lalm,3.0111994818665018,10.07710000158113,147.8202000002966,160.90849948374424,one shared preloaded model
conv-41-qa-134,lalm,3.0111994818665018,9.674299999460345,147.8202000002966,160.50569948162345,one shared preloaded model
conv-41-qa-135,lalm,3.0111994818665018,9.783900000911672,147.8202000002966,160.61529948307478,one shared preloaded model
conv-41-qa-136,lalm,3.0111994818665018,6.565900001078262,102.50892500016562,112.08602448311038,one shared preloaded model
conv-41-qa-137,lalm,3.0111994818665018,10.049299999081995,102.50892500016562,115.56942448111411,one shared preloaded model
conv-41-qa-138,lalm,3.0111994818665018,9.933799999998882,102.50892500016562,115.453924482031,one shared preloaded model
conv-41-qa-139,lalm,3.0111994818665018,9.204699999827426,102.50892500016562,114.72482448185954,one shared preloaded model
conv-41-qa-140,lalm,3.0111994818665018,6.484899999122717,160.07812499992724,169.57422448091646,one shared preloaded model
conv-41-qa-141,lalm,3.0111994818665018,9.985600001527928,160.07812499992724,173.07492448332167,one shared preloaded model
conv-41-qa-142,lalm,3.0111994818665018,8.4417999987636,160.07812499992724,171.53112448055734,one shared preloaded model
conv-41-qa-143,lalm,3.0111994818665018,6.60769999922195,160.07812499992724,169.6970244810157,one shared preloaded model
conv-41-qa-144,lalm,3.0111994818665018,6.7453000010573305,97.29449999986173,107.05099948278556,one shared preloaded model
conv-41-qa-145,lalm,3.0111994818665018,9.483199999522185,97.29449999986173,109.78889948125041,one shared preloaded model
conv-41-qa-146,lalm,3.0111994818665018,9.282200000598095,97.29449999986173,109.58789948232632,one shared preloaded model
conv-41-qa-147,lalm,3.0111994818665018,9.112499999901047,97.29449999986173,109.41819948162927,one shared preloaded model
conv-41-qa-148,lalm,3.0111994818665018,6.608400000914116,107.975124999939,117.59472448271961,one shared preloaded model
conv-41-qa-149,lalm,3.0111994818665018,9.540600000036648,107.975124999939,120.52692448184214,one shared preloaded model
conv-41-qa-150,lalm,3.0111994818665018,9.499499999947147,107.975124999939,120.48582448175264,one shared preloaded model
conv-41-qa-151,lalm,3.0111994818665018,10.232700000415207,107.975124999939,121.2190244822207,one shared preloaded model
conv-41-qa-152,lalm,3.0111994818665018,5.767099999502534,85.6325999998262,94.41089948119523,one shared preloaded model
conv-41-qa-153,lalm,3.0111994818665018,6.660500001089531,85.6325999998262,95.30429948278223,one shared preloaded model
conv-41-qa-154,lalm,3.0111994818665018,6.226299999980256,85.6325999998262,94.87009948167295,one shared preloaded model
conv-41-qa-155,lalm,3.0111994818665018,6.016199999066885,85.6325999998262,94.65999948075958,one shared preloaded model
conv-41-qa-156,lalm,3.0111994818665018,6.150699999125209,81.5532249998796,90.71512448087131,one shared preloaded model
conv-41-qa-157,lalm,3.0111994818665018,9.831699999267585,81.5532249998796,94.39612448101369,one shared preloaded model
conv-41-qa-158,lalm,3.0111994818665018,10.054499998659594,81.5532249998796,94.6189244804057,one shared preloaded model
conv-41-qa-159,lalm,3.0111994818665018,11.157299999467796,81.5532249998796,95.7217244812139,one shared preloaded model
conv-41-qa-160,lalm,3.0111994818665018,6.777900000088266,95.78752500010523,105.57662448206,one shared preloaded model
conv-41-qa-161,lalm,3.0111994818665018,6.507800000690622,95.78752500010523,105.30652448266235,one shared preloaded model
conv-41-qa-162,lalm,3.0111994818665018,7.61160000001837,95.78752500010523,106.4103244819901,one shared preloaded model
conv-41-qa-163,lalm,3.0111994818665018,9.376499998325016,95.78752500010523,108.17522448029675,one shared preloaded model
conv-41-qa-164,lalm,3.0111994818665018,8.989200001451536,172.246775000076,184.24717448339405,one shared preloaded model
conv-41-qa-165,lalm,3.0111994818665018,9.731500000270898,172.246775000076,184.9894744822134,one shared preloaded model
conv-41-qa-166,lalm,3.0111994818665018,9.918699999616365,172.246775000076,185.17667448155888,one shared preloaded model
conv-41-qa-167,lalm,3.0111994818665018,6.314500000371481,172.246775000076,181.572474482314,one shared preloaded model
conv-41-qa-168,lalm,3.0111994818665018,6.726900001012837,81.33429999998043,91.07239948285977,one shared preloaded model
conv-41-qa-169,lalm,3.0111994818665018,9.81589999901189,81.33429999998043,94.16139948085882,one shared preloaded model
conv-41-qa-170,lalm,3.0111994818665018,9.850100001131068,81.33429999998043,94.195599482978,one shared preloaded model
conv-41-qa-171,lalm,3.0111994818665018,9.175299999697017,81.33429999998043,93.52079948154395,one shared preloaded model
conv-41-qa-172,lalm,3.0111994818665018,6.512199999633594,83.04644999998345,92.56984948148354,one shared preloaded model
conv-41-qa-173,lalm,3.0111994818665018,9.727000000566477,83.04644999998345,95.78464948241643,one shared preloaded model
conv-41-qa-174,lalm,3.0111994818665018,9.350800000902382,83.04644999998345,95.40844948275233,one shared preloaded model
conv-41-qa-175,lalm,3.0111994818665018,9.593900000254507,83.04644999998345,95.65154948210446,one shared preloaded model
conv-41-qa-176,lalm,3.0111994818665018,7.097800000337884,83.52674999969167,93.63574948189606,one shared preloaded model
conv-41-qa-177,lalm,3.0111994818665018,10.145399999601068,83.52674999969167,96.68334948115924,one shared preloaded model
conv-41-qa-178,lalm,3.0111994818665018,9.258599999157013,83.52674999969167,95.79654948071519,one shared preloaded model
conv-41-qa-179,lalm,3.0111994818665018,9.21809999999823,83.52674999969167,95.7560494815564,one shared preloaded model
conv-41-qa-180,lalm,3.0111994818665018,6.644899998718756,83.20962500010864,92.8657244806939,one shared preloaded model
conv-41-qa-181,lalm,3.0111994818665018,9.421900000234018,83.20962500010864,95.64272448220916,one shared preloaded model
conv-41-qa-182,lalm,3.0111994818665018,10.533700000451063,83.20962500010864,96.7545244824262,one shared preloaded model
conv-41-qa-183,lalm,3.0111994818665018,9.500699999989592,83.20962500010864,95.72152448196474,one shared preloaded model
conv-41-qa-184,lalm,3.0111994818665018,7.016200001089601,86.75315000027695,96.78054948323305,one shared preloaded model
conv-41-qa-185,lalm,3.0111994818665018,10.291000000506756,86.75315000027695,100.0553494826502,one shared preloaded model
conv-41-qa-186,lalm,3.0111994818665018,6.311999999525142,86.75315000027695,96.07634948166859,one shared preloaded model
conv-41-qa-187,lalm,3.0111994818665018,5.900300000575953,86.75315000027695,95.6646494827194,one shared preloaded model
conv-41-qa-188,lalm,3.0111994818665018,6.674700000075973,94.70352500011359,104.38942448205606,one shared preloaded model
conv-41-qa-189,lalm,3.0111994818665018,9.866299998975592,94.70352500011359,107.58102448095568,one shared preloaded model
conv-41-qa-190,lalm,3.0111994818665018,9.493300000031013,94.70352500011359,107.2080244820111,one shared preloaded model
conv-41-qa-191,lalm,3.0111994818665018,9.114599999520578,94.70352500011359,106.82932448150066,one shared preloaded model
conv-41-qa-192,lalm,3.0111994818665018,6.053799999790499,172.0817999994324,181.1467994810894,one shared preloaded model
conv-42-qa-0,lalm,2.2801319230753645,9.797100001378567,118.27519999997094,130.35243192442488,one shared preloaded model
conv-42-qa-1,lalm,2.2801319230753645,9.608799999114126,118.27519999997094,130.16413192216044,one shared preloaded model
conv-42-qa-2,lalm,2.2801319230753645,9.433799999897019,118.27519999997094,129.98913192294333,one shared preloaded model
conv-42-qa-3,lalm,2.2801319230753645,9.583999999449588,118.27519999997094,130.1393319224959,one shared preloaded model
conv-42-qa-4,lalm,2.2801319230753645,6.442599998990772,157.15272500028732,165.87545692235346,one shared preloaded model
conv-42-qa-5,lalm,2.2801319230753645,7.757899998978246,157.15272500028732,167.19075692234094,one shared preloaded model
conv-42-qa-6,lalm,2.2801319230753645,5.762999999205931,157.15272500028732,165.19585692256862,one shared preloaded model
conv-42-qa-7,lalm,2.2801319230753645,6.127899998318753,157.15272500028732,165.56075692168145,one shared preloaded model
conv-42-qa-8,lalm,2.2801319230753645,5.928399999902467,150.41037499986487,158.6189069228427,one shared preloaded model
conv-42-qa-9,lalm,2.2801319230753645,5.379399999583256,150.41037499986487,158.0699069225235,one shared preloaded model
conv-42-qa-10,lalm,2.2801319230753645,6.851300000562333,150.41037499986487,159.54180692350258,one shared preloaded model
conv-42-qa-11,lalm,2.2801319230753645,5.9881999986828305,150.41037499986487,158.67870692162307,one shared preloaded model
conv-42-qa-12,lalm,2.2801319230753645,6.886299999678158,184.394975000032,193.56140692278552,one shared preloaded model
conv-42-qa-13,lalm,2.2801319230753645,9.669200000644196,184.394975000032,196.34430692375156,one shared preloaded model
conv-42-qa-14,lalm,2.2801319230753645,9.388399999807007,184.394975000032,196.06350692291437,one shared preloaded model
conv-42-qa-15,lalm,2.2801319230753645,9.004899999126792,184.394975000032,195.68000692223416,one shared preloaded model
conv-42-qa-16,lalm,2.2801319230753645,6.3217000006261514,151.99917500012816,160.6010069238297,one shared preloaded model
conv-42-qa-17,lalm,2.2801319230753645,10.647000000972184,151.99917500012816,164.92630692417572,one shared preloaded model
conv-42-qa-18,lalm,2.2801319230753645,10.012500000811997,151.99917500012816,164.29180692401553,one shared preloaded model
conv-42-qa-19,lalm,2.2801319230753645,9.789600000658538,151.99917500012816,164.06890692386207,one shared preloaded model
conv-42-qa-20,lalm,2.2801319230753645,6.438899999920977,168.68969999995898,177.40873192295533,one shared preloaded model
conv-42-qa-21,lalm,2.2801319230753645,5.474499999763793,168.68969999995898,176.44433192279814,one shared preloaded model
conv-42-qa-22,lalm,2.2801319230753645,6.107700000939076,168.68969999995898,177.07753192397342,one shared preloaded model
conv-42-qa-23,lalm,2.2801319230753645,6.289499999184045,168.68969999995898,177.2593319222184,one shared preloaded model
conv-42-qa-24,lalm,2.2801319230753645,6.31969999994908,160.26442500015037,168.86425692317482,one shared preloaded model
conv-42-qa-25,lalm,2.2801319230753645,9.6971000002668,160.26442500015037,172.24165692349254,one shared preloaded model
conv-42-qa-26,lalm,2.2801319230753645,9.611400000721915,160.26442500015037,172.15595692394766,one shared preloaded model
conv-42-qa-27,lalm,2.2801319230753645,9.36349999938102,160.26442500015037,171.90805692260676,one shared preloaded model
conv-42-qa-28,lalm,2.2801319230753645,6.328100000246195,159.67152500024895,168.27975692357052,one shared preloaded model
conv-42-qa-29,lalm,2.2801319230753645,6.184399999256129,159.67152500024895,168.13605692258045,one shared preloaded model
conv-42-qa-30,lalm,2.2801319230753645,6.952799998543924,159.67152500024895,168.90445692186825,one shared preloaded model
conv-42-qa-31,lalm,2.2801319230753645,6.3645000009273645,159.67152500024895,168.3161569242517,one shared preloaded model
conv-42-qa-32,lalm,2.2801319230753645,6.253100000321865,169.77957500012053,178.31280692351777,one shared preloaded model
conv-42-qa-33,lalm,2.2801319230753645,6.853900000351132,169.77957500012053,178.91360692354704,one shared preloaded model
conv-42-qa-34,lalm,2.2801319230753645,5.9547000000748085,169.77957500012053,178.0144069232707,one shared preloaded model
conv-42-qa-35,lalm,2.2801319230753645,6.103800000346382,169.77957500012053,178.1635069235423,one shared preloaded model
conv-42-qa-36,lalm,2.2801319230753645,6.2654999983351445,154.7426249999262,163.2882569213367,one shared preloaded model
conv-42-qa-37,lalm,2.2801319230753645,9.88359999973909,154.7426249999262,166.90635692274066,one shared preloaded model
conv-42-qa-38,lalm,2.2801319230753645,9.754599999723723,154.7426249999262,166.7773569227253,one shared preloaded model
conv-42-qa-39,lalm,2.2801319230753645,5.323900000803405,154.7426249999262,162.34665692380497,one shared preloaded model
conv-42-qa-40,lalm,2.2801319230753645,6.390900000042166,119.72349999996368,128.39453192308122,one shared preloaded model
conv-42-qa-41,lalm,2.2801319230753645,9.679799999503302,119.72349999996368,131.68343192254235,one shared preloaded model
conv-42-qa-42,lalm,2.2801319230753645,9.702600000309758,119.72349999996368,131.7062319233488,one shared preloaded model
conv-42-qa-43,lalm,2.2801319230753645,9.64179999937187,119.72349999996368,131.64543192241092,one shared preloaded model
conv-42-qa-44,lalm,2.2801319230753645,6.196699998326949,161.44949999988967,169.926331921292,one shared preloaded model
conv-42-qa-45,lalm,2.2801319230753645,9.652200000346056,161.44949999988967,173.3818319233111,one shared preloaded model
conv-42-qa-46,lalm,2.2801319230753645,9.43360000019311,161.44949999988967,173.16323192315815,one shared preloaded model
conv-42-qa-47,lalm,2.2801319230753645,9.354600000733626,161.44949999988967,173.08423192369867,one shared preloaded model
conv-42-qa-48,lalm,2.2801319230753645,6.303899999693385,124.16720000010173,132.7512319228705,one shared preloaded model
conv-42-qa-49,lalm,2.2801319230753645,9.626799999750801,124.16720000010173,136.0741319229279,one shared preloaded model
conv-42-qa-50,lalm,2.2801319230753645,10.864500000025146,124.16720000010173,137.31183192320225,one shared preloaded model
conv-42-qa-51,lalm,2.2801319230753645,9.35129999925266,124.16720000010173,135.79863192242976,one shared preloaded model
conv-42-qa-52,lalm,2.2801319230753645,6.724099999701139,183.44072499985487,192.44495692263138,one shared preloaded model
conv-42-qa-53,lalm,2.2801319230753645,9.850000000369619,183.44072499985487,195.57085692329986,one shared preloaded model
conv-42-qa-54,lalm,2.2801319230753645,6.895099999383092,183.44072499985487,192.61595692231333,one shared preloaded model
conv-42-qa-55,lalm,2.2801319230753645,5.274699999063159,183.44072499985487,190.9955569219934,one shared preloaded model
conv-42-qa-56,lalm,2.2801319230753645,8.194000000003143,79.25470000009227,89.72883192317077,one shared preloaded model
conv-42-qa-57,lalm,2.2801319230753645,10.42319999942265,79.25470000009227,91.95803192259028,one shared preloaded model
conv-42-qa-58,lalm,2.2801319230753645,9.559000000081141,79.25470000009227,91.09383192324877,one shared preloaded model
conv-42-qa-59,lalm,2.2801319230753645,9.2157999988558,79.25470000009227,90.75063192202343,one shared preloaded model
conv-42-qa-60,lalm,2.2801319230753645,7.579200000691344,83.45167500010575,93.31100692387245,one shared preloaded model
conv-42-qa-61,lalm,2.2801319230753645,9.485300000960706,83.45167500010575,95.21710692414182,one shared preloaded model
conv-42-qa-62,lalm,2.2801319230753645,9.77440000133356,83.45167500010575,95.50620692451467,one shared preloaded model
conv-42-qa-63,lalm,2.2801319230753645,9.46490000023914,83.45167500010575,95.19670692342025,one shared preloaded model
conv-42-qa-64,lalm,2.2801319230753645,8.540400000129011,151.29655000009734,162.11708192330173,one shared preloaded model
conv-42-qa-65,lalm,2.2801319230753645,10.266100000080769,151.29655000009734,163.84278192325348,one shared preloaded model
conv-42-qa-66,lalm,2.2801319230753645,9.470199998759199,151.29655000009734,163.0468819219319,one shared preloaded model
conv-42-qa-67,lalm,2.2801319230753645,9.543899999698624,151.29655000009734,163.12058192287134,one shared preloaded model
conv-42-qa-68,lalm,2.2801319230753645,7.367800000793068,66.54715000013312,76.19508192400154,one shared preloaded model
conv-42-qa-69,lalm,2.2801319230753645,6.665400000201771,66.54715000013312,75.49268192341025,one shared preloaded model
conv-42-qa-70,lalm,2.2801319230753645,6.804299999203067,66.54715000013312,75.63158192241154,one shared preloaded model
conv-42-qa-71,lalm,2.2801319230753645,9.89060000028985,66.54715000013312,78.71788192349833,one shared preloaded model
conv-42-qa-72,lalm,2.2801319230753645,7.063299999572337,80.80489999974816,90.14833192239585,one shared preloaded model
conv-42-qa-73,lalm,2.2801319230753645,6.478499999502674,80.80489999974816,89.56353192232619,one shared preloaded model
conv-42-qa-74,lalm,2.2801319230753645,5.950299999312847,80.80489999974816,89.03533192213636,one shared preloaded model
conv-42-qa-75,lalm,2.2801319230753645,6.265599999096594,80.80489999974816,89.35063192192011,one shared preloaded model
conv-42-qa-76,lalm,2.2801319230753645,6.566199999724631,205.93085000018618,214.7771819229862,one shared preloaded model
conv-42-qa-77,lalm,2.2801319230753645,5.947999999989406,205.93085000018618,214.15898192325096,one shared preloaded model
conv-42-qa-78,lalm,2.2801319230753645,6.341299998894101,205.93085000018618,214.55228192215566,one shared preloaded model
conv-42-qa-79,lalm,2.2801319230753645,7.444299999406212,205.93085000018618,215.65528192266777,one shared preloaded model
conv-42-qa-80,lalm,2.2801319230753645,6.00020000092627,91.08822499956659,99.36855692356822,one shared preloaded model
conv-42-qa-81,lalm,2.2801319230753645,5.4710999993403675,91.08822499956659,98.83945692198232,one shared preloaded model
conv-42-qa-82,lalm,2.2801319230753645,8.911599999919417,91.08822499956659,102.27995692256137,one shared preloaded model
conv-42-qa-83,lalm,2.2801319230753645,9.572500001013395,91.08822499956659,102.94085692365535,one shared preloaded model
conv-42-qa-84,lalm,2.2801319230753645,8.244699998613214,131.90025000039896,142.42508192208754,one shared preloaded model
conv-42-qa-85,lalm,2.2801319230753645,10.397199999715667,131.90025000039896,144.57758192319,one shared preloaded model
conv-42-qa-86,lalm,2.2801319230753645,9.630099999412778,131.90025000039896,143.8104819228871,one shared preloaded model
conv-42-qa-87,lalm,2.2801319230753645,9.58100000025297,131.90025000039896,143.7613819237273,one shared preloaded model
conv-42-qa-88,lalm,2.2801319230753645,6.325199999992037,94.41289999995206,103.01823192301946,one shared preloaded model
conv-42-qa-89,lalm,2.2801319230753645,9.578299999702722,94.41289999995206,106.27133192273014,one shared preloaded model
conv-42-qa-90,lalm,2.2801319230753645,9.650400001191883,94.41289999995206,106.3434319242193,one shared preloaded model
conv-42-qa-91,lalm,2.2801319230753645,9.217500000886503,94.41289999995206,105.91053192391392,one shared preloaded model
conv-42-qa-92,lalm,2.2801319230753645,6.070700001146179,88.52274999981091,96.87358192403245,one shared preloaded model
conv-42-qa-93,lalm,2.2801319230753645,9.376800000609364,88.52274999981091,100.17968192349564,one shared preloaded model
conv-42-qa-94,lalm,2.2801319230753645,9.52780000079656,88.52274999981091,100.33068192368283,one shared preloaded model
conv-42-qa-95,lalm,2.2801319230753645,9.436800000912626,88.52274999981091,100.2396819237989,one shared preloaded model
conv-42-qa-96,lalm,2.2801319230753645,8.520199999111355,208.06744999981674,218.86778192200347,one shared preloaded model
conv-42-qa-97,lalm,2.2801319230753645,9.941100001015002,208.06744999981674,220.28868192390712,one shared preloaded model
conv-42-qa-98,lalm,2.2801319230753645,6.5936999999394175,208.06744999981674,216.94128192283154,one shared preloaded model
conv-42-qa-99,lalm,2.2801319230753645,6.141100000604638,208.06744999981674,216.48868192349676,one shared preloaded model
conv-42-qa-100,lalm,2.2801319230753645,6.422600001315004,274.9847000000045,283.6874319243949,one shared preloaded model
conv-42-qa-101,lalm,2.2801319230753645,9.753299998919829,274.9847000000045,287.0181319219997,one shared preloaded model
conv-42-qa-102,lalm,2.2801319230753645,10.460600000442355,274.9847000000045,287.72543192352225,one shared preloaded model
conv-42-qa-103,lalm,2.2801319230753645,10.035600000264822,274.9847000000045,287.3004319233447,one shared preloaded model
conv-42-qa-104,lalm,2.2801319230753645,8.612200001152814,148.7133749997156,159.60570692394379,one shared preloaded model
conv-42-qa-105,lalm,2.2801319230753645,10.73750000068685,148.7133749997156,161.73100692347782,one shared preloaded model
conv-42-qa-106,lalm,2.2801319230753645,9.264500000426779,148.7133749997156,160.25800692321775,one shared preloaded model
conv-42-qa-107,lalm,2.2801319230753645,9.620500000892207,148.7133749997156,160.61400692368318,one shared preloaded model
conv-42-qa-108,lalm,2.2801319230753645,6.512399999337504,81.2430249998215,90.03555692223436,one shared preloaded model
conv-42-qa-109,lalm,2.2801319230753645,10.0189999993745,81.2430249998215,93.54215692227136,one shared preloaded model
conv-42-qa-110,lalm,2.2801319230753645,9.530699999231729,81.2430249998215,93.05385692212859,one shared preloaded model
conv-42-qa-111,lalm,2.2801319230753645,9.21820000075968,81.2430249998215,92.74135692365654,one shared preloaded model
conv-42-qa-112,lalm,2.2801319230753645,7.24130000162404,109.13897500040548,118.66040692510488,one shared preloaded model
conv-42-qa-113,lalm,2.2801319230753645,9.26199999958044,109.13897500040548,120.68110692306128,one shared preloaded model
conv-42-qa-114,lalm,2.2801319230753645,9.439299999939976,109.13897500040548,120.85840692342082,one shared preloaded model
conv-42-qa-115,lalm,2.2801319230753645,9.229600000253413,109.13897500040548,120.64870692373425,one shared preloaded model
conv-42-qa-116,lalm,2.2801319230753645,6.224400000064634,81.6149500001302,90.11948192327019,one shared preloaded model
conv-42-qa-117,lalm,2.2801319230753645,10.937400000329944,81.6149500001302,94.8324819235355,one shared preloaded model
conv-42-qa-118,lalm,2.2801319230753645,9.988499999963096,81.6149500001302,93.88358192316865,one shared preloaded model
conv-42-qa-119,lalm,2.2801319230753645,9.735200001159683,81.6149500001302,93.63028192436524,one shared preloaded model
conv-42-qa-120,lalm,2.2801319230753645,7.409100000586477,162.22344999960114,171.912681923263,one shared preloaded model
conv-42-qa-121,lalm,2.2801319230753645,9.639699999752338,162.22344999960114,174.14328192242886,one shared preloaded model
conv-42-qa-122,lalm,2.2801319230753645,7.322299999941606,162.22344999960114,171.82588192261812,one shared preloaded model
conv-42-qa-123,lalm,2.2801319230753645,5.975899999612011,162.22344999960114,170.47948192228853,one shared preloaded model
conv-42-qa-124,lalm,2.2801319230753645,6.290400000580121,237.35785000008036,245.92838192373586,one shared preloaded model
conv-42-qa-125,lalm,2.2801319230753645,10.3092999997898,237.35785000008036,249.94728192294554,one shared preloaded model
conv-42-qa-126,lalm,2.2801319230753645,9.944600000380888,237.35785000008036,249.58258192353662,one shared preloaded model
conv-42-qa-127,lalm,2.2801319230753645,5.943500000284985,237.35785000008036,245.58148192344072,one shared preloaded model
conv-42-qa-128,lalm,2.2801319230753645,8.278099998278776,170.54989999996906,181.1081319213232,one shared preloaded model
conv-42-qa-129,lalm,2.2801319230753645,5.304199999955017,170.54989999996906,178.13423192299945,one shared preloaded model
conv-42-qa-130,lalm,2.2801319230753645,7.0132999990164535,170.54989999996906,179.84333192206088,one shared preloaded model
conv-42-qa-131,lalm,2.2801319230753645,6.29789999948116,170.54989999996906,179.1279319225256,one shared preloaded model
conv-42-qa-132,lalm,2.2801319230753645,6.368700000166427,80.69512500014753,89.34395692338931,one shared preloaded model
conv-42-qa-133,lalm,2.2801319230753645,5.8019999996759,80.69512500014753,88.77725692289879,one shared preloaded model
conv-42-qa-134,lalm,2.2801319230753645,8.29130000056466,80.69512500014753,91.26655692378755,one shared preloaded model
conv-42-qa-135,lalm,2.2801319230753645,9.489699999903678,80.69512500014753,92.46495692312656,one shared preloaded model
conv-42-qa-136,lalm,2.2801319230753645,6.798200000048382,86.08265000020765,95.16098192333139,one shared preloaded model
conv-42-qa-137,lalm,2.2801319230753645,6.666699999186676,86.08265000020765,95.02948192246969,one shared preloaded model
conv-42-qa-138,lalm,2.2801319230753645,6.420699999580393,86.08265000020765,94.7834819228634,one shared preloaded model
conv-42-qa-139,lalm,2.2801319230753645,7.01649999973597,86.08265000020765,95.37928192301898,one shared preloaded model
conv-42-qa-140,lalm,2.2801319230753645,6.275800000366871,150.99300000019866,159.5489319236409,one shared preloaded model
conv-42-qa-141,lalm,2.2801319230753645,9.366199999931268,150.99300000019866,162.6393319232053,one shared preloaded model
conv-42-qa-142,lalm,2.2801319230753645,10.001000000556814,150.99300000019866,163.27413192383085,one shared preloaded model
conv-42-qa-143,lalm,2.2801319230753645,10.03350000064529,150.99300000019866,163.30663192391933,one shared preloaded model
conv-42-qa-144,lalm,2.2801319230753645,6.555100000696257,91.30240000013146,100.13763192390307,one shared preloaded model
conv-42-qa-145,lalm,2.2801319230753645,10.293999999703374,91.30240000013146,103.87653192291019,one shared preloaded model
conv-42-qa-146,lalm,2.2801319230753645,9.803200000533252,91.30240000013146,103.38573192374007,one shared preloaded model
conv-42-qa-147,lalm,2.2801319230753645,10.219200001301942,91.30240000013146,103.80173192450876,one shared preloaded model
conv-42-qa-148,lalm,2.2801319230753645,7.0503999995708,140.5714249999619,149.90195692260806,one shared preloaded model
conv-42-qa-149,lalm,2.2801319230753645,10.146200000235694,140.5714249999619,152.99775692327296,one shared preloaded model
conv-42-qa-150,lalm,2.2801319230753645,9.71650000064983,140.5714249999619,152.5680569236871,one shared preloaded model
conv-42-qa-151,lalm,2.2801319230753645,9.183899999698042,140.5714249999619,152.0354569227353,one shared preloaded model
conv-42-qa-152,lalm,2.2801319230753645,6.356199999572709,87.98627499982103,96.6226069224691,one shared preloaded model
conv-42-qa-153,lalm,2.2801319230753645,6.803800000852789,87.98627499982103,97.07020692374918,one shared preloaded model
conv-42-qa-154,lalm,2.2801319230753645,10.251600000628969,87.98627499982103,100.51800692352536,one shared preloaded model
conv-42-qa-155,lalm,2.2801319230753645,9.470500001043547,87.98627499982103,99.73690692393994,one shared preloaded model
conv-42-qa-156,lalm,2.2801319230753645,6.980400001339149,129.41277500021897,138.6733069246335,one shared preloaded model
conv-42-qa-157,lalm,2.2801319230753645,10.344199999963166,129.41277500021897,142.0371069232575,one shared preloaded model
conv-42-qa-158,lalm,2.2801319230753645,10.59000000168453,129.41277500021897,142.28290692497887,one shared preloaded model
conv-42-qa-159,lalm,2.2801319230753645,10.250200000882614,129.41277500021897,141.94310692417696,one shared preloaded model
conv-42-qa-160,lalm,2.2801319230753645,6.846100000984734,99.01124999987587,108.13748192393597,one shared preloaded model
conv-42-qa-161,lalm,2.2801319230753645,9.28360000034445,99.01124999987587,110.57498192329568,one shared preloaded model
conv-42-qa-162,lalm,2.2801319230753645,10.278899999320856,99.01124999987587,111.57028192227209,one shared preloaded model
conv-42-qa-163,lalm,2.2801319230753645,9.497000000919797,99.01124999987587,110.78838192387103,one shared preloaded model
conv-42-qa-164,lalm,2.2801319230753645,6.483000001026085,143.1296249998013,151.89275692390277,one shared preloaded model
conv-42-qa-165,lalm,2.2801319230753645,10.423499999888008,143.1296249998013,155.8332569227647,one shared preloaded model
conv-42-qa-166,lalm,2.2801319230753645,9.425899999769172,143.1296249998013,154.83565692264585,one shared preloaded model
conv-42-qa-167,lalm,2.2801319230753645,9.413899999344721,143.1296249998013,154.8236569222214,one shared preloaded model
conv-42-qa-168,lalm,2.2801319230753645,6.907000000865082,136.86337499984802,146.05050692378848,one shared preloaded model
conv-42-qa-169,lalm,2.2801319230753645,10.02650000009453,136.86337499984802,149.17000692301792,one shared preloaded model
conv-42-qa-170,lalm,2.2801319230753645,9.810499999730382,136.86337499984802,148.95400692265378,one shared preloaded model
conv-42-qa-171,lalm,2.2801319230753645,9.257899999283836,136.86337499984802,148.40140692220723,one shared preloaded model
conv-42-qa-172,lalm,2.2801319230753645,6.6842999985965434,94.50252499982525,103.46695692149716,one shared preloaded model
conv-42-qa-173,lalm,2.2801319230753645,10.08430000001681,94.50252499982525,106.86695692291742,one shared preloaded model
conv-42-qa-174,lalm,2.2801319230753645,9.557200000926969,94.50252499982525,106.33985692382758,one shared preloaded model
conv-42-qa-175,lalm,2.2801319230753645,9.299999999711872,94.50252499982525,106.08265692261249,one shared preloaded model
conv-42-qa-176,lalm,2.2801319230753645,9.147200000370503,159.05382500022824,170.48115692367412,one shared preloaded model
conv-42-qa-177,lalm,2.2801319230753645,9.663000000728061,159.05382500022824,170.99695692403168,one shared preloaded model
conv-42-qa-178,lalm,2.2801319230753645,9.632399998736219,159.05382500022824,170.96635692203984,one shared preloaded model
conv-42-qa-179,lalm,2.2801319230753645,10.361900000134483,159.05382500022824,171.6958569234381,one shared preloaded model
conv-42-qa-180,lalm,2.2801319230753645,6.709600000249338,102.67797500000597,111.66770692333067,one shared preloaded model
conv-42-qa-181,lalm,2.2801319230753645,10.519599998588092,102.67797500000597,115.47770692166942,one shared preloaded model
conv-42-qa-182,lalm,2.2801319230753645,10.427699999127071,102.67797500000597,115.3858069222084,one shared preloaded model
conv-42-qa-183,lalm,2.2801319230753645,7.121799999367795,102.67797500000597,112.07990692244913,one shared preloaded model
conv-42-qa-184,lalm,2.2801319230753645,8.705500000360189,88.24885000012728,99.23448192356283,one shared preloaded model
conv-42-qa-185,lalm,2.2801319230753645,10.203900001215516,88.24885000012728,100.73288192441815,one shared preloaded model
conv-42-qa-186,lalm,2.2801319230753645,9.220199999617762,88.24885000012728,99.7491819228204,one shared preloaded model
conv-42-qa-187,lalm,2.2801319230753645,10.001700000429992,88.24885000012728,100.53068192363263,one shared preloaded model
conv-42-qa-188,lalm,2.2801319230753645,6.729999999151914,172.3586250000153,181.3687569222426,one shared preloaded model
conv-42-qa-189,lalm,2.2801319230753645,9.705200000098557,172.3586250000153,184.34395692318924,one shared preloaded model
conv-42-qa-190,lalm,2.2801319230753645,9.258199999749195,172.3586250000153,183.89695692283988,one shared preloaded model
conv-42-qa-191,lalm,2.2801319230753645,9.168800001134514,172.3586250000153,183.8075569242252,one shared preloaded model
conv-42-qa-192,lalm,2.2801319230753645,6.4806999998836545,117.83087499998146,126.59170692294047,one shared preloaded model
conv-42-qa-193,lalm,2.2801319230753645,6.487900000138325,117.83087499998146,126.59890692319514,one shared preloaded model
conv-42-qa-194,lalm,2.2801319230753645,5.784599999969942,117.83087499998146,125.89560692302676,one shared preloaded model
conv-42-qa-195,lalm,2.2801319230753645,9.694599999420461,117.83087499998146,129.8056069224773,one shared preloaded model
conv-42-qa-196,lalm,2.2801319230753645,6.337600001643295,130.35915000000386,138.97688192472253,one shared preloaded model
conv-42-qa-197,lalm,2.2801319230753645,6.800400000429363,130.35915000000386,139.4396819235086,one shared preloaded model
conv-42-qa-198,lalm,2.2801319230753645,5.764400000771275,130.35915000000386,138.4036819238505,one shared preloaded model
conv-42-qa-199,lalm,2.2801319230753645,5.1313999992999015,130.35915000000386,137.77068192237914,one shared preloaded model
conv-42-qa-200,lalm,2.2801319230753645,7.432200000039302,81.67542499995761,91.38775692307227,one shared preloaded model
conv-42-qa-201,lalm,2.2801319230753645,9.802000000490807,81.67542499995761,93.75755692352378,one shared preloaded model
conv-42-qa-202,lalm,2.2801319230753645,9.160699999483768,81.67542499995761,93.11625692251674,one shared preloaded model
conv-42-qa-203,lalm,2.2801319230753645,9.441899999728776,81.67542499995761,93.39745692276175,one shared preloaded model
conv-42-qa-204,lalm,2.2801319230753645,6.419399998776498,84.7974250000334,93.49695692188526,one shared preloaded model
conv-42-qa-205,lalm,2.2801319230753645,9.37079999857815,84.7974250000334,96.44835692168691,one shared preloaded model
conv-42-qa-206,lalm,2.2801319230753645,9.75540000035835,84.7974250000334,96.83295692346711,one shared preloaded model
conv-42-qa-207,lalm,2.2801319230753645,10.010699999838835,84.7974250000334,97.0882569229476,one shared preloaded model
conv-42-qa-208,lalm,2.2801319230753645,6.179999998494168,84.06200000035824,92.52213192192777,one shared preloaded model
conv-42-qa-209,lalm,2.2801319230753645,5.980099998851074,84.06200000035824,92.32223192228467,one shared preloaded model
conv-42-qa-210,lalm,2.2801319230753645,6.748699999661767,84.06200000035824,93.09083192309537,one shared preloaded model
conv-42-qa-211,lalm,2.2801319230753645,6.165099999634549,84.06200000035824,92.50723192306815,one shared preloaded model
conv-42-qa-212,lalm,2.2801319230753645,7.125500000256579,78.97257500007981,88.37820692341175,one shared preloaded model
conv-42-qa-213,lalm,2.2801319230753645,9.509399998933077,78.97257500007981,90.76210692208825,one shared preloaded model
conv-42-qa-214,lalm,2.2801319230753645,6.596900000658934,78.97257500007981,87.84960692381411,one shared preloaded model
conv-42-qa-215,lalm,2.2801319230753645,5.904399999053567,78.97257500007981,87.15710692220874,one shared preloaded model
conv-42-qa-216,lalm,2.2801319230753645,6.934000000910601,79.26605000011477,88.48018192410073,one shared preloaded model
conv-42-qa-217,lalm,2.2801319230753645,6.3151000013021985,79.26605000011477,87.86128192449233,one shared preloaded model
conv-42-qa-218,lalm,2.2801319230753645,6.131899999672896,79.26605000011477,87.67808192286303,one shared preloaded model
conv-42-qa-219,lalm,2.2801319230753645,6.886600000143517,79.26605000011477,88.43278192333365,one shared preloaded model
conv-42-qa-220,lalm,2.2801319230753645,6.0284999999566935,76.20902500002558,84.51765692305763,one shared preloaded model
conv-42-qa-221,lalm,2.2801319230753645,6.676500001049135,76.20902500002558,85.16565692415007,one shared preloaded model
conv-42-qa-222,lalm,2.2801319230753645,6.554100000357721,76.20902500002558,85.04325692345866,one shared preloaded model
conv-42-qa-223,lalm,2.2801319230753645,6.2438000004476635,76.20902500002558,84.7329569235486,one shared preloaded model
conv-42-qa-224,lalm,2.2801319230753645,5.9856999996554805,82.2620500002813,90.52788192301215,one shared preloaded model
conv-42-qa-225,lalm,2.2801319230753645,5.224699998507276,82.2620500002813,89.76688192186394,one shared preloaded model
conv-42-qa-226,lalm,2.2801319230753645,6.510400000479422,82.2620500002813,91.05258192383609,one shared preloaded model
conv-42-qa-227,lalm,2.2801319230753645,5.9131999987585,82.2620500002813,90.45538192211517,one shared preloaded model
conv-42-qa-228,lalm,2.2801319230753645,5.803100000775885,80.75000000008004,88.83323192393128,one shared preloaded model
conv-42-qa-229,lalm,2.2801319230753645,6.379700000252342,80.75000000008004,89.40983192340774,one shared preloaded model
conv-42-qa-230,lalm,2.2801319230753645,6.279900000663474,80.75000000008004,89.31003192381887,one shared preloaded model
conv-42-qa-231,lalm,2.2801319230753645,6.603199999517528,80.75000000008004,89.63333192267292,one shared preloaded model
conv-42-qa-232,lalm,2.2801319230753645,6.923500000993954,93.27204999999594,102.47568192406526,one shared preloaded model
conv-42-qa-233,lalm,2.2801319230753645,9.987999999793828,93.27204999999594,105.54018192286513,one shared preloaded model
conv-42-qa-234,lalm,2.2801319230753645,10.191999999733525,93.27204999999594,105.74418192280483,one shared preloaded model
conv-42-qa-235,lalm,2.2801319230753645,9.933999999702792,93.27204999999594,105.4861819227741,one shared preloaded model
conv-42-qa-236,lalm,2.2801319230753645,6.892600000355742,81.46230000011201,90.63503192354311,one shared preloaded model
conv-42-qa-237,lalm,2.2801319230753645,6.887700001243502,81.46230000011201,90.63013192443087,one shared preloaded model
conv-42-qa-238,lalm,2.2801319230753645,10.118500000316999,81.46230000011201,93.86093192350437,one shared preloaded model
conv-42-qa-239,lalm,2.2801319230753645,9.400199998708558,81.46230000011201,93.14263192189593,one shared preloaded model
conv-42-qa-240,lalm,2.2801319230753645,6.91490000099293,176.86505000028774,186.06008192435604,one shared preloaded model
conv-42-qa-241,lalm,2.2801319230753645,9.482999999818276,176.86505000028774,188.6281819231814,one shared preloaded model
conv-42-qa-242,lalm,2.2801319230753645,9.738799999468029,176.86505000028774,188.88398192283114,one shared preloaded model
conv-42-qa-243,lalm,2.2801319230753645,10.03330000094138,176.86505000028774,189.1784819243045,one shared preloaded model
conv-42-qa-244,lalm,2.2801319230753645,6.573000000571483,84.65040000010049,93.50353192374733,one shared preloaded model
conv-42-qa-245,lalm,2.2801319230753645,9.816400001000147,84.65040000010049,96.746931924176,one shared preloaded model
conv-42-qa-246,lalm,2.2801319230753645,9.742399999595364,84.65040000010049,96.67293192277121,one shared preloaded model
conv-42-qa-247,lalm,2.2801319230753645,9.357599999930244,84.65040000010049,96.28813192310609,one shared preloaded model
conv-42-qa-248,lalm,2.2801319230753645,6.348099999740953,86.70840000013413,95.33663192295045,one shared preloaded model
conv-42-qa-249,lalm,2.2801319230753645,5.526200000531389,86.70840000013413,94.51473192374088,one shared preloaded model
conv-42-qa-250,lalm,2.2801319230753645,6.708299999445444,86.70840000013413,95.69683192265494,one shared preloaded model
conv-42-qa-251,lalm,2.2801319230753645,10.147000000870321,86.70840000013413,99.13553192407981,one shared preloaded model
conv-42-qa-252,lalm,2.2801319230753645,6.461799999669893,78.40892500007612,87.15085692282138,one shared preloaded model
conv-42-qa-253,lalm,2.2801319230753645,6.105500000558095,78.40892500007612,86.79455692370958,one shared preloaded model
conv-42-qa-254,lalm,2.2801319230753645,9.534900000289781,78.40892500007612,90.22395692344126,one shared preloaded model
conv-42-qa-255,lalm,2.2801319230753645,9.498599998551072,78.40892500007612,90.18765692170255,one shared preloaded model
conv-42-qa-256,lalm,2.2801319230753645,6.265300000450225,105.5223999996997,114.06783192322528,one shared preloaded model
conv-42-qa-257,lalm,2.2801319230753645,9.711400000014692,105.5223999996997,117.51393192278975,one shared preloaded model
conv-42-qa-258,lalm,2.2801319230753645,9.792799999559065,105.5223999996997,117.59533192233413,one shared preloaded model
conv-42-qa-259,lalm,2.2801319230753645,9.67780000064522,105.5223999996997,117.48033192342028,one shared preloaded model
conv-43-qa-0,lalm,2.8682752066111594,6.493099999715923,222.8359000000637,232.19727520639077,one shared preloaded model
conv-43-qa-1,lalm,2.8682752066111594,7.315799999560113,222.8359000000637,233.01997520623496,one shared preloaded model
conv-43-qa-2,lalm,2.8682752066111594,9.596699999747216,222.8359000000637,235.30087520642206,one shared preloaded model
conv-43-qa-3,lalm,2.8682752066111594,10.397899999588844,222.8359000000637,236.1020752062637,one shared preloaded model
conv-43-qa-4,lalm,2.8682752066111594,6.37510000160546,89.48235000025306,98.72572520846968,one shared preloaded model
conv-43-qa-5,lalm,2.8682752066111594,10.24909999978263,89.48235000025306,102.59972520664685,one shared preloaded model
conv-43-qa-6,lalm,2.8682752066111594,10.343500000089989,89.48235000025306,102.69412520695421,one shared preloaded model
conv-43-qa-7,lalm,2.8682752066111594,9.345899999971152,89.48235000025306,101.69652520683537,one shared preloaded model
conv-43-qa-8,lalm,2.8682752066111594,8.146000000124332,249.50817500030098,260.52245020703646,one shared preloaded model
conv-43-qa-9,lalm,2.8682752066111594,5.304600001181825,249.50817500030098,257.68105020809395,one shared preloaded model
conv-43-qa-10,lalm,2.8682752066111594,6.445900000471738,249.50817500030098,258.82235020738386,one shared preloaded model
conv-43-qa-11,lalm,2.8682752066111594,6.113199999163044,249.50817500030098,258.48965020607517,one shared preloaded model
conv-43-qa-12,lalm,2.8682752066111594,6.590999999389169,82.73157499979789,92.19085020579821,one shared preloaded model
conv-43-qa-13,lalm,2.8682752066111594,9.575500000210013,82.73157499979789,95.17535020661906,one shared preloaded model
conv-43-qa-14,lalm,2.8682752066111594,9.638300000005984,82.73157499979789,95.23815020641503,one shared preloaded model
conv-43-qa-15,lalm,2.8682752066111594,9.76009999976668,82.73157499979789,95.35995020617572,one shared preloaded model
conv-43-qa-16,lalm,2.8682752066111594,6.46489999962796,84.38434999970923,93.71752520594835,one shared preloaded model
conv-43-qa-17,lalm,2.8682752066111594,5.927500000325381,84.38434999970923,93.18012520664577,one shared preloaded model
conv-43-qa-18,lalm,2.8682752066111594,9.470700000747456,84.38434999970923,96.72332520706784,one shared preloaded model
conv-43-qa-19,lalm,2.8682752066111594,10.03849999869999,84.38434999970923,97.29112520502038,one shared preloaded model
conv-43-qa-20,lalm,2.8682752066111594,6.019299999024952,113.21799999996074,122.10557520559685,one shared preloaded model
conv-43-qa-21,lalm,2.8682752066111594,9.868499999356573,113.21799999996074,125.95477520592847,one shared preloaded model
conv-43-qa-22,lalm,2.8682752066111594,9.592700000212062,113.21799999996074,125.67897520678396,one shared preloaded model
conv-43-qa-23,lalm,2.8682752066111594,9.448599999814178,113.21799999996074,125.53487520638608,one shared preloaded model
conv-43-qa-24,lalm,2.8682752066111594,6.230499999219319,107.12452500001746,116.22330020584793,one shared preloaded model
conv-43-qa-25,lalm,2.8682752066111594,10.260400000333902,107.12452500001746,120.25320020696252,one shared preloaded model
conv-43-qa-26,lalm,2.8682752066111594,10.493899999346468,107.12452500001746,120.48670020597508,one shared preloaded model
conv-43-qa-27,lalm,2.8682752066111594,9.665599998697871,107.12452500001746,119.65840020532649,one shared preloaded model
conv-43-qa-28,lalm,2.8682752066111594,6.143699998574448,89.3821750000825,98.3941502052681,one shared preloaded model
conv-43-qa-29,lalm,2.8682752066111594,6.985799998801667,89.3821750000825,99.23625020549532,one shared preloaded model
conv-43-qa-30,lalm,2.8682752066111594,7.312499999898137,89.3821750000825,99.5629502065918,one shared preloaded model
conv-43-qa-31,lalm,2.8682752066111594,6.626700000197161,89.3821750000825,98.87715020689082,one shared preloaded model
conv-43-qa-32,lalm,2.8682752066111594,6.416799998987699,118.84890000010273,128.13397520570157,one shared preloaded model
conv-43-qa-33,lalm,2.8682752066111594,6.974399999307934,118.84890000010273,128.6915752060218,one shared preloaded model
conv-43-qa-34,lalm,2.8682752066111594,9.25439999991795,118.84890000010273,130.97157520663183,one shared preloaded model
conv-43-qa-35,lalm,2.8682752066111594,9.491099999650032,118.84890000010273,131.2082752063639,one shared preloaded model
conv-43-qa-36,lalm,2.8682752066111594,6.359599999996135,121.70417500010444,130.93205020671172,one shared preloaded model
conv-43-qa-37,lalm,2.8682752066111594,9.645100000852835,121.70417500010444,134.21755020756842,one shared preloaded model
conv-43-qa-38,lalm,2.8682752066111594,9.570000000167056,121.70417500010444,134.14245020688264,one shared preloaded model
conv-43-qa-39,lalm,2.8682752066111594,9.285099999033264,121.70417500010444,133.85755020574885,one shared preloaded model
conv-43-qa-40,lalm,2.8682752066111594,6.495499999800813,103.49187500014523,112.8556502065572,one shared preloaded model
conv-43-qa-41,lalm,2.8682752066111594,6.55670000014652,103.49187500014523,112.91685020690291,one shared preloaded model
conv-43-qa-42,lalm,2.8682752066111594,6.226100000276347,103.49187500014523,112.58625020703273,one shared preloaded model
conv-43-qa-43,lalm,2.8682752066111594,6.113299999924493,103.49187500014523,112.47345020668088,one shared preloaded model
conv-43-qa-44,lalm,2.8682752066111594,7.575600000564009,113.24770000010176,123.69157520727693,one shared preloaded model
conv-43-qa-45,lalm,2.8682752066111594,9.472499999901629,113.24770000010176,125.58847520661455,one shared preloaded model
conv-43-qa-46,lalm,2.8682752066111594,9.785800000827294,113.24770000010176,125.90177520754021,one shared preloaded model
conv-43-qa-47,lalm,2.8682752066111594,9.312100000897772,113.24770000010176,125.42807520761069,one shared preloaded model
conv-43-qa-48,lalm,2.8682752066111594,6.391999999323161,154.23212500036243,163.49240020629674,one shared preloaded model
conv-43-qa-49,lalm,2.8682752066111594,10.162500000660657,154.23212500036243,167.26290020763423,one shared preloaded model
conv-43-qa-50,lalm,2.8682752066111594,9.766699999090633,154.23212500036243,166.8671002060642,one shared preloaded model
conv-43-qa-51,lalm,2.8682752066111594,9.696800001620431,154.23212500036243,166.797200208594,one shared preloaded model
conv-43-qa-52,lalm,2.8682752066111594,6.643199998507043,88.10319999975036,97.61467520486856,one shared preloaded model
conv-43-qa-53,lalm,2.8682752066111594,9.250400000382797,88.10319999975036,100.22187520674431,one shared preloaded model
conv-43-qa-54,lalm,2.8682752066111594,9.82079999994312,88.10319999975036,100.79227520630464,one shared preloaded model
conv-43-qa-55,lalm,2.8682752066111594,9.357099999760976,88.10319999975036,100.3285752061225,one shared preloaded model
conv-43-qa-56,lalm,2.8682752066111594,6.3735000003362074,107.27172500037341,116.51350020732077,one shared preloaded model
conv-43-qa-57,lalm,2.8682752066111594,9.558499999911874,107.27172500037341,119.69850020689644,one shared preloaded model
conv-43-qa-58,lalm,2.8682752066111594,10.274700000081793,107.27172500037341,120.41470020706636,one shared preloaded model
conv-43-qa-59,lalm,2.8682752066111594,9.386000001541106,107.27172500037341,119.52600020852567,one shared preloaded model
conv-43-qa-60,lalm,2.8682752066111594,6.296200001088437,161.3942499998302,170.5587252075298,one shared preloaded model
conv-43-qa-61,lalm,2.8682752066111594,5.251900000075693,161.3942499998302,169.51442520651705,one shared preloaded model
conv-43-qa-62,lalm,2.8682752066111594,5.851800000527874,161.3942499998302,170.11432520696923,one shared preloaded model
conv-43-qa-63,lalm,2.8682752066111594,10.211799999524374,161.3942499998302,174.47432520596573,one shared preloaded model
conv-43-qa-64,lalm,2.8682752066111594,6.306499999482185,81.25172500012923,90.42650020622257,one shared preloaded model
conv-43-qa-65,lalm,2.8682752066111594,10.09140000132902,81.25172500012923,94.2114002080694,one shared preloaded model
conv-43-qa-66,lalm,2.8682752066111594,9.48669999888807,81.25172500012923,93.60670020562846,one shared preloaded model
conv-43-qa-67,lalm,2.8682752066111594,9.801700000025448,81.25172500012923,93.92170020676583,one shared preloaded model
conv-43-qa-68,lalm,2.8682752066111594,6.606499999179505,148.24804999989283,157.72282520568348,one shared preloaded model
conv-43-qa-69,lalm,2.8682752066111594,9.380800000144518,148.24804999989283,160.4971252066485,one shared preloaded model
conv-43-qa-70,lalm,2.8682752066111594,10.077799999635317,148.24804999989283,161.1941252061393,one shared preloaded model
conv-43-qa-71,lalm,2.8682752066111594,9.115200000451296,148.24804999989283,160.23152520695527,one shared preloaded model
conv-43-qa-72,lalm,2.8682752066111594,6.82050000068557,118.38562499997352,128.07440020727023,one shared preloaded model
conv-43-qa-73,lalm,2.8682752066111594,5.307800000082352,118.38562499997352,126.56170020666703,one shared preloaded model
conv-43-qa-74,lalm,2.8682752066111594,7.3137999988830416,118.38562499997352,128.5677002054677,one shared preloaded model
conv-43-qa-75,lalm,2.8682752066111594,6.468499999755295,118.38562499997352,127.72240020633997,one shared preloaded model
conv-43-qa-76,lalm,2.8682752066111594,6.867899999633664,99.60204999970301,109.33822520594784,one shared preloaded model
conv-43-qa-77,lalm,2.8682752066111594,9.499100000539329,99.60204999970301,111.9694252068535,one shared preloaded model
conv-43-qa-78,lalm,2.8682752066111594,9.611800000129733,99.60204999970301,112.0821252064439,one shared preloaded model
conv-43-qa-79,lalm,2.8682752066111594,9.41400000010617,99.60204999970301,111.88432520642034,one shared preloaded model
conv-43-qa-80,lalm,2.8682752066111594,6.052400000044145,94.087175000368,103.00785020702331,one shared preloaded model
conv-43-qa-81,lalm,2.8682752066111594,9.432200000446755,94.087175000368,106.38765020742592,one shared preloaded model
conv-43-qa-82,lalm,2.8682752066111594,9.80870000057621,94.087175000368,106.76415020755537,one shared preloaded model
conv-43-qa-83,lalm,2.8682752066111594,9.08510000044771,94.087175000368,106.04055020742688,one shared preloaded model
conv-43-qa-84,lalm,2.8682752066111594,6.3657000009698095,137.68195000011474,146.9159252076957,one shared preloaded model
conv-43-qa-85,lalm,2.8682752066111594,6.146699999590055,137.68195000011474,146.69692520631594,one shared preloaded model
conv-43-qa-86,lalm,2.8682752066111594,6.155500001113978,137.68195000011474,146.70572520783986,one shared preloaded model
conv-43-qa-87,lalm,2.8682752066111594,5.9000000001105946,137.68195000011474,146.45022520683648,one shared preloaded model
conv-43-qa-88,lalm,2.8682752066111594,6.690300000627758,93.6820249999073,103.24060020714622,one shared preloaded model
conv-43-qa-89,lalm,2.8682752066111594,9.95599999987462,93.6820249999073,106.50630020639308,one shared preloaded model
conv-43-qa-90,lalm,2.8682752066111594,9.50860000011744,93.6820249999073,106.0589002066359,one shared preloaded model
conv-43-qa-91,lalm,2.8682752066111594,10.02870000047551,93.6820249999073,106.57900020699397,one shared preloaded model
conv-43-qa-92,lalm,2.8682752066111594,6.981200000154786,133.01672499983397,142.8662002065999,one shared preloaded model
conv-43-qa-93,lalm,2.8682752066111594,9.347799999886774,133.01672499983397,145.2328002063319,one shared preloaded model
conv-43-qa-94,lalm,2.8682752066111594,10.343699999793898,133.01672499983397,146.228700206239,one shared preloaded model
conv-43-qa-95,lalm,2.8682752066111594,9.074800000234973,133.01672499983397,144.9598002066801,one shared preloaded model
conv-43-qa-96,lalm,2.8682752066111594,6.712999998853775,111.37767499985785,120.95895020532278,one shared preloaded model
conv-43-qa-97,lalm,2.8682752066111594,10.115099999893573,111.37767499985785,124.36105020636258,one shared preloaded model
conv-43-qa-98,lalm,2.8682752066111594,9.80359999994107,111.37767499985785,124.04955020641007,one shared preloaded model
conv-43-qa-99,lalm,2.8682752066111594,9.775700000318466,111.37767499985785,124.02165020678747,one shared preloaded model
conv-43-qa-100,lalm,2.8682752066111594,7.334400001127506,217.13517499983936,227.33785020757801,one shared preloaded model
conv-43-qa-101,lalm,2.8682752066111594,9.776300001249183,217.13517499983936,229.7797502076997,one shared preloaded model
conv-43-qa-102,lalm,2.8682752066111594,9.754900000189082,217.13517499983936,229.7583502066396,one shared preloaded model
conv-43-qa-103,lalm,2.8682752066111594,9.436899999855086,217.13517499983936,229.4403502063056,one shared preloaded model
conv-43-qa-104,lalm,2.8682752066111594,6.33910000033211,84.16925000028641,93.37662520722968,one shared preloaded model
conv-43-qa-105,lalm,2.8682752066111594,10.165199999391916,84.16925000028641,97.20272520628949,one shared preloaded model
conv-43-qa-106,lalm,2.8682752066111594,9.660300000177813,84.16925000028641,96.69782520707538,one shared preloaded model
conv-43-qa-107,lalm,2.8682752066111594,9.434199999304838,84.16925000028641,96.47172520620241,one shared preloaded model
conv-43-qa-108,lalm,2.8682752066111594,6.340100000670645,368.0509000000711,377.2592752073529,one shared preloaded model
conv-43-qa-109,lalm,2.8682752066111594,5.134799999723327,368.0509000000711,376.0539752064056,one shared preloaded model
conv-43-qa-110,lalm,2.8682752066111594,5.245700000159559,368.0509000000711,376.1648752068418,one shared preloaded model
conv-43-qa-111,lalm,2.8682752066111594,6.20840000010503,368.0509000000711,377.1275752067873,one shared preloaded model
conv-43-qa-112,lalm,2.8682752066111594,5.801100000098813,94.56500000032975,103.23437520703972,one shared preloaded model
conv-43-qa-113,lalm,2.8682752066111594,6.052599999748054,94.56500000032975,103.48587520668896,one shared preloaded model
conv-43-qa-114,lalm,2.8682752066111594,6.478000001152395,94.56500000032975,103.9112752080933,one shared preloaded model
conv-43-qa-115,lalm,2.8682752066111594,5.970800000795862,94.56500000032975,103.40407520773677,one shared preloaded model
conv-43-qa-116,lalm,2.8682752066111594,8.624699999927543,256.9723500000691,268.4653252066078,one shared preloaded model
conv-43-qa-117,lalm,2.8682752066111594,6.353000000672182,256.9723500000691,266.19362520735245,one shared preloaded model
conv-43-qa-118,lalm,2.8682752066111594,6.888699999763048,256.9723500000691,266.7293252064433,one shared preloaded model
conv-43-qa-119,lalm,2.8682752066111594,6.4407000008941395,256.9723500000691,266.2813252075744,one shared preloaded model
conv-43-qa-120,lalm,2.8682752066111594,6.392799999957788,156.40080000002854,165.66187520659747,one shared preloaded model
conv-43-qa-121,lalm,2.8682752066111594,9.976299999834737,156.40080000002854,169.24537520647442,one shared preloaded model
conv-43-qa-122,lalm,2.8682752066111594,5.086800001663505,156.40080000002854,164.3558752083032,one shared preloaded model
conv-43-qa-123,lalm,2.8682752066111594,5.741999999372638,156.40080000002854,165.01107520601232,one shared preloaded model
conv-43-qa-124,lalm,2.8682752066111594,8.628100000350969,140.95207500031393,152.44845020727604,one shared preloaded model
conv-43-qa-125,lalm,2.8682752066111594,9.73599999997532,140.95207500031393,153.5563502069004,one shared preloaded model
conv-43-qa-126,lalm,2.8682752066111594,8.550200000172481,140.95207500031393,152.37055020709755,one shared preloaded model
conv-43-qa-127,lalm,2.8682752066111594,8.82629999978235,140.95207500031393,152.64665020670742,one shared preloaded model
conv-43-qa-128,lalm,2.8682752066111594,6.5508999996382045,87.09992500007502,96.51910020632438,one shared preloaded model
conv-43-qa-129,lalm,2.8682752066111594,6.147200001578312,87.09992500007502,96.11540020826449,one shared preloaded model
conv-43-qa-130,lalm,2.8682752066111594,6.253900000956492,87.09992500007502,96.22210020764267,one shared preloaded model
conv-43-qa-131,lalm,2.8682752066111594,6.4770000008138595,87.09992500007502,96.44520020750004,one shared preloaded model
conv-43-qa-132,lalm,2.8682752066111594,6.275899999309331,111.54864999980418,120.69282520572467,one shared preloaded model
conv-43-qa-133,lalm,2.8682752066111594,10.218700001132675,111.54864999980418,124.63562520754802,one shared preloaded model
conv-43-qa-134,lalm,2.8682752066111594,10.028099999544793,111.54864999980418,124.44502520596014,one shared preloaded model
conv-43-qa-135,lalm,2.8682752066111594,9.877599999526865,111.54864999980418,124.29452520594221,one shared preloaded model
conv-43-qa-136,lalm,2.8682752066111594,6.201600001077168,229.59539999965273,238.66527520734104,one shared preloaded model
conv-43-qa-137,lalm,2.8682752066111594,10.268099998938851,229.59539999965273,242.73177520520272,one shared preloaded model
conv-43-qa-138,lalm,2.8682752066111594,9.748899999976857,229.59539999965273,242.21257520624073,one shared preloaded model
conv-43-qa-139,lalm,2.8682752066111594,9.652999999161693,229.59539999965273,242.11667520542557,one shared preloaded model
conv-43-qa-140,lalm,2.8682752066111594,6.326000000626664,185.75950000013108,194.9537752073689,one shared preloaded model
conv-43-qa-141,lalm,2.8682752066111594,9.91030000113824,185.75950000013108,198.53807520788047,one shared preloaded model
conv-43-qa-142,lalm,2.8682752066111594,9.788400000616093,185.75950000013108,198.41617520735832,one shared preloaded model
conv-43-qa-143,lalm,2.8682752066111594,9.986500001105014,185.75950000013108,198.61427520784724,one shared preloaded model
conv-43-qa-144,lalm,2.8682752066111594,6.943699998373631,87.6357500001177,97.44772520510249,one shared preloaded model
conv-43-qa-145,lalm,2.8682752066111594,9.924099998897873,87.6357500001177,100.42812520562673,one shared preloaded model
conv-43-qa-146,lalm,2.8682752066111594,9.87619999978051,87.6357500001177,100.38022520650937,one shared preloaded model
conv-43-qa-147,lalm,2.8682752066111594,9.367200000269804,87.6357500001177,99.87122520699866,one shared preloaded model
conv-43-qa-148,lalm,2.8682752066111594,6.3135999989754055,80.15302500007238,89.33490020565894,one shared preloaded model
conv-43-qa-149,lalm,2.8682752066111594,8.27239999853191,80.15302500007238,91.29370020521544,one shared preloaded model
conv-43-qa-150,lalm,2.8682752066111594,9.702800000013667,80.15302500007238,92.7241002066972,one shared preloaded model
conv-43-qa-151,lalm,2.8682752066111594,10.436600001412444,80.15302500007238,93.45790020809598,one shared preloaded model
conv-43-qa-152,lalm,2.8682752066111594,9.590100000423263,113.81789999995817,126.2762752069926,one shared preloaded model
conv-43-qa-153,lalm,2.8682752066111594,7.887199999458971,113.81789999995817,124.5733752060283,one shared preloaded model
conv-43-qa-154,lalm,2.8682752066111594,9.737100001075305,113.81789999995817,126.42327520764464,one shared preloaded model
conv-43-qa-155,lalm,2.8682752066111594,9.707299999718089,113.81789999995817,126.39347520628742,one shared preloaded model
conv-43-qa-156,lalm,2.8682752066111594,8.229099999880418,81.62402499965538,92.72140020614695,one shared preloaded model
conv-43-qa-157,lalm,2.8682752066111594,9.366099999169819,81.62402499965538,93.85840020543635,one shared preloaded model
conv-43-qa-158,lalm,2.8682752066111594,10.683099999369006,81.62402499965538,95.17540020563554,one shared preloaded model
conv-43-qa-159,lalm,2.8682752066111594,9.500500000285683,81.62402499965538,93.99280020655222,one shared preloaded model
conv-43-qa-160,lalm,2.8682752066111594,6.354999999530264,84.63534999964395,93.85862520578537,one shared preloaded model
conv-43-qa-161,lalm,2.8682752066111594,8.278999999674852,84.63534999964395,95.78262520592996,one shared preloaded model
conv-43-qa-162,lalm,2.8682752066111594,7.555899999715621,84.63534999964395,95.05952520597073,one shared preloaded model
conv-43-qa-163,lalm,2.8682752066111594,9.512200000244775,84.63534999964395,97.01582520649988,one shared preloaded model
conv-43-qa-164,lalm,2.8682752066111594,5.8671000006143,272.0467999997709,280.7821752069963,one shared preloaded model
conv-43-qa-165,lalm,2.8682752066111594,8.825700000670622,272.0467999997709,283.74077520705265,one shared preloaded model
conv-43-qa-166,lalm,2.8682752066111594,9.650100000726525,272.0467999997709,284.56517520710855,one shared preloaded model
conv-43-qa-167,lalm,2.8682752066111594,10.250800001813332,272.0467999997709,285.16587520819536,one shared preloaded model
conv-43-qa-168,lalm,2.8682752066111594,5.973400000584661,189.29872500029887,198.14040020749468,one shared preloaded model
conv-43-qa-169,lalm,2.8682752066111594,6.720199999108445,189.29872500029887,198.88720020601846,one shared preloaded model
conv-43-qa-170,lalm,2.8682752066111594,10.381399999459973,189.29872500029887,202.54840020637,one shared preloaded model
conv-43-qa-171,lalm,2.8682752066111594,9.494399999312009,189.29872500029887,201.66140020622203,one shared preloaded model
conv-43-qa-172,lalm,2.8682752066111594,6.333999999696971,82.01785000028394,91.22012520659207,one shared preloaded model
conv-43-qa-173,lalm,2.8682752066111594,9.620500000892207,82.01785000028394,94.50662520778731,one shared preloaded model
conv-43-qa-174,lalm,2.8682752066111594,9.819000000788947,82.01785000028394,94.70512520768405,one shared preloaded model
conv-43-qa-175,lalm,2.8682752066111594,9.645500000260654,82.01785000028394,94.53162520715576,one shared preloaded model
conv-43-qa-176,lalm,2.8682752066111594,7.283400000233087,103.95985000013752,114.11152520698177,one shared preloaded model
conv-43-qa-177,lalm,2.8682752066111594,9.726799999043578,103.95985000013752,116.55492520579226,one shared preloaded model
conv-43-qa-178,lalm,2.8682752066111594,6.180500000482425,103.95985000013752,113.0086252072311,one shared preloaded model
conv-43-qa-179,lalm,2.8682752066111594,6.592300000193063,103.95985000013752,113.42042520694174,one shared preloaded model
conv-43-qa-180,lalm,2.8682752066111594,9.328000000095926,91.20827500009909,103.40455020680618,one shared preloaded model
conv-43-qa-181,lalm,2.8682752066111594,9.572700000717305,91.20827500009909,103.64925020742756,one shared preloaded model
conv-43-qa-182,lalm,2.8682752066111594,9.763600000951556,91.20827500009909,103.84015020766181,one shared preloaded model
conv-43-qa-183,lalm,2.8682752066111594,9.538299998894217,91.20827500009909,103.61485020560447,one shared preloaded model
conv-43-qa-184,lalm,2.8682752066111594,6.880599999931292,80.66077499961466,90.40965020615711,one shared preloaded model
conv-43-qa-185,lalm,2.8682752066111594,9.597000000212574,80.66077499961466,93.12605020643839,one shared preloaded model
conv-43-qa-186,lalm,2.8682752066111594,9.566000000631902,80.66077499961466,93.09505020685772,one shared preloaded model
conv-43-qa-187,lalm,2.8682752066111594,9.368700000777608,80.66077499961466,92.89775020700343,one shared preloaded model
conv-43-qa-188,lalm,2.8682752066111594,6.514200000310666,105.57775000006586,114.96022520698769,one shared preloaded model
conv-43-qa-189,lalm,2.8682752066111594,9.628199999497156,105.57775000006586,118.07422520617418,one shared preloaded model
conv-43-qa-190,lalm,2.8682752066111594,9.788900000785361,105.57775000006586,118.23492520746238,one shared preloaded model
conv-43-qa-191,lalm,2.8682752066111594,6.991199999902165,105.57775000006586,115.43722520657919,one shared preloaded model
conv-43-qa-192,lalm,2.8682752066111594,9.044699998412398,103.1540250000944,115.06700020511796,one shared preloaded model
conv-43-qa-193,lalm,2.8682752066111594,6.511499999760417,103.1540250000944,112.53380020646598,one shared preloaded model
conv-43-qa-194,lalm,2.8682752066111594,6.033900001057191,103.1540250000944,112.05620020776276,one shared preloaded model
conv-43-qa-195,lalm,2.8682752066111594,5.885399999897345,103.1540250000944,111.90770020660291,one shared preloaded model
conv-43-qa-196,lalm,2.8682752066111594,8.171800000127405,104.62390000020605,115.66397520694461,one shared preloaded model
conv-43-qa-197,lalm,2.8682752066111594,9.79630000074394,104.62390000020605,117.28847520756115,one shared preloaded model
conv-43-qa-198,lalm,2.8682752066111594,9.66589999916323,104.62390000020605,117.15807520598044,one shared preloaded model
conv-43-qa-199,lalm,2.8682752066111594,9.69940000140923,104.62390000020605,117.19157520822644,one shared preloaded model
conv-43-qa-200,lalm,2.8682752066111594,6.0923000000912,85.50055000023349,94.46112520693585,one shared preloaded model
conv-43-qa-201,lalm,2.8682752066111594,9.944599998561898,85.50055000023349,98.31342520540655,one shared preloaded model
conv-43-qa-202,lalm,2.8682752066111594,9.255499999198946,85.50055000023349,97.6243252060436,one shared preloaded model
conv-43-qa-203,lalm,2.8682752066111594,9.609299999283394,85.50055000023349,97.97812520612804,one shared preloaded model
conv-43-qa-204,lalm,2.8682752066111594,8.696799999597715,154.9819000001662,166.54697520637507,one shared preloaded model
conv-43-qa-205,lalm,2.8682752066111594,9.498100000200793,154.9819000001662,167.34827520697814,one shared preloaded model
conv-43-qa-206,lalm,2.8682752066111594,10.146700000404962,154.9819000001662,167.9968752071823,one shared preloaded model
conv-43-qa-207,lalm,2.8682752066111594,9.299900000769412,154.9819000001662,167.15007520754676,one shared preloaded model
conv-43-qa-208,lalm,2.8682752066111594,6.345399999190704,124.62400000003981,133.83767520584166,one shared preloaded model
conv-43-qa-209,lalm,2.8682752066111594,9.688100000857958,124.62400000003981,137.18037520750892,one shared preloaded model
conv-43-qa-210,lalm,2.8682752066111594,9.346900000309688,124.62400000003981,136.83917520696065,one shared preloaded model
conv-43-qa-211,lalm,2.8682752066111594,9.281699998609838,124.62400000003981,136.7739752052608,one shared preloaded model
conv-43-qa-212,lalm,2.8682752066111594,6.111000000601052,144.27650000016,153.2557752073722,one shared preloaded model
conv-43-qa-213,lalm,2.8682752066111594,9.52529999995022,144.27650000016,156.67007520672138,one shared preloaded model
conv-43-qa-214,lalm,2.8682752066111594,9.915599999658298,144.27650000016,157.06037520642946,one shared preloaded model
conv-43-qa-215,lalm,2.8682752066111594,9.6971000002668,144.27650000016,156.84187520703796,one shared preloaded model
conv-43-qa-216,lalm,2.8682752066111594,12.057699999786564,82.50494999992952,97.43092520632725,one shared preloaded model
conv-43-qa-217,lalm,2.8682752066111594,10.474700000486337,82.50494999992952,95.84792520702702,one shared preloaded model
conv-43-qa-218,lalm,2.8682752066111594,10.012200000346638,82.50494999992952,95.38542520688732,one shared preloaded model
conv-43-qa-219,lalm,2.8682752066111594,9.142200000496814,82.50494999992952,94.5154252070375,one shared preloaded model
conv-43-qa-220,lalm,2.8682752066111594,6.059899998945184,88.82995000021765,97.758125205774,one shared preloaded model
conv-43-qa-221,lalm,2.8682752066111594,6.757300001481781,88.82995000021765,98.45552520831059,one shared preloaded model
conv-43-qa-222,lalm,2.8682752066111594,6.341999998767278,88.82995000021765,98.04022520559609,one shared preloaded model
conv-43-qa-223,lalm,2.8682752066111594,6.490399999165675,88.82995000021765,98.18862520599448,one shared preloaded model
conv-43-qa-224,lalm,2.8682752066111594,8.628700001281686,92.3384249999799,103.83540020787275,one shared preloaded model
conv-43-qa-225,lalm,2.8682752066111594,10.608700000375393,92.3384249999799,105.81540020696646,one shared preloaded model
conv-43-qa-226,lalm,2.8682752066111594,9.464499999012332,92.3384249999799,104.6712002056034,one shared preloaded model
conv-43-qa-227,lalm,2.8682752066111594,9.712099999887869,92.3384249999799,104.91880020647893,one shared preloaded model
conv-43-qa-228,lalm,2.8682752066111594,7.110200000170153,97.14574999998149,107.1242252067628,one shared preloaded model
conv-43-qa-229,lalm,2.8682752066111594,9.775200000149198,97.14574999998149,109.78922520674185,one shared preloaded model
conv-43-qa-230,lalm,2.8682752066111594,10.441699998409604,97.14574999998149,110.45572520500225,one shared preloaded model
conv-43-qa-231,lalm,2.8682752066111594,9.233400000084657,97.14574999998149,109.2474252066773,one shared preloaded model
conv-43-qa-232,lalm,2.8682752066111594,6.880499999169842,81.25560000007681,91.00437520585781,one shared preloaded model
conv-43-qa-233,lalm,2.8682752066111594,5.115500000101747,81.25560000007681,89.23937520678972,one shared preloaded model
conv-43-qa-234,lalm,2.8682752066111594,5.4390000004787,81.25560000007681,89.56287520716667,one shared preloaded model
conv-43-qa-235,lalm,2.8682752066111594,7.349499999691034,81.25560000007681,91.473375206379,one shared preloaded model
conv-43-qa-236,lalm,2.8682752066111594,6.666899998890585,131.69072500022594,141.22590020572767,one shared preloaded model
conv-43-qa-237,lalm,2.8682752066111594,7.474500000171247,131.69072500022594,142.03350020700833,one shared preloaded model
conv-43-qa-238,lalm,2.8682752066111594,7.025999999314081,131.69072500022594,141.58500020615116,one shared preloaded model
conv-43-qa-239,lalm,2.8682752066111594,8.716800000911462,131.69072500022594,143.27580020774855,one shared preloaded model
conv-43-qa-240,lalm,2.8682752066111594,6.890000000566943,134.80769999932818,144.56597520650627,one shared preloaded model
conv-43-qa-241,lalm,2.8682752066111594,10.565499998847372,134.80769999932818,148.2414752047867,one shared preloaded model
conv-44-qa-0,lalm,4.27621075949544,9.872999999060994,195.64942499982863,209.79863575838505,one shared preloaded model
conv-44-qa-1,lalm,4.27621075949544,9.340000000520376,195.64942499982863,209.26563575984443,one shared preloaded model
conv-44-qa-2,lalm,4.27621075949544,9.516799998891656,195.64942499982863,209.4424357582157,one shared preloaded model
conv-44-qa-3,lalm,4.27621075949544,9.926800001267111,195.64942499982863,209.85243576059116,one shared preloaded model
conv-44-qa-4,lalm,4.27621075949544,8.858600000166916,167.93092499983686,181.0657357594992,one shared preloaded model
conv-44-qa-5,lalm,4.27621075949544,6.508799999210169,167.93092499983686,178.71593575854246,one shared preloaded model
conv-44-qa-6,lalm,4.27621075949544,6.086499999582884,167.93092499983686,178.29363575891517,one shared preloaded model
conv-44-qa-7,lalm,4.27621075949544,6.558200000654324,167.93092499983686,178.7653357599866,one shared preloaded model
conv-44-qa-8,lalm,4.27621075949544,7.614300000568619,160.11810000009064,172.00861076015468,one shared preloaded model
conv-44-qa-9,lalm,4.27621075949544,10.059100000944454,160.11810000009064,174.45341076053052,one shared preloaded model
conv-44-qa-10,lalm,4.27621075949544,9.869299999991199,160.11810000009064,174.26361075957726,one shared preloaded model
conv-44-qa-11,lalm,4.27621075949544,9.677300000475952,160.11810000009064,174.07161076006201,one shared preloaded model
conv-44-qa-12,lalm,4.27621075949544,6.0619999985647155,96.5012999999999,106.83951075806006,one shared preloaded model
conv-44-qa-13,lalm,4.27621075949544,6.164000000353553,96.5012999999999,106.9415107598489,one shared preloaded model
conv-44-qa-14,lalm,4.27621075949544,6.881799999973737,96.5012999999999,107.65931075946908,one shared preloaded model
conv-44-qa-15,lalm,4.27621075949544,6.1414000010699965,96.5012999999999,106.91891076056534,one shared preloaded model
conv-44-qa-16,lalm,4.27621075949544,6.305699998847558,87.18987500014919,97.77178575849219,one shared preloaded model
conv-44-qa-17,lalm,4.27621075949544,9.289300000091316,87.18987500014919,100.75538575973594,one shared preloaded model
conv-44-qa-18,lalm,4.27621075949544,9.586500000295928,87.18987500014919,101.05258575994056,one shared preloaded model
conv-44-qa-19,lalm,4.27621075949544,10.122399999090703,87.18987500014919,101.58848575873533,one shared preloaded model
conv-44-qa-20,lalm,4.27621075949544,6.22760000078415,125.68150000015521,136.1853107604348,one shared preloaded model
conv-44-qa-21,lalm,4.27621075949544,5.218500000410131,125.68150000015521,135.17621076006077,one shared preloaded model
conv-44-qa-22,lalm,4.27621075949544,5.586199999015662,125.68150000015521,135.5439107586663,one shared preloaded model
conv-44-qa-23,lalm,4.27621075949544,5.866100000275765,125.68150000015521,135.8238107599264,one shared preloaded model
conv-44-qa-24,lalm,4.27621075949544,6.3289999998232815,156.30477500008055,166.90998575939926,one shared preloaded model
conv-44-qa-25,lalm,4.27621075949544,9.974900000088383,156.30477500008055,170.55588575966436,one shared preloaded model
conv-44-qa-26,lalm,4.27621075949544,10.266999999657855,156.30477500008055,170.84798575923384,one shared preloaded model
conv-44-qa-27,lalm,4.27621075949544,9.16999999935797,156.30477500008055,169.75098575893395,one shared preloaded model
conv-44-qa-28,lalm,4.27621075949544,6.04639999983192,126.23424999992494,136.5568607592523,one shared preloaded model
conv-44-qa-29,lalm,4.27621075949544,7.019900000159396,126.23424999992494,137.53036075957976,one shared preloaded model
conv-44-qa-30,lalm,4.27621075949544,9.553899999446003,126.23424999992494,140.06436075886637,one shared preloaded model
conv-44-qa-31,lalm,4.27621075949544,9.287000000767875,126.23424999992494,139.79746076018824,one shared preloaded model
conv-44-qa-32,lalm,4.27621075949544,6.046999998943647,123.16879999980301,133.4920107582421,one shared preloaded model
conv-44-qa-33,lalm,4.27621075949544,10.268600000927108,123.16879999980301,137.71361076022555,one shared preloaded model
conv-44-qa-34,lalm,4.27621075949544,6.210599998667021,123.16879999980301,133.65561075796546,one shared preloaded model
conv-44-qa-35,lalm,4.27621075949544,6.33670000024722,123.16879999980301,133.78171075954566,one shared preloaded model
conv-44-qa-36,lalm,4.27621075949544,9.129199999733828,187.94667499969364,201.3520857589229,one shared preloaded model
conv-44-qa-37,lalm,4.27621075949544,10.09390000035637,187.94667499969364,202.31678575954544,one shared preloaded model
conv-44-qa-38,lalm,4.27621075949544,9.226699999999255,187.94667499969364,201.44958575918832,one shared preloaded model
conv-44-qa-39,lalm,4.27621075949544,9.40230000014708,187.94667499969364,201.62518575933615,one shared preloaded model
conv-44-qa-40,lalm,4.27621075949544,6.504900000436464,101.30709999975807,112.08821075968997,one shared preloaded model
conv-44-qa-41,lalm,4.27621075949544,6.718700000419631,101.30709999975807,112.30201075967314,one shared preloaded model
conv-44-qa-42,lalm,4.27621075949544,6.4628000000084285,101.30709999975807,112.04611075926194,one shared preloaded model
conv-44-qa-43,lalm,4.27621075949544,6.55420000111917,101.30709999975807,112.13751076037268,one shared preloaded model
conv-44-qa-44,lalm,4.27621075949544,6.3722000013513025,84.83307500000592,95.48148576085266,one shared preloaded model
conv-44-qa-45,lalm,4.27621075949544,6.524600001284853,84.83307500000592,95.63388576078621,one shared preloaded model
conv-44-qa-46,lalm,4.27621075949544,5.591299999650801,84.83307500000592,94.70058575915216,one shared preloaded model
conv-44-qa-47,lalm,4.27621075949544,5.095900000014808,84.83307500000592,94.20518575951617,one shared preloaded model
conv-44-qa-48,lalm,4.27621075949544,6.010899998727837,100.71425000023737,111.00136075846065,one shared preloaded model
conv-44-qa-49,lalm,4.27621075949544,10.064300000522053,100.71425000023737,115.05476076025487,one shared preloaded model
conv-44-qa-50,lalm,4.27621075949544,9.308900000178255,100.71425000023737,114.29936075991107,one shared preloaded model
conv-44-qa-51,lalm,4.27621075949544,9.566299999278272,100.71425000023737,114.55676075901108,one shared preloaded model
conv-44-qa-52,lalm,4.27621075949544,6.739300000845105,217.29587500021808,228.3113857605586,one shared preloaded model
conv-44-qa-53,lalm,4.27621075949544,10.138200001165387,217.29587500021808,231.7102857608789,one shared preloaded model
conv-44-qa-54,lalm,4.27621075949544,10.060700000394718,217.29587500021808,231.63278576010822,one shared preloaded model
conv-44-qa-55,lalm,4.27621075949544,9.105199998884927,217.29587500021808,230.67728575859843,one shared preloaded model
conv-44-qa-56,lalm,4.27621075949544,6.726499999786029,86.63979999982985,97.64251075911132,one shared preloaded model
conv-44-qa-57,lalm,4.27621075949544,9.316300000136835,86.63979999982985,100.23231075946212,one shared preloaded model
conv-44-qa-58,lalm,4.27621075949544,9.760700000697398,86.63979999982985,100.67671076002269,one shared preloaded model
conv-44-qa-59,lalm,4.27621075949544,9.955499999705353,86.63979999982985,100.87151075903064,one shared preloaded model
conv-44-qa-60,lalm,4.27621075949544,8.608899999671848,86.74932500025534,99.63443575942263,one shared preloaded model
conv-44-qa-61,lalm,4.27621075949544,9.681400000772555,86.74932500025534,100.70693576052334,one shared preloaded model
conv-44-qa-62,lalm,4.27621075949544,11.916999999812106,86.74932500025534,102.94253575956289,one shared preloaded model
conv-44-qa-63,lalm,4.27621075949544,10.993100000632694,86.74932500025534,102.01863576038348,one shared preloaded model
conv-44-qa-64,lalm,4.27621075949544,5.901799999264767,93.43324999963443,103.61126075839464,one shared preloaded model
conv-44-qa-65,lalm,4.27621075949544,8.409899999605841,93.43324999963443,106.11936075873571,one shared preloaded model
conv-44-qa-66,lalm,4.27621075949544,6.387199999153381,93.43324999963443,104.09666075828325,one shared preloaded model
conv-44-qa-67,lalm,4.27621075949544,6.204300001627416,93.43324999963443,103.91376076075728,one shared preloaded model
conv-44-qa-68,lalm,4.27621075949544,6.086299999878975,96.16172500000175,106.52423575937617,one shared preloaded model
conv-44-qa-69,lalm,4.27621075949544,5.1487000000634,96.16172500000175,105.5866357595606,one shared preloaded model
conv-44-qa-70,lalm,4.27621075949544,7.667000001674751,96.16172500000175,108.10493576117194,one shared preloaded model
conv-44-qa-71,lalm,4.27621075949544,9.841000000960776,96.16172500000175,110.27893576045797,one shared preloaded model
conv-44-qa-72,lalm,4.27621075949544,9.203200001138612,276.22399999972913,289.70341076036317,one shared preloaded model
conv-44-qa-73,lalm,4.27621075949544,9.757199999512522,276.22399999972913,290.2574107587371,one shared preloaded model
conv-44-qa-74,lalm,4.27621075949544,9.273400000893162,276.22399999972913,289.7736107601177,one shared preloaded model
conv-44-qa-75,lalm,4.27621075949544,9.475500000917236,276.22399999972913,289.9757107601418,one shared preloaded model
conv-44-qa-76,lalm,4.27621075949544,6.942899999557994,90.09035000008225,101.30946075913569,one shared preloaded model
conv-44-qa-77,lalm,4.27621075949544,10.535800000070594,90.09035000008225,104.90236075964829,one shared preloaded model
conv-44-qa-78,lalm,4.27621075949544,10.524900000746129,90.09035000008225,104.89146076032382,one shared preloaded model
conv-44-qa-79,lalm,4.27621075949544,10.150800000701565,90.09035000008225,104.51736076027926,one shared preloaded model
conv-44-qa-80,lalm,4.27621075949544,7.55369999933464,86.56734999976834,98.39726075859842,one shared preloaded model
conv-44-qa-81,lalm,4.27621075949544,10.85370000146213,86.56734999976834,101.69726076072591,one shared preloaded model
conv-44-qa-82,lalm,4.27621075949544,9.579999999914435,86.56734999976834,100.42356075917822,one shared preloaded model
conv-44-qa-83,lalm,4.27621075949544,9.33450000047742,86.56734999976834,100.1780607597412,one shared preloaded model
conv-44-qa-84,lalm,4.27621075949544,8.304700000735465,85.14467499981038,97.72558576004128,one shared preloaded model
conv-44-qa-85,lalm,4.27621075949544,10.240100000373786,85.14467499981038,99.6609857596796,one shared preloaded model
conv-44-qa-86,lalm,4.27621075949544,7.462899999154615,85.14467499981038,96.88378575846043,one shared preloaded model
conv-44-qa-87,lalm,4.27621075949544,6.298599999354337,85.14467499981038,95.71948575866016,one shared preloaded model
conv-44-qa-88,lalm,4.27621075949544,5.9779000002890825,246.48149999984525,256.73561075962976,one shared preloaded model
conv-44-qa-89,lalm,4.27621075949544,6.212000000232365,246.48149999984525,256.96971075957305,one shared preloaded model
conv-44-qa-90,lalm,4.27621075949544,5.328100000042468,246.48149999984525,256.08581075938315,one shared preloaded model
conv-44-qa-91,lalm,4.27621075949544,5.952800000159186,246.48149999984525,256.71051075949987,one shared preloaded model
conv-44-qa-92,lalm,4.27621075949544,6.061799998860806,158.59339999997246,168.9314107583287,one shared preloaded model
conv-44-qa-93,lalm,4.27621075949544,6.3176000003295485,158.59339999997246,169.18721075979744,one shared preloaded model
conv-44-qa-94,lalm,4.27621075949544,6.86169999971753,158.59339999997246,169.73131075918542,one shared preloaded model
conv-44-qa-95,lalm,4.27621075949544,5.911400001423317,158.59339999997246,168.7810107608912,one shared preloaded model
conv-44-qa-96,lalm,4.27621075949544,7.26329999997688,90.97839999958524,102.51791075905756,one shared preloaded model
conv-44-qa-97,lalm,4.27621075949544,9.922900000674417,90.97839999958524,105.1775107597551,one shared preloaded model
conv-44-qa-98,lalm,4.27621075949544,7.497599999624072,90.97839999958524,102.75221075870475,one shared preloaded model
conv-44-qa-99,lalm,4.27621075949544,6.12609999916458,90.97839999958524,101.38071075824526,one shared preloaded model
conv-44-qa-100,lalm,4.27621075949544,6.357199999911245,123.39955000015834,134.03296075956501,one shared preloaded model
conv-44-qa-101,lalm,4.27621075949544,9.508000001005712,123.39955000015834,137.18376076065948,one shared preloaded model
conv-44-qa-102,lalm,4.27621075949544,9.242000000085682,123.39955000015834,136.91776075973945,one shared preloaded model
conv-44-qa-103,lalm,4.27621075949544,9.244000000762753,123.39955000015834,136.91976076041652,one shared preloaded model
conv-44-qa-104,lalm,4.27621075949544,7.3105000010400545,88.46984999991037,100.05656076044586,one shared preloaded model
conv-44-qa-105,lalm,4.27621075949544,5.560000001423759,88.46984999991037,98.30606076082957,one shared preloaded model
conv-44-qa-106,lalm,4.27621075949544,6.081999999878462,88.46984999991037,98.82806075928427,one shared preloaded model
conv-44-qa-107,lalm,4.27621075949544,7.625899999766261,88.46984999991037,100.37196075917207,one shared preloaded model
conv-44-qa-108,lalm,4.27621075949544,6.298100001004059,82.70412499996382,93.27843576046332,one shared preloaded model
conv-44-qa-109,lalm,4.27621075949544,6.1402000010275515,82.70412499996382,93.12053576048682,one shared preloaded model
conv-44-qa-110,lalm,4.27621075949544,6.457299999965471,82.70412499996382,93.43763575942474,one shared preloaded model
conv-44-qa-111,lalm,4.27621075949544,6.021799999871291,82.70412499996382,93.00213575933056,one shared preloaded model
conv-44-qa-112,lalm,4.27621075949544,6.148700000267127,84.37190000040573,94.7968107601683,one shared preloaded model
conv-44-qa-113,lalm,4.27621075949544,7.994499999767868,84.37190000040573,96.64261075966904,one shared preloaded model
conv-44-qa-114,lalm,4.27621075949544,5.51160000031814,84.37190000040573,94.15971076021931,one shared preloaded model
conv-44-qa-115,lalm,4.27621075949544,5.8184999998047715,84.37190000040573,94.46661075970594,one shared preloaded model
conv-44-qa-116,lalm,4.27621075949544,6.680700000288198,150.02970000023197,160.9866107600156,one shared preloaded model
conv-44-qa-117,lalm,4.27621075949544,10.26339999953052,150.02970000023197,164.56931075925792,one shared preloaded model
conv-44-qa-118,lalm,4.27621075949544,9.715099999084487,150.02970000023197,164.02101075881188,one shared preloaded model
conv-44-qa-119,lalm,4.27621075949544,10.188199999902281,150.02970000023197,164.49411075962968,one shared preloaded model
conv-44-qa-120,lalm,4.27621075949544,5.974699999569566,143.34684999994352,153.5977607590085,one shared preloaded model
conv-44-qa-121,lalm,4.27621075949544,6.923799999640323,143.34684999994352,154.54686075907927,one shared preloaded model
conv-44-qa-122,lalm,4.27621075949544,6.284000000960077,143.34684999994352,153.90706076039902,one shared preloaded model
conv-44-qa-123,lalm,4.27621075949544,6.013599999278085,143.34684999994352,153.63666075871703,one shared preloaded model
conv-44-qa-124,lalm,4.27621075949544,6.429799999750685,89.1219249997448,99.82793575899093,one shared preloaded model
conv-44-qa-125,lalm,4.27621075949544,10.58059999922989,89.1219249997448,103.97873575847014,one shared preloaded model
conv-44-qa-126,lalm,4.27621075949544,9.867299999314127,89.1219249997448,103.26543575855437,one shared preloaded model
conv-44-qa-127,lalm,4.27621075949544,9.074500001588603,89.1219249997448,102.47263576082885,one shared preloaded model
conv-44-qa-128,lalm,4.27621075949544,6.595700000616489,94.85710000035397,105.7290107604659,one shared preloaded model
conv-44-qa-129,lalm,4.27621075949544,9.858399998847744,94.85710000035397,108.99171075869715,one shared preloaded model
conv-44-qa-130,lalm,4.27621075949544,10.305100000550738,94.85710000035397,109.43841076040015,one shared preloaded model
conv-44-qa-131,lalm,4.27621075949544,9.593599999789149,94.85710000035397,108.72691075963856,one shared preloaded model
conv-44-qa-132,lalm,4.27621075949544,9.763100000782288,82.22147499964194,96.26078575991967,one shared preloaded model
conv-44-qa-133,lalm,4.27621075949544,7.376100000328734,82.22147499964194,93.87378575946612,one shared preloaded model
conv-44-qa-134,lalm,4.27621075949544,8.441999998467509,82.22147499964194,94.93968575760489,one shared preloaded model
conv-44-qa-135,lalm,4.27621075949544,10.929800000667456,82.22147499964194,97.42748575980484,one shared preloaded model
conv-44-qa-136,lalm,4.27621075949544,7.054600000628852,83.78709999988132,95.11791076000561,one shared preloaded model
conv-44-qa-137,lalm,4.27621075949544,10.61160000062955,83.78709999988132,98.67491076000631,one shared preloaded model
conv-44-qa-138,lalm,4.27621075949544,9.279699999751756,83.78709999988132,97.34301075912852,one shared preloaded model
conv-44-qa-139,lalm,4.27621075949544,9.69940000140923,83.78709999988132,97.76271076078599,one shared preloaded model
conv-44-qa-140,lalm,4.27621075949544,6.70689999969909,113.18555000025299,124.16866075944752,one shared preloaded model
conv-44-qa-141,lalm,4.27621075949544,9.275899999920512,113.18555000025299,126.73766075966894,one shared preloaded model
conv-44-qa-142,lalm,4.27621075949544,9.82809999914025,113.18555000025299,127.28986075888868,one shared preloaded model
conv-44-qa-143,lalm,4.27621075949544,9.392099998876802,113.18555000025299,126.85386075862523,one shared preloaded model
conv-44-qa-144,lalm,4.27621075949544,6.045799998901202,87.34385000025213,97.66586075864878,one shared preloaded model
conv-44-qa-145,lalm,4.27621075949544,9.815100000196253,87.34385000025213,101.43516075994383,one shared preloaded model
conv-44-qa-146,lalm,4.27621075949544,8.067799999480485,87.34385000025213,99.68786075922806,one shared preloaded model
conv-44-qa-147,lalm,4.27621075949544,5.1473000003170455,87.34385000025213,96.76736076006462,one shared preloaded model
conv-44-qa-148,lalm,4.27621075949544,6.4395000008516945,85.67617500011693,96.39188576046406,one shared preloaded model
conv-44-qa-149,lalm,4.27621075949544,7.182700001067133,85.67617500011693,97.1350857606795,one shared preloaded model
conv-44-qa-150,lalm,4.27621075949544,11.346700001013232,85.67617500011693,101.2990857606256,one shared preloaded model
conv-44-qa-151,lalm,4.27621075949544,10.434800000439282,85.67617500011693,100.38718576005165,one shared preloaded model
conv-44-qa-152,lalm,4.27621075949544,6.750200000169571,86.19967499998893,97.22608575965394,one shared preloaded model
conv-44-qa-153,lalm,4.27621075949544,10.375800000474555,86.19967499998893,100.85168575995893,one shared preloaded model
conv-44-qa-154,lalm,4.27621075949544,9.718700001030811,86.19967499998893,100.19458576051518,one shared preloaded model
conv-44-qa-155,lalm,4.27621075949544,9.969000000637607,86.19967499998893,100.44488576012198,one shared preloaded model
conv-44-qa-156,lalm,4.27621075949544,6.80599999941478,133.04454999979498,144.1267607587052,one shared preloaded model
conv-44-qa-157,lalm,4.27621075949544,9.612100000595092,133.04454999979498,146.9328607598855,one shared preloaded model
conv-47-qa-0,lalm,3.754611578944222,8.301600000777398,79.75635000002512,91.81256157974674,one shared preloaded model
conv-47-qa-1,lalm,3.754611578944222,8.102199999484583,79.75635000002512,91.61316157845393,one shared preloaded model
conv-47-qa-2,lalm,3.754611578944222,9.504700001343735,79.75635000002512,93.01566158031308,one shared preloaded model
conv-47-qa-3,lalm,3.754611578944222,9.793499999432242,79.75635000002512,93.30446157840159,one shared preloaded model
conv-47-qa-4,lalm,3.754611578944222,6.959700000152225,80.5735500002811,91.28786157937755,one shared preloaded model
conv-47-qa-5,lalm,3.754611578944222,9.991299999455805,80.5735500002811,94.31946157868113,one shared preloaded model
conv-47-qa-6,lalm,3.754611578944222,9.386099998664577,80.5735500002811,93.7142615778899,one shared preloaded model
conv-47-qa-7,lalm,3.754611578944222,9.137400000327034,80.5735500002811,93.46556157955236,one shared preloaded model
conv-47-qa-8,lalm,3.754611578944222,8.929199999329285,160.3296749999572,173.0134865782307,one shared preloaded model
conv-47-qa-9,lalm,3.754611578944222,9.639600000809878,160.3296749999572,173.7238865797113,one shared preloaded model
conv-47-qa-10,lalm,3.754611578944222,9.288999999625958,160.3296749999572,173.37328657852737,one shared preloaded model
conv-47-qa-11,lalm,3.754611578944222,7.375100001809187,160.3296749999572,171.4593865807106,one shared preloaded model
conv-47-qa-12,lalm,3.754611578944222,5.966800001260708,89.7484499996608,99.46986157986574,one shared preloaded model
conv-47-qa-13,lalm,3.754611578944222,5.433999998786021,89.7484499996608,98.93706157739105,one shared preloaded model
conv-47-qa-14,lalm,3.754611578944222,5.553999999392545,89.7484499996608,99.05706157799757,one shared preloaded model
conv-47-qa-15,lalm,3.754611578944222,6.507000000055996,89.7484499996608,100.01006157866102,one shared preloaded model
conv-47-qa-16,lalm,3.754611578944222,7.161199999245582,165.89742500036664,176.81323657855643,one shared preloaded model
conv-47-qa-17,lalm,3.754611578944222,9.930599999279366,165.89742500036664,179.5826365785902,one shared preloaded model
conv-47-qa-18,lalm,3.754611578944222,6.147799998871051,165.89742500036664,175.7998365781819,one shared preloaded model
conv-47-qa-19,lalm,3.754611578944222,5.269900000712369,165.89742500036664,174.9219365800232,one shared preloaded model
conv-47-qa-20,lalm,3.754611578944222,6.8835999991279095,142.6819000002979,153.32011157837002,one shared preloaded model
conv-47-qa-21,lalm,3.754611578944222,9.625400000004447,142.6819000002979,156.06191157924655,one shared preloaded model
conv-47-qa-22,lalm,3.754611578944222,10.522500000661239,142.6819000002979,156.95901157990335,one shared preloaded model
conv-47-qa-23,lalm,3.754611578944222,9.311499999967054,142.6819000002979,155.74801157920916,one shared preloaded model
conv-47-qa-24,lalm,3.754611578944222,6.005499999446329,90.92534999990676,100.6854615782973,one shared preloaded model
conv-47-qa-25,lalm,3.754611578944222,5.17279999985476,90.92534999990676,99.85276157870574,one shared preloaded model
conv-47-qa-26,lalm,3.754611578944222,6.20359999993525,90.92534999990676,100.88356157878623,one shared preloaded model
conv-47-qa-27,lalm,3.754611578944222,5.59380000049714,90.92534999990676,100.27376157934812,one shared preloaded model
conv-47-qa-28,lalm,3.754611578944222,8.970200000476325,102.68752499996481,115.41233657938535,one shared preloaded model
conv-47-qa-29,lalm,3.754611578944222,6.110300000727875,102.68752499996481,112.5524365796369,one shared preloaded model
conv-47-qa-30,lalm,3.754611578944222,6.373800000801566,102.68752499996481,112.8159365797106,one shared preloaded model
conv-47-qa-31,lalm,3.754611578944222,6.237600000531529,102.68752499996481,112.67973657944056,one shared preloaded model
conv-47-qa-32,lalm,3.754611578944222,6.289699998887954,72.50269999985903,82.54701157769121,one shared preloaded model
conv-47-qa-33,lalm,3.754611578944222,8.575500000006286,72.50269999985903,84.83281157880954,one shared preloaded model
conv-47-qa-34,lalm,3.754611578944222,9.044399999766028,72.50269999985903,85.30171157856928,one shared preloaded model
conv-47-qa-35,lalm,3.754611578944222,5.968199999188073,72.50269999985903,82.22551157799133,one shared preloaded model
conv-47-qa-36,lalm,3.754611578944222,6.487599999672966,152.32127499984927,162.56348657846644,one shared preloaded model
conv-47-qa-37,lalm,3.754611578944222,6.241400000362773,152.32127499984927,162.31728657915625,one shared preloaded model
conv-47-qa-38,lalm,3.754611578944222,6.6442000006645685,152.32127499984927,162.72008657945804,one shared preloaded model
conv-47-qa-39,lalm,3.754611578944222,9.450100000321981,152.32127499984927,165.52598657911545,one shared preloaded model
conv-47-qa-40,lalm,3.754611578944222,6.228700000065146,152.22774999983812,162.21106157884748,one shared preloaded model
conv-47-qa-41,lalm,3.754611578944222,5.353599999580183,152.22774999983812,161.33596157836251,one shared preloaded model
conv-47-qa-42,lalm,3.754611578944222,5.299699998431606,152.22774999983812,161.28206157721394,one shared preloaded model
conv-47-qa-43,lalm,3.754611578944222,6.1671999992540805,152.22774999983812,162.1495615780364,one shared preloaded model
conv-47-qa-44,lalm,3.754611578944222,6.103699999584933,144.75402500011114,154.61233657864028,one shared preloaded model
conv-47-qa-45,lalm,3.754611578944222,9.125799999310402,144.75402500011114,157.63443657836575,one shared preloaded model
conv-47-qa-46,lalm,3.754611578944222,9.333299998615985,144.75402500011114,157.84193657767133,one shared preloaded model
conv-47-qa-47,lalm,3.754611578944222,9.498199999143253,144.75402500011114,158.0068365781986,one shared preloaded model
conv-47-qa-48,lalm,3.754611578944222,6.684800000584801,102.0502999999735,112.48971157950253,one shared preloaded model
conv-47-qa-49,lalm,3.754611578944222,10.698400001274422,102.0502999999735,116.50331158019215,one shared preloaded model
conv-47-qa-50,lalm,3.754611578944222,9.42850000137696,102.0502999999735,115.23341158029469,one shared preloaded model
conv-47-qa-51,lalm,3.754611578944222,9.96589999886055,102.0502999999735,115.77081157777828,one shared preloaded model
conv-47-qa-52,lalm,3.754611578944222,6.4925999995466555,148.83187499981432,159.07908657830518,one shared preloaded model
conv-47-qa-53,lalm,3.754611578944222,10.61180000033346,148.83187499981432,163.19828657909198,one shared preloaded model
conv-47-qa-54,lalm,3.754611578944222,9.874900000795606,148.83187499981432,162.46138657955413,one shared preloaded model
conv-47-qa-55,lalm,3.754611578944222,9.160999999949127,148.83187499981432,161.74748657870765,one shared preloaded model
conv-47-qa-56,lalm,3.754611578944222,6.352099999276106,152.31022500029212,162.41693657851243,one shared preloaded model
conv-47-qa-57,lalm,3.754611578944222,6.241800001589581,152.31022500029212,162.3066365808259,one shared preloaded model
conv-47-qa-58,lalm,3.754611578944222,6.004700000630692,152.31022500029212,162.06953657986702,one shared preloaded model
conv-47-qa-59,lalm,3.754611578944222,8.813000000372995,152.31022500029212,164.87783657960932,one shared preloaded model
conv-47-qa-60,lalm,3.754611578944222,6.707900000037625,100.43379999979152,110.89631157877336,one shared preloaded model
conv-47-qa-61,lalm,3.754611578944222,5.119299999932991,100.43379999979152,109.30771157866873,one shared preloaded model
conv-47-qa-62,lalm,3.754611578944222,5.760000000009313,100.43379999979152,109.94841157874505,one shared preloaded model
conv-47-qa-63,lalm,3.754611578944222,6.638500000917702,100.43379999979152,110.82691157965344,one shared preloaded model
conv-47-qa-64,lalm,3.754611578944222,6.8036000011488795,154.375324999819,164.93353657991207,one shared preloaded model
conv-47-qa-65,lalm,3.754611578944222,7.213899998532725,154.375324999819,165.34383657729592,one shared preloaded model
conv-47-qa-66,lalm,3.754611578944222,5.992399999740883,154.375324999819,164.12233657850408,one shared preloaded model
conv-47-qa-67,lalm,3.754611578944222,9.742099999130005,154.375324999819,167.8720365778932,one shared preloaded model
conv-47-qa-68,lalm,3.754611578944222,6.927200000063749,139.97622499982754,150.6580365788355,one shared preloaded model
conv-47-qa-69,lalm,3.754611578944222,8.56999999996333,139.97622499982754,152.30083657873507,one shared preloaded model
conv-47-qa-70,lalm,3.754611578944222,9.116100000028382,139.97622499982754,152.84693657880013,one shared preloaded model
conv-47-qa-71,lalm,3.754611578944222,8.767499999521533,139.97622499982754,152.49833657829328,one shared preloaded model
conv-47-qa-72,lalm,3.754611578944222,6.6157000001112465,82.13930000010805,92.50961157916352,one shared preloaded model
conv-47-qa-73,lalm,3.754611578944222,10.415699998702621,82.13930000010805,96.3096115777549,one shared preloaded model
conv-47-qa-74,lalm,3.754611578944222,10.631900000589667,82.13930000010805,96.52581157964194,one shared preloaded model
conv-47-qa-75,lalm,3.754611578944222,9.853400000793044,82.13930000010805,95.74731157984532,one shared preloaded model
conv-47-qa-76,lalm,3.754611578944222,6.0195000005478505,82.85652499989737,92.63063657938945,one shared preloaded model
conv-47-qa-77,lalm,3.754611578944222,6.860099998448277,82.85652499989737,93.47123657728987,one shared preloaded model
conv-47-qa-78,lalm,3.754611578944222,6.185899999763933,82.85652499989737,92.79703657860553,one shared preloaded model
conv-47-qa-79,lalm,3.754611578944222,5.94950000049721,82.85652499989737,92.5606365793388,one shared preloaded model
conv-47-qa-80,lalm,3.754611578944222,6.454300000768853,121.59674999975323,131.8056615794663,one shared preloaded model
conv-47-qa-81,lalm,3.754611578944222,6.309000000328524,121.59674999975323,131.66036157902596,one shared preloaded model
conv-47-qa-82,lalm,3.754611578944222,6.482099999630009,121.59674999975323,131.83346157832744,one shared preloaded model
conv-47-qa-83,lalm,3.754611578944222,6.350999999995111,121.59674999975323,131.70236157869255,one shared preloaded model
conv-47-qa-84,lalm,3.754611578944222,6.176200000481913,85.73344999967958,95.66426157910571,one shared preloaded model
conv-47-qa-85,lalm,3.754611578944222,9.497000000919797,85.73344999967958,98.9850615795436,one shared preloaded model
conv-47-qa-86,lalm,3.754611578944222,9.331100000053993,85.73344999967958,98.8191615786778,one shared preloaded model
conv-47-qa-87,lalm,3.754611578944222,9.246200001143734,85.73344999967958,98.73426157976753,one shared preloaded model
conv-47-qa-88,lalm,3.754611578944222,7.696100001339801,137.9472749999877,149.39798658027172,one shared preloaded model
conv-47-qa-89,lalm,3.754611578944222,6.949599999643397,137.9472749999877,148.65148657857532,one shared preloaded model
conv-47-qa-90,lalm,3.754611578944222,6.5470000008645,137.9472749999877,148.24888657979642,one shared preloaded model
conv-47-qa-91,lalm,3.754611578944222,6.389199999830453,137.9472749999877,148.09108657876237,one shared preloaded model
conv-47-qa-92,lalm,3.754611578944222,12.193200000183424,118.78375000014785,134.73156157927548,one shared preloaded model
conv-47-qa-93,lalm,3.754611578944222,5.4812999987916555,118.78375000014785,128.0196615778837,one shared preloaded model
conv-47-qa-94,lalm,3.754611578944222,9.681399998953566,118.78375000014785,132.21976157804562,one shared preloaded model
conv-47-qa-95,lalm,3.754611578944222,7.437700000082259,118.78375000014785,129.9760615791743,one shared preloaded model
conv-47-qa-96,lalm,3.754611578944222,6.027700001141056,93.56637500013676,103.34868658022204,one shared preloaded model
conv-47-qa-97,lalm,3.754611578944222,6.241900000532041,93.56637500013676,103.56288657961302,one shared preloaded model
conv-47-qa-98,lalm,3.754611578944222,7.229700000607409,93.56637500013676,104.55068657968839,one shared preloaded model
conv-47-qa-99,lalm,3.754611578944222,5.713000000469037,93.56637500013676,103.03398657955002,one shared preloaded model
conv-47-qa-100,lalm,3.754611578944222,6.475899999713874,81.70187499990789,91.93238657856598,one shared preloaded model
conv-47-qa-101,lalm,3.754611578944222,9.270000000469736,81.70187499990789,94.72648657932184,one shared preloaded model
conv-47-qa-102,lalm,3.754611578944222,9.870599998976104,81.70187499990789,95.32708657782821,one shared preloaded model
conv-47-qa-103,lalm,3.754611578944222,10.018700000728131,81.70187499990789,95.47518657958024,one shared preloaded model
conv-47-qa-104,lalm,3.754611578944222,6.991599999309983,79.18582499996774,89.93203657822194,one shared preloaded model
conv-47-qa-105,lalm,3.754611578944222,9.637000001021079,79.18582499996774,92.57743657993304,one shared preloaded model
conv-47-qa-106,lalm,3.754611578944222,9.518600001683808,79.18582499996774,92.45903658059576,one shared preloaded model
conv-47-qa-107,lalm,3.754611578944222,9.404100001120241,79.18582499996774,92.3445365800322,one shared preloaded model
conv-47-qa-108,lalm,3.754611578944222,7.025000000794535,189.7436999997808,200.52331157951954,one shared preloaded model
conv-47-qa-109,lalm,3.754611578944222,10.126299999683397,189.7436999997808,203.6246115784084,one shared preloaded model
conv-47-qa-110,lalm,3.754611578944222,9.776799999599461,189.7436999997808,203.27511157832447,one shared preloaded model
conv-47-qa-111,lalm,3.754611578944222,9.538700000121025,189.7436999997808,203.03701157884603,one shared preloaded model
conv-47-qa-112,lalm,3.754611578944222,10.394400000222959,89.51139999999214,103.66041157915932,one shared preloaded model
conv-47-qa-113,lalm,3.754611578944222,9.880499999781023,89.51139999999214,103.14651157871738,one shared preloaded model
conv-47-qa-114,lalm,3.754611578944222,7.971899998665322,89.51139999999214,101.23791157760168,one shared preloaded model
conv-47-qa-115,lalm,3.754611578944222,5.732100000386708,89.51139999999214,98.99811157932307,one shared preloaded model
conv-47-qa-116,lalm,3.754611578944222,6.666799999948125,82.5703750001594,92.99178657905175,one shared preloaded model
conv-47-qa-117,lalm,3.754611578944222,6.211699999767006,82.5703750001594,92.53668657887063,one shared preloaded model
conv-47-qa-118,lalm,3.754611578944222,5.5382999998983,82.5703750001594,91.86328657900192,one shared preloaded model
conv-47-qa-119,lalm,3.754611578944222,5.517600000530365,82.5703750001594,91.84258657963399,one shared preloaded model
conv-47-qa-120,lalm,3.754611578944222,6.535900000017136,83.57062499999302,93.86113657895437,one shared preloaded model
conv-47-qa-121,lalm,3.754611578944222,10.43269999900076,83.57062499999302,97.757936577938,one shared preloaded model
conv-47-qa-122,lalm,3.754611578944222,9.707799999887357,83.57062499999302,97.03303657882459,one shared preloaded model
conv-47-qa-123,lalm,3.754611578944222,9.95159999911266,83.57062499999302,97.2768365780499,one shared preloaded model
conv-47-qa-124,lalm,3.754611578944222,6.508899999971618,126.76805000000968,137.0315615789255,one shared preloaded model
conv-47-qa-125,lalm,3.754611578944222,7.241299999805051,126.76805000000968,137.76396157875894,one shared preloaded model
conv-47-qa-126,lalm,3.754611578944222,6.895000000440632,126.76805000000968,137.41766157939452,one shared preloaded model
conv-47-qa-127,lalm,3.754611578944222,5.064399998445879,126.76805000000968,135.58706157739977,one shared preloaded model
conv-47-qa-128,lalm,3.754611578944222,6.052599999748054,163.41117499996471,173.21838657865698,one shared preloaded model
conv-47-qa-129,lalm,3.754611578944222,6.087199999456061,163.41117499996471,173.25298657836498,one shared preloaded model
conv-47-qa-130,lalm,3.754611578944222,7.599099999424652,163.41117499996471,174.76488657833357,one shared preloaded model
conv-47-qa-131,lalm,3.754611578944222,10.13020000027609,163.41117499996471,177.295986579185,one shared preloaded model
conv-47-qa-132,lalm,3.754611578944222,8.832299999994575,96.58529999978782,109.17221157872662,one shared preloaded model
conv-47-qa-133,lalm,3.754611578944222,9.897099998852354,96.58529999978782,110.2370115775844,one shared preloaded model
conv-47-qa-134,lalm,3.754611578944222,9.068400000614929,96.58529999978782,109.40831157934697,one shared preloaded model
conv-47-qa-135,lalm,3.754611578944222,10.140899999896646,96.58529999978782,110.48081157862869,one shared preloaded model
conv-47-qa-136,lalm,3.754611578944222,7.215600000563427,98.13870000016323,109.10891157967087,one shared preloaded model
conv-47-qa-137,lalm,3.754611578944222,9.966999999960535,98.13870000016323,111.86031157906798,one shared preloaded model
conv-47-qa-138,lalm,3.754611578944222,9.781500000826782,98.13870000016323,111.67481157993423,one shared preloaded model
conv-47-qa-139,lalm,3.754611578944222,9.491099999650032,98.13870000016323,111.38441157875748,one shared preloaded model
conv-47-qa-140,lalm,3.754611578944222,6.101599999965401,117.68280000023879,127.53901157914841,one shared preloaded model
conv-47-qa-141,lalm,3.754611578944222,6.249800000659889,117.68280000023879,127.6872115798429,one shared preloaded model
conv-47-qa-142,lalm,3.754611578944222,7.5200999999651685,117.68280000023879,128.95751157914816,one shared preloaded model
conv-47-qa-143,lalm,3.754611578944222,9.539499998936662,117.68280000023879,130.97691157811965,one shared preloaded model
conv-47-qa-144,lalm,3.754611578944222,5.971799999315408,117.15860000003886,126.88501157829849,one shared preloaded model
conv-47-qa-145,lalm,3.754611578944222,9.9248999995325,117.15860000003886,130.83811157851557,one shared preloaded model
conv-47-qa-146,lalm,3.754611578944222,9.646000000429922,117.15860000003886,130.559211579413,one shared preloaded model
conv-47-qa-147,lalm,3.754611578944222,5.380099999456434,117.15860000003886,126.29331157843951,one shared preloaded model
conv-47-qa-148,lalm,3.754611578944222,6.324800000584219,88.7989750003726,98.87838657990103,one shared preloaded model
conv-47-qa-149,lalm,3.754611578944222,5.362099998819758,88.7989750003726,97.91568657813657,one shared preloaded model
conv-47-qa-150,lalm,3.754611578944222,9.71410000056494,88.7989750003726,102.26768657988175,one shared preloaded model
conv-47-qa-151,lalm,3.754611578944222,8.65189999967697,88.7989750003726,101.20548657899378,one shared preloaded model
conv-47-qa-152,lalm,3.754611578944222,6.371900000885944,119.48000000029424,129.6065115801244,one shared preloaded model
conv-47-qa-153,lalm,3.754611578944222,9.572299999490497,119.48000000029424,132.80691157872894,one shared preloaded model
conv-47-qa-154,lalm,3.754611578944222,9.9196999999549,119.48000000029424,133.15431157919335,one shared preloaded model
conv-47-qa-155,lalm,3.754611578944222,9.696200000689714,119.48000000029424,132.93081157992816,one shared preloaded model
conv-47-qa-156,lalm,3.754611578944222,6.267600001592655,97.62022499990053,107.6424365804374,one shared preloaded model
conv-47-qa-157,lalm,3.754611578944222,5.178600000363076,97.62022499990053,106.55343657920783,one shared preloaded model
conv-47-qa-158,lalm,3.754611578944222,6.263100000069244,97.62022499990053,107.637936578914,one shared preloaded model
conv-47-qa-159,lalm,3.754611578944222,9.991099999751896,97.62022499990053,111.36593657859665,one shared preloaded model
conv-47-qa-160,lalm,3.754611578944222,6.305999999312917,99.11309999961304,109.17371157787018,one shared preloaded model
conv-47-qa-161,lalm,3.754611578944222,10.23219999842695,99.11309999961304,113.09991157698421,one shared preloaded model
conv-47-qa-162,lalm,3.754611578944222,6.993400000283145,99.11309999961304,109.86111157884041,one shared preloaded model
conv-47-qa-163,lalm,3.754611578944222,5.640800000037416,99.11309999961304,108.50851157859468,one shared preloaded model
conv-47-qa-164,lalm,3.754611578944222,6.177999999636086,125.8336999999301,135.7663115785104,one shared preloaded model
conv-47-qa-165,lalm,3.754611578944222,10.065800001029857,125.8336999999301,139.65411157990417,one shared preloaded model
conv-47-qa-166,lalm,3.754611578944222,9.732000000440166,125.8336999999301,139.32031157931448,one shared preloaded model
conv-47-qa-167,lalm,3.754611578944222,9.81329999922309,125.8336999999301,139.4016115780974,one shared preloaded model
conv-47-qa-168,lalm,3.754611578944222,6.220600000233389,85.63402500021766,95.60923657939527,one shared preloaded model
conv-47-qa-169,lalm,3.754611578944222,9.866999998848769,85.63402500021766,99.25563657801065,one shared preloaded model
conv-47-qa-170,lalm,3.754611578944222,9.369299999889336,85.63402500021766,98.75793657905122,one shared preloaded model
conv-47-qa-171,lalm,3.754611578944222,9.073400000488618,85.63402500021766,98.4620365796505,one shared preloaded model
conv-47-qa-172,lalm,3.754611578944222,6.483400000433903,307.03989999983605,317.27791157921416,one shared preloaded model
conv-47-qa-173,lalm,3.754611578944222,7.344499999817344,307.03989999983605,318.1390115785976,one shared preloaded model
conv-47-qa-174,lalm,3.754611578944222,6.722899999658694,307.03989999983605,317.51741157843895,one shared preloaded model
conv-47-qa-175,lalm,3.754611578944222,7.354700001087622,307.03989999983605,318.1492115798679,one shared preloaded model
conv-47-qa-176,lalm,3.754611578944222,8.237000000008265,72.84535000007963,84.83696157903212,one shared preloaded model
conv-47-qa-177,lalm,3.754611578944222,7.595699999001226,72.84535000007963,84.19566157802508,one shared preloaded model
conv-47-qa-178,lalm,3.754611578944222,8.909400001357426,72.84535000007963,85.50936158038128,one shared preloaded model
conv-47-qa-179,lalm,3.754611578944222,9.604499999113614,72.84535000007963,86.20446157813747,one shared preloaded model
conv-47-qa-180,lalm,3.754611578944222,6.66799999999057,99.7050500000114,110.12766157894619,one shared preloaded model
conv-47-qa-181,lalm,3.754611578944222,6.922500000655418,99.7050500000114,110.38216157961104,one shared preloaded model
conv-47-qa-182,lalm,3.754611578944222,5.622100001346553,99.7050500000114,109.08176158030217,one shared preloaded model
conv-47-qa-183,lalm,3.754611578944222,5.9172000001126435,99.7050500000114,109.37686157906826,one shared preloaded model
conv-47-qa-184,lalm,3.754611578944222,5.863999998837244,155.6621499994435,165.28076157722495,one shared preloaded model
conv-47-qa-185,lalm,3.754611578944222,6.1397999998007435,155.6621499994435,165.55656157818845,one shared preloaded model
conv-47-qa-186,lalm,3.754611578944222,6.584000000657397,155.6621499994435,166.0007615790451,one shared preloaded model
conv-47-qa-187,lalm,3.754611578944222,5.4494000014528865,155.6621499994435,164.8661615798406,one shared preloaded model
conv-47-qa-188,lalm,3.754611578944222,9.155799998552538,140.47874999960186,153.3891615770986,one shared preloaded model
conv-47-qa-189,lalm,3.754611578944222,6.52049999916926,140.47874999960186,150.75386157771533,one shared preloaded model
conv-48-qa-0,lalm,3.129435983267525,8.921499997086357,153.5385250008403,165.58946098119418,one shared preloaded model
conv-48-qa-1,lalm,3.129435983267525,6.358500002534129,153.5385250008403,163.02646098664195,one shared preloaded model
conv-48-qa-2,lalm,3.129435983267525,6.145000003016321,153.5385250008403,162.81296098712414,one shared preloaded model
conv-48-qa-3,lalm,3.129435983267525,9.188899999571731,153.5385250008403,165.85686098367955,one shared preloaded model
conv-48-qa-4,lalm,3.129435983267525,6.559999997989507,79.8826749996806,89.57211098093764,one shared preloaded model
conv-48-qa-5,lalm,3.129435983267525,9.797599999728845,79.8826749996806,92.80971098267698,one shared preloaded model
conv-48-qa-6,lalm,3.129435983267525,7.503199998609489,79.8826749996806,90.51531098155762,one shared preloaded model
conv-48-qa-7,lalm,3.129435983267525,7.4337000005471054,79.8826749996806,90.44581098349524,one shared preloaded model
conv-48-qa-8,lalm,3.129435983267525,6.617700000788318,165.00902500047232,174.75616098452815,one shared preloaded model
conv-48-qa-9,lalm,3.129435983267525,5.9779000002890825,165.00902500047232,174.11636098402892,one shared preloaded model
conv-48-qa-10,lalm,3.129435983267525,5.23579999935464,165.00902500047232,173.37426098309447,one shared preloaded model
conv-48-qa-11,lalm,3.129435983267525,5.946000001131324,165.00902500047232,174.08446098487116,one shared preloaded model
conv-48-qa-12,lalm,3.129435983267525,6.442199999582954,255.9912999995504,265.56293598240086,one shared preloaded model
conv-48-qa-13,lalm,3.129435983267525,5.688700002792757,255.9912999995504,264.80943598561066,one shared preloaded model
conv-48-qa-14,lalm,3.129435983267525,6.427600001188694,255.9912999995504,265.5483359840066,one shared preloaded model
conv-48-qa-15,lalm,3.129435983267525,6.346099999063881,255.9912999995504,265.4668359818818,one shared preloaded model
conv-48-qa-16,lalm,3.129435983267525,6.378999998560175,162.966800000504,172.4752359823317,one shared preloaded model
conv-48-qa-17,lalm,3.129435983267525,9.81809999939287,162.966800000504,175.9143359831644,one shared preloaded model
conv-48-qa-18,lalm,3.129435983267525,9.3708999993396,162.966800000504,175.46713598311112,one shared preloaded model
conv-48-qa-19,lalm,3.129435983267525,9.61730000199168,162.966800000504,175.7135359857632,one shared preloaded model
conv-48-qa-20,lalm,3.129435983267525,7.926600002974737,87.60987500045303,98.6659109866953,one shared preloaded model
conv-48-qa-21,lalm,3.129435983267525,10.476600000401959,87.60987500045303,101.21591098412252,one shared preloaded model
conv-48-qa-22,lalm,3.129435983267525,9.83720000294852,87.60987500045303,100.57651098666908,one shared preloaded model
conv-48-qa-23,lalm,3.129435983267525,7.835399999748915,87.60987500045303,98.57471098346947,one shared preloaded model
conv-48-qa-24,lalm,3.129435983267525,7.061100001010345,118.70247500064579,128.89301098492365,one shared preloaded model
conv-48-qa-25,lalm,3.129435983267525,5.853099999512779,118.70247500064579,127.6850109834261,one shared preloaded model
conv-48-qa-26,lalm,3.129435983267525,6.400999998732004,118.70247500064579,128.2329109826453,one shared preloaded model
conv-48-qa-27,lalm,3.129435983267525,6.080399998609209,118.70247500064579,127.91231098252253,one shared preloaded model
conv-48-qa-28,lalm,3.129435983267525,6.269699999393197,111.1688500004675,120.56798598312822,one shared preloaded model
conv-48-qa-29,lalm,3.129435983267525,5.666099998052232,111.1688500004675,119.96438598178726,one shared preloaded model
conv-48-qa-30,lalm,3.129435983267525,5.73919999806094,111.1688500004675,120.03748598179597,one shared preloaded model
conv-48-qa-31,lalm,3.129435983267525,8.875100000295788,111.1688500004675,123.17338598403082,one shared preloaded model
conv-48-qa-32,lalm,3.129435983267525,5.970299996988615,170.32702500000596,179.4267609802621,one shared preloaded model
conv-48-qa-33,lalm,3.129435983267525,10.123799998837058,170.32702500000596,183.58026098211053,one shared preloaded model
conv-48-qa-34,lalm,3.129435983267525,9.51809999969555,170.32702500000596,182.97456098296902,one shared preloaded model
conv-48-qa-35,lalm,3.129435983267525,9.892199999740114,170.32702500000596,183.3486609830136,one shared preloaded model
conv-48-qa-36,lalm,3.129435983267525,6.226500001503155,157.12162500039994,166.4775609851706,one shared preloaded model
conv-48-qa-37,lalm,3.129435983267525,9.380999999848427,157.12162500039994,169.63206098351588,one shared preloaded model
conv-48-qa-38,lalm,3.129435983267525,9.488100000453414,157.12162500039994,169.73916098412087,one shared preloaded model
conv-48-qa-39,lalm,3.129435983267525,9.440399997401983,157.12162500039994,169.69146098106944,one shared preloaded model
conv-48-qa-40,lalm,3.129435983267525,7.864399998652516,93.58427500046673,104.57811098238678,one shared preloaded model
conv-48-qa-41,lalm,3.129435983267525,5.094000000099186,93.58427500046673,101.80771098383345,one shared preloaded model
conv-48-qa-42,lalm,3.129435983267525,5.551399997784756,93.58427500046673,102.26511098151902,one shared preloaded model
conv-48-qa-43,lalm,3.129435983267525,5.567899999732617,93.58427500046673,102.28161098346688,one shared preloaded model
conv-48-qa-44,lalm,3.129435983267525,9.434499999770196,161.78532499998255,174.34926098302026,one shared preloaded model
conv-48-qa-45,lalm,3.129435983267525,10.4377999996359,161.78532499998255,175.35256098288596,one shared preloaded model
conv-48-qa-46,lalm,3.129435983267525,7.453000001987675,161.78532499998255,172.36776098523774,one shared preloaded model
conv-48-qa-47,lalm,3.129435983267525,5.935699999099597,161.78532499998255,170.85046098234966,one shared preloaded model
conv-48-qa-48,lalm,3.129435983267525,8.056299997406313,85.34280000003491,96.52853598070875,one shared preloaded model
conv-48-qa-49,lalm,3.129435983267525,9.484099999099271,85.34280000003491,97.95633598240171,one shared preloaded model
conv-48-qa-50,lalm,3.129435983267525,9.90059999821824,85.34280000003491,98.37283598152068,one shared preloaded model
conv-48-qa-51,lalm,3.129435983267525,9.216600003128406,85.34280000003491,97.68883598643085,one shared preloaded model
conv-48-qa-52,lalm,3.129435983267525,6.125500000052853,145.44082500015065,154.69576098347102,one shared preloaded model
conv-48-qa-53,lalm,3.129435983267525,5.639599999994971,145.44082500015065,154.20986098341314,one shared preloaded model
conv-48-qa-54,lalm,3.129435983267525,5.667199999152217,145.44082500015065,154.23746098257038,one shared preloaded model
conv-48-qa-55,lalm,3.129435983267525,5.6578000003355555,145.44082500015065,154.22806098375372,one shared preloaded model
conv-48-qa-56,lalm,3.129435983267525,6.421899997803848,87.38077500038344,96.93211098145481,one shared preloaded model
conv-48-qa-57,lalm,3.129435983267525,7.331599997996818,87.38077500038344,97.84181098164778,one shared preloaded model
conv-48-qa-58,lalm,3.129435983267525,6.6829999996116385,87.38077500038344,97.1932109832626,one shared preloaded model
conv-48-qa-59,lalm,3.129435983267525,7.330600001296261,87.38077500038344,97.84081098494723,one shared preloaded model
conv-48-qa-60,lalm,3.129435983267525,6.538300000102026,122.68569999923784,132.35343598260738,one shared preloaded model
conv-48-qa-61,lalm,3.129435983267525,7.690899998124223,122.68569999923784,133.50603598062958,one shared preloaded model
conv-48-qa-62,lalm,3.129435983267525,6.982000002608402,122.68569999923784,132.79713598511375,one shared preloaded model
conv-48-qa-63,lalm,3.129435983267525,9.660100000473903,122.68569999923784,135.47523598297926,one shared preloaded model
conv-48-qa-64,lalm,3.129435983267525,5.785299999843119,80.94325000001845,89.8579859831291,one shared preloaded model
conv-48-qa-65,lalm,3.129435983267525,5.725499999243766,80.94325000001845,89.79818598252974,one shared preloaded model
conv-48-qa-66,lalm,3.129435983267525,8.314999999129213,80.94325000001845,92.38768598241519,one shared preloaded model
conv-48-qa-67,lalm,3.129435983267525,7.3358999979973305,80.94325000001845,91.40858598128331,one shared preloaded model
conv-48-qa-68,lalm,3.129435983267525,6.514900000183843,132.37499999922875,142.0193359826801,one shared preloaded model
conv-48-qa-69,lalm,3.129435983267525,9.916700000758283,132.37499999922875,145.42113598325454,one shared preloaded model
conv-48-qa-70,lalm,3.129435983267525,9.82089999888558,132.37499999922875,145.32533598138184,one shared preloaded model
conv-48-qa-71,lalm,3.129435983267525,9.20159999805037,132.37499999922875,144.70603598054663,one shared preloaded model
conv-48-qa-72,lalm,3.129435983267525,6.524399999761954,151.92352499980188,161.57736098283135,one shared preloaded model
conv-48-qa-73,lalm,3.129435983267525,5.728399999497924,151.92352499980188,160.78136098256732,one shared preloaded model
conv-48-qa-74,lalm,3.129435983267525,5.894400001125177,151.92352499980188,160.94736098419457,one shared preloaded model
conv-48-qa-75,lalm,3.129435983267525,5.60820000100648,151.92352499980188,160.66116098407588,one shared preloaded model
conv-48-qa-76,lalm,3.129435983267525,6.3824999997450504,151.28340000046592,160.79533598347848,one shared preloaded model
conv-48-qa-77,lalm,3.129435983267525,10.016399999585701,151.28340000046592,164.42923598331913,one shared preloaded model
conv-48-qa-78,lalm,3.129435983267525,9.577599998010555,151.28340000046592,163.99043598174399,one shared preloaded model
conv-48-qa-79,lalm,3.129435983267525,9.420899998076493,151.28340000046592,163.83373598180992,one shared preloaded model
conv-48-qa-80,lalm,3.129435983267525,6.169100000988692,164.41774999930203,173.71628598355824,one shared preloaded model
conv-48-qa-81,lalm,3.129435983267525,9.426600001461338,164.41774999930203,176.97378598403088,one shared preloaded model
conv-48-qa-82,lalm,3.129435983267525,6.962600000406383,164.41774999930203,174.50978598297593,one shared preloaded model
conv-48-qa-83,lalm,3.129435983267525,6.244299998797942,164.41774999930203,173.7914859813675,one shared preloaded model
conv-48-qa-84,lalm,3.129435983267525,6.202800002938602,85.64935000049445,94.98158598670058,one shared preloaded model
conv-48-qa-85,lalm,3.129435983267525,9.347200000775047,85.64935000049445,98.12598598453702,one shared preloaded model
conv-48-qa-86,lalm,3.129435983267525,9.282399998483015,85.64935000049445,98.061185982245,one shared preloaded model
conv-48-qa-87,lalm,3.129435983267525,9.835600001679268,85.64935000049445,98.61438598544125,one shared preloaded model
conv-48-qa-88,lalm,3.129435983267525,6.678300000203308,96.83817499990255,106.64591098337338,one shared preloaded model
conv-48-qa-89,lalm,3.129435983267525,9.836600002017803,96.83817499990255,109.80421098518788,one shared preloaded model
conv-48-qa-90,lalm,3.129435983267525,7.323200003156671,96.83817499990255,107.29081098632675,one shared preloaded model
conv-48-qa-91,lalm,3.129435983267525,6.399999998393469,96.83817499990255,106.36761098156354,one shared preloaded model
conv-48-qa-92,lalm,3.129435983267525,8.213500001147622,95.73705000002519,107.07998598444034,one shared preloaded model
conv-48-qa-93,lalm,3.129435983267525,5.791700001282152,95.73705000002519,104.65818598457487,one shared preloaded model
conv-48-qa-94,lalm,3.129435983267525,6.630600000789855,95.73705000002519,105.49708598408257,one shared preloaded model
conv-48-qa-95,lalm,3.129435983267525,9.969099999580067,95.73705000002519,108.83558598287279,one shared preloaded model
conv-48-qa-96,lalm,3.129435983267525,6.9414000026881695,151.28135000031762,161.3521859862733,one shared preloaded model
conv-48-qa-97,lalm,3.129435983267525,10.354100002587074,151.28135000031762,164.7648859861722,one shared preloaded model
conv-48-qa-98,lalm,3.129435983267525,9.528200000204379,151.28135000031762,163.9389859837895,one shared preloaded model
conv-48-qa-99,lalm,3.129435983267525,9.68740000098478,151.28135000031762,164.0981859845699,one shared preloaded model
conv-48-qa-100,lalm,3.129435983267525,6.908399998792447,147.2377999998571,157.27563598191705,one shared preloaded model
conv-48-qa-101,lalm,3.129435983267525,10.00200000271434,147.2377999998571,160.36923598583894,one shared preloaded model
conv-48-qa-102,lalm,3.129435983267525,9.962700001779012,147.2377999998571,160.3299359849036,one shared preloaded model
conv-48-qa-103,lalm,3.129435983267525,9.466899999097222,147.2377999998571,159.83413598222182,one shared preloaded model
conv-48-qa-104,lalm,3.129435983267525,6.269400000746828,95.68614999989222,105.08498598390658,one shared preloaded model
conv-48-qa-105,lalm,3.129435983267525,5.520200000319164,95.68614999989222,104.33578598347891,one shared preloaded model
conv-48-qa-106,lalm,3.129435983267525,7.371499999862863,95.68614999989222,106.18708598302261,one shared preloaded model
conv-48-qa-107,lalm,3.129435983267525,6.084000000555534,95.68614999989222,104.89958598371528,one shared preloaded model
conv-48-qa-108,lalm,3.129435983267525,6.621200001973193,114.54602499998146,124.29666098522218,one shared preloaded model
conv-48-qa-109,lalm,3.129435983267525,10.428900000988506,114.54602499998146,128.10436098423747,one shared preloaded model
conv-48-qa-110,lalm,3.129435983267525,10.419099999126047,114.54602499998146,128.09456098237501,one shared preloaded model
conv-48-qa-111,lalm,3.129435983267525,6.438600001274608,114.54602499998146,124.11406098452359,one shared preloaded model
conv-48-qa-112,lalm,3.129435983267525,8.699099998921156,90.99499999956606,102.82353598175474,one shared preloaded model
conv-48-qa-113,lalm,3.129435983267525,5.257799999526469,90.99499999956606,99.38223598236006,one shared preloaded model
conv-48-qa-114,lalm,3.129435983267525,5.904300000111107,90.99499999956606,100.0287359829447,one shared preloaded model
conv-48-qa-115,lalm,3.129435983267525,10.5370999990555,90.99499999956606,104.66153598188909,one shared preloaded model
conv-48-qa-116,lalm,3.129435983267525,6.1504000004788395,111.90342500049155,121.18326098423792,one shared preloaded model
conv-48-qa-117,lalm,3.129435983267525,5.625400001008529,111.90342500049155,120.65826098476761,one shared preloaded model
conv-48-qa-118,lalm,3.129435983267525,5.3646999986085575,111.90342500049155,120.39756098236764,one shared preloaded model
conv-48-qa-119,lalm,3.129435983267525,10.188100000959821,111.90342500049155,125.2209609847189,one shared preloaded model
conv-48-qa-120,lalm,3.129435983267525,6.77680000080727,82.85187499950553,92.75811098358032,one shared preloaded model
conv-48-qa-121,lalm,3.129435983267525,6.592000001546694,82.85187499950553,92.57331098431975,one shared preloaded model
conv-48-qa-122,lalm,3.129435983267525,11.055599999963306,82.85187499950553,97.03691098273636,one shared preloaded model
conv-48-qa-123,lalm,3.129435983267525,9.804300003452227,82.85187499950553,95.78561098622528,one shared preloaded model
conv-48-qa-124,lalm,3.129435983267525,6.267799999477575,91.57342500020604,100.97066098295115,one shared preloaded model
conv-48-qa-125,lalm,3.129435983267525,9.536000001389766,91.57342500020604,104.23886098486334,one shared preloaded model
conv-48-qa-126,lalm,3.129435983267525,9.49439999749302,91.57342500020604,104.19726098096659,one shared preloaded model
conv-48-qa-127,lalm,3.129435983267525,9.739000000990927,91.57342500020604,104.4418609844645,one shared preloaded model
conv-48-qa-128,lalm,3.129435983267525,6.938700000318931,111.63624999971944,121.7043859833059,one shared preloaded model
conv-48-qa-129,lalm,3.129435983267525,6.301000001258217,111.63624999971944,121.06668598424518,one shared preloaded model
conv-48-qa-130,lalm,3.129435983267525,5.955200002063066,111.63624999971944,120.72088598505003,one shared preloaded model
conv-48-qa-131,lalm,3.129435983267525,6.670999999187188,111.63624999971944,121.43668598217415,one shared preloaded model
conv-48-qa-132,lalm,3.129435983267525,6.67299999986426,134.56420000056823,144.3666359837,one shared preloaded model
conv-48-qa-133,lalm,3.129435983267525,9.414699998160359,134.56420000056823,147.1083359819961,one shared preloaded model
conv-48-qa-134,lalm,3.129435983267525,9.555200002068887,134.56420000056823,147.24883598590463,one shared preloaded model
conv-48-qa-135,lalm,3.129435983267525,9.70210000014049,134.56420000056823,147.39573598397624,one shared preloaded model
conv-48-qa-136,lalm,3.129435983267525,5.912300002819393,302.147624999634,311.1893609857209,one shared preloaded model
conv-48-qa-137,lalm,3.129435983267525,6.321400000160793,302.147624999634,311.5984609830623,one shared preloaded model
conv-48-qa-138,lalm,3.129435983267525,6.8554999998013955,302.147624999634,312.1325609827029,one shared preloaded model
conv-48-qa-139,lalm,3.129435983267525,5.301900000631576,302.147624999634,310.5789609835331,one shared preloaded model
conv-48-qa-140,lalm,3.129435983267525,6.70689999969909,121.76399999952991,131.60033598249652,one shared preloaded model
conv-48-qa-141,lalm,3.129435983267525,9.807900001760572,121.76399999952991,134.701335984558,one shared preloaded model
conv-48-qa-142,lalm,3.129435983267525,10.367999999289168,121.76399999952991,135.2614359820866,one shared preloaded model
conv-48-qa-143,lalm,3.129435983267525,10.394699998869328,121.76399999952991,135.28813598166676,one shared preloaded model
conv-48-qa-144,lalm,3.129435983267525,6.38039999830653,150.55067499997676,160.0605109815508,one shared preloaded model
conv-48-qa-145,lalm,3.129435983267525,9.976000001188368,150.55067499997676,163.65611098443264,one shared preloaded model
conv-48-qa-146,lalm,3.129435983267525,9.742499998537824,150.55067499997676,163.4226109817821,one shared preloaded model
conv-48-qa-147,lalm,3.129435983267525,9.550900002068374,150.55067499997676,163.23101098531265,one shared preloaded model
conv-48-qa-148,lalm,3.129435983267525,6.882900001073722,82.50010000028851,92.51243598462976,one shared preloaded model
conv-48-qa-149,lalm,3.129435983267525,9.810100000322564,82.50010000028851,95.4396359838786,one shared preloaded model
conv-48-qa-150,lalm,3.129435983267525,10.771700002806028,82.50010000028851,96.40123598636207,one shared preloaded model
conv-48-qa-151,lalm,3.129435983267525,9.698999998363433,82.50010000028851,95.32853598191947,one shared preloaded model
conv-48-qa-152,lalm,3.129435983267525,6.858799999463372,134.12297499962733,144.11121098235822,one shared preloaded model
conv-48-qa-153,lalm,3.129435983267525,5.548600001930026,134.12297499962733,142.80101098482487,one shared preloaded model
conv-48-qa-154,lalm,3.129435983267525,5.634299999655923,134.12297499962733,142.88671098255077,one shared preloaded model
conv-48-qa-155,lalm,3.129435983267525,5.932199997914722,134.12297499962733,143.18461098080957,one shared preloaded model
conv-48-qa-156,lalm,3.129435983267525,9.213099998305552,156.55437500026892,168.89691098184198,one shared preloaded model
conv-48-qa-157,lalm,3.129435983267525,10.145500000362517,156.55437500026892,169.82931098389895,one shared preloaded model
conv-48-qa-158,lalm,3.129435983267525,10.02899999730289,156.55437500026892,169.71281098083932,one shared preloaded model
conv-48-qa-159,lalm,3.129435983267525,9.479700001975289,156.55437500026892,169.16351098551172,one shared preloaded model
conv-48-qa-160,lalm,3.129435983267525,6.521399998746347,80.99967499947525,90.65051098148912,one shared preloaded model
conv-48-qa-161,lalm,3.129435983267525,10.04319999992731,80.99967499947525,94.17231098267008,one shared preloaded model
conv-48-qa-162,lalm,3.129435983267525,10.522500000661239,80.99967499947525,94.65161098340401,one shared preloaded model
conv-48-qa-163,lalm,3.129435983267525,9.284399999160087,80.99967499947525,93.41351098190286,one shared preloaded model
conv-48-qa-164,lalm,3.129435983267525,5.953300002147444,74.39262500065524,83.47536098607021,one shared preloaded model
conv-48-qa-165,lalm,3.129435983267525,5.796400000690483,74.39262500065524,83.31846098461325,one shared preloaded model
conv-48-qa-166,lalm,3.129435983267525,6.140700003015809,74.39262500065524,83.66276098693858,one shared preloaded model
conv-48-qa-167,lalm,3.129435983267525,5.814799998915987,74.39262500065524,83.33686098283876,one shared preloaded model
conv-48-qa-168,lalm,3.129435983267525,6.074400000215974,138.55545000023994,147.75928598372343,one shared preloaded model
conv-48-qa-169,lalm,3.129435983267525,5.445499999041203,138.55545000023994,147.13038598254866,one shared preloaded model
conv-48-qa-170,lalm,3.129435983267525,6.907099999807542,138.55545000023994,148.591985983315,one shared preloaded model
conv-48-qa-171,lalm,3.129435983267525,6.481200001871912,138.55545000023994,148.16608598537937,one shared preloaded model
conv-48-qa-172,lalm,3.129435983267525,8.965200002421625,72.8328249997503,84.92746098543945,one shared preloaded model
conv-48-qa-173,lalm,3.129435983267525,5.309200001647696,72.8328249997503,81.27146098466552,one shared preloaded model
conv-48-qa-174,lalm,3.129435983267525,9.611200002836995,72.8328249997503,85.57346098585482,one shared preloaded model
conv-48-qa-175,lalm,3.129435983267525,7.63340000048629,72.8328249997503,83.59566098350412,one shared preloaded model
conv-48-qa-176,lalm,3.129435983267525,6.327999999484746,151.60262500012323,161.06006098287548,one shared preloaded model
conv-48-qa-177,lalm,3.129435983267525,5.473299999721348,151.60262500012323,160.2053609831121,one shared preloaded model
conv-48-qa-178,lalm,3.129435983267525,6.074400000215974,151.60262500012323,160.8064609836067,one shared preloaded model
conv-48-qa-179,lalm,3.129435983267525,9.65849999920465,151.60262500012323,164.3905609825954,one shared preloaded model
conv-48-qa-180,lalm,3.129435983267525,6.947599998966325,161.87212499971793,171.94916098195176,one shared preloaded model
conv-48-qa-181,lalm,3.129435983267525,9.393899999849964,161.87212499971793,174.3954609828354,one shared preloaded model
conv-48-qa-182,lalm,3.129435983267525,9.894599999825004,161.87212499971793,174.89616098281044,one shared preloaded model
conv-48-qa-183,lalm,3.129435983267525,9.330199998657918,161.87212499971793,174.33176098164336,one shared preloaded model
conv-48-qa-184,lalm,3.129435983267525,6.439100001443876,82.81747500041092,92.38601098512233,one shared preloaded model
conv-48-qa-185,lalm,3.129435983267525,5.248399997071829,82.81747500041092,91.19531098075028,one shared preloaded model
conv-48-qa-186,lalm,3.129435983267525,5.717500000173459,82.81747500041092,91.66441098385191,one shared preloaded model
conv-48-qa-187,lalm,3.129435983267525,6.796999998186948,82.81747500041092,92.7439109818654,one shared preloaded model
conv-48-qa-188,lalm,3.129435983267525,6.813800002419157,125.84220000007917,135.78543598576584,one shared preloaded model
conv-48-qa-189,lalm,3.129435983267525,10.542399999394547,125.84220000007917,139.51403598274123,one shared preloaded model
conv-48-qa-190,lalm,3.129435983267525,9.35609999942244,125.84220000007917,138.32773598276913,one shared preloaded model
conv-48-qa-191,lalm,3.129435983267525,9.167799998976989,125.84220000007917,138.13943598232368,one shared preloaded model
conv-48-qa-192,lalm,3.129435983267525,6.209700000908924,85.39337499951216,94.73251098368861,one shared preloaded model
conv-48-qa-193,lalm,3.129435983267525,5.489099999977043,85.39337499951216,94.01191098275673,one shared preloaded model
conv-48-qa-194,lalm,3.129435983267525,5.306099999870639,85.39337499951216,93.82891098265033,one shared preloaded model
conv-48-qa-195,lalm,3.129435983267525,6.947999998374144,85.39337499951216,95.47081098115383,one shared preloaded model
conv-48-qa-196,lalm,3.129435983267525,6.648200000199722,144.8530749994461,154.63071098291334,one shared preloaded model
conv-48-qa-197,lalm,3.129435983267525,9.812100000999635,144.8530749994461,157.79461098371326,one shared preloaded model
conv-48-qa-198,lalm,3.129435983267525,10.677599999326048,144.8530749994461,158.66011098203967,one shared preloaded model
conv-48-qa-199,lalm,3.129435983267525,10.334400001738686,144.8530749994461,158.3169109844523,one shared preloaded model
conv-48-qa-200,lalm,3.129435983267525,6.363000000419561,87.89160000014817,97.38403598383526,one shared preloaded model
conv-48-qa-201,lalm,3.129435983267525,10.046299998066388,87.89160000014817,101.06733598148209,one shared preloaded model
conv-48-qa-202,lalm,3.129435983267525,9.413300002051983,87.89160000014817,100.43433598546768,one shared preloaded model
conv-48-qa-203,lalm,3.129435983267525,9.14790000024368,87.89160000014817,100.16893598365938,one shared preloaded model
conv-48-qa-204,lalm,3.129435983267525,6.543800001963973,86.16350000011153,95.83673598534303,one shared preloaded model
conv-48-qa-205,lalm,3.129435983267525,8.544600001187064,86.16350000011153,97.83753598456612,one shared preloaded model
conv-48-qa-206,lalm,3.129435983267525,9.594299997843336,86.16350000011153,98.88723598122239,one shared preloaded model
conv-48-qa-207,lalm,3.129435983267525,9.764400001586182,86.16350000011153,99.05733598496523,one shared preloaded model
conv-48-qa-208,lalm,3.129435983267525,7.071799998811912,102.29182500006573,112.49306098214517,one shared preloaded model
conv-48-qa-209,lalm,3.129435983267525,9.913399997458328,102.29182500006573,115.33466098079158,one shared preloaded model
conv-48-qa-210,lalm,3.129435983267525,9.478500000113854,102.29182500006573,114.89976098344711,one shared preloaded model
conv-48-qa-211,lalm,3.129435983267525,9.31480000144802,102.29182500006573,114.73606098478128,one shared preloaded model
conv-48-qa-212,lalm,3.129435983267525,9.045900002092822,81.35705000040616,93.53238598576651,one shared preloaded model
conv-48-qa-213,lalm,3.129435983267525,5.637599999317899,81.35705000040616,90.12408598299159,one shared preloaded model
conv-48-qa-214,lalm,3.129435983267525,6.449500000599073,81.35705000040616,90.93598598427276,one shared preloaded model
conv-48-qa-215,lalm,3.129435983267525,5.8563000020512845,81.35705000040616,90.34278598572497,one shared preloaded model
conv-48-qa-216,lalm,3.129435983267525,5.958699999609962,82.45642499969108,91.54456098256857,one shared preloaded model
conv-48-qa-217,lalm,3.129435983267525,5.095000000437722,82.45642499969108,90.68086098339633,one shared preloaded model
conv-48-qa-218,lalm,3.129435983267525,5.454399997688597,82.45642499969108,91.0402609806472,one shared preloaded model
conv-48-qa-219,lalm,3.129435983267525,10.805699999764329,82.45642499969108,96.39156098272294,one shared preloaded model
conv-48-qa-220,lalm,3.129435983267525,6.691200000204844,117.8211750002447,127.64181098371706,one shared preloaded model
conv-48-qa-221,lalm,3.129435983267525,5.4841999990458135,117.8211750002447,126.43481098255803,one shared preloaded model
conv-48-qa-222,lalm,3.129435983267525,5.324599998857593,117.8211750002447,126.27521098236981,one shared preloaded model
conv-48-qa-223,lalm,3.129435983267525,6.381999999575783,117.8211750002447,127.332610983088,one shared preloaded model
conv-48-qa-224,lalm,3.129435983267525,6.875999999465421,160.06442500020057,170.0698609829335,one shared preloaded model
conv-48-qa-225,lalm,3.129435983267525,5.413300001237076,160.06442500020057,168.60716098470516,one shared preloaded model
conv-48-qa-226,lalm,3.129435983267525,5.673300001944881,160.06442500020057,168.86716098541297,one shared preloaded model
conv-48-qa-227,lalm,3.129435983267525,7.0753999971202575,160.06442500020057,170.26926098058834,one shared preloaded model
conv-48-qa-228,lalm,3.129435983267525,6.60980000247946,130.97297500007699,140.71221098582396,one shared preloaded model
conv-48-qa-229,lalm,3.129435983267525,5.420400000730297,130.97297500007699,139.5228109840748,one shared preloaded model
conv-48-qa-230,lalm,3.129435983267525,6.8439000024227425,130.97297500007699,140.94631098576724,one shared preloaded model
conv-48-qa-231,lalm,3.129435983267525,5.817199999000877,130.97297500007699,139.91961098234538,one shared preloaded model
conv-48-qa-232,lalm,3.129435983267525,6.682899998850189,75.43644999987009,85.24878598198781,one shared preloaded model
conv-48-qa-233,lalm,3.129435983267525,6.598599997232668,75.43644999987009,85.16448598037029,one shared preloaded model
conv-48-qa-234,lalm,3.129435983267525,6.4301999991585035,75.43644999987009,84.99608598229612,one shared preloaded model
conv-48-qa-235,lalm,3.129435983267525,6.190000000060536,75.43644999987009,84.75588598319816,one shared preloaded model
conv-48-qa-236,lalm,3.129435983267525,6.107400000473717,141.75889999993765,150.99573598367888,one shared preloaded model
conv-48-qa-237,lalm,3.129435983267525,7.980599999427795,141.75889999993765,152.86893598263296,one shared preloaded model
conv-48-qa-238,lalm,3.129435983267525,7.584599999972852,141.75889999993765,152.47293598317802,one shared preloaded model
conv-49-qa-0,lalm,2.72583877549736,5.788300000858726,86.01069999986066,94.52483877621675,one shared preloaded model
conv-49-qa-1,lalm,2.72583877549736,6.422099999326747,86.01069999986066,95.15863877468477,one shared preloaded model
conv-49-qa-2,lalm,2.72583877549736,9.282800001528813,86.01069999986066,98.01933877688684,one shared preloaded model
conv-49-qa-3,lalm,2.72583877549736,6.628999999520602,86.01069999986066,95.36553877487863,one shared preloaded model
conv-49-qa-4,lalm,2.72583877549736,6.27610000083223,81.07382500020321,90.07576377653281,one shared preloaded model
conv-49-qa-5,lalm,2.72583877549736,9.715299998788396,81.07382500020321,93.51496377448898,one shared preloaded model
conv-49-qa-6,lalm,2.72583877549736,7.845300002372824,81.07382500020321,91.6449637780734,one shared preloaded model
conv-49-qa-7,lalm,2.72583877549736,6.472799999755807,81.07382500020321,90.27246377545639,one shared preloaded model
conv-49-qa-8,lalm,2.72583877549736,5.983900002320297,158.545750000485,167.25548877830263,one shared preloaded model
conv-49-qa-9,lalm,2.72583877549736,6.417200002033496,158.545750000485,167.68878877801583,one shared preloaded model
conv-49-qa-10,lalm,2.72583877549736,10.709700000006706,158.545750000485,171.98128877598904,one shared preloaded model
conv-49-qa-11,lalm,2.72583877549736,9.683000000222819,158.545750000485,170.95458877620516,one shared preloaded model
conv-49-qa-12,lalm,2.72583877549736,6.365000001096632,103.40272499979619,112.49356377639019,one shared preloaded model
conv-49-qa-13,lalm,2.72583877549736,6.759699997928692,103.40272499979619,112.88826377322225,one shared preloaded model
conv-49-qa-14,lalm,2.72583877549736,5.6810999994922895,103.40272499979619,111.80966377478585,one shared preloaded model
conv-49-qa-15,lalm,2.72583877549736,5.923799999436596,103.40272499979619,112.05236377473015,one shared preloaded model
conv-49-qa-16,lalm,2.72583877549736,6.069200000638375,128.8740999998481,137.66913877598384,one shared preloaded model
conv-49-qa-17,lalm,2.72583877549736,9.56909999877098,128.8740999998481,141.16903877411644,one shared preloaded model
conv-49-qa-18,lalm,2.72583877549736,9.735100000398234,128.8740999998481,141.3350387757437,one shared preloaded model
conv-49-qa-19,lalm,2.72583877549736,10.0235000027169,128.8740999998481,141.62343877806236,one shared preloaded model
conv-49-qa-20,lalm,2.72583877549736,6.539000001794193,111.81267499978276,121.07751377707432,one shared preloaded model
conv-49-qa-21,lalm,2.72583877549736,10.167500000534346,111.81267499978276,124.70601377581447,one shared preloaded model
conv-49-qa-22,lalm,2.72583877549736,10.760400000435766,111.81267499978276,125.29891377571589,one shared preloaded model
conv-49-qa-23,lalm,2.72583877549736,6.526600001961924,111.81267499978276,121.06511377724205,one shared preloaded model
conv-49-qa-24,lalm,2.72583877549736,6.6364000012981705,117.48535000060656,126.8475887774021,one shared preloaded model
conv-49-qa-25,lalm,2.72583877549736,10.126099998160498,117.48535000060656,130.3372887742644,one shared preloaded model
conv-49-qa-26,lalm,2.72583877549736,9.508099999948172,117.48535000060656,129.71928877605208,one shared preloaded model
conv-49-qa-27,lalm,2.72583877549736,6.349600000248756,117.48535000060656,126.56078877635268,one shared preloaded model
conv-49-qa-28,lalm,2.72583877549736,7.475700000213692,81.55887500015524,91.7604137758663,one shared preloaded model
conv-49-qa-29,lalm,2.72583877549736,10.124099997483427,81.55887500015524,94.40881377313603,one shared preloaded model
conv-49-qa-30,lalm,2.72583877549736,9.9926000002597,81.55887500015524,94.2773137759123,one shared preloaded model
conv-49-qa-31,lalm,2.72583877549736,10.078100000100676,81.55887500015524,94.36281377575328,one shared preloaded model
conv-49-qa-32,lalm,2.72583877549736,5.915800000366289,129.40340000022843,138.04503877609207,one shared preloaded model
conv-49-qa-33,lalm,2.72583877549736,6.249099998967722,129.40340000022843,138.3783387746935,one shared preloaded model
conv-49-qa-34,lalm,2.72583877549736,8.803000000625616,129.40340000022843,140.9322387763514,one shared preloaded model
conv-49-qa-35,lalm,2.72583877549736,9.368500002892688,129.40340000022843,141.49773877861847,one shared preloaded model
conv-49-qa-36,lalm,2.72583877549736,6.854799998109229,143.70265000070503,153.28328877431161,one shared preloaded model
conv-49-qa-37,lalm,2.72583877549736,10.957200000120793,143.70265000070503,157.38568877632318,one shared preloaded model
conv-49-qa-38,lalm,2.72583877549736,10.173499998927582,143.70265000070503,156.60198877512997,one shared preloaded model
conv-49-qa-39,lalm,2.72583877549736,9.88859999779379,143.70265000070503,156.31708877399618,one shared preloaded model
conv-49-qa-40,lalm,2.72583877549736,6.076599998777965,111.97872499997175,120.78116377424708,one shared preloaded model
conv-49-qa-41,lalm,2.72583877549736,5.167899998923531,111.97872499997175,119.87246377439264,one shared preloaded model
conv-49-qa-42,lalm,2.72583877549736,5.895000002055895,111.97872499997175,120.599563777525,one shared preloaded model
conv-49-qa-43,lalm,2.72583877549736,5.312999997840961,111.97872499997175,120.01756377331007,one shared preloaded model
conv-49-qa-44,lalm,2.72583877549736,6.494199998996919,76.68822499999806,85.90826377449234,one shared preloaded model
conv-49-qa-45,lalm,2.72583877549736,6.683400002657436,76.68822499999806,86.09746377815286,one shared preloaded model
conv-49-qa-46,lalm,2.72583877549736,10.509199997613905,76.68822499999806,89.92326377310933,one shared preloaded model
conv-49-qa-47,lalm,2.72583877549736,9.65840000208118,76.68822499999806,89.0724637775766,one shared preloaded model
conv-49-qa-48,lalm,2.72583877549736,6.2915999988035765,88.28410000023723,97.30153877453817,one shared preloaded model
conv-49-qa-49,lalm,2.72583877549736,5.485199999384349,88.28410000023723,96.49513877511895,one shared preloaded model
conv-49-qa-50,lalm,2.72583877549736,6.098500001826324,88.28410000023723,97.10843877756092,one shared preloaded model
conv-49-qa-51,lalm,2.72583877549736,10.564200001681456,88.28410000023723,101.57413877741605,one shared preloaded model
conv-49-qa-52,lalm,2.72583877549736,6.538400000863476,156.20127500005765,165.46551377641848,one shared preloaded model
conv-49-qa-53,lalm,2.72583877549736,9.157200001936872,156.20127500005765,168.08431377749187,one shared preloaded model
conv-49-qa-54,lalm,2.72583877549736,9.823700002016267,156.20127500005765,168.75081377757127,one shared preloaded model
conv-49-qa-55,lalm,2.72583877549736,9.404899999935878,156.20127500005765,168.33201377549088,one shared preloaded model
conv-49-qa-56,lalm,2.72583877549736,6.2723000010009855,153.6273000001529,162.62543877665124,one shared preloaded model
conv-49-qa-57,lalm,2.72583877549736,6.211700001585996,153.6273000001529,162.56483877723625,one shared preloaded model
conv-49-qa-58,lalm,2.72583877549736,5.913099997997051,153.6273000001529,162.2662387736473,one shared preloaded model
conv-49-qa-59,lalm,2.72583877549736,6.648099999438273,153.6273000001529,163.00123877508852,one shared preloaded model
conv-49-qa-60,lalm,2.72583877549736,6.184300000313669,84.72044999962236,93.6305887754334,one shared preloaded model
conv-49-qa-61,lalm,2.72583877549736,10.115599998243852,84.72044999962236,97.56188877336358,one shared preloaded model
conv-49-qa-62,lalm,2.72583877549736,9.679100003268104,84.72044999962236,97.12538877838783,one shared preloaded model
conv-49-qa-63,lalm,2.72583877549736,9.204900001350325,84.72044999962236,96.65118877647005,one shared preloaded model
conv-49-qa-64,lalm,2.72583877549736,7.118900000932626,82.12352499958797,91.96826377601796,one shared preloaded model
conv-49-qa-65,lalm,2.72583877549736,9.806500002014218,82.12352499958797,94.65586377709955,one shared preloaded model
conv-49-qa-66,lalm,2.72583877549736,9.637600000132807,82.12352499958797,94.48696377521814,one shared preloaded model
conv-49-qa-67,lalm,2.72583877549736,9.222199998475844,82.12352499958797,94.07156377356118,one shared preloaded model
conv-49-qa-68,lalm,2.72583877549736,6.526199998916127,75.45432499955496,84.70636377396845,one shared preloaded model
conv-49-qa-69,lalm,2.72583877549736,10.452499998791609,75.45432499955496,88.63266377384393,one shared preloaded model
conv-49-qa-70,lalm,2.72583877549736,9.585300002072472,75.45432499955496,87.7654637771248,one shared preloaded model
conv-49-qa-71,lalm,2.72583877549736,9.273200001189252,75.45432499955496,87.45336377624157,one shared preloaded model
conv-49-qa-72,lalm,2.72583877549736,6.482600001618266,146.99677499993413,156.20521377704975,one shared preloaded model
conv-49-qa-73,lalm,2.72583877549736,9.460599998419639,146.99677499993413,159.18321377385112,one shared preloaded model
conv-49-qa-74,lalm,2.72583877549736,9.483300000283634,146.99677499993413,159.20591377571512,one shared preloaded model
conv-49-qa-75,lalm,2.72583877549736,9.556000000884524,146.99677499993413,159.278613776316,one shared preloaded model
conv-49-qa-76,lalm,2.72583877549736,6.417399999918416,80.03302500037535,89.17626377579113,one shared preloaded model
conv-49-qa-77,lalm,2.72583877549736,6.165299997519469,80.03302500037535,88.92416377339218,one shared preloaded model
conv-49-qa-78,lalm,2.72583877549736,9.864600000582868,80.03302500037535,92.62346377645558,one shared preloaded model
conv-49-qa-79,lalm,2.72583877549736,9.616600000299513,80.03302500037535,92.37546377617223,one shared preloaded model
conv-49-qa-80,lalm,2.72583877549736,6.124800001998665,114.85085000003892,123.70148877753495,one shared preloaded model
conv-49-qa-81,lalm,2.72583877549736,9.618299998692237,114.85085000003892,127.19498877422852,one shared preloaded model
conv-49-qa-82,lalm,2.72583877549736,9.831999999732943,114.85085000003892,127.40868877526923,one shared preloaded model
conv-49-qa-83,lalm,2.72583877549736,10.291099999449216,114.85085000003892,127.8677887749855,one shared preloaded model
conv-49-qa-84,lalm,2.72583877549736,5.808400001114933,100.86554999998043,109.39978877659273,one shared preloaded model
conv-49-qa-85,lalm,2.72583877549736,6.461000000854256,100.86554999998043,110.05238877633205,one shared preloaded model
conv-49-qa-86,lalm,2.72583877549736,5.647999998473097,100.86554999998043,109.23938877395089,one shared preloaded model
conv-49-qa-87,lalm,2.72583877549736,5.949399997916771,100.86554999998043,109.54078877339457,one shared preloaded model
conv-49-qa-88,lalm,2.72583877549736,8.376099998713471,137.57637500020792,148.67831377441874,one shared preloaded model
conv-49-qa-89,lalm,2.72583877549736,9.870400001091184,137.57637500020792,150.17261377679645,one shared preloaded model
conv-49-qa-90,lalm,2.72583877549736,9.98529999924358,137.57637500020792,150.28751377494885,one shared preloaded model
conv-49-qa-91,lalm,2.72583877549736,9.724100000312319,137.57637500020792,150.0263137760176,one shared preloaded model
conv-49-qa-92,lalm,2.72583877549736,6.583299997146241,97.60169999935897,106.91083877200258,one shared preloaded model
conv-49-qa-93,lalm,2.72583877549736,8.923299999878509,97.60169999935897,109.25083877473485,one shared preloaded model
conv-49-qa-94,lalm,2.72583877549736,9.94160000118427,97.60169999935897,110.2691387760406,one shared preloaded model
conv-49-qa-95,lalm,2.72583877549736,9.42379999833065,97.60169999935897,109.75133877318699,one shared preloaded model
conv-49-qa-96,lalm,2.72583877549736,6.3346000024466775,177.77182499958144,186.83226377752547,one shared preloaded model
conv-49-qa-97,lalm,2.72583877549736,11.15610000124434,177.77182499958144,191.65376377632313,one shared preloaded model
conv-49-qa-98,lalm,2.72583877549736,10.678900001948932,177.77182499958144,191.17656377702772,one shared preloaded model
conv-49-qa-99,lalm,2.72583877549736,8.288799999718321,177.77182499958144,188.7864637747971,one shared preloaded model
conv-49-qa-100,lalm,2.72583877549736,6.317899998975918,79.35767500021029,88.40141377468358,one shared preloaded model
conv-49-qa-101,lalm,2.72583877549736,5.674399999406887,79.35767500021029,87.75791377511455,one shared preloaded model
conv-49-qa-102,lalm,2.72583877549736,6.944100001419429,79.35767500021029,89.02761377712709,one shared preloaded model
conv-49-qa-103,lalm,2.72583877549736,6.945200002519414,79.35767500021029,89.02871377822707,one shared preloaded model
conv-49-qa-104,lalm,2.72583877549736,7.001300000410993,114.12780000046041,123.85493877636877,one shared preloaded model
conv-49-qa-105,lalm,2.72583877549736,9.726500000397209,114.12780000046041,126.58013877635499,one shared preloaded model
conv-49-qa-106,lalm,2.72583877549736,10.371199998189695,114.12780000046041,127.22483877414747,one shared preloaded model
conv-49-qa-107,lalm,2.72583877549736,9.662299999035895,114.12780000046041,126.51593877499367,one shared preloaded model
conv-49-qa-108,lalm,2.72583877549736,6.250899998121895,85.9697750001942,94.94651377381346,one shared preloaded model
conv-49-qa-109,lalm,2.72583877549736,9.996400000090944,85.9697750001942,98.69201377578251,one shared preloaded model
conv-49-qa-110,lalm,2.72583877549736,9.337100000266219,85.9697750001942,98.03271377595779,one shared preloaded model
conv-49-qa-111,lalm,2.72583877549736,10.220399999525398,85.9697750001942,98.91601377521697,one shared preloaded model
conv-49-qa-112,lalm,2.72583877549736,6.224199998541735,163.3590750006988,172.30911377473788,one shared preloaded model
conv-49-qa-113,lalm,2.72583877549736,9.894800001347903,163.3590750006988,175.97971377754405,one shared preloaded model
conv-49-qa-114,lalm,2.72583877549736,9.400499999173917,163.3590750006988,175.48541377537006,one shared preloaded model
conv-49-qa-115,lalm,2.72583877549736,9.871800000837538,163.3590750006988,175.95671377703368,one shared preloaded model
conv-49-qa-116,lalm,2.72583877549736,8.584600000176579,72.64310000027763,83.95353877595157,one shared preloaded model
conv-49-qa-117,lalm,2.72583877549736,9.867500000837026,72.64310000027763,85.23643877661202,one shared preloaded model
conv-49-qa-118,lalm,2.72583877549736,9.74349999887636,72.64310000027763,85.11243877465135,one shared preloaded model
conv-49-qa-119,lalm,2.72583877549736,9.58379999792669,72.64310000027763,84.95273877370168,one shared preloaded model
conv-49-qa-120,lalm,2.72583877549736,6.014400001731701,147.08915000028355,155.8293887775126,one shared preloaded model
conv-49-qa-121,lalm,2.72583877549736,7.247699999425095,147.08915000028355,157.062688775206,one shared preloaded model
conv-49-qa-122,lalm,2.72583877549736,6.067400001484202,147.08915000028355,155.8823887772651,one shared preloaded model
conv-49-qa-123,lalm,2.72583877549736,6.483400000433903,147.08915000028355,156.2983887762148,one shared preloaded model
conv-49-qa-124,lalm,2.72583877549736,6.421800000680378,79.85224999993079,88.99988877610853,one shared preloaded model
conv-49-qa-125,lalm,2.72583877549736,6.594200000108685,79.85224999993079,89.17228877553684,one shared preloaded model
conv-49-qa-126,lalm,2.72583877549736,6.12130000081379,79.85224999993079,88.69938877624195,one shared preloaded model
conv-49-qa-127,lalm,2.72583877549736,6.848400000308175,79.85224999993079,89.42648877573633,one shared preloaded model
conv-49-qa-128,lalm,2.72583877549736,7.8924000008555595,82.87632500014297,93.4945637764959,one shared preloaded model
conv-49-qa-129,lalm,2.72583877549736,6.003099999361439,82.87632500014297,91.60526377500177,one shared preloaded model
conv-49-qa-130,lalm,2.72583877549736,6.751699998858385,82.87632500014297,92.35386377449872,one shared preloaded model
conv-49-qa-131,lalm,2.72583877549736,5.133399998157984,82.87632500014297,90.73556377379832,one shared preloaded model
conv-49-qa-132,lalm,2.72583877549736,7.204099998489255,171.67197500020848,181.60191377419508,one shared preloaded model
conv-49-qa-133,lalm,2.72583877549736,10.15910000205622,171.67197500020848,184.55691377776205,one shared preloaded model
conv-49-qa-134,lalm,2.72583877549736,9.565700001985533,171.67197500020848,183.96351377769136,one shared preloaded model
conv-49-qa-135,lalm,2.72583877549736,9.487100000114879,171.67197500020848,183.8849137758207,one shared preloaded model
conv-49-qa-136,lalm,2.72583877549736,6.534300002385862,80.08239999981015,89.34253877769338,one shared preloaded model
conv-49-qa-137,lalm,2.72583877549736,5.439600001409417,80.08239999981015,88.24783877671693,one shared preloaded model
conv-49-qa-138,lalm,2.72583877549736,5.236400000285357,80.08239999981015,88.04463877559287,one shared preloaded model
conv-49-qa-139,lalm,2.72583877549736,7.736899999144953,80.08239999981015,90.54513877445247,one shared preloaded model
conv-49-qa-140,lalm,2.72583877549736,6.581600002391497,84.69815000080416,94.00558877869302,one shared preloaded model
conv-49-qa-141,lalm,2.72583877549736,6.171100001665764,84.69815000080416,93.59508877796729,one shared preloaded model
conv-49-qa-142,lalm,2.72583877549736,6.428199998481432,84.69815000080416,93.85218877478296,one shared preloaded model
conv-49-qa-143,lalm,2.72583877549736,9.502900000370573,84.69815000080416,96.9268887766721,one shared preloaded model
conv-49-qa-144,lalm,2.72583877549736,7.040800002869219,84.6273500001189,94.39398877848548,one shared preloaded model
conv-49-qa-145,lalm,2.72583877549736,6.126500000391388,84.6273500001189,93.47968877600765,one shared preloaded model
conv-49-qa-146,lalm,2.72583877549736,6.7646000024979,84.6273500001189,94.11778877811416,one shared preloaded model
conv-49-qa-147,lalm,2.72583877549736,6.19619999997667,84.6273500001189,93.54938877559293,one shared preloaded model
conv-49-qa-148,lalm,2.72583877549736,6.418000000849133,103.85300000052666,112.99683877687316,one shared preloaded model
conv-49-qa-149,lalm,2.72583877549736,5.503500000486383,103.85300000052666,112.08233877651041,one shared preloaded model
conv-49-qa-150,lalm,2.72583877549736,9.996099997806596,103.85300000052666,116.57493877383062,one shared preloaded model
conv-49-qa-151,lalm,2.72583877549736,10.374399997090222,103.85300000052666,116.95323877311425,one shared preloaded model
conv-49-qa-152,lalm,2.72583877549736,6.502299998828676,141.06202499988285,150.29016377420888,one shared preloaded model
conv-49-qa-153,lalm,2.72583877549736,10.983000000123866,141.06202499988285,154.77086377550407,one shared preloaded model
conv-49-qa-154,lalm,2.72583877549736,9.456800002226373,141.06202499988285,153.24466377760658,one shared preloaded model
conv-49-qa-155,lalm,2.72583877549736,10.612300000502728,141.06202499988285,154.40016377588293,one shared preloaded model
conv-49-qa-156,lalm,2.72583877549736,6.5690999981598,157.48189999976603,166.77683877342318,one shared preloaded model
conv-49-qa-157,lalm,2.72583877549736,9.720099998958176,157.48189999976603,169.92783877422156,one shared preloaded model
conv-49-qa-158,lalm,2.72583877549736,10.299400000803871,157.48189999976603,170.50713877606725,one shared preloaded model
conv-49-qa-159,lalm,2.72583877549736,10.130299997399561,157.48189999976603,170.33803877266294,one shared preloaded model
conv-49-qa-160,lalm,2.72583877549736,6.270300000323914,103.59737499948096,112.59351377530224,one shared preloaded model
conv-49-qa-161,lalm,2.72583877549736,9.549099999276223,103.59737499948096,115.87231377425455,one shared preloaded model
conv-49-qa-162,lalm,2.72583877549736,9.47959999757586,103.59737499948096,115.80281377255419,one shared preloaded model
conv-49-qa-163,lalm,2.72583877549736,9.284600000682985,103.59737499948096,115.60781377566131,one shared preloaded model
conv-49-qa-164,lalm,2.72583877549736,6.395299998985138,85.85500000026514,94.97613877474764,one shared preloaded model
conv-49-qa-165,lalm,2.72583877549736,5.696899999747984,85.85500000026514,94.27773877551049,one shared preloaded model
conv-49-qa-166,lalm,2.72583877549736,6.60280000010971,85.85500000026514,95.18363877587221,one shared preloaded model
conv-49-qa-167,lalm,2.72583877549736,6.190000000060536,85.85500000026514,94.77083877582304,one shared preloaded model
conv-49-qa-168,lalm,2.72583877549736,6.1920000007376075,94.92592500009778,103.84376377633275,one shared preloaded model
conv-49-qa-169,lalm,2.72583877549736,6.0196000013093,94.92592500009778,103.67136377690444,one shared preloaded model
conv-49-qa-170,lalm,2.72583877549736,5.725899998651585,94.92592500009778,103.37766377424673,one shared preloaded model
conv-49-qa-171,lalm,2.72583877549736,5.4082000024209265,94.92592500009778,103.05996377801607,one shared preloaded model
conv-49-qa-172,lalm,2.72583877549736,6.418400000256952,84.34022500023275,93.48446377598707,one shared preloaded model
conv-49-qa-173,lalm,2.72583877549736,10.107199999765726,84.34022500023275,97.17326377549584,one shared preloaded model
conv-49-qa-174,lalm,2.72583877549736,9.631400000216672,84.34022500023275,96.69746377594679,one shared preloaded model
conv-49-qa-175,lalm,2.72583877549736,9.308200002124067,84.34022500023275,96.37426377785418,one shared preloaded model
conv-49-qa-176,lalm,2.72583877549736,6.133099999715341,81.96427499933634,90.82321377454905,one shared preloaded model
conv-49-qa-177,lalm,2.72583877549736,9.861399998044362,81.96427499933634,94.55151377287807,one shared preloaded model
conv-49-qa-178,lalm,2.72583877549736,9.270599999581464,81.96427499933634,93.96071377441517,one shared preloaded model
conv-49-qa-179,lalm,2.72583877549736,9.877399999822956,81.96427499933634,94.56751377465666,one shared preloaded model
conv-49-qa-180,lalm,2.72583877549736,6.7049999997834675,81.97144999940065,91.40228877468148,one shared preloaded model
conv-49-qa-181,lalm,2.72583877549736,11.230099997192156,81.97144999940065,95.92738877209017,one shared preloaded model
conv-49-qa-182,lalm,2.72583877549736,9.369400002469774,81.97144999940065,94.06668877736779,one shared preloaded model
conv-49-qa-183,lalm,2.72583877549736,7.02610000007553,81.97144999940065,91.72338877497354,one shared preloaded model
conv-49-qa-184,lalm,2.72583877549736,7.20279999950435,168.10770000029152,178.03633877529322,one shared preloaded model
conv-49-qa-185,lalm,2.72583877549736,9.413700001459802,168.10770000029152,180.24723877724867,one shared preloaded model
conv-49-qa-186,lalm,2.72583877549736,9.963000000425382,168.10770000029152,180.79653877621425,one shared preloaded model
conv-49-qa-187,lalm,2.72583877549736,6.19390000065323,168.10770000029152,177.0274387764421,one shared preloaded model
conv-49-qa-188,lalm,2.72583877549736,8.350000000064028,87.08905000003142,98.16488877559281,one shared preloaded model
conv-49-qa-189,lalm,2.72583877549736,9.919500000250991,87.08905000003142,99.73438877577978,one shared preloaded model
conv-49-qa-190,lalm,2.72583877549736,8.85790000029374,87.08905000003142,98.67278877582253,one shared preloaded model
conv-49-qa-191,lalm,2.72583877549736,6.416299998818431,87.08905000003142,96.23118877434722,one shared preloaded model
conv-49-qa-192,lalm,2.72583877549736,8.175099999789381,85.49952500015934,96.40046377544608,one shared preloaded model
conv-49-qa-193,lalm,2.72583877549736,5.740100001276005,85.49952500015934,93.96546377693271,one shared preloaded model
conv-49-qa-194,lalm,2.72583877549736,5.688200002623489,85.49952500015934,93.91356377828019,one shared preloaded model
conv-49-qa-195,lalm,2.72583877549736,8.044300000619842,85.49952500015934,96.26966377627654,one shared preloaded model
conv-50-qa-0,lalm,3.0868210784391006,9.616999999707332,184.25522500001534,196.95904607816178,one shared preloaded model
conv-50-qa-1,lalm,3.0868210784391006,8.943500000896165,184.25522500001534,196.2855460793506,one shared preloaded model
conv-50-qa-2,lalm,3.0868210784391006,9.48479999715346,184.25522500001534,196.8268460756079,one shared preloaded model
conv-50-qa-3,lalm,3.0868210784391006,9.642100001656218,184.25522500001534,196.98414608011066,one shared preloaded model
conv-50-qa-4,lalm,3.0868210784391006,5.930300001637079,96.1596000006466,105.17672108072279,one shared preloaded model
conv-50-qa-5,lalm,3.0868210784391006,5.162900000868831,96.1596000006466,104.40932107995454,one shared preloaded model
conv-50-qa-6,lalm,3.0868210784391006,5.343199998605996,96.1596000006466,104.5896210776917,one shared preloaded model
conv-50-qa-7,lalm,3.0868210784391006,6.547699998918688,96.1596000006466,105.7941210780044,one shared preloaded model
conv-50-qa-8,lalm,3.0868210784391006,6.480700001702644,110.83849999977247,120.40602107991421,one shared preloaded model
conv-50-qa-9,lalm,3.0868210784391006,10.292099999787752,110.83849999977247,124.21742107799932,one shared preloaded model
conv-50-qa-10,lalm,3.0868210784391006,9.426700002222788,110.83849999977247,123.35202108043435,one shared preloaded model
conv-50-qa-11,lalm,3.0868210784391006,9.345499998744344,110.83849999977247,123.27082107695591,one shared preloaded model
conv-50-qa-12,lalm,3.0868210784391006,6.464799997047521,107.27352499998233,116.82514607546895,one shared preloaded model
conv-50-qa-13,lalm,3.0868210784391006,5.231299997831229,107.27352499998233,115.59164607625266,one shared preloaded model
conv-50-qa-14,lalm,3.0868210784391006,5.415400002675597,107.27352499998233,115.77574608109703,one shared preloaded model
conv-50-qa-15,lalm,3.0868210784391006,5.988400000205729,107.27352499998233,116.34874607862716,one shared preloaded model
conv-50-qa-16,lalm,3.0868210784391006,6.192400000145426,149.96200000041426,159.2412210789988,one shared preloaded model
conv-50-qa-17,lalm,3.0868210784391006,9.799499999644468,149.96200000041426,162.84832107849783,one shared preloaded model
conv-50-qa-18,lalm,3.0868210784391006,9.439500001462875,149.96200000041426,162.48832108031624,one shared preloaded model
conv-50-qa-19,lalm,3.0868210784391006,9.187399999063928,149.96200000041426,162.2362210779173,one shared preloaded model
conv-50-qa-20,lalm,3.0868210784391006,6.238399997528177,106.80777499965188,116.13299607561916,one shared preloaded model
conv-50-qa-21,lalm,3.0868210784391006,9.831300001678756,106.80777499965188,119.72589607976974,one shared preloaded model
conv-50-qa-22,lalm,3.0868210784391006,9.306699997978285,106.80777499965188,119.20129607606927,one shared preloaded model
conv-50-qa-23,lalm,3.0868210784391006,9.49630000104662,106.80777499965188,119.3908960791376,one shared preloaded model
conv-50-qa-24,lalm,3.0868210784391006,8.370999999897322,141.43802499984304,152.89584607817946,one shared preloaded model
conv-50-qa-25,lalm,3.0868210784391006,5.419099998107413,141.43802499984304,149.94394607638955,one shared preloaded model
conv-50-qa-26,lalm,3.0868210784391006,6.292199999734294,141.43802499984304,150.81704607801643,one shared preloaded model
conv-50-qa-27,lalm,3.0868210784391006,6.008000000292668,141.43802499984304,150.5328460785748,one shared preloaded model
conv-50-qa-28,lalm,3.0868210784391006,5.823200001032092,152.26274999986344,161.17277107933464,one shared preloaded model
conv-50-qa-29,lalm,3.0868210784391006,7.080300001689466,152.26274999986344,162.429871079992,one shared preloaded model
conv-50-qa-30,lalm,3.0868210784391006,10.083299999678275,152.26274999986344,165.43287107798082,one shared preloaded model
conv-50-qa-31,lalm,3.0868210784391006,9.206599999743048,152.26274999986344,164.5561710780456,one shared preloaded model
conv-50-qa-32,lalm,3.0868210784391006,6.9717999977001455,186.1071000002994,196.16572107643864,one shared preloaded model
conv-50-qa-33,lalm,3.0868210784391006,10.733400002209237,186.1071000002994,199.92732108094773,one shared preloaded model
conv-50-qa-34,lalm,3.0868210784391006,9.717500000988366,186.1071000002994,198.91142107972686,one shared preloaded model
conv-50-qa-35,lalm,3.0868210784391006,9.51849999910337,186.1071000002994,198.71242107784187,one shared preloaded model
conv-50-qa-36,lalm,3.0868210784391006,6.499999999505235,136.1475749999954,145.73439607793975,one shared preloaded model
conv-50-qa-37,lalm,3.0868210784391006,9.86679999914486,136.1475749999954,149.10119607757937,one shared preloaded model
conv-50-qa-38,lalm,3.0868210784391006,10.094900000694906,136.1475749999954,149.32929607912942,one shared preloaded model
conv-50-qa-39,lalm,3.0868210784391006,10.27280000198516,136.1475749999954,149.50719608041967,one shared preloaded model
conv-50-qa-40,lalm,3.0868210784391006,6.427000000257976,83.48497499991936,92.99879607861644,one shared preloaded model
conv-50-qa-41,lalm,3.0868210784391006,10.033200000179932,83.48497499991936,96.60499607853839,one shared preloaded model
conv-50-qa-42,lalm,3.0868210784391006,9.99480000245967,83.48497499991936,96.56659608081813,one shared preloaded model
conv-50-qa-43,lalm,3.0868210784391006,9.461500001634704,83.48497499991936,96.03329607999316,one shared preloaded model
conv-50-qa-44,lalm,3.0868210784391006,6.024999998771818,206.39014999960636,215.50197107681728,one shared preloaded model
conv-50-qa-45,lalm,3.0868210784391006,6.01230000029318,206.39014999960636,215.48927107833865,one shared preloaded model
conv-50-qa-46,lalm,3.0868210784391006,5.752500001108274,206.39014999960636,215.22947107915374,one shared preloaded model
conv-50-qa-47,lalm,3.0868210784391006,6.740900000295369,206.39014999960636,216.21787107834083,one shared preloaded model
conv-50-qa-48,lalm,3.0868210784391006,9.022599999298109,89.94760000041424,102.05702107815145,one shared preloaded model
conv-50-qa-49,lalm,3.0868210784391006,10.167700002057245,89.94760000041424,103.20212108091059,one shared preloaded model
conv-50-qa-50,lalm,3.0868210784391006,9.670200000982732,89.94760000041424,102.70462107983607,one shared preloaded model
conv-50-qa-51,lalm,3.0868210784391006,9.499699997832067,89.94760000041424,102.53412107668541,one shared preloaded model
conv-50-qa-52,lalm,3.0868210784391006,6.0840999976790044,186.87612499979878,196.04704607591688,one shared preloaded model
conv-50-qa-53,lalm,3.0868210784391006,6.181000000651693,186.87612499979878,196.14394607888957,one shared preloaded model
conv-50-qa-54,lalm,3.0868210784391006,5.657899997459026,186.87612499979878,195.6208460756969,one shared preloaded model
conv-50-qa-55,lalm,3.0868210784391006,6.42110000262619,186.87612499979878,196.38404608086407,one shared preloaded model
conv-50-qa-56,lalm,3.0868210784391006,5.952999999863096,137.57697500022914,146.61679607853134,one shared preloaded model
conv-50-qa-57,lalm,3.0868210784391006,7.071600000926992,137.57697500022914,147.73539607959523,one shared preloaded model
conv-50-qa-58,lalm,3.0868210784391006,9.160800000245217,137.57697500022914,149.82459607891346,one shared preloaded model
conv-50-qa-59,lalm,3.0868210784391006,9.471400000620633,137.57697500022914,150.13519607928887,one shared preloaded model
conv-50-qa-60,lalm,3.0868210784391006,6.294799997704104,191.2521750000451,200.6337960761883,one shared preloaded model
conv-50-qa-61,lalm,3.0868210784391006,9.884600000077626,191.2521750000451,204.22359607856183,one shared preloaded model
conv-50-qa-62,lalm,3.0868210784391006,7.363400000031106,191.2521750000451,201.7023960785153,one shared preloaded model
conv-50-qa-63,lalm,3.0868210784391006,6.04139999995823,191.2521750000451,200.38039607844243,one shared preloaded model
conv-50-qa-64,lalm,3.0868210784391006,7.052500001009321,98.9105999997264,109.04992107917482,one shared preloaded model
conv-50-qa-65,lalm,3.0868210784391006,10.215899998001987,98.9105999997264,112.21332107616749,one shared preloaded model
conv-50-qa-66,lalm,3.0868210784391006,9.964900000341004,98.9105999997264,111.9623210785065,one shared preloaded model
conv-50-qa-67,lalm,3.0868210784391006,9.175800001685275,98.9105999997264,111.17322107985078,one shared preloaded model
conv-50-qa-68,lalm,3.0868210784391006,7.9817000005277805,167.77724999974453,178.8457710787114,one shared preloaded model
conv-50-qa-69,lalm,3.0868210784391006,9.677699999883771,167.77724999974453,180.5417710780674,one shared preloaded model
conv-50-qa-70,lalm,3.0868210784391006,9.42860000213841,167.77724999974453,180.29267108032204,one shared preloaded model
conv-50-qa-71,lalm,3.0868210784391006,8.001500002137618,167.77724999974453,178.86557108032125,one shared preloaded model
conv-50-qa-72,lalm,3.0868210784391006,7.269800000358373,83.79657499972382,94.15319607852129,one shared preloaded model
conv-50-qa-73,lalm,3.0868210784391006,9.31010000203969,83.79657499972382,96.1934960802026,one shared preloaded model
conv-50-qa-74,lalm,3.0868210784391006,9.746700001414865,83.79657499972382,96.63009607957778,one shared preloaded model
conv-50-qa-75,lalm,3.0868210784391006,9.958200000255601,83.79657499972382,96.84159607841852,one shared preloaded model
conv-50-qa-76,lalm,3.0868210784391006,6.514600001537474,117.4238499997955,127.02527107977207,one shared preloaded model
conv-50-qa-77,lalm,3.0868210784391006,6.013199999870267,117.4238499997955,126.52387107810486,one shared preloaded model
conv-50-qa-78,lalm,3.0868210784391006,5.628700000670506,117.4238499997955,126.1393710789051,one shared preloaded model
conv-50-qa-79,lalm,3.0868210784391006,7.377900001301896,117.4238499997955,127.88857107953649,one shared preloaded model
conv-50-qa-80,lalm,3.0868210784391006,6.855699997686315,81.71467499960272,91.65719607572814,one shared preloaded model
conv-50-qa-81,lalm,3.0868210784391006,11.74429999809945,81.71467499960272,96.54579607614127,one shared preloaded model
conv-50-qa-82,lalm,3.0868210784391006,10.304999999789288,81.71467499960272,95.10649607783111,one shared preloaded model
conv-50-qa-83,lalm,3.0868210784391006,10.64319999932195,81.71467499960272,95.44469607736377,one shared preloaded model
conv-50-qa-84,lalm,3.0868210784391006,7.180299999163253,98.9547750004931,109.22189607809545,one shared preloaded model
conv-50-qa-85,lalm,3.0868210784391006,9.723400002258131,98.9547750004931,111.76499608119033,one shared preloaded model
conv-50-qa-86,lalm,3.0868210784391006,10.08920000094804,98.9547750004931,112.13079607988024,one shared preloaded model
conv-50-qa-87,lalm,3.0868210784391006,10.242899999866495,98.9547750004931,112.2844960787987,one shared preloaded model
conv-50-qa-88,lalm,3.0868210784391006,6.684200001473073,82.3350250002477,92.10604608015987,one shared preloaded model
conv-50-qa-89,lalm,3.0868210784391006,9.725399999297224,82.3350250002477,95.14724607798402,one shared preloaded model
conv-50-qa-90,lalm,3.0868210784391006,9.557800000038696,82.3350250002477,94.9796460787255,one shared preloaded model
conv-50-qa-91,lalm,3.0868210784391006,9.57850000122562,82.3350250002477,95.00034607991242,one shared preloaded model
conv-50-qa-92,lalm,3.0868210784391006,5.787699999928009,87.73484999983339,96.6093710782005,one shared preloaded model
conv-50-qa-93,lalm,3.0868210784391006,5.453800000395859,87.73484999983339,96.27547107866835,one shared preloaded model
conv-50-qa-94,lalm,3.0868210784391006,9.674299999460345,87.73484999983339,100.49597107773283,one shared preloaded model
conv-50-qa-95,lalm,3.0868210784391006,9.793300003366312,87.73484999983339,100.6149710816388,one shared preloaded model
conv-50-qa-96,lalm,3.0868210784391006,6.617899998673238,150.02432500023133,159.72904607734367,one shared preloaded model
conv-50-qa-97,lalm,3.0868210784391006,10.175700001127552,150.02432500023133,163.28684607979798,one shared preloaded model
conv-50-qa-98,lalm,3.0868210784391006,9.722900002088863,150.02432500023133,162.8340460807593,one shared preloaded model
conv-50-qa-99,lalm,3.0868210784391006,9.459199998673284,150.02432500023133,162.57034607734371,one shared preloaded model
conv-50-qa-100,lalm,3.0868210784391006,7.115899999917019,101.9202999996196,112.12302107797572,one shared preloaded model
conv-50-qa-101,lalm,3.0868210784391006,9.800799998629373,101.9202999996196,114.80792107668807,one shared preloaded model
conv-50-qa-102,lalm,3.0868210784391006,9.795299996767426,101.9202999996196,114.80242107482613,one shared preloaded model
conv-50-qa-103,lalm,3.0868210784391006,9.038899999723071,101.9202999996196,114.04602107778177,one shared preloaded model
conv-50-qa-104,lalm,3.0868210784391006,6.313800000498304,188.53717500041967,197.93779607935707,one shared preloaded model
conv-50-qa-105,lalm,3.0868210784391006,6.237399997189641,188.53717500041967,197.8613960760484,one shared preloaded model
conv-50-qa-106,lalm,3.0868210784391006,6.848999997600913,188.53717500041967,198.47299607645968,one shared preloaded model
conv-50-qa-107,lalm,3.0868210784391006,7.366999998339452,188.53717500041967,198.99099607719822,one shared preloaded model
conv-50-qa-108,lalm,3.0868210784391006,6.335600002785213,149.14022500033752,158.56264608156184,one shared preloaded model
conv-50-qa-109,lalm,3.0868210784391006,5.116399999678833,149.14022500033752,157.34344607845546,one shared preloaded model
conv-50-qa-110,lalm,3.0868210784391006,5.795799999759765,149.14022500033752,158.0228460785364,one shared preloaded model
conv-50-qa-111,lalm,3.0868210784391006,6.420699999580393,149.14022500033752,158.64774607835702,one shared preloaded model
conv-50-qa-112,lalm,3.0868210784391006,6.918700000824174,136.6756749994238,146.68119607868707,one shared preloaded model
conv-50-qa-113,lalm,3.0868210784391006,9.268400001019472,136.6756749994238,149.03089607888236,one shared preloaded model
conv-50-qa-114,lalm,3.0868210784391006,10.897000000113621,136.6756749994238,150.6594960779765,one shared preloaded model
conv-50-qa-115,lalm,3.0868210784391006,9.610400000383379,136.6756749994238,149.37289607824627,one shared preloaded model
conv-50-qa-116,lalm,3.0868210784391006,6.026399998518173,101.03427499961981,110.14749607657708,one shared preloaded model
conv-50-qa-117,lalm,3.0868210784391006,5.970399997750064,101.03427499961981,110.09149607580898,one shared preloaded model
conv-50-qa-118,lalm,3.0868210784391006,9.943099998054095,101.03427499961981,114.064196076113,one shared preloaded model
conv-50-qa-119,lalm,3.0868210784391006,9.53020000088145,101.03427499961981,113.65129607894036,one shared preloaded model
conv-50-qa-120,lalm,3.0868210784391006,6.423200000426732,124.09337500048423,133.60339607935006,one shared preloaded model
conv-50-qa-121,lalm,3.0868210784391006,5.191299998841714,124.09337500048423,132.37149607776504,one shared preloaded model
conv-50-qa-122,lalm,3.0868210784391006,6.357400001434144,124.09337500048423,133.53759608035747,one shared preloaded model
conv-50-qa-123,lalm,3.0868210784391006,10.4786999982025,124.09337500048423,137.65889607712583,one shared preloaded model
conv-50-qa-124,lalm,3.0868210784391006,9.741400001075817,90.94897500017396,103.77719607968888,one shared preloaded model
conv-50-qa-125,lalm,3.0868210784391006,5.2790999980061315,90.94897500017396,99.31489607661919,one shared preloaded model
conv-50-qa-126,lalm,3.0868210784391006,6.162099998618942,90.94897500017396,100.197896077232,one shared preloaded model
conv-50-qa-127,lalm,3.0868210784391006,6.710599998768885,90.94897500017396,100.74639607738195,one shared preloaded model
conv-50-qa-128,lalm,3.0868210784391006,6.262399998377077,81.6087500006688,90.95797107748498,one shared preloaded model
conv-50-qa-129,lalm,3.0868210784391006,9.504999998171115,81.6087500006688,94.20057107727902,one shared preloaded model
conv-50-qa-130,lalm,3.0868210784391006,8.335300000908319,81.6087500006688,93.03087108001623,one shared preloaded model
conv-50-qa-131,lalm,3.0868210784391006,8.095000001048902,81.6087500006688,92.79057108015681,one shared preloaded model
conv-50-qa-132,lalm,3.0868210784391006,5.872099998669,144.53787499951432,153.49679607662242,one shared preloaded model
conv-50-qa-133,lalm,3.0868210784391006,6.107699999120086,144.53787499951432,153.7323960770735,one shared preloaded model
conv-50-qa-134,lalm,3.0868210784391006,6.259500001760898,144.53787499951432,153.88419607971431,one shared preloaded model
conv-50-qa-135,lalm,3.0868210784391006,6.144800001493422,144.53787499951432,153.76949607944684,one shared preloaded model
conv-50-qa-136,lalm,3.0868210784391006,7.06259999788017,98.26562499983993,108.4150460761592,one shared preloaded model
conv-50-qa-137,lalm,3.0868210784391006,9.722599999804515,98.26562499983993,111.07504607808355,one shared preloaded model
conv-50-qa-138,lalm,3.0868210784391006,9.772099998372141,98.26562499983993,111.12454607665117,one shared preloaded model
conv-50-qa-139,lalm,3.0868210784391006,9.167000000161352,98.26562499983993,110.51944607844038,one shared preloaded model
conv-50-qa-140,lalm,3.0868210784391006,6.483599998318823,79.04169999983424,88.61212107659216,one shared preloaded model
conv-50-qa-141,lalm,3.0868210784391006,5.787500002043089,79.04169999983424,87.91602108031643,one shared preloaded model
conv-50-qa-142,lalm,3.0868210784391006,6.100200000219047,79.04169999983424,88.22872107849238,one shared preloaded model
conv-50-qa-143,lalm,3.0868210784391006,6.564600000274368,79.04169999983424,88.6931210785477,one shared preloaded model
conv-50-qa-144,lalm,3.0868210784391006,8.51649999822257,173.36375000013504,184.9670710767967,one shared preloaded model
conv-50-qa-145,lalm,3.0868210784391006,9.637200000724988,173.36375000013504,186.08777107929913,one shared preloaded model
conv-50-qa-146,lalm,3.0868210784391006,9.954299999662908,173.36375000013504,186.40487107823705,one shared preloaded model
conv-50-qa-147,lalm,3.0868210784391006,9.543200001644436,173.36375000013504,185.99377108021858,one shared preloaded model
conv-50-qa-148,lalm,3.0868210784391006,8.941299998696195,92.08674999990762,104.11487107704292,one shared preloaded model
conv-50-qa-149,lalm,3.0868210784391006,10.098799997649621,92.08674999990762,105.27237107599635,one shared preloaded model
conv-50-qa-150,lalm,3.0868210784391006,6.054999998013955,92.08674999990762,101.22857107636068,one shared preloaded model
conv-50-qa-151,lalm,3.0868210784391006,5.766300000686897,92.08674999990762,100.93987107903362,one shared preloaded model
conv-50-qa-152,lalm,3.0868210784391006,7.736800002021482,125.96837500041147,136.79199608087205,one shared preloaded model
conv-50-qa-153,lalm,3.0868210784391006,5.640899998979876,125.96837500041147,134.69609607783045,one shared preloaded model
conv-50-qa-154,lalm,3.0868210784391006,8.824100001220359,125.96837500041147,137.87929608007093,one shared preloaded model
conv-50-qa-155,lalm,3.0868210784391006,9.12640000024112,125.96837500041147,138.1815960790917,one shared preloaded model
conv-50-qa-156,lalm,3.0868210784391006,6.081300001824275,133.0444000004718,142.21252108073517,one shared preloaded model
conv-50-qa-157,lalm,3.0868210784391006,6.147200001578312,133.0444000004718,142.2784210804892,one shared preloaded model
conv-50-qa-158,lalm,3.0868210784391006,6.678300000203308,133.0444000004718,142.8095210791142,one shared preloaded model
conv-50-qa-159,lalm,3.0868210784391006,5.920799998420989,133.0444000004718,142.0520210773319,one shared preloaded model
conv-50-qa-160,lalm,3.0868210784391006,6.04879999809782,96.44547500010958,105.5810960766465,one shared preloaded model
conv-50-qa-161,lalm,3.0868210784391006,6.238900001335423,96.44547500010958,105.7711960798841,one shared preloaded model
conv-50-qa-162,lalm,3.0868210784391006,6.708600001729792,96.44547500010958,106.24089608027847,one shared preloaded model
conv-50-qa-163,lalm,3.0868210784391006,6.736600000294857,96.44547500010958,106.26889607884354,one shared preloaded model
conv-50-qa-164,lalm,3.0868210784391006,6.461400000262074,88.30035000028147,97.84857107898264,one shared preloaded model
conv-50-qa-165,lalm,3.0868210784391006,5.400900001404807,88.30035000028147,96.78807108012538,one shared preloaded model
conv-50-qa-166,lalm,3.0868210784391006,5.649000002449611,88.30035000028147,97.03617108117018,one shared preloaded model
conv-50-qa-167,lalm,3.0868210784391006,6.050699998013442,88.30035000028147,97.43787107673401,one shared preloaded model
conv-50-qa-168,lalm,3.0868210784391006,6.4714999971329235,90.78337499977351,100.34169607534554,one shared preloaded model
conv-50-qa-169,lalm,3.0868210784391006,9.802199998375727,90.78337499977351,103.67239607658834,one shared preloaded model
conv-50-qa-170,lalm,3.0868210784391006,10.003999999753432,90.78337499977351,103.87419607796605,one shared preloaded model
conv-50-qa-171,lalm,3.0868210784391006,9.990800001105526,90.78337499977351,103.86099607931814,one shared preloaded model
conv-50-qa-172,lalm,3.0868210784391006,9.771400000317954,86.08452499993291,98.94274607868996,one shared preloaded model
conv-50-qa-173,lalm,3.0868210784391006,9.979700000258163,86.08452499993291,99.15104607863017,one shared preloaded model
conv-50-qa-174,lalm,3.0868210784391006,10.001599999668542,86.08452499993291,99.17294607804055,one shared preloaded model
conv-50-qa-175,lalm,3.0868210784391006,9.817599999223603,86.08452499993291,98.98894607759561,one shared preloaded model
conv-50-qa-176,lalm,3.0868210784391006,6.042900000466034,90.30150000035064,99.43122107925578,one shared preloaded model
conv-50-qa-177,lalm,3.0868210784391006,10.895399998844368,90.30150000035064,104.28372107763411,one shared preloaded model
conv-50-qa-178,lalm,3.0868210784391006,11.342199999489821,90.30150000035064,104.73052107827957,one shared preloaded model
conv-50-qa-179,lalm,3.0868210784391006,7.111499999155058,90.30150000035064,100.4998210779448,one shared preloaded model
conv-50-qa-180,lalm,3.0868210784391006,8.604300001024967,110.43667499961884,122.12779607908291,one shared preloaded model
conv-50-qa-181,lalm,3.0868210784391006,10.428599998704158,110.43667499961884,123.9520960767621,one shared preloaded model
conv-50-qa-182,lalm,3.0868210784391006,9.49140000011539,110.43667499961884,123.01489607817334,one shared preloaded model
conv-50-qa-183,lalm,3.0868210784391006,9.421800001291558,110.43667499961884,122.9452960793495,one shared preloaded model
conv-50-qa-184,lalm,3.0868210784391006,8.055900001636473,105.1854249999451,116.32814608002067,one shared preloaded model
conv-50-qa-185,lalm,3.0868210784391006,7.113600000593578,105.1854249999451,115.38584607897778,one shared preloaded model
conv-50-qa-186,lalm,3.0868210784391006,6.38240000262158,105.1854249999451,114.65464608100578,one shared preloaded model
conv-50-qa-187,lalm,3.0868210784391006,6.005900002492126,105.1854249999451,114.27814608087633,one shared preloaded model
conv-50-qa-188,lalm,3.0868210784391006,6.911199998285156,95.31320000041887,105.31122107714313,one shared preloaded model
conv-50-qa-189,lalm,3.0868210784391006,10.043099999165861,95.31320000041887,108.44312107802384,one shared preloaded model
conv-50-qa-190,lalm,3.0868210784391006,9.960600000340492,95.31320000041887,108.36062107919847,one shared preloaded model
conv-50-qa-191,lalm,3.0868210784391006,9.443799997825408,95.31320000041887,107.84382107668338,one shared preloaded model
conv-50-qa-192,lalm,3.0868210784391006,8.613800000603078,85.43794999968668,97.13857107872886,one shared preloaded model
conv-50-qa-193,lalm,3.0868210784391006,9.866099997452693,85.43794999968668,98.39087107557847,one shared preloaded model
conv-50-qa-194,lalm,3.0868210784391006,7.245900000270922,85.43794999968668,95.7706710783967,one shared preloaded model
conv-50-qa-195,lalm,3.0868210784391006,5.623700002615806,85.43794999968668,94.14847108074159,one shared preloaded model
conv-50-qa-196,lalm,3.0868210784391006,8.13679999919259,84.92370000021765,96.14732107784934,one shared preloaded model
conv-50-qa-197,lalm,3.0868210784391006,7.073200002196245,84.92370000021765,95.083721080853,one shared preloaded model
conv-50-qa-198,lalm,3.0868210784391006,6.25420000142185,84.92370000021765,94.2647210800786,one shared preloaded model
conv-50-qa-199,lalm,3.0868210784391006,6.616200000280514,84.92370000021765,94.62672107893727,one shared preloaded model
conv-50-qa-200,lalm,3.0868210784391006,7.442800000717398,117.07347500032483,127.60309607948133,one shared preloaded model
conv-50-qa-201,lalm,3.0868210784391006,5.8323999983258545,117.07347500032483,125.99269607708979,one shared preloaded model
conv-50-qa-202,lalm,3.0868210784391006,6.015899998601526,117.07347500032483,126.17619607736546,one shared preloaded model
conv-50-qa-203,lalm,3.0868210784391006,7.091800001944648,117.07347500032483,127.25209608070858,one shared preloaded model
